fixture_id,fixture_date,team_name,team_id,opponent_name,round_,season,league_name,opponent_id,goals_for,goals_against,points,venue,ongoing,result,cum_sum_points,cum_sum_goals_for,cum_sum_goals_against,cum_sum_wins,cum_sum_draws,cum_sum_loses,last_5_matches,last_10_matches,last_3_matches,last_match,next_match,last_venue,next_venue,last_match_goals_for,next_match_goals_for,last_match_goals_against,next_match_goals_against,rank_,final_rank_
1180468,2024-06-27 19:00:00,Fluminense,124,Vitoria,12,2024,Serie A,136,0.0,1.0,0,home,False,lose,6.0,10.0,20.0,1.0,3.0,8.0,1.0,5.0,0.0,0.0,0.0,home,away,0.0,0.0,1.0,1.0,20,13
1180712,2024-12-01 18:30:00,Fluminense,124,Atletico Paranaense,36,2024,Serie A,134,1.0,1.0,1,away,False,draw,40.0,31.0,39.0,10.0,10.0,16.0,3.0,12.0,2.0,1.0,3.0,home,home,0.0,1.0,0.0,0.0,16,13
1180698,2024-11-26 19:00:00,Fluminense,124,Criciuma,35,2024,Serie A,140,0.0,0.0,1,home,False,draw,39.0,30.0,38.0,10.0,9.0,16.0,5.0,11.0,2.0,1.0,1.0,home,away,2.0,1.0,2.0,1.0,15,13
1180718,2024-12-05 20:00:00,Fluminense,124,Cuiaba,37,2024,Serie A,1193,1.0,0.0,3,home,False,win,43.0,32.0,39.0,11.0,10.0,16.0,4.0,13.0,3.0,1.0,3.0,away,away,1.0,1.0,1.0,0.0,15,13
1180558,2024-08-04 16:00:00,Fluminense,124,Bahia,21,2024,Serie A,118,1.0,0.0,3,home,False,win,20.0,16.0,24.0,5.0,5.0,10.0,10.0,11.0,9.0,3.0,0.0,away,away,1.0,0.0,0.0,2.0,17,13
1180598,2024-09-01 18:30:00,Fluminense,124,Sao Paulo,25,2024,Serie A,126,2.0,0.0,3,home,False,win,27.0,20.0,26.0,7.0,6.0,11.0,10.0,18.0,4.0,3.0,0.0,away,away,2.0,1.0,0.0,2.0,16,13
1180358,2024-04-13 21:00:00,Fluminense,124,RB Bragantino,1,2024,Serie A,794,2.0,2.0,1,home,False,draw,1.0,2.0,2.0,0.0,1.0,0.0,,,,,0.0,,away,,1.0,,2.0,9,13
1180390,2024-04-28 16:00:00,Fluminense,124,Corinthians,4,2024,Serie A,131,0.0,3.0,0,away,False,lose,4.0,5.0,8.0,1.0,1.0,2.0,,,4.0,3.0,1.0,home,home,2.0,2.0,1.0,2.0,16,13
1180578,2024-08-17 21:00:00,Fluminense,124,Corinthians,23,2024,Serie A,131,0.0,0.0,1,home,False,draw,21.0,16.0,26.0,5.0,6.0,11.0,12.0,14.0,6.0,0.0,3.0,away,away,0.0,2.0,2.0,0.0,18,13
1180586,2024-08-24 21:00:00,Fluminense,124,Atletico-MG,24,2024,Serie A,1062,2.0,0.0,3,away,False,win,24.0,18.0,26.0,6.0,6.0,11.0,10.0,15.0,4.0,1.0,3.0,home,home,0.0,2.0,0.0,0.0,16,13
1180675,2024-11-08 19:00:00,Fluminense,124,Internacional,33,2024,Serie A,119,0.0,2.0,0,away,False,lose,37.0,28.0,36.0,10.0,7.0,16.0,10.0,16.0,4.0,1.0,1.0,home,home,2.0,2.0,2.0,2.0,14,13
1180551,2024-07-28 11:00:00,Fluminense,124,RB Bragantino,20,2024,Serie A,794,1.0,0.0,3,away,False,win,17.0,15.0,24.0,4.0,5.0,10.0,8.0,8.0,7.0,3.0,3.0,home,home,1.0,1.0,0.0,0.0,19,13
1180429,2024-06-11 20:00:00,Fluminense,124,Botafogo,8,2024,Serie A,120,0.0,1.0,0,away,False,lose,6.0,9.0,14.0,1.0,3.0,4.0,5.0,,2.0,1.0,0.0,home,home,1.0,1.0,1.0,2.0,16,13
1180475,2024-06-30 16:00:00,Fluminense,124,Gremio,13,2024,Serie A,130,0.0,1.0,0,away,False,lose,6.0,10.0,21.0,1.0,3.0,9.0,0.0,5.0,0.0,0.0,1.0,home,home,0.0,1.0,1.0,1.0,20,13
1180538,2024-07-24 21:30:00,Fluminense,124,Palmeiras,19,2024,Serie A,121,1.0,0.0,3,home,False,win,14.0,14.0,24.0,3.0,5.0,10.0,5.0,5.0,4.0,3.0,3.0,away,away,1.0,1.0,0.0,0.0,19,13
1180446,2024-06-19 21:30:00,Fluminense,124,Cruzeiro,10,2024,Serie A,135,0.0,2.0,0,away,False,lose,6.0,10.0,18.0,1.0,3.0,6.0,2.0,,1.0,0.0,0.0,home,home,1.0,0.0,2.0,1.0,20,13
1180533,2024-07-21 20:00:00,Fluminense,124,Cuiaba,18,2024,Serie A,1193,1.0,0.0,3,away,False,win,11.0,13.0,24.0,2.0,5.0,10.0,2.0,3.0,2.0,1.0,3.0,away,home,1.0,1.0,1.0,0.0,19,13
1180638,2024-10-03 21:30:00,Fluminense,124,Cruzeiro,29,2024,Serie A,135,1.0,0.0,3,home,False,win,30.0,22.0,30.0,8.0,6.0,14.0,6.0,16.0,0.0,0.0,3.0,away,away,0.0,2.0,1.0,0.0,16,13
1180688,2024-11-22 21:30:00,Fluminense,124,Fortaleza EC,34,2024,Serie A,154,2.0,2.0,1,home,False,draw,38.0,30.0,38.0,10.0,8.0,16.0,7.0,13.0,1.0,0.0,1.0,away,home,0.0,0.0,2.0,0.0,15,13
1180458,2024-06-23 16:00:00,Fluminense,124,Flamengo,11,2024,Serie A,127,0.0,1.0,0,home,False,lose,6.0,10.0,19.0,1.0,3.0,7.0,1.0,6.0,0.0,0.0,0.0,away,home,0.0,0.0,2.0,1.0,20,13
1180514,2024-07-11 20:00:00,Fluminense,124,Criciuma,16,2024,Serie A,140,1.0,1.0,1,away,False,draw,8.0,12.0,24.0,1.0,5.0,10.0,1.0,2.0,1.0,0.0,3.0,away,away,0.0,1.0,1.0,0.0,20,13
1180614,2024-09-15 16:00:00,Fluminense,124,Juventude,26,2024,Serie A,152,1.0,2.0,0,away,False,lose,27.0,21.0,28.0,7.0,6.0,12.0,10.0,20.0,7.0,3.0,0.0,home,home,2.0,0.0,0.0,1.0,16,13
1180398,2024-05-04 16:00:00,Fluminense,124,Atletico-MG,5,2024,Serie A,1062,2.0,2.0,1,home,False,draw,5.0,7.0,10.0,1.0,2.0,2.0,,,3.0,0.0,0.0,away,away,0.0,1.0,3.0,2.0,16,13
1180438,2024-06-15 21:00:00,Fluminense,124,Atletico Goianiense,9,2024,Serie A,144,1.0,2.0,0,home,False,lose,6.0,10.0,16.0,1.0,3.0,5.0,2.0,,1.0,0.0,0.0,away,away,0.0,0.0,1.0,2.0,19,13
1180488,2024-07-04 20:00:00,Fluminense,124,Internacional,14,2024,Serie A,119,1.0,1.0,1,home,False,draw,7.0,11.0,22.0,1.0,4.0,9.0,0.0,2.0,0.0,0.0,0.0,away,away,0.0,0.0,1.0,1.0,20,13
1180518,2024-10-22 19:30:00,Fluminense,124,Atletico Paranaense,17,2024,Serie A,134,1.0,0.0,3,home,False,win,36.0,25.0,30.0,10.0,6.0,14.0,6.0,16.0,6.0,3.0,0.0,away,away,2.0,1.0,0.0,2.0,4,13
1180648,2024-10-17 20:00:00,Fluminense,124,Flamengo,30,2024,Serie A,127,2.0,0.0,3,away,False,win,33.0,24.0,30.0,9.0,6.0,14.0,6.0,16.0,3.0,3.0,3.0,home,home,1.0,1.0,0.0,0.0,15,13
1180502,2024-07-07 16:00:00,Fluminense,124,Fortaleza EC,15,2024,Serie A,154,0.0,1.0,0,away,False,lose,7.0,11.0,23.0,1.0,4.0,10.0,1.0,3.0,1.0,1.0,1.0,home,away,1.0,1.0,1.0,1.0,20,13
1180569,2024-08-10 21:30:00,Fluminense,124,Vasco DA Gama,22,2024,Serie A,133,0.0,2.0,0,away,False,lose,20.0,16.0,26.0,5.0,5.0,11.0,13.0,14.0,9.0,3.0,1.0,home,home,1.0,0.0,0.0,0.0,18,13
1180657,2024-10-26 16:30:00,Fluminense,124,Vitoria,31,2024,Serie A,136,1.0,2.0,0,away,False,lose,36.0,26.0,32.0,10.0,6.0,15.0,9.0,16.0,9.0,3.0,1.0,home,home,1.0,2.0,0.0,2.0,13,13
1180668,2024-11-01 21:00:00,Fluminense,124,Gremio,32,2024,Serie A,130,2.0,2.0,1,home,False,draw,37.0,28.0,34.0,10.0,7.0,15.0,9.0,16.0,6.0,0.0,0.0,away,away,1.0,0.0,2.0,2.0,14,13
1180367,2024-04-16 21:30:00,Fluminense,124,Bahia,2,2024,Serie A,118,1.0,2.0,0,away,False,lose,1.0,3.0,4.0,0.0,1.0,1.0,,,,1.0,3.0,home,home,2.0,2.0,2.0,1.0,16,13
1180633,2024-09-29 16:00:00,Fluminense,124,Atletico Goianiense,28,2024,Serie A,144,0.0,1.0,0,away,False,lose,27.0,21.0,30.0,7.0,6.0,14.0,7.0,19.0,3.0,0.0,3.0,home,home,0.0,1.0,1.0,0.0,18,13
1180418,2024-06-01 18:30:00,Fluminense,124,Juventude,7,2024,Serie A,152,1.0,1.0,1,home,False,draw,6.0,9.0,13.0,1.0,3.0,3.0,4.0,,1.0,0.0,0.0,away,away,1.0,0.0,2.0,1.0,15,13
1180618,2024-09-21 18:30:00,Fluminense,124,Botafogo,27,2024,Serie A,120,0.0,1.0,0,home,False,lose,27.0,21.0,29.0,7.0,6.0,13.0,7.0,20.0,6.0,0.0,0.0,away,away,1.0,0.0,2.0,1.0,18,13
1180378,2024-04-20 16:00:00,Fluminense,124,Vasco DA Gama,3,2024,Serie A,133,2.0,1.0,3,home,False,win,4.0,5.0,5.0,1.0,1.0,1.0,,,,0.0,0.0,away,away,1.0,0.0,2.0,3.0,10,13
1180411,2024-05-13 20:00:00,Fluminense,124,Sao Paulo,6,2024,Serie A,126,1.0,2.0,0,away,False,lose,5.0,8.0,12.0,1.0,2.0,3.0,5.0,,4.0,1.0,1.0,home,home,2.0,1.0,2.0,1.0,17,13
1180730,2024-12-08 16:00:00,Fluminense,124,Palmeiras,38,2024,Serie A,121,1.0,0.0,3,away,False,win,46.0,33.0,39.0,12.0,10.0,16.0,6.0,16.0,5.0,3.0,,home,,1.0,,0.0,,13,13
1351153,2025-10-29 19:00:00,Fluminense,124,Ceara,12,2025,Serie A,129,1.0,0.0,3,home,False,win,47.0,37.0,35.0,14.0,5.0,11.0,9.0,17.0,6.0,3.0,0.0,home,away,1.0,0.0,0.0,2.0,3,5
1351233,2025-08-16 16:00:00,Fluminense,124,Fortaleza EC,20,2025,Serie A,154,2.0,1.0,3,home,False,win,27.0,23.0,24.0,8.0,3.0,7.0,4.0,11.0,4.0,1.0,0.0,away,away,3.0,2.0,3.0,4.0,8,5
1478031,2025-11-27 20:30:00,Fluminense,124,Sao Paulo,36,2025,Serie A,126,6.0,0.0,3,home,False,win,58.0,46.0,38.0,17.0,7.0,12.0,8.0,17.0,5.0,1.0,0.0,away,away,0.0,,0.0,,5,5
1478024,2025-11-22 21:30:00,Fluminense,124,Palmeiras,35,2025,Serie A,121,0.0,0.0,1,away,False,draw,55.0,40.0,38.0,16.0,7.0,12.0,10.0,19.0,7.0,3.0,3.0,home,home,2.0,6.0,1.0,0.0,7,5
1478042,2025-12-02 21:30:00,Fluminense,124,Gremio,37,2025,Serie A,130,,,0,away,False,,58.0,46.0,38.0,17.0,7.0,12.0,11.0,20.0,7.0,3.0,0.0,home,home,6.0,,0.0,,5,5
1351247,2025-08-23 16:00:00,Fluminense,124,RB Bragantino,21,2025,Serie A,794,2.0,4.0,0,away,False,lose,27.0,25.0,28.0,8.0,3.0,8.0,7.0,14.0,7.0,3.0,1.0,home,away,2.0,0.0,1.0,0.0,9,5
1351283,2025-09-28 16:00:00,Fluminense,124,Botafogo,25,2025,Serie A,120,2.0,0.0,3,home,False,win,34.0,28.0,29.0,10.0,4.0,9.0,7.0,11.0,4.0,3.0,1.0,away,away,1.0,2.0,0.0,2.0,8,5
1351051,2025-03-29 18:30:00,Fluminense,124,Fortaleza EC,1,2025,Serie A,154,0.0,2.0,0,away,False,lose,0.0,0.0,2.0,0.0,0.0,1.0,,,,,3.0,,home,,2.0,,1.0,20,5
1351075,2025-04-16 19:30:00,Fluminense,124,Corinthians,4,2025,Serie A,131,2.0,0.0,3,away,False,win,9.0,5.0,3.0,3.0,0.0,1.0,,,6.0,3.0,1.0,home,home,1.0,1.0,0.0,1.0,3,5
1351263,2025-09-13 21:00:00,Fluminense,124,Corinthians,23,2025,Serie A,131,0.0,1.0,0,home,False,lose,28.0,25.0,29.0,8.0,4.0,9.0,8.0,11.0,4.0,1.0,3.0,away,away,0.0,1.0,0.0,0.0,10,5
1351280,2025-09-20 16:00:00,Fluminense,124,Vitoria,24,2025,Serie A,136,1.0,0.0,3,away,False,win,31.0,26.0,29.0,9.0,4.0,9.0,5.0,8.0,1.0,0.0,3.0,home,home,0.0,2.0,1.0,0.0,8,5
1351368,2025-11-09 16:00:00,Fluminense,124,Cruzeiro,33,2025,Serie A,135,0.0,0.0,1,away,False,draw,51.0,38.0,37.0,15.0,6.0,12.0,9.0,19.0,6.0,3.0,3.0,home,home,1.0,2.0,0.0,1.0,7,5
1351118,2025-05-11 17:30:00,Fluminense,124,Atletico-MG,8,2025,Serie A,1062,2.0,3.0,0,away,False,lose,13.0,10.0,10.0,4.0,1.0,3.0,10.0,,4.0,3.0,1.0,home,away,2.0,1.0,1.0,1.0,5,5
1351167,2025-10-08 21:00:00,Fluminense,124,Mirassol,13,2025,Serie A,7848,1.0,2.0,0,away,False,lose,38.0,34.0,33.0,11.0,5.0,10.0,10.0,18.0,7.0,3.0,3.0,home,home,3.0,1.0,0.0,0.0,3,5
1351230,2025-08-09 21:00:00,Fluminense,124,Bahia,19,2025,Serie A,118,3.0,3.0,1,away,False,draw,24.0,21.0,23.0,7.0,3.0,7.0,3.0,13.0,3.0,3.0,3.0,home,home,1.0,2.0,0.0,1.0,9,5
1351133,2025-05-24 18:30:00,Fluminense,124,Vasco DA Gama,10,2025,Serie A,133,2.0,1.0,3,home,False,win,17.0,13.0,12.0,5.0,2.0,3.0,5.0,,4.0,1.0,3.0,away,away,1.0,2.0,1.0,0.0,6,5
1351213,2025-08-02 21:00:00,Fluminense,124,Gremio,18,2025,Serie A,130,1.0,0.0,3,home,False,win,23.0,18.0,20.0,7.0,2.0,7.0,3.0,10.0,0.0,0.0,1.0,away,away,1.0,3.0,3.0,3.0,9,5
1351324,2025-10-20 19:30:00,Fluminense,124,Vasco DA Gama,29,2025,Serie A,133,0.0,2.0,0,away,False,lose,41.0,35.0,35.0,12.0,5.0,11.0,10.0,17.0,6.0,3.0,3.0,home,home,1.0,1.0,0.0,0.0,7,5
1478013,2025-11-19 21:30:00,Fluminense,124,Flamengo,34,2025,Serie A,127,2.0,1.0,3,home,False,win,54.0,40.0,38.0,16.0,6.0,12.0,10.0,17.0,4.0,1.0,1.0,away,away,0.0,0.0,0.0,0.0,6,5
1351149,2025-06-01 20:30:00,Fluminense,124,Internacional,11,2025,Serie A,119,2.0,0.0,3,away,False,win,20.0,15.0,12.0,6.0,2.0,3.0,7.0,17.0,4.0,3.0,0.0,home,home,2.0,0.0,1.0,2.0,5,5
1351193,2025-07-23 19:00:00,Fluminense,124,Palmeiras,16,2025,Serie A,121,1.0,2.0,0,home,False,lose,20.0,16.0,17.0,6.0,2.0,6.0,7.0,14.0,3.0,0.0,0.0,away,away,0.0,1.0,1.0,3.0,12,5
1351302,2025-10-01 19:00:00,Fluminense,124,Sport Recife,26,2025,Serie A,123,2.0,2.0,1,away,False,draw,35.0,30.0,31.0,10.0,5.0,9.0,7.0,14.0,6.0,3.0,3.0,home,home,2.0,3.0,0.0,0.0,8,5
1351083,2025-04-20 18:30:00,Fluminense,124,Vitoria,5,2025,Serie A,136,1.0,1.0,1,home,False,draw,10.0,6.0,4.0,3.0,1.0,1.0,,,9.0,3.0,0.0,away,away,2.0,0.0,0.0,2.0,3,5
1351132,2025-05-18 16:00:00,Fluminense,124,Juventude,9,2025,Serie A,152,1.0,1.0,1,away,False,draw,14.0,11.0,11.0,4.0,2.0,3.0,7.0,,3.0,0.0,3.0,away,home,2.0,2.0,3.0,1.0,7,5
1351173,2025-07-17 19:30:00,Fluminense,124,Cruzeiro,14,2025,Serie A,135,0.0,2.0,0,home,False,lose,20.0,15.0,14.0,6.0,2.0,4.0,10.0,20.0,7.0,3.0,0.0,away,away,2.0,0.0,0.0,1.0,9,5
1351206,2025-07-27 16:00:00,Fluminense,124,Sao Paulo,17,2025,Serie A,126,1.0,3.0,0,away,False,lose,20.0,17.0,20.0,6.0,2.0,7.0,6.0,11.0,0.0,0.0,3.0,home,home,1.0,1.0,2.0,0.0,12,5
1351333,2025-10-25 17:30:00,Fluminense,124,Internacional,30,2025,Serie A,119,1.0,0.0,3,home,False,win,44.0,36.0,35.0,13.0,5.0,11.0,7.0,14.0,3.0,0.0,3.0,away,home,0.0,1.0,2.0,0.0,7,5
1351183,2025-07-20 19:30:00,Fluminense,124,Flamengo,15,2025,Serie A,127,0.0,1.0,0,away,False,lose,20.0,15.0,15.0,6.0,2.0,5.0,7.0,17.0,6.0,0.0,0.0,home,home,0.0,1.0,2.0,2.0,8,5
1351256,2025-08-31 16:00:00,Fluminense,124,Santos,22,2025,Serie A,128,0.0,0.0,1,away,False,draw,28.0,25.0,28.0,8.0,4.0,8.0,7.0,13.0,4.0,0.0,0.0,away,home,2.0,0.0,4.0,1.0,9,5
1351351,2025-11-02 16:00:00,Fluminense,124,Ceara,31,2025,Serie A,129,0.0,2.0,0,away,False,lose,47.0,37.0,37.0,14.0,5.0,12.0,9.0,19.0,6.0,3.0,3.0,home,home,1.0,1.0,0.0,0.0,7,5
1351353,2025-11-06 19:30:00,Fluminense,124,Mirassol,32,2025,Serie A,7848,1.0,0.0,3,home,False,win,50.0,38.0,37.0,15.0,5.0,12.0,9.0,19.0,6.0,0.0,1.0,away,away,0.0,0.0,2.0,0.0,7,5
1351053,2025-04-06 16:00:00,Fluminense,124,RB Bragantino,2,2025,Serie A,794,2.0,1.0,3,home,False,win,3.0,2.0,3.0,1.0,0.0,1.0,,,,0.0,3.0,away,home,0.0,1.0,2.0,0.0,10,5
1351313,2025-10-16 21:30:00,Fluminense,124,Juventude,28,2025,Serie A,152,1.0,0.0,3,home,False,win,41.0,35.0,33.0,12.0,5.0,10.0,10.0,15.0,4.0,0.0,0.0,away,away,1.0,0.0,2.0,2.0,7,5
1351103,2025-05-03 18:30:00,Fluminense,124,Sport Recife,7,2025,Serie A,123,2.0,1.0,3,home,False,win,13.0,8.0,7.0,4.0,1.0,2.0,10.0,,4.0,0.0,0.0,away,away,0.0,2.0,2.0,3.0,5,5
1351303,2025-10-04 18:30:00,Fluminense,124,Atletico-MG,27,2025,Serie A,1062,3.0,0.0,3,home,False,win,38.0,33.0,31.0,11.0,5.0,9.0,8.0,15.0,7.0,1.0,0.0,away,away,2.0,1.0,2.0,2.0,7,5
1351063,2025-04-13 19:30:00,Fluminense,124,Santos,3,2025,Serie A,128,1.0,0.0,3,home,False,win,6.0,3.0,3.0,2.0,0.0,1.0,,,,3.0,3.0,home,away,2.0,2.0,1.0,0.0,5,5
1351094,2025-04-26 21:00:00,Fluminense,124,Botafogo,6,2025,Serie A,120,0.0,2.0,0,away,False,lose,10.0,6.0,6.0,3.0,1.0,2.0,10.0,,7.0,1.0,3.0,home,home,1.0,2.0,1.0,1.0,5,5
1478051,2025-12-07 16:00:00,Fluminense,124,Bahia,38,2025,Serie A,118,,,0,home,False,,58.0,46.0,38.0,17.0,7.0,12.0,8.0,17.0,4.0,0.0,,away,,,,,,5,5
1351187,2025-07-19 18:30:00,Santos,128,Mirassol,15,2025,Serie A,7848,0.0,3.0,0,away,False,lose,14.0,12.0,17.0,4.0,2.0,8.0,9.0,13.0,6.0,3.0,0.0,home,home,1.0,1.0,0.0,2.0,17,17
1351161,2025-06-12 19:30:00,Santos,128,Fortaleza EC,12,2025,Serie A,154,3.0,2.0,3,away,False,win,11.0,11.0,14.0,3.0,2.0,7.0,4.0,8.0,3.0,0.0,3.0,home,home,0.0,1.0,1.0,0.0,17,17
1351236,2025-08-17 16:00:00,Santos,128,Vasco DA Gama,20,2025,Serie A,133,0.0,6.0,0,home,False,lose,21.0,20.0,29.0,6.0,3.0,10.0,7.0,16.0,7.0,3.0,0.0,away,away,2.0,0.0,1.0,2.0,15,17
1478034,2025-11-28 21:30:00,Santos,128,Sport Recife,36,2025,Serie A,123,,,0,home,False,,38.0,36.0,50.0,9.0,11.0,15.0,5.0,10.0,5.0,1.0,0.0,away,away,1.0,,1.0,,17,17
1478022,2025-11-24 21:00:00,Santos,128,Internacional,35,2025,Serie A,119,1.0,1.0,1,away,False,draw,38.0,36.0,50.0,9.0,11.0,15.0,5.0,10.0,4.0,1.0,0.0,home,home,1.0,,1.0,,17,17
1478043,2025-12-03 19:30:00,Santos,128,Juventude,37,2025,Serie A,152,,,0,away,False,,38.0,36.0,50.0,9.0,11.0,15.0,5.0,10.0,2.0,0.0,0.0,home,home,,,,,16,17
1351250,2025-08-24 16:00:00,Santos,128,Bahia,21,2025,Serie A,118,0.0,2.0,0,away,False,lose,21.0,20.0,31.0,6.0,3.0,11.0,7.0,16.0,6.0,0.0,1.0,home,home,0.0,0.0,6.0,0.0,15,17
1351287,2025-09-28 18:30:00,Santos,128,RB Bragantino,25,2025,Serie A,794,2.0,2.0,1,away,False,draw,27.0,24.0,34.0,7.0,6.0,11.0,5.0,12.0,5.0,3.0,1.0,home,home,1.0,1.0,0.0,1.0,16,17
1351044,2025-03-30 18:30:00,Santos,128,Vasco DA Gama,1,2025,Serie A,133,1.0,2.0,0,away,False,lose,0.0,1.0,2.0,0.0,0.0,1.0,,,,,1.0,,home,,2.0,,2.0,17,17
1351268,2025-09-14 16:00:00,Santos,128,Atletico-MG,23,2025,Serie A,1062,1.0,1.0,1,away,False,draw,23.0,21.0,32.0,6.0,5.0,11.0,7.0,14.0,1.0,1.0,3.0,home,home,0.0,1.0,0.0,0.0,16,17
1351276,2025-09-21 20:30:00,Santos,128,Sao Paulo,24,2025,Serie A,126,1.0,0.0,3,home,False,win,26.0,22.0,32.0,7.0,5.0,11.0,5.0,12.0,2.0,1.0,1.0,away,away,1.0,2.0,1.0,2.0,14,17
1351363,2025-11-09 18:30:00,Santos,128,Flamengo,33,2025,Serie A,127,2.0,3.0,0,away,False,lose,33.0,33.0,48.0,8.0,9.0,15.0,5.0,11.0,2.0,0.0,3.0,away,home,0.0,1.0,2.0,0.0,17,17
1351116,2025-05-12 20:00:00,Santos,128,Ceara,8,2025,Serie A,129,0.0,0.0,1,home,False,draw,5.0,7.0,10.0,1.0,2.0,5.0,3.0,,0.0,0.0,0.0,away,away,0.0,0.0,1.0,1.0,19,17
1351166,2025-11-15 21:00:00,Santos,128,Palmeiras,13,2025,Serie A,121,1.0,0.0,3,home,False,win,36.0,34.0,48.0,9.0,9.0,15.0,2.0,10.0,1.0,0.0,1.0,away,home,2.0,1.0,3.0,1.0,4,17
1351228,2025-08-10 18:30:00,Santos,128,Cruzeiro,19,2025,Serie A,135,2.0,1.0,3,away,False,win,21.0,20.0,23.0,6.0,3.0,9.0,7.0,14.0,4.0,3.0,0.0,home,home,3.0,0.0,1.0,6.0,14,17
1351140,2025-05-25 18:30:00,Santos,128,Vitoria,10,2025,Serie A,136,1.0,0.0,3,away,False,win,8.0,8.0,11.0,2.0,2.0,6.0,1.0,,1.0,0.0,0.0,away,home,0.0,0.0,1.0,1.0,18,17
1351216,2025-08-04 20:00:00,Santos,128,Juventude,18,2025,Serie A,152,3.0,1.0,3,home,False,win,18.0,18.0,22.0,5.0,3.0,9.0,7.0,11.0,1.0,1.0,3.0,away,away,2.0,2.0,2.0,1.0,15,17
1351326,2025-10-20 21:30:00,Santos,128,Vitoria,29,2025,Serie A,136,0.0,1.0,0,home,False,lose,31.0,28.0,40.0,8.0,7.0,13.0,8.0,13.0,4.0,3.0,1.0,home,away,3.0,2.0,1.0,2.0,16,17
1478016,2025-11-19 21:30:00,Santos,128,Mirassol,34,2025,Serie A,7848,1.0,1.0,1,home,False,draw,37.0,35.0,49.0,9.0,10.0,15.0,5.0,10.0,3.0,3.0,1.0,home,away,1.0,1.0,0.0,1.0,17,17
1351146,2025-06-01 16:00:00,Santos,128,Botafogo,11,2025,Serie A,120,0.0,1.0,0,home,False,lose,8.0,8.0,12.0,2.0,2.0,7.0,4.0,8.0,4.0,3.0,3.0,away,away,1.0,3.0,0.0,2.0,18,17
1351196,2025-07-23 21:30:00,Santos,128,Internacional,16,2025,Serie A,119,1.0,2.0,0,home,False,lose,14.0,13.0,19.0,4.0,2.0,9.0,9.0,10.0,6.0,0.0,1.0,away,away,0.0,2.0,3.0,2.0,18,17
1351296,2025-10-01 21:30:00,Santos,128,Gremio,26,2025,Serie A,130,1.0,1.0,1,home,False,draw,28.0,25.0,35.0,7.0,7.0,11.0,6.0,13.0,5.0,1.0,0.0,away,away,2.0,0.0,2.0,3.0,16,17
1351086,2025-04-20 16:00:00,Santos,128,Sao Paulo,5,2025,Serie A,126,1.0,2.0,0,away,False,lose,4.0,6.0,7.0,1.0,1.0,3.0,,,4.0,3.0,0.0,home,home,2.0,1.0,0.0,2.0,18,17
1351125,2025-05-18 16:00:00,Santos,128,Corinthians,9,2025,Serie A,131,0.0,1.0,0,away,False,lose,5.0,7.0,11.0,1.0,2.0,6.0,4.0,,1.0,1.0,3.0,home,away,0.0,1.0,0.0,0.0,19,17
1351176,2025-07-16 20:00:00,Santos,128,Flamengo,14,2025,Serie A,127,1.0,0.0,3,home,False,win,14.0,12.0,14.0,4.0,2.0,7.0,7.0,10.0,6.0,3.0,0.0,away,away,3.0,0.0,2.0,3.0,17,17
1351212,2025-07-26 18:30:00,Santos,128,Sport Recife,17,2025,Serie A,123,2.0,2.0,1,away,False,draw,15.0,15.0,21.0,4.0,3.0,9.0,6.0,10.0,3.0,0.0,3.0,home,home,1.0,3.0,2.0,1.0,17,17
1351334,2025-10-26 16:00:00,Santos,128,Botafogo,30,2025,Serie A,120,2.0,2.0,1,away,False,draw,32.0,30.0,42.0,8.0,8.0,13.0,5.0,10.0,3.0,0.0,1.0,home,home,0.0,1.0,1.0,1.0,16,17
1478054,2025-12-07 16:00:00,Santos,128,Cruzeiro,38,2025,Serie A,135,,,0,home,False,,38.0,36.0,50.0,9.0,11.0,15.0,5.0,7.0,1.0,0.0,,away,,,,,,17,17
1351256,2025-08-31 16:00:00,Santos,128,Fluminense,22,2025,Serie A,124,0.0,0.0,1,home,False,draw,22.0,20.0,31.0,6.0,4.0,11.0,7.0,13.0,3.0,0.0,1.0,away,away,0.0,1.0,2.0,1.0,16,17
1351346,2025-11-01 16:00:00,Santos,128,Fortaleza EC,31,2025,Serie A,154,1.0,1.0,1,home,False,draw,33.0,31.0,43.0,8.0,9.0,13.0,5.0,11.0,4.0,1.0,0.0,away,away,2.0,0.0,2.0,2.0,16,17
1351355,2025-11-06 21:30:00,Santos,128,Palmeiras,32,2025,Serie A,121,0.0,2.0,0,away,False,lose,33.0,31.0,45.0,8.0,9.0,14.0,5.0,12.0,2.0,1.0,0.0,home,away,1.0,2.0,1.0,3.0,17,17
1351056,2025-04-06 20:30:00,Santos,128,Bahia,2,2025,Serie A,118,2.0,2.0,1,home,False,draw,1.0,3.0,4.0,0.0,1.0,1.0,,,,0.0,0.0,away,away,1.0,0.0,2.0,1.0,16,17
1351316,2025-10-15 21:30:00,Santos,128,Corinthians,28,2025,Serie A,131,3.0,1.0,3,home,False,win,31.0,28.0,39.0,8.0,7.0,12.0,6.0,13.0,2.0,0.0,0.0,away,home,0.0,0.0,3.0,1.0,16,17
1351109,2025-05-04 16:00:00,Santos,128,Gremio,7,2025,Serie A,130,0.0,1.0,0,away,False,lose,4.0,7.0,10.0,1.0,1.0,5.0,4.0,,3.0,0.0,1.0,home,home,1.0,0.0,2.0,0.0,19,17
1351311,2025-10-05 20:30:00,Santos,128,Ceara,27,2025,Serie A,129,0.0,3.0,0,away,False,lose,28.0,25.0,38.0,7.0,7.0,12.0,7.0,14.0,5.0,1.0,3.0,home,home,1.0,3.0,1.0,1.0,16,17
1351063,2025-04-13 19:30:00,Santos,128,Fluminense,3,2025,Serie A,124,0.0,1.0,0,away,False,lose,1.0,3.0,5.0,0.0,1.0,2.0,,,,1.0,3.0,home,home,2.0,2.0,2.0,0.0,18,17
1351096,2025-04-27 20:30:00,Santos,128,RB Bragantino,6,2025,Serie A,794,1.0,2.0,0,home,False,lose,4.0,7.0,9.0,1.0,1.0,4.0,4.0,,3.0,0.0,0.0,away,away,1.0,0.0,2.0,1.0,19,17
1351076,2025-04-16 21:30:00,Santos,128,Atletico-MG,4,2025,Serie A,1062,2.0,0.0,3,home,False,win,4.0,5.0,5.0,1.0,1.0,2.0,,,1.0,0.0,0.0,away,away,0.0,1.0,1.0,2.0,13,17
1180467,2024-06-26 21:30:00,Vasco DA Gama,133,Bahia,12,2024,Serie A,118,1.0,2.0,0,away,False,lose,10.0,12.0,24.0,3.0,1.0,8.0,4.0,7.0,4.0,3.0,1.0,home,home,4.0,1.0,1.0,1.0,16,10
1180709,2024-11-30 21:30:00,Vasco DA Gama,133,Atletico Goianiense,36,2024,Serie A,144,2.0,2.0,1,home,False,draw,44.0,39.0,55.0,12.0,8.0,16.0,3.0,8.0,0.0,0.0,3.0,away,home,1.0,2.0,3.0,0.0,12,10
1180700,2024-11-24 16:00:00,Vasco DA Gama,133,Corinthians,35,2024,Serie A,131,1.0,3.0,0,away,False,lose,43.0,37.0,53.0,12.0,7.0,16.0,6.0,9.0,0.0,0.0,1.0,home,home,0.0,2.0,1.0,2.0,11,10
1180719,2024-12-04 19:00:00,Vasco DA Gama,133,Atletico-MG,37,2024,Serie A,1062,2.0,0.0,3,home,False,win,47.0,41.0,55.0,13.0,8.0,16.0,1.0,9.0,1.0,1.0,3.0,home,away,2.0,2.0,2.0,1.0,10,10
1180559,2024-08-03 19:00:00,Vasco DA Gama,133,RB Bragantino,21,2024,Serie A,794,2.0,2.0,1,home,False,draw,24.0,22.0,31.0,7.0,3.0,10.0,9.0,16.0,3.0,0.0,3.0,away,home,0.0,2.0,1.0,0.0,11,10
1180597,2024-09-01 18:30:00,Vasco DA Gama,133,Vitoria,25,2024,Serie A,136,1.0,0.0,3,away,False,win,34.0,29.0,34.0,10.0,4.0,10.0,8.0,20.0,7.0,3.0,1.0,home,away,2.0,1.0,1.0,1.0,8,10
1180359,2024-04-14 16:00:00,Vasco DA Gama,133,Gremio,1,2024,Serie A,130,2.0,1.0,3,home,False,win,3.0,2.0,1.0,1.0,0.0,0.0,,,,,0.0,,away,,1.0,,2.0,6,10
1180389,2024-04-27 16:00:00,Vasco DA Gama,133,Criciuma,4,2024,Serie A,140,0.0,4.0,0,home,False,lose,3.0,4.0,9.0,1.0,0.0,3.0,,,3.0,0.0,0.0,away,away,1.0,0.0,2.0,1.0,17,10
1180584,2024-08-18 16:00:00,Vasco DA Gama,133,Criciuma,23,2024,Serie A,140,2.0,2.0,1,away,False,draw,28.0,26.0,33.0,8.0,4.0,10.0,7.0,17.0,4.0,3.0,3.0,home,home,2.0,2.0,0.0,1.0,10,10
1180589,2024-08-26 21:00:00,Vasco DA Gama,133,Atletico Paranaense,24,2024,Serie A,134,2.0,1.0,3,home,False,win,31.0,28.0,34.0,9.0,4.0,10.0,5.0,18.0,5.0,1.0,3.0,away,away,2.0,1.0,2.0,0.0,8,10
1180682,2024-11-09 19:00:00,Vasco DA Gama,133,Fortaleza EC,33,2024,Serie A,154,0.0,3.0,0,away,False,lose,43.0,36.0,49.0,12.0,7.0,14.0,7.0,15.0,6.0,0.0,0.0,away,home,0.0,0.0,3.0,1.0,9,10
1180545,2024-07-28 19:00:00,Vasco DA Gama,133,Gremio,20,2024,Serie A,130,0.0,1.0,0,away,False,lose,23.0,20.0,29.0,7.0,2.0,10.0,12.0,17.0,6.0,0.0,1.0,away,home,0.0,2.0,2.0,2.0,11,10
1180430,2024-06-13 21:30:00,Vasco DA Gama,133,Palmeiras,8,2024,Serie A,121,0.0,2.0,0,away,False,lose,6.0,7.0,19.0,2.0,0.0,6.0,3.0,,3.0,0.0,1.0,home,home,1.0,0.0,6.0,0.0,14,10
1180479,2024-06-29 18:30:00,Vasco DA Gama,133,Botafogo,13,2024,Serie A,120,1.0,1.0,1,home,False,draw,11.0,13.0,25.0,3.0,2.0,8.0,4.0,7.0,3.0,0.0,3.0,away,home,1.0,2.0,2.0,0.0,16,10
1180539,2024-10-25 19:00:00,Vasco DA Gama,133,Cuiaba,19,2024,Serie A,1193,1.0,0.0,3,home,False,win,40.0,33.0,41.0,11.0,7.0,12.0,3.0,14.0,2.0,0.0,3.0,away,home,0.0,3.0,3.0,2.0,4,10
1180454,2024-06-19 20:00:00,Vasco DA Gama,133,Juventude,10,2024,Serie A,152,0.0,2.0,0,away,False,lose,7.0,7.0,21.0,2.0,1.0,7.0,4.0,,1.0,1.0,3.0,home,home,0.0,4.0,0.0,1.0,17,10
1180526,2024-07-21 16:00:00,Vasco DA Gama,133,Atletico-MG,18,2024,Serie A,1062,0.0,2.0,0,away,False,lose,23.0,20.0,28.0,7.0,2.0,9.0,13.0,17.0,9.0,3.0,0.0,away,away,1.0,0.0,0.0,1.0,11,10
1180639,2024-10-05 21:00:00,Vasco DA Gama,133,Juventude,29,2024,Serie A,152,1.0,1.0,1,home,False,draw,37.0,32.0,38.0,10.0,7.0,11.0,8.0,13.0,2.0,1.0,0.0,away,away,1.0,0.0,1.0,3.0,9,10
1180689,2024-11-21 20:00:00,Vasco DA Gama,133,Internacional,34,2024,Serie A,119,0.0,1.0,0,home,False,lose,43.0,36.0,50.0,12.0,7.0,15.0,6.0,12.0,3.0,0.0,0.0,away,away,0.0,1.0,3.0,3.0,10,10
1180459,2024-06-22 21:30:00,Vasco DA Gama,133,Sao Paulo,11,2024,Serie A,126,4.0,1.0,3,home,False,win,10.0,11.0,22.0,3.0,1.0,7.0,4.0,7.0,1.0,0.0,0.0,away,away,0.0,1.0,2.0,2.0,15,10
1180509,2024-07-10 19:00:00,Vasco DA Gama,133,Corinthians,16,2024,Serie A,131,2.0,0.0,3,home,False,win,20.0,19.0,26.0,6.0,2.0,8.0,10.0,14.0,7.0,3.0,3.0,away,away,2.0,1.0,1.0,0.0,14,10
1180608,2024-09-15 18:30:00,Vasco DA Gama,133,Flamengo,26,2024,Serie A,127,1.0,1.0,1,away,False,draw,35.0,30.0,35.0,10.0,5.0,10.0,11.0,20.0,7.0,3.0,0.0,away,home,1.0,0.0,0.0,1.0,9,10
1180402,2024-05-05 16:00:00,Vasco DA Gama,133,Atletico Paranaense,5,2024,Serie A,134,0.0,1.0,0,away,False,lose,3.0,4.0,10.0,1.0,0.0,4.0,,,0.0,0.0,3.0,home,home,0.0,2.0,4.0,1.0,18,10
1180439,2024-06-16 18:30:00,Vasco DA Gama,133,Cruzeiro,9,2024,Serie A,135,0.0,0.0,1,home,False,draw,7.0,7.0,19.0,2.0,1.0,6.0,3.0,,3.0,0.0,0.0,away,away,0.0,0.0,2.0,2.0,15,10
1180489,2024-07-03 20:00:00,Vasco DA Gama,133,Fortaleza EC,14,2024,Serie A,154,2.0,0.0,3,home,False,win,14.0,15.0,25.0,4.0,2.0,8.0,5.0,8.0,4.0,1.0,3.0,home,away,1.0,2.0,1.0,1.0,14,10
1180523,2024-07-17 19:00:00,Vasco DA Gama,133,Atletico Goianiense,17,2024,Serie A,144,1.0,0.0,3,away,False,win,23.0,20.0,26.0,7.0,2.0,8.0,10.0,14.0,9.0,3.0,0.0,home,away,2.0,0.0,0.0,2.0,11,10
1180651,2024-10-16 21:45:00,Vasco DA Gama,133,Sao Paulo,30,2024,Serie A,126,0.0,3.0,0,away,False,lose,37.0,32.0,41.0,10.0,7.0,12.0,6.0,14.0,2.0,1.0,3.0,home,home,1.0,1.0,1.0,0.0,10,10
1180495,2024-07-07 18:00:00,Vasco DA Gama,133,Internacional,15,2024,Serie A,119,2.0,1.0,3,away,False,win,17.0,17.0,26.0,5.0,2.0,8.0,7.0,11.0,4.0,3.0,3.0,home,home,2.0,2.0,0.0,0.0,13,10
1180569,2024-08-10 21:30:00,Vasco DA Gama,133,Fluminense,22,2024,Serie A,124,2.0,0.0,3,home,False,win,27.0,24.0,31.0,8.0,3.0,10.0,7.0,17.0,1.0,1.0,1.0,home,away,2.0,2.0,2.0,2.0,10,10
1180659,2024-10-28 21:00:00,Vasco DA Gama,133,Bahia,31,2024,Serie A,118,3.0,2.0,3,home,False,win,43.0,36.0,43.0,12.0,7.0,12.0,5.0,16.0,4.0,3.0,0.0,home,away,1.0,0.0,0.0,3.0,9,10
1180669,2024-11-05 21:30:00,Vasco DA Gama,133,Botafogo,32,2024,Serie A,120,0.0,3.0,0,away,False,lose,43.0,36.0,46.0,12.0,7.0,13.0,8.0,16.0,6.0,3.0,0.0,home,away,3.0,0.0,2.0,3.0,9,10
1180371,2024-04-17 19:00:00,Vasco DA Gama,133,RB Bragantino,2,2024,Serie A,794,1.0,2.0,0,away,False,lose,3.0,3.0,3.0,1.0,0.0,1.0,,,,3.0,0.0,home,away,2.0,1.0,1.0,2.0,10,10
1180626,2024-09-29 18:30:00,Vasco DA Gama,133,Cruzeiro,28,2024,Serie A,135,1.0,1.0,1,away,False,draw,36.0,31.0,37.0,10.0,6.0,11.0,8.0,15.0,4.0,0.0,1.0,home,home,0.0,1.0,1.0,1.0,9,10
1180419,2024-06-02 16:00:00,Vasco DA Gama,133,Flamengo,7,2024,Serie A,127,1.0,6.0,0,home,False,lose,6.0,7.0,17.0,2.0,0.0,5.0,3.0,,3.0,3.0,0.0,home,away,2.0,0.0,1.0,2.0,13,10
1180619,2024-09-22 16:00:00,Vasco DA Gama,133,Palmeiras,27,2024,Serie A,121,0.0,1.0,0,home,False,lose,35.0,30.0,36.0,10.0,5.0,11.0,11.0,18.0,7.0,1.0,1.0,away,away,1.0,1.0,1.0,1.0,10,10
1180378,2024-04-20 16:00:00,Vasco DA Gama,133,Fluminense,3,2024,Serie A,124,1.0,2.0,0,away,False,lose,3.0,4.0,5.0,1.0,0.0,2.0,,,,0.0,0.0,away,home,1.0,0.0,2.0,4.0,16,10
1180409,2024-05-12 18:30:00,Vasco DA Gama,133,Vitoria,6,2024,Serie A,136,2.0,1.0,3,home,False,win,6.0,6.0,11.0,2.0,0.0,4.0,3.0,,0.0,0.0,0.0,away,home,0.0,1.0,1.0,6.0,14,10
1180733,2024-12-08 16:00:00,Vasco DA Gama,133,Cuiaba,38,2024,Serie A,1193,2.0,1.0,3,away,False,win,50.0,43.0,56.0,14.0,8.0,16.0,4.0,11.0,4.0,3.0,,home,,2.0,,0.0,,10,10
1351192,2025-07-20 17:30:00,Sport Recife,123,Botafogo,15,2025,Serie A,120,0.0,1.0,0,home,False,lose,3.0,5.0,21.0,0.0,3.0,10.0,1.0,2.0,1.0,0.0,1.0,away,away,0.0,2.0,2.0,2.0,20,20
1351162,2025-11-15 18:30:00,Sport Recife,123,Flamengo,12,2025,Serie A,127,1.0,5.0,0,home,False,lose,17.0,25.0,60.0,2.0,11.0,20.0,0.0,3.0,0.0,0.0,0.0,home,away,2.0,2.0,4.0,3.0,12,20
1351242,2025-08-16 18:30:00,Sport Recife,123,Sao Paulo,20,2025,Serie A,126,2.0,2.0,1,home,False,draw,10.0,12.0,27.0,1.0,7.0,10.0,6.0,7.0,5.0,3.0,0.0,away,away,1.0,0.0,0.0,3.0,20,20
1478034,2025-11-28 21:30:00,Sport Recife,123,Santos,36,2025,Serie A,128,,,0,away,False,,17.0,28.0,66.0,2.0,11.0,22.0,0.0,1.0,0.0,0.0,0.0,home,away,1.0,,3.0,,20,20
1478026,2025-11-23 18:30:00,Sport Recife,123,Vitoria,35,2025,Serie A,136,1.0,3.0,0,home,False,lose,17.0,28.0,66.0,2.0,11.0,22.0,0.0,2.0,0.0,0.0,0.0,away,away,2.0,,3.0,,20,20
1478037,2025-12-03 20:00:00,Sport Recife,123,Bahia,37,2025,Serie A,118,,,0,away,False,,17.0,28.0,66.0,2.0,11.0,22.0,0.0,1.0,0.0,0.0,0.0,away,home,,,,,20,20
1351245,2025-08-25 19:00:00,Sport Recife,123,Palmeiras,21,2025,Serie A,121,0.0,3.0,0,away,False,lose,10.0,12.0,30.0,1.0,7.0,11.0,7.0,8.0,5.0,1.0,0.0,home,home,2.0,2.0,2.0,3.0,20,20
1351291,2025-09-27 16:00:00,Sport Recife,123,Fortaleza EC,25,2025,Serie A,154,0.0,1.0,0,away,False,lose,14.0,16.0,35.0,2.0,8.0,13.0,5.0,11.0,4.0,3.0,1.0,home,home,1.0,2.0,0.0,2.0,20,20
1351046,2025-03-29 18:30:00,Sport Recife,123,Sao Paulo,1,2025,Serie A,126,0.0,0.0,1,away,False,draw,1.0,0.0,0.0,0.0,1.0,0.0,,,,,0.0,,home,,1.0,,2.0,15,20
1351267,2025-09-14 11:00:00,Sport Recife,123,RB Bragantino,23,2025,Serie A,794,1.0,1.0,1,away,False,draw,11.0,15.0,34.0,1.0,8.0,12.0,5.0,7.0,1.0,0.0,3.0,home,home,2.0,1.0,3.0,0.0,20,20
1351282,2025-09-21 17:30:00,Sport Recife,123,Corinthians,24,2025,Serie A,131,1.0,0.0,3,home,False,win,14.0,16.0,34.0,2.0,8.0,12.0,5.0,8.0,1.0,1.0,0.0,away,away,1.0,0.0,1.0,1.0,20,20
1351372,2025-11-08 16:00:00,Sport Recife,123,Atletico-MG,33,2025,Serie A,1062,2.0,4.0,0,home,False,lose,17.0,24.0,55.0,2.0,11.0,19.0,1.0,6.0,0.0,0.0,0.0,home,home,0.0,1.0,2.0,5.0,20,20
1351122,2025-05-11 16:00:00,Sport Recife,123,Cruzeiro,8,2025,Serie A,135,0.0,4.0,0,home,False,lose,2.0,4.0,14.0,0.0,2.0,6.0,1.0,,1.0,0.0,0.0,away,away,1.0,0.0,2.0,2.0,20,20
1351172,2025-07-14 20:00:00,Sport Recife,123,Juventude,13,2025,Serie A,152,0.0,2.0,0,away,False,lose,3.0,5.0,20.0,0.0,3.0,9.0,1.0,2.0,1.0,0.0,0.0,away,home,0.0,0.0,1.0,1.0,20,20
1351229,2025-08-10 20:30:00,Sport Recife,123,Gremio,19,2025,Serie A,130,1.0,0.0,3,away,False,win,9.0,10.0,25.0,1.0,6.0,10.0,3.0,4.0,3.0,1.0,1.0,home,home,0.0,2.0,0.0,2.0,20,20
1351142,2025-05-25 16:00:00,Sport Recife,123,Internacional,10,2025,Serie A,119,1.0,1.0,1,home,False,draw,3.0,5.0,17.0,0.0,3.0,7.0,1.0,,0.0,0.0,0.0,away,away,0.0,0.0,2.0,1.0,20,20
1351222,2025-08-02 16:00:00,Sport Recife,123,Bahia,18,2025,Serie A,118,0.0,0.0,1,home,False,draw,6.0,9.0,25.0,0.0,6.0,10.0,2.0,4.0,2.0,1.0,3.0,home,away,2.0,1.0,2.0,0.0,20,20
1351329,2025-10-19 18:30:00,Sport Recife,123,Internacional,29,2025,Serie A,119,0.0,2.0,0,away,False,lose,17.0,21.0,44.0,2.0,11.0,15.0,3.0,8.0,2.0,1.0,0.0,home,home,1.0,1.0,1.0,2.0,20,20
1478009,2025-11-18 20:30:00,Sport Recife,123,Botafogo,34,2025,Serie A,120,2.0,3.0,0,away,False,lose,17.0,27.0,63.0,2.0,11.0,21.0,0.0,3.0,0.0,0.0,0.0,home,home,1.0,1.0,5.0,3.0,20,20
1351147,2025-06-01 11:00:00,Sport Recife,123,Mirassol,11,2025,Serie A,7848,0.0,1.0,0,away,False,lose,3.0,5.0,18.0,0.0,3.0,8.0,2.0,3.0,1.0,1.0,0.0,home,away,1.0,0.0,1.0,2.0,20,20
1351200,2025-07-23 21:30:00,Sport Recife,123,Vitoria,16,2025,Serie A,136,2.0,2.0,1,away,False,draw,4.0,7.0,23.0,0.0,4.0,10.0,1.0,2.0,0.0,0.0,1.0,home,home,0.0,2.0,1.0,2.0,20,20
1351302,2025-10-01 19:00:00,Sport Recife,123,Fluminense,26,2025,Serie A,124,2.0,2.0,1,home,False,draw,15.0,18.0,37.0,2.0,9.0,13.0,4.0,11.0,4.0,0.0,1.0,away,away,0.0,1.0,1.0,1.0,20,20
1351085,2025-04-19 16:00:00,Sport Recife,123,Corinthians,5,2025,Serie A,131,1.0,2.0,0,away,False,lose,1.0,3.0,8.0,0.0,1.0,4.0,,,0.0,0.0,1.0,home,home,0.0,0.0,1.0,0.0,20,20
1351131,2025-05-17 16:00:00,Sport Recife,123,Ceara,9,2025,Serie A,129,0.0,2.0,0,away,False,lose,2.0,4.0,16.0,0.0,2.0,7.0,1.0,,1.0,0.0,1.0,home,home,0.0,1.0,4.0,1.0,20,20
1351178,2025-10-08 19:00:00,Sport Recife,123,Atletico-MG,14,2025,Serie A,1062,1.0,3.0,0,away,False,lose,16.0,20.0,41.0,2.0,10.0,14.0,6.0,11.0,2.0,1.0,1.0,away,home,1.0,1.0,1.0,1.0,16,20
1351212,2025-07-26 18:30:00,Sport Recife,123,Santos,17,2025,Serie A,128,2.0,2.0,1,home,False,draw,5.0,9.0,25.0,0.0,5.0,10.0,2.0,3.0,1.0,1.0,1.0,away,home,2.0,0.0,2.0,0.0,20,20
1351342,2025-10-25 18:30:00,Sport Recife,123,Mirassol,30,2025,Serie A,7848,1.0,2.0,0,home,False,lose,17.0,22.0,46.0,2.0,11.0,16.0,3.0,7.0,1.0,0.0,0.0,away,away,0.0,0.0,2.0,3.0,20,20
1478055,2025-12-07 16:00:00,Sport Recife,123,Gremio,38,2025,Serie A,130,,,0,home,False,,17.0,28.0,66.0,2.0,11.0,22.0,0.0,0.0,0.0,0.0,,away,,,,,,20,20
1351262,2025-08-31 20:30:00,Sport Recife,123,Vasco DA Gama,22,2025,Serie A,133,2.0,3.0,0,home,False,lose,10.0,14.0,33.0,1.0,7.0,12.0,6.0,8.0,4.0,0.0,1.0,away,away,0.0,1.0,3.0,1.0,20,20
1351343,2025-11-01 21:00:00,Sport Recife,123,Flamengo,31,2025,Serie A,127,0.0,3.0,0,away,False,lose,17.0,22.0,49.0,2.0,11.0,17.0,2.0,7.0,1.0,0.0,0.0,home,home,1.0,0.0,2.0,2.0,20,20
1351362,2025-11-05 19:00:00,Sport Recife,123,Juventude,32,2025,Serie A,152,0.0,2.0,0,home,False,lose,17.0,22.0,51.0,2.0,11.0,18.0,1.0,7.0,0.0,0.0,0.0,away,home,0.0,2.0,3.0,4.0,20,20
1351062,2025-04-06 18:30:00,Sport Recife,123,Palmeiras,2,2025,Serie A,121,1.0,2.0,0,home,False,lose,1.0,1.0,2.0,0.0,1.0,1.0,,,,1.0,0.0,away,away,0.0,1.0,0.0,3.0,19,20
1351322,2025-10-15 20:00:00,Sport Recife,123,Ceara,28,2025,Serie A,129,1.0,1.0,1,home,False,draw,17.0,21.0,42.0,2.0,11.0,14.0,5.0,10.0,2.0,0.0,0.0,away,away,1.0,0.0,3.0,2.0,20,20
1351103,2025-05-03 18:30:00,Sport Recife,123,Fluminense,7,2025,Serie A,124,1.0,2.0,0,away,False,lose,2.0,4.0,10.0,0.0,2.0,5.0,1.0,,1.0,1.0,0.0,home,home,0.0,0.0,0.0,4.0,20,20
1351308,2025-10-05 20:30:00,Sport Recife,123,Cruzeiro,27,2025,Serie A,135,1.0,1.0,1,away,False,draw,16.0,19.0,38.0,2.0,10.0,13.0,5.0,11.0,4.0,1.0,0.0,home,away,2.0,1.0,2.0,3.0,20,20
1351064,2025-04-12 21:00:00,Sport Recife,123,Vasco DA Gama,3,2025,Serie A,133,1.0,3.0,0,away,False,lose,1.0,2.0,5.0,0.0,1.0,2.0,,,,0.0,0.0,home,home,1.0,0.0,2.0,1.0,20,20
1351102,2025-04-26 20:00:00,Sport Recife,123,Fortaleza EC,6,2025,Serie A,154,0.0,0.0,1,home,False,draw,2.0,3.0,8.0,0.0,2.0,4.0,1.0,,0.0,0.0,0.0,away,away,1.0,1.0,2.0,2.0,20,20
1351082,2025-04-16 19:00:00,Sport Recife,123,RB Bragantino,4,2025,Serie A,794,0.0,1.0,0,home,False,lose,1.0,2.0,6.0,0.0,1.0,3.0,,,1.0,0.0,0.0,away,away,1.0,1.0,3.0,2.0,20,20
1351156,2025-06-12 21:30:00,Vasco DA Gama,133,Sao Paulo,12,2025,Serie A,126,3.0,1.0,3,away,False,win,13.0,14.0,16.0,4.0,1.0,7.0,3.0,7.0,3.0,0.0,0.0,home,home,0.0,0.0,2.0,2.0,15,13
1351236,2025-08-17 16:00:00,Vasco DA Gama,133,Santos,20,2025,Serie A,128,6.0,0.0,3,away,False,win,19.0,25.0,24.0,5.0,4.0,9.0,3.0,9.0,2.0,1.0,0.0,home,away,1.0,0.0,1.0,2.0,16,13
1478035,2025-11-28 19:30:00,Vasco DA Gama,133,Internacional,36,2025,Serie A,119,,,0,home,False,,42.0,50.0,52.0,12.0,6.0,17.0,0.0,12.0,0.0,0.0,0.0,away,home,0.0,,1.0,,13,13
1478017,2025-11-23 16:00:00,Vasco DA Gama,133,Bahia,35,2025,Serie A,118,0.0,1.0,0,away,False,lose,42.0,50.0,52.0,12.0,6.0,17.0,3.0,15.0,0.0,0.0,0.0,away,home,0.0,,2.0,,13,13
1478046,2025-12-02 19:00:00,Vasco DA Gama,133,Mirassol,37,2025,Serie A,7848,,,0,home,False,,42.0,50.0,52.0,12.0,6.0,17.0,0.0,12.0,0.0,0.0,0.0,home,away,,,,,13,13
1351244,2025-08-24 16:00:00,Vasco DA Gama,133,Corinthians,21,2025,Serie A,131,2.0,3.0,0,home,False,lose,19.0,27.0,29.0,5.0,4.0,11.0,5.0,9.0,4.0,0.0,3.0,away,away,0.0,3.0,2.0,2.0,16,13
1351284,2025-09-27 18:30:00,Vasco DA Gama,133,Cruzeiro,25,2025,Serie A,135,2.0,0.0,3,home,False,win,30.0,38.0,35.0,8.0,6.0,11.0,8.0,13.0,5.0,3.0,0.0,home,away,3.0,0.0,1.0,3.0,12,13
1351044,2025-03-30 18:30:00,Vasco DA Gama,133,Santos,1,2025,Serie A,128,2.0,1.0,3,home,False,win,3.0,2.0,1.0,1.0,0.0,0.0,,,,,0.0,,away,,0.0,,3.0,5,13
1351081,2025-04-15 21:30:00,Vasco DA Gama,133,Ceara,4,2025,Serie A,129,1.0,2.0,0,away,False,lose,6.0,6.0,7.0,2.0,0.0,2.0,,,6.0,3.0,1.0,home,home,3.0,0.0,1.0,0.0,7,13
1351264,2025-09-14 20:30:00,Vasco DA Gama,133,Ceara,23,2025,Serie A,129,2.0,2.0,1,home,False,draw,23.0,32.0,33.0,6.0,5.0,11.0,7.0,12.0,3.0,3.0,1.0,away,away,3.0,1.0,2.0,1.0,15,13
1351273,2025-09-21 17:30:00,Vasco DA Gama,133,Flamengo,24,2025,Serie A,127,1.0,1.0,1,away,False,draw,24.0,33.0,34.0,6.0,6.0,11.0,7.0,10.0,4.0,1.0,3.0,home,home,2.0,3.0,2.0,1.0,16,13
1351364,2025-11-08 18:00:00,Vasco DA Gama,133,Juventude,33,2025,Serie A,152,1.0,3.0,0,home,False,lose,42.0,50.0,49.0,12.0,6.0,15.0,9.0,19.0,3.0,0.0,0.0,away,away,0.0,0.0,3.0,2.0,10,13
1351120,2025-05-10 18:30:00,Vasco DA Gama,133,Vitoria,8,2025,Serie A,136,1.0,2.0,0,away,False,lose,7.0,7.0,11.0,2.0,1.0,5.0,4.0,,1.0,0.0,3.0,home,home,0.0,3.0,1.0,0.0,17,13
1351164,2025-07-12 18:30:00,Vasco DA Gama,133,Botafogo,13,2025,Serie A,120,0.0,2.0,0,home,False,lose,13.0,14.0,18.0,4.0,1.0,8.0,6.0,10.0,3.0,3.0,1.0,away,home,3.0,1.0,1.0,1.0,15,13
1351224,2025-08-10 16:00:00,Vasco DA Gama,133,Atletico-MG,19,2025,Serie A,1062,1.0,1.0,1,home,False,draw,16.0,19.0,24.0,4.0,4.0,9.0,5.0,8.0,2.0,0.0,3.0,away,away,2.0,6.0,3.0,0.0,17,13
1351133,2025-05-24 18:30:00,Vasco DA Gama,133,Fluminense,10,2025,Serie A,124,1.0,2.0,0,away,False,lose,10.0,11.0,13.0,3.0,1.0,6.0,4.0,,3.0,3.0,0.0,home,home,3.0,0.0,0.0,2.0,15,13
1351217,2025-08-02 18:30:00,Vasco DA Gama,133,Mirassol,18,2025,Serie A,7848,2.0,3.0,0,away,False,lose,15.0,18.0,23.0,4.0,3.0,9.0,5.0,8.0,2.0,1.0,1.0,away,home,1.0,1.0,1.0,1.0,17,13
1351324,2025-10-20 19:30:00,Vasco DA Gama,133,Fluminense,29,2025,Serie A,124,2.0,0.0,3,home,False,win,39.0,46.0,41.0,11.0,6.0,12.0,12.0,17.0,6.0,3.0,3.0,away,away,2.0,3.0,0.0,0.0,8,13
1478014,2025-11-19 21:30:00,Vasco DA Gama,133,Gremio,34,2025,Serie A,130,0.0,2.0,0,away,False,lose,42.0,50.0,51.0,12.0,6.0,16.0,6.0,18.0,0.0,0.0,0.0,home,away,1.0,0.0,3.0,1.0,13,13
1351144,2025-05-31 21:00:00,Vasco DA Gama,133,RB Bragantino,11,2025,Serie A,794,0.0,2.0,0,home,False,lose,10.0,11.0,15.0,3.0,1.0,7.0,3.0,10.0,3.0,0.0,3.0,away,away,1.0,3.0,2.0,1.0,15,13
1351194,2025-09-24 19:30:00,Vasco DA Gama,133,Bahia,16,2025,Serie A,118,3.0,1.0,3,home,False,win,27.0,36.0,35.0,7.0,6.0,11.0,5.0,11.0,5.0,1.0,3.0,away,home,1.0,2.0,1.0,0.0,10,13
1351295,2025-10-01 19:00:00,Vasco DA Gama,133,Palmeiras,26,2025,Serie A,121,0.0,3.0,0,away,False,lose,30.0,38.0,38.0,8.0,6.0,12.0,11.0,15.0,7.0,3.0,3.0,home,home,2.0,4.0,0.0,3.0,12,13
1351084,2025-04-19 18:30:00,Vasco DA Gama,133,Flamengo,5,2025,Serie A,127,0.0,0.0,1,home,False,draw,7.0,6.0,7.0,2.0,1.0,2.0,,,3.0,0.0,0.0,away,away,1.0,0.0,2.0,1.0,8,13
1351124,2025-05-17 18:30:00,Vasco DA Gama,133,Fortaleza EC,9,2025,Serie A,154,3.0,0.0,3,home,False,win,10.0,10.0,11.0,3.0,1.0,5.0,1.0,,0.0,0.0,0.0,away,away,1.0,1.0,2.0,2.0,13,13
1351182,2025-08-20 19:00:00,Vasco DA Gama,133,Juventude,14,2025,Serie A,152,0.0,2.0,0,away,False,lose,19.0,25.0,26.0,5.0,4.0,10.0,6.0,12.0,4.0,3.0,0.0,away,home,6.0,2.0,0.0,3.0,11,13
1351209,2025-07-27 18:30:00,Vasco DA Gama,133,Internacional,17,2025,Serie A,119,1.0,1.0,1,away,False,draw,15.0,16.0,20.0,4.0,3.0,8.0,4.0,8.0,4.0,1.0,0.0,home,away,1.0,2.0,1.0,3.0,16,13
1351337,2025-10-26 18:30:00,Vasco DA Gama,133,RB Bragantino,30,2025,Serie A,794,3.0,0.0,3,away,False,win,42.0,49.0,41.0,12.0,6.0,12.0,12.0,20.0,9.0,3.0,0.0,home,home,2.0,0.0,0.0,2.0,8,13
1351184,2025-07-19 17:30:00,Vasco DA Gama,133,Gremio,15,2025,Serie A,130,1.0,1.0,1,home,False,draw,14.0,15.0,19.0,4.0,2.0,8.0,6.0,7.0,3.0,0.0,1.0,home,away,0.0,1.0,2.0,1.0,16,13
1351262,2025-08-31 20:30:00,Vasco DA Gama,133,Sport Recife,22,2025,Serie A,123,3.0,2.0,3,away,False,win,22.0,30.0,31.0,6.0,4.0,11.0,4.0,9.0,3.0,0.0,1.0,home,home,2.0,2.0,3.0,2.0,15,13
1351344,2025-11-02 20:30:00,Vasco DA Gama,133,Sao Paulo,31,2025,Serie A,126,0.0,2.0,0,home,False,lose,42.0,49.0,43.0,12.0,6.0,13.0,12.0,23.0,9.0,3.0,0.0,away,away,3.0,0.0,0.0,3.0,9,13
1351354,2025-11-05 19:30:00,Vasco DA Gama,133,Botafogo,32,2025,Serie A,120,0.0,3.0,0,away,False,lose,42.0,49.0,46.0,12.0,6.0,14.0,12.0,20.0,6.0,0.0,0.0,home,home,0.0,1.0,2.0,3.0,9,13
1351055,2025-04-05 18:30:00,Vasco DA Gama,133,Corinthians,2,2025,Serie A,131,0.0,3.0,0,away,False,lose,3.0,2.0,4.0,1.0,0.0,1.0,,,,3.0,3.0,home,home,2.0,3.0,1.0,1.0,12,13
1351321,2025-10-15 21:30:00,Vasco DA Gama,133,Fortaleza EC,28,2025,Serie A,154,2.0,0.0,3,away,False,win,36.0,44.0,41.0,10.0,6.0,12.0,10.0,17.0,6.0,3.0,3.0,home,home,4.0,2.0,3.0,0.0,9,13
1351104,2025-05-04 16:00:00,Vasco DA Gama,133,Palmeiras,7,2025,Serie A,121,0.0,1.0,0,home,False,lose,7.0,6.0,9.0,2.0,1.0,4.0,4.0,,1.0,0.0,0.0,away,away,0.0,1.0,1.0,2.0,14,13
1351304,2025-10-05 16:00:00,Vasco DA Gama,133,Vitoria,27,2025,Serie A,136,4.0,3.0,3,home,False,win,33.0,42.0,41.0,9.0,6.0,12.0,8.0,15.0,6.0,0.0,3.0,away,away,0.0,2.0,3.0,0.0,11,13
1351064,2025-04-12 21:00:00,Vasco DA Gama,133,Sport Recife,3,2025,Serie A,123,3.0,1.0,3,home,False,win,6.0,5.0,5.0,2.0,0.0,1.0,,,,0.0,0.0,away,away,0.0,1.0,3.0,2.0,4,13
1351098,2025-04-27 18:30:00,Vasco DA Gama,133,Cruzeiro,6,2025,Serie A,135,0.0,1.0,0,away,False,lose,7.0,6.0,8.0,2.0,1.0,3.0,7.0,,4.0,1.0,0.0,home,home,0.0,0.0,0.0,1.0,11,13
1478047,2025-12-07 16:00:00,Vasco DA Gama,133,Atletico-MG,38,2025,Serie A,1062,,,0,away,False,,42.0,50.0,52.0,12.0,6.0,17.0,0.0,9.0,0.0,0.0,,home,,,,,,13,13
1351153,2025-10-29 19:00:00,Ceara,129,Fluminense,12,2025,Serie A,124,0.0,1.0,0,away,False,lose,35.0,27.0,29.0,9.0,8.0,13.0,4.0,10.0,1.0,0.0,3.0,away,home,0.0,2.0,1.0,0.0,6,14
1351351,2025-11-02 16:00:00,Ceara,129,Fluminense,31,2025,Serie A,124,2.0,0.0,3,home,False,win,38.0,29.0,29.0,10.0,8.0,13.0,4.0,9.0,0.0,0.0,1.0,away,home,0.0,1.0,1.0,1.0,12,14
1478029,2025-11-29 21:00:00,Ceara,129,Cruzeiro,36,2025,Serie A,135,,,0,home,False,,42.0,32.0,35.0,11.0,9.0,15.0,7.0,11.0,3.0,0.0,0.0,away,away,0.0,,3.0,,14,14
1478023,2025-11-24 19:00:00,Ceara,129,Mirassol,35,2025,Serie A,7848,0.0,3.0,0,away,False,lose,42.0,32.0,35.0,11.0,9.0,15.0,7.0,11.0,4.0,0.0,0.0,home,home,1.0,,2.0,,14,14
1478040,2025-12-03 21:30:00,Ceara,129,Flamengo,37,2025,Serie A,127,,,0,away,False,,42.0,32.0,35.0,11.0,9.0,15.0,4.0,8.0,0.0,0.0,0.0,home,home,,,,,14,14
1351249,2025-08-23 21:00:00,Ceara,129,Gremio,21,2025,Serie A,130,0.0,0.0,1,away,False,draw,26.0,19.0,19.0,7.0,5.0,8.0,7.0,10.0,4.0,3.0,0.0,home,home,1.0,0.0,0.0,1.0,10,14
1351286,2025-09-29 20:00:00,Ceara,129,Sao Paulo,25,2025,Serie A,126,1.0,0.0,3,away,False,win,31.0,23.0,23.0,8.0,7.0,9.0,6.0,10.0,2.0,1.0,0.0,home,away,1.0,0.0,1.0,1.0,11,14
1351047,2025-03-31 20:00:00,Ceara,129,RB Bragantino,1,2025,Serie A,794,2.0,2.0,1,away,False,draw,1.0,2.0,2.0,0.0,1.0,0.0,,,,,3.0,,home,,2.0,,0.0,7,14
1351081,2025-04-15 21:30:00,Ceara,129,Vasco DA Gama,4,2025,Serie A,133,2.0,1.0,3,home,False,win,7.0,7.0,5.0,2.0,1.0,1.0,,,4.0,0.0,0.0,away,away,1.0,0.0,2.0,1.0,4,14
1351264,2025-09-14 20:30:00,Ceara,129,Vasco DA Gama,23,2025,Serie A,133,2.0,2.0,1,away,False,draw,27.0,21.0,22.0,7.0,6.0,9.0,5.0,11.0,4.0,0.0,1.0,home,home,0.0,1.0,1.0,1.0,11,14
1351241,2025-08-16 16:00:00,Ceara,129,RB Bragantino,20,2025,Serie A,794,1.0,0.0,3,home,False,win,25.0,19.0,19.0,7.0,4.0,8.0,4.0,10.0,4.0,0.0,1.0,away,away,1.0,0.0,2.0,0.0,10,14
1351365,2025-11-09 16:00:00,Ceara,129,Corinthians,33,2025,Serie A,131,1.0,0.0,3,away,False,win,42.0,31.0,30.0,11.0,9.0,13.0,4.0,12.0,4.0,1.0,0.0,home,home,1.0,1.0,1.0,2.0,12,14
1351116,2025-05-12 20:00:00,Ceara,129,Santos,8,2025,Serie A,128,0.0,0.0,1,away,False,draw,12.0,9.0,7.0,3.0,3.0,2.0,7.0,,4.0,3.0,3.0,home,home,1.0,2.0,0.0,0.0,6,14
1351171,2025-07-13 20:30:00,Ceara,129,Fortaleza EC,13,2025,Serie A,154,1.0,0.0,3,away,False,win,18.0,14.0,11.0,5.0,3.0,4.0,7.0,14.0,3.0,0.0,0.0,away,home,2.0,0.0,3.0,1.0,11,14
1351225,2025-08-10 16:00:00,Ceara,129,Palmeiras,19,2025,Serie A,121,1.0,2.0,0,away,False,lose,22.0,18.0,19.0,6.0,4.0,8.0,4.0,11.0,4.0,1.0,3.0,home,home,1.0,1.0,1.0,0.0,12,14
1351134,2025-06-04 20:00:00,Ceara,129,Botafogo,10,2025,Serie A,120,2.0,3.0,0,away,False,lose,15.0,13.0,11.0,4.0,3.0,4.0,8.0,,4.0,0.0,3.0,home,away,0.0,1.0,1.0,0.0,7,14
1351221,2025-08-03 18:30:00,Ceara,129,Flamengo,18,2025,Serie A,127,1.0,1.0,1,home,False,draw,22.0,17.0,17.0,6.0,4.0,7.0,6.0,13.0,3.0,3.0,0.0,away,away,2.0,1.0,1.0,2.0,11,14
1351331,2025-10-19 18:30:00,Ceara,129,Botafogo,29,2025,Serie A,120,0.0,2.0,0,home,False,lose,35.0,27.0,27.0,9.0,8.0,11.0,8.0,13.0,4.0,1.0,0.0,away,away,1.0,0.0,1.0,1.0,13,14
1478011,2025-11-20 21:30:00,Ceara,129,Internacional,34,2025,Serie A,119,1.0,2.0,0,home,False,lose,42.0,32.0,32.0,11.0,9.0,14.0,7.0,14.0,7.0,3.0,0.0,away,away,1.0,0.0,0.0,3.0,14,14
1351151,2025-06-01 18:30:00,Ceara,129,Atletico-MG,11,2025,Serie A,1062,0.0,1.0,0,home,False,lose,15.0,11.0,8.0,4.0,3.0,3.0,8.0,15.0,7.0,3.0,0.0,home,away,2.0,2.0,0.0,3.0,10,14
1351201,2025-07-23 19:00:00,Ceara,129,Mirassol,16,2025,Serie A,7848,0.0,2.0,0,home,False,lose,18.0,14.0,15.0,5.0,3.0,7.0,3.0,11.0,3.0,0.0,3.0,away,away,0.0,2.0,1.0,1.0,16,14
1351300,2025-10-02 19:00:00,Ceara,129,Vitoria,26,2025,Serie A,136,0.0,1.0,0,away,False,lose,31.0,23.0,24.0,8.0,7.0,10.0,6.0,13.0,5.0,3.0,3.0,away,home,1.0,3.0,0.0,0.0,11,14
1351090,2025-04-21 20:00:00,Ceara,129,Bahia,5,2025,Serie A,118,0.0,1.0,0,away,False,lose,7.0,7.0,6.0,2.0,1.0,2.0,,,6.0,3.0,1.0,home,home,2.0,1.0,1.0,1.0,5,14
1351131,2025-05-17 16:00:00,Ceara,129,Sport Recife,9,2025,Serie A,123,2.0,0.0,3,home,False,win,15.0,11.0,7.0,4.0,3.0,2.0,8.0,,5.0,1.0,0.0,away,home,0.0,0.0,0.0,1.0,5,14
1351181,2025-07-16 19:30:00,Ceara,129,Corinthians,14,2025,Serie A,131,0.0,1.0,0,home,False,lose,18.0,14.0,12.0,5.0,3.0,5.0,7.0,14.0,3.0,3.0,0.0,away,away,1.0,0.0,0.0,1.0,13,14
1351208,2025-07-27 16:00:00,Ceara,129,Cruzeiro,17,2025,Serie A,135,2.0,1.0,3,away,False,win,21.0,16.0,16.0,6.0,3.0,7.0,3.0,11.0,0.0,0.0,1.0,home,home,0.0,1.0,2.0,1.0,9,14
1351338,2025-10-25 16:00:00,Ceara,129,Atletico-MG,30,2025,Serie A,1062,0.0,1.0,0,away,False,lose,35.0,27.0,28.0,9.0,8.0,12.0,7.0,13.0,4.0,0.0,0.0,home,away,0.0,0.0,2.0,1.0,14,14
1351189,2025-07-20 11:00:00,Ceara,129,Internacional,15,2025,Serie A,119,0.0,1.0,0,away,False,lose,18.0,14.0,13.0,5.0,3.0,6.0,6.0,14.0,3.0,0.0,0.0,home,home,0.0,0.0,1.0,2.0,11,14
1351261,2025-08-30 16:00:00,Ceara,129,Juventude,22,2025,Serie A,152,0.0,1.0,0,home,False,lose,26.0,19.0,20.0,7.0,5.0,9.0,8.0,11.0,4.0,1.0,1.0,away,away,0.0,2.0,0.0,2.0,11,14
1478049,2025-12-07 16:00:00,Ceara,129,Palmeiras,38,2025,Serie A,121,,,0,home,False,,42.0,32.0,35.0,11.0,9.0,15.0,3.0,7.0,0.0,0.0,,away,,,,,,14,14
1351361,2025-11-06 20:00:00,Ceara,129,Fortaleza EC,32,2025,Serie A,154,1.0,1.0,1,home,False,draw,39.0,30.0,30.0,10.0,9.0,13.0,4.0,12.0,3.0,3.0,3.0,home,away,2.0,1.0,0.0,0.0,13,14
1351061,2025-04-05 18:30:00,Ceara,129,Gremio,2,2025,Serie A,130,2.0,0.0,3,home,False,win,4.0,4.0,2.0,1.0,1.0,0.0,,,,1.0,0.0,away,away,2.0,1.0,2.0,2.0,3,14
1351322,2025-10-15 20:00:00,Ceara,129,Sport Recife,28,2025,Serie A,123,1.0,1.0,1,away,False,draw,35.0,27.0,25.0,9.0,8.0,10.0,8.0,13.0,6.0,3.0,0.0,home,home,3.0,0.0,0.0,2.0,12,14
1351111,2025-05-03 18:30:00,Ceara,129,Vitoria,7,2025,Serie A,136,1.0,0.0,3,home,False,win,11.0,9.0,7.0,3.0,2.0,2.0,7.0,,4.0,1.0,1.0,home,away,1.0,0.0,1.0,0.0,7,14
1351311,2025-10-05 20:30:00,Ceara,129,Santos,27,2025,Serie A,128,3.0,0.0,3,home,False,win,34.0,26.0,24.0,9.0,7.0,10.0,5.0,13.0,4.0,0.0,1.0,away,away,0.0,1.0,1.0,1.0,10,14
1351072,2025-04-12 16:00:00,Ceara,129,Juventude,3,2025,Serie A,152,1.0,2.0,0,away,False,lose,4.0,5.0,4.0,1.0,1.0,1.0,,,,3.0,3.0,home,home,2.0,2.0,0.0,1.0,8,14
1351101,2025-04-26 18:30:00,Ceara,129,Sao Paulo,6,2025,Serie A,126,1.0,1.0,1,home,False,draw,8.0,8.0,7.0,2.0,2.0,2.0,7.0,,3.0,0.0,3.0,away,home,0.0,1.0,1.0,0.0,9,14
1351281,2025-09-20 18:30:00,Ceara,129,Bahia,24,2025,Serie A,118,1.0,1.0,1,home,False,draw,28.0,22.0,23.0,7.0,7.0,9.0,5.0,9.0,2.0,1.0,3.0,away,away,2.0,1.0,2.0,0.0,11,14
1180473,2024-06-26 20:00:00,Atletico Goianiense,144,Gremio,12,2024,Serie A,130,1.0,1.0,1,home,False,draw,10.0,10.0,15.0,2.0,4.0,6.0,5.0,9.0,4.0,1.0,1.0,away,away,0.0,1.0,0.0,1.0,17,19
1180655,2024-10-26 16:30:00,Atletico Goianiense,144,Gremio,31,2024,Serie A,130,1.0,3.0,0,away,False,lose,22.0,23.0,50.0,5.0,7.0,19.0,4.0,10.0,4.0,1.0,3.0,home,home,0.0,1.0,0.0,0.0,20,19
1180709,2024-11-30 21:30:00,Atletico Goianiense,144,Vasco DA Gama,36,2024,Serie A,133,2.0,2.0,1,away,False,draw,27.0,26.0,55.0,6.0,9.0,21.0,4.0,8.0,1.0,0.0,3.0,home,home,0.0,3.0,1.0,1.0,20,19
1180703,2024-11-23 19:30:00,Atletico Goianiense,144,Palmeiras,35,2024,Serie A,121,0.0,1.0,0,home,False,lose,26.0,24.0,53.0,6.0,8.0,21.0,5.0,8.0,4.0,0.0,1.0,away,away,0.0,2.0,2.0,2.0,20,19
1180723,2024-12-04 21:30:00,Atletico Goianiense,144,Fortaleza EC,37,2024,Serie A,154,3.0,1.0,3,home,False,win,30.0,29.0,56.0,7.0,9.0,21.0,5.0,9.0,1.0,1.0,0.0,away,away,2.0,0.0,2.0,2.0,19,19
1180563,2024-08-03 20:00:00,Atletico Goianiense,144,Botafogo,21,2024,Serie A,120,1.0,4.0,0,home,False,lose,12.0,17.0,35.0,2.0,6.0,13.0,1.0,4.0,1.0,0.0,0.0,away,away,0.0,0.0,2.0,1.0,20,19
1180596,2024-09-01 11:00:00,Atletico Goianiense,144,Cruzeiro,25,2024,Serie A,135,1.0,3.0,0,away,False,lose,18.0,21.0,40.0,4.0,6.0,15.0,6.0,7.0,6.0,3.0,0.0,home,home,2.0,0.0,1.0,2.0,20,19
1180363,2024-04-14 16:00:00,Atletico Goianiense,144,Flamengo,1,2024,Serie A,127,1.0,2.0,0,home,False,lose,0.0,1.0,2.0,0.0,0.0,1.0,,,,,0.0,,away,,0.0,,1.0,18,19
1180385,2024-04-28 20:00:00,Atletico Goianiense,144,Internacional,4,2024,Serie A,119,1.0,1.0,1,away,False,draw,1.0,2.0,7.0,0.0,1.0,3.0,,,0.0,0.0,0.0,home,home,0.0,0.0,3.0,1.0,19,19
1180583,2024-08-18 16:00:00,Atletico Goianiense,144,Internacional,23,2024,Serie A,119,1.0,0.0,3,home,False,win,15.0,18.0,36.0,3.0,6.0,14.0,1.0,2.0,0.0,0.0,3.0,away,home,0.0,2.0,1.0,1.0,20,19
1180548,2024-07-28 16:00:00,Atletico Goianiense,144,Flamengo,20,2024,Serie A,127,0.0,2.0,0,away,False,lose,12.0,16.0,31.0,2.0,6.0,12.0,1.0,4.0,1.0,1.0,0.0,home,home,1.0,1.0,1.0,4.0,20,19
1180683,2024-11-09 19:00:00,Atletico Goianiense,144,RB Bragantino,33,2024,Serie A,794,0.0,0.0,1,home,False,draw,26.0,24.0,50.0,6.0,8.0,19.0,7.0,13.0,4.0,3.0,0.0,home,away,1.0,0.0,0.0,2.0,20,19
1180433,2024-06-11 19:00:00,Atletico Goianiense,144,Corinthians,8,2024,Serie A,131,2.0,2.0,1,home,False,draw,5.0,6.0,11.0,1.0,2.0,5.0,4.0,,3.0,0.0,3.0,away,away,0.0,2.0,1.0,1.0,18,19
1180476,2024-06-30 11:00:00,Atletico Goianiense,144,Atletico-MG,13,2024,Serie A,1062,1.0,1.0,1,away,False,draw,11.0,11.0,16.0,2.0,5.0,6.0,6.0,10.0,2.0,1.0,0.0,home,away,1.0,1.0,1.0,3.0,17,19
1180543,2024-07-24 21:30:00,Atletico Goianiense,144,Bahia,19,2024,Serie A,118,1.0,1.0,1,home,False,draw,12.0,16.0,29.0,2.0,6.0,11.0,0.0,6.0,0.0,0.0,0.0,away,away,1.0,0.0,3.0,2.0,20,19
1180453,2024-06-19 19:00:00,Atletico Goianiense,144,Criciuma,10,2024,Serie A,140,1.0,2.0,0,home,False,lose,8.0,9.0,14.0,2.0,2.0,6.0,7.0,,4.0,3.0,1.0,away,away,2.0,0.0,1.0,0.0,16,19
1180532,2024-07-21 18:30:00,Atletico Goianiense,144,Fortaleza EC,18,2024,Serie A,154,1.0,3.0,0,away,False,lose,11.0,15.0,28.0,2.0,5.0,11.0,1.0,7.0,0.0,0.0,1.0,home,home,0.0,1.0,1.0,1.0,20,19
1180644,2024-10-03 19:00:00,Atletico Goianiense,144,Criciuma,29,2024,Serie A,140,0.0,2.0,0,away,False,lose,21.0,22.0,47.0,5.0,6.0,18.0,6.0,10.0,3.0,3.0,1.0,home,home,1.0,0.0,0.0,0.0,20,19
1180692,2024-11-20 16:30:00,Atletico Goianiense,144,Atletico Paranaense,34,2024,Serie A,134,0.0,2.0,0,away,False,lose,26.0,24.0,52.0,6.0,8.0,20.0,5.0,11.0,4.0,1.0,0.0,home,home,0.0,0.0,0.0,1.0,20,19
1180463,2024-06-22 18:30:00,Atletico Goianiense,144,Cuiaba,11,2024,Serie A,1193,0.0,0.0,1,away,False,draw,9.0,9.0,14.0,2.0,3.0,6.0,7.0,8.0,4.0,0.0,1.0,home,home,1.0,1.0,2.0,1.0,16,19
1180510,2024-07-11 19:30:00,Atletico Goianiense,144,Palmeiras,16,2024,Serie A,121,1.0,3.0,0,away,False,lose,11.0,14.0,24.0,2.0,5.0,9.0,3.0,10.0,1.0,0.0,0.0,home,home,1.0,0.0,2.0,1.0,19,19
1180613,2024-09-14 16:00:00,Atletico Goianiense,144,Vitoria,26,2024,Serie A,136,0.0,2.0,0,home,False,lose,18.0,21.0,42.0,4.0,6.0,16.0,6.0,7.0,6.0,0.0,0.0,away,away,1.0,0.0,3.0,3.0,20,19
1180404,2024-06-05 19:00:00,Atletico Goianiense,144,Juventude,5,2024,Serie A,152,0.0,1.0,0,away,False,lose,4.0,4.0,9.0,1.0,1.0,5.0,,,4.0,3.0,1.0,away,home,2.0,2.0,0.0,2.0,17,19
1180438,2024-06-15 21:00:00,Atletico Goianiense,144,Fluminense,9,2024,Serie A,124,2.0,1.0,3,away,False,win,8.0,8.0,12.0,2.0,2.0,5.0,5.0,,4.0,1.0,0.0,home,home,2.0,1.0,2.0,2.0,13,19
1180491,2024-07-03 21:30:00,Atletico Goianiense,144,RB Bragantino,14,2024,Serie A,794,1.0,3.0,0,away,False,lose,11.0,12.0,19.0,2.0,5.0,7.0,6.0,11.0,3.0,1.0,0.0,away,home,1.0,1.0,1.0,2.0,19,19
1180523,2024-07-17 19:00:00,Atletico Goianiense,144,Vasco DA Gama,17,2024,Serie A,133,0.0,1.0,0,home,False,lose,11.0,14.0,25.0,2.0,5.0,10.0,2.0,7.0,0.0,0.0,0.0,away,away,1.0,1.0,3.0,3.0,20,19
1180653,2024-10-18 19:00:00,Atletico Goianiense,144,Cuiaba,30,2024,Serie A,1193,0.0,0.0,1,home,False,draw,22.0,22.0,47.0,5.0,7.0,18.0,3.0,9.0,3.0,0.0,0.0,away,away,0.0,1.0,2.0,3.0,20,19
1180503,2024-07-07 18:30:00,Atletico Goianiense,144,Atletico Paranaense,15,2024,Serie A,134,1.0,2.0,0,home,False,lose,11.0,13.0,21.0,2.0,5.0,8.0,3.0,10.0,2.0,0.0,0.0,away,away,1.0,1.0,3.0,3.0,19,19
1180571,2024-08-11 16:00:00,Atletico Goianiense,144,Sao Paulo,22,2024,Serie A,126,0.0,1.0,0,away,False,lose,12.0,17.0,36.0,2.0,6.0,14.0,1.0,3.0,1.0,0.0,3.0,home,home,1.0,1.0,4.0,0.0,20,19
1180727,2024-12-08 16:00:00,Atletico Goianiense,144,Bahia,38,2024,Serie A,118,0.0,2.0,0,away,False,lose,30.0,29.0,58.0,7.0,9.0,22.0,5.0,12.0,4.0,3.0,,home,,3.0,,1.0,,19,19
1180673,2024-11-06 21:00:00,Atletico Goianiense,144,Atletico-MG,32,2024,Serie A,1062,1.0,0.0,3,home,False,win,25.0,24.0,50.0,6.0,7.0,19.0,4.0,10.0,1.0,0.0,1.0,away,home,1.0,0.0,3.0,0.0,20,19
1180369,2024-04-18 21:30:00,Atletico Goianiense,144,Botafogo,2,2024,Serie A,120,0.0,1.0,0,away,False,lose,0.0,1.0,3.0,0.0,0.0,2.0,,,,0.0,0.0,home,home,1.0,0.0,2.0,3.0,20,19
1180633,2024-09-29 16:00:00,Atletico Goianiense,144,Fluminense,28,2024,Serie A,124,1.0,0.0,3,home,False,win,21.0,22.0,45.0,5.0,6.0,17.0,6.0,7.0,0.0,0.0,0.0,away,away,0.0,0.0,3.0,2.0,20,19
1180417,2024-06-01 16:00:00,Atletico Goianiense,144,Vitoria,7,2024,Serie A,136,2.0,0.0,3,away,False,win,4.0,4.0,8.0,1.0,1.0,4.0,1.0,,1.0,0.0,0.0,home,away,0.0,0.0,1.0,1.0,18,19
1180620,2024-09-21 16:00:00,Atletico Goianiense,144,Corinthians,27,2024,Serie A,131,0.0,3.0,0,away,False,lose,18.0,21.0,45.0,4.0,6.0,17.0,6.0,7.0,3.0,0.0,3.0,home,home,0.0,1.0,2.0,0.0,20,19
1180383,2024-04-21 18:30:00,Atletico Goianiense,144,Sao Paulo,3,2024,Serie A,126,0.0,3.0,0,home,False,lose,0.0,1.0,6.0,0.0,0.0,3.0,,,,0.0,1.0,away,away,0.0,1.0,1.0,1.0,19,19
1180413,2024-05-12 16:00:00,Atletico Goianiense,144,Cruzeiro,6,2024,Serie A,135,0.0,1.0,0,home,False,lose,1.0,2.0,8.0,0.0,1.0,4.0,1.0,,1.0,1.0,3.0,away,away,1.0,2.0,1.0,0.0,20,19
1180593,2024-08-24 16:00:00,Atletico Goianiense,144,Juventude,24,2024,Serie A,152,2.0,1.0,3,home,False,win,18.0,20.0,37.0,4.0,6.0,14.0,4.0,4.0,3.0,3.0,0.0,home,away,1.0,1.0,0.0,3.0,20,19
1180464,2024-06-22 16:00:00,Botafogo,120,Criciuma,11,2024,Serie A,140,1.0,2.0,0,away,False,lose,20.0,18.0,11.0,6.0,2.0,3.0,11.0,20.0,7.0,1.0,3.0,home,home,1.0,2.0,1.0,1.0,4,1
1180710,2024-11-26 21:30:00,Botafogo,120,Palmeiras,36,2024,Serie A,121,3.0,1.0,3,away,False,win,73.0,56.0,28.0,21.0,10.0,5.0,9.0,20.0,3.0,1.0,3.0,home,away,1.0,1.0,1.0,0.0,1,1
1180699,2024-11-23 19:30:00,Botafogo,120,Vitoria,35,2024,Serie A,136,1.0,1.0,1,home,False,draw,70.0,53.0,27.0,20.0,10.0,5.0,9.0,22.0,5.0,1.0,3.0,away,away,0.0,3.0,0.0,1.0,2,1
1180715,2024-12-04 21:30:00,Botafogo,120,Internacional,37,2024,Serie A,119,1.0,0.0,3,away,False,win,76.0,57.0,28.0,22.0,10.0,5.0,9.0,20.0,5.0,3.0,3.0,away,home,3.0,2.0,1.0,1.0,1,1
1180563,2024-08-03 20:00:00,Botafogo,120,Atletico Goianiense,21,2024,Serie A,144,4.0,1.0,3,away,False,win,43.0,35.0,20.0,13.0,4.0,4.0,10.0,20.0,4.0,0.0,0.0,home,away,0.0,2.0,3.0,3.0,1,1
1180599,2024-08-31 21:00:00,Botafogo,120,Fortaleza EC,25,2024,Serie A,154,2.0,0.0,3,home,False,win,50.0,43.0,24.0,15.0,5.0,5.0,7.0,20.0,4.0,1.0,3.0,away,home,0.0,2.0,0.0,1.0,1,1
1180356,2024-04-14 17:00:00,Botafogo,120,Cruzeiro,1,2024,Serie A,135,2.0,3.0,0,away,False,lose,0.0,2.0,3.0,0.0,0.0,1.0,,,,,3.0,,home,,1.0,,0.0,14,1
1180388,2024-04-28 11:00:00,Botafogo,120,Flamengo,4,2024,Serie A,127,2.0,0.0,3,away,False,win,9.0,10.0,4.0,3.0,0.0,1.0,,,6.0,3.0,0.0,home,home,5.0,1.0,1.0,2.0,1,1
1180579,2024-08-18 18:30:00,Botafogo,120,Flamengo,23,2024,Serie A,127,4.0,1.0,3,home,False,win,46.0,41.0,24.0,14.0,4.0,5.0,7.0,20.0,3.0,0.0,1.0,away,away,2.0,0.0,3.0,0.0,1,1
1180587,2024-08-25 16:00:00,Botafogo,120,Bahia,24,2024,Serie A,118,0.0,0.0,1,away,False,draw,47.0,41.0,24.0,14.0,5.0,5.0,7.0,22.0,6.0,3.0,3.0,home,home,4.0,2.0,1.0,0.0,2,1
1180549,2024-07-27 21:30:00,Botafogo,120,Cruzeiro,20,2024,Serie A,135,0.0,3.0,0,home,False,lose,40.0,31.0,19.0,12.0,4.0,4.0,13.0,21.0,7.0,1.0,3.0,away,away,2.0,4.0,2.0,1.0,2,1
1180429,2024-06-11 20:00:00,Botafogo,120,Fluminense,8,2024,Serie A,124,1.0,0.0,3,home,False,win,16.0,14.0,7.0,5.0,1.0,2.0,10.0,,4.0,3.0,3.0,away,away,1.0,2.0,0.0,1.0,3,1
1180479,2024-06-29 18:30:00,Botafogo,120,Vasco DA Gama,13,2024,Serie A,133,1.0,1.0,1,away,False,draw,24.0,21.0,13.0,7.0,3.0,3.0,10.0,20.0,4.0,3.0,3.0,home,away,2.0,2.0,1.0,1.0,3,1
1180541,2024-07-24 19:30:00,Botafogo,120,Sao Paulo,19,2024,Serie A,126,2.0,2.0,1,away,False,draw,40.0,31.0,16.0,12.0,4.0,3.0,15.0,23.0,9.0,3.0,0.0,home,home,1.0,0.0,0.0,3.0,3,1
1180449,2024-06-19 19:00:00,Botafogo,120,Atletico Paranaense,10,2024,Serie A,134,1.0,1.0,1,home,False,draw,20.0,17.0,9.0,6.0,2.0,2.0,10.0,,9.0,3.0,0.0,away,away,2.0,1.0,1.0,2.0,2,1
1180529,2024-07-20 18:30:00,Botafogo,120,Internacional,18,2024,Serie A,119,1.0,0.0,3,home,False,win,39.0,29.0,14.0,12.0,3.0,3.0,13.0,23.0,9.0,3.0,1.0,home,away,1.0,2.0,0.0,2.0,1,1
1180642,2024-10-05 16:30:00,Botafogo,120,Atletico Paranaense,29,2024,Serie A,134,1.0,0.0,3,away,False,win,60.0,47.0,25.0,18.0,6.0,5.0,11.0,18.0,7.0,1.0,1.0,home,home,0.0,1.0,0.0,1.0,1,1
1180686,2024-11-20 21:30:00,Botafogo,120,Atletico-MG,34,2024,Serie A,1062,0.0,0.0,1,away,False,draw,69.0,52.0,26.0,20.0,9.0,5.0,11.0,22.0,7.0,1.0,1.0,home,home,0.0,1.0,0.0,1.0,1,1
1180679,2024-11-09 16:30:00,Botafogo,120,Cuiaba,33,2024,Serie A,1193,0.0,0.0,1,home,False,draw,68.0,52.0,26.0,20.0,8.0,5.0,11.0,24.0,7.0,3.0,1.0,home,away,3.0,0.0,0.0,0.0,1,1
1180507,2024-07-11 21:30:00,Botafogo,120,Vitoria,16,2024,Serie A,136,1.0,0.0,3,away,False,win,33.0,27.0,14.0,10.0,3.0,3.0,10.0,21.0,7.0,3.0,3.0,home,home,3.0,1.0,0.0,0.0,2,1
1180609,2024-09-14 21:00:00,Botafogo,120,Corinthians,26,2024,Serie A,131,2.0,1.0,3,home,False,win,53.0,45.0,25.0,16.0,5.0,5.0,10.0,20.0,7.0,3.0,3.0,home,away,2.0,1.0,0.0,0.0,1,1
1180399,2024-05-05 18:30:00,Botafogo,120,Bahia,5,2024,Serie A,118,1.0,2.0,0,home,False,lose,9.0,11.0,6.0,3.0,0.0,2.0,,,9.0,3.0,1.0,away,away,2.0,1.0,0.0,1.0,7,1
1180435,2024-06-16 18:30:00,Botafogo,120,Gremio,9,2024,Serie A,130,2.0,1.0,3,away,False,win,19.0,16.0,8.0,6.0,1.0,2.0,10.0,,7.0,3.0,1.0,home,home,1.0,1.0,0.0,1.0,1,1
1180493,2024-07-03 19:00:00,Botafogo,120,Cuiaba,14,2024,Serie A,1193,2.0,1.0,3,away,False,win,27.0,23.0,14.0,8.0,3.0,3.0,8.0,18.0,4.0,1.0,3.0,away,home,1.0,3.0,1.0,0.0,2,1
1180519,2024-07-17 21:30:00,Botafogo,120,Palmeiras,17,2024,Serie A,121,1.0,0.0,3,home,False,win,36.0,28.0,14.0,11.0,3.0,3.0,13.0,23.0,9.0,3.0,3.0,away,home,1.0,1.0,0.0,0.0,3,1
1180649,2024-10-18 20:00:00,Botafogo,120,Criciuma,30,2024,Serie A,140,1.0,1.0,1,home,False,draw,61.0,48.0,26.0,18.0,7.0,5.0,13.0,20.0,7.0,3.0,3.0,away,away,1.0,1.0,0.0,0.0,1,1
1180499,2024-07-07 20:30:00,Botafogo,120,Atletico-MG,15,2024,Serie A,1062,3.0,0.0,3,home,False,win,30.0,26.0,14.0,9.0,3.0,3.0,8.0,18.0,7.0,3.0,3.0,away,away,2.0,1.0,1.0,0.0,2,1
1180574,2024-08-11 11:00:00,Botafogo,120,Juventude,22,2024,Serie A,152,2.0,3.0,0,away,False,lose,43.0,37.0,23.0,13.0,4.0,5.0,10.0,23.0,4.0,3.0,3.0,away,home,4.0,4.0,1.0,1.0,1,1
1180661,2024-10-26 20:00:00,Botafogo,120,RB Bragantino,31,2024,Serie A,794,1.0,0.0,3,away,False,win,64.0,49.0,26.0,19.0,7.0,5.0,11.0,21.0,5.0,1.0,3.0,home,home,1.0,3.0,1.0,0.0,1,1
1180369,2024-04-18 21:30:00,Botafogo,120,Atletico Goianiense,2,2024,Serie A,144,1.0,0.0,3,home,False,win,3.0,3.0,3.0,1.0,0.0,1.0,,,,0.0,3.0,away,home,2.0,5.0,3.0,1.0,9,1
1180629,2024-09-28 21:00:00,Botafogo,120,Gremio,28,2024,Serie A,130,0.0,0.0,1,home,False,draw,57.0,46.0,25.0,17.0,6.0,5.0,13.0,20.0,9.0,3.0,3.0,away,away,1.0,1.0,0.0,0.0,1,1
1180420,2024-06-01 21:00:00,Botafogo,120,Corinthians,7,2024,Serie A,131,1.0,0.0,3,away,False,win,13.0,13.0,7.0,4.0,1.0,2.0,10.0,,4.0,1.0,3.0,away,home,1.0,1.0,1.0,0.0,3,1
1180618,2024-09-21 18:30:00,Botafogo,120,Fluminense,27,2024,Serie A,124,1.0,0.0,3,away,False,win,56.0,46.0,25.0,17.0,5.0,5.0,10.0,20.0,7.0,3.0,1.0,home,home,2.0,0.0,1.0,0.0,1,1
1180379,2024-04-21 18:30:00,Botafogo,120,Juventude,3,2024,Serie A,152,5.0,1.0,3,home,False,win,6.0,8.0,4.0,2.0,0.0,1.0,,,,3.0,3.0,home,away,1.0,2.0,0.0,0.0,5,1
1180412,2024-05-12 16:00:00,Botafogo,120,Fortaleza EC,6,2024,Serie A,154,1.0,1.0,1,away,False,draw,10.0,12.0,7.0,3.0,1.0,2.0,9.0,,6.0,0.0,3.0,home,away,1.0,1.0,2.0,0.0,8,1
1180729,2024-12-08 16:00:00,Botafogo,120,Sao Paulo,38,2024,Serie A,126,2.0,1.0,3,home,False,win,79.0,59.0,29.0,23.0,10.0,5.0,9.0,20.0,7.0,3.0,,away,,1.0,,0.0,,1,1
1180669,2024-11-05 21:30:00,Botafogo,120,Vasco DA Gama,32,2024,Serie A,133,3.0,0.0,3,home,False,win,67.0,52.0,26.0,20.0,7.0,5.0,11.0,21.0,7.0,3.0,1.0,away,home,1.0,0.0,0.0,0.0,1,1
1180469,2024-06-26 19:00:00,Botafogo,120,RB Bragantino,12,2024,Serie A,794,2.0,1.0,3,home,False,win,23.0,20.0,12.0,7.0,2.0,3.0,10.0,20.0,4.0,0.0,1.0,away,away,1.0,1.0,2.0,1.0,3,1
1180677,2024-11-09 16:30:00,Vitoria,136,Corinthians,33,2024,Serie A,131,1.0,2.0,0,home,False,lose,38.0,38.0,48.0,11.0,5.0,17.0,10.0,17.0,9.0,3.0,3.0,away,away,2.0,1.0,1.0,0.0,13,11
1180550,2024-07-27 19:00:00,Vitoria,136,Palmeiras,20,2024,Serie A,121,2.0,0.0,3,away,False,win,18.0,22.0,32.0,5.0,3.0,12.0,3.0,9.0,0.0,0.0,3.0,home,home,1.0,1.0,2.0,0.0,17,11
1180707,2024-12-01 18:30:00,Vitoria,136,Fortaleza EC,36,2024,Serie A,154,2.0,0.0,3,home,False,win,45.0,42.0,49.0,13.0,6.0,17.0,10.0,20.0,4.0,1.0,1.0,away,home,1.0,1.0,1.0,1.0,10,11
1180699,2024-11-23 19:30:00,Vitoria,136,Botafogo,35,2024,Serie A,120,1.0,1.0,1,away,False,draw,42.0,40.0,49.0,12.0,6.0,17.0,12.0,19.0,6.0,3.0,3.0,away,home,1.0,2.0,0.0,0.0,12,11
1180717,2024-12-04 20:00:00,Vitoria,136,Gremio,37,2024,Serie A,130,1.0,1.0,1,home,False,draw,46.0,43.0,50.0,13.0,7.0,17.0,10.0,20.0,7.0,3.0,1.0,home,away,2.0,2.0,0.0,2.0,11,11
1180557,2024-08-03 16:00:00,Vitoria,136,Cuiaba,21,2024,Serie A,1193,1.0,0.0,3,home,False,win,21.0,23.0,32.0,6.0,3.0,12.0,3.0,9.0,3.0,3.0,0.0,away,away,2.0,0.0,0.0,2.0,15,11
1180597,2024-09-01 18:30:00,Vitoria,136,Vasco DA Gama,25,2024,Serie A,133,0.0,1.0,0,home,False,lose,22.0,26.0,39.0,6.0,4.0,15.0,7.0,10.0,1.0,0.0,3.0,away,away,1.0,2.0,2.0,0.0,18,11
1180357,2024-04-14 18:30:00,Vitoria,136,Palmeiras,1,2024,Serie A,121,0.0,1.0,0,home,False,lose,0.0,0.0,1.0,0.0,0.0,1.0,,,,,1.0,,home,,2.0,,2.0,19,11
1180386,2024-04-28 16:00:00,Vitoria,136,Cruzeiro,4,2024,Serie A,135,1.0,3.0,0,away,False,lose,1.0,3.0,6.0,0.0,1.0,2.0,,,1.0,1.0,0.0,home,home,2.0,1.0,2.0,3.0,18,11
1180577,2024-08-19 20:00:00,Vitoria,136,Cruzeiro,23,2024,Serie A,135,2.0,2.0,1,home,False,draw,22.0,25.0,36.0,6.0,4.0,13.0,6.0,9.0,6.0,0.0,0.0,away,away,0.0,1.0,2.0,2.0,16,11
1180591,2024-08-25 18:30:00,Vitoria,136,Sao Paulo,24,2024,Serie A,126,1.0,2.0,0,away,False,lose,22.0,26.0,38.0,6.0,4.0,14.0,7.0,10.0,4.0,1.0,0.0,home,home,2.0,0.0,2.0,1.0,17,11
1180468,2024-06-27 19:00:00,Vitoria,136,Fluminense,12,2024,Serie A,124,1.0,0.0,3,away,False,win,12.0,14.0,19.0,3.0,3.0,6.0,8.0,9.0,6.0,0.0,0.0,away,home,1.0,0.0,2.0,1.0,15,11
1180434,2024-06-11 19:00:00,Vitoria,136,Juventude,8,2024,Serie A,152,1.0,1.0,1,away,False,draw,3.0,6.0,14.0,0.0,3.0,5.0,1.0,,1.0,1.0,3.0,away,home,0.0,2.0,0.0,1.0,20,11
1180477,2024-06-30 18:30:00,Vitoria,136,Atletico Paranaense,13,2024,Serie A,134,0.0,1.0,0,home,False,lose,12.0,14.0,20.0,3.0,3.0,7.0,10.0,11.0,6.0,3.0,0.0,away,away,1.0,2.0,0.0,3.0,15,11
1180537,2024-07-24 20:00:00,Vitoria,136,Flamengo,19,2024,Serie A,127,1.0,2.0,0,home,False,lose,15.0,20.0,32.0,4.0,3.0,12.0,3.0,12.0,0.0,0.0,3.0,away,away,0.0,2.0,2.0,0.0,18,11
1180447,2024-06-20 18:30:00,Vitoria,136,Atletico-MG,10,2024,Serie A,1062,4.0,2.0,3,home,False,win,9.0,12.0,17.0,2.0,3.0,5.0,5.0,,5.0,3.0,0.0,home,away,2.0,1.0,1.0,2.0,15,11
1180525,2024-07-21 11:00:00,Vitoria,136,Gremio,18,2024,Serie A,130,0.0,2.0,0,away,False,lose,15.0,19.0,30.0,4.0,3.0,11.0,3.0,13.0,3.0,0.0,0.0,away,home,1.0,1.0,3.0,2.0,17,11
1180636,2024-10-05 16:30:00,Vitoria,136,Atletico-MG,29,2024,Serie A,1062,2.0,2.0,1,away,False,draw,29.0,32.0,44.0,8.0,5.0,16.0,6.0,13.0,6.0,0.0,3.0,away,home,1.0,1.0,3.0,0.0,17,11
1180694,2024-11-20 16:30:00,Vitoria,136,Criciuma,34,2024,Serie A,140,1.0,0.0,3,away,False,win,41.0,39.0,48.0,12.0,5.0,17.0,10.0,16.0,6.0,0.0,1.0,home,away,1.0,1.0,2.0,1.0,12,11
1180461,2024-06-23 18:30:00,Vitoria,136,RB Bragantino,11,2024,Serie A,794,1.0,2.0,0,away,False,lose,9.0,13.0,19.0,2.0,3.0,6.0,8.0,9.0,7.0,3.0,3.0,home,away,4.0,1.0,2.0,0.0,17,11
1180507,2024-07-11 21:30:00,Vitoria,136,Botafogo,16,2024,Serie A,120,0.0,1.0,0,home,False,lose,15.0,18.0,25.0,4.0,3.0,9.0,6.0,14.0,3.0,3.0,0.0,home,away,2.0,1.0,1.0,3.0,16,11
1180613,2024-09-14 16:00:00,Vitoria,136,Atletico Goianiense,26,2024,Serie A,144,2.0,0.0,3,away,False,win,25.0,28.0,39.0,7.0,4.0,15.0,4.0,7.0,1.0,0.0,3.0,home,home,0.0,1.0,1.0,0.0,17,11
1180397,2024-05-05 16:00:00,Vitoria,136,Sao Paulo,5,2024,Serie A,126,1.0,3.0,0,home,False,lose,1.0,4.0,9.0,0.0,1.0,3.0,,,1.0,0.0,0.0,away,away,1.0,1.0,3.0,2.0,19,11
1180437,2024-06-16 16:00:00,Vitoria,136,Internacional,9,2024,Serie A,119,2.0,1.0,3,home,False,win,6.0,8.0,15.0,1.0,3.0,5.0,2.0,,2.0,1.0,3.0,away,home,1.0,4.0,1.0,2.0,20,11
1180490,2024-07-04 20:00:00,Vitoria,136,Corinthians,14,2024,Serie A,131,2.0,3.0,0,away,False,lose,12.0,16.0,23.0,3.0,3.0,8.0,9.0,11.0,3.0,0.0,3.0,home,home,0.0,2.0,1.0,1.0,16,11
1180522,2024-07-17 21:30:00,Vitoria,136,Fortaleza EC,17,2024,Serie A,154,1.0,3.0,0,away,False,lose,15.0,19.0,28.0,4.0,3.0,10.0,6.0,14.0,3.0,0.0,0.0,home,away,0.0,0.0,1.0,2.0,17,11
1180647,2024-10-19 16:00:00,Vitoria,136,RB Bragantino,30,2024,Serie A,794,1.0,0.0,3,home,False,win,32.0,33.0,44.0,9.0,5.0,16.0,7.0,14.0,4.0,1.0,3.0,away,home,2.0,2.0,2.0,1.0,16,11
1180497,2024-07-07 18:30:00,Vitoria,136,Criciuma,15,2024,Serie A,140,2.0,1.0,3,home,False,win,15.0,18.0,24.0,4.0,3.0,8.0,6.0,11.0,3.0,0.0,0.0,away,home,2.0,0.0,3.0,1.0,15,11
1180567,2024-08-11 16:00:00,Vitoria,136,Bahia,22,2024,Serie A,118,0.0,2.0,0,away,False,lose,21.0,23.0,34.0,6.0,3.0,13.0,6.0,12.0,6.0,3.0,1.0,home,home,1.0,2.0,0.0,2.0,16,11
1180672,2024-11-02 18:30:00,Vitoria,136,Atletico Paranaense,32,2024,Serie A,134,2.0,1.0,3,away,False,win,38.0,37.0,46.0,11.0,5.0,16.0,10.0,14.0,7.0,3.0,0.0,home,home,2.0,1.0,1.0,2.0,12,11
1180373,2024-06-05 20:00:00,Vitoria,136,Cuiaba,2,2024,Serie A,1193,0.0,0.0,1,away,False,draw,2.0,5.0,13.0,0.0,2.0,5.0,,,,0.0,1.0,home,away,0.0,1.0,2.0,1.0,15,11
1180625,2024-09-29 18:30:00,Vitoria,136,Internacional,28,2024,Serie A,119,1.0,3.0,0,away,False,lose,28.0,30.0,42.0,8.0,4.0,16.0,7.0,13.0,6.0,3.0,1.0,home,away,1.0,2.0,0.0,2.0,16,11
1180417,2024-06-01 16:00:00,Vitoria,136,Atletico Goianiense,7,2024,Serie A,144,0.0,2.0,0,home,False,lose,1.0,5.0,13.0,0.0,1.0,5.0,1.0,,0.0,0.0,1.0,away,away,1.0,0.0,2.0,0.0,19,11
1180617,2024-09-21 16:00:00,Vitoria,136,Juventude,27,2024,Serie A,152,1.0,0.0,3,home,False,win,28.0,29.0,39.0,8.0,4.0,15.0,4.0,10.0,3.0,3.0,0.0,away,away,2.0,1.0,0.0,3.0,16,11
1180377,2024-04-21 16:00:00,Vitoria,136,Bahia,3,2024,Serie A,118,2.0,2.0,1,home,False,draw,1.0,2.0,3.0,0.0,1.0,1.0,,,,0.0,0.0,home,away,0.0,1.0,1.0,3.0,17,11
1180409,2024-05-12 18:30:00,Vitoria,136,Vasco DA Gama,6,2024,Serie A,133,1.0,2.0,0,away,False,lose,1.0,5.0,11.0,0.0,1.0,4.0,1.0,,1.0,0.0,0.0,home,home,1.0,0.0,3.0,2.0,19,11
1180728,2024-12-08 16:00:00,Vitoria,136,Flamengo,38,2024,Serie A,127,2.0,2.0,1,away,False,draw,47.0,45.0,52.0,13.0,8.0,17.0,8.0,18.0,5.0,1.0,,home,,1.0,,1.0,,11,11
1180657,2024-10-26 16:30:00,Vitoria,136,Fluminense,31,2024,Serie A,124,2.0,1.0,3,home,False,win,35.0,35.0,45.0,10.0,5.0,16.0,10.0,14.0,4.0,3.0,3.0,home,away,1.0,2.0,0.0,1.0,14,11
1180673,2024-11-06 21:00:00,Atletico-MG,1062,Atletico Goianiense,32,2024,Serie A,144,0.0,1.0,0,away,False,lose,41.0,42.0,46.0,10.0,11.0,10.0,5.0,12.0,4.0,0.0,1.0,home,away,1.0,0.0,3.0,0.0,10,12
1180678,2024-11-13 20:00:00,Atletico-MG,1062,Flamengo,33,2024,Serie A,127,0.0,0.0,1,away,False,draw,42.0,42.0,46.0,10.0,12.0,10.0,5.0,11.0,1.0,0.0,0.0,away,away,0.0,0.0,1.0,1.0,10,12
1180546,2024-07-28 19:00:00,Atletico-MG,1062,Corinthians,20,2024,Serie A,131,2.0,1.0,3,home,False,win,28.0,27.0,26.0,7.0,7.0,4.0,7.0,12.0,7.0,3.0,0.0,home,away,2.0,1.0,0.0,2.0,9,12
1180706,2024-11-26 21:30:00,Atletico-MG,1062,Juventude,36,2024,Serie A,152,2.0,3.0,0,home,False,lose,44.0,46.0,52.0,10.0,14.0,12.0,3.0,8.0,2.0,1.0,0.0,away,away,2.0,0.0,2.0,2.0,13,12
1180701,2024-11-23 21:30:00,Atletico-MG,1062,Sao Paulo,35,2024,Serie A,126,2.0,2.0,1,away,False,draw,44.0,44.0,49.0,10.0,14.0,11.0,2.0,10.0,2.0,1.0,0.0,home,home,0.0,2.0,0.0,3.0,10,12
1180719,2024-12-04 19:00:00,Atletico-MG,1062,Vasco DA Gama,37,2024,Serie A,133,0.0,2.0,0,away,False,lose,44.0,46.0,54.0,10.0,14.0,13.0,3.0,8.0,2.0,0.0,3.0,home,home,2.0,1.0,3.0,0.0,14,12
1180564,2024-08-03 20:00:00,Atletico-MG,1062,Criciuma,21,2024,Serie A,140,1.0,2.0,0,away,False,lose,28.0,28.0,28.0,7.0,7.0,5.0,10.0,15.0,7.0,3.0,1.0,home,away,2.0,0.0,1.0,0.0,9,12
1180595,2024-09-01 11:00:00,Atletico-MG,1062,Gremio,25,2024,Serie A,130,3.0,2.0,3,away,False,win,33.0,32.0,33.0,8.0,9.0,6.0,5.0,12.0,2.0,0.0,0.0,home,away,0.0,0.0,2.0,3.0,9,12
1180360,2024-04-14 16:00:00,Atletico-MG,1062,Corinthians,1,2024,Serie A,131,0.0,0.0,1,away,False,draw,1.0,0.0,0.0,0.0,1.0,0.0,,,,,1.0,,home,,1.0,,1.0,12,12
1180393,2024-04-27 18:30:00,Atletico-MG,1062,Cuiaba,4,2024,Serie A,1193,3.0,0.0,3,away,False,win,8.0,7.0,1.0,2.0,2.0,0.0,,,5.0,3.0,1.0,home,away,3.0,2.0,0.0,2.0,2,12
1180576,2024-08-17 16:00:00,Atletico-MG,1062,Cuiaba,23,2024,Serie A,1193,1.0,1.0,1,home,False,draw,30.0,29.0,29.0,7.0,9.0,5.0,8.0,15.0,4.0,1.0,0.0,away,home,0.0,0.0,0.0,2.0,8,12
1180586,2024-08-24 21:00:00,Atletico-MG,1062,Fluminense,24,2024,Serie A,124,0.0,2.0,0,home,False,lose,30.0,29.0,31.0,7.0,9.0,6.0,8.0,13.0,2.0,1.0,3.0,home,away,1.0,3.0,1.0,2.0,9,12
1180465,2024-06-26 21:30:00,Atletico-MG,1062,Internacional,12,2024,Serie A,119,2.0,1.0,3,away,False,win,17.0,17.0,15.0,4.0,5.0,2.0,5.0,14.0,1.0,1.0,1.0,home,home,1.0,1.0,1.0,1.0,10,12
1180431,2024-06-11 21:30:00,Atletico-MG,1062,RB Bragantino,8,2024,Serie A,794,2.0,1.0,3,away,False,win,13.0,12.0,5.0,3.0,4.0,0.0,9.0,,5.0,1.0,0.0,home,home,1.0,0.0,1.0,4.0,8,12
1180476,2024-06-30 11:00:00,Atletico-MG,1062,Atletico Goianiense,13,2024,Serie A,144,1.0,1.0,1,home,False,draw,18.0,18.0,16.0,4.0,6.0,2.0,7.0,16.0,4.0,3.0,0.0,away,home,2.0,2.0,1.0,4.0,11,12
1180542,2024-11-16 18:30:00,Atletico-MG,1062,Atletico Paranaense,19,2024,Serie A,134,0.0,1.0,0,away,False,lose,42.0,42.0,47.0,10.0,12.0,11.0,5.0,12.0,1.0,1.0,1.0,away,home,0.0,0.0,0.0,0.0,2,12
1180447,2024-06-20 18:30:00,Atletico-MG,1062,Vitoria,10,2024,Serie A,136,2.0,4.0,0,away,False,lose,13.0,14.0,13.0,3.0,4.0,2.0,8.0,,4.0,0.0,1.0,home,home,0.0,1.0,4.0,1.0,10,12
1180526,2024-07-21 16:00:00,Atletico-MG,1062,Vasco DA Gama,18,2024,Serie A,133,2.0,0.0,3,home,False,win,25.0,25.0,25.0,6.0,7.0,4.0,5.0,12.0,4.0,1.0,3.0,away,home,1.0,2.0,1.0,1.0,10,12
1180636,2024-10-05 16:30:00,Atletico-MG,1062,Vitoria,29,2024,Serie A,136,2.0,2.0,1,home,False,draw,37.0,38.0,40.0,9.0,10.0,8.0,6.0,14.0,3.0,0.0,3.0,away,home,1.0,2.0,2.0,1.0,10,12
1180686,2024-11-20 21:30:00,Atletico-MG,1062,Botafogo,34,2024,Serie A,120,0.0,0.0,1,home,False,draw,43.0,42.0,47.0,10.0,13.0,11.0,2.0,9.0,1.0,0.0,1.0,away,away,0.0,2.0,1.0,2.0,11,12
1180456,2024-06-23 18:30:00,Atletico-MG,1062,Fortaleza EC,11,2024,Serie A,154,1.0,1.0,1,home,False,draw,14.0,15.0,14.0,3.0,5.0,2.0,5.0,13.0,3.0,0.0,3.0,away,away,2.0,2.0,4.0,1.0,10,12
1180506,2024-07-11 21:30:00,Atletico-MG,1062,Sao Paulo,16,2024,Serie A,126,2.0,1.0,3,home,False,win,21.0,22.0,24.0,5.0,6.0,4.0,5.0,10.0,1.0,0.0,1.0,away,away,0.0,1.0,3.0,1.0,13,12
1180607,2024-09-15 18:30:00,Atletico-MG,1062,Bahia,26,2024,Serie A,118,0.0,3.0,0,away,False,lose,33.0,32.0,36.0,8.0,9.0,7.0,5.0,15.0,4.0,3.0,3.0,away,home,3.0,3.0,2.0,0.0,10,12
1180398,2024-05-04 16:00:00,Atletico-MG,1062,Fluminense,5,2024,Serie A,124,2.0,2.0,1,away,False,draw,9.0,9.0,3.0,2.0,3.0,0.0,,,7.0,3.0,1.0,away,home,3.0,1.0,0.0,1.0,8,12
1180436,2024-06-17 20:30:00,Atletico-MG,1062,Palmeiras,9,2024,Serie A,121,0.0,4.0,0,home,False,lose,13.0,12.0,9.0,3.0,4.0,1.0,11.0,,5.0,3.0,0.0,away,away,2.0,2.0,1.0,4.0,9,12
1180486,2024-07-03 21:30:00,Atletico-MG,1062,Flamengo,14,2024,Serie A,127,2.0,4.0,0,home,False,lose,18.0,20.0,20.0,4.0,6.0,3.0,5.0,16.0,5.0,1.0,0.0,home,away,1.0,0.0,1.0,3.0,11,12
1180524,2024-07-16 19:00:00,Atletico-MG,1062,Juventude,17,2024,Serie A,152,1.0,1.0,1,away,False,draw,22.0,23.0,25.0,5.0,7.0,4.0,7.0,12.0,3.0,3.0,3.0,home,home,2.0,2.0,1.0,0.0,13,12
1180652,2024-10-16 21:45:00,Atletico-MG,1062,Fortaleza EC,30,2024,Serie A,154,1.0,1.0,1,away,False,draw,41.0,41.0,42.0,10.0,11.0,8.0,7.0,12.0,4.0,3.0,0.0,home,home,2.0,1.0,1.0,3.0,9,12
1180499,2024-07-07 20:30:00,Atletico-MG,1062,Botafogo,15,2024,Serie A,120,0.0,3.0,0,away,False,lose,18.0,20.0,23.0,4.0,6.0,4.0,5.0,13.0,4.0,0.0,3.0,home,home,2.0,2.0,4.0,1.0,12,12
1180566,2024-08-10 21:30:00,Atletico-MG,1062,Cruzeiro,22,2024,Serie A,135,0.0,0.0,1,away,False,draw,29.0,28.0,28.0,7.0,8.0,5.0,10.0,15.0,6.0,0.0,1.0,away,home,1.0,1.0,2.0,1.0,9,12
1180656,2024-10-26 20:00:00,Atletico-MG,1062,Internacional,31,2024,Serie A,119,1.0,3.0,0,home,False,lose,41.0,42.0,45.0,10.0,11.0,9.0,8.0,13.0,5.0,1.0,0.0,away,away,1.0,0.0,1.0,1.0,10,12
1180366,2024-04-17 20:00:00,Atletico-MG,1062,Criciuma,2,2024,Serie A,140,1.0,1.0,1,home,False,draw,2.0,1.0,1.0,0.0,2.0,0.0,,,,1.0,3.0,away,home,0.0,3.0,0.0,0.0,14,12
1180630,2024-09-28 18:30:00,Atletico-MG,1062,Palmeiras,28,2024,Serie A,121,1.0,2.0,0,away,False,lose,36.0,36.0,38.0,9.0,9.0,8.0,7.0,15.0,6.0,3.0,1.0,home,home,3.0,2.0,0.0,2.0,10,12
1180416,2024-06-02 16:00:00,Atletico-MG,1062,Bahia,7,2024,Serie A,118,1.0,1.0,1,home,False,draw,10.0,10.0,4.0,2.0,4.0,0.0,9.0,,7.0,1.0,3.0,away,away,2.0,2.0,2.0,1.0,10,12
1180616,2024-09-22 16:00:00,Atletico-MG,1062,RB Bragantino,27,2024,Serie A,794,3.0,0.0,3,home,False,win,36.0,35.0,36.0,9.0,9.0,7.0,5.0,15.0,3.0,0.0,0.0,away,away,0.0,1.0,3.0,2.0,9,12
1180376,2024-04-20 21:00:00,Atletico-MG,1062,Cruzeiro,3,2024,Serie A,135,3.0,0.0,3,home,False,win,5.0,4.0,1.0,1.0,2.0,0.0,,,,1.0,3.0,home,away,1.0,3.0,1.0,0.0,9,12
1180406,2024-10-09 19:30:00,Atletico-MG,1062,Gremio,6,2024,Serie A,130,2.0,1.0,3,home,False,win,40.0,40.0,41.0,10.0,10.0,8.0,7.0,,4.0,1.0,1.0,home,away,2.0,1.0,2.0,1.0,1,12
1180726,2024-12-08 16:00:00,Atletico-MG,1062,Atletico Paranaense,38,2024,Serie A,134,1.0,0.0,3,home,False,win,47.0,47.0,54.0,11.0,14.0,13.0,2.0,7.0,1.0,0.0,,away,,0.0,,2.0,,12,12
1351154,2025-09-17 19:30:00,Botafogo,120,Mirassol,12,2025,Serie A,7848,3.0,3.0,1,home,False,draw,36.0,33.0,17.0,10.0,6.0,6.0,9.0,17.0,6.0,0.0,3.0,away,home,0.0,1.0,1.0,0.0,5,6
1351234,2025-08-17 20:30:00,Botafogo,120,Palmeiras,20,2025,Serie A,121,0.0,1.0,0,home,False,lose,29.0,23.0,11.0,8.0,5.0,5.0,8.0,21.0,4.0,3.0,3.0,away,away,5.0,3.0,0.0,1.0,5,6
1478030,2025-11-30 16:00:00,Botafogo,120,Corinthians,36,2025,Serie A,131,,,0,away,False,,58.0,50.0,32.0,16.0,10.0,9.0,11.0,18.0,7.0,3.0,0.0,home,away,3.0,,2.0,,6,6
1478018,2025-11-22 19:30:00,Botafogo,120,Gremio,35,2025,Serie A,130,3.0,2.0,3,home,False,win,58.0,50.0,32.0,16.0,10.0,9.0,9.0,15.0,7.0,3.0,0.0,home,away,3.0,,2.0,,5,6
1478039,2025-12-04 19:30:00,Botafogo,120,Cruzeiro,37,2025,Serie A,135,,,0,away,False,,58.0,50.0,32.0,16.0,10.0,9.0,10.0,15.0,6.0,0.0,0.0,away,home,,,,,6,6
1351252,2025-08-24 18:30:00,Botafogo,120,Juventude,21,2025,Serie A,152,3.0,1.0,3,away,False,win,32.0,26.0,12.0,9.0,5.0,5.0,7.0,18.0,3.0,0.0,3.0,home,home,0.0,4.0,1.0,1.0,5,6
1351283,2025-09-28 16:00:00,Botafogo,120,Fluminense,25,2025,Serie A,124,0.0,2.0,0,away,False,lose,40.0,35.0,20.0,11.0,7.0,7.0,8.0,15.0,5.0,1.0,3.0,away,home,1.0,2.0,1.0,1.0,5,6
1351045,2025-03-30 16:00:00,Botafogo,120,Palmeiras,1,2025,Serie A,121,0.0,0.0,1,away,False,draw,1.0,0.0,0.0,0.0,1.0,0.0,,,,,3.0,,home,,2.0,,0.0,14,6
1351074,2025-04-16 18:30:00,Botafogo,120,Sao Paulo,4,2025,Serie A,126,2.0,2.0,1,home,False,draw,5.0,4.0,3.0,1.0,2.0,1.0,,,4.0,0.0,0.0,away,away,0.0,0.0,1.0,1.0,12,6
1351266,2025-09-14 17:30:00,Botafogo,120,Sao Paulo,23,2025,Serie A,126,0.0,1.0,0,away,False,lose,35.0,30.0,14.0,10.0,5.0,6.0,9.0,20.0,6.0,3.0,1.0,home,home,4.0,3.0,1.0,3.0,6,6
1351274,2025-09-20 18:30:00,Botafogo,120,Atletico-MG,24,2025,Serie A,1062,1.0,0.0,3,home,False,win,39.0,34.0,17.0,11.0,6.0,6.0,7.0,15.0,4.0,1.0,1.0,home,away,3.0,1.0,3.0,1.0,5,6
1351370,2025-11-09 16:00:00,Botafogo,120,Vitoria,33,2025,Serie A,136,0.0,0.0,1,away,False,draw,52.0,44.0,28.0,14.0,10.0,9.0,8.0,15.0,5.0,3.0,3.0,home,home,3.0,3.0,0.0,2.0,6,6
1351114,2025-05-11 20:00:00,Botafogo,120,Internacional,8,2025,Serie A,119,4.0,0.0,3,home,False,win,11.0,10.0,5.0,3.0,2.0,3.0,4.0,,3.0,0.0,1.0,away,away,0.0,0.0,1.0,0.0,9,6
1351164,2025-07-12 18:30:00,Botafogo,120,Vasco DA Gama,13,2025,Serie A,133,2.0,0.0,3,away,False,win,21.0,16.0,7.0,6.0,3.0,3.0,10.0,17.0,7.0,3.0,1.0,home,home,3.0,0.0,2.0,0.0,9,6
1351231,2025-08-09 20:30:00,Botafogo,120,Fortaleza EC,19,2025,Serie A,154,5.0,0.0,3,away,False,win,29.0,23.0,10.0,8.0,5.0,4.0,8.0,18.0,4.0,0.0,0.0,home,home,0.0,0.0,2.0,1.0,5,6
1351134,2025-06-04 20:00:00,Botafogo,120,Ceara,10,2025,Serie A,129,3.0,2.0,3,home,False,win,18.0,14.0,7.0,5.0,3.0,3.0,10.0,,7.0,3.0,3.0,away,away,1.0,2.0,0.0,0.0,5,6
1351214,2025-08-03 16:00:00,Botafogo,120,Cruzeiro,18,2025,Serie A,135,0.0,2.0,0,home,False,lose,26.0,18.0,10.0,7.0,5.0,4.0,11.0,21.0,5.0,1.0,3.0,home,away,1.0,5.0,1.0,0.0,7,6
1351331,2025-10-19 18:30:00,Botafogo,120,Ceara,29,2025,Serie A,129,2.0,0.0,3,away,False,win,46.0,39.0,26.0,13.0,7.0,9.0,4.0,14.0,3.0,0.0,1.0,home,home,0.0,2.0,3.0,2.0,5,6
1478009,2025-11-18 20:30:00,Botafogo,120,Sport Recife,34,2025,Serie A,123,3.0,2.0,3,home,False,win,55.0,47.0,30.0,15.0,10.0,9.0,9.0,13.0,5.0,1.0,3.0,away,home,0.0,3.0,0.0,2.0,5,6
1351146,2025-06-01 16:00:00,Botafogo,120,Santos,11,2025,Serie A,128,1.0,0.0,3,away,False,win,15.0,11.0,5.0,4.0,3.0,3.0,7.0,15.0,4.0,1.0,3.0,away,home,0.0,3.0,0.0,2.0,9,6
1351199,2025-09-24 19:30:00,Botafogo,120,Gremio,16,2025,Serie A,130,1.0,1.0,1,away,False,draw,40.0,35.0,18.0,11.0,7.0,6.0,10.0,17.0,4.0,3.0,0.0,home,away,1.0,0.0,0.0,2.0,2,6
1351294,2025-10-01 21:30:00,Botafogo,120,Bahia,26,2025,Serie A,118,2.0,1.0,3,home,False,win,43.0,37.0,21.0,12.0,7.0,7.0,5.0,14.0,4.0,0.0,0.0,away,away,0.0,0.0,2.0,2.0,4,6
1351088,2025-04-20 16:00:00,Botafogo,120,Atletico-MG,5,2025,Serie A,1062,0.0,1.0,0,away,False,lose,5.0,4.0,4.0,1.0,2.0,2.0,,,4.0,1.0,3.0,home,home,2.0,2.0,2.0,0.0,15,6
1351123,2025-05-18 18:30:00,Botafogo,120,Flamengo,9,2025,Serie A,127,0.0,0.0,1,away,False,draw,12.0,10.0,5.0,3.0,3.0,3.0,7.0,,6.0,3.0,3.0,home,away,4.0,1.0,0.0,0.0,10,6
1351174,2025-07-16 21:30:00,Botafogo,120,Vitoria,14,2025,Serie A,136,0.0,0.0,1,home,False,draw,22.0,16.0,7.0,6.0,4.0,3.0,13.0,17.0,9.0,3.0,3.0,away,away,2.0,1.0,0.0,0.0,8,6
1351204,2025-07-26 18:30:00,Botafogo,120,Corinthians,17,2025,Serie A,131,1.0,1.0,1,home,False,draw,26.0,18.0,8.0,7.0,5.0,3.0,13.0,20.0,7.0,3.0,0.0,away,home,1.0,0.0,0.0,2.0,6,6
1351334,2025-10-26 16:00:00,Botafogo,120,Santos,30,2025,Serie A,128,2.0,2.0,1,home,False,draw,47.0,41.0,28.0,13.0,8.0,9.0,6.0,14.0,3.0,3.0,1.0,away,away,2.0,0.0,0.0,0.0,6,6
1478048,2025-12-07 16:00:00,Botafogo,120,Fortaleza EC,38,2025,Serie A,154,,,0,home,False,,58.0,50.0,32.0,16.0,10.0,9.0,7.0,15.0,3.0,0.0,,away,,,,,,6,6
1351192,2025-07-20 17:30:00,Botafogo,120,Sport Recife,15,2025,Serie A,123,1.0,0.0,3,away,False,win,25.0,17.0,7.0,7.0,4.0,3.0,11.0,18.0,7.0,1.0,1.0,home,home,0.0,1.0,0.0,1.0,5,6
1351254,2025-08-30 18:30:00,Botafogo,120,RB Bragantino,22,2025,Serie A,794,4.0,1.0,3,home,False,win,35.0,30.0,13.0,10.0,5.0,5.0,7.0,20.0,6.0,3.0,0.0,away,away,3.0,0.0,1.0,1.0,5,6
1351347,2025-11-01 18:00:00,Botafogo,120,Mirassol,31,2025,Serie A,7848,0.0,0.0,1,away,False,draw,48.0,41.0,28.0,13.0,9.0,9.0,7.0,12.0,4.0,1.0,3.0,home,home,2.0,3.0,2.0,0.0,6,6
1351354,2025-11-05 19:30:00,Botafogo,120,Vasco DA Gama,32,2025,Serie A,133,3.0,0.0,3,home,False,win,51.0,44.0,28.0,14.0,9.0,9.0,5.0,13.0,5.0,1.0,1.0,away,away,0.0,0.0,0.0,0.0,6,6
1351054,2025-04-05 21:00:00,Botafogo,120,Juventude,2,2025,Serie A,152,2.0,0.0,3,home,False,win,4.0,2.0,0.0,1.0,1.0,0.0,,,,1.0,0.0,away,away,0.0,0.0,0.0,1.0,5,6
1351314,2025-10-15 19:30:00,Botafogo,120,Flamengo,28,2025,Serie A,127,0.0,3.0,0,home,False,lose,43.0,37.0,26.0,12.0,7.0,9.0,7.0,14.0,3.0,0.0,3.0,away,away,0.0,2.0,2.0,0.0,5,6
1351110,2025-05-03 21:00:00,Botafogo,120,Bahia,7,2025,Serie A,118,0.0,1.0,0,away,False,lose,8.0,6.0,5.0,2.0,2.0,3.0,7.0,,4.0,3.0,3.0,home,home,2.0,4.0,0.0,0.0,12,6
1351309,2025-10-04 18:30:00,Botafogo,120,Internacional,27,2025,Serie A,119,0.0,2.0,0,away,False,lose,43.0,37.0,23.0,12.0,7.0,8.0,8.0,17.0,4.0,3.0,0.0,home,home,2.0,0.0,1.0,3.0,4,6
1351067,2025-04-12 16:00:00,Botafogo,120,RB Bragantino,3,2025,Serie A,794,0.0,1.0,0,away,False,lose,4.0,2.0,1.0,1.0,1.0,1.0,,,,3.0,1.0,home,home,2.0,2.0,0.0,2.0,10,6
1351094,2025-04-26 21:00:00,Botafogo,120,Fluminense,6,2025,Serie A,124,2.0,0.0,3,home,False,win,8.0,6.0,4.0,2.0,2.0,2.0,5.0,,1.0,0.0,0.0,away,away,0.0,0.0,1.0,1.0,8,6
1351160,2025-06-12 19:00:00,Vitoria,136,Cruzeiro,12,2025,Serie A,135,0.0,0.0,1,home,False,draw,11.0,10.0,14.0,2.0,5.0,5.0,4.0,10.0,1.0,1.0,0.0,away,away,0.0,0.0,0.0,1.0,18,16
1351240,2025-08-16 18:30:00,Vitoria,136,Juventude,20,2025,Serie A,152,2.0,2.0,1,home,False,draw,19.0,18.0,24.0,3.0,10.0,7.0,6.0,9.0,2.0,0.0,0.0,away,away,0.0,0.0,2.0,8.0,17,16
1478036,2025-11-29 16:00:00,Vitoria,136,Mirassol,36,2025,Serie A,7848,,,0,home,False,,39.0,32.0,48.0,9.0,12.0,14.0,8.0,17.0,5.0,3.0,0.0,away,away,3.0,,1.0,,16,16
1478026,2025-11-23 18:30:00,Vitoria,136,Sport Recife,35,2025,Serie A,123,3.0,1.0,3,away,False,win,39.0,32.0,48.0,9.0,12.0,14.0,5.0,14.0,5.0,1.0,0.0,away,home,0.0,,0.0,,16,16
1478044,2025-11-19 19:30:00,Vitoria,136,Palmeiras,37,2025,Serie A,121,0.0,0.0,1,away,False,draw,36.0,29.0,47.0,8.0,12.0,14.0,7.0,13.0,4.0,1.0,3.0,home,away,0.0,3.0,0.0,1.0,18,16
1351243,2025-08-25 21:00:00,Vitoria,136,Flamengo,21,2025,Serie A,127,0.0,8.0,0,away,False,lose,19.0,18.0,32.0,3.0,10.0,8.0,4.0,10.0,2.0,1.0,3.0,home,home,2.0,1.0,2.0,0.0,17,16
1351289,2025-09-28 11:00:00,Vitoria,136,Gremio,25,2025,Serie A,130,1.0,3.0,0,away,False,lose,22.0,20.0,38.0,4.0,10.0,11.0,4.0,10.0,3.0,0.0,3.0,home,home,0.0,1.0,1.0,0.0,18,16
1351052,2025-03-29 18:30:00,Vitoria,136,Juventude,1,2025,Serie A,152,0.0,2.0,0,away,False,lose,0.0,0.0,2.0,0.0,0.0,1.0,,,,,0.0,,home,,1.0,,2.0,19,16
1351080,2025-04-16 21:30:00,Vitoria,136,Fortaleza EC,4,2025,Serie A,154,2.0,1.0,3,home,False,win,4.0,5.0,7.0,1.0,1.0,2.0,,,1.0,1.0,1.0,away,away,2.0,1.0,2.0,1.0,15,16
1351271,2025-09-13 16:00:00,Vitoria,136,Fortaleza EC,23,2025,Serie A,154,0.0,2.0,0,away,False,lose,22.0,19.0,34.0,4.0,10.0,9.0,5.0,11.0,4.0,3.0,0.0,home,home,1.0,0.0,0.0,1.0,17,16
1351280,2025-09-20 16:00:00,Vitoria,136,Fluminense,24,2025,Serie A,124,0.0,1.0,0,home,False,lose,22.0,19.0,35.0,4.0,10.0,10.0,4.0,11.0,3.0,0.0,0.0,away,away,0.0,1.0,2.0,3.0,17,16
1351370,2025-11-09 16:00:00,Vitoria,136,Botafogo,33,2025,Serie A,120,0.0,0.0,1,home,False,draw,35.0,29.0,47.0,8.0,11.0,14.0,9.0,12.0,3.0,3.0,1.0,home,away,1.0,0.0,0.0,0.0,16,16
1351120,2025-05-10 18:30:00,Vitoria,136,Vasco DA Gama,8,2025,Serie A,133,2.0,1.0,3,home,False,win,9.0,9.0,11.0,2.0,3.0,3.0,6.0,,2.0,0.0,0.0,away,away,0.0,1.0,1.0,2.0,14,16
1351169,2025-07-12 16:30:00,Vitoria,136,Internacional,13,2025,Serie A,119,0.0,1.0,0,away,False,lose,11.0,10.0,15.0,2.0,5.0,6.0,5.0,11.0,2.0,1.0,1.0,home,away,0.0,0.0,0.0,0.0,18,16
1351226,2025-08-09 18:30:00,Vitoria,136,Sao Paulo,19,2025,Serie A,126,0.0,2.0,0,away,False,lose,18.0,16.0,22.0,3.0,9.0,7.0,7.0,9.0,3.0,1.0,1.0,home,home,2.0,2.0,2.0,2.0,16,16
1351140,2025-05-25 18:30:00,Vitoria,136,Santos,10,2025,Serie A,128,0.0,1.0,0,home,False,lose,9.0,10.0,14.0,2.0,3.0,5.0,5.0,,3.0,0.0,1.0,away,away,1.0,0.0,2.0,0.0,17,16
1351220,2025-08-03 19:30:00,Vitoria,136,Palmeiras,18,2025,Serie A,121,2.0,2.0,1,home,False,draw,18.0,16.0,20.0,3.0,9.0,6.0,6.0,11.0,5.0,1.0,0.0,away,away,1.0,0.0,1.0,2.0,16,16
1351326,2025-10-20 21:30:00,Vitoria,136,Santos,29,2025,Serie A,128,1.0,0.0,3,away,False,win,31.0,27.0,43.0,7.0,10.0,12.0,6.0,10.0,6.0,3.0,0.0,home,home,2.0,0.0,1.0,1.0,17,16
1478010,2025-12-03 19:00:00,Vitoria,136,RB Bragantino,34,2025,Serie A,794,,,0,away,False,,39.0,32.0,48.0,9.0,12.0,14.0,8.0,14.0,4.0,0.0,0.0,home,home,,,,,16,16
1351145,2025-06-01 18:30:00,Vitoria,136,Corinthians,11,2025,Serie A,131,0.0,0.0,1,away,False,draw,10.0,10.0,14.0,2.0,4.0,5.0,4.0,9.0,3.0,0.0,1.0,home,home,0.0,0.0,1.0,0.0,16,16
1351200,2025-07-23 21:30:00,Vitoria,136,Sport Recife,16,2025,Serie A,123,2.0,2.0,1,home,False,draw,16.0,13.0,17.0,3.0,7.0,6.0,6.0,10.0,4.0,3.0,1.0,home,away,1.0,1.0,0.0,1.0,17,16
1351300,2025-10-02 19:00:00,Vitoria,136,Ceara,26,2025,Serie A,129,1.0,0.0,3,home,False,win,25.0,21.0,38.0,5.0,10.0,11.0,3.0,7.0,0.0,0.0,0.0,away,away,1.0,3.0,3.0,4.0,17,16
1351083,2025-04-20 18:30:00,Vitoria,136,Fluminense,5,2025,Serie A,124,1.0,1.0,1,away,False,draw,5.0,6.0,8.0,1.0,2.0,2.0,,,4.0,3.0,1.0,home,home,2.0,1.0,1.0,1.0,16,16
1351130,2025-05-18 16:00:00,Vitoria,136,Bahia,9,2025,Serie A,118,1.0,2.0,0,away,False,lose,9.0,10.0,13.0,2.0,3.0,4.0,8.0,,4.0,3.0,0.0,home,home,2.0,0.0,1.0,1.0,16,16
1351174,2025-07-16 21:30:00,Vitoria,136,Botafogo,14,2025,Serie A,120,0.0,0.0,1,away,False,draw,12.0,10.0,15.0,2.0,6.0,6.0,2.0,10.0,2.0,0.0,3.0,away,home,0.0,1.0,1.0,0.0,20,16
1351207,2025-07-26 18:30:00,Vitoria,136,Mirassol,17,2025,Serie A,7848,1.0,1.0,1,away,False,draw,17.0,14.0,18.0,3.0,8.0,6.0,6.0,10.0,5.0,1.0,1.0,home,home,2.0,2.0,2.0,2.0,15,16
1351340,2025-10-25 16:00:00,Vitoria,136,Corinthians,30,2025,Serie A,131,0.0,1.0,0,home,False,lose,31.0,27.0,44.0,7.0,10.0,13.0,9.0,13.0,6.0,3.0,0.0,away,away,1.0,1.0,0.0,3.0,17,16
1478056,2025-12-07 16:00:00,Vitoria,136,Sao Paulo,38,2025,Serie A,126,,,0,home,False,,39.0,32.0,48.0,9.0,12.0,14.0,5.0,14.0,3.0,0.0,,away,,,,,,16,16
1351190,2025-07-20 16:00:00,Vitoria,136,RB Bragantino,15,2025,Serie A,794,1.0,0.0,3,home,False,win,15.0,11.0,15.0,3.0,6.0,6.0,3.0,8.0,2.0,1.0,1.0,away,home,0.0,2.0,0.0,2.0,15,16
1351260,2025-08-31 18:30:00,Vitoria,136,Atletico-MG,22,2025,Serie A,1062,1.0,0.0,3,home,False,win,22.0,19.0,32.0,4.0,10.0,8.0,3.0,9.0,1.0,0.0,0.0,away,away,0.0,0.0,8.0,2.0,17,16
1351348,2025-11-01 16:00:00,Vitoria,136,Cruzeiro,31,2025,Serie A,135,1.0,3.0,0,away,False,lose,31.0,28.0,47.0,7.0,10.0,14.0,9.0,12.0,6.0,0.0,3.0,home,home,0.0,1.0,1.0,0.0,17,16
1351360,2025-11-05 19:00:00,Vitoria,136,Internacional,32,2025,Serie A,119,1.0,0.0,3,home,False,win,34.0,29.0,47.0,8.0,10.0,14.0,6.0,12.0,3.0,0.0,1.0,away,home,1.0,0.0,3.0,0.0,16,16
1351060,2025-04-06 18:30:00,Vitoria,136,Flamengo,2,2025,Serie A,127,1.0,2.0,0,home,False,lose,0.0,1.0,4.0,0.0,0.0,2.0,,,,0.0,1.0,away,away,0.0,2.0,2.0,2.0,20,16
1351320,2025-10-16 21:30:00,Vitoria,136,Bahia,28,2025,Serie A,118,2.0,1.0,3,home,False,win,28.0,26.0,43.0,6.0,10.0,12.0,3.0,8.0,3.0,0.0,3.0,away,away,3.0,1.0,4.0,0.0,17,16
1351111,2025-05-03 18:30:00,Vitoria,136,Ceara,7,2025,Serie A,129,0.0,1.0,0,away,False,lose,6.0,7.0,10.0,1.0,3.0,3.0,6.0,,5.0,1.0,3.0,home,home,1.0,2.0,1.0,1.0,18,16
1351304,2025-10-05 16:00:00,Vitoria,136,Vasco DA Gama,27,2025,Serie A,133,3.0,4.0,0,away,False,lose,25.0,24.0,42.0,5.0,10.0,12.0,6.0,9.0,3.0,3.0,3.0,home,home,1.0,2.0,0.0,1.0,17,16
1351068,2025-04-13 20:30:00,Vitoria,136,Atletico-MG,3,2025,Serie A,1062,2.0,2.0,1,away,False,draw,1.0,3.0,6.0,0.0,1.0,2.0,,,,0.0,3.0,home,home,1.0,2.0,2.0,1.0,19,16
1351100,2025-04-27 18:30:00,Vitoria,136,Gremio,6,2025,Serie A,130,1.0,1.0,1,home,False,draw,6.0,7.0,9.0,1.0,3.0,2.0,5.0,,5.0,1.0,0.0,away,away,1.0,0.0,1.0,1.0,16,16
1351158,2025-06-12 21:30:00,Atletico-MG,1062,Internacional,12,2025,Serie A,119,2.0,0.0,3,home,False,win,20.0,13.0,10.0,5.0,5.0,2.0,11.0,17.0,5.0,3.0,0.0,away,away,1.0,1.0,0.0,2.0,11,12
1351238,2025-08-17 16:00:00,Atletico-MG,1062,Gremio,20,2025,Serie A,130,1.0,3.0,0,home,False,lose,24.0,20.0,21.0,6.0,6.0,6.0,4.0,15.0,4.0,1.0,0.0,away,away,1.0,0.0,1.0,2.0,11,12
1478027,2025-11-25 21:30:00,Atletico-MG,1062,Flamengo,36,2025,Serie A,127,1.0,1.0,1,home,False,draw,45.0,38.0,40.0,11.0,12.0,12.0,8.0,15.0,4.0,0.0,0.0,away,away,0.0,,2.0,,12,12
1478021,2025-11-30 18:30:00,Atletico-MG,1062,Fortaleza EC,35,2025,Serie A,154,,,0,away,False,,45.0,38.0,40.0,11.0,12.0,12.0,8.0,16.0,2.0,1.0,0.0,home,home,1.0,,1.0,,11,12
1478038,2025-11-16 19:00:00,Atletico-MG,1062,RB Bragantino,37,2025,Serie A,794,0.0,2.0,0,away,False,lose,44.0,37.0,39.0,11.0,11.0,12.0,11.0,16.0,7.0,1.0,1.0,home,home,3.0,1.0,3.0,1.0,12,12
1351246,2025-08-24 20:30:00,Atletico-MG,1062,Sao Paulo,21,2025,Serie A,126,0.0,2.0,0,away,False,lose,24.0,20.0,23.0,6.0,6.0,7.0,4.0,12.0,4.0,0.0,0.0,home,away,1.0,0.0,3.0,1.0,12,12
1351288,2025-09-27 21:00:00,Atletico-MG,1062,Mirassol,25,2025,Serie A,7848,1.0,0.0,3,home,False,win,28.0,22.0,26.0,7.0,7.0,9.0,1.0,5.0,1.0,0.0,1.0,away,home,0.0,0.0,1.0,0.0,14,12
1351049,2025-03-29 18:30:00,Atletico-MG,1062,Gremio,1,2025,Serie A,130,1.0,2.0,0,away,False,lose,0.0,1.0,2.0,0.0,0.0,1.0,,,,,1.0,,home,,0.0,,0.0,16,12
1351076,2025-04-16 21:30:00,Atletico-MG,1062,Santos,4,2025,Serie A,128,0.0,2.0,0,away,False,lose,2.0,3.0,6.0,0.0,2.0,2.0,,,2.0,1.0,3.0,home,home,2.0,1.0,2.0,0.0,19,12
1351268,2025-09-14 16:00:00,Atletico-MG,1062,Santos,23,2025,Serie A,128,1.0,1.0,1,home,False,draw,25.0,21.0,25.0,6.0,7.0,8.0,4.0,10.0,0.0,0.0,0.0,away,away,0.0,0.0,1.0,1.0,13,12
1351274,2025-09-20 18:30:00,Atletico-MG,1062,Botafogo,24,2025,Serie A,120,0.0,1.0,0,away,False,lose,25.0,21.0,26.0,6.0,7.0,9.0,2.0,8.0,1.0,1.0,3.0,home,home,1.0,1.0,1.0,0.0,15,12
1351372,2025-11-08 16:00:00,Atletico-MG,1062,Sport Recife,33,2025,Serie A,123,4.0,2.0,3,away,False,win,43.0,34.0,34.0,11.0,10.0,11.0,8.0,15.0,7.0,3.0,1.0,home,home,3.0,3.0,0.0,3.0,9,12
1351118,2025-05-11 17:30:00,Atletico-MG,1062,Fluminense,8,2025,Serie A,124,3.0,2.0,3,home,False,win,12.0,10.0,10.0,3.0,3.0,2.0,8.0,,7.0,3.0,1.0,away,away,1.0,0.0,0.0,0.0,7,12
1351170,2025-07-12 21:00:00,Atletico-MG,1062,Bahia,13,2025,Serie A,118,1.0,2.0,0,away,False,lose,20.0,14.0,12.0,5.0,5.0,3.0,11.0,19.0,7.0,3.0,0.0,home,away,2.0,2.0,0.0,3.0,10,12
1351224,2025-08-10 16:00:00,Atletico-MG,1062,Vasco DA Gama,19,2025,Serie A,133,1.0,1.0,1,away,False,draw,24.0,19.0,18.0,6.0,6.0,5.0,6.0,17.0,3.0,3.0,0.0,home,home,2.0,1.0,1.0,3.0,10,12
1351138,2025-05-24 21:00:00,Atletico-MG,1062,Corinthians,10,2025,Serie A,131,0.0,0.0,1,home,False,draw,14.0,10.0,10.0,3.0,5.0,2.0,11.0,,7.0,1.0,3.0,away,away,0.0,1.0,0.0,0.0,11,12
1351218,2025-08-03 18:30:00,Atletico-MG,1062,RB Bragantino,18,2025,Serie A,794,2.0,1.0,3,home,False,win,23.0,18.0,17.0,6.0,5.0,5.0,6.0,15.0,0.0,0.0,1.0,away,away,0.0,1.0,1.0,1.0,10,12
1351325,2025-10-18 18:30:00,Atletico-MG,1062,Corinthians,29,2025,Serie A,131,0.0,1.0,0,away,False,lose,33.0,26.0,32.0,8.0,9.0,11.0,8.0,9.0,4.0,1.0,3.0,home,home,1.0,1.0,1.0,0.0,15,12
1478007,2025-12-03 21:30:00,Atletico-MG,1062,Palmeiras,34,2025,Serie A,121,,,0,home,False,,45.0,38.0,40.0,11.0,12.0,12.0,5.0,13.0,1.0,0.0,0.0,away,home,,,,,11,12
1351151,2025-06-01 18:30:00,Atletico-MG,1062,Ceara,11,2025,Serie A,129,1.0,0.0,3,away,False,win,17.0,11.0,10.0,4.0,5.0,2.0,9.0,14.0,5.0,1.0,3.0,home,home,0.0,2.0,0.0,0.0,8,12
1351198,2025-11-12 20:30:00,Atletico-MG,1062,Fortaleza EC,16,2025,Serie A,154,3.0,3.0,1,home,False,draw,44.0,37.0,37.0,11.0,11.0,11.0,10.0,18.0,7.0,3.0,0.0,away,away,4.0,0.0,2.0,2.0,1,12
1351298,2025-09-30 21:30:00,Atletico-MG,1062,Juventude,26,2025,Serie A,152,0.0,0.0,1,home,False,draw,29.0,22.0,26.0,7.0,8.0,9.0,4.0,8.0,4.0,3.0,0.0,home,away,1.0,0.0,0.0,3.0,14,12
1351088,2025-04-20 16:00:00,Atletico-MG,1062,Botafogo,5,2025,Serie A,120,1.0,0.0,3,home,False,win,5.0,4.0,6.0,1.0,2.0,2.0,,,2.0,0.0,1.0,away,away,0.0,2.0,2.0,2.0,17,12
1351128,2025-05-18 20:30:00,Atletico-MG,1062,Cruzeiro,9,2025,Serie A,135,0.0,0.0,1,away,False,draw,13.0,10.0,10.0,3.0,4.0,2.0,10.0,,7.0,3.0,1.0,home,home,3.0,0.0,2.0,0.0,9,12
1351178,2025-10-08 19:00:00,Atletico-MG,1062,Sport Recife,14,2025,Serie A,123,3.0,1.0,3,home,False,win,32.0,25.0,30.0,8.0,8.0,10.0,5.0,9.0,4.0,0.0,1.0,away,home,0.0,1.0,3.0,1.0,3,12
1351203,2025-07-27 20:30:00,Atletico-MG,1062,Flamengo,17,2025,Serie A,127,0.0,1.0,0,away,False,lose,20.0,16.0,16.0,5.0,5.0,5.0,7.0,18.0,3.0,0.0,3.0,away,home,2.0,2.0,3.0,1.0,13,12
1351338,2025-10-25 16:00:00,Atletico-MG,1062,Ceara,30,2025,Serie A,129,1.0,0.0,3,home,False,win,36.0,27.0,32.0,9.0,9.0,11.0,5.0,9.0,4.0,0.0,1.0,away,away,0.0,0.0,1.0,0.0,13,12
1478047,2025-12-07 16:00:00,Atletico-MG,1062,Vasco DA Gama,38,2025,Serie A,133,,,0,home,False,,45.0,38.0,40.0,11.0,12.0,12.0,2.0,12.0,1.0,0.0,,home,,,,,,12,12
1351185,2025-07-20 17:30:00,Atletico-MG,1062,Palmeiras,15,2025,Serie A,121,2.0,3.0,0,away,False,lose,20.0,16.0,15.0,5.0,5.0,4.0,8.0,18.0,6.0,0.0,0.0,away,away,1.0,0.0,2.0,1.0,9,12
1351260,2025-08-31 18:30:00,Atletico-MG,1062,Vitoria,22,2025,Serie A,136,0.0,1.0,0,away,False,lose,24.0,20.0,24.0,6.0,6.0,8.0,4.0,11.0,1.0,0.0,1.0,away,home,0.0,1.0,2.0,1.0,14,12
1351349,2025-11-02 18:30:00,Atletico-MG,1062,Internacional,31,2025,Serie A,119,0.0,0.0,1,away,False,draw,37.0,27.0,32.0,9.0,10.0,11.0,7.0,12.0,4.0,3.0,3.0,home,home,1.0,3.0,0.0,0.0,13,12
1351358,2025-11-05 20:00:00,Atletico-MG,1062,Bahia,32,2025,Serie A,118,3.0,0.0,3,home,False,win,40.0,30.0,32.0,10.0,10.0,11.0,8.0,13.0,4.0,1.0,3.0,away,away,0.0,4.0,0.0,2.0,11,12
1351058,2025-04-06 16:00:00,Atletico-MG,1062,Sao Paulo,2,2025,Serie A,126,0.0,0.0,1,home,False,draw,1.0,1.0,2.0,0.0,1.0,1.0,,,,0.0,1.0,away,home,1.0,2.0,2.0,2.0,18,12
1351318,2025-10-15 21:30:00,Atletico-MG,1062,Cruzeiro,28,2025,Serie A,135,1.0,1.0,1,home,False,draw,33.0,26.0,31.0,8.0,9.0,10.0,7.0,9.0,4.0,3.0,0.0,home,away,3.0,0.0,1.0,1.0,14,12
1351112,2025-05-05 20:00:00,Atletico-MG,1062,Juventude,7,2025,Serie A,152,1.0,0.0,3,away,False,win,9.0,7.0,8.0,2.0,3.0,2.0,6.0,,4.0,1.0,3.0,away,home,2.0,3.0,2.0,2.0,10,12
1351303,2025-10-04 18:30:00,Atletico-MG,1062,Fluminense,27,2025,Serie A,124,0.0,3.0,0,away,False,lose,29.0,22.0,29.0,7.0,8.0,10.0,5.0,9.0,4.0,1.0,3.0,home,home,0.0,3.0,0.0,1.0,15,12
1351068,2025-04-13 20:30:00,Atletico-MG,1062,Vitoria,3,2025,Serie A,136,2.0,2.0,1,home,False,draw,2.0,3.0,4.0,0.0,2.0,1.0,,,,1.0,0.0,home,away,0.0,0.0,0.0,2.0,16,12
1351097,2025-04-26 18:30:00,Atletico-MG,1062,Mirassol,6,2025,Serie A,7848,2.0,2.0,1,away,False,draw,6.0,6.0,8.0,1.0,3.0,2.0,5.0,,4.0,3.0,3.0,home,away,1.0,1.0,0.0,0.0,17,12
1180474,2024-06-26 20:00:00,Juventude,152,Flamengo,12,2024,Serie A,127,2.0,1.0,3,home,False,win,16.0,14.0,15.0,4.0,4.0,3.0,7.0,13.0,3.0,0.0,0.0,away,away,1.0,1.0,3.0,2.0,12,15
1180706,2024-11-26 21:30:00,Juventude,152,Atletico-MG,36,2024,Serie A,1062,3.0,2.0,3,away,False,win,42.0,46.0,57.0,10.0,12.0,14.0,5.0,10.0,5.0,1.0,3.0,home,away,1.0,2.0,1.0,1.0,15,15
1180704,2024-11-23 19:30:00,Juventude,152,Cuiaba,35,2024,Serie A,1193,1.0,1.0,1,home,False,draw,39.0,43.0,55.0,9.0,12.0,14.0,4.0,10.0,4.0,1.0,3.0,away,away,2.0,3.0,2.0,2.0,16,15
1180721,2024-12-04 20:00:00,Juventude,152,Sao Paulo,37,2024,Serie A,126,2.0,1.0,3,away,False,win,45.0,48.0,58.0,11.0,12.0,14.0,8.0,10.0,5.0,3.0,0.0,away,home,3.0,0.0,2.0,1.0,13,15
1180560,2024-08-04 16:00:00,Juventude,152,Corinthians,21,2024,Serie A,131,1.0,1.0,1,away,False,draw,22.0,21.0,25.0,5.0,7.0,7.0,5.0,11.0,1.0,0.0,3.0,home,home,1.0,3.0,2.0,2.0,13,15
1180604,2024-09-01 18:30:00,Juventude,152,Internacional,25,2024,Serie A,119,1.0,3.0,0,home,False,lose,28.0,29.0,35.0,7.0,7.0,10.0,7.0,12.0,3.0,0.0,1.0,away,away,1.0,0.0,2.0,0.0,14,15
1180364,2024-04-13 18:30:00,Juventude,152,Criciuma,1,2024,Serie A,140,1.0,1.0,1,away,False,draw,1.0,1.0,1.0,0.0,1.0,0.0,,,,,3.0,,home,,2.0,,0.0,11,15
1180394,2024-04-28 18:30:00,Juventude,152,Atletico Paranaense,4,2024,Serie A,134,1.0,1.0,1,home,False,draw,5.0,5.0,7.0,1.0,2.0,1.0,,,4.0,0.0,1.0,away,away,1.0,1.0,5.0,1.0,13,15
1180582,2024-08-18 18:30:00,Juventude,152,Atletico Paranaense,23,2024,Serie A,134,2.0,1.0,3,away,False,win,28.0,27.0,30.0,7.0,7.0,8.0,4.0,9.0,4.0,0.0,0.0,away,away,1.0,1.0,2.0,2.0,11,15
1180593,2024-08-24 16:00:00,Juventude,152,Atletico Goianiense,24,2024,Serie A,144,1.0,2.0,0,away,False,lose,28.0,28.0,32.0,7.0,7.0,9.0,7.0,12.0,6.0,3.0,0.0,away,home,2.0,1.0,1.0,3.0,12,15
1180554,2024-07-27 19:00:00,Juventude,152,Criciuma,20,2024,Serie A,140,1.0,2.0,0,home,False,lose,21.0,20.0,24.0,5.0,6.0,7.0,5.0,11.0,2.0,0.0,1.0,away,away,0.0,1.0,2.0,1.0,13,15
1180434,2024-06-11 19:00:00,Juventude,152,Vitoria,8,2024,Serie A,136,1.0,1.0,1,home,False,draw,10.0,8.0,9.0,2.0,4.0,1.0,8.0,,5.0,3.0,0.0,home,away,1.0,1.0,0.0,2.0,12,15
1180482,2024-06-30 16:00:00,Juventude,152,Fortaleza EC,13,2024,Serie A,154,1.0,2.0,0,away,False,lose,16.0,15.0,17.0,4.0,4.0,4.0,7.0,15.0,6.0,3.0,0.0,home,away,2.0,0.0,1.0,2.0,12,15
1180536,2024-07-24 19:00:00,Juventude,152,Cruzeiro,19,2024,Serie A,135,0.0,2.0,0,away,False,lose,21.0,19.0,22.0,5.0,6.0,6.0,5.0,12.0,5.0,1.0,0.0,home,home,0.0,1.0,0.0,2.0,15,15
1180454,2024-06-19 20:00:00,Juventude,152,Vasco DA Gama,10,2024,Serie A,133,2.0,0.0,3,home,False,win,13.0,11.0,11.0,3.0,4.0,2.0,6.0,,4.0,0.0,0.0,away,away,1.0,1.0,2.0,3.0,11,15
1180534,2024-07-21 18:30:00,Juventude,152,Sao Paulo,18,2024,Serie A,126,0.0,0.0,1,home,False,draw,21.0,19.0,20.0,5.0,6.0,5.0,7.0,14.0,4.0,1.0,0.0,home,away,1.0,0.0,1.0,2.0,12,15
1180639,2024-10-05 21:00:00,Juventude,152,Vasco DA Gama,29,2024,Serie A,133,1.0,1.0,1,away,False,draw,34.0,33.0,39.0,8.0,10.0,11.0,5.0,12.0,4.0,1.0,0.0,home,home,1.0,3.0,1.0,5.0,14,15
1180685,2024-11-20 19:00:00,Juventude,152,Gremio,34,2024,Serie A,130,2.0,2.0,1,away,False,draw,38.0,42.0,54.0,9.0,11.0,14.0,4.0,9.0,3.0,3.0,1.0,home,home,2.0,1.0,1.0,1.0,16,15
1180460,2024-06-23 18:30:00,Juventude,152,Palmeiras,11,2024,Serie A,121,1.0,3.0,0,away,False,lose,13.0,12.0,14.0,3.0,4.0,3.0,8.0,13.0,4.0,3.0,3.0,home,home,2.0,2.0,0.0,1.0,12,15
1180513,2024-09-05 20:00:00,Juventude,152,Cuiaba,16,2024,Serie A,1193,0.0,0.0,1,away,False,draw,29.0,29.0,35.0,7.0,8.0,10.0,6.0,9.0,3.0,0.0,3.0,home,home,1.0,2.0,3.0,1.0,7,15
1180614,2024-09-15 16:00:00,Juventude,152,Fluminense,26,2024,Serie A,124,2.0,1.0,3,home,False,win,32.0,31.0,36.0,8.0,8.0,10.0,4.0,9.0,1.0,1.0,0.0,away,away,0.0,0.0,0.0,1.0,11,15
1180404,2024-06-05 19:00:00,Juventude,152,Atletico Goianiense,5,2024,Serie A,144,1.0,0.0,3,home,False,win,9.0,7.0,8.0,2.0,3.0,1.0,,,2.0,1.0,1.0,away,home,1.0,1.0,1.0,1.0,10,15
1180441,2024-06-15 18:30:00,Juventude,152,RB Bragantino,9,2024,Serie A,794,1.0,2.0,0,away,False,lose,10.0,9.0,11.0,2.0,4.0,2.0,6.0,,5.0,1.0,3.0,home,home,1.0,2.0,1.0,0.0,11,15
1180487,2024-07-04 19:00:00,Juventude,152,Bahia,14,2024,Serie A,118,0.0,2.0,0,away,False,lose,16.0,15.0,19.0,4.0,4.0,5.0,6.0,12.0,3.0,0.0,3.0,away,home,1.0,3.0,2.0,0.0,13,15
1180524,2024-07-16 19:00:00,Juventude,152,Atletico-MG,17,2024,Serie A,1062,1.0,1.0,1,home,False,draw,20.0,19.0,20.0,5.0,5.0,5.0,6.0,14.0,3.0,3.0,1.0,home,home,3.0,0.0,0.0,0.0,14,15
1180654,2024-10-20 20:00:00,Juventude,152,Palmeiras,30,2024,Serie A,121,3.0,5.0,0,home,False,lose,34.0,36.0,44.0,8.0,10.0,12.0,6.0,12.0,2.0,1.0,0.0,away,away,1.0,2.0,1.0,4.0,14,15
1180504,2024-07-07 16:00:00,Juventude,152,Gremio,15,2024,Serie A,130,3.0,0.0,3,home,False,win,19.0,18.0,19.0,5.0,4.0,5.0,6.0,12.0,3.0,0.0,1.0,away,home,0.0,1.0,2.0,1.0,11,15
1180574,2024-08-11 11:00:00,Juventude,152,Botafogo,22,2024,Serie A,120,3.0,2.0,3,home,False,win,25.0,24.0,27.0,6.0,7.0,7.0,3.0,9.0,1.0,1.0,0.0,away,away,1.0,1.0,1.0,2.0,12,15
1180658,2024-10-26 16:30:00,Juventude,152,Flamengo,31,2024,Serie A,127,2.0,4.0,0,away,False,lose,34.0,38.0,48.0,8.0,10.0,13.0,5.0,9.0,2.0,0.0,0.0,home,home,3.0,0.0,5.0,3.0,18,15
1180674,2024-11-02 18:30:00,Juventude,152,Fortaleza EC,32,2024,Serie A,154,0.0,3.0,0,home,False,lose,34.0,38.0,51.0,8.0,10.0,14.0,2.0,9.0,1.0,0.0,3.0,away,home,2.0,2.0,4.0,1.0,18,15
1180374,2024-04-17 20:00:00,Juventude,152,Corinthians,2,2024,Serie A,131,2.0,0.0,3,home,False,win,4.0,3.0,1.0,1.0,1.0,0.0,,,,1.0,0.0,away,away,1.0,1.0,1.0,5.0,3,15
1180634,2024-09-29 11:00:00,Juventude,152,RB Bragantino,28,2024,Serie A,794,1.0,1.0,1,home,False,draw,33.0,32.0,38.0,8.0,9.0,11.0,4.0,11.0,4.0,0.0,1.0,away,away,0.0,1.0,1.0,1.0,12,15
1180418,2024-06-01 18:30:00,Juventude,152,Fluminense,7,2024,Serie A,124,1.0,1.0,1,away,False,draw,6.0,6.0,8.0,1.0,3.0,1.0,5.0,,4.0,1.0,3.0,home,home,1.0,1.0,1.0,0.0,14,15
1180617,2024-09-21 16:00:00,Juventude,152,Vitoria,27,2024,Serie A,136,0.0,1.0,0,away,False,lose,32.0,31.0,37.0,8.0,8.0,11.0,7.0,11.0,4.0,3.0,1.0,home,home,2.0,1.0,1.0,1.0,11,15
1180379,2024-04-21 18:30:00,Juventude,152,Botafogo,3,2024,Serie A,120,1.0,5.0,0,away,False,lose,4.0,4.0,6.0,1.0,1.0,1.0,,,,3.0,1.0,home,home,2.0,1.0,0.0,1.0,13,15
1180405,2024-08-14 19:30:00,Juventude,152,Internacional,6,2024,Serie A,119,1.0,2.0,0,away,False,lose,25.0,25.0,29.0,6.0,7.0,8.0,5.0,,4.0,3.0,3.0,home,away,3.0,2.0,2.0,1.0,4,15
1180734,2024-12-08 16:00:00,Juventude,152,Cruzeiro,38,2024,Serie A,135,0.0,1.0,0,home,False,lose,45.0,48.0,59.0,11.0,12.0,15.0,11.0,13.0,7.0,3.0,,away,,2.0,,1.0,,15,15
1180684,2024-11-09 19:00:00,Juventude,152,Bahia,33,2024,Serie A,118,2.0,1.0,3,home,False,win,37.0,40.0,52.0,9.0,10.0,14.0,2.0,6.0,0.0,0.0,1.0,home,away,0.0,2.0,3.0,2.0,16,15
1351188,2025-07-20 16:00:00,Juventude,152,Cruzeiro,15,2025,Serie A,135,0.0,4.0,0,away,False,lose,11.0,10.0,28.0,3.0,2.0,8.0,4.0,8.0,3.0,3.0,0.0,home,home,2.0,0.0,0.0,1.0,18,19
1351155,2025-10-11 19:00:00,Juventude,152,Palmeiras,12,2025,Serie A,121,1.0,4.0,0,away,False,lose,23.0,22.0,52.0,6.0,5.0,16.0,2.0,12.0,2.0,0.0,0.0,home,away,1.0,0.0,2.0,1.0,9,19
1351240,2025-08-16 18:30:00,Juventude,152,Vitoria,20,2025,Serie A,136,2.0,2.0,1,away,False,draw,15.0,15.0,38.0,4.0,3.0,11.0,3.0,7.0,3.0,3.0,3.0,home,home,2.0,2.0,1.0,0.0,18,19
1478033,2025-11-28 19:00:00,Juventude,152,Bahia,36,2025,Serie A,118,,,0,home,False,,33.0,33.0,64.0,9.0,6.0,20.0,7.0,10.0,4.0,0.0,0.0,away,home,1.0,,2.0,,19,19
1478025,2025-11-23 16:00:00,Juventude,152,Sao Paulo,35,2025,Serie A,126,1.0,2.0,0,away,False,lose,33.0,33.0,64.0,9.0,6.0,20.0,7.0,11.0,7.0,1.0,0.0,home,home,3.0,,3.0,,19,19
1478043,2025-12-03 19:30:00,Juventude,152,Santos,37,2025,Serie A,128,,,0,home,False,,33.0,33.0,64.0,9.0,6.0,20.0,7.0,10.0,1.0,0.0,0.0,home,away,,,,,19,19
1351252,2025-08-24 18:30:00,Juventude,152,Botafogo,21,2025,Serie A,120,1.0,3.0,0,home,False,lose,18.0,18.0,41.0,5.0,3.0,12.0,7.0,10.0,7.0,3.0,3.0,home,away,2.0,1.0,0.0,0.0,18,19
1351292,2025-09-27 18:30:00,Juventude,152,Internacional,25,2025,Serie A,119,1.0,1.0,1,home,False,draw,22.0,20.0,46.0,6.0,4.0,14.0,6.0,10.0,3.0,0.0,1.0,away,away,0.0,0.0,2.0,0.0,17,19
1351052,2025-03-29 18:30:00,Juventude,152,Vitoria,1,2025,Serie A,136,2.0,0.0,3,home,False,win,3.0,2.0,0.0,1.0,0.0,0.0,,,,,0.0,,away,,0.0,,2.0,2,19
1351073,2025-04-16 21:30:00,Juventude,152,Flamengo,4,2025,Serie A,127,0.0,6.0,0,away,False,lose,6.0,4.0,9.0,2.0,0.0,2.0,,,6.0,3.0,1.0,home,home,2.0,2.0,1.0,2.0,8,19
1351272,2025-09-14 16:00:00,Juventude,152,Flamengo,23,2025,Serie A,127,0.0,2.0,0,home,False,lose,21.0,19.0,43.0,6.0,3.0,13.0,10.0,13.0,6.0,3.0,0.0,away,away,1.0,0.0,0.0,2.0,18,19
1351277,2025-09-21 16:00:00,Juventude,152,Mirassol,24,2025,Serie A,7848,0.0,2.0,0,away,False,lose,21.0,19.0,45.0,6.0,3.0,14.0,7.0,10.0,3.0,0.0,1.0,home,home,0.0,1.0,2.0,1.0,18,19
1351364,2025-11-08 18:00:00,Juventude,152,Vasco DA Gama,33,2025,Serie A,133,3.0,1.0,3,away,False,win,32.0,29.0,59.0,9.0,5.0,19.0,6.0,8.0,3.0,3.0,1.0,away,home,2.0,3.0,0.0,3.0,18,19
1351121,2025-05-10 16:00:00,Juventude,152,Fortaleza EC,8,2025,Serie A,154,0.0,5.0,0,away,False,lose,7.0,7.0,20.0,2.0,1.0,5.0,4.0,,1.0,0.0,1.0,home,home,0.0,1.0,1.0,1.0,18,19
1351172,2025-07-14 20:00:00,Juventude,152,Sport Recife,13,2025,Serie A,123,2.0,0.0,3,home,False,win,11.0,10.0,24.0,3.0,2.0,7.0,1.0,5.0,1.0,0.0,0.0,home,away,0.0,0.0,2.0,4.0,17,19
1351232,2025-08-11 20:00:00,Juventude,152,Corinthians,19,2025,Serie A,131,2.0,1.0,3,home,False,win,14.0,13.0,36.0,4.0,2.0,11.0,3.0,4.0,0.0,0.0,1.0,away,away,1.0,2.0,3.0,2.0,19,19
1351137,2025-05-26 20:00:00,Juventude,152,RB Bragantino,10,2025,Serie A,794,0.0,1.0,0,away,False,lose,8.0,8.0,22.0,2.0,2.0,6.0,2.0,,1.0,1.0,0.0,home,home,1.0,0.0,1.0,2.0,19,19
1351216,2025-08-04 20:00:00,Juventude,152,Santos,18,2025,Serie A,128,1.0,3.0,0,away,False,lose,11.0,11.0,35.0,3.0,2.0,11.0,3.0,4.0,0.0,0.0,3.0,away,home,0.0,2.0,3.0,1.0,19,19
1351332,2025-10-20 19:00:00,Juventude,152,RB Bragantino,29,2025,Serie A,794,1.0,0.0,3,home,False,win,26.0,23.0,53.0,7.0,5.0,17.0,2.0,8.0,0.0,0.0,0.0,away,away,0.0,1.0,1.0,3.0,18,19
1478015,2025-11-20 16:00:00,Juventude,152,Cruzeiro,34,2025,Serie A,135,3.0,3.0,1,home,False,draw,33.0,32.0,62.0,9.0,6.0,19.0,9.0,11.0,6.0,3.0,0.0,away,away,3.0,1.0,1.0,2.0,19,19
1351152,2025-06-01 16:00:00,Juventude,152,Gremio,11,2025,Serie A,130,0.0,2.0,0,home,False,lose,8.0,8.0,24.0,2.0,2.0,7.0,1.0,8.0,1.0,0.0,3.0,away,home,0.0,2.0,1.0,0.0,19,19
1351202,2025-07-24 19:00:00,Juventude,152,Sao Paulo,16,2025,Serie A,126,0.0,1.0,0,home,False,lose,11.0,10.0,29.0,3.0,2.0,9.0,4.0,5.0,3.0,0.0,0.0,away,away,0.0,0.0,4.0,3.0,19,19
1351298,2025-09-30 21:30:00,Juventude,152,Atletico-MG,26,2025,Serie A,1062,0.0,0.0,1,away,False,draw,23.0,20.0,46.0,6.0,5.0,14.0,4.0,11.0,1.0,1.0,0.0,home,home,1.0,1.0,1.0,2.0,18,19
1351092,2025-04-20 11:00:00,Juventude,152,Mirassol,5,2025,Serie A,7848,2.0,2.0,1,home,False,draw,7.0,6.0,11.0,2.0,1.0,2.0,,,3.0,0.0,0.0,away,away,0.0,1.0,6.0,3.0,9,19
1351132,2025-05-18 16:00:00,Juventude,152,Fluminense,9,2025,Serie A,124,1.0,1.0,1,home,False,draw,8.0,8.0,21.0,2.0,2.0,5.0,1.0,,0.0,0.0,0.0,away,away,0.0,0.0,5.0,1.0,18,19
1351182,2025-08-20 19:00:00,Juventude,152,Vasco DA Gama,14,2025,Serie A,133,2.0,0.0,3,home,False,win,18.0,17.0,38.0,5.0,3.0,11.0,4.0,8.0,4.0,1.0,0.0,away,home,2.0,1.0,2.0,3.0,14,19
1351210,2025-07-27 18:30:00,Juventude,152,Bahia,17,2025,Serie A,118,0.0,3.0,0,away,False,lose,11.0,10.0,32.0,3.0,2.0,10.0,3.0,5.0,3.0,0.0,0.0,home,away,0.0,1.0,1.0,3.0,19,19
1351339,2025-10-26 16:00:00,Juventude,152,Gremio,30,2025,Serie A,130,1.0,3.0,0,away,False,lose,26.0,24.0,56.0,7.0,5.0,18.0,4.0,8.0,3.0,3.0,0.0,home,home,1.0,0.0,0.0,2.0,19,19
1478050,2025-12-07 16:00:00,Juventude,152,Corinthians,38,2025,Serie A,131,,,0,away,False,,33.0,33.0,64.0,9.0,6.0,20.0,4.0,10.0,0.0,0.0,,home,,,,,,19,19
1351261,2025-08-30 16:00:00,Juventude,152,Ceara,22,2025,Serie A,129,1.0,0.0,3,away,False,win,21.0,19.0,41.0,6.0,3.0,12.0,7.0,10.0,4.0,0.0,0.0,home,home,1.0,0.0,3.0,2.0,18,19
1351352,2025-11-02 18:30:00,Juventude,152,Palmeiras,31,2025,Serie A,121,0.0,2.0,0,home,False,lose,26.0,24.0,58.0,7.0,5.0,19.0,3.0,8.0,3.0,0.0,3.0,away,away,1.0,2.0,3.0,0.0,19,19
1351362,2025-11-05 19:00:00,Juventude,152,Sport Recife,32,2025,Serie A,123,2.0,0.0,3,away,False,win,29.0,26.0,58.0,8.0,5.0,19.0,3.0,5.0,3.0,0.0,3.0,home,away,0.0,3.0,2.0,1.0,18,19
1351054,2025-04-05 21:00:00,Juventude,152,Botafogo,2,2025,Serie A,120,0.0,2.0,0,away,False,lose,3.0,2.0,2.0,1.0,0.0,1.0,,,,3.0,3.0,home,home,2.0,2.0,0.0,1.0,8,19
1351313,2025-10-16 21:30:00,Juventude,152,Fluminense,28,2025,Serie A,124,0.0,1.0,0,away,False,lose,23.0,22.0,53.0,6.0,5.0,17.0,2.0,9.0,1.0,0.0,3.0,away,home,1.0,1.0,4.0,0.0,19,19
1351112,2025-05-05 20:00:00,Juventude,152,Atletico-MG,7,2025,Serie A,1062,0.0,1.0,0,home,False,lose,7.0,7.0,15.0,2.0,1.0,4.0,4.0,,1.0,0.0,0.0,away,away,1.0,0.0,3.0,5.0,15,19
1351312,2025-10-05 18:30:00,Juventude,152,Fortaleza EC,27,2025,Serie A,154,1.0,2.0,0,home,False,lose,23.0,21.0,48.0,6.0,5.0,15.0,5.0,12.0,2.0,1.0,0.0,away,away,0.0,1.0,0.0,4.0,19,19
1351072,2025-04-12 16:00:00,Juventude,152,Ceara,3,2025,Serie A,129,2.0,1.0,3,home,False,win,6.0,4.0,3.0,2.0,0.0,1.0,,,,0.0,0.0,away,away,0.0,0.0,2.0,6.0,3,19
1351099,2025-04-26 16:00:00,Juventude,152,Internacional,6,2025,Serie A,119,1.0,3.0,0,away,False,lose,7.0,7.0,14.0,2.0,1.0,3.0,7.0,,4.0,1.0,0.0,home,home,2.0,0.0,2.0,1.0,13,19
1180470,2024-06-26 20:00:00,Corinthians,131,Cuiaba,12,2024,Serie A,1193,1.0,1.0,1,home,False,draw,9.0,9.0,13.0,1.0,6.0,5.0,3.0,7.0,2.0,1.0,0.0,away,away,1.0,0.0,1.0,2.0,18,7
1180714,2024-11-30 19:30:00,Corinthians,131,Criciuma,36,2024,Serie A,140,4.0,2.0,3,away,False,win,50.0,48.0,45.0,13.0,11.0,12.0,15.0,22.0,9.0,3.0,3.0,home,home,3.0,3.0,1.0,0.0,8,7
1180700,2024-11-24 16:00:00,Corinthians,131,Vasco DA Gama,35,2024,Serie A,133,3.0,1.0,3,home,False,win,47.0,44.0,43.0,12.0,11.0,12.0,15.0,22.0,9.0,3.0,3.0,home,away,2.0,4.0,1.0,2.0,9,7
1180720,2024-12-03 20:00:00,Corinthians,131,Bahia,37,2024,Serie A,118,3.0,0.0,3,home,False,win,53.0,51.0,45.0,14.0,11.0,12.0,15.0,25.0,9.0,3.0,3.0,away,away,4.0,3.0,2.0,0.0,7,7
1180560,2024-08-04 16:00:00,Corinthians,131,Juventude,21,2024,Serie A,152,1.0,1.0,1,home,False,draw,20.0,19.0,28.0,4.0,8.0,9.0,7.0,12.0,4.0,0.0,1.0,away,home,1.0,1.0,2.0,1.0,18,7
1180600,2024-09-01 16:00:00,Corinthians,131,Flamengo,25,2024,Serie A,127,2.0,1.0,3,home,False,win,25.0,22.0,31.0,5.0,10.0,10.0,3.0,10.0,2.0,0.0,0.0,away,away,0.0,1.0,1.0,2.0,17,7
1180360,2024-04-14 16:00:00,Corinthians,131,Atletico-MG,1,2024,Serie A,1062,0.0,0.0,1,home,False,draw,1.0,0.0,0.0,0.0,1.0,0.0,,,,,0.0,,away,,0.0,,2.0,13,7
1180390,2024-04-28 16:00:00,Corinthians,131,Fluminense,4,2024,Serie A,124,3.0,0.0,3,home,False,win,4.0,3.0,3.0,1.0,1.0,2.0,,,1.0,0.0,1.0,away,home,0.0,0.0,1.0,0.0,15,7
1180578,2024-08-17 21:00:00,Corinthians,131,Fluminense,23,2024,Serie A,124,0.0,0.0,1,away,False,draw,22.0,20.0,29.0,4.0,10.0,9.0,6.0,12.0,2.0,1.0,0.0,home,away,1.0,0.0,1.0,1.0,17,7
1180592,2024-08-25 16:00:00,Corinthians,131,Fortaleza EC,24,2024,Serie A,154,0.0,1.0,0,away,False,lose,22.0,20.0,30.0,4.0,10.0,10.0,4.0,13.0,3.0,1.0,3.0,away,home,0.0,2.0,0.0,1.0,18,7
1180677,2024-11-09 16:30:00,Corinthians,131,Vitoria,33,2024,Serie A,136,2.0,1.0,3,away,False,win,41.0,39.0,41.0,10.0,11.0,12.0,10.0,17.0,9.0,3.0,3.0,home,home,2.0,2.0,0.0,1.0,11,7
1180546,2024-07-28 19:00:00,Corinthians,131,Atletico-MG,20,2024,Serie A,1062,1.0,2.0,0,away,False,lose,19.0,18.0,27.0,4.0,7.0,9.0,7.0,12.0,7.0,1.0,1.0,home,home,2.0,1.0,2.0,1.0,15,7
1180433,2024-06-11 19:00:00,Corinthians,131,Atletico Goianiense,8,2024,Serie A,144,2.0,2.0,1,away,False,draw,6.0,5.0,8.0,1.0,3.0,4.0,4.0,,1.0,0.0,1.0,home,home,0.0,2.0,1.0,2.0,15,7
1180480,2024-07-01 20:00:00,Corinthians,131,Palmeiras,13,2024,Serie A,121,0.0,2.0,0,away,False,lose,9.0,9.0,15.0,1.0,6.0,6.0,4.0,8.0,2.0,1.0,3.0,home,home,1.0,3.0,1.0,2.0,19,7
1180540,2024-07-25 20:00:00,Corinthians,131,Gremio,19,2024,Serie A,130,2.0,2.0,1,home,False,draw,19.0,17.0,25.0,4.0,7.0,8.0,9.0,12.0,6.0,3.0,0.0,away,away,1.0,1.0,0.0,2.0,16,7
1180445,2024-06-19 21:30:00,Corinthians,131,Internacional,10,2024,Serie A,119,0.0,1.0,0,away,False,lose,7.0,7.0,11.0,1.0,4.0,5.0,3.0,,2.0,1.0,1.0,home,away,2.0,1.0,2.0,1.0,18,7
1180527,2024-07-21 16:00:00,Corinthians,131,Bahia,18,2024,Serie A,118,1.0,0.0,3,away,False,win,18.0,15.0,23.0,4.0,6.0,8.0,6.0,10.0,3.0,3.0,1.0,home,home,2.0,2.0,1.0,2.0,14,7
1180640,2024-10-05 19:00:00,Corinthians,131,Internacional,29,2024,Serie A,119,2.0,2.0,1,home,False,draw,29.0,29.0,38.0,6.0,11.0,12.0,6.0,10.0,3.0,0.0,3.0,away,home,1.0,5.0,3.0,2.0,18,7
1180690,2024-11-20 11:00:00,Corinthians,131,Cruzeiro,34,2024,Serie A,135,2.0,1.0,3,home,False,win,44.0,41.0,42.0,11.0,11.0,12.0,13.0,19.0,9.0,3.0,3.0,away,home,2.0,3.0,1.0,1.0,9,7
1180462,2024-06-23 16:00:00,Corinthians,131,Atletico Paranaense,11,2024,Serie A,134,1.0,1.0,1,away,False,draw,8.0,8.0,12.0,1.0,5.0,5.0,2.0,7.0,2.0,0.0,1.0,away,home,0.0,1.0,1.0,1.0,18,7
1180509,2024-07-10 19:00:00,Corinthians,131,Vasco DA Gama,16,2024,Serie A,133,0.0,2.0,0,away,False,lose,12.0,12.0,22.0,2.0,6.0,8.0,5.0,7.0,3.0,0.0,3.0,away,home,0.0,2.0,3.0,1.0,17,7
1180609,2024-09-14 21:00:00,Corinthians,131,Botafogo,26,2024,Serie A,120,1.0,2.0,0,away,False,lose,25.0,23.0,33.0,5.0,10.0,11.0,6.0,13.0,4.0,3.0,3.0,home,home,2.0,3.0,1.0,0.0,18,7
1180400,2024-05-04 21:00:00,Corinthians,131,Fortaleza EC,5,2024,Serie A,154,0.0,0.0,1,home,False,draw,5.0,3.0,3.0,1.0,2.0,2.0,,,3.0,3.0,0.0,home,away,3.0,0.0,0.0,2.0,15,7
1180440,2024-06-16 16:00:00,Corinthians,131,Sao Paulo,9,2024,Serie A,126,2.0,2.0,1,home,False,draw,7.0,7.0,10.0,1.0,4.0,4.0,5.0,,1.0,1.0,0.0,away,away,2.0,0.0,2.0,1.0,16,7
1180490,2024-07-04 20:00:00,Corinthians,131,Vitoria,14,2024,Serie A,136,3.0,2.0,3,home,False,win,12.0,12.0,17.0,2.0,6.0,6.0,3.0,8.0,2.0,0.0,0.0,away,away,0.0,0.0,2.0,3.0,17,7
1180520,2024-07-16 21:00:00,Corinthians,131,Criciuma,17,2024,Serie A,140,2.0,1.0,3,home,False,win,15.0,14.0,23.0,3.0,6.0,8.0,4.0,7.0,3.0,0.0,3.0,away,away,0.0,1.0,2.0,0.0,18,7
1180650,2024-10-17 20:00:00,Corinthians,131,Atletico Paranaense,30,2024,Serie A,134,5.0,2.0,3,home,False,win,32.0,34.0,40.0,7.0,11.0,12.0,7.0,10.0,4.0,1.0,3.0,home,away,2.0,1.0,2.0,0.0,17,7
1180496,2024-07-07 16:00:00,Corinthians,131,Cruzeiro,15,2024,Serie A,135,0.0,3.0,0,away,False,lose,12.0,12.0,20.0,2.0,6.0,7.0,5.0,8.0,4.0,3.0,0.0,home,away,3.0,0.0,2.0,2.0,17,7
1180570,2024-08-10 21:30:00,Corinthians,131,RB Bragantino,22,2024,Serie A,794,1.0,1.0,1,home,False,draw,21.0,20.0,29.0,4.0,9.0,9.0,8.0,12.0,2.0,1.0,1.0,home,away,1.0,0.0,1.0,0.0,17,7
1180663,2024-10-28 19:00:00,Corinthians,131,Cuiaba,31,2024,Serie A,1193,1.0,0.0,3,away,False,win,35.0,35.0,40.0,8.0,11.0,12.0,7.0,13.0,4.0,3.0,3.0,home,home,5.0,2.0,2.0,0.0,15,7
1180670,2024-11-04 20:00:00,Corinthians,131,Palmeiras,32,2024,Serie A,121,2.0,0.0,3,home,False,win,38.0,37.0,40.0,9.0,11.0,12.0,10.0,15.0,7.0,3.0,3.0,away,away,1.0,2.0,0.0,1.0,13,7
1180374,2024-04-17 20:00:00,Corinthians,131,Juventude,2,2024,Serie A,152,0.0,2.0,0,away,False,lose,1.0,0.0,2.0,0.0,1.0,1.0,,,,1.0,0.0,home,away,0.0,0.0,0.0,1.0,17,7
1180631,2024-09-29 16:00:00,Corinthians,131,Sao Paulo,28,2024,Serie A,126,1.0,3.0,0,away,False,lose,28.0,27.0,36.0,6.0,10.0,12.0,7.0,13.0,6.0,3.0,1.0,home,home,3.0,2.0,0.0,2.0,17,7
1180420,2024-06-01 21:00:00,Corinthians,131,Botafogo,7,2024,Serie A,120,0.0,1.0,0,home,False,lose,5.0,3.0,6.0,1.0,2.0,4.0,4.0,,4.0,0.0,1.0,away,away,0.0,2.0,2.0,2.0,17,7
1180620,2024-09-21 16:00:00,Corinthians,131,Atletico Goianiense,27,2024,Serie A,144,3.0,0.0,3,home,False,win,28.0,26.0,33.0,6.0,10.0,11.0,5.0,13.0,3.0,0.0,0.0,away,away,1.0,1.0,2.0,3.0,17,7
1180381,2024-04-20 18:30:00,Corinthians,131,RB Bragantino,3,2024,Serie A,794,0.0,1.0,0,away,False,lose,1.0,0.0,3.0,0.0,1.0,2.0,,,,0.0,3.0,away,home,0.0,3.0,2.0,0.0,18,7
1180408,2024-05-11 16:00:00,Corinthians,131,Flamengo,6,2024,Serie A,127,0.0,2.0,0,away,False,lose,5.0,3.0,5.0,1.0,2.0,3.0,5.0,,4.0,1.0,0.0,home,home,0.0,0.0,0.0,1.0,16,7
1180725,2024-12-08 16:00:00,Corinthians,131,Gremio,38,2024,Serie A,130,3.0,0.0,3,away,False,win,56.0,54.0,45.0,15.0,11.0,12.0,15.0,25.0,9.0,3.0,,home,,3.0,,0.0,,7,7
1351186,2025-07-19 21:00:00,Corinthians,131,Sao Paulo,15,2025,Serie A,126,0.0,2.0,0,away,False,lose,19.0,15.0,19.0,5.0,4.0,6.0,6.0,15.0,4.0,3.0,1.0,away,home,1.0,0.0,0.0,0.0,10,11
1351159,2025-06-12 20:00:00,Corinthians,131,Gremio,12,2025,Serie A,130,1.0,1.0,1,away,False,draw,16.0,13.0,15.0,4.0,4.0,4.0,8.0,14.0,5.0,1.0,0.0,home,home,0.0,1.0,0.0,2.0,13,11
1351235,2025-08-16 21:00:00,Corinthians,131,Bahia,20,2025,Serie A,118,1.0,2.0,0,home,False,lose,22.0,19.0,25.0,5.0,7.0,8.0,3.0,9.0,2.0,0.0,3.0,away,away,1.0,3.0,2.0,2.0,14,11
1478030,2025-11-30 16:00:00,Corinthians,131,Botafogo,36,2025,Serie A,120,,,0,home,False,,45.0,38.0,42.0,12.0,9.0,14.0,6.0,16.0,3.0,0.0,0.0,away,away,0.0,,3.0,,11,11
1478019,2025-11-23 20:30:00,Corinthians,131,Cruzeiro,35,2025,Serie A,135,0.0,3.0,0,away,False,lose,45.0,38.0,42.0,12.0,9.0,14.0,9.0,16.0,3.0,3.0,0.0,home,home,3.0,,1.0,,10,11
1478041,2025-12-03 19:00:00,Corinthians,131,Fortaleza EC,37,2025,Serie A,154,,,0,away,False,,45.0,38.0,42.0,12.0,9.0,14.0,3.0,15.0,3.0,0.0,0.0,home,home,,,,,11,11
1351244,2025-08-24 16:00:00,Corinthians,131,Vasco DA Gama,21,2025,Serie A,133,3.0,2.0,3,away,False,win,25.0,22.0,27.0,6.0,7.0,8.0,3.0,8.0,1.0,0.0,1.0,home,home,1.0,1.0,2.0,1.0,11,11
1351285,2025-09-28 20:30:00,Corinthians,131,Flamengo,25,2025,Serie A,127,1.0,2.0,0,home,False,lose,29.0,25.0,31.0,7.0,8.0,10.0,7.0,10.0,4.0,0.0,1.0,away,away,0.0,1.0,1.0,1.0,13,11
1351050,2025-03-30 20:00:00,Corinthians,131,Bahia,1,2025,Serie A,118,1.0,1.0,1,away,False,draw,1.0,1.0,1.0,0.0,1.0,0.0,,,,,3.0,,home,,3.0,,0.0,11,11
1351263,2025-09-13 21:00:00,Corinthians,131,Fluminense,23,2025,Serie A,124,1.0,0.0,3,away,False,win,29.0,24.0,28.0,7.0,8.0,8.0,5.0,10.0,4.0,1.0,0.0,home,away,1.0,0.0,1.0,1.0,9,11
1351282,2025-09-21 17:30:00,Corinthians,131,Sport Recife,24,2025,Serie A,123,0.0,1.0,0,away,False,lose,29.0,24.0,29.0,7.0,8.0,9.0,7.0,13.0,7.0,3.0,0.0,away,home,1.0,1.0,0.0,2.0,10,11
1351365,2025-11-09 16:00:00,Corinthians,131,Ceara,33,2025,Serie A,129,0.0,1.0,0,home,False,lose,42.0,35.0,38.0,11.0,9.0,13.0,9.0,16.0,6.0,0.0,3.0,away,home,1.0,3.0,2.0,1.0,13,11
1351117,2025-05-10 18:30:00,Corinthians,131,Mirassol,8,2025,Serie A,7848,1.0,2.0,0,away,False,lose,10.0,11.0,14.0,3.0,1.0,4.0,6.0,,6.0,3.0,3.0,home,home,4.0,1.0,2.0,0.0,10,11
1351165,2025-07-13 19:00:00,Corinthians,131,RB Bragantino,13,2025,Serie A,794,1.0,2.0,0,home,False,lose,16.0,14.0,17.0,4.0,4.0,5.0,6.0,12.0,3.0,1.0,3.0,away,away,1.0,1.0,1.0,0.0,12,11
1351232,2025-08-11 20:00:00,Corinthians,131,Juventude,19,2025,Serie A,152,1.0,2.0,0,away,False,lose,22.0,18.0,23.0,5.0,7.0,7.0,6.0,12.0,3.0,1.0,0.0,home,home,1.0,1.0,1.0,2.0,13,11
1351138,2025-05-24 21:00:00,Corinthians,131,Atletico-MG,10,2025,Serie A,1062,0.0,0.0,1,away,False,draw,14.0,12.0,14.0,4.0,2.0,4.0,9.0,,6.0,3.0,1.0,home,home,1.0,0.0,0.0,0.0,9,11
1351215,2025-08-03 16:00:00,Corinthians,131,Fortaleza EC,18,2025,Serie A,154,1.0,1.0,1,home,False,draw,22.0,17.0,21.0,5.0,7.0,6.0,5.0,11.0,2.0,1.0,0.0,away,away,1.0,1.0,1.0,2.0,12,11
1351325,2025-10-18 18:30:00,Corinthians,131,Atletico-MG,29,2025,Serie A,1062,1.0,0.0,3,home,False,win,36.0,31.0,35.0,9.0,9.0,11.0,4.0,11.0,4.0,0.0,3.0,away,away,1.0,1.0,3.0,0.0,11,11
1478012,2025-11-20 19:30:00,Corinthians,131,Sao Paulo,34,2025,Serie A,126,3.0,1.0,3,home,False,win,45.0,38.0,39.0,12.0,9.0,13.0,9.0,13.0,3.0,0.0,0.0,home,away,0.0,0.0,1.0,3.0,10,11
1351145,2025-06-01 18:30:00,Corinthians,131,Vitoria,11,2025,Serie A,136,0.0,0.0,1,home,False,draw,15.0,12.0,14.0,4.0,3.0,4.0,7.0,14.0,4.0,1.0,1.0,away,away,0.0,1.0,0.0,1.0,11,11
1351195,2025-07-23 19:30:00,Corinthians,131,Cruzeiro,16,2025,Serie A,135,0.0,0.0,1,home,False,draw,20.0,15.0,19.0,5.0,5.0,6.0,5.0,12.0,3.0,0.0,1.0,away,away,0.0,1.0,2.0,1.0,14,11
1351299,2025-10-01 19:30:00,Corinthians,131,Internacional,26,2025,Serie A,119,1.0,1.0,1,away,False,draw,30.0,26.0,32.0,7.0,9.0,10.0,7.0,10.0,3.0,0.0,3.0,home,home,1.0,3.0,2.0,0.0,13,11
1351085,2025-04-19 16:00:00,Corinthians,131,Sport Recife,5,2025,Serie A,123,2.0,1.0,3,home,False,win,7.0,6.0,6.0,2.0,1.0,2.0,,,3.0,0.0,0.0,home,away,0.0,0.0,2.0,4.0,6,11
1351125,2025-05-18 16:00:00,Corinthians,131,Santos,9,2025,Serie A,128,1.0,0.0,3,home,False,win,13.0,12.0,14.0,4.0,1.0,4.0,6.0,,3.0,0.0,1.0,away,away,1.0,0.0,2.0,0.0,8,11
1351181,2025-07-16 19:30:00,Corinthians,131,Ceara,14,2025,Serie A,129,1.0,0.0,3,away,False,win,19.0,15.0,17.0,5.0,4.0,5.0,6.0,12.0,2.0,0.0,0.0,home,away,1.0,0.0,2.0,2.0,12,11
1351204,2025-07-26 18:30:00,Corinthians,131,Botafogo,17,2025,Serie A,120,1.0,1.0,1,away,False,draw,21.0,16.0,20.0,5.0,6.0,6.0,5.0,13.0,4.0,1.0,1.0,home,home,0.0,1.0,0.0,1.0,11,11
1351340,2025-10-25 16:00:00,Corinthians,131,Vitoria,30,2025,Serie A,136,1.0,0.0,3,away,False,win,39.0,32.0,35.0,10.0,9.0,11.0,7.0,14.0,6.0,3.0,3.0,home,home,1.0,2.0,0.0,0.0,10,11
1478050,2025-12-07 16:00:00,Corinthians,131,Juventude,38,2025,Serie A,152,,,0,home,False,,45.0,38.0,42.0,12.0,9.0,14.0,3.0,12.0,0.0,0.0,,away,,,,,,11,11
1351255,2025-08-31 18:30:00,Corinthians,131,Palmeiras,22,2025,Serie A,121,1.0,1.0,1,home,False,draw,26.0,23.0,28.0,6.0,8.0,8.0,5.0,10.0,3.0,3.0,3.0,away,away,3.0,1.0,2.0,0.0,12,11
1351345,2025-11-02 16:00:00,Corinthians,131,Gremio,31,2025,Serie A,130,2.0,0.0,3,home,False,win,42.0,34.0,35.0,11.0,9.0,11.0,10.0,17.0,6.0,3.0,0.0,away,away,1.0,1.0,0.0,2.0,10,11
1351357,2025-11-05 19:00:00,Corinthians,131,RB Bragantino,32,2025,Serie A,794,1.0,2.0,0,away,False,lose,42.0,35.0,37.0,11.0,9.0,12.0,12.0,17.0,9.0,3.0,0.0,home,home,2.0,0.0,0.0,1.0,10,11
1351055,2025-04-05 18:30:00,Corinthians,131,Vasco DA Gama,2,2025,Serie A,133,3.0,0.0,3,home,False,win,4.0,4.0,1.0,1.0,1.0,0.0,,,,1.0,0.0,away,away,1.0,0.0,1.0,2.0,2,11
1351316,2025-10-15 21:30:00,Corinthians,131,Santos,28,2025,Serie A,128,1.0,3.0,0,away,False,lose,33.0,30.0,35.0,8.0,9.0,11.0,7.0,12.0,4.0,3.0,3.0,home,home,3.0,1.0,0.0,0.0,13,11
1351105,2025-05-03 18:30:00,Corinthians,131,Internacional,7,2025,Serie A,119,4.0,2.0,3,home,False,win,10.0,10.0,12.0,3.0,1.0,3.0,6.0,,3.0,0.0,0.0,away,away,0.0,1.0,4.0,2.0,8,11
1351305,2025-10-04 21:00:00,Corinthians,131,Mirassol,27,2025,Serie A,7848,3.0,0.0,3,home,False,win,33.0,29.0,32.0,8.0,9.0,10.0,5.0,10.0,1.0,1.0,0.0,away,away,1.0,1.0,1.0,3.0,12,11
1351065,2025-04-12 18:30:00,Corinthians,131,Palmeiras,3,2025,Serie A,121,0.0,2.0,0,away,False,lose,4.0,4.0,3.0,1.0,1.0,1.0,,,,3.0,0.0,home,home,3.0,0.0,0.0,2.0,9,11
1351093,2025-04-27 16:00:00,Corinthians,131,Flamengo,6,2025,Serie A,127,0.0,4.0,0,away,False,lose,7.0,6.0,10.0,2.0,1.0,3.0,7.0,,3.0,3.0,3.0,home,home,2.0,4.0,1.0,2.0,12,11
1351075,2025-04-16 19:30:00,Corinthians,131,Fluminense,4,2025,Serie A,124,0.0,2.0,0,home,False,lose,4.0,4.0,5.0,1.0,1.0,2.0,,,4.0,0.0,3.0,away,home,0.0,2.0,2.0,1.0,14,11
1351154,2025-09-17 19:30:00,Mirassol,7848,Botafogo,12,2025,Serie A,120,3.0,3.0,1,away,False,draw,39.0,39.0,23.0,10.0,9.0,3.0,10.0,21.0,9.0,3.0,3.0,away,home,1.0,2.0,0.0,0.0,4,4
1351237,2025-08-18 20:00:00,Mirassol,7848,Cruzeiro,20,2025,Serie A,135,1.0,1.0,1,home,False,draw,29.0,29.0,19.0,7.0,8.0,3.0,10.0,21.0,4.0,0.0,3.0,away,away,1.0,1.0,2.0,0.0,6,4
1478036,2025-11-29 16:00:00,Mirassol,7848,Vitoria,36,2025,Serie A,136,,,0,away,False,,63.0,58.0,34.0,17.0,12.0,6.0,8.0,20.0,7.0,3.0,0.0,home,away,3.0,,0.0,,4,4
1478023,2025-11-24 19:00:00,Mirassol,7848,Ceara,35,2025,Serie A,129,3.0,0.0,3,home,False,win,63.0,58.0,34.0,17.0,12.0,6.0,8.0,18.0,4.0,1.0,0.0,away,away,1.0,,1.0,,4,4
1478046,2025-12-02 19:00:00,Mirassol,7848,Vasco DA Gama,37,2025,Serie A,133,,,0,away,False,,63.0,58.0,34.0,17.0,12.0,6.0,7.0,20.0,4.0,0.0,0.0,away,home,,,,,4,4
1351251,2025-08-24 18:30:00,Mirassol,7848,Fortaleza EC,21,2025,Serie A,154,1.0,0.0,3,away,False,win,32.0,30.0,19.0,8.0,8.0,3.0,8.0,19.0,4.0,1.0,3.0,home,home,1.0,5.0,1.0,1.0,6,4
1351288,2025-09-27 21:00:00,Mirassol,7848,Atletico-MG,25,2025,Serie A,1062,0.0,1.0,0,away,False,lose,42.0,41.0,24.0,11.0,9.0,4.0,13.0,21.0,7.0,3.0,1.0,home,home,2.0,1.0,0.0,1.0,4,4
1351048,2025-03-29 18:30:00,Mirassol,7848,Cruzeiro,1,2025,Serie A,135,1.0,2.0,0,away,False,lose,0.0,1.0,2.0,0.0,0.0,1.0,,,,,1.0,,home,,1.0,,1.0,18,4
1351077,2025-04-16 19:00:00,Mirassol,7848,Gremio,4,2025,Serie A,130,4.0,1.0,3,home,False,win,5.0,7.0,5.0,1.0,2.0,1.0,,,2.0,1.0,1.0,away,away,1.0,2.0,1.0,2.0,9,4
1351269,2025-09-13 16:00:00,Mirassol,7848,Gremio,23,2025,Serie A,130,1.0,0.0,3,away,False,win,38.0,36.0,20.0,10.0,8.0,3.0,10.0,21.0,7.0,3.0,1.0,home,away,5.0,3.0,1.0,3.0,4,4
1351277,2025-09-21 16:00:00,Mirassol,7848,Juventude,24,2025,Serie A,152,2.0,0.0,3,home,False,win,42.0,41.0,23.0,11.0,9.0,3.0,11.0,21.0,7.0,1.0,0.0,away,away,3.0,0.0,3.0,1.0,4,4
1351367,2025-11-09 20:30:00,Mirassol,7848,Palmeiras,33,2025,Serie A,121,2.0,1.0,3,home,False,win,59.0,54.0,33.0,16.0,11.0,6.0,10.0,17.0,4.0,0.0,1.0,away,away,0.0,1.0,1.0,1.0,4,4
1351117,2025-05-10 18:30:00,Mirassol,7848,Corinthians,8,2025,Serie A,131,2.0,1.0,3,home,False,win,10.0,13.0,11.0,2.0,4.0,2.0,6.0,,2.0,0.0,1.0,away,away,0.0,1.0,1.0,1.0,12,4
1351167,2025-10-08 21:00:00,Mirassol,7848,Fluminense,13,2025,Serie A,124,2.0,1.0,3,home,False,win,46.0,44.0,29.0,12.0,10.0,5.0,5.0,15.0,1.0,0.0,3.0,away,home,0.0,3.0,3.0,1.0,2,4
1351223,2025-08-09 18:30:00,Mirassol,7848,Flamengo,19,2025,Serie A,127,1.0,2.0,0,away,False,lose,28.0,28.0,18.0,7.0,7.0,3.0,11.0,21.0,7.0,3.0,1.0,home,home,3.0,1.0,2.0,1.0,6,4
1351136,2025-05-24 18:30:00,Mirassol,7848,Sao Paulo,10,2025,Serie A,126,2.0,0.0,3,away,False,win,14.0,16.0,12.0,3.0,5.0,2.0,6.0,,4.0,1.0,3.0,away,home,1.0,1.0,1.0,0.0,10,4
1351217,2025-08-02 18:30:00,Mirassol,7848,Vasco DA Gama,18,2025,Serie A,133,3.0,2.0,3,home,False,win,28.0,27.0,16.0,7.0,7.0,2.0,11.0,19.0,7.0,1.0,0.0,home,away,1.0,1.0,1.0,2.0,5,4
1351327,2025-10-19 18:30:00,Mirassol,7848,Sao Paulo,29,2025,Serie A,126,3.0,0.0,3,home,False,win,52.0,50.0,30.0,14.0,10.0,5.0,7.0,20.0,6.0,3.0,3.0,home,away,3.0,2.0,1.0,1.0,4,4
1478016,2025-11-19 21:30:00,Mirassol,7848,Santos,34,2025,Serie A,128,1.0,1.0,1,away,False,draw,60.0,55.0,34.0,16.0,12.0,6.0,10.0,17.0,4.0,3.0,3.0,home,home,2.0,3.0,1.0,0.0,4,4
1351147,2025-06-01 11:00:00,Mirassol,7848,Sport Recife,11,2025,Serie A,123,1.0,0.0,3,home,False,win,17.0,17.0,12.0,4.0,5.0,2.0,8.0,14.0,7.0,3.0,1.0,away,away,2.0,1.0,0.0,1.0,7,4
1351201,2025-07-23 19:00:00,Mirassol,7848,Ceara,16,2025,Serie A,129,2.0,0.0,3,away,False,win,24.0,23.0,13.0,6.0,6.0,2.0,11.0,19.0,7.0,3.0,1.0,home,home,3.0,1.0,0.0,1.0,11,4
1351297,2025-10-01 19:00:00,Mirassol,7848,RB Bragantino,26,2025,Serie A,794,1.0,1.0,1,home,False,draw,43.0,42.0,25.0,11.0,10.0,4.0,10.0,18.0,4.0,0.0,0.0,away,away,0.0,0.0,1.0,3.0,5,4
1351092,2025-04-20 11:00:00,Mirassol,7848,Juventude,5,2025,Serie A,152,2.0,2.0,1,away,False,draw,6.0,9.0,7.0,1.0,3.0,1.0,,,5.0,3.0,1.0,home,home,4.0,2.0,1.0,2.0,11,4
1351129,2025-05-18 20:30:00,Mirassol,7848,Internacional,9,2025,Serie A,119,1.0,1.0,1,away,False,draw,11.0,14.0,12.0,2.0,5.0,2.0,8.0,,4.0,3.0,3.0,home,away,2.0,2.0,1.0,0.0,12,4
1351175,2025-07-16 19:00:00,Mirassol,7848,Palmeiras,14,2025,Serie A,121,1.0,1.0,1,away,False,draw,18.0,18.0,13.0,4.0,6.0,2.0,10.0,17.0,7.0,3.0,3.0,home,home,1.0,3.0,0.0,0.0,15,4
1351207,2025-07-26 18:30:00,Mirassol,7848,Vitoria,17,2025,Serie A,136,1.0,1.0,1,home,False,draw,25.0,24.0,14.0,6.0,7.0,2.0,13.0,19.0,7.0,3.0,3.0,away,home,2.0,3.0,0.0,2.0,7,4
1351342,2025-10-25 18:30:00,Mirassol,7848,Sport Recife,30,2025,Serie A,123,2.0,1.0,3,away,False,win,55.0,52.0,31.0,15.0,10.0,5.0,10.0,20.0,9.0,3.0,1.0,home,home,3.0,0.0,0.0,0.0,4,4
1351187,2025-07-19 18:30:00,Mirassol,7848,Santos,15,2025,Serie A,128,3.0,0.0,3,home,False,win,21.0,21.0,13.0,5.0,6.0,2.0,11.0,17.0,7.0,1.0,3.0,away,away,1.0,2.0,1.0,0.0,7,4
1351257,2025-08-31 18:30:00,Mirassol,7848,Bahia,22,2025,Serie A,118,5.0,1.0,3,home,False,win,35.0,35.0,20.0,9.0,8.0,3.0,8.0,21.0,4.0,3.0,3.0,away,away,1.0,1.0,0.0,0.0,6,4
1351347,2025-11-01 18:00:00,Mirassol,7848,Botafogo,31,2025,Serie A,120,0.0,0.0,1,home,False,draw,56.0,52.0,31.0,15.0,11.0,5.0,12.0,20.0,9.0,3.0,0.0,away,away,2.0,0.0,1.0,1.0,4,4
1351353,2025-11-06 19:30:00,Mirassol,7848,Fluminense,32,2025,Serie A,124,0.0,1.0,0,away,False,lose,56.0,52.0,32.0,15.0,11.0,6.0,13.0,18.0,7.0,1.0,3.0,home,home,0.0,2.0,0.0,1.0,4,4
1351057,2025-04-06 18:30:00,Mirassol,7848,Fortaleza EC,2,2025,Serie A,154,1.0,1.0,1,home,False,draw,1.0,2.0,3.0,0.0,1.0,1.0,,,,0.0,1.0,away,away,1.0,1.0,2.0,1.0,17,4
1351317,2025-10-15 20:00:00,Mirassol,7848,Internacional,28,2025,Serie A,119,3.0,1.0,3,home,False,win,49.0,47.0,30.0,13.0,10.0,5.0,7.0,18.0,4.0,3.0,3.0,home,home,2.0,3.0,1.0,0.0,4,4
1351107,2025-05-05 19:00:00,Mirassol,7848,RB Bragantino,7,2025,Serie A,794,0.0,1.0,0,away,False,lose,7.0,11.0,10.0,1.0,4.0,2.0,7.0,,5.0,1.0,3.0,home,home,2.0,2.0,2.0,1.0,16,4
1351305,2025-10-04 21:00:00,Mirassol,7848,Corinthians,27,2025,Serie A,131,0.0,3.0,0,away,False,lose,43.0,42.0,28.0,11.0,10.0,5.0,8.0,18.0,4.0,1.0,3.0,home,home,1.0,2.0,1.0,1.0,6,4
1351070,2025-04-13 16:00:00,Mirassol,7848,Bahia,3,2025,Serie A,118,1.0,1.0,1,away,False,draw,2.0,3.0,4.0,0.0,2.0,1.0,,,,1.0,3.0,home,home,1.0,4.0,1.0,1.0,17,4
1351097,2025-04-26 18:30:00,Mirassol,7848,Atletico-MG,6,2025,Serie A,1062,2.0,2.0,1,home,False,draw,7.0,11.0,9.0,1.0,4.0,1.0,6.0,,5.0,1.0,0.0,away,away,2.0,0.0,2.0,1.0,14,4
1478053,2025-12-07 16:00:00,Mirassol,7848,Flamengo,38,2025,Serie A,127,,,0,home,False,,63.0,58.0,34.0,17.0,12.0,6.0,7.0,17.0,3.0,0.0,,away,,,,,,4,4
1180675,2024-11-08 19:00:00,Internacional,119,Fluminense,33,2024,Serie A,124,2.0,0.0,3,home,False,win,59.0,46.0,28.0,16.0,11.0,6.0,11.0,24.0,7.0,3.0,3.0,home,away,2.0,1.0,0.0,0.0,5,5
1180547,2024-07-27 20:00:00,Internacional,119,Bahia,20,2024,Serie A,118,1.0,1.0,1,away,False,draw,20.0,13.0,13.0,5.0,5.0,5.0,2.0,12.0,1.0,0.0,1.0,away,home,0.0,1.0,1.0,1.0,14,5
1180708,2024-12-01 16:00:00,Internacional,119,Flamengo,36,2024,Serie A,127,2.0,3.0,0,away,False,lose,65.0,53.0,32.0,18.0,11.0,7.0,13.0,24.0,9.0,3.0,0.0,home,home,4.0,0.0,1.0,1.0,4,5
1180695,2024-11-24 16:00:00,Internacional,119,RB Bragantino,35,2024,Serie A,794,4.0,1.0,3,home,False,win,65.0,51.0,29.0,18.0,11.0,6.0,13.0,24.0,9.0,3.0,0.0,away,away,1.0,2.0,0.0,3.0,3,5
1180715,2024-12-04 21:30:00,Internacional,119,Botafogo,37,2024,Serie A,120,0.0,1.0,0,home,False,lose,65.0,53.0,33.0,18.0,11.0,8.0,12.0,23.0,6.0,0.0,0.0,away,away,2.0,0.0,3.0,3.0,4,5
1180555,2024-08-04 17:00:00,Internacional,119,Palmeiras,21,2024,Serie A,121,1.0,1.0,1,home,False,draw,21.0,14.0,14.0,5.0,6.0,5.0,3.0,10.0,1.0,1.0,1.0,away,home,1.0,2.0,1.0,2.0,16,5
1180604,2024-09-01 18:30:00,Internacional,119,Juventude,25,2024,Serie A,152,3.0,1.0,3,away,False,win,32.0,22.0,19.0,8.0,8.0,6.0,8.0,11.0,4.0,1.0,3.0,away,home,0.0,2.0,0.0,1.0,10,5
1180355,2024-04-13 18:30:00,Internacional,119,Bahia,1,2024,Serie A,118,2.0,1.0,3,home,False,win,3.0,2.0,1.0,1.0,0.0,0.0,,,,,3.0,,away,,1.0,,0.0,3,5
1180385,2024-04-28 20:00:00,Internacional,119,Atletico Goianiense,4,2024,Serie A,144,1.0,1.0,1,home,False,draw,7.0,4.0,3.0,2.0,1.0,1.0,,,6.0,0.0,3.0,away,away,0.0,1.0,1.0,0.0,6,5
1180583,2024-08-18 16:00:00,Internacional,119,Atletico Goianiense,23,2024,Serie A,144,0.0,1.0,0,away,False,lose,25.0,18.0,18.0,6.0,7.0,6.0,6.0,11.0,5.0,3.0,3.0,home,home,2.0,1.0,1.0,0.0,13,5
1180585,2024-08-25 19:00:00,Internacional,119,Cruzeiro,24,2024,Serie A,135,1.0,0.0,3,home,False,win,28.0,19.0,18.0,7.0,7.0,6.0,6.0,8.0,4.0,0.0,1.0,away,away,0.0,0.0,1.0,0.0,11,5
1180465,2024-06-26 21:30:00,Internacional,119,Atletico-MG,12,2024,Serie A,1062,1.0,2.0,0,home,False,lose,17.0,9.0,7.0,5.0,2.0,3.0,10.0,17.0,6.0,3.0,1.0,away,away,1.0,1.0,0.0,1.0,9,5
1180425,2024-06-13 20:00:00,Internacional,119,Sao Paulo,8,2024,Serie A,126,0.0,0.0,1,home,False,draw,11.0,5.0,3.0,3.0,2.0,1.0,10.0,,4.0,3.0,0.0,away,away,1.0,1.0,0.0,2.0,10,5
1180484,2024-06-30 18:30:00,Internacional,119,Criciuma,13,2024,Serie A,140,1.0,1.0,1,away,False,draw,18.0,10.0,8.0,5.0,3.0,3.0,7.0,17.0,6.0,0.0,1.0,home,away,1.0,1.0,2.0,1.0,10,5
1180535,2024-09-11 19:30:00,Internacional,119,Fortaleza EC,19,2024,Serie A,154,2.0,1.0,3,home,False,win,35.0,24.0,20.0,9.0,8.0,6.0,10.0,13.0,7.0,3.0,3.0,away,home,3.0,3.0,1.0,0.0,8,5
1180445,2024-06-19 21:30:00,Internacional,119,Corinthians,10,2024,Serie A,131,1.0,0.0,3,home,False,win,14.0,7.0,5.0,4.0,2.0,2.0,5.0,,4.0,0.0,3.0,away,away,1.0,1.0,2.0,0.0,9,5
1180529,2024-07-20 18:30:00,Internacional,119,Botafogo,18,2024,Serie A,120,0.0,1.0,0,away,False,lose,19.0,12.0,12.0,5.0,4.0,5.0,5.0,13.0,2.0,0.0,1.0,home,away,1.0,1.0,2.0,1.0,13,5
1180640,2024-10-05 19:00:00,Internacional,119,Corinthians,29,2024,Serie A,131,2.0,2.0,1,away,False,draw,46.0,37.0,26.0,12.0,10.0,6.0,13.0,23.0,7.0,3.0,3.0,home,home,3.0,1.0,1.0,0.0,6,5
1180689,2024-11-21 20:00:00,Internacional,119,Vasco DA Gama,34,2024,Serie A,133,1.0,0.0,3,away,False,win,62.0,47.0,28.0,17.0,11.0,6.0,13.0,24.0,7.0,3.0,3.0,home,home,2.0,4.0,0.0,1.0,5,5
1180455,2024-06-22 17:30:00,Internacional,119,Gremio,11,2024,Serie A,130,1.0,0.0,3,away,False,win,17.0,8.0,5.0,5.0,2.0,2.0,8.0,14.0,4.0,3.0,0.0,home,home,1.0,1.0,0.0,2.0,7,5
1180511,2024-09-25 19:00:00,Internacional,119,RB Bragantino,16,2024,Serie A,794,2.0,2.0,1,away,False,draw,42.0,32.0,23.0,11.0,9.0,6.0,13.0,21.0,9.0,3.0,3.0,away,home,3.0,3.0,1.0,1.0,1,5
1180605,2024-09-16 20:00:00,Internacional,119,Cuiaba,26,2024,Serie A,1193,3.0,0.0,3,home,False,win,38.0,27.0,20.0,10.0,8.0,6.0,10.0,16.0,7.0,3.0,3.0,home,away,2.0,3.0,1.0,1.0,8,5
1180396,2024-08-28 19:30:00,Internacional,119,Cruzeiro,5,2024,Serie A,135,0.0,0.0,1,away,False,draw,29.0,19.0,18.0,7.0,8.0,6.0,,,6.0,3.0,3.0,home,away,1.0,3.0,0.0,1.0,4,5
1180437,2024-06-16 16:00:00,Internacional,119,Vitoria,9,2024,Serie A,136,1.0,2.0,0,away,False,lose,11.0,6.0,5.0,3.0,2.0,2.0,8.0,,5.0,1.0,3.0,home,home,0.0,1.0,0.0,0.0,10,5
1180488,2024-07-04 20:00:00,Internacional,119,Fluminense,14,2024,Serie A,124,1.0,1.0,1,away,False,draw,19.0,11.0,9.0,5.0,4.0,3.0,7.0,15.0,4.0,1.0,0.0,away,home,1.0,1.0,1.0,2.0,10,5
1180515,2024-10-30 19:00:00,Internacional,119,Flamengo,17,2024,Serie A,127,1.0,1.0,1,home,False,draw,53.0,42.0,28.0,14.0,11.0,6.0,11.0,24.0,7.0,3.0,3.0,away,home,3.0,2.0,1.0,0.0,2,5
1180645,2024-10-19 16:00:00,Internacional,119,Gremio,30,2024,Serie A,130,1.0,0.0,3,home,False,win,49.0,38.0,26.0,13.0,10.0,6.0,11.0,21.0,5.0,1.0,3.0,away,away,2.0,3.0,2.0,1.0,6,5
1180495,2024-07-07 18:00:00,Internacional,119,Vasco DA Gama,15,2024,Serie A,133,1.0,2.0,0,home,False,lose,19.0,12.0,11.0,5.0,4.0,4.0,8.0,13.0,2.0,1.0,0.0,away,away,1.0,0.0,1.0,1.0,10,5
1180565,2024-08-11 19:00:00,Internacional,119,Atletico Paranaense,22,2024,Serie A,134,2.0,2.0,1,home,False,draw,22.0,16.0,16.0,5.0,7.0,5.0,3.0,10.0,2.0,1.0,3.0,home,home,1.0,2.0,1.0,1.0,15,5
1180665,2024-11-05 21:30:00,Internacional,119,Criciuma,32,2024,Serie A,140,2.0,0.0,3,home,False,win,56.0,44.0,28.0,15.0,11.0,6.0,11.0,24.0,7.0,1.0,3.0,home,home,1.0,2.0,1.0,0.0,5,5
1180370,2024-04-17 20:00:00,Internacional,119,Palmeiras,2,2024,Serie A,121,1.0,0.0,3,away,False,win,6.0,3.0,1.0,2.0,0.0,0.0,,,,3.0,0.0,home,away,2.0,0.0,1.0,1.0,2,5
1180625,2024-09-29 18:30:00,Internacional,119,Vitoria,28,2024,Serie A,136,3.0,1.0,3,home,False,win,45.0,35.0,24.0,12.0,9.0,6.0,13.0,21.0,7.0,1.0,1.0,away,away,2.0,2.0,2.0,2.0,7,5
1180423,2024-06-01 18:30:00,Internacional,119,Cuiaba,7,2024,Serie A,1193,1.0,0.0,3,away,False,win,10.0,5.0,3.0,3.0,1.0,1.0,7.0,,4.0,1.0,1.0,home,home,1.0,0.0,1.0,0.0,8,5
1180621,2024-09-22 18:30:00,Internacional,119,Sao Paulo,27,2024,Serie A,126,3.0,1.0,3,away,False,win,41.0,30.0,21.0,11.0,8.0,6.0,13.0,19.0,9.0,3.0,1.0,home,away,3.0,2.0,0.0,2.0,8,5
1180382,2024-04-21 16:00:00,Internacional,119,Atletico Paranaense,3,2024,Serie A,134,0.0,1.0,0,away,False,lose,6.0,3.0,2.0,2.0,0.0,1.0,,,,3.0,1.0,away,home,1.0,1.0,0.0,1.0,8,5
1180405,2024-08-14 19:30:00,Internacional,119,Juventude,6,2024,Serie A,152,2.0,1.0,3,home,False,win,25.0,18.0,17.0,6.0,7.0,5.0,3.0,,3.0,1.0,0.0,home,away,2.0,0.0,2.0,1.0,3,5
1180732,2024-12-08 16:00:00,Internacional,119,Fortaleza EC,38,2024,Serie A,154,0.0,3.0,0,away,False,lose,65.0,53.0,36.0,18.0,11.0,9.0,9.0,20.0,3.0,0.0,,home,,0.0,,1.0,,5,5
1180656,2024-10-26 20:00:00,Internacional,119,Atletico-MG,31,2024,Serie A,1062,3.0,1.0,3,away,False,win,52.0,41.0,27.0,14.0,10.0,6.0,11.0,24.0,7.0,3.0,1.0,home,home,1.0,1.0,0.0,1.0,5,5
1180458,2024-06-23 16:00:00,Flamengo,127,Fluminense,11,2024,Serie A,124,1.0,0.0,3,away,False,win,24.0,19.0,9.0,7.0,3.0,1.0,13.0,21.0,7.0,3.0,0.0,home,away,2.0,1.0,1.0,2.0,1,3
1180678,2024-11-13 20:00:00,Flamengo,127,Atletico-MG,33,2024,Serie A,1062,0.0,0.0,1,home,False,draw,59.0,51.0,37.0,17.0,8.0,8.0,10.0,17.0,7.0,3.0,3.0,away,away,1.0,2.0,0.0,1.0,4,3
1180708,2024-12-01 16:00:00,Flamengo,127,Internacional,36,2024,Serie A,119,3.0,2.0,3,home,False,win,66.0,56.0,40.0,19.0,9.0,8.0,9.0,18.0,5.0,1.0,3.0,away,away,0.0,3.0,0.0,0.0,3,3
1180702,2024-11-26 20:00:00,Flamengo,127,Fortaleza EC,35,2024,Serie A,154,0.0,0.0,1,away,False,draw,63.0,53.0,38.0,18.0,9.0,8.0,11.0,18.0,7.0,3.0,3.0,away,home,2.0,3.0,1.0,2.0,5,3
1180724,2024-12-04 20:00:00,Flamengo,127,Criciuma,37,2024,Serie A,140,3.0,0.0,3,away,False,win,69.0,59.0,40.0,20.0,9.0,8.0,11.0,21.0,7.0,3.0,1.0,home,home,3.0,2.0,2.0,2.0,3,3
1180561,2024-08-03 21:30:00,Flamengo,127,Sao Paulo,21,2024,Serie A,126,0.0,1.0,0,away,False,lose,40.0,34.0,20.0,12.0,4.0,4.0,10.0,22.0,9.0,3.0,1.0,home,home,2.0,1.0,0.0,1.0,2,3
1180600,2024-09-01 16:00:00,Flamengo,127,Corinthians,25,2024,Serie A,131,1.0,2.0,0,away,False,lose,44.0,39.0,28.0,13.0,5.0,6.0,7.0,17.0,4.0,3.0,1.0,home,home,2.0,1.0,1.0,1.0,4,3
1180363,2024-04-14 16:00:00,Flamengo,127,Atletico Goianiense,1,2024,Serie A,144,2.0,1.0,3,away,False,win,3.0,2.0,1.0,1.0,0.0,0.0,,,,,3.0,,home,,2.0,,1.0,4,3
1180388,2024-04-28 11:00:00,Flamengo,127,Botafogo,4,2024,Serie A,120,0.0,2.0,0,home,False,lose,7.0,4.0,4.0,2.0,1.0,1.0,,,7.0,1.0,1.0,away,away,0.0,1.0,0.0,1.0,8,3
1180579,2024-08-18 18:30:00,Flamengo,127,Botafogo,23,2024,Serie A,120,1.0,4.0,0,away,False,lose,41.0,36.0,25.0,12.0,5.0,5.0,10.0,17.0,4.0,1.0,3.0,home,home,1.0,2.0,1.0,1.0,4,3
1180588,2024-08-25 20:00:00,Flamengo,127,RB Bragantino,24,2024,Serie A,794,2.0,1.0,3,home,False,win,44.0,38.0,26.0,13.0,5.0,5.0,7.0,17.0,1.0,0.0,0.0,away,away,1.0,1.0,4.0,2.0,4,3
1180548,2024-07-28 16:00:00,Flamengo,127,Atletico Goianiense,20,2024,Serie A,144,2.0,0.0,3,home,False,win,40.0,34.0,19.0,12.0,4.0,3.0,10.0,20.0,6.0,3.0,0.0,away,away,2.0,0.0,1.0,1.0,1,3
1180428,2024-06-13 20:00:00,Flamengo,127,Gremio,8,2024,Serie A,130,2.0,1.0,3,home,False,win,17.0,15.0,7.0,5.0,2.0,1.0,8.0,,7.0,3.0,1.0,away,away,6.0,1.0,1.0,1.0,1,3
1180478,2024-06-30 18:30:00,Flamengo,127,Cruzeiro,13,2024,Serie A,135,2.0,1.0,3,home,False,win,27.0,22.0,12.0,8.0,3.0,2.0,10.0,18.0,6.0,0.0,3.0,away,away,1.0,4.0,2.0,2.0,1,3
1180537,2024-07-24 20:00:00,Flamengo,127,Vitoria,19,2024,Serie A,136,2.0,1.0,3,away,False,win,37.0,32.0,19.0,11.0,4.0,3.0,10.0,20.0,4.0,3.0,3.0,home,home,2.0,2.0,1.0,0.0,5,3
1180448,2024-06-20 20:00:00,Flamengo,127,Bahia,10,2024,Serie A,118,2.0,1.0,3,home,False,win,21.0,18.0,9.0,6.0,3.0,1.0,11.0,,7.0,1.0,3.0,away,away,1.0,1.0,1.0,0.0,1,3
1180528,2024-07-20 16:00:00,Flamengo,127,Criciuma,18,2024,Serie A,140,2.0,1.0,3,home,False,win,34.0,30.0,18.0,10.0,4.0,3.0,7.0,20.0,4.0,0.0,3.0,home,away,1.0,2.0,2.0,1.0,3,3
1180637,2024-10-05 19:00:00,Flamengo,127,Bahia,29,2024,Serie A,118,2.0,0.0,3,away,False,win,51.0,45.0,32.0,15.0,6.0,7.0,7.0,14.0,4.0,3.0,0.0,home,home,1.0,0.0,0.0,2.0,4,3
1180693,2024-11-20 19:00:00,Flamengo,127,Cuiaba,34,2024,Serie A,1193,2.0,1.0,3,away,False,win,62.0,53.0,38.0,18.0,8.0,8.0,8.0,15.0,5.0,1.0,1.0,home,away,0.0,0.0,0.0,0.0,4,3
1180508,2024-07-11 20:00:00,Flamengo,127,Fortaleza EC,16,2024,Serie A,154,1.0,2.0,0,home,False,lose,31.0,28.0,17.0,9.0,4.0,3.0,10.0,23.0,7.0,1.0,3.0,home,home,1.0,2.0,1.0,1.0,5,3
1180608,2024-09-15 18:30:00,Flamengo,127,Vasco DA Gama,26,2024,Serie A,133,1.0,1.0,1,home,False,draw,45.0,40.0,29.0,13.0,6.0,6.0,4.0,14.0,3.0,0.0,0.0,away,away,1.0,2.0,2.0,3.0,4,3
1180401,2024-05-04 18:30:00,Flamengo,127,RB Bragantino,5,2024,Serie A,794,1.0,1.0,1,away,False,draw,8.0,5.0,5.0,2.0,2.0,1.0,,,4.0,0.0,3.0,home,home,0.0,2.0,2.0,0.0,12,3
1180442,2024-06-16 16:00:00,Flamengo,127,Atletico Paranaense,9,2024,Serie A,134,1.0,1.0,1,away,False,draw,18.0,16.0,8.0,5.0,3.0,1.0,10.0,,9.0,3.0,3.0,home,home,2.0,2.0,1.0,1.0,2,3
1180486,2024-07-03 21:30:00,Flamengo,127,Atletico-MG,14,2024,Serie A,1062,4.0,2.0,3,away,False,win,30.0,26.0,14.0,9.0,3.0,2.0,10.0,20.0,6.0,3.0,1.0,home,home,2.0,1.0,1.0,1.0,1,3
1180515,2024-10-30 19:00:00,Flamengo,127,Internacional,17,2024,Serie A,119,1.0,1.0,1,away,False,draw,55.0,50.0,37.0,16.0,7.0,8.0,9.0,14.0,6.0,3.0,3.0,home,away,4.0,1.0,2.0,0.0,1,3
1180648,2024-10-17 20:00:00,Flamengo,127,Fluminense,30,2024,Serie A,124,0.0,2.0,0,home,False,lose,51.0,45.0,34.0,15.0,6.0,8.0,7.0,14.0,6.0,3.0,3.0,away,home,2.0,4.0,0.0,2.0,4,3
1180498,2024-07-06 20:00:00,Flamengo,127,Cuiaba,15,2024,Serie A,1193,1.0,1.0,1,home,False,draw,31.0,27.0,15.0,9.0,4.0,2.0,12.0,23.0,6.0,3.0,0.0,away,home,4.0,1.0,2.0,2.0,1,3
1180568,2024-08-11 16:00:00,Flamengo,127,Palmeiras,22,2024,Serie A,121,1.0,1.0,1,home,False,draw,41.0,35.0,21.0,12.0,5.0,4.0,9.0,19.0,6.0,0.0,0.0,away,away,0.0,1.0,1.0,4.0,3,3
1180666,2024-11-06 21:00:00,Flamengo,127,Cruzeiro,32,2024,Serie A,135,1.0,0.0,3,away,False,win,58.0,51.0,37.0,17.0,7.0,8.0,10.0,14.0,4.0,1.0,1.0,away,home,1.0,0.0,1.0,0.0,4,3
1180368,2024-04-17 21:30:00,Flamengo,127,Sao Paulo,2,2024,Serie A,126,2.0,1.0,3,home,False,win,6.0,4.0,2.0,2.0,0.0,0.0,,,,3.0,1.0,away,away,2.0,0.0,1.0,0.0,1,3
1180628,2024-09-29 20:00:00,Flamengo,127,Atletico Paranaense,28,2024,Serie A,134,1.0,0.0,3,home,False,win,48.0,43.0,32.0,14.0,6.0,7.0,4.0,14.0,1.0,0.0,3.0,away,away,2.0,2.0,3.0,0.0,4,3
1180419,2024-06-02 16:00:00,Flamengo,127,Vasco DA Gama,7,2024,Serie A,133,6.0,1.0,3,away,False,win,14.0,13.0,6.0,4.0,2.0,1.0,8.0,,4.0,3.0,3.0,home,home,2.0,2.0,0.0,1.0,1,3
1180615,2024-09-22 18:30:00,Flamengo,127,Gremio,27,2024,Serie A,130,2.0,3.0,0,away,False,lose,45.0,42.0,32.0,13.0,6.0,7.0,5.0,14.0,4.0,1.0,3.0,home,home,1.0,1.0,1.0,0.0,4,3
1180380,2024-04-21 16:00:00,Flamengo,127,Palmeiras,3,2024,Serie A,121,0.0,0.0,1,away,False,draw,7.0,4.0,2.0,2.0,1.0,0.0,,,,3.0,0.0,home,home,2.0,0.0,1.0,2.0,4,3
1180408,2024-05-11 16:00:00,Flamengo,127,Corinthians,6,2024,Serie A,131,2.0,0.0,3,home,False,win,11.0,7.0,5.0,3.0,2.0,1.0,8.0,,2.0,1.0,3.0,away,away,1.0,6.0,1.0,1.0,7,3
1180728,2024-12-08 16:00:00,Flamengo,127,Vitoria,38,2024,Serie A,136,2.0,2.0,1,home,False,draw,70.0,61.0,42.0,20.0,10.0,8.0,11.0,21.0,7.0,3.0,,away,,3.0,,0.0,,3,3
1180658,2024-10-26 16:30:00,Flamengo,127,Juventude,31,2024,Serie A,152,4.0,2.0,3,home,False,win,54.0,49.0,36.0,16.0,6.0,8.0,7.0,11.0,6.0,0.0,1.0,home,away,0.0,1.0,2.0,1.0,4,3
1180474,2024-06-26 20:00:00,Flamengo,127,Juventude,12,2024,Serie A,152,1.0,2.0,0,away,False,lose,24.0,20.0,11.0,7.0,3.0,2.0,13.0,21.0,7.0,3.0,3.0,away,home,1.0,2.0,0.0,1.0,1,3
1180664,2024-10-26 22:00:00,Criciuma,140,Sao Paulo,31,2024,Serie A,126,1.0,1.0,1,home,False,draw,37.0,38.0,44.0,9.0,10.0,12.0,8.0,12.0,4.0,1.0,0.0,away,away,1.0,0.0,1.0,2.0,12,18
1180554,2024-07-27 19:00:00,Criciuma,140,Juventude,20,2024,Serie A,152,2.0,1.0,3,away,False,win,21.0,26.0,28.0,5.0,6.0,7.0,2.0,12.0,1.0,1.0,3.0,home,home,1.0,2.0,1.0,1.0,12,18
1180714,2024-11-30 19:30:00,Criciuma,140,Corinthians,36,2024,Serie A,131,2.0,4.0,0,home,False,lose,38.0,41.0,53.0,9.0,11.0,16.0,2.0,10.0,1.0,1.0,0.0,away,home,0.0,0.0,0.0,3.0,17,18
1180698,2024-11-26 19:00:00,Criciuma,140,Fluminense,35,2024,Serie A,124,0.0,0.0,1,away,False,draw,38.0,39.0,49.0,9.0,11.0,15.0,2.0,9.0,0.0,0.0,0.0,home,home,0.0,2.0,1.0,4.0,17,18
1180724,2024-12-04 20:00:00,Criciuma,140,Flamengo,37,2024,Serie A,127,0.0,3.0,0,home,False,lose,38.0,41.0,56.0,9.0,11.0,17.0,1.0,9.0,1.0,0.0,0.0,home,away,2.0,1.0,4.0,5.0,18,18
1180564,2024-08-03 20:00:00,Criciuma,140,Atletico-MG,21,2024,Serie A,1062,2.0,1.0,3,home,False,win,24.0,28.0,29.0,6.0,6.0,7.0,5.0,12.0,4.0,3.0,0.0,away,away,2.0,0.0,1.0,1.0,12,18
1180603,2024-08-31 18:30:00,Criciuma,140,Cuiaba,25,2024,Serie A,1193,1.0,2.0,0,away,False,lose,28.0,32.0,35.0,7.0,7.0,10.0,7.0,12.0,4.0,3.0,0.0,home,away,1.0,0.0,0.0,5.0,13,18
1180364,2024-04-13 18:30:00,Criciuma,140,Juventude,1,2024,Serie A,152,1.0,1.0,1,home,False,draw,1.0,1.0,1.0,0.0,1.0,0.0,,,,,1.0,,away,,1.0,,1.0,10,18
1180389,2024-04-27 16:00:00,Criciuma,140,Vasco DA Gama,4,2024,Serie A,133,4.0,0.0,3,away,False,win,5.0,6.0,2.0,1.0,2.0,0.0,,,2.0,1.0,0.0,away,home,1.0,1.0,1.0,2.0,10,18
1180584,2024-08-18 16:00:00,Criciuma,140,Vasco DA Gama,23,2024,Serie A,133,2.0,2.0,1,home,False,draw,25.0,30.0,32.0,6.0,7.0,8.0,7.0,12.0,6.0,0.0,0.0,away,home,0.0,0.0,1.0,1.0,14,18
1180471,2024-06-27 20:00:00,Criciuma,140,Sao Paulo,12,2024,Serie A,126,1.0,2.0,0,away,False,lose,12.0,17.0,18.0,3.0,3.0,4.0,7.0,12.0,7.0,3.0,1.0,home,home,2.0,1.0,1.0,1.0,13,18
1180676,2024-11-09 19:00:00,Criciuma,140,Cruzeiro,33,2024,Serie A,135,1.0,2.0,0,away,False,lose,37.0,39.0,48.0,9.0,10.0,14.0,5.0,12.0,2.0,0.0,0.0,away,home,0.0,0.0,2.0,1.0,15,18
1180432,2024-06-13 20:00:00,Criciuma,140,Atletico Paranaense,8,2024,Serie A,134,1.0,3.0,0,away,False,lose,5.0,10.0,12.0,1.0,2.0,3.0,5.0,,3.0,0.0,1.0,home,home,2.0,2.0,5.0,2.0,17,18
1180484,2024-06-30 18:30:00,Criciuma,140,Internacional,13,2024,Serie A,119,1.0,1.0,1,home,False,draw,13.0,18.0,19.0,3.0,4.0,4.0,7.0,12.0,6.0,0.0,3.0,away,home,1.0,1.0,2.0,0.0,13,18
1180544,2024-08-28 19:30:00,Criciuma,140,RB Bragantino,19,2024,Serie A,794,1.0,0.0,3,home,False,win,28.0,31.0,33.0,7.0,7.0,9.0,7.0,9.0,1.0,0.0,0.0,home,away,0.0,1.0,1.0,2.0,12,18
1180453,2024-06-19 19:00:00,Criciuma,140,Atletico Goianiense,10,2024,Serie A,144,2.0,1.0,3,away,False,win,9.0,14.0,15.0,2.0,3.0,3.0,4.0,,1.0,1.0,3.0,home,home,2.0,2.0,2.0,1.0,14,18
1180528,2024-07-20 16:00:00,Criciuma,140,Flamengo,18,2024,Serie A,127,1.0,2.0,0,away,False,lose,17.0,23.0,26.0,4.0,5.0,7.0,5.0,12.0,1.0,0.0,1.0,away,home,1.0,1.0,2.0,1.0,15,18
1180644,2024-10-03 19:00:00,Criciuma,140,Atletico Goianiense,29,2024,Serie A,144,2.0,0.0,3,home,False,win,35.0,36.0,42.0,9.0,8.0,12.0,4.0,11.0,4.0,0.0,1.0,away,away,0.0,1.0,1.0,1.0,12,18
1180694,2024-11-20 16:30:00,Criciuma,140,Vitoria,34,2024,Serie A,136,0.0,1.0,0,home,False,lose,37.0,39.0,49.0,9.0,10.0,15.0,5.0,9.0,1.0,0.0,1.0,away,away,1.0,0.0,2.0,0.0,17,18
1180594,2024-08-25 16:00:00,Criciuma,140,Gremio,24,2024,Serie A,130,0.0,1.0,0,home,False,lose,25.0,30.0,33.0,6.0,7.0,9.0,8.0,12.0,4.0,1.0,3.0,home,home,2.0,1.0,2.0,0.0,15,18
1180464,2024-06-22 16:00:00,Criciuma,140,Botafogo,11,2024,Serie A,120,2.0,1.0,3,home,False,win,12.0,16.0,16.0,3.0,3.0,3.0,4.0,9.0,4.0,3.0,0.0,away,away,2.0,1.0,1.0,2.0,13,18
1180514,2024-07-11 20:00:00,Criciuma,140,Fluminense,16,2024,Serie A,124,1.0,1.0,1,home,False,draw,17.0,21.0,22.0,4.0,5.0,5.0,7.0,11.0,4.0,0.0,0.0,away,away,1.0,1.0,2.0,2.0,15,18
1180610,2024-09-15 16:00:00,Criciuma,140,Palmeiras,26,2024,Serie A,121,0.0,5.0,0,away,False,lose,28.0,32.0,40.0,7.0,7.0,11.0,4.0,11.0,3.0,0.0,1.0,away,home,1.0,0.0,2.0,0.0,15,18
1180395,2024-09-25 19:00:00,Criciuma,140,Gremio,5,2024,Serie A,130,2.0,1.0,3,away,False,win,32.0,34.0,41.0,8.0,8.0,11.0,,,1.0,1.0,0.0,home,away,0.0,0.0,0.0,1.0,2,18
1180444,2024-06-16 18:30:00,Criciuma,140,Bahia,9,2024,Serie A,118,2.0,2.0,1,home,False,draw,6.0,12.0,14.0,1.0,3.0,3.0,4.0,,0.0,0.0,3.0,away,away,1.0,2.0,3.0,1.0,18,18
1180494,2024-07-03 20:00:00,Criciuma,140,Cruzeiro,14,2024,Serie A,135,1.0,0.0,3,home,False,win,16.0,19.0,19.0,4.0,4.0,4.0,8.0,12.0,4.0,1.0,0.0,home,away,1.0,1.0,1.0,2.0,12,18
1180520,2024-07-16 21:00:00,Criciuma,140,Corinthians,17,2024,Serie A,131,1.0,2.0,0,away,False,lose,17.0,22.0,24.0,4.0,5.0,6.0,5.0,12.0,4.0,1.0,0.0,home,away,1.0,1.0,1.0,2.0,15,18
1180649,2024-10-18 20:00:00,Criciuma,140,Botafogo,30,2024,Serie A,120,1.0,1.0,1,away,False,draw,36.0,37.0,43.0,9.0,9.0,12.0,7.0,11.0,6.0,3.0,1.0,home,home,2.0,1.0,0.0,1.0,11,18
1180497,2024-07-07 18:30:00,Criciuma,140,Vitoria,15,2024,Serie A,136,1.0,2.0,0,away,False,lose,16.0,20.0,21.0,4.0,4.0,5.0,10.0,14.0,4.0,3.0,1.0,home,home,1.0,1.0,0.0,1.0,14,18
1180572,2024-08-10 16:00:00,Criciuma,140,Fortaleza EC,22,2024,Serie A,154,0.0,1.0,0,away,False,lose,24.0,28.0,30.0,6.0,6.0,8.0,7.0,12.0,7.0,3.0,1.0,home,home,2.0,2.0,1.0,2.0,14,18
1180665,2024-11-05 21:30:00,Criciuma,140,Internacional,32,2024,Serie A,119,0.0,2.0,0,away,False,lose,37.0,38.0,46.0,9.0,10.0,13.0,8.0,12.0,5.0,1.0,0.0,home,away,1.0,1.0,1.0,2.0,15,18
1180366,2024-04-17 20:00:00,Criciuma,140,Atletico-MG,2,2024,Serie A,1062,1.0,1.0,1,away,False,draw,2.0,2.0,2.0,0.0,2.0,0.0,,,,1.0,3.0,home,away,1.0,4.0,1.0,0.0,13,18
1180627,2024-09-29 18:30:00,Criciuma,140,Bahia,28,2024,Serie A,118,0.0,1.0,0,away,False,lose,32.0,34.0,42.0,8.0,8.0,12.0,7.0,14.0,4.0,3.0,3.0,away,home,2.0,2.0,1.0,0.0,14,18
1180424,2024-06-02 16:00:00,Criciuma,140,Palmeiras,7,2024,Serie A,121,1.0,2.0,0,home,False,lose,5.0,7.0,4.0,1.0,2.0,1.0,5.0,,5.0,3.0,0.0,away,home,4.0,2.0,0.0,5.0,16,18
1180624,2024-09-23 18:30:00,Criciuma,140,Atletico Paranaense,27,2024,Serie A,134,0.0,0.0,1,home,False,draw,29.0,32.0,40.0,7.0,8.0,11.0,4.0,11.0,3.0,0.0,3.0,away,away,0.0,2.0,5.0,1.0,15,18
1180384,2024-07-24 19:00:00,Criciuma,140,Fortaleza EC,3,2024,Serie A,154,1.0,1.0,1,home,False,draw,18.0,24.0,27.0,4.0,6.0,7.0,,,,0.0,3.0,away,away,1.0,2.0,2.0,1.0,2,18
1180414,2024-06-09 16:00:00,Criciuma,140,Cuiaba,6,2024,Serie A,1193,2.0,5.0,0,home,False,lose,5.0,9.0,9.0,1.0,2.0,2.0,5.0,,4.0,0.0,0.0,home,away,1.0,1.0,2.0,3.0,15,18
1180731,2024-12-08 16:00:00,Criciuma,140,RB Bragantino,38,2024,Serie A,794,1.0,5.0,0,away,False,lose,38.0,42.0,61.0,9.0,11.0,18.0,1.0,6.0,1.0,0.0,,home,,0.0,,3.0,,18,18
1351158,2025-06-12 21:30:00,Internacional,119,Atletico-MG,12,2025,Serie A,1062,0.0,2.0,0,away,False,lose,11.0,12.0,18.0,2.0,5.0,5.0,2.0,10.0,2.0,0.0,3.0,home,home,0.0,1.0,2.0,0.0,19,15
1351239,2025-08-17 18:30:00,Internacional,119,Flamengo,20,2025,Serie A,127,1.0,3.0,0,home,False,lose,24.0,22.0,26.0,6.0,6.0,7.0,10.0,15.0,4.0,3.0,0.0,away,away,3.0,1.0,1.0,2.0,12,15
1478035,2025-11-28 19:30:00,Internacional,119,Vasco DA Gama,36,2025,Serie A,133,,,0,away,False,,41.0,40.0,48.0,10.0,11.0,14.0,6.0,12.0,5.0,1.0,0.0,home,away,1.0,,1.0,,15,15
1478022,2025-11-24 21:00:00,Internacional,119,Santos,35,2025,Serie A,128,1.0,1.0,1,home,False,draw,41.0,40.0,48.0,10.0,11.0,14.0,5.0,12.0,4.0,3.0,0.0,away,away,2.0,,1.0,,15,15
1478045,2025-12-03 20:00:00,Internacional,119,Sao Paulo,37,2025,Serie A,126,,,0,away,False,,41.0,40.0,48.0,10.0,11.0,14.0,5.0,9.0,4.0,0.0,0.0,away,home,,,,,15,15
1351248,2025-08-23 18:30:00,Internacional,119,Cruzeiro,21,2025,Serie A,135,1.0,2.0,0,away,False,lose,24.0,23.0,28.0,6.0,6.0,8.0,7.0,14.0,3.0,0.0,3.0,home,home,1.0,2.0,3.0,1.0,13,15
1351292,2025-09-27 18:30:00,Internacional,119,Juventude,25,2025,Serie A,152,1.0,1.0,1,away,False,draw,28.0,29.0,37.0,7.0,7.0,10.0,3.0,13.0,3.0,0.0,1.0,home,home,2.0,1.0,3.0,1.0,15,15
1351043,2025-03-29 21:00:00,Internacional,119,Flamengo,1,2025,Serie A,127,1.0,1.0,1,away,False,draw,1.0,1.0,1.0,0.0,1.0,0.0,,,,,3.0,,home,,3.0,,0.0,9,15
1351079,2025-04-16 19:30:00,Internacional,119,Palmeiras,4,2025,Serie A,121,0.0,1.0,0,home,False,lose,5.0,4.0,2.0,1.0,2.0,1.0,,,5.0,1.0,1.0,away,away,0.0,1.0,0.0,1.0,10,15
1351265,2025-09-13 18:30:00,Internacional,119,Palmeiras,23,2025,Serie A,121,1.0,4.0,0,away,False,lose,27.0,26.0,33.0,7.0,6.0,9.0,6.0,16.0,3.0,3.0,0.0,home,home,2.0,2.0,1.0,3.0,12,15
1351279,2025-09-21 17:30:00,Internacional,119,Gremio,24,2025,Serie A,130,2.0,3.0,0,home,False,lose,27.0,28.0,36.0,7.0,6.0,10.0,6.0,16.0,3.0,0.0,1.0,away,away,1.0,1.0,4.0,1.0,13,15
1351369,2025-11-08 18:30:00,Internacional,119,Bahia,33,2025,Serie A,118,2.0,2.0,1,home,False,draw,37.0,37.0,46.0,9.0,10.0,14.0,4.0,9.0,1.0,0.0,3.0,away,away,0.0,2.0,1.0,1.0,15,15
1351114,2025-05-11 20:00:00,Internacional,119,Botafogo,8,2025,Serie A,120,0.0,4.0,0,away,False,lose,9.0,10.0,12.0,2.0,3.0,3.0,5.0,,4.0,0.0,1.0,away,home,2.0,1.0,4.0,1.0,13,15
1351169,2025-07-12 16:30:00,Internacional,119,Vitoria,13,2025,Serie A,136,1.0,0.0,3,home,False,win,14.0,13.0,18.0,3.0,5.0,5.0,2.0,7.0,1.0,0.0,3.0,away,home,0.0,1.0,2.0,0.0,14,15
1351227,2025-08-09 18:30:00,Internacional,119,RB Bragantino,19,2025,Serie A,794,3.0,1.0,3,away,False,win,24.0,21.0,23.0,6.0,6.0,6.0,10.0,12.0,4.0,0.0,0.0,home,home,1.0,1.0,2.0,3.0,11,15
1351142,2025-05-25 16:00:00,Internacional,119,Sport Recife,10,2025,Serie A,123,1.0,1.0,1,away,False,draw,11.0,12.0,14.0,2.0,5.0,3.0,5.0,,1.0,1.0,0.0,home,home,1.0,0.0,1.0,2.0,14,15
1351219,2025-08-03 20:30:00,Internacional,119,Sao Paulo,18,2025,Serie A,126,1.0,2.0,0,home,False,lose,21.0,18.0,22.0,5.0,6.0,6.0,10.0,12.0,7.0,1.0,3.0,home,away,1.0,3.0,1.0,1.0,13,15
1351329,2025-10-19 18:30:00,Internacional,119,Sport Recife,29,2025,Serie A,123,2.0,0.0,3,home,False,win,35.0,35.0,41.0,9.0,8.0,11.0,5.0,11.0,4.0,0.0,0.0,away,away,1.0,0.0,3.0,1.0,14,15
1478011,2025-11-20 21:30:00,Internacional,119,Ceara,34,2025,Serie A,129,2.0,1.0,3,away,False,win,40.0,39.0,47.0,10.0,10.0,14.0,2.0,10.0,2.0,1.0,1.0,home,home,2.0,1.0,2.0,1.0,15,15
1351149,2025-06-01 20:30:00,Internacional,119,Fluminense,11,2025,Serie A,124,0.0,2.0,0,home,False,lose,11.0,12.0,16.0,2.0,5.0,4.0,5.0,11.0,2.0,1.0,0.0,away,away,1.0,0.0,1.0,2.0,14,15
1351196,2025-07-23 21:30:00,Internacional,119,Santos,16,2025,Serie A,128,2.0,1.0,3,away,False,win,20.0,16.0,19.0,5.0,5.0,5.0,7.0,12.0,6.0,3.0,1.0,home,home,1.0,1.0,0.0,1.0,13,15
1351299,2025-10-01 19:30:00,Internacional,119,Corinthians,26,2025,Serie A,131,1.0,1.0,1,home,False,draw,29.0,30.0,38.0,7.0,8.0,10.0,4.0,11.0,1.0,1.0,3.0,away,home,1.0,2.0,1.0,0.0,15,15
1351089,2025-04-19 21:00:00,Internacional,119,Gremio,5,2025,Serie A,130,1.0,1.0,1,away,False,draw,6.0,5.0,3.0,1.0,3.0,1.0,,,4.0,0.0,3.0,home,home,0.0,3.0,1.0,1.0,12,15
1351129,2025-05-18 20:30:00,Internacional,119,Mirassol,9,2025,Serie A,7848,1.0,1.0,1,home,False,draw,10.0,11.0,13.0,2.0,4.0,3.0,4.0,,3.0,0.0,1.0,away,away,0.0,1.0,4.0,1.0,15,15
1351180,2025-10-22 19:00:00,Internacional,119,Bahia,14,2025,Serie A,118,0.0,1.0,0,away,False,lose,35.0,35.0,42.0,9.0,8.0,12.0,8.0,11.0,6.0,3.0,0.0,home,away,2.0,0.0,0.0,1.0,2,15
1351209,2025-07-27 18:30:00,Internacional,119,Vasco DA Gama,17,2025,Serie A,133,1.0,1.0,1,home,False,draw,21.0,17.0,20.0,5.0,6.0,5.0,9.0,14.0,9.0,3.0,0.0,away,home,2.0,1.0,1.0,2.0,10,15
1351333,2025-10-25 17:30:00,Internacional,119,Fluminense,30,2025,Serie A,124,0.0,1.0,0,away,False,lose,35.0,35.0,43.0,9.0,8.0,13.0,7.0,11.0,3.0,0.0,1.0,away,home,0.0,0.0,1.0,0.0,15,15
1351099,2025-04-26 16:00:00,Internacional,119,Juventude,6,2025,Serie A,152,3.0,1.0,3,home,False,win,9.0,8.0,4.0,2.0,3.0,1.0,6.0,,2.0,1.0,0.0,away,away,1.0,2.0,1.0,4.0,6,15
1478052,2025-12-07 16:00:00,Internacional,119,RB Bragantino,38,2025,Serie A,794,,,0,home,False,,41.0,40.0,48.0,10.0,11.0,14.0,5.0,9.0,1.0,0.0,,away,,,,,,15,15
1351189,2025-07-20 11:00:00,Internacional,119,Ceara,15,2025,Serie A,129,1.0,0.0,3,home,False,win,17.0,14.0,18.0,4.0,5.0,5.0,5.0,9.0,3.0,3.0,3.0,home,away,1.0,2.0,0.0,1.0,12,15
1351259,2025-08-31 20:30:00,Internacional,119,Fortaleza EC,22,2025,Serie A,154,2.0,1.0,3,home,False,win,27.0,25.0,29.0,7.0,6.0,8.0,4.0,13.0,3.0,0.0,0.0,away,away,1.0,1.0,2.0,4.0,10,15
1351349,2025-11-02 18:30:00,Internacional,119,Atletico-MG,31,2025,Serie A,1062,0.0,0.0,1,home,False,draw,36.0,35.0,43.0,9.0,9.0,13.0,6.0,11.0,3.0,0.0,0.0,away,away,0.0,0.0,1.0,1.0,15,15
1351360,2025-11-05 19:00:00,Internacional,119,Vitoria,32,2025,Serie A,136,0.0,1.0,0,away,False,lose,36.0,35.0,44.0,9.0,9.0,14.0,4.0,9.0,1.0,1.0,1.0,home,home,0.0,2.0,0.0,2.0,15,15
1351059,2025-04-06 18:30:00,Internacional,119,Cruzeiro,2,2025,Serie A,135,3.0,0.0,3,home,False,win,4.0,4.0,1.0,1.0,1.0,0.0,,,,1.0,1.0,away,away,1.0,0.0,1.0,0.0,1,15
1351317,2025-10-15 20:00:00,Internacional,119,Mirassol,28,2025,Serie A,7848,1.0,3.0,0,away,False,lose,32.0,33.0,41.0,8.0,8.0,11.0,5.0,11.0,5.0,3.0,3.0,home,home,2.0,2.0,0.0,0.0,15,15
1351105,2025-05-03 18:30:00,Internacional,119,Corinthians,7,2025,Serie A,131,2.0,4.0,0,away,False,lose,9.0,10.0,8.0,2.0,3.0,2.0,8.0,,4.0,3.0,0.0,home,away,3.0,0.0,1.0,4.0,9,15
1351309,2025-10-04 18:30:00,Internacional,119,Botafogo,27,2025,Serie A,120,2.0,0.0,3,home,False,win,32.0,32.0,38.0,8.0,8.0,10.0,5.0,9.0,2.0,1.0,0.0,home,away,1.0,1.0,1.0,3.0,14,15
1351071,2025-04-13 20:00:00,Internacional,119,Fortaleza EC,3,2025,Serie A,154,0.0,0.0,1,away,False,draw,5.0,4.0,1.0,1.0,2.0,0.0,,,,3.0,0.0,home,home,3.0,0.0,0.0,1.0,6,15
1351162,2025-11-15 18:30:00,Flamengo,127,Sport Recife,12,2025,Serie A,123,5.0,1.0,3,away,False,win,71.0,69.0,21.0,21.0,8.0,4.0,10.0,18.0,7.0,3.0,0.0,home,away,3.0,1.0,2.0,2.0,1,1
1351239,2025-08-17 18:30:00,Flamengo,127,Internacional,20,2025,Serie A,119,3.0,1.0,3,away,False,win,43.0,36.0,9.0,13.0,4.0,2.0,13.0,23.0,7.0,3.0,3.0,home,home,2.0,8.0,1.0,0.0,1,1
1478027,2025-11-25 21:30:00,Flamengo,127,Atletico-MG,36,2025,Serie A,1062,1.0,1.0,1,away,False,draw,75.0,74.0,24.0,22.0,9.0,5.0,10.0,19.0,6.0,3.0,0.0,home,home,3.0,,0.0,,1,1
1478020,2025-11-22 21:30:00,Flamengo,127,RB Bragantino,35,2025,Serie A,794,3.0,0.0,3,home,False,win,74.0,73.0,23.0,22.0,8.0,5.0,10.0,17.0,6.0,0.0,1.0,away,away,1.0,1.0,2.0,1.0,1,1
1478040,2025-12-03 21:30:00,Flamengo,127,Ceara,37,2025,Serie A,129,,,0,home,False,,75.0,74.0,24.0,22.0,9.0,5.0,10.0,20.0,4.0,1.0,0.0,away,away,1.0,,1.0,,1,1
1351243,2025-08-25 21:00:00,Flamengo,127,Vitoria,21,2025,Serie A,136,8.0,0.0,3,home,False,win,46.0,44.0,9.0,14.0,4.0,2.0,13.0,25.0,7.0,3.0,1.0,away,home,3.0,1.0,1.0,1.0,1,1
1351285,2025-09-28 20:30:00,Flamengo,127,Corinthians,25,2025,Serie A,131,2.0,1.0,3,away,False,win,54.0,50.0,12.0,16.0,6.0,2.0,11.0,24.0,5.0,1.0,1.0,home,home,1.0,0.0,1.0,0.0,1,1
1351043,2025-03-29 21:00:00,Flamengo,127,Internacional,1,2025,Serie A,119,1.0,1.0,1,home,False,draw,1.0,1.0,1.0,0.0,1.0,0.0,,,,,3.0,,away,,2.0,,1.0,10,1
1351073,2025-04-16 21:30:00,Flamengo,127,Juventude,4,2025,Serie A,152,6.0,0.0,3,home,False,win,10.0,11.0,2.0,3.0,1.0,0.0,,,7.0,3.0,1.0,away,away,2.0,0.0,0.0,0.0,1,1
1351272,2025-09-14 16:00:00,Flamengo,127,Juventude,23,2025,Serie A,152,2.0,0.0,3,away,False,win,50.0,47.0,10.0,15.0,5.0,2.0,11.0,23.0,7.0,1.0,1.0,home,home,1.0,1.0,1.0,1.0,1,1
1351273,2025-09-21 17:30:00,Flamengo,127,Vasco DA Gama,24,2025,Serie A,133,1.0,1.0,1,home,False,draw,51.0,48.0,11.0,15.0,6.0,2.0,13.0,23.0,7.0,3.0,3.0,away,away,2.0,2.0,0.0,1.0,1,1
1351363,2025-11-09 18:30:00,Flamengo,127,Santos,33,2025,Serie A,128,3.0,2.0,3,home,False,win,68.0,64.0,20.0,20.0,8.0,4.0,10.0,18.0,4.0,1.0,3.0,away,away,2.0,5.0,2.0,1.0,2,1
1351113,2025-05-10 21:00:00,Flamengo,127,Bahia,8,2025,Serie A,118,1.0,0.0,3,home,False,win,17.0,17.0,4.0,5.0,2.0,1.0,10.0,,4.0,0.0,1.0,away,home,1.0,0.0,2.0,0.0,2,1
1351163,2025-07-12 16:30:00,Flamengo,127,Sao Paulo,13,2025,Serie A,126,2.0,0.0,3,home,False,win,27.0,26.0,4.0,8.0,3.0,1.0,10.0,23.0,7.0,3.0,0.0,home,away,5.0,0.0,0.0,1.0,5,1
1351223,2025-08-09 18:30:00,Flamengo,127,Mirassol,19,2025,Serie A,7848,2.0,1.0,3,home,False,win,40.0,33.0,8.0,12.0,4.0,2.0,10.0,23.0,7.0,1.0,3.0,away,away,1.0,3.0,1.0,1.0,1,1
1351135,2025-05-25 16:00:00,Flamengo,127,Palmeiras,10,2025,Serie A,121,2.0,0.0,3,away,False,win,21.0,19.0,4.0,6.0,3.0,1.0,8.0,,4.0,1.0,3.0,home,home,0.0,5.0,0.0,0.0,2,1
1351221,2025-08-03 18:30:00,Flamengo,127,Ceara,18,2025,Serie A,129,1.0,1.0,1,away,False,draw,37.0,31.0,7.0,11.0,4.0,2.0,12.0,22.0,9.0,3.0,3.0,home,home,1.0,2.0,0.0,1.0,1,1
1351323,2025-10-19 16:00:00,Flamengo,127,Palmeiras,29,2025,Serie A,121,3.0,2.0,3,home,False,win,61.0,56.0,15.0,18.0,7.0,3.0,8.0,21.0,4.0,3.0,0.0,away,away,3.0,0.0,0.0,1.0,2,1
1478013,2025-11-19 21:30:00,Flamengo,127,Fluminense,34,2025,Serie A,124,1.0,2.0,0,away,False,lose,71.0,70.0,23.0,21.0,8.0,5.0,10.0,20.0,7.0,3.0,3.0,away,home,5.0,3.0,1.0,0.0,1,1
1351143,2025-06-01 18:30:00,Flamengo,127,Fortaleza EC,11,2025,Serie A,154,5.0,0.0,3,home,False,win,24.0,24.0,4.0,7.0,3.0,1.0,10.0,21.0,7.0,3.0,3.0,away,home,2.0,2.0,0.0,0.0,1,1
1351197,2025-07-23 21:30:00,Flamengo,127,RB Bragantino,16,2025,Serie A,794,2.0,1.0,3,away,False,win,33.0,29.0,6.0,10.0,3.0,2.0,12.0,20.0,6.0,3.0,3.0,home,home,1.0,1.0,0.0,0.0,5,1
1351293,2025-10-02 20:30:00,Flamengo,127,Cruzeiro,26,2025,Serie A,135,0.0,0.0,1,home,False,draw,55.0,50.0,12.0,16.0,7.0,2.0,11.0,24.0,7.0,3.0,0.0,away,away,2.0,0.0,1.0,1.0,1,1
1351084,2025-04-19 18:30:00,Flamengo,127,Vasco DA Gama,5,2025,Serie A,133,0.0,0.0,1,away,False,draw,11.0,11.0,2.0,3.0,2.0,0.0,,,9.0,3.0,3.0,home,home,6.0,4.0,0.0,0.0,2,1
1351123,2025-05-18 18:30:00,Flamengo,127,Botafogo,9,2025,Serie A,120,0.0,0.0,1,home,False,draw,18.0,17.0,4.0,5.0,3.0,1.0,10.0,,6.0,3.0,3.0,home,away,1.0,2.0,0.0,0.0,2,1
1351176,2025-07-16 20:00:00,Flamengo,127,Santos,14,2025,Serie A,128,0.0,1.0,0,away,False,lose,27.0,26.0,5.0,8.0,3.0,2.0,13.0,23.0,9.0,3.0,3.0,home,home,2.0,1.0,0.0,0.0,5,1
1351203,2025-07-27 20:30:00,Flamengo,127,Atletico-MG,17,2025,Serie A,1062,1.0,0.0,3,home,False,win,36.0,30.0,6.0,11.0,3.0,2.0,12.0,22.0,6.0,3.0,1.0,away,away,2.0,1.0,1.0,1.0,1,1
1351341,2025-10-25 19:30:00,Flamengo,127,Fortaleza EC,30,2025,Serie A,154,0.0,1.0,0,away,False,lose,61.0,56.0,16.0,18.0,7.0,4.0,10.0,21.0,6.0,3.0,3.0,home,home,3.0,3.0,2.0,0.0,2,1
1478053,2025-12-07 16:00:00,Flamengo,127,Mirassol,38,2025,Serie A,7848,,,0,away,False,,75.0,74.0,24.0,22.0,9.0,5.0,7.0,17.0,4.0,0.0,,home,,,,,,1,1
1351183,2025-07-20 19:30:00,Flamengo,127,Fluminense,15,2025,Serie A,124,1.0,0.0,3,home,False,win,30.0,27.0,5.0,9.0,3.0,2.0,10.0,20.0,6.0,0.0,3.0,away,away,0.0,2.0,1.0,1.0,2,1
1351253,2025-08-31 16:00:00,Flamengo,127,Gremio,22,2025,Serie A,130,1.0,1.0,1,home,False,draw,47.0,45.0,10.0,14.0,5.0,2.0,13.0,25.0,9.0,3.0,3.0,home,away,8.0,2.0,0.0,0.0,1,1
1351343,2025-11-01 21:00:00,Flamengo,127,Sport Recife,31,2025,Serie A,123,3.0,0.0,3,home,False,win,64.0,59.0,16.0,19.0,7.0,4.0,7.0,18.0,6.0,0.0,1.0,away,away,0.0,2.0,1.0,2.0,2,1
1351356,2025-11-05 21:30:00,Flamengo,127,Sao Paulo,32,2025,Serie A,126,2.0,2.0,1,away,False,draw,65.0,61.0,18.0,19.0,8.0,4.0,9.0,18.0,6.0,3.0,3.0,home,home,3.0,3.0,0.0,2.0,2,1
1351060,2025-04-06 18:30:00,Flamengo,127,Vitoria,2,2025,Serie A,136,2.0,1.0,3,away,False,win,4.0,3.0,2.0,1.0,1.0,0.0,,,,1.0,3.0,home,away,1.0,2.0,1.0,0.0,6,1
1351314,2025-10-15 19:30:00,Flamengo,127,Botafogo,28,2025,Serie A,120,3.0,0.0,3,away,False,win,58.0,53.0,13.0,17.0,7.0,3.0,8.0,19.0,4.0,0.0,3.0,away,home,0.0,3.0,1.0,2.0,2,1
1351108,2025-05-04 18:30:00,Flamengo,127,Cruzeiro,7,2025,Serie A,135,1.0,2.0,0,away,False,lose,14.0,16.0,4.0,4.0,2.0,1.0,13.0,,7.0,3.0,3.0,home,home,4.0,1.0,0.0,0.0,3,1
1351310,2025-10-05 18:30:00,Flamengo,127,Bahia,27,2025,Serie A,118,0.0,1.0,0,away,False,lose,55.0,50.0,13.0,16.0,7.0,3.0,9.0,22.0,5.0,1.0,3.0,home,away,0.0,3.0,0.0,0.0,2,1
1351069,2025-04-13 17:30:00,Flamengo,127,Gremio,3,2025,Serie A,130,2.0,0.0,3,away,False,win,7.0,5.0,2.0,2.0,1.0,0.0,,,,3.0,3.0,away,home,2.0,6.0,1.0,0.0,1,1
1351093,2025-04-27 16:00:00,Flamengo,127,Corinthians,6,2025,Serie A,131,4.0,0.0,3,home,False,win,14.0,15.0,2.0,4.0,2.0,0.0,11.0,,7.0,1.0,0.0,away,away,0.0,1.0,0.0,2.0,1,1
1180472,2024-06-26 21:30:00,Palmeiras,121,Fortaleza EC,12,2024,Serie A,154,0.0,3.0,0,away,False,lose,23.0,16.0,9.0,7.0,2.0,3.0,15.0,20.0,9.0,3.0,3.0,home,home,3.0,2.0,1.0,0.0,4,2
1180710,2024-11-26 21:30:00,Palmeiras,121,Botafogo,36,2024,Serie A,120,1.0,3.0,0,home,False,lose,70.0,58.0,31.0,21.0,7.0,8.0,10.0,23.0,9.0,3.0,3.0,away,away,1.0,2.0,0.0,1.0,2,2
1180703,2024-11-23 19:30:00,Palmeiras,121,Atletico Goianiense,35,2024,Serie A,144,1.0,0.0,3,away,False,win,70.0,57.0,28.0,21.0,7.0,7.0,10.0,23.0,6.0,3.0,0.0,away,home,2.0,1.0,1.0,3.0,1,2
1180716,2024-12-04 21:30:00,Palmeiras,121,Cruzeiro,37,2024,Serie A,135,2.0,1.0,3,away,False,win,73.0,60.0,32.0,22.0,7.0,8.0,9.0,20.0,6.0,0.0,0.0,home,home,1.0,0.0,3.0,1.0,2,2
1180555,2024-08-04 17:00:00,Palmeiras,121,Internacional,21,2024,Serie A,119,1.0,1.0,1,away,False,draw,37.0,28.0,17.0,11.0,4.0,6.0,6.0,16.0,3.0,0.0,1.0,home,away,0.0,1.0,2.0,1.0,4,2
1180602,2024-09-01 18:30:00,Palmeiras,121,Atletico Paranaense,25,2024,Serie A,134,2.0,0.0,3,away,False,win,47.0,38.0,19.0,14.0,5.0,6.0,8.0,17.0,7.0,3.0,3.0,home,home,5.0,5.0,0.0,0.0,3,2
1180357,2024-04-14 18:30:00,Palmeiras,121,Vitoria,1,2024,Serie A,136,1.0,0.0,3,away,False,win,3.0,1.0,0.0,1.0,0.0,0.0,,,,,0.0,,home,,0.0,,1.0,7,2
1180391,2024-04-29 20:00:00,Palmeiras,121,Sao Paulo,4,2024,Serie A,126,0.0,0.0,1,away,False,draw,5.0,1.0,1.0,1.0,2.0,1.0,,,4.0,1.0,3.0,home,away,0.0,2.0,0.0,0.0,12,2
1180580,2024-08-18 16:00:00,Palmeiras,121,Sao Paulo,23,2024,Serie A,126,2.0,1.0,3,home,False,win,41.0,31.0,19.0,12.0,5.0,6.0,5.0,15.0,2.0,1.0,3.0,away,home,1.0,5.0,1.0,0.0,3,2
1180590,2024-08-24 18:30:00,Palmeiras,121,Cuiaba,24,2024,Serie A,1193,5.0,0.0,3,home,False,win,44.0,36.0,19.0,13.0,5.0,6.0,5.0,15.0,5.0,3.0,3.0,home,away,2.0,2.0,1.0,0.0,3,2
1180550,2024-07-27 19:00:00,Palmeiras,121,Vitoria,20,2024,Serie A,136,0.0,2.0,0,home,False,lose,36.0,27.0,16.0,11.0,3.0,6.0,9.0,19.0,3.0,0.0,1.0,away,away,0.0,1.0,1.0,1.0,3,2
1180430,2024-06-13 21:30:00,Palmeiras,121,Vasco DA Gama,8,2024,Serie A,133,2.0,0.0,3,home,False,win,14.0,7.0,4.0,4.0,2.0,2.0,8.0,,6.0,3.0,3.0,away,away,2.0,4.0,1.0,0.0,6,2
1180480,2024-07-01 20:00:00,Palmeiras,121,Corinthians,13,2024,Serie A,131,2.0,0.0,3,home,False,win,26.0,18.0,9.0,8.0,2.0,3.0,12.0,20.0,6.0,0.0,1.0,away,away,0.0,2.0,3.0,2.0,2,2
1180538,2024-07-24 21:30:00,Palmeiras,121,Fluminense,19,2024,Serie A,124,0.0,1.0,0,away,False,lose,36.0,27.0,14.0,11.0,3.0,5.0,10.0,22.0,6.0,3.0,0.0,home,home,2.0,0.0,0.0,2.0,7,2
1180450,2024-06-20 21:30:00,Palmeiras,121,RB Bragantino,10,2024,Serie A,794,2.0,1.0,3,home,False,win,20.0,13.0,5.0,6.0,2.0,2.0,12.0,,9.0,3.0,3.0,away,home,4.0,3.0,0.0,1.0,3,2
1180530,2024-07-20 21:00:00,Palmeiras,121,Cruzeiro,18,2024,Serie A,135,2.0,0.0,3,home,False,win,36.0,27.0,13.0,11.0,3.0,4.0,10.0,22.0,6.0,0.0,0.0,away,away,0.0,0.0,1.0,1.0,2,2
1180641,2024-10-05 16:30:00,Palmeiras,121,RB Bragantino,29,2024,Serie A,794,0.0,0.0,1,away,False,draw,57.0,46.0,20.0,17.0,6.0,6.0,15.0,20.0,9.0,3.0,3.0,home,away,2.0,5.0,1.0,3.0,2,2
1180687,2024-11-20 18:00:00,Palmeiras,121,Bahia,34,2024,Serie A,118,2.0,1.0,3,away,False,win,67.0,56.0,28.0,20.0,7.0,7.0,8.0,23.0,4.0,3.0,3.0,home,away,1.0,1.0,0.0,0.0,2,2
1180460,2024-06-23 18:30:00,Palmeiras,121,Juventude,11,2024,Serie A,152,3.0,1.0,3,home,False,win,23.0,16.0,6.0,7.0,2.0,2.0,12.0,20.0,9.0,3.0,0.0,home,away,2.0,0.0,1.0,3.0,2,2
1180510,2024-07-11 19:30:00,Palmeiras,121,Atletico Goianiense,16,2024,Serie A,144,3.0,1.0,3,home,False,win,33.0,25.0,12.0,10.0,3.0,3.0,10.0,22.0,7.0,3.0,0.0,home,away,2.0,0.0,0.0,1.0,3,2
1180610,2024-09-15 16:00:00,Palmeiras,121,Criciuma,26,2024,Serie A,140,5.0,0.0,3,home,False,win,50.0,43.0,19.0,15.0,5.0,6.0,11.0,17.0,9.0,3.0,3.0,away,away,2.0,1.0,0.0,0.0,2,2
1180403,2024-05-05 18:30:00,Palmeiras,121,Cuiaba,5,2024,Serie A,1193,2.0,0.0,3,away,False,win,8.0,3.0,1.0,2.0,2.0,1.0,,,2.0,1.0,0.0,away,home,0.0,0.0,0.0,2.0,11,2
1180436,2024-06-17 20:30:00,Palmeiras,121,Atletico-MG,9,2024,Serie A,1062,4.0,0.0,3,away,False,win,17.0,11.0,4.0,5.0,2.0,2.0,10.0,,6.0,3.0,3.0,home,home,2.0,2.0,0.0,1.0,5,2
1180485,2024-07-04 19:00:00,Palmeiras,121,Gremio,14,2024,Serie A,130,2.0,2.0,1,away,False,draw,27.0,20.0,11.0,8.0,3.0,3.0,12.0,22.0,6.0,3.0,3.0,home,home,2.0,2.0,0.0,0.0,3,2
1180519,2024-07-17 21:30:00,Palmeiras,121,Botafogo,17,2024,Serie A,120,0.0,1.0,0,away,False,lose,33.0,25.0,13.0,10.0,3.0,4.0,10.0,25.0,7.0,3.0,3.0,home,home,3.0,2.0,1.0,0.0,5,2
1180654,2024-10-20 20:00:00,Palmeiras,121,Juventude,30,2024,Serie A,152,5.0,3.0,3,away,False,win,60.0,51.0,23.0,18.0,6.0,6.0,13.0,21.0,7.0,1.0,1.0,away,home,0.0,2.0,0.0,2.0,2,2
1180500,2024-07-07 18:30:00,Palmeiras,121,Bahia,15,2024,Serie A,118,2.0,0.0,3,home,False,win,30.0,22.0,11.0,9.0,3.0,3.0,10.0,22.0,4.0,1.0,3.0,away,home,2.0,3.0,2.0,1.0,3,2
1180568,2024-08-11 16:00:00,Palmeiras,121,Flamengo,22,2024,Serie A,127,1.0,1.0,1,away,False,draw,38.0,29.0,18.0,11.0,5.0,6.0,4.0,14.0,1.0,1.0,3.0,away,home,1.0,2.0,1.0,1.0,4,2
1180660,2024-10-26 16:30:00,Palmeiras,121,Fortaleza EC,31,2024,Serie A,154,2.0,2.0,1,home,False,draw,61.0,53.0,25.0,18.0,7.0,6.0,13.0,24.0,7.0,3.0,0.0,away,away,5.0,0.0,3.0,2.0,2,2
1180670,2024-11-04 20:00:00,Palmeiras,121,Corinthians,32,2024,Serie A,131,0.0,2.0,0,away,False,lose,61.0,53.0,27.0,18.0,7.0,7.0,11.0,24.0,5.0,1.0,3.0,home,home,2.0,1.0,2.0,0.0,2,2
1180370,2024-04-17 20:00:00,Palmeiras,121,Internacional,2,2024,Serie A,119,0.0,1.0,0,home,False,lose,3.0,1.0,1.0,1.0,0.0,1.0,,,,3.0,1.0,away,home,1.0,0.0,0.0,0.0,12,2
1180630,2024-09-28 18:30:00,Palmeiras,121,Atletico-MG,28,2024,Serie A,1062,2.0,1.0,3,home,False,win,56.0,46.0,20.0,17.0,5.0,6.0,15.0,20.0,9.0,3.0,1.0,away,away,1.0,0.0,0.0,0.0,2,2
1180424,2024-06-02 16:00:00,Palmeiras,121,Criciuma,7,2024,Serie A,140,2.0,1.0,3,away,False,win,11.0,5.0,4.0,3.0,2.0,2.0,5.0,,4.0,0.0,3.0,home,home,0.0,2.0,2.0,0.0,7,2
1180619,2024-09-22 16:00:00,Palmeiras,121,Vasco DA Gama,27,2024,Serie A,133,1.0,0.0,3,away,False,win,53.0,44.0,19.0,16.0,5.0,6.0,13.0,17.0,9.0,3.0,3.0,home,home,5.0,2.0,0.0,1.0,2,2
1180380,2024-04-21 16:00:00,Palmeiras,121,Flamengo,3,2024,Serie A,127,0.0,0.0,1,home,False,draw,4.0,1.0,1.0,1.0,1.0,1.0,,,,0.0,1.0,home,away,0.0,0.0,1.0,0.0,12,2
1180410,2024-05-12 16:00:00,Palmeiras,121,Atletico Paranaense,6,2024,Serie A,134,0.0,2.0,0,home,False,lose,8.0,3.0,3.0,2.0,2.0,2.0,8.0,,5.0,3.0,3.0,away,away,2.0,2.0,0.0,1.0,12,2
1180730,2024-12-08 16:00:00,Palmeiras,121,Fluminense,38,2024,Serie A,124,0.0,1.0,0,home,False,lose,73.0,60.0,33.0,22.0,7.0,9.0,12.0,20.0,6.0,3.0,,away,,2.0,,1.0,,2,2
1180680,2024-11-08 21:30:00,Palmeiras,121,Gremio,33,2024,Serie A,130,1.0,0.0,3,home,False,win,64.0,54.0,27.0,19.0,7.0,7.0,8.0,23.0,4.0,0.0,3.0,away,away,0.0,2.0,2.0,1.0,2,2
1351185,2025-07-20 17:30:00,Palmeiras,121,Atletico-MG,15,2025,Serie A,1062,3.0,2.0,3,home,False,win,26.0,16.0,11.0,8.0,2.0,3.0,7.0,19.0,1.0,1.0,3.0,home,away,1.0,2.0,1.0,1.0,4,2
1351155,2025-10-11 19:00:00,Palmeiras,121,Juventude,12,2025,Serie A,152,4.0,1.0,3,home,False,win,58.0,46.0,22.0,18.0,4.0,4.0,12.0,23.0,6.0,3.0,3.0,away,home,3.0,5.0,2.0,1.0,2,2
1351234,2025-08-17 20:30:00,Palmeiras,121,Botafogo,20,2025,Serie A,120,1.0,0.0,3,away,False,win,39.0,24.0,15.0,12.0,3.0,3.0,13.0,20.0,7.0,3.0,3.0,home,home,2.0,3.0,1.0,0.0,2,2
1478032,2025-11-25 21:30:00,Palmeiras,121,Gremio,36,2025,Serie A,130,2.0,3.0,0,away,False,lose,70.0,60.0,32.0,21.0,7.0,8.0,5.0,15.0,2.0,1.0,0.0,home,away,0.0,,0.0,,2,2
1478024,2025-11-22 21:30:00,Palmeiras,121,Fluminense,35,2025,Serie A,124,0.0,0.0,1,home,False,draw,70.0,58.0,29.0,21.0,7.0,7.0,7.0,17.0,1.0,1.0,0.0,home,away,0.0,2.0,0.0,3.0,2,2
1478044,2025-11-19 19:30:00,Palmeiras,121,Vitoria,37,2025,Serie A,136,0.0,0.0,1,home,False,draw,69.0,58.0,29.0,21.0,6.0,7.0,7.0,19.0,3.0,0.0,1.0,away,home,0.0,0.0,1.0,0.0,2,2
1351245,2025-08-25 19:00:00,Palmeiras,121,Sport Recife,21,2025,Serie A,123,3.0,0.0,3,home,False,win,42.0,27.0,15.0,13.0,3.0,3.0,13.0,20.0,7.0,3.0,1.0,away,away,1.0,1.0,0.0,1.0,2,2
1351290,2025-09-28 16:00:00,Palmeiras,121,Bahia,25,2025,Serie A,118,0.0,1.0,0,away,False,lose,49.0,36.0,19.0,15.0,4.0,4.0,13.0,26.0,7.0,3.0,3.0,home,home,4.0,3.0,1.0,0.0,3,2
1351045,2025-03-30 16:00:00,Palmeiras,121,Botafogo,1,2025,Serie A,120,0.0,0.0,1,home,False,draw,1.0,0.0,0.0,0.0,1.0,0.0,,,,,3.0,,away,,2.0,,1.0,12,2
1351079,2025-04-16 19:30:00,Palmeiras,121,Internacional,4,2025,Serie A,119,1.0,0.0,3,away,False,win,10.0,5.0,1.0,3.0,1.0,0.0,,,7.0,3.0,3.0,home,away,2.0,2.0,0.0,1.0,2,2
1351265,2025-09-13 18:30:00,Palmeiras,121,Internacional,23,2025,Serie A,119,4.0,1.0,3,home,False,win,46.0,32.0,17.0,14.0,4.0,3.0,11.0,21.0,7.0,1.0,3.0,away,home,1.0,4.0,1.0,1.0,3,2
1351275,2025-09-20 21:00:00,Palmeiras,121,Fortaleza EC,24,2025,Serie A,154,4.0,1.0,3,home,False,win,49.0,36.0,18.0,15.0,4.0,3.0,13.0,24.0,7.0,3.0,0.0,home,away,4.0,0.0,1.0,1.0,3,2
1351367,2025-11-09 20:30:00,Palmeiras,121,Mirassol,33,2025,Serie A,7848,1.0,2.0,0,away,False,lose,68.0,58.0,28.0,21.0,5.0,6.0,10.0,22.0,7.0,3.0,0.0,home,away,2.0,0.0,0.0,1.0,1,2
1351115,2025-05-11 17:30:00,Palmeiras,121,Sao Paulo,8,2025,Serie A,126,1.0,0.0,3,home,False,win,19.0,9.0,3.0,6.0,1.0,1.0,12.0,,6.0,3.0,3.0,away,away,1.0,2.0,0.0,1.0,1,2
1351166,2025-11-15 21:00:00,Palmeiras,121,Santos,13,2025,Serie A,128,0.0,1.0,0,away,False,lose,68.0,58.0,29.0,21.0,5.0,7.0,7.0,19.0,6.0,0.0,1.0,away,home,1.0,0.0,2.0,0.0,1,2
1351225,2025-08-10 16:00:00,Palmeiras,121,Ceara,19,2025,Serie A,129,2.0,1.0,3,home,False,win,36.0,23.0,15.0,11.0,3.0,3.0,11.0,20.0,7.0,1.0,3.0,away,away,2.0,1.0,2.0,0.0,3,2
1351135,2025-05-25 16:00:00,Palmeiras,121,Flamengo,10,2025,Serie A,127,0.0,2.0,0,home,False,lose,22.0,11.0,6.0,7.0,1.0,2.0,12.0,,9.0,3.0,0.0,away,away,2.0,1.0,1.0,2.0,1,2
1351220,2025-08-03 19:30:00,Palmeiras,121,Vitoria,18,2025,Serie A,136,2.0,2.0,1,away,False,draw,33.0,21.0,14.0,10.0,3.0,3.0,10.0,19.0,9.0,3.0,3.0,home,home,1.0,2.0,0.0,1.0,3,2
1351323,2025-10-19 16:00:00,Palmeiras,121,Flamengo,29,2025,Serie A,127,2.0,3.0,0,away,False,lose,61.0,53.0,26.0,19.0,4.0,5.0,12.0,25.0,9.0,3.0,1.0,home,home,5.0,0.0,1.0,0.0,1,2
1478007,2025-12-03 21:30:00,Palmeiras,121,Atletico-MG,34,2025,Serie A,1062,,,0,away,False,,70.0,60.0,32.0,21.0,7.0,8.0,2.0,12.0,2.0,0.0,0.0,away,away,2.0,,3.0,,2,2
1351148,2025-06-01 19:30:00,Palmeiras,121,Cruzeiro,11,2025,Serie A,135,1.0,2.0,0,away,False,lose,22.0,12.0,8.0,7.0,1.0,3.0,9.0,22.0,6.0,0.0,1.0,home,home,0.0,1.0,2.0,1.0,4,2
1351193,2025-07-23 19:00:00,Palmeiras,121,Fluminense,16,2025,Serie A,124,2.0,1.0,3,away,False,win,29.0,18.0,12.0,9.0,2.0,3.0,7.0,19.0,4.0,3.0,3.0,home,home,3.0,1.0,2.0,0.0,7,2
1351295,2025-10-01 19:00:00,Palmeiras,121,Vasco DA Gama,26,2025,Serie A,133,3.0,0.0,3,home,False,win,52.0,39.0,19.0,16.0,4.0,4.0,10.0,23.0,6.0,0.0,3.0,away,away,0.0,3.0,1.0,2.0,2,2
1351091,2025-04-20 18:30:00,Palmeiras,121,Fortaleza EC,5,2025,Serie A,154,2.0,1.0,3,away,False,win,13.0,7.0,2.0,4.0,1.0,0.0,,,9.0,3.0,0.0,away,home,1.0,0.0,0.0,1.0,1,2
1351127,2025-05-18 18:30:00,Palmeiras,121,RB Bragantino,9,2025,Serie A,794,2.0,1.0,3,away,False,win,22.0,11.0,4.0,7.0,1.0,1.0,12.0,,6.0,3.0,0.0,home,home,1.0,0.0,0.0,2.0,1,2
1351175,2025-07-16 19:00:00,Palmeiras,121,Mirassol,14,2025,Serie A,7848,1.0,1.0,1,home,False,draw,23.0,13.0,9.0,7.0,2.0,3.0,9.0,21.0,3.0,0.0,3.0,away,home,1.0,3.0,2.0,2.0,7,2
1351205,2025-07-26 21:00:00,Palmeiras,121,Gremio,17,2025,Serie A,130,1.0,0.0,3,home,False,win,32.0,19.0,12.0,10.0,2.0,3.0,7.0,19.0,7.0,3.0,1.0,away,away,2.0,2.0,1.0,2.0,3,2
1351335,2025-10-26 20:30:00,Palmeiras,121,Cruzeiro,30,2025,Serie A,135,0.0,0.0,1,home,False,draw,62.0,53.0,26.0,19.0,5.0,5.0,12.0,22.0,6.0,0.0,3.0,away,away,2.0,2.0,3.0,0.0,1,2
1478049,2025-12-07 16:00:00,Palmeiras,121,Ceara,38,2025,Serie A,129,,,0,away,False,,70.0,60.0,32.0,21.0,7.0,8.0,2.0,9.0,1.0,0.0,,away,,,,,,2,2
1351255,2025-08-31 18:30:00,Palmeiras,121,Corinthians,22,2025,Serie A,131,1.0,1.0,1,away,False,draw,43.0,28.0,16.0,13.0,4.0,3.0,13.0,20.0,9.0,3.0,3.0,home,home,3.0,4.0,0.0,1.0,3,2
1351352,2025-11-02 18:30:00,Palmeiras,121,Juventude,31,2025,Serie A,152,2.0,0.0,3,away,False,win,65.0,55.0,26.0,20.0,5.0,5.0,10.0,20.0,4.0,1.0,3.0,home,home,0.0,2.0,0.0,0.0,1,2
1351355,2025-11-06 21:30:00,Palmeiras,121,Santos,32,2025,Serie A,128,2.0,0.0,3,home,False,win,68.0,57.0,26.0,21.0,5.0,5.0,10.0,22.0,4.0,3.0,0.0,away,away,2.0,1.0,0.0,2.0,1,2
1351062,2025-04-06 18:30:00,Palmeiras,121,Sport Recife,2,2025,Serie A,123,2.0,1.0,3,away,False,win,4.0,2.0,1.0,1.0,1.0,0.0,,,,1.0,3.0,home,home,0.0,2.0,0.0,0.0,7,2
1351315,2025-10-15 19:00:00,Palmeiras,121,RB Bragantino,28,2025,Serie A,794,5.0,1.0,3,home,False,win,61.0,51.0,23.0,19.0,4.0,4.0,12.0,25.0,9.0,3.0,0.0,home,away,4.0,2.0,1.0,3.0,1,2
1351104,2025-05-04 16:00:00,Palmeiras,121,Vasco DA Gama,7,2025,Serie A,133,1.0,0.0,3,away,False,win,16.0,8.0,3.0,5.0,1.0,1.0,12.0,,6.0,0.0,3.0,home,home,0.0,1.0,1.0,0.0,1,2
1351306,2025-10-05 16:00:00,Palmeiras,121,Sao Paulo,27,2025,Serie A,126,3.0,2.0,3,away,False,win,55.0,42.0,21.0,17.0,4.0,4.0,10.0,23.0,6.0,3.0,3.0,home,home,3.0,4.0,0.0,1.0,1,2
1351065,2025-04-12 18:30:00,Palmeiras,121,Corinthians,3,2025,Serie A,131,2.0,0.0,3,home,False,win,7.0,4.0,1.0,2.0,1.0,0.0,,,,3.0,3.0,away,away,2.0,1.0,1.0,0.0,2,2
1351095,2025-04-27 18:30:00,Palmeiras,121,Bahia,6,2025,Serie A,118,0.0,1.0,0,home,False,lose,13.0,7.0,3.0,4.0,1.0,1.0,13.0,,9.0,3.0,3.0,away,away,2.0,1.0,1.0,0.0,2,2
1180457,2024-06-23 16:00:00,Cruzeiro,135,Bahia,11,2024,Serie A,118,1.0,4.0,0,away,False,lose,17.0,13.0,14.0,5.0,2.0,3.0,10.0,17.0,7.0,3.0,3.0,home,home,2.0,2.0,0.0,0.0,8,9
1180666,2024-11-06 21:00:00,Cruzeiro,135,Flamengo,32,2024,Serie A,127,0.0,1.0,0,home,False,lose,44.0,36.0,34.0,12.0,8.0,12.0,3.0,8.0,1.0,0.0,3.0,away,home,0.0,2.0,3.0,1.0,8,9
1180676,2024-11-09 19:00:00,Cruzeiro,135,Criciuma,33,2024,Serie A,140,2.0,1.0,3,home,False,win,47.0,38.0,35.0,13.0,8.0,12.0,2.0,7.0,1.0,0.0,0.0,home,away,0.0,1.0,1.0,2.0,7,9
1180711,2024-12-01 18:30:00,Cruzeiro,135,RB Bragantino,36,2024,Serie A,794,1.0,1.0,1,away,False,draw,49.0,41.0,39.0,13.0,10.0,13.0,4.0,7.0,4.0,1.0,0.0,home,home,1.0,1.0,1.0,2.0,9,9
1180696,2024-11-27 21:00:00,Cruzeiro,135,Gremio,35,2024,Serie A,130,1.0,1.0,1,home,False,draw,48.0,40.0,38.0,13.0,9.0,13.0,4.0,9.0,3.0,0.0,1.0,away,away,1.0,1.0,2.0,1.0,7,9
1180716,2024-12-04 21:30:00,Cruzeiro,135,Palmeiras,37,2024,Serie A,121,1.0,2.0,0,home,False,lose,49.0,42.0,41.0,13.0,10.0,14.0,5.0,8.0,2.0,1.0,3.0,away,away,1.0,1.0,1.0,0.0,9,9
1180556,2024-08-05 21:00:00,Cruzeiro,135,Fortaleza EC,21,2024,Serie A,154,1.0,2.0,0,home,False,lose,35.0,29.0,22.0,11.0,2.0,7.0,12.0,18.0,6.0,3.0,1.0,away,home,3.0,0.0,0.0,0.0,5,9
1180596,2024-09-01 11:00:00,Cruzeiro,135,Atletico Goianiense,25,2024,Serie A,144,3.0,1.0,3,home,False,win,41.0,34.0,26.0,12.0,5.0,8.0,3.0,15.0,2.0,1.0,0.0,home,home,0.0,0.0,0.0,1.0,5,9
1180356,2024-04-14 17:00:00,Cruzeiro,135,Botafogo,1,2024,Serie A,120,3.0,2.0,3,home,False,win,3.0,3.0,2.0,1.0,0.0,0.0,,,,,1.0,,away,,1.0,,1.0,2,9
1180386,2024-04-28 16:00:00,Cruzeiro,135,Vitoria,4,2024,Serie A,136,3.0,1.0,3,home,False,win,7.0,7.0,7.0,2.0,1.0,1.0,,,4.0,0.0,3.0,away,away,0.0,1.0,3.0,0.0,7,9
1180577,2024-08-19 20:00:00,Cruzeiro,135,Vitoria,23,2024,Serie A,136,2.0,2.0,1,away,False,draw,37.0,31.0,24.0,11.0,4.0,7.0,7.0,16.0,4.0,1.0,0.0,home,away,0.0,0.0,0.0,1.0,7,9
1180585,2024-08-25 19:00:00,Cruzeiro,135,Internacional,24,2024,Serie A,119,0.0,1.0,0,away,False,lose,37.0,31.0,25.0,11.0,4.0,8.0,8.0,17.0,2.0,1.0,1.0,away,home,2.0,0.0,2.0,0.0,7,9
1180549,2024-07-27 21:30:00,Cruzeiro,135,Botafogo,20,2024,Serie A,120,3.0,0.0,3,away,False,win,35.0,28.0,20.0,11.0,2.0,6.0,12.0,18.0,6.0,3.0,0.0,home,home,2.0,1.0,0.0,2.0,5,9
1180426,2024-06-13 19:00:00,Cruzeiro,135,Cuiaba,8,2024,Serie A,1193,2.0,1.0,3,home,False,win,13.0,10.0,10.0,4.0,1.0,2.0,7.0,,6.0,0.0,1.0,away,away,0.0,0.0,2.0,0.0,7,9
1180478,2024-06-30 18:30:00,Cruzeiro,135,Flamengo,13,2024,Serie A,127,1.0,2.0,0,away,False,lose,20.0,16.0,16.0,6.0,2.0,4.0,10.0,17.0,6.0,3.0,0.0,home,away,2.0,0.0,0.0,1.0,7,9
1180536,2024-07-24 19:00:00,Cruzeiro,135,Juventude,19,2024,Serie A,152,2.0,0.0,3,home,False,win,32.0,25.0,20.0,10.0,2.0,6.0,9.0,16.0,6.0,0.0,3.0,away,away,0.0,3.0,2.0,0.0,9,9
1180446,2024-06-19 21:30:00,Cruzeiro,135,Fluminense,10,2024,Serie A,124,2.0,0.0,3,home,False,win,17.0,12.0,10.0,5.0,2.0,2.0,10.0,,4.0,1.0,0.0,away,away,0.0,1.0,0.0,4.0,6,9
1180530,2024-07-20 21:00:00,Cruzeiro,135,Palmeiras,18,2024,Serie A,121,0.0,2.0,0,away,False,lose,29.0,23.0,20.0,9.0,2.0,6.0,9.0,19.0,9.0,3.0,3.0,home,home,2.0,2.0,1.0,0.0,7,9
1180638,2024-10-03 21:30:00,Cruzeiro,135,Fluminense,29,2024,Serie A,124,0.0,1.0,0,away,False,lose,43.0,35.0,29.0,12.0,7.0,10.0,6.0,11.0,2.0,1.0,1.0,home,home,1.0,1.0,1.0,1.0,8,9
1180690,2024-11-20 11:00:00,Cruzeiro,135,Corinthians,34,2024,Serie A,131,1.0,2.0,0,away,False,lose,47.0,39.0,37.0,13.0,8.0,13.0,4.0,10.0,3.0,3.0,1.0,home,home,2.0,1.0,1.0,1.0,7,9
1180505,2024-07-10 18:30:00,Cruzeiro,135,Gremio,16,2024,Serie A,130,2.0,0.0,3,away,False,win,26.0,21.0,17.0,8.0,2.0,5.0,6.0,16.0,3.0,3.0,3.0,home,home,3.0,2.0,0.0,1.0,9,9
1180606,2024-09-15 18:30:00,Cruzeiro,135,Sao Paulo,26,2024,Serie A,126,0.0,1.0,0,home,False,lose,41.0,34.0,27.0,12.0,5.0,9.0,6.0,15.0,4.0,3.0,1.0,home,away,3.0,0.0,1.0,0.0,7,9
1180396,2024-08-28 19:30:00,Cruzeiro,135,Internacional,5,2024,Serie A,119,0.0,0.0,1,home,False,draw,38.0,31.0,25.0,11.0,5.0,8.0,,,2.0,0.0,3.0,away,home,0.0,3.0,1.0,1.0,1,9
1180439,2024-06-16 18:30:00,Cruzeiro,135,Vasco DA Gama,9,2024,Serie A,133,0.0,0.0,1,away,False,draw,14.0,10.0,10.0,4.0,2.0,2.0,9.0,,6.0,3.0,3.0,home,home,2.0,2.0,1.0,0.0,8,9
1180494,2024-07-03 20:00:00,Cruzeiro,135,Criciuma,14,2024,Serie A,140,0.0,1.0,0,away,False,lose,20.0,16.0,17.0,6.0,2.0,5.0,7.0,16.0,3.0,0.0,3.0,away,home,1.0,3.0,2.0,0.0,8,9
1180516,2024-07-13 16:00:00,Cruzeiro,135,RB Bragantino,17,2024,Serie A,794,2.0,1.0,3,home,False,win,29.0,23.0,18.0,9.0,2.0,5.0,9.0,16.0,6.0,3.0,0.0,away,away,2.0,0.0,0.0,2.0,9,9
1180646,2024-10-18 21:30:00,Cruzeiro,135,Bahia,30,2024,Serie A,118,1.0,1.0,1,home,False,draw,44.0,36.0,30.0,12.0,8.0,10.0,5.0,8.0,2.0,0.0,0.0,away,away,0.0,0.0,1.0,3.0,8,9
1180496,2024-07-07 16:00:00,Cruzeiro,135,Corinthians,15,2024,Serie A,131,3.0,0.0,3,home,False,win,23.0,19.0,17.0,7.0,2.0,5.0,6.0,16.0,3.0,0.0,3.0,away,away,0.0,2.0,1.0,0.0,7,9
1180566,2024-08-10 21:30:00,Cruzeiro,135,Atletico-MG,22,2024,Serie A,1062,0.0,0.0,1,home,False,draw,36.0,29.0,22.0,11.0,3.0,7.0,9.0,18.0,6.0,0.0,1.0,home,away,1.0,2.0,2.0,2.0,6,9
1180372,2024-04-17 20:00:00,Cruzeiro,135,Fortaleza EC,2,2024,Serie A,154,1.0,1.0,1,away,False,draw,4.0,4.0,3.0,1.0,1.0,0.0,,,,3.0,0.0,home,away,3.0,0.0,2.0,3.0,4,9
1180626,2024-09-29 18:30:00,Cruzeiro,135,Vasco DA Gama,28,2024,Serie A,133,1.0,1.0,1,home,False,draw,43.0,35.0,28.0,12.0,7.0,9.0,5.0,13.0,4.0,1.0,0.0,away,away,0.0,0.0,0.0,1.0,8,9
1180421,2024-06-02 18:30:00,Cruzeiro,135,Sao Paulo,7,2024,Serie A,126,0.0,2.0,0,away,False,lose,10.0,8.0,9.0,3.0,1.0,2.0,10.0,,6.0,3.0,3.0,away,home,1.0,2.0,0.0,1.0,9,9
1180623,2024-09-22 18:30:00,Cruzeiro,135,Cuiaba,27,2024,Serie A,1193,0.0,0.0,1,away,False,draw,42.0,34.0,27.0,12.0,6.0,9.0,5.0,12.0,4.0,0.0,1.0,home,home,0.0,1.0,1.0,1.0,7,9
1180376,2024-04-20 21:00:00,Cruzeiro,135,Atletico-MG,3,2024,Serie A,1062,0.0,3.0,0,away,False,lose,4.0,4.0,6.0,1.0,1.0,1.0,,,,1.0,3.0,away,home,1.0,3.0,1.0,1.0,14,9
1180413,2024-05-12 16:00:00,Cruzeiro,135,Atletico Goianiense,6,2024,Serie A,144,1.0,0.0,3,away,False,win,10.0,8.0,7.0,3.0,1.0,1.0,7.0,,4.0,3.0,0.0,home,away,3.0,0.0,1.0,2.0,10,9
1180734,2024-12-08 16:00:00,Cruzeiro,135,Juventude,38,2024,Serie A,152,1.0,0.0,3,away,False,win,52.0,43.0,41.0,14.0,10.0,14.0,5.0,7.0,2.0,0.0,,home,,1.0,,2.0,,9,9
1180662,2024-10-26 18:30:00,Cruzeiro,135,Atletico Paranaense,31,2024,Serie A,134,0.0,3.0,0,away,False,lose,44.0,36.0,33.0,12.0,8.0,11.0,3.0,9.0,2.0,1.0,0.0,home,home,1.0,0.0,1.0,1.0,8,9
1180466,2024-06-26 19:00:00,Cruzeiro,135,Atletico Paranaense,12,2024,Serie A,134,2.0,0.0,3,home,False,win,20.0,15.0,14.0,6.0,2.0,3.0,7.0,17.0,4.0,0.0,0.0,away,away,1.0,1.0,4.0,2.0,5,9
1180707,2024-12-01 18:30:00,Fortaleza EC,154,Vitoria,36,2024,Serie A,136,0.0,2.0,0,away,False,lose,65.0,49.0,36.0,18.0,11.0,7.0,9.0,17.0,5.0,1.0,0.0,home,away,0.0,1.0,0.0,3.0,5,4
1180702,2024-11-26 20:00:00,Fortaleza EC,154,Flamengo,35,2024,Serie A,127,0.0,0.0,1,home,False,draw,65.0,49.0,34.0,18.0,11.0,6.0,9.0,16.0,7.0,1.0,0.0,away,away,2.0,0.0,2.0,2.0,4,4
1180723,2024-12-04 21:30:00,Fortaleza EC,154,Atletico Goianiense,37,2024,Serie A,144,1.0,3.0,0,away,False,lose,65.0,50.0,39.0,18.0,11.0,8.0,8.0,16.0,2.0,0.0,3.0,away,home,0.0,3.0,2.0,0.0,5,4
1180556,2024-08-05 21:00:00,Fortaleza EC,154,Cruzeiro,21,2024,Serie A,135,2.0,1.0,3,away,False,win,39.0,26.0,19.0,11.0,6.0,3.0,13.0,23.0,7.0,3.0,3.0,home,home,1.0,1.0,0.0,0.0,3,4
1180599,2024-08-31 21:00:00,Fortaleza EC,154,Botafogo,25,2024,Serie A,120,0.0,2.0,0,away,False,lose,48.0,30.0,22.0,14.0,6.0,4.0,15.0,28.0,9.0,3.0,0.0,home,away,1.0,1.0,0.0,2.0,2,4
1180361,2024-04-13 21:00:00,Fortaleza EC,154,Sao Paulo,1,2024,Serie A,126,2.0,1.0,3,away,False,win,3.0,2.0,1.0,1.0,0.0,0.0,,,,,1.0,,home,,1.0,,1.0,5,4
1180392,2024-04-28 18:30:00,Fortaleza EC,154,RB Bragantino,4,2024,Serie A,794,1.0,1.0,1,home,False,draw,5.0,4.0,3.0,1.0,2.0,0.0,,,4.0,1.0,1.0,home,away,1.0,0.0,1.0,0.0,11,4
1180581,2024-08-17 18:30:00,Fortaleza EC,154,RB Bragantino,23,2024,Serie A,794,2.0,1.0,3,away,False,win,45.0,29.0,20.0,13.0,6.0,3.0,13.0,25.0,9.0,3.0,3.0,home,home,1.0,1.0,0.0,0.0,2,4
1180592,2024-08-25 16:00:00,Fortaleza EC,154,Corinthians,24,2024,Serie A,131,1.0,0.0,3,home,False,win,48.0,30.0,20.0,14.0,6.0,3.0,13.0,25.0,9.0,3.0,0.0,away,away,2.0,0.0,1.0,2.0,1,4
1180472,2024-06-26 21:30:00,Fortaleza EC,154,Palmeiras,12,2024,Serie A,121,3.0,0.0,3,home,False,win,17.0,11.0,11.0,4.0,5.0,2.0,7.0,14.0,4.0,1.0,3.0,away,home,1.0,2.0,1.0,1.0,11,4
1180552,2024-07-27 21:30:00,Fortaleza EC,154,Sao Paulo,20,2024,Serie A,126,1.0,0.0,3,home,False,win,36.0,24.0,18.0,10.0,6.0,3.0,13.0,23.0,7.0,1.0,3.0,away,away,1.0,2.0,1.0,1.0,4,4
1180427,2024-06-13 21:30:00,Fortaleza EC,154,Bahia,8,2024,Serie A,118,0.0,1.0,0,away,False,lose,10.0,6.0,5.0,2.0,4.0,1.0,7.0,,5.0,3.0,0.0,home,away,1.0,0.0,0.0,5.0,11,4
1180482,2024-06-30 16:00:00,Fortaleza EC,154,Juventude,13,2024,Serie A,152,2.0,1.0,3,home,False,win,20.0,13.0,12.0,5.0,5.0,2.0,7.0,14.0,7.0,3.0,0.0,home,away,3.0,0.0,0.0,2.0,8,4
1180535,2024-09-11 19:30:00,Fortaleza EC,154,Internacional,19,2024,Serie A,119,1.0,2.0,0,away,False,lose,48.0,31.0,24.0,14.0,6.0,5.0,12.0,25.0,6.0,0.0,1.0,away,away,0.0,1.0,2.0,1.0,1,4
1180452,2024-06-19 20:00:00,Fortaleza EC,154,Gremio,10,2024,Serie A,130,1.0,0.0,3,home,False,win,13.0,7.0,10.0,3.0,4.0,2.0,5.0,,3.0,0.0,1.0,away,away,0.0,1.0,5.0,1.0,12,4
1180532,2024-07-21 18:30:00,Fortaleza EC,154,Atletico Goianiense,18,2024,Serie A,144,3.0,1.0,3,home,False,win,32.0,22.0,17.0,9.0,5.0,3.0,12.0,19.0,9.0,3.0,1.0,home,away,3.0,1.0,1.0,1.0,4,4
1180635,2024-10-04 21:30:00,Fortaleza EC,154,Gremio,29,2024,Serie A,130,1.0,3.0,0,away,False,lose,55.0,38.0,29.0,16.0,7.0,6.0,7.0,22.0,7.0,3.0,1.0,home,home,1.0,1.0,0.0,1.0,3,4
1180688,2024-11-22 21:30:00,Fortaleza EC,154,Fluminense,34,2024,Serie A,124,2.0,2.0,1,away,False,draw,64.0,49.0,34.0,18.0,10.0,6.0,8.0,15.0,7.0,3.0,1.0,home,home,3.0,0.0,0.0,0.0,3,4
1180682,2024-11-09 19:00:00,Fortaleza EC,154,Vasco DA Gama,33,2024,Serie A,133,3.0,0.0,3,home,False,win,63.0,47.0,32.0,18.0,9.0,6.0,8.0,15.0,5.0,3.0,1.0,away,away,3.0,2.0,0.0,2.0,3,4
1180456,2024-06-23 18:30:00,Fortaleza EC,154,Atletico-MG,11,2024,Serie A,1062,1.0,1.0,1,away,False,draw,14.0,8.0,11.0,3.0,5.0,2.0,7.0,13.0,3.0,3.0,3.0,home,home,1.0,3.0,0.0,0.0,11,4
1180508,2024-07-11 20:00:00,Fortaleza EC,154,Flamengo,16,2024,Serie A,127,2.0,1.0,3,away,False,win,26.0,16.0,15.0,7.0,5.0,3.0,10.0,17.0,6.0,3.0,3.0,home,home,1.0,3.0,0.0,1.0,10,4
1180612,2024-09-14 18:30:00,Fortaleza EC,154,Atletico Paranaense,26,2024,Serie A,134,1.0,1.0,1,away,False,draw,49.0,32.0,25.0,14.0,7.0,5.0,9.0,22.0,3.0,0.0,3.0,away,home,1.0,4.0,2.0,1.0,3,4
1180400,2024-05-04 21:00:00,Fortaleza EC,154,Corinthians,5,2024,Serie A,131,0.0,0.0,1,away,False,draw,6.0,4.0,3.0,1.0,3.0,0.0,,,5.0,1.0,1.0,home,home,1.0,1.0,1.0,1.0,14,4
1180443,2024-06-16 18:30:00,Fortaleza EC,154,Cuiaba,9,2024,Serie A,1193,0.0,5.0,0,away,False,lose,10.0,6.0,10.0,2.0,4.0,2.0,6.0,,4.0,0.0,3.0,away,home,0.0,1.0,1.0,0.0,12,4
1180489,2024-07-03 20:00:00,Fortaleza EC,154,Vasco DA Gama,14,2024,Serie A,133,0.0,2.0,0,away,False,lose,20.0,13.0,14.0,5.0,5.0,3.0,10.0,16.0,7.0,3.0,3.0,home,home,2.0,1.0,1.0,0.0,9,4
1180522,2024-07-17 21:30:00,Fortaleza EC,154,Vitoria,17,2024,Serie A,136,3.0,1.0,3,home,False,win,29.0,19.0,16.0,8.0,5.0,3.0,12.0,19.0,6.0,3.0,3.0,away,home,2.0,3.0,1.0,1.0,10,4
1180652,2024-10-16 21:45:00,Fortaleza EC,154,Atletico-MG,30,2024,Serie A,1062,1.0,1.0,1,home,False,draw,56.0,39.0,30.0,16.0,8.0,6.0,7.0,19.0,6.0,0.0,1.0,away,away,1.0,2.0,3.0,2.0,3,4
1180502,2024-07-07 16:00:00,Fortaleza EC,154,Fluminense,15,2024,Serie A,124,1.0,0.0,3,home,False,win,23.0,14.0,14.0,6.0,5.0,3.0,10.0,15.0,6.0,0.0,3.0,away,away,0.0,2.0,2.0,1.0,8,4
1180572,2024-08-10 16:00:00,Fortaleza EC,154,Criciuma,22,2024,Serie A,140,1.0,0.0,3,home,False,win,42.0,27.0,19.0,12.0,6.0,3.0,13.0,25.0,7.0,3.0,3.0,away,away,2.0,2.0,1.0,1.0,2,4
1180660,2024-10-26 16:30:00,Fortaleza EC,154,Palmeiras,31,2024,Serie A,121,2.0,2.0,1,away,False,draw,57.0,41.0,32.0,16.0,9.0,6.0,8.0,17.0,4.0,1.0,3.0,home,away,1.0,3.0,1.0,0.0,3,4
1180372,2024-04-17 20:00:00,Fortaleza EC,154,Cruzeiro,2,2024,Serie A,135,1.0,1.0,1,home,False,draw,4.0,3.0,2.0,1.0,1.0,0.0,,,,3.0,1.0,away,home,2.0,1.0,1.0,1.0,6,4
1180632,2024-09-29 16:00:00,Fortaleza EC,154,Cuiaba,28,2024,Serie A,1193,1.0,0.0,3,home,False,win,55.0,37.0,26.0,16.0,7.0,5.0,7.0,20.0,4.0,3.0,0.0,home,away,4.0,1.0,1.0,3.0,3,4
1180422,2024-06-02 18:30:00,Fortaleza EC,154,Atletico Paranaense,7,2024,Serie A,134,1.0,0.0,3,home,False,win,10.0,6.0,4.0,2.0,4.0,0.0,7.0,,3.0,1.0,0.0,home,away,1.0,0.0,1.0,1.0,11,4
1180622,2024-09-21 21:00:00,Fortaleza EC,154,Bahia,27,2024,Serie A,118,4.0,1.0,3,home,False,win,52.0,36.0,26.0,15.0,7.0,5.0,7.0,20.0,1.0,1.0,3.0,away,home,1.0,1.0,1.0,0.0,3,4
1180384,2024-07-24 19:00:00,Fortaleza EC,154,Criciuma,3,2024,Serie A,140,1.0,1.0,1,away,False,draw,33.0,23.0,18.0,9.0,6.0,3.0,,,,3.0,3.0,home,home,3.0,1.0,1.0,0.0,1,4
1180412,2024-05-12 16:00:00,Fortaleza EC,154,Botafogo,6,2024,Serie A,120,1.0,1.0,1,home,False,draw,7.0,5.0,4.0,1.0,4.0,0.0,6.0,,3.0,1.0,3.0,away,home,0.0,1.0,0.0,0.0,13,4
1180732,2024-12-08 16:00:00,Fortaleza EC,154,Internacional,38,2024,Serie A,119,3.0,0.0,3,home,False,win,68.0,53.0,39.0,19.0,11.0,8.0,5.0,13.0,1.0,0.0,,away,,1.0,,3.0,,4,4
1180674,2024-11-02 18:30:00,Fortaleza EC,154,Juventude,32,2024,Serie A,152,3.0,0.0,3,away,False,win,60.0,44.0,32.0,17.0,9.0,6.0,8.0,15.0,2.0,1.0,3.0,away,home,2.0,3.0,2.0,0.0,3,4
1351078,2025-04-17 21:30:00,Cruzeiro,135,Bahia,4,2025,Serie A,118,3.0,0.0,3,home,False,win,7.0,6.0,5.0,2.0,1.0,1.0,,,4.0,1.0,0.0,away,away,1.0,0.0,1.0,1.0,5,3
1351160,2025-06-12 19:00:00,Cruzeiro,135,Vitoria,12,2025,Serie A,136,0.0,0.0,1,away,False,draw,24.0,17.0,8.0,7.0,3.0,2.0,13.0,20.0,7.0,3.0,3.0,home,home,2.0,4.0,1.0,1.0,7,3
1351237,2025-08-18 20:00:00,Cruzeiro,135,Mirassol,20,2025,Serie A,7848,1.0,1.0,1,away,False,draw,38.0,32.0,14.0,11.0,5.0,4.0,7.0,20.0,3.0,0.0,3.0,home,home,1.0,2.0,2.0,1.0,3,3
1478029,2025-11-29 21:00:00,Cruzeiro,135,Ceara,36,2025,Serie A,129,,,0,away,False,,68.0,52.0,25.0,19.0,11.0,5.0,11.0,18.0,5.0,3.0,0.0,home,home,3.0,,0.0,,3,3
1478019,2025-11-23 20:30:00,Cruzeiro,135,Corinthians,35,2025,Serie A,131,3.0,0.0,3,home,False,win,68.0,52.0,25.0,19.0,11.0,5.0,9.0,15.0,5.0,1.0,0.0,away,away,3.0,,3.0,,3,3
1478039,2025-12-04 19:30:00,Cruzeiro,135,Botafogo,37,2025,Serie A,120,,,0,home,False,,68.0,52.0,25.0,19.0,11.0,5.0,8.0,17.0,4.0,0.0,0.0,away,away,,,,,3,3
1351248,2025-08-23 18:30:00,Cruzeiro,135,Internacional,21,2025,Serie A,119,2.0,1.0,3,home,False,win,41.0,34.0,15.0,12.0,5.0,4.0,5.0,18.0,4.0,1.0,3.0,away,home,1.0,1.0,1.0,0.0,3,3
1351284,2025-09-27 18:30:00,Cruzeiro,135,Vasco DA Gama,25,2025,Serie A,133,0.0,2.0,0,away,False,lose,50.0,39.0,19.0,15.0,5.0,5.0,13.0,20.0,9.0,3.0,1.0,home,away,2.0,0.0,1.0,0.0,2,3
1351048,2025-03-29 18:30:00,Cruzeiro,135,Mirassol,1,2025,Serie A,7848,2.0,1.0,3,home,False,win,3.0,2.0,1.0,1.0,0.0,0.0,,,,,0.0,,away,,0.0,,3.0,4,3
1351270,2025-09-15 20:00:00,Cruzeiro,135,Bahia,23,2025,Serie A,118,2.0,1.0,3,away,False,win,47.0,37.0,16.0,14.0,5.0,4.0,10.0,20.0,7.0,3.0,3.0,home,home,1.0,2.0,0.0,1.0,2,3
1351278,2025-09-21 20:30:00,Cruzeiro,135,RB Bragantino,24,2025,Serie A,794,2.0,1.0,3,home,False,win,50.0,39.0,17.0,15.0,5.0,4.0,10.0,20.0,9.0,3.0,0.0,away,away,2.0,0.0,1.0,2.0,2,3
1351368,2025-11-09 16:00:00,Cruzeiro,135,Fluminense,33,2025,Serie A,124,0.0,0.0,1,home,False,draw,64.0,46.0,22.0,18.0,10.0,5.0,11.0,19.0,7.0,3.0,1.0,away,away,1.0,3.0,0.0,3.0,3,3
1351122,2025-05-11 16:00:00,Cruzeiro,135,Sport Recife,8,2025,Serie A,123,4.0,0.0,3,away,False,win,16.0,13.0,7.0,5.0,1.0,2.0,10.0,,6.0,3.0,1.0,home,home,2.0,0.0,1.0,0.0,4,3
1351168,2025-07-13 20:30:00,Cruzeiro,135,Gremio,13,2025,Serie A,130,4.0,1.0,3,home,False,win,27.0,21.0,9.0,8.0,3.0,2.0,11.0,21.0,7.0,1.0,3.0,away,away,0.0,2.0,0.0,0.0,6,3
1351228,2025-08-10 18:30:00,Cruzeiro,135,Santos,19,2025,Serie A,128,1.0,2.0,0,home,False,lose,37.0,31.0,13.0,11.0,4.0,4.0,10.0,21.0,4.0,3.0,1.0,away,away,2.0,1.0,0.0,1.0,2,3
1351141,2025-05-25 20:30:00,Cruzeiro,135,Fortaleza EC,10,2025,Serie A,154,2.0,0.0,3,away,False,win,20.0,15.0,7.0,6.0,2.0,2.0,10.0,,7.0,1.0,3.0,home,home,0.0,2.0,0.0,1.0,3,3
1351214,2025-08-03 16:00:00,Cruzeiro,135,Botafogo,18,2025,Serie A,120,2.0,0.0,3,away,False,win,37.0,30.0,11.0,11.0,4.0,3.0,10.0,21.0,4.0,0.0,0.0,home,home,1.0,1.0,2.0,2.0,2,3
1351328,2025-10-18 21:00:00,Cruzeiro,135,Fortaleza EC,29,2025,Serie A,154,1.0,0.0,3,home,False,win,56.0,42.0,21.0,16.0,8.0,5.0,6.0,16.0,3.0,1.0,1.0,away,away,1.0,0.0,1.0,0.0,3,3
1478015,2025-11-20 16:00:00,Cruzeiro,135,Juventude,34,2025,Serie A,152,3.0,3.0,1,away,False,draw,65.0,49.0,25.0,18.0,11.0,5.0,11.0,17.0,7.0,1.0,3.0,home,home,0.0,3.0,0.0,0.0,3,3
1351148,2025-06-01 19:30:00,Cruzeiro,135,Palmeiras,11,2025,Serie A,121,2.0,1.0,3,home,False,win,23.0,17.0,8.0,7.0,2.0,2.0,13.0,20.0,7.0,3.0,1.0,away,away,2.0,0.0,0.0,0.0,2,3
1351195,2025-07-23 19:30:00,Cruzeiro,135,Corinthians,16,2025,Serie A,131,0.0,0.0,1,away,False,draw,34.0,27.0,9.0,10.0,4.0,2.0,13.0,26.0,9.0,3.0,0.0,home,home,4.0,1.0,0.0,2.0,4,3
1351293,2025-10-02 20:30:00,Cruzeiro,135,Flamengo,26,2025,Serie A,127,0.0,0.0,1,away,False,draw,51.0,39.0,19.0,15.0,6.0,5.0,12.0,17.0,6.0,0.0,1.0,away,home,0.0,1.0,2.0,1.0,3,3
1351087,2025-04-20 20:30:00,Cruzeiro,135,RB Bragantino,5,2025,Serie A,794,0.0,1.0,0,away,False,lose,7.0,6.0,6.0,2.0,1.0,2.0,,,4.0,3.0,3.0,home,home,3.0,1.0,0.0,0.0,7,3
1351128,2025-05-18 20:30:00,Cruzeiro,135,Atletico-MG,9,2025,Serie A,1062,0.0,0.0,1,home,False,draw,17.0,13.0,7.0,5.0,2.0,2.0,12.0,,9.0,3.0,3.0,away,away,4.0,2.0,0.0,0.0,3,3
1351173,2025-07-17 19:30:00,Cruzeiro,135,Fluminense,14,2025,Serie A,124,2.0,0.0,3,away,False,win,30.0,23.0,9.0,9.0,3.0,2.0,11.0,23.0,7.0,3.0,3.0,home,home,4.0,4.0,1.0,0.0,4,3
1351208,2025-07-27 16:00:00,Cruzeiro,135,Ceara,17,2025,Serie A,129,1.0,2.0,0,home,False,lose,34.0,28.0,11.0,10.0,4.0,3.0,11.0,24.0,7.0,1.0,3.0,away,away,0.0,2.0,0.0,0.0,2,3
1351335,2025-10-26 20:30:00,Cruzeiro,135,Palmeiras,30,2025,Serie A,121,0.0,0.0,1,away,False,draw,57.0,42.0,21.0,16.0,9.0,5.0,6.0,19.0,5.0,3.0,3.0,home,home,1.0,3.0,0.0,1.0,3,3
1478054,2025-12-07 16:00:00,Cruzeiro,135,Santos,38,2025,Serie A,128,,,0,away,False,,68.0,52.0,25.0,19.0,11.0,5.0,5.0,16.0,3.0,0.0,,home,,,,,,3,3
1351188,2025-07-20 16:00:00,Cruzeiro,135,Juventude,15,2025,Serie A,152,4.0,0.0,3,home,False,win,33.0,27.0,9.0,10.0,3.0,2.0,13.0,23.0,7.0,3.0,1.0,away,away,2.0,0.0,0.0,0.0,1,3
1351258,2025-08-30 21:00:00,Cruzeiro,135,Sao Paulo,22,2025,Serie A,126,1.0,0.0,3,home,False,win,44.0,35.0,15.0,13.0,5.0,4.0,7.0,18.0,4.0,3.0,3.0,home,away,2.0,2.0,1.0,1.0,2,3
1351348,2025-11-01 16:00:00,Cruzeiro,135,Vitoria,31,2025,Serie A,136,3.0,1.0,3,home,False,win,60.0,45.0,22.0,17.0,9.0,5.0,7.0,19.0,5.0,1.0,3.0,away,away,0.0,1.0,0.0,0.0,3,3
1351359,2025-11-05 20:00:00,Cruzeiro,135,Gremio,32,2025,Serie A,130,1.0,0.0,3,away,False,win,63.0,46.0,22.0,18.0,9.0,5.0,9.0,19.0,7.0,3.0,1.0,home,home,3.0,0.0,1.0,0.0,3,3
1351059,2025-04-06 18:30:00,Cruzeiro,135,Internacional,2,2025,Serie A,119,0.0,3.0,0,away,False,lose,3.0,2.0,4.0,1.0,0.0,1.0,,,,3.0,1.0,home,away,2.0,1.0,1.0,1.0,11,3
1351318,2025-10-15 21:30:00,Cruzeiro,135,Atletico-MG,28,2025,Serie A,1062,1.0,1.0,1,away,False,draw,53.0,41.0,21.0,15.0,8.0,5.0,8.0,18.0,2.0,1.0,3.0,home,home,1.0,1.0,1.0,0.0,3,3
1351108,2025-05-04 18:30:00,Cruzeiro,135,Flamengo,7,2025,Serie A,127,2.0,1.0,3,home,False,win,13.0,9.0,7.0,4.0,1.0,2.0,7.0,,6.0,3.0,3.0,home,away,1.0,4.0,0.0,0.0,4,3
1351308,2025-10-05 20:30:00,Cruzeiro,135,Sport Recife,27,2025,Serie A,123,1.0,1.0,1,home,False,draw,52.0,40.0,20.0,15.0,7.0,5.0,10.0,17.0,4.0,1.0,1.0,away,away,0.0,1.0,0.0,1.0,3,3
1351066,2025-04-13 17:30:00,Cruzeiro,135,Sao Paulo,3,2025,Serie A,126,1.0,1.0,1,away,False,draw,4.0,3.0,5.0,1.0,1.0,1.0,,,,0.0,3.0,away,home,0.0,3.0,3.0,0.0,12,3
1351098,2025-04-27 18:30:00,Cruzeiro,135,Vasco DA Gama,6,2025,Serie A,133,1.0,0.0,3,home,False,win,10.0,7.0,6.0,3.0,1.0,2.0,7.0,,4.0,0.0,3.0,away,home,0.0,2.0,1.0,1.0,4,3
1351161,2025-06-12 19:30:00,Fortaleza EC,154,Santos,12,2025,Serie A,128,2.0,3.0,0,home,False,lose,10.0,12.0,18.0,2.0,4.0,6.0,4.0,7.0,0.0,0.0,0.0,away,home,0.0,0.0,5.0,1.0,20,18
1351233,2025-08-16 16:00:00,Fortaleza EC,154,Fluminense,20,2025,Serie A,124,1.0,2.0,0,away,False,lose,15.0,19.0,31.0,3.0,6.0,10.0,5.0,5.0,1.0,0.0,0.0,home,home,0.0,0.0,5.0,1.0,19,18
1478028,2025-11-26 19:00:00,Fortaleza EC,154,RB Bragantino,36,2025,Serie A,794,1.0,0.0,3,away,False,win,37.0,38.0,53.0,9.0,10.0,16.0,7.0,13.0,5.0,3.0,0.0,away,home,3.0,,2.0,,18,18
1478021,2025-11-30 18:30:00,Fortaleza EC,154,Atletico-MG,35,2025,Serie A,1062,,,0,home,False,,37.0,38.0,53.0,9.0,10.0,16.0,9.0,16.0,7.0,3.0,0.0,away,home,1.0,,0.0,,18,18
1478041,2025-12-03 19:00:00,Fortaleza EC,154,Corinthians,37,2025,Serie A,131,,,0,home,False,,37.0,38.0,53.0,9.0,10.0,16.0,8.0,13.0,6.0,0.0,0.0,home,away,,,,,17,18
1351251,2025-08-24 18:30:00,Fortaleza EC,154,Mirassol,21,2025,Serie A,7848,0.0,1.0,0,home,False,lose,15.0,19.0,32.0,3.0,6.0,11.0,4.0,5.0,1.0,0.0,0.0,away,away,1.0,1.0,2.0,2.0,19,18
1351291,2025-09-27 16:00:00,Fortaleza EC,154,Sport Recife,25,2025,Serie A,123,1.0,0.0,3,home,False,win,21.0,24.0,38.0,5.0,6.0,13.0,3.0,8.0,3.0,0.0,0.0,away,home,1.0,0.0,4.0,2.0,19,18
1351051,2025-03-29 18:30:00,Fortaleza EC,154,Fluminense,1,2025,Serie A,124,2.0,0.0,3,home,False,win,3.0,2.0,0.0,1.0,0.0,0.0,,,,,1.0,,away,,1.0,,1.0,1,18
1351080,2025-04-16 21:30:00,Fortaleza EC,154,Vitoria,4,2025,Serie A,136,1.0,2.0,0,away,False,lose,5.0,4.0,3.0,1.0,2.0,1.0,,,5.0,1.0,0.0,home,home,0.0,1.0,0.0,2.0,11,18
1351271,2025-09-13 16:00:00,Fortaleza EC,154,Vitoria,23,2025,Serie A,136,2.0,0.0,3,home,False,win,18.0,22.0,34.0,4.0,6.0,12.0,1.0,5.0,0.0,0.0,0.0,away,away,1.0,1.0,2.0,4.0,19,18
1351275,2025-09-20 21:00:00,Fortaleza EC,154,Palmeiras,24,2025,Serie A,121,1.0,4.0,0,away,False,lose,18.0,23.0,38.0,4.0,6.0,13.0,3.0,8.0,3.0,3.0,3.0,home,home,2.0,1.0,0.0,0.0,19,18
1351371,2025-11-09 20:30:00,Fortaleza EC,154,Gremio,33,2025,Serie A,130,2.0,2.0,1,home,False,draw,30.0,31.0,48.0,7.0,9.0,16.0,5.0,14.0,5.0,1.0,1.0,away,away,1.0,3.0,1.0,3.0,19,18
1351121,2025-05-10 16:00:00,Fortaleza EC,154,Juventude,8,2025,Serie A,152,5.0,0.0,3,home,False,win,10.0,10.0,5.0,2.0,4.0,2.0,3.0,,2.0,1.0,0.0,away,away,0.0,0.0,0.0,3.0,11,18
1351171,2025-07-13 20:30:00,Fortaleza EC,154,Ceara,13,2025,Serie A,129,0.0,1.0,0,home,False,lose,10.0,12.0,19.0,2.0,4.0,7.0,3.0,6.0,0.0,0.0,1.0,home,home,2.0,1.0,3.0,1.0,19,18
1351231,2025-08-09 20:30:00,Fortaleza EC,154,Botafogo,19,2025,Serie A,120,0.0,5.0,0,home,False,lose,15.0,18.0,29.0,3.0,6.0,9.0,5.0,8.0,4.0,1.0,0.0,away,away,1.0,1.0,1.0,2.0,18,18
1351141,2025-05-25 20:30:00,Fortaleza EC,154,Cruzeiro,10,2025,Serie A,135,0.0,2.0,0,home,False,lose,10.0,10.0,10.0,2.0,4.0,4.0,5.0,,4.0,0.0,0.0,away,away,0.0,0.0,3.0,5.0,16,18
1351215,2025-08-03 16:00:00,Fortaleza EC,154,Corinthians,18,2025,Serie A,131,1.0,1.0,1,away,False,draw,15.0,18.0,24.0,3.0,6.0,8.0,4.0,8.0,4.0,0.0,0.0,away,home,1.0,0.0,2.0,5.0,18,18
1351328,2025-10-18 21:00:00,Fortaleza EC,154,Cruzeiro,29,2025,Serie A,135,0.0,1.0,0,away,False,lose,24.0,26.0,44.0,6.0,6.0,16.0,6.0,9.0,3.0,0.0,3.0,home,home,0.0,1.0,2.0,0.0,19,18
1478008,2025-11-20 18:00:00,Fortaleza EC,154,Bahia,34,2025,Serie A,118,3.0,2.0,3,away,False,win,34.0,37.0,53.0,8.0,10.0,16.0,7.0,13.0,3.0,1.0,3.0,away,away,3.0,1.0,3.0,0.0,18,18
1351143,2025-06-01 18:30:00,Fortaleza EC,154,Flamengo,11,2025,Serie A,127,0.0,5.0,0,away,False,lose,10.0,10.0,15.0,2.0,4.0,5.0,5.0,10.0,3.0,0.0,0.0,home,home,0.0,2.0,2.0,3.0,17,18
1351198,2025-11-12 20:30:00,Fortaleza EC,154,Atletico-MG,16,2025,Serie A,1062,3.0,3.0,1,away,False,draw,31.0,34.0,51.0,7.0,10.0,16.0,6.0,12.0,3.0,1.0,3.0,home,away,2.0,3.0,2.0,2.0,6,18
1351301,2025-10-02 19:30:00,Fortaleza EC,154,Sao Paulo,26,2025,Serie A,126,0.0,2.0,0,home,False,lose,21.0,24.0,40.0,5.0,6.0,14.0,6.0,10.0,6.0,3.0,3.0,home,away,1.0,2.0,0.0,1.0,19,18
1351091,2025-04-20 18:30:00,Fortaleza EC,154,Palmeiras,5,2025,Serie A,121,1.0,2.0,0,home,False,lose,5.0,5.0,5.0,1.0,2.0,2.0,,,2.0,0.0,1.0,away,away,1.0,0.0,2.0,0.0,14,18
1351124,2025-05-17 18:30:00,Fortaleza EC,154,Vasco DA Gama,9,2025,Serie A,133,0.0,3.0,0,away,False,lose,10.0,10.0,8.0,2.0,4.0,3.0,5.0,,5.0,3.0,0.0,home,home,5.0,0.0,0.0,2.0,14,18
1351179,2025-07-29 20:30:00,Fortaleza EC,154,Gremio,14,2025,Serie A,130,1.0,2.0,0,away,False,lose,14.0,17.0,23.0,3.0,5.0,8.0,4.0,9.0,4.0,3.0,1.0,home,away,3.0,1.0,1.0,1.0,18,18
1351211,2025-07-26 18:30:00,Fortaleza EC,154,RB Bragantino,17,2025,Serie A,794,3.0,1.0,3,home,False,win,14.0,16.0,21.0,3.0,5.0,7.0,1.0,6.0,1.0,1.0,0.0,home,away,1.0,1.0,1.0,2.0,18,18
1351341,2025-10-25 19:30:00,Fortaleza EC,154,Flamengo,30,2025,Serie A,127,1.0,0.0,3,home,False,win,27.0,27.0,44.0,7.0,6.0,16.0,6.0,9.0,3.0,0.0,1.0,away,away,0.0,1.0,1.0,1.0,18,18
1351102,2025-04-26 20:00:00,Fortaleza EC,154,Sport Recife,6,2025,Serie A,123,0.0,0.0,1,away,False,draw,6.0,5.0,5.0,1.0,3.0,2.0,5.0,,1.0,0.0,1.0,home,away,1.0,0.0,2.0,0.0,15,18
1478048,2025-12-07 16:00:00,Fortaleza EC,154,Botafogo,38,2025,Serie A,120,,,0,away,False,,37.0,38.0,53.0,9.0,10.0,16.0,7.0,13.0,3.0,0.0,,home,,,,,,18,18
1351191,2025-07-19 16:00:00,Fortaleza EC,154,Bahia,15,2025,Serie A,118,1.0,1.0,1,home,False,draw,11.0,13.0,20.0,2.0,5.0,7.0,0.0,5.0,0.0,0.0,3.0,home,home,0.0,3.0,1.0,1.0,19,18
1351259,2025-08-31 20:30:00,Fortaleza EC,154,Internacional,22,2025,Serie A,119,1.0,2.0,0,away,False,lose,15.0,20.0,34.0,3.0,6.0,12.0,1.0,5.0,0.0,0.0,3.0,home,home,0.0,2.0,1.0,0.0,19,18
1351346,2025-11-01 16:00:00,Fortaleza EC,154,Santos,31,2025,Serie A,128,1.0,1.0,1,away,False,draw,28.0,28.0,45.0,7.0,7.0,16.0,6.0,12.0,3.0,3.0,1.0,home,away,1.0,1.0,0.0,1.0,18,18
1351361,2025-11-06 20:00:00,Fortaleza EC,154,Ceara,32,2025,Serie A,129,1.0,1.0,1,away,False,draw,29.0,29.0,46.0,7.0,8.0,16.0,7.0,13.0,4.0,1.0,1.0,away,home,1.0,2.0,1.0,2.0,19,18
1351057,2025-04-06 18:30:00,Fortaleza EC,154,Mirassol,2,2025,Serie A,7848,1.0,1.0,1,away,False,draw,4.0,3.0,1.0,1.0,1.0,0.0,,,,3.0,1.0,home,home,2.0,0.0,0.0,0.0,4,18
1351321,2025-10-15 21:30:00,Fortaleza EC,154,Vasco DA Gama,28,2025,Serie A,133,0.0,2.0,0,home,False,lose,24.0,26.0,43.0,6.0,6.0,15.0,9.0,10.0,6.0,3.0,0.0,away,away,2.0,0.0,1.0,1.0,18,18
1351106,2025-05-02 21:30:00,Fortaleza EC,154,Sao Paulo,7,2025,Serie A,126,0.0,0.0,1,away,False,draw,7.0,5.0,5.0,1.0,4.0,2.0,3.0,,1.0,1.0,3.0,away,home,0.0,5.0,0.0,0.0,17,18
1351312,2025-10-05 18:30:00,Fortaleza EC,154,Juventude,27,2025,Serie A,152,2.0,1.0,3,away,False,win,24.0,26.0,41.0,6.0,6.0,14.0,6.0,7.0,3.0,0.0,0.0,home,home,0.0,0.0,2.0,2.0,18,18
1351071,2025-04-13 20:00:00,Fortaleza EC,154,Internacional,3,2025,Serie A,119,0.0,0.0,1,home,False,draw,5.0,3.0,1.0,1.0,2.0,0.0,,,,1.0,0.0,away,away,1.0,1.0,1.0,2.0,7,18
1180457,2024-06-23 16:00:00,Bahia,118,Cruzeiro,11,2024,Serie A,135,4.0,1.0,3,home,False,win,21.0,18.0,12.0,6.0,3.0,2.0,8.0,18.0,4.0,0.0,3.0,away,home,1.0,2.0,2.0,1.0,3,8
1180713,2024-11-30 19:30:00,Bahia,118,Cuiaba,36,2024,Serie A,1193,2.0,1.0,3,away,False,win,50.0,47.0,46.0,14.0,8.0,14.0,1.0,8.0,1.0,1.0,0.0,home,away,1.0,0.0,1.0,3.0,7,8
1180697,2024-11-24 16:00:00,Bahia,118,Atletico Paranaense,35,2024,Serie A,134,1.0,1.0,1,home,False,draw,47.0,45.0,45.0,13.0,8.0,14.0,1.0,7.0,0.0,0.0,3.0,home,away,1.0,2.0,2.0,1.0,8,8
1180720,2024-12-03 20:00:00,Bahia,118,Corinthians,37,2024,Serie A,131,0.0,3.0,0,away,False,lose,50.0,47.0,49.0,14.0,8.0,15.0,4.0,8.0,4.0,3.0,3.0,away,home,2.0,2.0,1.0,0.0,8,8
1180558,2024-08-04 16:00:00,Bahia,118,Fluminense,21,2024,Serie A,124,0.0,1.0,0,away,False,lose,32.0,29.0,25.0,9.0,5.0,7.0,5.0,14.0,2.0,1.0,3.0,home,home,1.0,2.0,1.0,0.0,7,8
1180601,2024-09-01 18:30:00,Bahia,118,RB Bragantino,25,2024,Serie A,794,1.0,2.0,0,away,False,lose,39.0,34.0,27.0,11.0,6.0,8.0,8.0,12.0,7.0,1.0,3.0,home,home,0.0,3.0,0.0,0.0,7,8
1180355,2024-04-13 18:30:00,Bahia,118,Internacional,1,2024,Serie A,119,1.0,2.0,0,away,False,lose,0.0,1.0,2.0,0.0,0.0,1.0,,,,,3.0,,home,,2.0,,1.0,15,8
1180387,2024-04-27 21:00:00,Bahia,118,Gremio,4,2024,Serie A,130,1.0,0.0,3,home,False,win,7.0,6.0,5.0,2.0,1.0,1.0,,,4.0,1.0,3.0,away,away,2.0,2.0,2.0,1.0,5,8
1180575,2024-08-17 16:00:00,Bahia,118,Gremio,23,2024,Serie A,130,2.0,0.0,3,away,False,win,38.0,33.0,25.0,11.0,5.0,7.0,5.0,11.0,4.0,3.0,1.0,home,home,2.0,0.0,0.0,0.0,5,8
1180547,2024-07-27 20:00:00,Bahia,118,Internacional,20,2024,Serie A,119,1.0,1.0,1,home,False,draw,32.0,29.0,24.0,9.0,5.0,6.0,4.0,13.0,1.0,1.0,0.0,away,away,1.0,0.0,1.0,1.0,7,8
1180684,2024-11-09 19:00:00,Bahia,118,Juventude,33,2024,Serie A,152,1.0,2.0,0,away,False,lose,46.0,43.0,42.0,13.0,7.0,13.0,4.0,11.0,1.0,0.0,0.0,home,home,0.0,1.0,3.0,2.0,8,8
1180427,2024-06-13 21:30:00,Bahia,118,Fortaleza EC,8,2024,Serie A,154,1.0,0.0,3,home,False,win,17.0,11.0,7.0,5.0,2.0,1.0,11.0,,7.0,1.0,1.0,away,away,1.0,2.0,1.0,2.0,2,8
1180481,2024-06-30 16:00:00,Bahia,118,Sao Paulo,13,2024,Serie A,126,1.0,3.0,0,away,False,lose,24.0,21.0,16.0,7.0,3.0,3.0,10.0,21.0,6.0,3.0,3.0,home,home,2.0,2.0,1.0,0.0,4,8
1180543,2024-07-24 21:30:00,Bahia,118,Atletico Goianiense,19,2024,Serie A,144,1.0,1.0,1,away,False,draw,31.0,28.0,23.0,9.0,4.0,6.0,6.0,13.0,3.0,0.0,1.0,home,home,0.0,1.0,1.0,1.0,11,8
1180448,2024-06-20 20:00:00,Bahia,118,Flamengo,10,2024,Serie A,127,1.0,2.0,0,away,False,lose,18.0,14.0,11.0,5.0,3.0,2.0,11.0,,5.0,1.0,3.0,away,home,2.0,4.0,2.0,1.0,5,8
1180527,2024-07-21 16:00:00,Bahia,118,Corinthians,18,2024,Serie A,131,0.0,1.0,0,home,False,lose,30.0,27.0,22.0,9.0,3.0,6.0,6.0,16.0,3.0,0.0,1.0,home,away,1.0,1.0,2.0,1.0,6,8
1180637,2024-10-05 19:00:00,Bahia,118,Flamengo,29,2024,Serie A,127,0.0,2.0,0,home,False,lose,45.0,39.0,33.0,13.0,6.0,10.0,7.0,15.0,6.0,3.0,1.0,home,away,1.0,1.0,0.0,1.0,7,8
1180687,2024-11-20 18:00:00,Bahia,118,Palmeiras,34,2024,Serie A,121,1.0,2.0,0,home,False,lose,46.0,44.0,44.0,13.0,7.0,14.0,1.0,8.0,0.0,0.0,1.0,away,home,1.0,1.0,2.0,1.0,8,8
1180587,2024-08-25 16:00:00,Bahia,118,Botafogo,24,2024,Serie A,120,0.0,0.0,1,home,False,draw,39.0,33.0,25.0,11.0,6.0,7.0,8.0,14.0,6.0,3.0,0.0,away,away,2.0,1.0,0.0,2.0,6,8
1180512,2024-07-10 19:00:00,Bahia,118,Atletico Paranaense,16,2024,Serie A,134,3.0,1.0,3,away,False,win,30.0,26.0,19.0,9.0,3.0,4.0,9.0,17.0,3.0,0.0,0.0,away,home,0.0,1.0,2.0,2.0,6,8
1180607,2024-09-15 18:30:00,Bahia,118,Atletico-MG,26,2024,Serie A,1062,3.0,0.0,3,home,False,win,42.0,37.0,27.0,12.0,6.0,8.0,7.0,12.0,4.0,0.0,0.0,away,away,1.0,1.0,2.0,4.0,6,8
1180399,2024-05-05 18:30:00,Bahia,118,Botafogo,5,2024,Serie A,120,2.0,1.0,3,away,False,win,10.0,8.0,6.0,3.0,1.0,1.0,,,7.0,3.0,3.0,home,home,1.0,1.0,0.0,0.0,6,8
1180444,2024-06-16 18:30:00,Bahia,118,Criciuma,9,2024,Serie A,140,2.0,2.0,1,away,False,draw,18.0,13.0,9.0,5.0,3.0,1.0,13.0,,7.0,3.0,0.0,home,away,1.0,1.0,0.0,2.0,3,8
1180487,2024-07-04 19:00:00,Bahia,118,Juventude,14,2024,Serie A,152,2.0,0.0,3,home,False,win,27.0,23.0,16.0,8.0,3.0,3.0,7.0,20.0,6.0,0.0,0.0,away,away,1.0,0.0,3.0,2.0,4,8
1180517,2024-07-13 16:00:00,Bahia,118,Cuiaba,17,2024,Serie A,1193,1.0,2.0,0,home,False,lose,30.0,27.0,21.0,9.0,3.0,5.0,9.0,17.0,6.0,3.0,0.0,away,home,3.0,0.0,1.0,1.0,8,8
1180646,2024-10-18 21:30:00,Bahia,118,Cruzeiro,30,2024,Serie A,135,1.0,1.0,1,away,False,draw,46.0,40.0,34.0,13.0,7.0,10.0,6.0,14.0,3.0,0.0,0.0,home,away,0.0,2.0,2.0,3.0,7,8
1180500,2024-07-07 18:30:00,Bahia,118,Palmeiras,15,2024,Serie A,121,0.0,2.0,0,away,False,lose,27.0,23.0,18.0,8.0,3.0,4.0,9.0,20.0,6.0,3.0,3.0,home,away,2.0,3.0,0.0,1.0,5,8
1180567,2024-08-11 16:00:00,Bahia,118,Vitoria,22,2024,Serie A,136,2.0,0.0,3,home,False,win,35.0,31.0,25.0,10.0,5.0,7.0,2.0,11.0,2.0,0.0,3.0,away,away,0.0,2.0,1.0,0.0,7,8
1180667,2024-11-05 21:30:00,Bahia,118,Sao Paulo,32,2024,Serie A,126,0.0,3.0,0,home,False,lose,46.0,42.0,40.0,13.0,7.0,12.0,4.0,14.0,1.0,0.0,0.0,away,away,2.0,1.0,3.0,2.0,7,8
1180367,2024-04-16 21:30:00,Bahia,118,Fluminense,2,2024,Serie A,124,2.0,1.0,3,home,False,win,3.0,3.0,3.0,1.0,0.0,1.0,,,,0.0,1.0,away,away,1.0,2.0,2.0,2.0,11,8
1180627,2024-09-29 18:30:00,Bahia,118,Criciuma,28,2024,Serie A,140,1.0,0.0,3,home,False,win,45.0,39.0,31.0,13.0,6.0,9.0,7.0,12.0,3.0,0.0,0.0,away,home,1.0,0.0,4.0,2.0,6,8
1180416,2024-06-02 16:00:00,Bahia,118,Atletico-MG,7,2024,Serie A,1062,1.0,1.0,1,away,False,draw,14.0,10.0,7.0,4.0,2.0,1.0,13.0,,9.0,3.0,3.0,home,home,1.0,1.0,0.0,0.0,2,8
1180622,2024-09-21 21:00:00,Bahia,118,Fortaleza EC,27,2024,Serie A,154,1.0,4.0,0,away,False,lose,42.0,38.0,31.0,12.0,6.0,9.0,10.0,12.0,4.0,3.0,3.0,home,home,3.0,1.0,0.0,0.0,6,8
1180377,2024-04-21 16:00:00,Bahia,118,Vitoria,3,2024,Serie A,136,2.0,2.0,1,away,False,draw,4.0,5.0,5.0,1.0,1.0,1.0,,,,3.0,3.0,home,home,2.0,1.0,1.0,0.0,11,8
1180407,2024-05-12 18:30:00,Bahia,118,RB Bragantino,6,2024,Serie A,794,1.0,0.0,3,home,False,win,13.0,9.0,6.0,4.0,1.0,1.0,10.0,,7.0,3.0,1.0,away,away,2.0,1.0,1.0,1.0,6,8
1180727,2024-12-08 16:00:00,Bahia,118,Atletico Goianiense,38,2024,Serie A,144,2.0,0.0,3,home,False,win,53.0,49.0,49.0,15.0,8.0,15.0,4.0,8.0,4.0,0.0,,away,,0.0,,3.0,,8,8
1180659,2024-10-28 21:00:00,Bahia,118,Vasco DA Gama,31,2024,Serie A,133,2.0,3.0,0,away,False,lose,46.0,42.0,37.0,13.0,7.0,11.0,7.0,14.0,4.0,1.0,0.0,away,home,1.0,0.0,1.0,3.0,7,8
1180467,2024-06-26 21:30:00,Bahia,118,Vasco DA Gama,12,2024,Serie A,133,2.0,1.0,3,home,False,win,24.0,20.0,13.0,7.0,3.0,2.0,8.0,21.0,4.0,3.0,0.0,home,away,4.0,1.0,1.0,3.0,2,8
1180662,2024-10-26 18:30:00,Atletico Paranaense,134,Cruzeiro,31,2024,Serie A,135,3.0,0.0,3,home,False,win,34.0,32.0,37.0,9.0,7.0,14.0,1.0,3.0,0.0,0.0,0.0,away,home,0.0,1.0,1.0,2.0,16,17
1180589,2024-08-26 21:00:00,Atletico Paranaense,134,Vasco DA Gama,24,2024,Serie A,133,1.0,2.0,0,away,False,lose,29.0,26.0,26.0,8.0,5.0,9.0,4.0,10.0,1.0,0.0,0.0,home,home,1.0,0.0,2.0,2.0,10,17
1180553,2024-07-28 19:00:00,Atletico Paranaense,134,Cuiaba,20,2024,Serie A,1193,2.0,1.0,3,away,False,win,28.0,22.0,18.0,8.0,4.0,6.0,6.0,12.0,3.0,0.0,0.0,away,home,0.0,0.0,1.0,2.0,8,17
1180712,2024-12-01 18:30:00,Atletico Paranaense,134,Fluminense,36,2024,Serie A,124,1.0,1.0,1,home,False,draw,42.0,39.0,43.0,11.0,9.0,16.0,7.0,10.0,7.0,1.0,0.0,away,home,1.0,1.0,1.0,2.0,14,17
1180697,2024-11-24 16:00:00,Atletico Paranaense,134,Bahia,35,2024,Serie A,118,1.0,1.0,1,away,False,draw,41.0,38.0,42.0,11.0,8.0,16.0,9.0,10.0,6.0,3.0,1.0,home,home,2.0,1.0,0.0,1.0,14,17
1180722,2024-12-05 20:00:00,Atletico Paranaense,134,RB Bragantino,37,2024,Serie A,794,1.0,2.0,0,home,False,lose,42.0,40.0,45.0,11.0,9.0,17.0,8.0,11.0,5.0,1.0,0.0,home,away,1.0,0.0,1.0,1.0,16,17
1180562,2024-08-04 16:00:00,Atletico Paranaense,134,Gremio,21,2024,Serie A,130,0.0,2.0,0,home,False,lose,28.0,22.0,20.0,8.0,4.0,7.0,6.0,12.0,3.0,3.0,1.0,away,away,2.0,2.0,1.0,2.0,8,17
1180602,2024-09-01 18:30:00,Atletico Paranaense,134,Palmeiras,25,2024,Serie A,121,0.0,2.0,0,home,False,lose,29.0,26.0,28.0,8.0,5.0,10.0,4.0,10.0,1.0,0.0,1.0,away,home,1.0,1.0,2.0,1.0,12,17
1180362,2024-04-14 16:00:00,Atletico Paranaense,134,Cuiaba,1,2024,Serie A,1193,4.0,0.0,3,home,False,win,3.0,4.0,0.0,1.0,0.0,0.0,,,,,0.0,,away,,0.0,,2.0,1,17
1180394,2024-04-28 18:30:00,Atletico Paranaense,134,Juventude,4,2024,Serie A,152,1.0,1.0,1,away,False,draw,7.0,6.0,3.0,2.0,1.0,1.0,,,6.0,3.0,3.0,home,home,1.0,1.0,0.0,0.0,4,17
1180582,2024-08-18 18:30:00,Atletico Paranaense,134,Juventude,23,2024,Serie A,152,1.0,2.0,0,home,False,lose,29.0,25.0,24.0,8.0,5.0,8.0,4.0,11.0,4.0,1.0,0.0,away,away,2.0,1.0,2.0,2.0,9,17
1180466,2024-06-26 19:00:00,Atletico Paranaense,134,Cruzeiro,12,2024,Serie A,135,0.0,2.0,0,away,False,lose,19.0,15.0,10.0,5.0,4.0,3.0,6.0,16.0,3.0,1.0,3.0,home,away,1.0,1.0,1.0,0.0,6,17
1180681,2024-11-09 21:00:00,Atletico Paranaense,134,Sao Paulo,33,2024,Serie A,126,1.0,2.0,0,away,False,lose,34.0,34.0,41.0,9.0,7.0,16.0,3.0,5.0,3.0,0.0,3.0,home,home,1.0,1.0,2.0,0.0,18,17
1180432,2024-06-13 20:00:00,Atletico Paranaense,134,Criciuma,8,2024,Serie A,140,3.0,1.0,3,home,False,win,16.0,12.0,5.0,5.0,1.0,2.0,10.0,,6.0,0.0,1.0,away,home,0.0,1.0,1.0,1.0,4,17
1180477,2024-06-30 18:30:00,Atletico Paranaense,134,Vitoria,13,2024,Serie A,136,1.0,0.0,3,away,False,win,22.0,16.0,10.0,6.0,4.0,3.0,6.0,16.0,2.0,0.0,0.0,away,home,0.0,1.0,2.0,2.0,5,17
1180542,2024-11-16 18:30:00,Atletico Paranaense,134,Atletico-MG,19,2024,Serie A,1062,1.0,0.0,3,home,False,win,37.0,35.0,41.0,10.0,7.0,16.0,3.0,5.0,3.0,0.0,3.0,away,home,1.0,2.0,2.0,0.0,6,17
1180449,2024-06-19 19:00:00,Atletico Paranaense,134,Botafogo,10,2024,Serie A,120,1.0,1.0,1,away,False,draw,18.0,14.0,7.0,5.0,3.0,2.0,10.0,,4.0,1.0,1.0,home,home,1.0,1.0,1.0,1.0,4,17
1180531,2024-07-21 18:30:00,Atletico Paranaense,134,RB Bragantino,18,2024,Serie A,794,0.0,1.0,0,away,False,lose,25.0,20.0,17.0,7.0,4.0,6.0,6.0,12.0,3.0,0.0,3.0,home,away,1.0,2.0,3.0,1.0,8,17
1180642,2024-10-05 16:30:00,Atletico Paranaense,134,Botafogo,29,2024,Serie A,120,0.0,1.0,0,home,False,lose,31.0,27.0,31.0,8.0,7.0,12.0,2.0,6.0,2.0,0.0,0.0,away,away,0.0,2.0,1.0,5.0,15,17
1180692,2024-11-20 16:30:00,Atletico Paranaense,134,Atletico Goianiense,34,2024,Serie A,144,2.0,0.0,3,home,False,win,40.0,37.0,41.0,11.0,7.0,16.0,6.0,8.0,3.0,3.0,1.0,home,away,1.0,1.0,0.0,1.0,14,17
1180462,2024-06-23 16:00:00,Atletico Paranaense,134,Corinthians,11,2024,Serie A,131,1.0,1.0,1,home,False,draw,19.0,15.0,8.0,5.0,4.0,2.0,8.0,18.0,5.0,1.0,0.0,away,away,1.0,0.0,1.0,2.0,5,17
1180512,2024-07-10 19:00:00,Atletico Paranaense,134,Bahia,16,2024,Serie A,118,1.0,3.0,0,home,False,lose,25.0,20.0,16.0,7.0,4.0,5.0,7.0,15.0,6.0,3.0,0.0,away,away,2.0,0.0,1.0,1.0,11,17
1180612,2024-09-14 18:30:00,Atletico Paranaense,134,Fortaleza EC,26,2024,Serie A,154,1.0,1.0,1,home,False,draw,30.0,27.0,29.0,8.0,6.0,10.0,1.0,7.0,0.0,0.0,1.0,home,away,0.0,0.0,2.0,0.0,13,17
1180402,2024-05-05 16:00:00,Atletico Paranaense,134,Vasco DA Gama,5,2024,Serie A,133,1.0,0.0,3,home,False,win,10.0,7.0,3.0,3.0,1.0,1.0,,,4.0,1.0,3.0,away,away,1.0,2.0,1.0,0.0,5,17
1180442,2024-06-16 16:00:00,Atletico Paranaense,134,Flamengo,9,2024,Serie A,127,1.0,1.0,1,home,False,draw,17.0,13.0,6.0,5.0,2.0,2.0,10.0,,6.0,3.0,1.0,home,away,3.0,1.0,1.0,1.0,4,17
1180492,2024-07-03 21:30:00,Atletico Paranaense,134,Sao Paulo,14,2024,Serie A,126,1.0,2.0,0,home,False,lose,22.0,17.0,12.0,6.0,4.0,4.0,6.0,16.0,4.0,3.0,3.0,away,away,1.0,2.0,0.0,1.0,6,17
1180518,2024-10-22 19:30:00,Atletico Paranaense,134,Fluminense,17,2024,Serie A,124,0.0,1.0,0,away,False,lose,31.0,29.0,37.0,8.0,7.0,14.0,2.0,3.0,0.0,0.0,3.0,away,home,2.0,3.0,5.0,0.0,6,17
1180650,2024-10-17 20:00:00,Atletico Paranaense,134,Corinthians,30,2024,Serie A,131,2.0,5.0,0,away,False,lose,31.0,29.0,36.0,8.0,7.0,13.0,2.0,6.0,1.0,0.0,0.0,home,away,0.0,0.0,1.0,1.0,18,17
1180503,2024-07-07 18:30:00,Atletico Paranaense,134,Atletico Goianiense,15,2024,Serie A,144,2.0,1.0,3,away,False,win,25.0,19.0,13.0,7.0,4.0,4.0,5.0,15.0,3.0,0.0,0.0,home,home,1.0,1.0,2.0,3.0,6,17
1180565,2024-08-11 19:00:00,Atletico Paranaense,134,Internacional,22,2024,Serie A,119,2.0,2.0,1,away,False,draw,29.0,24.0,22.0,8.0,5.0,7.0,6.0,11.0,3.0,0.0,0.0,home,home,0.0,1.0,2.0,2.0,8,17
1180672,2024-11-02 18:30:00,Atletico Paranaense,134,Vitoria,32,2024,Serie A,136,1.0,2.0,0,home,False,lose,34.0,33.0,39.0,9.0,7.0,15.0,3.0,5.0,3.0,3.0,0.0,home,away,3.0,1.0,0.0,2.0,17,17
1180365,2024-04-17 19:00:00,Atletico Paranaense,134,Gremio,2,2024,Serie A,130,0.0,2.0,0,away,False,lose,3.0,4.0,2.0,1.0,0.0,1.0,,,,3.0,3.0,home,home,4.0,1.0,0.0,0.0,7,17
1180628,2024-09-29 20:00:00,Atletico Paranaense,134,Flamengo,28,2024,Serie A,127,0.0,1.0,0,away,False,lose,31.0,27.0,30.0,8.0,7.0,11.0,2.0,6.0,2.0,1.0,0.0,away,home,0.0,0.0,0.0,1.0,15,17
1180422,2024-06-02 18:30:00,Atletico Paranaense,134,Fortaleza EC,7,2024,Serie A,154,0.0,1.0,0,away,False,lose,13.0,9.0,4.0,4.0,1.0,2.0,10.0,,7.0,3.0,3.0,away,home,2.0,3.0,0.0,1.0,5,17
1180624,2024-09-23 18:30:00,Atletico Paranaense,134,Criciuma,27,2024,Serie A,140,0.0,0.0,1,away,False,draw,31.0,27.0,29.0,8.0,7.0,10.0,2.0,8.0,1.0,1.0,0.0,home,away,1.0,0.0,1.0,1.0,13,17
1180382,2024-04-21 16:00:00,Atletico Paranaense,134,Internacional,3,2024,Serie A,119,1.0,0.0,3,home,False,win,6.0,5.0,2.0,2.0,0.0,1.0,,,,0.0,1.0,away,away,0.0,1.0,2.0,1.0,6,17
1180410,2024-05-12 16:00:00,Atletico Paranaense,134,Palmeiras,6,2024,Serie A,121,2.0,0.0,3,away,False,win,13.0,9.0,3.0,4.0,1.0,1.0,10.0,,7.0,3.0,0.0,home,away,1.0,0.0,0.0,1.0,5,17
1180726,2024-12-08 16:00:00,Atletico Paranaense,134,Atletico-MG,38,2024,Serie A,1062,0.0,1.0,0,away,False,lose,42.0,40.0,46.0,11.0,9.0,18.0,8.0,11.0,2.0,0.0,,home,,1.0,,2.0,,17,17
1180590,2024-08-24 18:30:00,Cuiaba,1193,Palmeiras,24,2024,Serie A,121,0.0,5.0,0,away,False,lose,18.0,21.0,34.0,4.0,6.0,12.0,1.0,7.0,1.0,1.0,3.0,away,home,1.0,2.0,1.0,1.0,19,20
1180553,2024-07-28 19:00:00,Cuiaba,1193,Atletico Paranaense,20,2024,Serie A,134,1.0,2.0,0,home,False,lose,17.0,19.0,24.0,4.0,5.0,9.0,5.0,13.0,4.0,0.0,0.0,home,away,0.0,0.0,1.0,1.0,18,20
1180713,2024-11-30 19:30:00,Cuiaba,1193,Bahia,36,2024,Serie A,118,1.0,2.0,0,home,False,lose,30.0,28.0,46.0,6.0,12.0,18.0,3.0,8.0,2.0,1.0,0.0,away,away,1.0,0.0,1.0,1.0,19,20
1180704,2024-11-23 19:30:00,Cuiaba,1193,Juventude,35,2024,Serie A,152,1.0,1.0,1,away,False,draw,30.0,27.0,44.0,6.0,12.0,17.0,2.0,7.0,2.0,0.0,0.0,home,home,1.0,1.0,2.0,2.0,19,20
1180718,2024-12-05 20:00:00,Cuiaba,1193,Fluminense,37,2024,Serie A,124,0.0,1.0,0,away,False,lose,30.0,28.0,47.0,6.0,12.0,19.0,3.0,7.0,1.0,0.0,0.0,home,home,1.0,1.0,2.0,2.0,20,20
1180557,2024-08-03 16:00:00,Cuiaba,1193,Vitoria,21,2024,Serie A,136,0.0,1.0,0,away,False,lose,17.0,19.0,25.0,4.0,5.0,10.0,4.0,13.0,3.0,0.0,0.0,home,home,1.0,1.0,2.0,3.0,19,20
1180603,2024-08-31 18:30:00,Cuiaba,1193,Criciuma,25,2024,Serie A,140,2.0,1.0,3,home,False,win,21.0,23.0,35.0,5.0,6.0,12.0,1.0,6.0,1.0,0.0,1.0,away,home,0.0,0.0,5.0,0.0,19,20
1180362,2024-04-14 16:00:00,Cuiaba,1193,Atletico Paranaense,1,2024,Serie A,134,0.0,4.0,0,away,False,lose,0.0,0.0,4.0,0.0,0.0,1.0,,,,,0.0,,away,,0.0,,1.0,20,20
1180393,2024-04-27 18:30:00,Cuiaba,1193,Atletico-MG,4,2024,Serie A,1062,0.0,3.0,0,home,False,lose,0.0,0.0,8.0,0.0,0.0,3.0,,,0.0,0.0,0.0,away,home,0.0,0.0,1.0,2.0,20,20
1180576,2024-08-17 16:00:00,Cuiaba,1193,Atletico-MG,23,2024,Serie A,1062,1.0,1.0,1,away,False,draw,18.0,21.0,29.0,4.0,6.0,11.0,3.0,7.0,0.0,0.0,0.0,home,away,1.0,0.0,3.0,5.0,19,20
1180470,2024-06-26 20:00:00,Cuiaba,1193,Corinthians,12,2024,Serie A,131,1.0,1.0,1,away,False,draw,12.0,13.0,16.0,3.0,3.0,6.0,10.0,11.0,7.0,1.0,1.0,home,home,0.0,1.0,0.0,1.0,14,20
1180679,2024-11-09 16:30:00,Cuiaba,1193,Botafogo,33,2024,Serie A,120,0.0,0.0,1,away,False,draw,29.0,25.0,41.0,6.0,11.0,16.0,5.0,10.0,1.0,1.0,0.0,away,home,0.0,1.0,0.0,2.0,19,20
1180426,2024-06-13 19:00:00,Cuiaba,1193,Cruzeiro,8,2024,Serie A,135,1.0,2.0,0,away,False,lose,4.0,6.0,15.0,1.0,1.0,6.0,4.0,,4.0,3.0,3.0,away,home,5.0,5.0,2.0,0.0,19,20
1180483,2024-06-29 18:30:00,Cuiaba,1193,RB Bragantino,13,2024,Serie A,794,1.0,1.0,1,home,False,draw,13.0,14.0,17.0,3.0,4.0,6.0,8.0,12.0,5.0,1.0,0.0,away,home,1.0,1.0,1.0,2.0,14,20
1180539,2024-10-25 19:00:00,Cuiaba,1193,Vasco DA Gama,19,2024,Serie A,133,0.0,1.0,0,away,False,lose,27.0,25.0,40.0,6.0,9.0,15.0,5.0,10.0,4.0,1.0,0.0,away,home,0.0,0.0,0.0,1.0,14,20
1180451,2024-06-19 20:00:00,Cuiaba,1193,Sao Paulo,10,2024,Serie A,126,1.0,0.0,3,away,False,win,10.0,12.0,15.0,3.0,1.0,6.0,7.0,,6.0,3.0,1.0,home,home,5.0,0.0,0.0,0.0,13,20
1180533,2024-07-21 20:00:00,Cuiaba,1193,Fluminense,18,2024,Serie A,124,0.0,1.0,0,home,False,lose,17.0,18.0,22.0,4.0,5.0,8.0,6.0,16.0,4.0,3.0,0.0,away,home,2.0,1.0,1.0,2.0,16,20
1180643,2024-10-05 19:00:00,Cuiaba,1193,Sao Paulo,29,2024,Serie A,126,2.0,0.0,3,home,False,win,26.0,25.0,39.0,6.0,8.0,14.0,5.0,6.0,1.0,0.0,1.0,away,away,0.0,0.0,1.0,0.0,19,20
1180693,2024-11-20 19:00:00,Cuiaba,1193,Flamengo,34,2024,Serie A,127,1.0,2.0,0,home,False,lose,29.0,26.0,43.0,6.0,11.0,17.0,3.0,8.0,2.0,1.0,1.0,away,away,0.0,1.0,0.0,1.0,19,20
1180463,2024-06-22 18:30:00,Cuiaba,1193,Atletico Goianiense,11,2024,Serie A,144,0.0,0.0,1,home,False,draw,11.0,12.0,15.0,3.0,2.0,6.0,10.0,10.0,6.0,3.0,1.0,away,away,1.0,1.0,0.0,1.0,14,20
1180513,2024-09-05 20:00:00,Cuiaba,1193,Juventude,16,2024,Serie A,152,0.0,0.0,1,home,False,draw,22.0,23.0,35.0,5.0,7.0,12.0,4.0,8.0,4.0,3.0,0.0,home,away,2.0,0.0,1.0,3.0,12,20
1180605,2024-09-16 20:00:00,Cuiaba,1193,Internacional,26,2024,Serie A,119,0.0,3.0,0,away,False,lose,22.0,23.0,38.0,5.0,7.0,13.0,5.0,9.0,4.0,1.0,1.0,home,home,0.0,0.0,0.0,0.0,19,20
1180403,2024-05-05 18:30:00,Cuiaba,1193,Palmeiras,5,2024,Serie A,121,0.0,2.0,0,home,False,lose,0.0,0.0,10.0,0.0,0.0,4.0,,,0.0,0.0,0.0,home,home,0.0,0.0,3.0,1.0,20,20
1180443,2024-06-16 18:30:00,Cuiaba,1193,Fortaleza EC,9,2024,Serie A,154,5.0,0.0,3,home,False,win,7.0,11.0,15.0,2.0,1.0,6.0,4.0,,4.0,0.0,3.0,away,away,1.0,1.0,2.0,0.0,14,20
1180493,2024-07-03 19:00:00,Cuiaba,1193,Botafogo,14,2024,Serie A,120,1.0,2.0,0,home,False,lose,13.0,15.0,19.0,3.0,4.0,7.0,9.0,13.0,3.0,1.0,1.0,home,away,1.0,1.0,1.0,1.0,15,20
1180517,2024-07-13 16:00:00,Cuiaba,1193,Bahia,17,2024,Serie A,118,2.0,1.0,3,away,False,win,17.0,18.0,21.0,4.0,5.0,7.0,4.0,14.0,2.0,1.0,0.0,away,home,1.0,0.0,1.0,1.0,16,20
1180653,2024-10-18 19:00:00,Cuiaba,1193,Atletico Goianiense,30,2024,Serie A,144,0.0,0.0,1,away,False,draw,27.0,25.0,39.0,6.0,9.0,14.0,5.0,9.0,4.0,3.0,0.0,home,away,2.0,0.0,0.0,1.0,19,20
1180498,2024-07-06 20:00:00,Cuiaba,1193,Flamengo,15,2024,Serie A,127,1.0,1.0,1,away,False,draw,14.0,16.0,20.0,3.0,5.0,7.0,6.0,13.0,2.0,0.0,3.0,home,away,1.0,2.0,2.0,1.0,16,20
1180663,2024-10-28 19:00:00,Cuiaba,1193,Corinthians,31,2024,Serie A,131,0.0,1.0,0,home,False,lose,27.0,25.0,41.0,6.0,9.0,16.0,5.0,10.0,4.0,0.0,1.0,away,away,0.0,0.0,1.0,0.0,19,20
1180671,2024-11-02 16:00:00,Cuiaba,1193,RB Bragantino,32,2024,Serie A,794,0.0,0.0,1,away,False,draw,28.0,25.0,41.0,6.0,10.0,16.0,4.0,9.0,1.0,0.0,1.0,home,away,0.0,0.0,1.0,0.0,19,20
1180373,2024-06-05 20:00:00,Cuiaba,1193,Vitoria,2,2024,Serie A,136,0.0,0.0,1,home,False,draw,1.0,0.0,11.0,0.0,1.0,5.0,,,,0.0,3.0,home,away,0.0,5.0,1.0,2.0,18,20
1180632,2024-09-29 16:00:00,Cuiaba,1193,Fortaleza EC,28,2024,Serie A,154,0.0,1.0,0,away,False,lose,23.0,23.0,39.0,5.0,8.0,14.0,5.0,6.0,2.0,1.0,3.0,home,home,0.0,2.0,0.0,0.0,19,20
1180423,2024-06-01 18:30:00,Cuiaba,1193,Internacional,7,2024,Serie A,119,0.0,1.0,0,home,False,lose,0.0,0.0,11.0,0.0,0.0,5.0,0.0,,0.0,0.0,1.0,home,home,0.0,0.0,2.0,0.0,20,20
1180623,2024-09-22 18:30:00,Cuiaba,1193,Cruzeiro,27,2024,Serie A,135,0.0,0.0,1,home,False,draw,23.0,23.0,38.0,5.0,8.0,13.0,5.0,8.0,4.0,0.0,0.0,away,away,0.0,0.0,3.0,1.0,19,20
1180375,2024-04-20 18:30:00,Cuiaba,1193,Gremio,3,2024,Serie A,130,0.0,1.0,0,away,False,lose,0.0,0.0,5.0,0.0,0.0,2.0,,,,0.0,0.0,away,home,0.0,0.0,4.0,3.0,20,20
1180414,2024-06-09 16:00:00,Cuiaba,1193,Criciuma,6,2024,Serie A,140,5.0,2.0,3,away,False,win,4.0,5.0,13.0,1.0,1.0,5.0,1.0,,1.0,1.0,0.0,home,away,0.0,1.0,0.0,2.0,18,20
1180733,2024-12-08 16:00:00,Cuiaba,1193,Vasco DA Gama,38,2024,Serie A,133,1.0,2.0,0,home,False,lose,30.0,29.0,49.0,6.0,12.0,20.0,2.0,7.0,1.0,0.0,,away,,0.0,,1.0,,20,20
1180573,2024-08-10 19:00:00,Cuiaba,1193,Gremio,22,2024,Serie A,130,1.0,3.0,0,home,False,lose,17.0,20.0,28.0,4.0,5.0,11.0,4.0,10.0,0.0,0.0,1.0,away,away,0.0,1.0,1.0,1.0,19,20
1351157,2025-06-12 19:00:00,Bahia,118,RB Bragantino,12,2025,Serie A,794,3.0,0.0,3,away,False,win,21.0,14.0,11.0,6.0,3.0,3.0,9.0,17.0,6.0,3.0,3.0,home,home,2.0,2.0,1.0,1.0,10,7
1351235,2025-08-16 21:00:00,Bahia,118,Corinthians,20,2025,Serie A,131,2.0,1.0,3,away,False,win,33.0,25.0,17.0,9.0,6.0,3.0,9.0,18.0,5.0,1.0,3.0,home,home,3.0,2.0,3.0,0.0,4,7
1478033,2025-11-28 19:00:00,Bahia,118,Juventude,36,2025,Serie A,152,,,0,away,False,,56.0,47.0,43.0,16.0,8.0,11.0,7.0,16.0,4.0,3.0,0.0,home,home,1.0,,0.0,,7,7
1478017,2025-11-23 16:00:00,Bahia,118,Vasco DA Gama,35,2025,Serie A,133,1.0,0.0,3,home,False,win,56.0,47.0,43.0,16.0,8.0,11.0,4.0,13.0,1.0,0.0,0.0,home,away,2.0,,3.0,,6,7
1478037,2025-12-03 20:00:00,Bahia,118,Sport Recife,37,2025,Serie A,123,,,0,home,False,,56.0,47.0,43.0,16.0,8.0,11.0,4.0,13.0,3.0,0.0,0.0,away,away,,,,,7,7
1351250,2025-08-24 16:00:00,Bahia,118,Santos,21,2025,Serie A,128,2.0,0.0,3,home,False,win,36.0,27.0,17.0,10.0,6.0,3.0,9.0,21.0,5.0,3.0,0.0,away,away,2.0,1.0,1.0,5.0,4,7
1351290,2025-09-28 16:00:00,Bahia,118,Palmeiras,25,2025,Serie A,121,1.0,0.0,3,home,False,win,40.0,32.0,28.0,11.0,7.0,6.0,4.0,13.0,1.0,0.0,0.0,away,away,1.0,1.0,3.0,2.0,6,7
1351050,2025-03-30 20:00:00,Bahia,118,Corinthians,1,2025,Serie A,131,1.0,1.0,1,home,False,draw,1.0,1.0,1.0,0.0,1.0,0.0,,,,,1.0,,away,,2.0,,2.0,8,7
1351078,2025-04-17 21:30:00,Bahia,118,Cruzeiro,4,2025,Serie A,135,0.0,3.0,0,away,False,lose,3.0,4.0,7.0,0.0,3.0,1.0,,,3.0,1.0,3.0,home,home,1.0,1.0,1.0,0.0,18,7
1351270,2025-09-15 20:00:00,Bahia,118,Cruzeiro,23,2025,Serie A,135,1.0,2.0,0,home,False,lose,36.0,29.0,24.0,10.0,6.0,5.0,8.0,21.0,6.0,0.0,1.0,away,away,1.0,1.0,5.0,1.0,5,7
1351281,2025-09-20 18:30:00,Bahia,118,Ceara,24,2025,Serie A,129,1.0,1.0,1,away,False,draw,37.0,30.0,25.0,10.0,7.0,5.0,7.0,18.0,3.0,0.0,0.0,home,away,1.0,1.0,2.0,3.0,6,7
1351369,2025-11-08 18:30:00,Bahia,118,Internacional,33,2025,Serie A,119,2.0,2.0,1,away,False,draw,53.0,44.0,40.0,15.0,8.0,10.0,9.0,15.0,3.0,0.0,0.0,away,home,0.0,2.0,3.0,3.0,5,7
1351113,2025-05-10 21:00:00,Bahia,118,Flamengo,8,2025,Serie A,127,0.0,1.0,0,away,False,lose,12.0,7.0,8.0,3.0,3.0,2.0,10.0,,9.0,3.0,3.0,home,home,1.0,2.0,0.0,1.0,8,7
1351170,2025-07-12 21:00:00,Bahia,118,Atletico-MG,13,2025,Serie A,1062,2.0,1.0,3,home,False,win,24.0,16.0,12.0,7.0,3.0,3.0,9.0,19.0,6.0,3.0,1.0,away,away,3.0,1.0,0.0,1.0,8,7
1351230,2025-08-09 21:00:00,Bahia,118,Fluminense,19,2025,Serie A,124,3.0,3.0,1,home,False,draw,30.0,23.0,16.0,8.0,6.0,3.0,11.0,20.0,5.0,1.0,3.0,away,away,0.0,2.0,0.0,1.0,4,7
1351139,2025-05-25 11:00:00,Bahia,118,Gremio,10,2025,Serie A,130,0.0,1.0,0,away,False,lose,15.0,9.0,10.0,4.0,3.0,3.0,12.0,,6.0,3.0,3.0,home,home,2.0,2.0,1.0,1.0,8,7
1351222,2025-08-02 16:00:00,Bahia,118,Sport Recife,18,2025,Serie A,123,0.0,0.0,1,away,False,draw,29.0,20.0,13.0,8.0,5.0,3.0,13.0,22.0,7.0,3.0,1.0,home,home,3.0,3.0,0.0,3.0,4,7
1351330,2025-10-19 20:30:00,Bahia,118,Gremio,29,2025,Serie A,130,4.0,0.0,3,home,False,win,46.0,39.0,32.0,13.0,7.0,8.0,6.0,13.0,3.0,0.0,3.0,away,home,1.0,1.0,2.0,0.0,6,7
1478008,2025-11-20 18:00:00,Bahia,118,Fortaleza EC,34,2025,Serie A,154,2.0,3.0,0,home,False,lose,53.0,46.0,43.0,15.0,8.0,11.0,7.0,16.0,4.0,1.0,3.0,away,home,2.0,1.0,2.0,0.0,7,7
1351150,2025-05-31 18:30:00,Bahia,118,Sao Paulo,11,2025,Serie A,126,2.0,1.0,3,home,False,win,18.0,11.0,11.0,5.0,3.0,3.0,9.0,15.0,3.0,0.0,3.0,away,away,0.0,3.0,1.0,0.0,6,7
1351194,2025-09-24 19:30:00,Bahia,118,Vasco DA Gama,16,2025,Serie A,133,1.0,3.0,0,away,False,lose,37.0,31.0,28.0,10.0,7.0,6.0,7.0,16.0,1.0,1.0,3.0,away,home,1.0,1.0,1.0,0.0,3,7
1351294,2025-10-01 21:30:00,Bahia,118,Botafogo,26,2025,Serie A,120,1.0,2.0,0,away,False,lose,40.0,33.0,30.0,11.0,7.0,7.0,4.0,15.0,4.0,3.0,3.0,home,home,1.0,1.0,0.0,0.0,6,7
1351090,2025-04-21 20:00:00,Bahia,118,Ceara,5,2025,Serie A,129,1.0,0.0,3,home,False,win,6.0,5.0,7.0,1.0,3.0,1.0,,,2.0,0.0,3.0,away,away,0.0,1.0,3.0,0.0,13,7
1351130,2025-05-18 16:00:00,Bahia,118,Vitoria,9,2025,Serie A,136,2.0,1.0,3,home,False,win,15.0,9.0,9.0,4.0,3.0,2.0,9.0,,6.0,0.0,0.0,away,away,0.0,0.0,1.0,1.0,6,7
1351180,2025-10-22 19:00:00,Bahia,118,Internacional,14,2025,Serie A,119,1.0,0.0,3,home,False,win,49.0,40.0,32.0,14.0,7.0,8.0,9.0,13.0,6.0,3.0,0.0,home,away,4.0,0.0,0.0,2.0,1,7
1351210,2025-07-27 18:30:00,Bahia,118,Juventude,17,2025,Serie A,152,3.0,0.0,3,home,False,win,28.0,20.0,13.0,8.0,4.0,3.0,10.0,22.0,7.0,1.0,1.0,away,away,1.0,0.0,1.0,0.0,4,7
1351336,2025-10-25 21:30:00,Bahia,118,Sao Paulo,30,2025,Serie A,126,0.0,2.0,0,away,False,lose,49.0,40.0,34.0,14.0,7.0,9.0,9.0,13.0,6.0,3.0,3.0,home,home,1.0,2.0,0.0,1.0,5,7
1351070,2025-04-13 16:00:00,Bahia,118,Mirassol,3,2025,Serie A,7848,1.0,1.0,1,home,False,draw,3.0,4.0,4.0,0.0,3.0,0.0,,,,1.0,0.0,away,away,2.0,0.0,2.0,3.0,14,7
1351095,2025-04-27 18:30:00,Bahia,118,Palmeiras,6,2025,Serie A,121,1.0,0.0,3,away,False,win,9.0,6.0,7.0,2.0,3.0,1.0,6.0,,4.0,3.0,3.0,home,home,1.0,1.0,0.0,0.0,7,7
1478051,2025-12-07 16:00:00,Bahia,118,Fluminense,38,2025,Serie A,124,,,0,away,False,,56.0,47.0,43.0,16.0,8.0,11.0,4.0,13.0,3.0,0.0,,home,,,,,,7,7
1351191,2025-07-19 16:00:00,Bahia,118,Fortaleza EC,15,2025,Serie A,154,1.0,1.0,1,away,False,draw,25.0,17.0,13.0,7.0,4.0,3.0,12.0,21.0,9.0,3.0,3.0,home,home,2.0,3.0,1.0,0.0,6,7
1351257,2025-08-31 18:30:00,Bahia,118,Mirassol,22,2025,Serie A,7848,1.0,5.0,0,away,False,lose,36.0,28.0,22.0,10.0,6.0,4.0,11.0,21.0,7.0,3.0,0.0,home,home,2.0,1.0,0.0,2.0,4,7
1351350,2025-11-02 16:00:00,Bahia,118,RB Bragantino,31,2025,Serie A,794,2.0,1.0,3,home,False,win,52.0,42.0,35.0,15.0,7.0,9.0,9.0,13.0,6.0,0.0,0.0,away,away,0.0,0.0,2.0,3.0,5,7
1351358,2025-11-05 20:00:00,Bahia,118,Atletico-MG,32,2025,Serie A,1062,0.0,3.0,0,away,False,lose,52.0,42.0,38.0,15.0,7.0,10.0,9.0,16.0,6.0,3.0,1.0,home,away,2.0,2.0,1.0,2.0,5,7
1351056,2025-04-06 20:30:00,Bahia,118,Santos,2,2025,Serie A,128,2.0,2.0,1,away,False,draw,2.0,3.0,3.0,0.0,2.0,0.0,,,,1.0,1.0,home,home,1.0,1.0,1.0,1.0,13,7
1351320,2025-10-16 21:30:00,Bahia,118,Vitoria,28,2025,Serie A,136,1.0,2.0,0,away,False,lose,43.0,35.0,32.0,12.0,7.0,8.0,7.0,14.0,6.0,3.0,3.0,home,home,1.0,4.0,0.0,0.0,6,7
1351110,2025-05-03 21:00:00,Bahia,118,Botafogo,7,2025,Serie A,120,1.0,0.0,3,home,False,win,12.0,7.0,7.0,3.0,3.0,1.0,8.0,,6.0,3.0,0.0,away,away,1.0,0.0,0.0,1.0,6,7
1351310,2025-10-05 18:30:00,Bahia,118,Flamengo,27,2025,Serie A,127,1.0,0.0,3,home,False,win,43.0,34.0,30.0,12.0,7.0,7.0,4.0,12.0,3.0,0.0,0.0,away,away,1.0,1.0,2.0,2.0,5,7
1180705,2024-12-01 16:00:00,Sao Paulo,126,Gremio,36,2024,Serie A,130,1.0,2.0,0,away,False,lose,59.0,51.0,39.0,17.0,8.0,11.0,9.0,18.0,5.0,1.0,0.0,home,home,2.0,1.0,2.0,2.0,6,6
1180701,2024-11-23 21:30:00,Sao Paulo,126,Atletico-MG,35,2024,Serie A,1062,2.0,2.0,1,home,False,draw,59.0,50.0,37.0,17.0,8.0,10.0,11.0,17.0,7.0,1.0,0.0,away,away,1.0,1.0,1.0,2.0,6,6
1180721,2024-12-04 20:00:00,Sao Paulo,126,Juventude,37,2024,Serie A,152,1.0,2.0,0,home,False,lose,59.0,52.0,41.0,17.0,8.0,12.0,8.0,15.0,2.0,0.0,0.0,away,away,1.0,1.0,2.0,2.0,6,6
1180561,2024-08-03 21:30:00,Sao Paulo,126,Flamengo,21,2024,Serie A,127,1.0,0.0,3,home,False,win,35.0,29.0,21.0,10.0,5.0,6.0,5.0,17.0,2.0,0.0,3.0,away,home,0.0,1.0,1.0,0.0,6,6
1180598,2024-09-01 18:30:00,Sao Paulo,126,Fluminense,25,2024,Serie A,124,0.0,2.0,0,away,False,lose,41.0,33.0,26.0,12.0,5.0,8.0,9.0,17.0,6.0,3.0,3.0,home,away,2.0,1.0,1.0,0.0,6,6
1180361,2024-04-13 21:00:00,Sao Paulo,126,Fortaleza EC,1,2024,Serie A,154,1.0,2.0,0,home,False,lose,0.0,1.0,2.0,0.0,0.0,1.0,,,,,0.0,,away,,1.0,,2.0,16,6
1180391,2024-04-29 20:00:00,Sao Paulo,126,Palmeiras,4,2024,Serie A,121,0.0,0.0,1,home,False,draw,4.0,5.0,4.0,1.0,1.0,2.0,,,3.0,3.0,3.0,away,away,3.0,3.0,0.0,1.0,14,6
1180580,2024-08-18 16:00:00,Sao Paulo,126,Palmeiras,23,2024,Serie A,121,1.0,2.0,0,away,False,lose,38.0,31.0,23.0,11.0,5.0,7.0,8.0,20.0,6.0,3.0,3.0,home,home,1.0,2.0,0.0,1.0,6,6
1180591,2024-08-25 18:30:00,Sao Paulo,126,Vitoria,24,2024,Serie A,136,2.0,1.0,3,home,False,win,41.0,33.0,24.0,12.0,5.0,7.0,7.0,17.0,6.0,0.0,0.0,away,away,1.0,0.0,2.0,2.0,5,6
1180552,2024-07-27 21:30:00,Sao Paulo,126,Fortaleza EC,20,2024,Serie A,154,0.0,1.0,0,away,False,lose,32.0,28.0,21.0,9.0,5.0,6.0,8.0,17.0,5.0,1.0,3.0,home,home,2.0,1.0,2.0,0.0,6,6
1180425,2024-06-13 20:00:00,Sao Paulo,126,Internacional,8,2024,Serie A,119,0.0,0.0,1,away,False,draw,14.0,12.0,6.0,4.0,2.0,2.0,13.0,,9.0,3.0,1.0,home,away,2.0,2.0,0.0,2.0,5,6
1180481,2024-06-30 16:00:00,Sao Paulo,126,Bahia,13,2024,Serie A,118,3.0,1.0,3,home,False,win,21.0,20.0,15.0,6.0,3.0,4.0,5.0,18.0,3.0,3.0,3.0,home,away,2.0,2.0,1.0,1.0,6,6
1180541,2024-07-24 19:30:00,Sao Paulo,126,Botafogo,19,2024,Serie A,120,2.0,2.0,1,home,False,draw,32.0,28.0,20.0,9.0,5.0,5.0,10.0,17.0,4.0,1.0,0.0,away,away,0.0,0.0,0.0,1.0,10,6
1180451,2024-06-19 20:00:00,Sao Paulo,126,Cuiaba,10,2024,Serie A,1193,0.0,1.0,0,home,False,lose,15.0,14.0,9.0,4.0,3.0,3.0,11.0,,5.0,1.0,0.0,away,away,2.0,1.0,2.0,4.0,7,6
1180534,2024-07-21 18:30:00,Sao Paulo,126,Juventude,18,2024,Serie A,152,0.0,0.0,1,away,False,draw,31.0,26.0,18.0,9.0,4.0,5.0,12.0,17.0,6.0,3.0,1.0,home,home,1.0,2.0,0.0,2.0,5,6
1180643,2024-10-05 19:00:00,Sao Paulo,126,Cuiaba,29,2024,Serie A,1193,0.0,2.0,0,away,False,lose,47.0,38.0,32.0,14.0,5.0,10.0,9.0,16.0,6.0,3.0,3.0,home,home,3.0,3.0,1.0,0.0,5,6
1180691,2024-11-20 16:30:00,Sao Paulo,126,RB Bragantino,34,2024,Serie A,794,1.0,1.0,1,away,False,draw,58.0,48.0,35.0,17.0,7.0,10.0,10.0,19.0,7.0,3.0,1.0,home,home,2.0,2.0,1.0,2.0,6,6
1180681,2024-11-09 21:00:00,Sao Paulo,126,Atletico Paranaense,33,2024,Serie A,134,2.0,1.0,3,home,False,win,57.0,47.0,34.0,17.0,6.0,10.0,10.0,16.0,7.0,3.0,1.0,away,away,3.0,1.0,0.0,1.0,6,6
1180459,2024-06-22 21:30:00,Sao Paulo,126,Vasco DA Gama,11,2024,Serie A,133,1.0,4.0,0,away,False,lose,15.0,15.0,13.0,4.0,3.0,4.0,8.0,15.0,2.0,0.0,3.0,home,home,0.0,2.0,1.0,1.0,9,6
1180506,2024-07-11 21:30:00,Sao Paulo,126,Atletico-MG,16,2024,Serie A,1062,1.0,2.0,0,away,False,lose,27.0,25.0,18.0,8.0,3.0,5.0,12.0,20.0,9.0,3.0,3.0,home,home,2.0,1.0,0.0,0.0,8,6
1180606,2024-09-15 18:30:00,Sao Paulo,126,Cruzeiro,26,2024,Serie A,135,1.0,0.0,3,away,False,win,44.0,34.0,26.0,13.0,5.0,8.0,9.0,14.0,3.0,0.0,0.0,away,home,0.0,1.0,2.0,3.0,5,6
1180397,2024-05-05 16:00:00,Sao Paulo,126,Vitoria,5,2024,Serie A,136,3.0,1.0,3,away,False,win,7.0,8.0,5.0,2.0,1.0,2.0,,,4.0,1.0,3.0,home,home,0.0,2.0,0.0,1.0,13,6
1180440,2024-06-16 16:00:00,Sao Paulo,126,Corinthians,9,2024,Serie A,131,2.0,2.0,1,away,False,draw,15.0,14.0,8.0,4.0,3.0,2.0,11.0,,7.0,1.0,0.0,away,home,0.0,0.0,0.0,1.0,6,6
1180492,2024-07-03 21:30:00,Sao Paulo,126,Atletico Paranaense,14,2024,Serie A,134,2.0,1.0,3,away,False,win,24.0,22.0,16.0,7.0,3.0,4.0,7.0,18.0,6.0,3.0,3.0,home,home,3.0,2.0,1.0,0.0,5,6
1180521,2024-07-17 20:00:00,Sao Paulo,126,Gremio,17,2024,Serie A,130,1.0,0.0,3,home,False,win,30.0,26.0,18.0,9.0,3.0,5.0,12.0,17.0,6.0,0.0,1.0,away,away,1.0,0.0,2.0,0.0,7,6
1180651,2024-10-16 21:45:00,Sao Paulo,126,Vasco DA Gama,30,2024,Serie A,133,3.0,0.0,3,home,False,win,50.0,41.0,32.0,15.0,5.0,10.0,6.0,15.0,3.0,0.0,1.0,away,away,0.0,1.0,2.0,1.0,5,6
1180501,2024-07-06 20:00:00,Sao Paulo,126,RB Bragantino,15,2024,Serie A,794,2.0,0.0,3,home,False,win,27.0,24.0,16.0,8.0,3.0,4.0,9.0,20.0,9.0,3.0,0.0,away,away,2.0,1.0,1.0,2.0,4,6
1180571,2024-08-11 16:00:00,Sao Paulo,126,Atletico Goianiense,22,2024,Serie A,144,1.0,0.0,3,home,False,win,38.0,30.0,21.0,11.0,5.0,6.0,8.0,20.0,4.0,3.0,0.0,home,away,1.0,1.0,0.0,2.0,5,6
1180664,2024-10-26 22:00:00,Sao Paulo,126,Criciuma,31,2024,Serie A,140,1.0,1.0,1,away,False,draw,51.0,42.0,33.0,15.0,6.0,10.0,9.0,18.0,6.0,3.0,3.0,home,away,3.0,3.0,0.0,0.0,6,6
1180368,2024-04-17 21:30:00,Sao Paulo,126,Flamengo,2,2024,Serie A,127,1.0,2.0,0,away,False,lose,0.0,2.0,4.0,0.0,0.0,2.0,,,,0.0,3.0,home,away,1.0,3.0,2.0,0.0,19,6
1180631,2024-09-29 16:00:00,Sao Paulo,126,Corinthians,28,2024,Serie A,131,3.0,1.0,3,home,False,win,47.0,38.0,30.0,14.0,5.0,9.0,6.0,14.0,3.0,0.0,0.0,home,away,1.0,0.0,3.0,2.0,5,6
1180421,2024-06-02 18:30:00,Sao Paulo,126,Cruzeiro,7,2024,Serie A,135,2.0,0.0,3,home,False,win,13.0,12.0,6.0,4.0,1.0,2.0,10.0,,7.0,3.0,1.0,home,away,2.0,0.0,1.0,0.0,4,6
1180621,2024-09-22 18:30:00,Sao Paulo,126,Internacional,27,2024,Serie A,119,1.0,3.0,0,home,False,lose,44.0,35.0,29.0,13.0,5.0,9.0,9.0,17.0,6.0,3.0,3.0,away,home,1.0,3.0,0.0,1.0,5,6
1180383,2024-04-21 18:30:00,Sao Paulo,126,Atletico Goianiense,3,2024,Serie A,144,3.0,0.0,3,away,False,win,3.0,5.0,4.0,1.0,0.0,2.0,,,,0.0,1.0,away,home,1.0,0.0,2.0,0.0,15,6
1180411,2024-05-13 20:00:00,Sao Paulo,126,Fluminense,6,2024,Serie A,124,2.0,1.0,3,home,False,win,10.0,10.0,6.0,3.0,1.0,2.0,7.0,,7.0,3.0,3.0,away,home,3.0,2.0,1.0,0.0,9,6
1180729,2024-12-08 16:00:00,Sao Paulo,126,Botafogo,38,2024,Serie A,120,1.0,2.0,0,away,False,lose,59.0,53.0,43.0,17.0,8.0,13.0,5.0,15.0,1.0,0.0,,home,,1.0,,2.0,,6,6
1180667,2024-11-05 21:30:00,Sao Paulo,126,Bahia,32,2024,Serie A,118,3.0,0.0,3,away,False,win,54.0,45.0,33.0,16.0,6.0,10.0,7.0,16.0,4.0,1.0,3.0,away,home,1.0,2.0,1.0,1.0,6,6
1180471,2024-06-27 20:00:00,Sao Paulo,126,Criciuma,12,2024,Serie A,140,2.0,1.0,3,home,False,win,18.0,17.0,14.0,5.0,3.0,4.0,5.0,15.0,1.0,0.0,3.0,away,home,1.0,3.0,4.0,1.0,7,6
1180461,2024-06-23 18:30:00,RB Bragantino,794,Vitoria,11,2024,Serie A,136,2.0,1.0,3,home,False,win,18.0,15.0,12.0,5.0,3.0,3.0,6.0,15.0,3.0,0.0,0.0,away,away,1.0,1.0,2.0,2.0,6,16
1180671,2024-11-02 16:00:00,RB Bragantino,794,Cuiaba,32,2024,Serie A,1193,0.0,0.0,1,home,False,draw,35.0,34.0,40.0,8.0,11.0,13.0,3.0,7.0,1.0,0.0,1.0,home,away,0.0,0.0,1.0,0.0,16,16
1180683,2024-11-09 19:00:00,RB Bragantino,794,Atletico Goianiense,33,2024,Serie A,144,0.0,0.0,1,away,False,draw,36.0,34.0,40.0,8.0,12.0,13.0,3.0,8.0,1.0,1.0,1.0,home,home,0.0,1.0,0.0,1.0,17,16
1180711,2024-12-01 18:30:00,RB Bragantino,794,Cruzeiro,36,2024,Serie A,135,1.0,1.0,1,home,False,draw,38.0,37.0,46.0,8.0,14.0,14.0,3.0,6.0,2.0,0.0,3.0,away,away,1.0,2.0,4.0,1.0,18,16
1180695,2024-11-24 16:00:00,RB Bragantino,794,Internacional,35,2024,Serie A,119,1.0,4.0,0,away,False,lose,37.0,36.0,45.0,8.0,13.0,14.0,3.0,7.0,3.0,1.0,1.0,home,home,1.0,1.0,1.0,1.0,18,16
1180722,2024-12-05 20:00:00,RB Bragantino,794,Atletico Paranaense,37,2024,Serie A,134,2.0,1.0,3,away,False,win,41.0,39.0,47.0,9.0,14.0,14.0,4.0,7.0,2.0,1.0,3.0,home,home,1.0,5.0,1.0,1.0,17,16
1180559,2024-08-03 19:00:00,RB Bragantino,794,Vasco DA Gama,21,2024,Serie A,133,2.0,2.0,1,away,False,draw,26.0,24.0,23.0,7.0,5.0,7.0,6.0,13.0,3.0,0.0,1.0,home,away,0.0,1.0,1.0,1.0,10,16
1180601,2024-09-01 18:30:00,RB Bragantino,794,Bahia,25,2024,Serie A,118,2.0,1.0,3,home,False,win,30.0,29.0,30.0,8.0,6.0,10.0,2.0,8.0,0.0,0.0,1.0,away,home,0.0,2.0,1.0,2.0,11,16
1180358,2024-04-13 21:00:00,RB Bragantino,794,Fluminense,1,2024,Serie A,124,2.0,2.0,1,away,False,draw,1.0,2.0,2.0,0.0,1.0,0.0,,,,,3.0,,home,,2.0,,1.0,8,16
1180392,2024-04-28 18:30:00,RB Bragantino,794,Fortaleza EC,4,2024,Serie A,154,1.0,1.0,1,away,False,draw,8.0,6.0,4.0,2.0,2.0,0.0,,,7.0,3.0,1.0,home,home,1.0,1.0,0.0,1.0,3,16
1180581,2024-08-17 18:30:00,RB Bragantino,794,Fortaleza EC,23,2024,Serie A,154,1.0,2.0,0,home,False,lose,27.0,26.0,26.0,7.0,6.0,8.0,5.0,12.0,2.0,1.0,0.0,away,away,1.0,1.0,1.0,2.0,12,16
1180588,2024-08-25 20:00:00,RB Bragantino,794,Flamengo,24,2024,Serie A,127,1.0,2.0,0,away,False,lose,27.0,27.0,28.0,7.0,6.0,9.0,5.0,9.0,2.0,0.0,0.0,home,away,1.0,0.0,2.0,1.0,14,16
1180469,2024-06-26 19:00:00,RB Bragantino,794,Botafogo,12,2024,Serie A,120,1.0,2.0,0,away,False,lose,18.0,16.0,14.0,5.0,3.0,4.0,9.0,17.0,6.0,3.0,1.0,home,away,2.0,1.0,1.0,1.0,8,16
1180551,2024-07-28 11:00:00,RB Bragantino,794,Fluminense,20,2024,Serie A,124,0.0,1.0,0,home,False,lose,25.0,22.0,21.0,7.0,4.0,7.0,7.0,13.0,3.0,3.0,1.0,home,away,1.0,2.0,0.0,2.0,10,16
1180431,2024-06-11 21:30:00,RB Bragantino,794,Atletico-MG,8,2024,Serie A,1062,1.0,2.0,0,home,False,lose,12.0,10.0,8.0,3.0,3.0,2.0,8.0,,4.0,3.0,3.0,away,home,2.0,2.0,0.0,1.0,9,16
1180483,2024-06-29 18:30:00,RB Bragantino,794,Cuiaba,13,2024,Serie A,1193,1.0,1.0,1,away,False,draw,19.0,17.0,15.0,5.0,4.0,4.0,6.0,14.0,3.0,0.0,3.0,away,home,1.0,3.0,2.0,1.0,9,16
1180544,2024-08-28 19:30:00,RB Bragantino,794,Criciuma,19,2024,Serie A,140,0.0,1.0,0,away,False,lose,27.0,27.0,29.0,7.0,6.0,10.0,2.0,9.0,1.0,0.0,3.0,away,home,1.0,2.0,2.0,1.0,13,16
1180450,2024-06-20 21:30:00,RB Bragantino,794,Palmeiras,10,2024,Serie A,121,1.0,2.0,0,away,False,lose,15.0,13.0,11.0,4.0,3.0,3.0,7.0,,6.0,3.0,3.0,home,home,2.0,2.0,1.0,1.0,8,16
1180531,2024-07-21 18:30:00,RB Bragantino,794,Atletico Paranaense,18,2024,Serie A,134,1.0,0.0,3,home,False,win,25.0,22.0,20.0,7.0,4.0,6.0,4.0,13.0,3.0,0.0,0.0,away,home,1.0,0.0,2.0,1.0,9,16
1180641,2024-10-05 16:30:00,RB Bragantino,794,Palmeiras,29,2024,Serie A,121,0.0,0.0,1,home,False,draw,34.0,34.0,38.0,8.0,10.0,11.0,6.0,8.0,2.0,1.0,0.0,away,away,1.0,0.0,1.0,1.0,13,16
1180691,2024-11-20 16:30:00,RB Bragantino,794,Sao Paulo,34,2024,Serie A,126,1.0,1.0,1,home,False,draw,37.0,35.0,41.0,8.0,13.0,13.0,3.0,9.0,2.0,1.0,0.0,away,away,0.0,1.0,0.0,4.0,18,16
1180511,2024-09-25 19:00:00,RB Bragantino,794,Internacional,16,2024,Serie A,119,2.0,2.0,1,home,False,draw,32.0,33.0,37.0,8.0,8.0,11.0,4.0,9.0,4.0,0.0,1.0,away,away,0.0,1.0,3.0,1.0,4,16
1180611,2024-09-15 16:00:00,RB Bragantino,794,Gremio,26,2024,Serie A,130,2.0,2.0,1,home,False,draw,31.0,31.0,32.0,8.0,7.0,10.0,4.0,8.0,3.0,3.0,0.0,home,away,2.0,0.0,1.0,3.0,12,16
1180401,2024-05-04 18:30:00,RB Bragantino,794,Flamengo,5,2024,Serie A,127,1.0,1.0,1,home,False,draw,9.0,7.0,5.0,2.0,3.0,0.0,,,7.0,1.0,0.0,away,away,1.0,0.0,1.0,1.0,9,16
1180441,2024-06-15 18:30:00,RB Bragantino,794,Juventude,9,2024,Serie A,152,2.0,1.0,3,home,False,win,15.0,12.0,9.0,4.0,3.0,2.0,5.0,,3.0,0.0,0.0,home,away,1.0,1.0,2.0,2.0,7,16
1180491,2024-07-03 21:30:00,RB Bragantino,794,Atletico Goianiense,14,2024,Serie A,144,3.0,1.0,3,home,False,win,22.0,20.0,16.0,6.0,4.0,4.0,7.0,12.0,4.0,1.0,0.0,away,away,1.0,0.0,1.0,2.0,7,16
1180516,2024-07-13 16:00:00,RB Bragantino,794,Cruzeiro,17,2024,Serie A,135,1.0,2.0,0,away,False,lose,22.0,21.0,20.0,6.0,4.0,6.0,7.0,13.0,4.0,0.0,3.0,away,home,0.0,1.0,2.0,0.0,12,16
1180647,2024-10-19 16:00:00,RB Bragantino,794,Vitoria,30,2024,Serie A,136,0.0,1.0,0,away,False,lose,34.0,34.0,39.0,8.0,10.0,12.0,4.0,8.0,3.0,1.0,0.0,home,home,0.0,0.0,0.0,1.0,13,16
1180501,2024-07-06 20:00:00,RB Bragantino,794,Sao Paulo,15,2024,Serie A,126,0.0,2.0,0,away,False,lose,22.0,20.0,18.0,6.0,4.0,5.0,7.0,14.0,4.0,3.0,0.0,home,away,3.0,1.0,1.0,2.0,9,16
1180570,2024-08-10 21:30:00,RB Bragantino,794,Corinthians,22,2024,Serie A,131,1.0,1.0,1,away,False,draw,27.0,25.0,24.0,7.0,6.0,7.0,4.0,11.0,4.0,1.0,0.0,away,home,2.0,1.0,2.0,2.0,11,16
1180371,2024-04-17 19:00:00,RB Bragantino,794,Vasco DA Gama,2,2024,Serie A,133,2.0,1.0,3,home,False,win,4.0,4.0,3.0,1.0,1.0,0.0,,,,1.0,3.0,away,home,2.0,1.0,2.0,0.0,5,16
1180634,2024-09-29 11:00:00,RB Bragantino,794,Juventude,28,2024,Serie A,152,1.0,1.0,1,away,False,draw,33.0,34.0,38.0,8.0,9.0,11.0,5.0,7.0,2.0,1.0,1.0,home,home,2.0,0.0,2.0,0.0,11,16
1180415,2024-06-01 16:00:00,RB Bragantino,794,Gremio,7,2024,Serie A,130,2.0,0.0,3,away,False,win,12.0,9.0,6.0,3.0,3.0,1.0,8.0,,2.0,0.0,0.0,away,home,0.0,1.0,1.0,2.0,6,16
1180616,2024-09-22 16:00:00,RB Bragantino,794,Atletico-MG,27,2024,Serie A,1062,0.0,3.0,0,away,False,lose,31.0,31.0,35.0,8.0,7.0,11.0,4.0,9.0,4.0,1.0,1.0,home,home,2.0,2.0,2.0,2.0,14,16
1180381,2024-04-20 18:30:00,RB Bragantino,794,Corinthians,3,2024,Serie A,131,1.0,0.0,3,home,False,win,7.0,5.0,3.0,2.0,1.0,0.0,,,,3.0,1.0,home,away,2.0,1.0,1.0,1.0,3,16
1180407,2024-05-12 18:30:00,RB Bragantino,794,Bahia,6,2024,Serie A,118,0.0,1.0,0,away,False,lose,9.0,7.0,6.0,2.0,3.0,1.0,9.0,,5.0,1.0,3.0,home,away,1.0,2.0,1.0,0.0,11,16
1180731,2024-12-08 16:00:00,RB Bragantino,794,Criciuma,38,2024,Serie A,140,5.0,1.0,3,home,False,win,44.0,44.0,48.0,10.0,14.0,14.0,6.0,9.0,4.0,3.0,,away,,2.0,,1.0,,16,16
1180661,2024-10-26 20:00:00,RB Bragantino,794,Botafogo,31,2024,Serie A,120,0.0,1.0,0,home,False,lose,34.0,34.0,40.0,8.0,10.0,13.0,3.0,7.0,2.0,0.0,1.0,away,home,0.0,0.0,1.0,0.0,17,16
1351156,2025-06-12 21:30:00,Sao Paulo,126,Vasco DA Gama,12,2025,Serie A,133,1.0,3.0,0,home,False,lose,12.0,10.0,14.0,2.0,6.0,4.0,4.0,11.0,3.0,0.0,0.0,away,away,1.0,0.0,2.0,2.0,16,8
1351242,2025-08-16 18:30:00,Sao Paulo,126,Sport Recife,20,2025,Serie A,123,2.0,2.0,1,away,False,draw,29.0,24.0,22.0,7.0,8.0,5.0,15.0,16.0,9.0,3.0,3.0,home,home,2.0,2.0,0.0,0.0,7,8
1478031,2025-11-27 20:30:00,Sao Paulo,126,Fluminense,36,2025,Serie A,124,0.0,6.0,0,away,False,lose,48.0,40.0,46.0,13.0,9.0,14.0,7.0,13.0,3.0,3.0,0.0,home,home,2.0,,1.0,,8,8
1478025,2025-11-23 16:00:00,Sao Paulo,126,Juventude,35,2025,Serie A,152,2.0,1.0,3,home,False,win,48.0,40.0,40.0,13.0,9.0,13.0,7.0,10.0,1.0,0.0,0.0,away,away,1.0,0.0,3.0,6.0,8,8
1478045,2025-12-03 20:00:00,Sao Paulo,126,Internacional,37,2025,Serie A,119,,,0,home,False,,48.0,40.0,46.0,13.0,9.0,14.0,4.0,10.0,3.0,0.0,0.0,away,away,0.0,,6.0,,8,8
1351246,2025-08-24 20:30:00,Sao Paulo,126,Atletico-MG,21,2025,Serie A,1062,2.0,0.0,3,home,False,win,32.0,26.0,22.0,8.0,8.0,5.0,13.0,17.0,7.0,1.0,0.0,away,away,2.0,0.0,2.0,1.0,7,8
1351286,2025-09-29 20:00:00,Sao Paulo,126,Ceara,25,2025,Serie A,129,0.0,1.0,0,home,False,lose,35.0,27.0,25.0,9.0,8.0,8.0,7.0,22.0,3.0,0.0,3.0,away,away,0.0,2.0,1.0,0.0,7,8
1351046,2025-03-29 18:30:00,Sao Paulo,126,Sport Recife,1,2025,Serie A,123,0.0,0.0,1,home,False,draw,1.0,0.0,0.0,0.0,1.0,0.0,,,,,1.0,,away,,0.0,,0.0,13,8
1351074,2025-04-16 18:30:00,Sao Paulo,126,Botafogo,4,2025,Serie A,120,2.0,2.0,1,away,False,draw,4.0,3.0,3.0,0.0,4.0,0.0,,,3.0,1.0,3.0,home,home,1.0,2.0,1.0,1.0,16,8
1351266,2025-09-14 17:30:00,Sao Paulo,126,Botafogo,23,2025,Serie A,120,1.0,0.0,3,home,False,win,35.0,27.0,23.0,9.0,8.0,6.0,10.0,20.0,4.0,0.0,0.0,away,away,0.0,0.0,1.0,1.0,7,8
1351276,2025-09-21 20:30:00,Sao Paulo,126,Santos,24,2025,Serie A,128,0.0,1.0,0,away,False,lose,35.0,27.0,24.0,9.0,8.0,7.0,10.0,23.0,6.0,3.0,0.0,home,home,1.0,0.0,0.0,1.0,7,8
1351366,2025-11-08 21:00:00,Sao Paulo,126,RB Bragantino,33,2025,Serie A,794,0.0,1.0,0,home,False,lose,45.0,37.0,36.0,12.0,9.0,12.0,7.0,13.0,7.0,1.0,0.0,home,away,2.0,1.0,2.0,3.0,8,8
1351115,2025-05-11 17:30:00,Sao Paulo,126,Palmeiras,8,2025,Serie A,121,0.0,1.0,0,away,False,lose,9.0,6.0,6.0,1.0,6.0,1.0,7.0,,5.0,1.0,3.0,home,home,0.0,2.0,0.0,1.0,16,8
1351163,2025-07-12 16:30:00,Sao Paulo,126,Flamengo,13,2025,Serie A,127,0.0,2.0,0,away,False,lose,12.0,10.0,16.0,2.0,6.0,5.0,3.0,10.0,0.0,0.0,1.0,home,away,1.0,2.0,3.0,2.0,16,8
1351226,2025-08-09 18:30:00,Sao Paulo,126,Vitoria,19,2025,Serie A,136,2.0,0.0,3,home,False,win,28.0,22.0,20.0,7.0,7.0,5.0,13.0,16.0,9.0,3.0,1.0,away,away,2.0,2.0,1.0,2.0,7,8
1351136,2025-05-24 18:30:00,Sao Paulo,126,Mirassol,10,2025,Serie A,7848,0.0,2.0,0,home,False,lose,12.0,8.0,9.0,2.0,6.0,2.0,8.0,,4.0,3.0,0.0,home,away,2.0,1.0,1.0,2.0,13,8
1351219,2025-08-03 20:30:00,Sao Paulo,126,Internacional,18,2025,Serie A,119,2.0,1.0,3,away,False,win,25.0,20.0,20.0,6.0,7.0,5.0,10.0,13.0,9.0,3.0,3.0,home,home,3.0,2.0,1.0,0.0,8,8
1351327,2025-10-19 18:30:00,Sao Paulo,126,Mirassol,29,2025,Serie A,7848,0.0,3.0,0,away,False,lose,38.0,31.0,33.0,10.0,8.0,11.0,3.0,13.0,3.0,0.0,3.0,away,home,0.0,2.0,2.0,0.0,9,8
1478012,2025-11-20 19:30:00,Sao Paulo,126,Corinthians,34,2025,Serie A,131,1.0,3.0,0,away,False,lose,45.0,38.0,39.0,12.0,9.0,13.0,7.0,10.0,4.0,0.0,3.0,home,home,0.0,2.0,1.0,1.0,9,8
1351150,2025-05-31 18:30:00,Sao Paulo,126,Bahia,11,2025,Serie A,118,1.0,2.0,0,away,False,lose,12.0,9.0,11.0,2.0,6.0,3.0,5.0,12.0,3.0,0.0,0.0,home,home,0.0,1.0,2.0,3.0,13,8
1351202,2025-07-24 19:00:00,Sao Paulo,126,Juventude,16,2025,Serie A,152,1.0,0.0,3,away,False,win,19.0,15.0,18.0,4.0,7.0,5.0,4.0,9.0,4.0,3.0,3.0,home,home,2.0,3.0,0.0,1.0,15,8
1351301,2025-10-02 19:30:00,Sao Paulo,126,Fortaleza EC,26,2025,Serie A,154,2.0,0.0,3,away,False,win,38.0,29.0,25.0,10.0,8.0,8.0,6.0,19.0,3.0,0.0,0.0,home,home,0.0,2.0,1.0,3.0,7,8
1351086,2025-04-20 16:00:00,Sao Paulo,126,Santos,5,2025,Serie A,128,2.0,1.0,3,home,False,win,7.0,5.0,4.0,1.0,4.0,0.0,,,3.0,1.0,1.0,away,away,2.0,1.0,2.0,1.0,10,8
1351126,2025-05-17 21:00:00,Sao Paulo,126,Gremio,9,2025,Serie A,130,2.0,1.0,3,home,False,win,12.0,8.0,7.0,2.0,6.0,1.0,6.0,,2.0,0.0,0.0,away,home,0.0,0.0,1.0,2.0,11,8
1351177,2025-07-16 21:30:00,Sao Paulo,126,RB Bragantino,14,2025,Serie A,794,2.0,2.0,1,away,False,draw,13.0,12.0,18.0,2.0,7.0,5.0,3.0,9.0,0.0,0.0,3.0,away,home,0.0,2.0,2.0,0.0,19,8
1351206,2025-07-27 16:00:00,Sao Paulo,126,Fluminense,17,2025,Serie A,124,3.0,1.0,3,home,False,win,22.0,18.0,19.0,5.0,7.0,5.0,7.0,11.0,7.0,3.0,3.0,away,away,1.0,2.0,0.0,1.0,8,8
1351336,2025-10-25 21:30:00,Sao Paulo,126,Bahia,30,2025,Serie A,118,2.0,0.0,3,home,False,win,41.0,33.0,33.0,11.0,8.0,11.0,3.0,10.0,0.0,0.0,3.0,away,away,0.0,2.0,3.0,0.0,9,8
1351101,2025-04-26 18:30:00,Sao Paulo,126,Ceara,6,2025,Serie A,129,1.0,1.0,1,away,False,draw,8.0,6.0,5.0,1.0,5.0,0.0,7.0,,5.0,3.0,1.0,home,home,2.0,0.0,1.0,0.0,10,8
1478056,2025-12-07 16:00:00,Sao Paulo,126,Vitoria,38,2025,Serie A,136,,,0,away,False,,48.0,40.0,46.0,13.0,9.0,14.0,3.0,10.0,3.0,0.0,,home,,,,,,8,8
1351186,2025-07-19 21:00:00,Sao Paulo,126,Corinthians,15,2025,Serie A,131,2.0,0.0,3,home,False,win,16.0,14.0,18.0,3.0,7.0,5.0,1.0,9.0,1.0,1.0,3.0,away,away,2.0,1.0,2.0,0.0,14,8
1351258,2025-08-30 21:00:00,Sao Paulo,126,Cruzeiro,22,2025,Serie A,135,0.0,1.0,0,away,False,lose,32.0,26.0,23.0,8.0,8.0,6.0,13.0,20.0,7.0,3.0,3.0,home,home,2.0,1.0,0.0,0.0,7,8
1351344,2025-11-02 20:30:00,Sao Paulo,126,Vasco DA Gama,31,2025,Serie A,133,2.0,0.0,3,away,False,win,44.0,35.0,33.0,12.0,8.0,11.0,6.0,12.0,3.0,3.0,1.0,home,home,2.0,2.0,0.0,2.0,8,8
1351356,2025-11-05 21:30:00,Sao Paulo,126,Flamengo,32,2025,Serie A,127,2.0,2.0,1,home,False,draw,45.0,37.0,35.0,12.0,9.0,11.0,6.0,12.0,6.0,3.0,0.0,away,home,2.0,0.0,0.0,1.0,8,8
1351058,2025-04-06 16:00:00,Sao Paulo,126,Atletico-MG,2,2025,Serie A,1062,0.0,0.0,1,away,False,draw,2.0,0.0,0.0,0.0,2.0,0.0,,,,1.0,1.0,home,home,0.0,1.0,0.0,1.0,14,8
1351319,2025-10-16 19:00:00,Sao Paulo,126,Gremio,28,2025,Serie A,130,0.0,2.0,0,away,False,lose,38.0,31.0,30.0,10.0,8.0,10.0,6.0,16.0,3.0,0.0,0.0,home,away,2.0,0.0,3.0,3.0,8,8
1351106,2025-05-02 21:30:00,Sao Paulo,126,Fortaleza EC,7,2025,Serie A,154,0.0,0.0,1,home,False,draw,9.0,6.0,5.0,1.0,6.0,0.0,7.0,,5.0,1.0,0.0,away,away,1.0,0.0,1.0,1.0,11,8
1351306,2025-10-05 16:00:00,Sao Paulo,126,Palmeiras,27,2025,Serie A,121,2.0,3.0,0,home,False,lose,38.0,31.0,28.0,10.0,8.0,9.0,6.0,19.0,3.0,3.0,0.0,away,away,2.0,0.0,0.0,2.0,8,8
1351066,2025-04-13 17:30:00,Sao Paulo,126,Cruzeiro,3,2025,Serie A,135,1.0,1.0,1,home,False,draw,3.0,1.0,1.0,0.0,3.0,0.0,,,,1.0,1.0,away,away,0.0,2.0,0.0,2.0,15,8
1351082,2025-04-16 19:00:00,RB Bragantino,794,Sport Recife,4,2025,Serie A,123,1.0,0.0,3,away,False,win,7.0,5.0,4.0,2.0,1.0,1.0,,,4.0,3.0,3.0,home,home,1.0,1.0,0.0,0.0,6,10
1351157,2025-06-12 19:00:00,RB Bragantino,794,Bahia,12,2025,Serie A,118,0.0,3.0,0,home,False,lose,23.0,14.0,11.0,7.0,2.0,3.0,10.0,22.0,6.0,3.0,3.0,away,away,2.0,2.0,0.0,1.0,8,10
1351241,2025-08-16 16:00:00,RB Bragantino,794,Ceara,20,2025,Serie A,129,0.0,1.0,0,away,False,lose,27.0,22.0,26.0,8.0,3.0,9.0,0.0,10.0,0.0,0.0,3.0,home,home,1.0,4.0,3.0,2.0,9,10
1478028,2025-11-26 19:00:00,RB Bragantino,794,Fortaleza EC,36,2025,Serie A,154,0.0,1.0,0,home,False,lose,45.0,40.0,54.0,13.0,6.0,17.0,9.0,13.0,6.0,0.0,0.0,away,home,0.0,,3.0,,10,10
1478020,2025-11-22 21:30:00,RB Bragantino,794,Flamengo,35,2025,Serie A,127,0.0,3.0,0,away,False,lose,45.0,40.0,53.0,13.0,6.0,16.0,9.0,14.0,9.0,3.0,0.0,home,home,2.0,0.0,0.0,1.0,9,10
1478038,2025-11-16 19:00:00,RB Bragantino,794,Atletico-MG,37,2025,Serie A,1062,2.0,0.0,3,home,False,win,45.0,40.0,50.0,13.0,6.0,15.0,6.0,11.0,6.0,3.0,0.0,away,away,1.0,0.0,0.0,3.0,10,10
1351247,2025-08-23 16:00:00,RB Bragantino,794,Fluminense,21,2025,Serie A,124,4.0,2.0,3,home,False,win,30.0,26.0,28.0,9.0,3.0,9.0,0.0,7.0,0.0,0.0,0.0,away,away,0.0,1.0,1.0,4.0,8,10
1351287,2025-09-28 18:30:00,RB Bragantino,794,Santos,25,2025,Serie A,128,2.0,2.0,1,home,False,draw,32.0,31.0,37.0,9.0,5.0,11.0,4.0,4.0,1.0,0.0,1.0,away,away,1.0,1.0,2.0,1.0,9,10
1351047,2025-03-31 20:00:00,RB Bragantino,794,Ceara,1,2025,Serie A,129,2.0,2.0,1,home,False,draw,1.0,2.0,2.0,0.0,1.0,0.0,,,,,0.0,,away,,1.0,,2.0,6,10
1351267,2025-09-14 11:00:00,RB Bragantino,794,Sport Recife,23,2025,Serie A,123,1.0,1.0,1,home,False,draw,31.0,28.0,33.0,9.0,4.0,10.0,3.0,7.0,3.0,0.0,0.0,away,away,1.0,1.0,4.0,2.0,8,10
1351278,2025-09-21 20:30:00,RB Bragantino,794,Cruzeiro,24,2025,Serie A,135,1.0,2.0,0,away,False,lose,31.0,29.0,35.0,9.0,4.0,11.0,4.0,5.0,4.0,1.0,1.0,home,home,1.0,2.0,1.0,2.0,9,10
1351366,2025-11-08 21:00:00,RB Bragantino,794,Sao Paulo,33,2025,Serie A,126,1.0,0.0,3,away,False,win,42.0,38.0,50.0,12.0,6.0,15.0,3.0,9.0,3.0,3.0,3.0,home,home,2.0,2.0,1.0,0.0,11,10
1351119,2025-05-10 18:30:00,RB Bragantino,794,Gremio,8,2025,Serie A,130,1.0,1.0,1,away,False,draw,17.0,10.0,6.0,5.0,2.0,1.0,15.0,,9.0,3.0,0.0,home,home,1.0,1.0,0.0,2.0,3,10
1351165,2025-07-13 19:00:00,RB Bragantino,794,Corinthians,13,2025,Serie A,131,2.0,1.0,3,away,False,win,26.0,16.0,12.0,8.0,2.0,3.0,7.0,22.0,6.0,0.0,1.0,home,home,0.0,2.0,3.0,2.0,7,10
1351227,2025-08-09 18:30:00,RB Bragantino,794,Internacional,19,2025,Serie A,119,1.0,3.0,0,home,False,lose,27.0,22.0,25.0,8.0,3.0,8.0,1.0,10.0,0.0,0.0,0.0,away,away,1.0,0.0,2.0,1.0,8,10
1351137,2025-05-26 20:00:00,RB Bragantino,794,Juventude,10,2025,Serie A,152,1.0,0.0,3,home,False,win,20.0,12.0,8.0,6.0,2.0,2.0,10.0,,4.0,0.0,3.0,home,away,1.0,2.0,2.0,0.0,4,10
1351218,2025-08-03 18:30:00,RB Bragantino,794,Atletico-MG,18,2025,Serie A,1062,1.0,2.0,0,away,False,lose,27.0,21.0,22.0,8.0,3.0,7.0,4.0,11.0,0.0,0.0,0.0,away,home,1.0,1.0,3.0,3.0,6,10
1351332,2025-10-20 19:00:00,RB Bragantino,794,Juventude,29,2025,Serie A,152,0.0,1.0,0,away,False,lose,36.0,34.0,44.0,10.0,6.0,13.0,5.0,9.0,4.0,0.0,0.0,away,home,1.0,0.0,5.0,3.0,10,10
1478010,2025-12-03 19:00:00,RB Bragantino,794,Vitoria,34,2025,Serie A,136,,,0,home,False,,45.0,40.0,54.0,13.0,6.0,17.0,9.0,12.0,3.0,0.0,0.0,home,away,0.0,,1.0,,8,10
1351144,2025-05-31 21:00:00,RB Bragantino,794,Vasco DA Gama,11,2025,Serie A,133,2.0,0.0,3,away,False,win,23.0,14.0,8.0,7.0,2.0,2.0,10.0,20.0,4.0,3.0,0.0,home,home,1.0,0.0,0.0,3.0,3,10
1351197,2025-07-23 21:30:00,RB Bragantino,794,Flamengo,16,2025,Serie A,127,1.0,2.0,0,home,False,lose,27.0,19.0,17.0,8.0,3.0,5.0,7.0,17.0,4.0,0.0,0.0,away,away,0.0,1.0,1.0,3.0,9,10
1351297,2025-10-01 19:00:00,RB Bragantino,794,Mirassol,26,2025,Serie A,7848,1.0,1.0,1,away,False,draw,33.0,32.0,38.0,9.0,6.0,11.0,5.0,5.0,2.0,1.0,3.0,home,home,2.0,1.0,2.0,0.0,9,10
1351087,2025-04-20 20:30:00,RB Bragantino,794,Cruzeiro,5,2025,Serie A,135,1.0,0.0,3,home,False,win,10.0,6.0,4.0,3.0,1.0,1.0,,,6.0,3.0,3.0,away,away,1.0,2.0,0.0,1.0,4,10
1351127,2025-05-18 18:30:00,RB Bragantino,794,Palmeiras,9,2025,Serie A,121,1.0,2.0,0,home,False,lose,17.0,11.0,8.0,5.0,2.0,2.0,13.0,,7.0,1.0,3.0,away,home,1.0,1.0,1.0,0.0,4,10
1351177,2025-07-16 21:30:00,RB Bragantino,794,Sao Paulo,14,2025,Serie A,126,2.0,2.0,1,home,False,draw,27.0,18.0,14.0,8.0,3.0,3.0,9.0,22.0,6.0,3.0,0.0,away,away,2.0,0.0,1.0,1.0,6,10
1351211,2025-07-26 18:30:00,RB Bragantino,794,Fortaleza EC,17,2025,Serie A,154,1.0,3.0,0,away,False,lose,27.0,20.0,20.0,8.0,3.0,6.0,4.0,14.0,1.0,0.0,0.0,home,away,1.0,1.0,2.0,2.0,5,10
1351337,2025-10-26 18:30:00,RB Bragantino,794,Vasco DA Gama,30,2025,Serie A,133,0.0,3.0,0,home,False,lose,36.0,34.0,47.0,10.0,6.0,14.0,5.0,9.0,3.0,0.0,0.0,away,away,0.0,1.0,1.0,2.0,12,10
1478052,2025-12-07 16:00:00,RB Bragantino,794,Internacional,38,2025,Serie A,119,,,0,away,False,,45.0,40.0,54.0,13.0,6.0,17.0,6.0,9.0,0.0,0.0,,home,,,,,,10,10
1351190,2025-07-20 16:00:00,RB Bragantino,794,Vitoria,15,2025,Serie A,136,0.0,1.0,0,away,False,lose,27.0,18.0,15.0,8.0,3.0,4.0,10.0,20.0,4.0,1.0,0.0,home,home,2.0,1.0,2.0,2.0,3,10
1351254,2025-08-30 18:30:00,RB Bragantino,794,Botafogo,22,2025,Serie A,120,1.0,4.0,0,away,False,lose,30.0,27.0,32.0,9.0,3.0,10.0,3.0,7.0,3.0,3.0,1.0,home,home,4.0,1.0,2.0,1.0,8,10
1351350,2025-11-02 16:00:00,RB Bragantino,794,Bahia,31,2025,Serie A,118,1.0,2.0,0,away,False,lose,36.0,35.0,49.0,10.0,6.0,15.0,4.0,9.0,0.0,0.0,3.0,home,home,0.0,2.0,3.0,1.0,14,10
1351357,2025-11-05 19:00:00,RB Bragantino,794,Corinthians,32,2025,Serie A,131,2.0,1.0,3,home,False,win,39.0,37.0,50.0,11.0,6.0,15.0,3.0,6.0,0.0,0.0,3.0,away,away,1.0,1.0,2.0,0.0,12,10
1351053,2025-04-06 16:00:00,RB Bragantino,794,Fluminense,2,2025,Serie A,124,1.0,2.0,0,away,False,lose,1.0,3.0,4.0,0.0,1.0,1.0,,,,1.0,3.0,home,home,2.0,1.0,2.0,0.0,15,10
1351315,2025-10-15 19:00:00,RB Bragantino,794,Palmeiras,28,2025,Serie A,121,1.0,5.0,0,away,False,lose,36.0,34.0,43.0,10.0,6.0,12.0,6.0,9.0,5.0,3.0,0.0,home,away,1.0,0.0,0.0,1.0,10,10
1351107,2025-05-05 19:00:00,RB Bragantino,794,Mirassol,7,2025,Serie A,7848,1.0,0.0,3,home,False,win,16.0,9.0,5.0,5.0,1.0,1.0,12.0,,9.0,3.0,1.0,away,away,2.0,1.0,1.0,1.0,2,10
1351307,2025-10-04 18:30:00,RB Bragantino,794,Gremio,27,2025,Serie A,130,1.0,0.0,3,home,False,win,36.0,33.0,38.0,10.0,6.0,11.0,3.0,6.0,2.0,1.0,0.0,away,away,1.0,1.0,1.0,5.0,9,10
1351067,2025-04-12 16:00:00,RB Bragantino,794,Botafogo,3,2025,Serie A,120,1.0,0.0,3,home,False,win,4.0,4.0,4.0,1.0,1.0,1.0,,,,0.0,3.0,away,away,1.0,1.0,2.0,0.0,11,10
1351096,2025-04-27 20:30:00,RB Bragantino,794,Santos,6,2025,Serie A,128,2.0,1.0,3,away,False,win,13.0,8.0,5.0,4.0,1.0,1.0,10.0,,9.0,3.0,3.0,home,home,1.0,1.0,0.0,0.0,3,10
1180473,2024-06-26 20:00:00,Gremio,130,Atletico Goianiense,12,2024,Serie A,144,1.0,1.0,1,away,False,draw,7.0,7.0,12.0,2.0,1.0,7.0,0.0,6.0,0.0,0.0,3.0,home,home,0.0,1.0,1.0,0.0,19,14
1180705,2024-12-01 16:00:00,Gremio,130,Sao Paulo,36,2024,Serie A,126,2.0,1.0,3,home,False,win,44.0,43.0,46.0,12.0,8.0,16.0,6.0,10.0,2.0,1.0,1.0,away,away,1.0,1.0,1.0,1.0,11,14
1180696,2024-11-27 21:00:00,Gremio,130,Cruzeiro,35,2024,Serie A,135,1.0,1.0,1,away,False,draw,41.0,41.0,45.0,11.0,8.0,16.0,5.0,12.0,2.0,1.0,3.0,home,home,2.0,2.0,2.0,1.0,13,14
1180717,2024-12-04 20:00:00,Gremio,130,Vitoria,37,2024,Serie A,136,1.0,1.0,1,away,False,draw,45.0,44.0,47.0,12.0,9.0,16.0,6.0,13.0,5.0,3.0,0.0,home,home,2.0,0.0,1.0,3.0,12,14
1180562,2024-08-04 16:00:00,Gremio,130,Atletico Paranaense,21,2024,Serie A,134,2.0,0.0,3,away,False,win,21.0,17.0,22.0,6.0,3.0,10.0,7.0,12.0,7.0,3.0,3.0,home,away,1.0,3.0,0.0,1.0,14,14
1180595,2024-09-01 11:00:00,Gremio,130,Atletico-MG,25,2024,Serie A,1062,2.0,3.0,0,home,False,lose,27.0,23.0,28.0,8.0,3.0,12.0,12.0,16.0,6.0,3.0,1.0,away,away,1.0,2.0,0.0,2.0,15,14
1180359,2024-04-14 16:00:00,Gremio,130,Vasco DA Gama,1,2024,Serie A,133,1.0,2.0,0,away,False,lose,0.0,1.0,2.0,0.0,0.0,1.0,,,,,3.0,,home,,2.0,,0.0,17,14
1180387,2024-04-27 21:00:00,Gremio,130,Bahia,4,2024,Serie A,118,0.0,1.0,0,away,False,lose,6.0,4.0,3.0,2.0,0.0,2.0,,,6.0,3.0,0.0,home,home,1.0,0.0,0.0,2.0,9,14
1180575,2024-08-17 16:00:00,Gremio,130,Bahia,23,2024,Serie A,118,0.0,2.0,0,home,False,lose,24.0,20.0,25.0,7.0,3.0,11.0,13.0,17.0,9.0,3.0,3.0,away,away,3.0,1.0,1.0,0.0,15,14
1180594,2024-08-25 16:00:00,Gremio,130,Criciuma,24,2024,Serie A,140,1.0,0.0,3,away,False,win,27.0,21.0,25.0,8.0,3.0,11.0,10.0,14.0,6.0,0.0,0.0,home,home,0.0,2.0,2.0,3.0,13,14
1180545,2024-07-28 19:00:00,Gremio,130,Vasco DA Gama,20,2024,Serie A,133,1.0,0.0,3,home,False,win,18.0,15.0,22.0,5.0,3.0,10.0,4.0,9.0,4.0,1.0,3.0,away,away,2.0,2.0,2.0,0.0,16,14
1180428,2024-06-13 20:00:00,Gremio,130,Flamengo,8,2024,Serie A,127,1.0,2.0,0,away,False,lose,6.0,5.0,7.0,2.0,0.0,4.0,6.0,,3.0,0.0,0.0,home,home,0.0,1.0,2.0,2.0,13,14
1180475,2024-06-30 16:00:00,Gremio,130,Fluminense,13,2024,Serie A,124,1.0,0.0,3,home,False,win,10.0,8.0,12.0,3.0,1.0,7.0,1.0,7.0,1.0,1.0,1.0,away,home,1.0,2.0,1.0,2.0,18,14
1180540,2024-07-25 20:00:00,Gremio,130,Corinthians,19,2024,Serie A,131,2.0,2.0,1,away,False,draw,15.0,14.0,22.0,4.0,3.0,10.0,4.0,8.0,3.0,3.0,3.0,home,home,2.0,1.0,0.0,0.0,17,14
1180452,2024-06-19 20:00:00,Gremio,130,Fortaleza EC,10,2024,Serie A,154,0.0,1.0,0,away,False,lose,6.0,6.0,10.0,2.0,0.0,6.0,3.0,,0.0,0.0,0.0,home,home,1.0,0.0,2.0,1.0,19,14
1180525,2024-07-21 11:00:00,Gremio,130,Vitoria,18,2024,Serie A,136,2.0,0.0,3,home,False,win,14.0,12.0,20.0,4.0,2.0,10.0,4.0,5.0,0.0,0.0,1.0,away,away,0.0,2.0,1.0,2.0,18,14
1180635,2024-10-04 21:30:00,Gremio,130,Fortaleza EC,29,2024,Serie A,154,3.0,1.0,3,home,False,win,35.0,32.0,35.0,10.0,5.0,13.0,5.0,17.0,4.0,1.0,0.0,away,away,0.0,1.0,0.0,2.0,11,14
1180685,2024-11-20 19:00:00,Gremio,130,Juventude,34,2024,Serie A,152,2.0,2.0,1,home,False,draw,40.0,40.0,44.0,11.0,7.0,16.0,4.0,12.0,4.0,0.0,1.0,away,away,0.0,1.0,1.0,1.0,13,14
1180455,2024-06-22 17:30:00,Gremio,130,Internacional,11,2024,Serie A,119,0.0,1.0,0,home,False,lose,6.0,6.0,11.0,2.0,0.0,7.0,0.0,6.0,0.0,0.0,1.0,away,away,0.0,1.0,1.0,1.0,19,14
1180505,2024-07-10 18:30:00,Gremio,130,Cruzeiro,16,2024,Serie A,135,0.0,2.0,0,home,False,lose,11.0,10.0,19.0,3.0,2.0,9.0,5.0,5.0,4.0,0.0,0.0,away,away,0.0,0.0,3.0,1.0,18,14
1180611,2024-09-15 16:00:00,Gremio,130,RB Bragantino,26,2024,Serie A,794,2.0,2.0,1,away,False,draw,28.0,25.0,30.0,8.0,4.0,12.0,9.0,16.0,3.0,0.0,3.0,home,home,2.0,3.0,3.0,2.0,14,14
1180395,2024-09-25 19:00:00,Gremio,130,Criciuma,5,2024,Serie A,140,1.0,2.0,0,home,False,lose,31.0,29.0,34.0,9.0,4.0,13.0,,,4.0,3.0,1.0,home,away,3.0,0.0,2.0,0.0,3,14
1180435,2024-06-16 18:30:00,Gremio,130,Botafogo,9,2024,Serie A,120,1.0,2.0,0,home,False,lose,6.0,6.0,9.0,2.0,0.0,5.0,6.0,,0.0,0.0,0.0,away,away,1.0,0.0,2.0,1.0,17,14
1180485,2024-07-04 19:00:00,Gremio,130,Palmeiras,14,2024,Serie A,121,2.0,2.0,1,home,False,draw,11.0,10.0,14.0,3.0,2.0,7.0,4.0,10.0,4.0,3.0,0.0,home,away,1.0,0.0,0.0,3.0,18,14
1180521,2024-07-17 20:00:00,Gremio,130,Sao Paulo,17,2024,Serie A,126,0.0,1.0,0,away,False,lose,11.0,10.0,20.0,3.0,2.0,10.0,5.0,5.0,1.0,0.0,3.0,home,home,0.0,2.0,2.0,0.0,19,14
1180645,2024-10-19 16:00:00,Gremio,130,Internacional,30,2024,Serie A,119,0.0,1.0,0,away,False,lose,35.0,33.0,38.0,10.0,5.0,15.0,7.0,14.0,4.0,0.0,3.0,away,home,1.0,3.0,2.0,1.0,12,14
1180504,2024-07-07 16:00:00,Gremio,130,Juventude,15,2024,Serie A,152,0.0,3.0,0,away,False,lose,11.0,10.0,17.0,3.0,2.0,8.0,5.0,8.0,5.0,1.0,0.0,home,home,2.0,0.0,2.0,2.0,18,14
1180573,2024-08-10 19:00:00,Gremio,130,Cuiaba,22,2024,Serie A,1193,3.0,1.0,3,away,False,win,24.0,20.0,23.0,7.0,3.0,10.0,10.0,15.0,7.0,3.0,0.0,away,home,2.0,0.0,0.0,2.0,13,14
1180655,2024-10-26 16:30:00,Gremio,130,Atletico Goianiense,31,2024,Serie A,144,3.0,1.0,3,home,False,win,38.0,36.0,39.0,11.0,5.0,15.0,4.0,11.0,3.0,0.0,1.0,away,away,0.0,2.0,1.0,2.0,11,14
1180668,2024-11-01 21:00:00,Gremio,130,Fluminense,32,2024,Serie A,124,2.0,2.0,1,away,False,draw,39.0,38.0,41.0,11.0,6.0,15.0,7.0,14.0,3.0,3.0,0.0,home,away,3.0,0.0,1.0,1.0,11,14
1180365,2024-04-17 19:00:00,Gremio,130,Atletico Paranaense,2,2024,Serie A,134,2.0,0.0,3,home,False,win,3.0,3.0,2.0,1.0,0.0,1.0,,,,0.0,3.0,away,home,1.0,1.0,2.0,0.0,8,14
1180629,2024-09-28 21:00:00,Gremio,130,Botafogo,28,2024,Serie A,120,0.0,0.0,1,away,False,draw,32.0,29.0,34.0,9.0,5.0,13.0,7.0,17.0,4.0,0.0,3.0,home,home,1.0,3.0,2.0,1.0,13,14
1180415,2024-06-01 16:00:00,Gremio,130,RB Bragantino,7,2024,Serie A,794,0.0,2.0,0,home,False,lose,6.0,4.0,5.0,2.0,0.0,3.0,6.0,,6.0,0.0,0.0,away,away,0.0,1.0,1.0,2.0,12,14
1180615,2024-09-22 18:30:00,Gremio,130,Flamengo,27,2024,Serie A,127,3.0,2.0,3,home,False,win,31.0,28.0,32.0,9.0,4.0,12.0,7.0,17.0,4.0,1.0,0.0,away,home,2.0,1.0,2.0,2.0,12,14
1180375,2024-04-20 18:30:00,Gremio,130,Cuiaba,3,2024,Serie A,1193,1.0,0.0,3,home,False,win,6.0,4.0,2.0,2.0,0.0,1.0,,,,3.0,0.0,home,away,2.0,0.0,0.0,1.0,7,14
1180406,2024-10-09 19:30:00,Gremio,130,Atletico-MG,6,2024,Serie A,1062,1.0,2.0,0,away,False,lose,35.0,33.0,37.0,10.0,5.0,14.0,8.0,,4.0,3.0,0.0,home,away,3.0,0.0,1.0,1.0,2,14
1180725,2024-12-08 16:00:00,Gremio,130,Corinthians,38,2024,Serie A,131,0.0,3.0,0,home,False,lose,45.0,44.0,50.0,12.0,9.0,17.0,6.0,13.0,5.0,1.0,,away,,1.0,,1.0,,14,14
1180680,2024-11-08 21:30:00,Gremio,130,Palmeiras,33,2024,Serie A,121,0.0,1.0,0,away,False,lose,39.0,38.0,42.0,11.0,6.0,16.0,7.0,12.0,4.0,1.0,1.0,away,home,2.0,2.0,2.0,2.0,12,14
1351184,2025-07-19 17:30:00,Gremio,130,Vasco DA Gama,15,2025,Serie A,133,1.0,1.0,1,away,False,draw,17.0,14.0,20.0,4.0,5.0,5.0,7.0,13.0,4.0,0.0,0.0,away,away,1.0,0.0,4.0,1.0,13,9
1351159,2025-06-12 20:00:00,Gremio,130,Corinthians,12,2025,Serie A,131,1.0,1.0,1,home,False,draw,16.0,12.0,15.0,4.0,4.0,4.0,10.0,12.0,6.0,3.0,0.0,away,away,2.0,1.0,0.0,4.0,14,9
1351238,2025-08-17 16:00:00,Gremio,130,Atletico-MG,20,2025,Serie A,1062,3.0,1.0,3,away,False,win,23.0,19.0,25.0,6.0,5.0,8.0,4.0,11.0,3.0,0.0,1.0,home,home,0.0,0.0,1.0,0.0,13,9
1478032,2025-11-25 21:30:00,Gremio,130,Palmeiras,36,2025,Serie A,121,3.0,2.0,3,home,False,win,46.0,42.0,48.0,12.0,10.0,14.0,4.0,11.0,4.0,0.0,0.0,away,home,2.0,,3.0,,9,9
1478018,2025-11-22 19:30:00,Gremio,130,Botafogo,35,2025,Serie A,120,2.0,3.0,0,away,False,lose,43.0,39.0,46.0,11.0,10.0,14.0,7.0,14.0,4.0,3.0,3.0,home,home,2.0,3.0,0.0,2.0,12,9
1478042,2025-12-02 21:30:00,Gremio,130,Fluminense,37,2025,Serie A,124,,,0,home,False,,46.0,42.0,48.0,12.0,10.0,14.0,7.0,13.0,6.0,3.0,0.0,home,away,3.0,,2.0,,9,9
1351249,2025-08-23 21:00:00,Gremio,130,Ceara,21,2025,Serie A,129,0.0,0.0,1,home,False,draw,24.0,19.0,25.0,6.0,6.0,8.0,6.0,14.0,3.0,3.0,1.0,away,away,3.0,1.0,1.0,1.0,14,9
1351289,2025-09-28 11:00:00,Gremio,130,Vitoria,25,2025,Serie A,136,3.0,1.0,3,home,False,win,32.0,27.0,31.0,8.0,8.0,9.0,6.0,12.0,4.0,1.0,1.0,home,away,1.0,1.0,1.0,1.0,10,9
1351049,2025-03-29 18:30:00,Gremio,130,Atletico-MG,1,2025,Serie A,1062,2.0,1.0,3,home,False,win,3.0,2.0,1.0,1.0,0.0,0.0,,,,,0.0,,away,,0.0,,2.0,3,9
1351077,2025-04-16 19:00:00,Gremio,130,Mirassol,4,2025,Serie A,7848,1.0,4.0,0,away,False,lose,3.0,3.0,9.0,1.0,0.0,3.0,,,3.0,0.0,1.0,home,home,0.0,1.0,2.0,1.0,17,9
1351269,2025-09-13 16:00:00,Gremio,130,Mirassol,23,2025,Serie A,7848,0.0,1.0,0,home,False,lose,25.0,20.0,27.0,6.0,7.0,9.0,5.0,10.0,5.0,1.0,3.0,away,away,1.0,3.0,1.0,2.0,14,9
1351279,2025-09-21 17:30:00,Gremio,130,Internacional,24,2025,Serie A,119,3.0,2.0,3,away,False,win,28.0,23.0,29.0,7.0,7.0,9.0,5.0,9.0,2.0,0.0,1.0,home,home,0.0,1.0,1.0,1.0,12,9
1351371,2025-11-09 20:30:00,Gremio,130,Fortaleza EC,33,2025,Serie A,154,2.0,2.0,1,away,False,draw,40.0,35.0,43.0,10.0,10.0,13.0,6.0,14.0,3.0,0.0,3.0,home,home,0.0,2.0,1.0,0.0,14,9
1351119,2025-05-10 18:30:00,Gremio,130,RB Bragantino,8,2025,Serie A,794,1.0,1.0,1,home,False,draw,9.0,7.0,12.0,2.0,3.0,3.0,5.0,,5.0,3.0,0.0,home,away,1.0,1.0,0.0,2.0,15,9
1351168,2025-07-13 20:30:00,Gremio,130,Cruzeiro,13,2025,Serie A,135,1.0,4.0,0,away,False,lose,16.0,13.0,19.0,4.0,4.0,5.0,8.0,13.0,7.0,1.0,1.0,home,away,1.0,1.0,1.0,1.0,13,9
1351229,2025-08-10 20:30:00,Gremio,130,Sport Recife,19,2025,Serie A,123,0.0,1.0,0,home,False,lose,20.0,16.0,24.0,5.0,5.0,8.0,4.0,12.0,3.0,0.0,3.0,away,away,0.0,3.0,1.0,1.0,15,9
1351139,2025-05-25 11:00:00,Gremio,130,Bahia,10,2025,Serie A,118,1.0,0.0,3,home,False,win,12.0,9.0,14.0,3.0,3.0,4.0,6.0,,4.0,0.0,3.0,away,away,1.0,2.0,2.0,0.0,12,9
1351213,2025-08-02 21:00:00,Gremio,130,Fluminense,18,2025,Serie A,124,0.0,1.0,0,away,False,lose,20.0,16.0,23.0,5.0,5.0,7.0,5.0,15.0,4.0,3.0,0.0,home,home,2.0,0.0,1.0,1.0,14,9
1351330,2025-10-19 20:30:00,Gremio,130,Bahia,29,2025,Serie A,118,0.0,4.0,0,away,False,lose,36.0,30.0,37.0,9.0,9.0,11.0,8.0,16.0,4.0,3.0,3.0,home,home,2.0,3.0,0.0,1.0,12,9
1478014,2025-11-19 21:30:00,Gremio,130,Vasco DA Gama,34,2025,Serie A,133,2.0,0.0,3,home,False,win,43.0,37.0,43.0,11.0,10.0,13.0,4.0,12.0,1.0,1.0,0.0,away,away,2.0,2.0,2.0,3.0,12,9
1351152,2025-06-01 16:00:00,Gremio,130,Juventude,11,2025,Serie A,152,2.0,0.0,3,away,False,win,15.0,11.0,14.0,4.0,3.0,4.0,8.0,12.0,4.0,3.0,1.0,home,home,1.0,1.0,0.0,1.0,12,9
1351199,2025-09-24 19:30:00,Gremio,130,Botafogo,16,2025,Serie A,120,1.0,1.0,1,home,False,draw,29.0,24.0,30.0,7.0,8.0,9.0,8.0,12.0,4.0,3.0,3.0,away,home,3.0,3.0,2.0,1.0,8,9
1351296,2025-10-01 21:30:00,Gremio,130,Santos,26,2025,Serie A,128,1.0,1.0,1,away,False,draw,33.0,28.0,32.0,8.0,9.0,9.0,8.0,15.0,7.0,3.0,0.0,home,away,3.0,0.0,1.0,1.0,10,9
1351089,2025-04-19 21:00:00,Gremio,130,Internacional,5,2025,Serie A,119,1.0,1.0,1,home,False,draw,4.0,4.0,10.0,1.0,1.0,3.0,,,0.0,0.0,1.0,away,away,1.0,1.0,4.0,1.0,19,9
1351126,2025-05-17 21:00:00,Gremio,130,Sao Paulo,9,2025,Serie A,126,1.0,2.0,0,away,False,lose,9.0,8.0,14.0,2.0,3.0,4.0,6.0,,5.0,1.0,3.0,home,home,1.0,1.0,1.0,0.0,17,9
1351179,2025-07-29 20:30:00,Gremio,130,Fortaleza EC,14,2025,Serie A,154,2.0,1.0,3,home,False,win,20.0,16.0,22.0,5.0,5.0,6.0,5.0,13.0,1.0,0.0,0.0,away,away,0.0,0.0,1.0,1.0,10,9
1351205,2025-07-26 21:00:00,Gremio,130,Palmeiras,17,2025,Serie A,121,0.0,1.0,0,away,False,lose,17.0,14.0,21.0,4.0,5.0,6.0,8.0,14.0,2.0,1.0,3.0,away,home,1.0,2.0,1.0,1.0,14,9
1351339,2025-10-26 16:00:00,Gremio,130,Juventude,30,2025,Serie A,152,3.0,1.0,3,home,False,win,39.0,33.0,38.0,10.0,9.0,11.0,7.0,13.0,3.0,0.0,0.0,away,away,0.0,0.0,4.0,2.0,11,9
1478055,2025-12-07 16:00:00,Gremio,130,Sport Recife,38,2025,Serie A,123,,,0,away,False,,46.0,42.0,48.0,12.0,10.0,14.0,7.0,13.0,3.0,0.0,,home,,,,,,9,9
1351253,2025-08-31 16:00:00,Gremio,130,Flamengo,22,2025,Serie A,127,1.0,1.0,1,away,False,draw,25.0,20.0,26.0,6.0,7.0,8.0,7.0,12.0,4.0,1.0,0.0,home,home,0.0,0.0,0.0,1.0,13,9
1351345,2025-11-02 16:00:00,Gremio,130,Corinthians,31,2025,Serie A,131,0.0,2.0,0,away,False,lose,39.0,33.0,40.0,10.0,9.0,12.0,7.0,15.0,6.0,3.0,0.0,home,home,3.0,0.0,1.0,1.0,11,9
1351359,2025-11-05 20:00:00,Gremio,130,Cruzeiro,32,2025,Serie A,135,0.0,1.0,0,home,False,lose,39.0,33.0,41.0,10.0,9.0,13.0,6.0,14.0,3.0,0.0,1.0,away,away,0.0,2.0,2.0,2.0,14,9
1351061,2025-04-05 18:30:00,Gremio,130,Ceara,2,2025,Serie A,129,0.0,2.0,0,away,False,lose,3.0,2.0,3.0,1.0,0.0,1.0,,,,3.0,0.0,home,home,2.0,0.0,1.0,2.0,9,9
1351319,2025-10-16 19:00:00,Gremio,130,Sao Paulo,28,2025,Serie A,126,2.0,0.0,3,home,False,win,36.0,30.0,33.0,9.0,9.0,10.0,8.0,13.0,4.0,0.0,0.0,away,away,0.0,0.0,1.0,4.0,11,9
1351109,2025-05-04 16:00:00,Gremio,130,Santos,7,2025,Serie A,128,1.0,0.0,3,home,False,win,8.0,6.0,11.0,2.0,2.0,3.0,2.0,,2.0,1.0,1.0,away,home,1.0,1.0,1.0,1.0,13,9
1351307,2025-10-04 18:30:00,Gremio,130,RB Bragantino,27,2025,Serie A,794,0.0,1.0,0,away,False,lose,33.0,28.0,33.0,8.0,9.0,10.0,8.0,13.0,5.0,1.0,3.0,away,home,1.0,2.0,1.0,0.0,13,9
1351069,2025-04-13 17:30:00,Gremio,130,Flamengo,3,2025,Serie A,127,0.0,2.0,0,home,False,lose,3.0,2.0,5.0,1.0,0.0,2.0,,,,0.0,0.0,away,away,0.0,1.0,2.0,4.0,13,9
1351100,2025-04-27 18:30:00,Gremio,130,Vitoria,6,2025,Serie A,136,1.0,1.0,1,away,False,draw,5.0,5.0,11.0,1.0,2.0,3.0,4.0,,1.0,1.0,3.0,home,home,1.0,1.0,1.0,0.0,18,9
