fixture_id,fixture_referee,fixture_timezone,fixture_date,fixture_timestamp,fixture_periods_first,fixture_periods_second,fixture_venue_id,fixture_venue_name,fixture_venue_city,fixture_status_long,fixture_status_short,fixture_status_elapsed,league_id,league_name,league_country,league_logo,league_flag,league_season,league_round,teams_home_id,teams_home_name,teams_home_logo,teams_home_winner,teams_away_id,teams_away_name,teams_away_logo,teams_away_winner,goals_home,goals_away,score_halftime_home,score_halftime_away,score_fulltime_home,score_fulltime_away,score_extratime_home,score_extratime_away,score_penalty_home,score_penalty_away
94480,"Caio Max Augusto Vieira, Brazil",UTC,2019-04-27T19:00:00+00:00,1556391600,1556391600,1556395200,,Morumbi,Sao Paulo,Match Finished,FT,90,71,Serie A,Brazil,https://media.api-sports.io/football/leagues/71.png,https://media.api-sports.io/flags/br.svg,2019,Regular Season - 1,126,Sao Paulo,https://media.api-sports.io/football/teams/126.png,True,120,Botafogo,https://media.api-sports.io/football/teams/120.png,False,2,0,1,0,2,0,,,,
94475,"Raphael Claus, Brazil",UTC,2019-04-27T22:00:00+00:00,1556402400,1556402400,1556406000,,Arena Condá,Chapeco,Match Finished,FT,90,71,Serie A,Brazil,https://media.api-sports.io/football/leagues/71.png,https://media.api-sports.io/flags/br.svg,2019,Regular Season - 1,132,Chapecoense-sc,https://media.api-sports.io/football/teams/132.png,True,119,Internacional,https://media.api-sports.io/football/teams/119.png,False,2,0,1,0,2,0,,,,
94472,"Rodolpho Toski Marques, Brazil",UTC,2019-04-27T22:00:00+00:00,1556402400,1556402400,1556406000,,Arena Independência,Belo Horizonte,Match Finished,FT,90,71,Serie A,Brazil,https://media.api-sports.io/football/leagues/71.png,https://media.api-sports.io/flags/br.svg,2019,Regular Season - 1,1062,Atletico-MG,https://media.api-sports.io/football/teams/1062.png,True,145,Avai,https://media.api-sports.io/football/teams/145.png,False,2,1,1,0,2,1,,,,
94476,"Anderson Daronco, Brazil",UTC,2019-04-28T00:00:00+00:00,1556409600,1556409600,1556413200,,Estádio do Maracanã,Rio de Janeiro,Match Finished,FT,90,71,Serie A,Brazil,https://media.api-sports.io/football/leagues/71.png,https://media.api-sports.io/flags/br.svg,2019,Regular Season - 1,127,Flamengo,https://media.api-sports.io/football/teams/127.png,True,135,Cruzeiro,https://media.api-sports.io/football/teams/135.png,False,3,1,1,1,3,1,,,,
94478,"Bruno Arleu de Araujo, Brazil",UTC,2019-04-28T14:00:00+00:00,1556460000,1556460000,1556463600,,Arena do Grêmio,Porto Alegre,Match Finished,FT,90,71,Serie A,Brazil,https://media.api-sports.io/football/leagues/71.png,https://media.api-sports.io/flags/br.svg,2019,Regular Season - 1,130,Gremio,https://media.api-sports.io/football/teams/130.png,False,128,Santos,https://media.api-sports.io/football/teams/128.png,True,1,2,0,2,1,2,,,,
94473,"Wilton Pereira Sampaio, Brazil",UTC,2019-04-28T19:00:00+00:00,1556478000,1556478000,1556481600,,Arena Fonte Nova,Salvador,Match Finished,FT,90,71,Serie A,Brazil,https://media.api-sports.io/football/leagues/71.png,https://media.api-sports.io/flags/br.svg,2019,Regular Season - 1,118,Bahia,https://media.api-sports.io/football/teams/118.png,True,131,Corinthians,https://media.api-sports.io/football/teams/131.png,False,3,2,1,1,3,2,,,,
94474,"Rafael Trombeta, Brazil",UTC,2019-04-28T19:00:00+00:00,1556478000,1556478000,1556481600,,Estadio Castelão,Fortaleza,Match Finished,FT,90,71,Serie A,Brazil,https://media.api-sports.io/football/leagues/71.png,https://media.api-sports.io/flags/br.svg,2019,Regular Season - 1,129,Ceara,https://media.api-sports.io/football/teams/129.png,True,150,CSA,https://media.api-sports.io/football/teams/150.png,False,4,0,2,0,4,0,,,,
94471,"Luiz Flavio De Oliveira, Brazil",UTC,2019-04-28T19:00:00+00:00,1556478000,1556478000,1556481600,,Arena da Baixada,Curitiba,Match Finished,FT,90,71,Serie A,Brazil,https://media.api-sports.io/football/leagues/71.png,https://media.api-sports.io/flags/br.svg,2019,Regular Season - 1,134,Atletico Paranaense,https://media.api-sports.io/football/teams/134.png,True,133,Vasco DA Gama,https://media.api-sports.io/football/teams/133.png,False,4,1,2,0,4,1,,,,
94479,"Braulio Da Silva Machado, Brazil",UTC,2019-04-28T22:00:00+00:00,1556488800,1556488800,1556492400,,Allianz Parque,Sao Paulo,Match Finished,FT,90,71,Serie A,Brazil,https://media.api-sports.io/football/leagues/71.png,https://media.api-sports.io/flags/br.svg,2019,Regular Season - 1,121,Palmeiras,https://media.api-sports.io/football/teams/121.png,True,154,Fortaleza EC,https://media.api-sports.io/football/teams/154.png,False,4,0,1,0,4,0,,,,
94477,"Dewson Fernando Freitas da Silva, Brazil",UTC,2019-04-28T22:00:00+00:00,1556488800,1556488800,1556492400,,Estádio do Maracanã,Rio de Janeiro,Match Finished,FT,90,71,Serie A,Brazil,https://media.api-sports.io/football/leagues/71.png,https://media.api-sports.io/flags/br.svg,2019,Regular Season - 1,124,Fluminense,https://media.api-sports.io/football/teams/124.png,False,151,Goias,https://media.api-sports.io/football/teams/151.png,True,0,1,0,0,0,1,,,,
94488,"Flavio Rodrigues De Souza, Brazil",UTC,2019-05-01T19:00:00+00:00,1556737200,1556737200,1556740800,,Estádio Beira Rio,Porto Alegre,Match Finished,FT,90,71,Serie A,Brazil,https://media.api-sports.io/football/leagues/71.png,https://media.api-sports.io/flags/br.svg,2019,Regular Season - 2,119,Internacional,https://media.api-sports.io/football/teams/119.png,True,127,Flamengo,https://media.api-sports.io/football/teams/127.png,False,2,1,1,0,2,1,,,,
94483,"Ricardo Marques Ribeiro, Brazil",UTC,2019-05-01T19:00:00+00:00,1556737200,1556737200,1556740800,,Arena Corinthians,Sao Paulo,Match Finished,FT,90,71,Serie A,Brazil,https://media.api-sports.io/football/leagues/71.png,https://media.api-sports.io/flags/br.svg,2019,Regular Season - 2,131,Corinthians,https://media.api-sports.io/football/teams/131.png,True,132,Chapecoense-sc,https://media.api-sports.io/football/teams/132.png,False,1,0,0,0,1,0,,,,
94485,"Caio Max Augusto Vieira, Brazil",UTC,2019-05-01T19:00:00+00:00,1556737200,1556737200,1556740800,,Estádio Rei Pelé,Maceio,Match Finished,FT,90,71,Serie A,Brazil,https://media.api-sports.io/football/leagues/71.png,https://media.api-sports.io/flags/br.svg,2019,Regular Season - 2,150,CSA,https://media.api-sports.io/football/teams/150.png,,121,Palmeiras,https://media.api-sports.io/football/teams/121.png,,1,1,0,1,1,1,,,,
94484,"Reway Wagner, Brazil",UTC,2019-05-01T22:15:00+00:00,1556748900,1556748900,1556752500,,Estádio Mineirão,Belo Horizonte,Match Finished,FT,90,71,Serie A,Brazil,https://media.api-sports.io/football/leagues/71.png,https://media.api-sports.io/flags/br.svg,2019,Regular Season - 2,135,Cruzeiro,https://media.api-sports.io/football/teams/135.png,True,129,Ceara,https://media.api-sports.io/football/teams/129.png,False,1,0,0,0,1,0,,,,
94481,"Wagner do Nascimento Magalhaes, Brazil",UTC,2019-05-01T22:15:00+00:00,1556748900,1556748900,1556752500,,Estádio da Ressacada,Florianopolis,Match Finished,FT,90,71,Serie A,Brazil,https://media.api-sports.io/football/leagues/71.png,https://media.api-sports.io/flags/br.svg,2019,Regular Season - 2,145,Avai,https://media.api-sports.io/football/teams/145.png,,130,Gremio,https://media.api-sports.io/football/teams/130.png,,1,1,0,1,1,1,,,,
94490,"Raphael Claus, Brazil",UTC,2019-05-02T00:30:00+00:00,1556757000,1556757000,1556760600,,São Januário,Rio de Janeiro,Match Finished,FT,90,71,Serie A,Brazil,https://media.api-sports.io/football/leagues/71.png,https://media.api-sports.io/flags/br.svg,2019,Regular Season - 2,133,Vasco DA Gama,https://media.api-sports.io/football/teams/133.png,False,1062,Atletico-MG,https://media.api-sports.io/football/teams/1062.png,True,1,2,0,0,1,2,,,,
94487,"Rafael Traci, Brazil",UTC,2019-05-02T00:30:00+00:00,1556757000,1556757000,1556760600,,Serra Dourada,Goiania,Match Finished,FT,90,71,Serie A,Brazil,https://media.api-sports.io/football/leagues/71.png,https://media.api-sports.io/flags/br.svg,2019,Regular Season - 2,151,Goias,https://media.api-sports.io/football/teams/151.png,False,126,Sao Paulo,https://media.api-sports.io/football/teams/126.png,True,1,2,1,2,1,2,,,,
94486,"Marcelo De Lima Henrique, Brazil",UTC,2019-05-02T00:30:00+00:00,1556757000,1556757000,1556760600,,Estadio Castelão,Fortaleza,Match Finished,FT,90,71,Serie A,Brazil,https://media.api-sports.io/football/leagues/71.png,https://media.api-sports.io/flags/br.svg,2019,Regular Season - 2,154,Fortaleza EC,https://media.api-sports.io/football/teams/154.png,True,134,Atletico Paranaense,https://media.api-sports.io/football/teams/134.png,False,2,1,1,1,2,1,,,,
94489,"Wilton Pereira Sampaio, Brazil",UTC,2019-05-02T22:15:00+00:00,1556835300,1556835300,1556838900,,Urbano Caldeira,Santos,Match Finished,FT,90,71,Serie A,Brazil,https://media.api-sports.io/football/leagues/71.png,https://media.api-sports.io/flags/br.svg,2019,Regular Season - 2,128,Santos,https://media.api-sports.io/football/teams/128.png,True,124,Fluminense,https://media.api-sports.io/football/teams/124.png,False,2,1,0,0,2,1,,,,
94482,"Luiz Flavio De Oliveira, Brazil",UTC,2019-05-02T23:00:00+00:00,1556838000,1556838000,1556841600,,Estadio Olimpico Nilton Santos,Rio de Janeiro,Match Finished,FT,90,71,Serie A,Brazil,https://media.api-sports.io/football/leagues/71.png,https://media.api-sports.io/flags/br.svg,2019,Regular Season - 2,120,Botafogo,https://media.api-sports.io/football/teams/120.png,True,118,Bahia,https://media.api-sports.io/football/teams/118.png,False,3,2,3,1,3,2,,,,
94498,"Wagner do Nascimento Magalhaes, Brazil",UTC,2019-05-04T22:00:00+00:00,1557007200,1557007200,1557010800,,Allianz Parque,Sao Paulo,Match Finished,FT,90,71,Serie A,Brazil,https://media.api-sports.io/football/leagues/71.png,https://media.api-sports.io/flags/br.svg,2019,Regular Season - 3,121,Palmeiras,https://media.api-sports.io/football/teams/121.png,True,119,Internacional,https://media.api-sports.io/football/teams/119.png,False,1,0,1,0,1,0,,,,
94500,"Rodrigo D'alonso Ferreira, Brazil",UTC,2019-05-04T22:00:00+00:00,1557007200,1557007200,1557010800,,São Januário,Rio de Janeiro,Match Finished,FT,90,71,Serie A,Brazil,https://media.api-sports.io/football/leagues/71.png,https://media.api-sports.io/flags/br.svg,2019,Regular Season - 3,133,Vasco DA Gama,https://media.api-sports.io/football/teams/133.png,,131,Corinthians,https://media.api-sports.io/football/teams/131.png,,1,1,1,1,1,1,,,,
94493,"Flavio Rodrigues De Souza, Brazil",UTC,2019-05-05T00:00:00+00:00,1557014400,1557014400,1557018000,,Estadio Castelão,Fortaleza,Match Finished,FT,90,71,Serie A,Brazil,https://media.api-sports.io/football/leagues/71.png,https://media.api-sports.io/flags/br.svg,2019,Regular Season - 3,129,Ceara,https://media.api-sports.io/football/teams/129.png,False,1062,Atletico-MG,https://media.api-sports.io/football/teams/1062.png,True,1,2,1,1,1,2,,,,
94494,"Vinicius Goncalves Dias Araujo, Brazil",UTC,2019-05-05T14:00:00+00:00,1557064800,1557064800,1557068400,,Arena Condá,Chapeco,Match Finished,FT,90,71,Serie A,Brazil,https://media.api-sports.io/football/leagues/71.png,https://media.api-sports.io/flags/br.svg,2019,Regular Season - 3,132,Chapecoense-sc,https://media.api-sports.io/football/teams/132.png,,134,Atletico Paranaense,https://media.api-sports.io/football/teams/134.png,,1,1,0,0,1,1,,,,
94492,"Reway Wagner, Brazil",UTC,2019-05-05T19:00:00+00:00,1557082800,1557082800,1557086400,,Estadio Olimpico Nilton Santos,Rio de Janeiro,Match Finished,FT,90,71,Serie A,Brazil,https://media.api-sports.io/football/leagues/71.png,https://media.api-sports.io/flags/br.svg,2019,Regular Season - 3,120,Botafogo,https://media.api-sports.io/football/teams/120.png,True,154,Fortaleza EC,https://media.api-sports.io/football/teams/154.png,False,1,0,0,0,1,0,,,,
94499,"Ricardo Marques Ribeiro, Brazil",UTC,2019-05-05T19:00:00+00:00,1557082800,1557082800,1557086400,,Morumbi,Sao Paulo,Match Finished,FT,90,71,Serie A,Brazil,https://media.api-sports.io/football/leagues/71.png,https://media.api-sports.io/flags/br.svg,2019,Regular Season - 3,126,Sao Paulo,https://media.api-sports.io/football/teams/126.png,,127,Flamengo,https://media.api-sports.io/football/teams/127.png,,1,1,0,1,1,1,,,,
94495,"Rodrigo Carvalhaes de Miranda, Brazil",UTC,2019-05-05T19:00:00+00:00,1557082800,1557082800,1557086400,,Estádio Mineirão,Belo Horizonte,Match Finished,FT,90,71,Serie A,Brazil,https://media.api-sports.io/football/leagues/71.png,https://media.api-sports.io/flags/br.svg,2019,Regular Season - 3,135,Cruzeiro,https://media.api-sports.io/football/teams/135.png,True,151,Goias,https://media.api-sports.io/football/teams/151.png,False,2,1,0,0,2,1,,,,
94496,"Rodolpho Toski Marques, Brazil",UTC,2019-05-05T19:00:00+00:00,1557082800,1557082800,1557086400,,Estádio Rei Pelé,Maceio,Match Finished,FT,90,71,Serie A,Brazil,https://media.api-sports.io/football/leagues/71.png,https://media.api-sports.io/flags/br.svg,2019,Regular Season - 3,150,CSA,https://media.api-sports.io/football/teams/150.png,,128,Santos,https://media.api-sports.io/football/teams/128.png,,0,0,0,0,0,0,,,,
94491,"Bruno Arleu de Araujo, Brazil",UTC,2019-05-05T22:00:00+00:00,1557093600,1557093600,1557097200,,Arena Fonte Nova,Salvador,Match Finished,FT,90,71,Serie A,Brazil,https://media.api-sports.io/football/leagues/71.png,https://media.api-sports.io/flags/br.svg,2019,Regular Season - 3,118,Bahia,https://media.api-sports.io/football/teams/118.png,True,145,Avai,https://media.api-sports.io/football/teams/145.png,False,1,0,1,0,1,0,,,,
94497,"Raphael Claus, Brazil",UTC,2019-05-05T22:00:00+00:00,1557093600,1557093600,1557097200,,Arena do Grêmio,Porto Alegre,Match Finished,FT,90,71,Serie A,Brazil,https://media.api-sports.io/football/leagues/71.png,https://media.api-sports.io/flags/br.svg,2019,Regular Season - 3,130,Gremio,https://media.api-sports.io/football/teams/130.png,False,124,Fluminense,https://media.api-sports.io/football/teams/124.png,True,4,5,3,2,4,5,,,,
94506,"Marcelo Aparecido Ribeiro de Souza, Brazil",UTC,2019-05-11T19:00:00+00:00,1557601200,1557601200,1557604800,,Estádio do Maracanã,Rio de Janeiro,Match Finished,FT,90,71,Serie A,Brazil,https://media.api-sports.io/football/leagues/71.png,https://media.api-sports.io/flags/br.svg,2019,Regular Season - 4,124,Fluminense,https://media.api-sports.io/football/teams/124.png,False,120,Botafogo,https://media.api-sports.io/football/teams/120.png,True,0,1,0,0,0,1,,,,
94504,"Marcelo De Lima Henrique, Brazil",UTC,2019-05-11T22:00:00+00:00,1557612000,1557612000,1557615600,,Arena Corinthians,Sao Paulo,Match Finished,FT,90,71,Serie A,Brazil,https://media.api-sports.io/football/leagues/71.png,https://media.api-sports.io/flags/br.svg,2019,Regular Season - 4,131,Corinthians,https://media.api-sports.io/football/teams/131.png,,130,Gremio,https://media.api-sports.io/football/teams/130.png,,0,0,0,0,0,0,,,,
94508,"Caio Max Augusto Vieira, Brazil",UTC,2019-05-12T00:00:00+00:00,1557619200,1557619200,1557622800,,Serra Dourada,Goiania,Match Finished,FT,90,71,Serie A,Brazil,https://media.api-sports.io/football/leagues/71.png,https://media.api-sports.io/flags/br.svg,2019,Regular Season - 4,151,Goias,https://media.api-sports.io/football/teams/151.png,True,129,Ceara,https://media.api-sports.io/football/teams/129.png,False,2,1,1,0,2,1,,,,
94505,"Jean Pierre Goncalves Lima, Brazil",UTC,2019-05-12T14:00:00+00:00,1557669600,1557669600,1557673200,,Estádio do Maracanã,Rio de Janeiro,Match Finished,FT,90,71,Serie A,Brazil,https://media.api-sports.io/football/leagues/71.png,https://media.api-sports.io/flags/br.svg,2019,Regular Season - 4,127,Flamengo,https://media.api-sports.io/football/teams/127.png,True,132,Chapecoense-sc,https://media.api-sports.io/football/teams/132.png,False,2,1,1,0,2,1,,,,
94509,"Raphael Claus, Brazil",UTC,2019-05-12T19:00:00+00:00,1557687600,1557687600,1557691200,,Estádio Beira Rio,Porto Alegre,Match Finished,FT,90,71,Serie A,Brazil,https://media.api-sports.io/football/leagues/71.png,https://media.api-sports.io/flags/br.svg,2019,Regular Season - 4,119,Internacional,https://media.api-sports.io/football/teams/119.png,True,135,Cruzeiro,https://media.api-sports.io/football/teams/135.png,False,3,1,1,1,3,1,,,,
94510,"Paulo Roberto Alves Junior, Brazil",UTC,2019-05-12T19:00:00+00:00,1557687600,1557687600,1557691200,,Urbano Caldeira,Santos,Match Finished,FT,90,71,Serie A,Brazil,https://media.api-sports.io/football/leagues/71.png,https://media.api-sports.io/flags/br.svg,2019,Regular Season - 4,128,Santos,https://media.api-sports.io/football/teams/128.png,True,133,Vasco DA Gama,https://media.api-sports.io/football/teams/133.png,False,3,0,2,0,3,0,,,,
94502,"Anderson Daronco, Brazil",UTC,2019-05-12T19:00:00+00:00,1557687600,1557687600,1557691200,,Arena Independência,Belo Horizonte,Match Finished,FT,90,71,Serie A,Brazil,https://media.api-sports.io/football/leagues/71.png,https://media.api-sports.io/flags/br.svg,2019,Regular Season - 4,1062,Atletico-MG,https://media.api-sports.io/football/teams/1062.png,False,121,Palmeiras,https://media.api-sports.io/football/teams/121.png,True,0,2,0,1,0,2,,,,
94501,"Savio Pereira Sampaio, Brazil",UTC,2019-05-12T22:00:00+00:00,1557698400,1557698400,1557702000,,Arena da Baixada,Curitiba,Match Finished,FT,90,71,Serie A,Brazil,https://media.api-sports.io/football/leagues/71.png,https://media.api-sports.io/flags/br.svg,2019,Regular Season - 4,134,Atletico Paranaense,https://media.api-sports.io/football/teams/134.png,True,118,Bahia,https://media.api-sports.io/football/teams/118.png,False,1,0,1,0,1,0,,,,
94503,"Dewson Fernando Freitas da Silva, Brazil",UTC,2019-05-12T22:00:00+00:00,1557698400,1557698400,1557702000,,Estádio da Ressacada,Florianopolis,Match Finished,FT,90,71,Serie A,Brazil,https://media.api-sports.io/football/leagues/71.png,https://media.api-sports.io/flags/br.svg,2019,Regular Season - 4,145,Avai,https://media.api-sports.io/football/teams/145.png,,150,CSA,https://media.api-sports.io/football/teams/150.png,,0,0,0,0,0,0,,,,
94507,"Wilton Pereira Sampaio, Brazil",UTC,2019-05-12T22:00:00+00:00,1557698400,1557698400,1557702000,,Estadio Castelão,Fortaleza,Match Finished,FT,90,71,Serie A,Brazil,https://media.api-sports.io/football/leagues/71.png,https://media.api-sports.io/flags/br.svg,2019,Regular Season - 4,154,Fortaleza EC,https://media.api-sports.io/football/teams/154.png,False,126,Sao Paulo,https://media.api-sports.io/football/teams/126.png,True,0,1,0,0,0,1,,,,
94515,"Flavio Rodrigues De Souza, Brazil",UTC,2019-05-18T21:00:00+00:00,1558213200,1558213200,1558216800,,Estádio do Maracanã,Rio de Janeiro,Match Finished,FT,90,71,Serie A,Brazil,https://media.api-sports.io/football/leagues/71.png,https://media.api-sports.io/flags/br.svg,2019,Regular Season - 5,124,Fluminense,https://media.api-sports.io/football/teams/124.png,True,135,Cruzeiro,https://media.api-sports.io/football/teams/135.png,False,4,1,1,0,4,1,,,,
94518,"Rafael Traci, Brazil",UTC,2019-05-18T22:00:00+00:00,1558216800,1558216800,1558220400,,Allianz Parque,Sao Paulo,Match Finished,FT,90,71,Serie A,Brazil,https://media.api-sports.io/football/leagues/71.png,https://media.api-sports.io/flags/br.svg,2019,Regular Season - 5,121,Palmeiras,https://media.api-sports.io/football/teams/121.png,True,128,Santos,https://media.api-sports.io/football/teams/128.png,False,4,0,2,0,4,0,,,,
94512,"Paulo Roberto Alves Junior, Brazil",UTC,2019-05-18T22:00:00+00:00,1558216800,1558216800,1558220400,,Arena Independência,Belo Horizonte,Match Finished,FT,90,71,Serie A,Brazil,https://media.api-sports.io/football/leagues/71.png,https://media.api-sports.io/flags/br.svg,2019,Regular Season - 5,1062,Atletico-MG,https://media.api-sports.io/football/teams/1062.png,True,127,Flamengo,https://media.api-sports.io/football/teams/127.png,False,2,1,1,1,2,1,,,,
94519,"Daniel Nobre Bins, Brazil",UTC,2019-05-19T14:00:00+00:00,1558274400,1558274400,1558278000,,Morumbi,Sao Paulo,Match Finished,FT,90,71,Serie A,Brazil,https://media.api-sports.io/football/leagues/71.png,https://media.api-sports.io/flags/br.svg,2019,Regular Season - 5,126,Sao Paulo,https://media.api-sports.io/football/teams/126.png,,118,Bahia,https://media.api-sports.io/football/teams/118.png,,0,0,0,0,0,0,,,,
94517,"Rodrigo Carvalhaes de Miranda, Brazil",UTC,2019-05-19T19:00:00+00:00,1558292400,1558292400,1558296000,,Estádio Beira Rio,Porto Alegre,Match Finished,FT,90,71,Serie A,Brazil,https://media.api-sports.io/football/leagues/71.png,https://media.api-sports.io/flags/br.svg,2019,Regular Season - 5,119,Internacional,https://media.api-sports.io/football/teams/119.png,True,150,CSA,https://media.api-sports.io/football/teams/150.png,False,2,0,1,0,2,0,,,,
94514,"Thiago Duarte Peixoto, Brazil",UTC,2019-05-19T19:00:00+00:00,1558292400,1558292400,1558296000,,Arena Condá,Chapeco,Match Finished,FT,90,71,Serie A,Brazil,https://media.api-sports.io/football/leagues/71.png,https://media.api-sports.io/flags/br.svg,2019,Regular Season - 5,132,Chapecoense-sc,https://media.api-sports.io/football/teams/132.png,False,154,Fortaleza EC,https://media.api-sports.io/football/teams/154.png,True,1,3,1,1,1,3,,,,
94511,"Wagner do Nascimento Magalhaes, Brazil",UTC,2019-05-19T19:00:00+00:00,1558292400,1558292400,1558296000,,Arena da Baixada,Curitiba,Match Finished,FT,90,71,Serie A,Brazil,https://media.api-sports.io/football/leagues/71.png,https://media.api-sports.io/flags/br.svg,2019,Regular Season - 5,134,Atletico Paranaense,https://media.api-sports.io/football/teams/134.png,False,131,Corinthians,https://media.api-sports.io/football/teams/131.png,True,0,2,0,1,0,2,,,,
94516,"Rodolpho Toski Marques, Brazil",UTC,2019-05-19T19:00:00+00:00,1558292400,1558292400,1558296000,,Serra Dourada,Goiania,Match Finished,FT,90,71,Serie A,Brazil,https://media.api-sports.io/football/leagues/71.png,https://media.api-sports.io/flags/br.svg,2019,Regular Season - 5,151,Goias,https://media.api-sports.io/football/teams/151.png,True,120,Botafogo,https://media.api-sports.io/football/teams/120.png,False,1,0,0,0,1,0,,,,
94513,"Igor Junio Benevenuto, Brazil",UTC,2019-05-19T22:00:00+00:00,1558303200,1558303200,1558306800,,Estadio Castelão,Fortaleza,Match Finished,FT,90,71,Serie A,Brazil,https://media.api-sports.io/football/leagues/71.png,https://media.api-sports.io/flags/br.svg,2019,Regular Season - 5,129,Ceara,https://media.api-sports.io/football/teams/129.png,True,130,Gremio,https://media.api-sports.io/football/teams/130.png,False,2,1,2,1,2,1,,,,
94520,"Ricardo Marques Ribeiro, Brazil",UTC,2019-05-19T22:00:00+00:00,1558303200,1558303200,1558306800,,São Januário,Rio de Janeiro,Match Finished,FT,90,71,Serie A,Brazil,https://media.api-sports.io/football/leagues/71.png,https://media.api-sports.io/flags/br.svg,2019,Regular Season - 5,133,Vasco DA Gama,https://media.api-sports.io/football/teams/133.png,,145,Avai,https://media.api-sports.io/football/teams/145.png,,1,1,0,0,1,1,,,,
94523,"Paulo Roberto Alves Junior, Brazil",UTC,2019-05-25T19:00:00+00:00,1558810800,1558810800,1558814400,,Estadio Olimpico Nilton Santos,Rio de Janeiro,Match Finished,FT,90,71,Serie A,Brazil,https://media.api-sports.io/football/leagues/71.png,https://media.api-sports.io/flags/br.svg,2019,Regular Season - 6,120,Botafogo,https://media.api-sports.io/football/teams/120.png,False,121,Palmeiras,https://media.api-sports.io/football/teams/121.png,True,0,1,0,0,0,1,,,,
94529,"Rafael Traci, Brazil",UTC,2019-05-25T22:00:00+00:00,1558821600,1558821600,1558825200,,Arena do Grêmio,Porto Alegre,Match Finished,FT,90,71,Serie A,Brazil,https://media.api-sports.io/football/leagues/71.png,https://media.api-sports.io/flags/br.svg,2019,Regular Season - 6,130,Gremio,https://media.api-sports.io/football/teams/130.png,True,1062,Atletico-MG,https://media.api-sports.io/football/teams/1062.png,False,1,0,0,0,1,0,,,,
94527,"Daniel Nobre Bins, Brazil",UTC,2019-05-26T19:00:00+00:00,1558897200,1558897200,1558900800,,Estádio do Maracanã,Rio de Janeiro,Match Finished,FT,90,71,Serie A,Brazil,https://media.api-sports.io/football/leagues/71.png,https://media.api-sports.io/flags/br.svg,2019,Regular Season - 6,127,Flamengo,https://media.api-sports.io/football/teams/127.png,True,134,Atletico Paranaense,https://media.api-sports.io/football/teams/134.png,False,3,2,1,0,3,2,,,,
94530,"Rodolpho Toski Marques, Brazil",UTC,2019-05-26T19:00:00+00:00,1558897200,1558897200,1558900800,,Urbano Caldeira,Santos,Match Finished,FT,90,71,Serie A,Brazil,https://media.api-sports.io/football/leagues/71.png,https://media.api-sports.io/flags/br.svg,2019,Regular Season - 6,128,Santos,https://media.api-sports.io/football/teams/128.png,,119,Internacional,https://media.api-sports.io/football/teams/119.png,,0,0,0,0,0,0,,,,
94522,"Igor Junio Benevenuto, Brazil",UTC,2019-05-26T22:00:00+00:00,1558908000,1558908000,1558911600,,Arena Fonte Nova,Salvador,Match Finished,FT,90,71,Serie A,Brazil,https://media.api-sports.io/football/leagues/71.png,https://media.api-sports.io/flags/br.svg,2019,Regular Season - 6,118,Bahia,https://media.api-sports.io/football/teams/118.png,True,124,Fluminense,https://media.api-sports.io/football/teams/124.png,False,3,2,2,1,3,2,,,,
94524,"Flavio Rodrigues De Souza, Brazil",UTC,2019-05-26T22:00:00+00:00,1558908000,1558908000,1558911600,,Arena Corinthians,Sao Paulo,Match Finished,FT,90,71,Serie A,Brazil,https://media.api-sports.io/football/leagues/71.png,https://media.api-sports.io/flags/br.svg,2019,Regular Season - 6,131,Corinthians,https://media.api-sports.io/football/teams/131.png,True,126,Sao Paulo,https://media.api-sports.io/football/teams/126.png,False,1,0,1,0,1,0,,,,
94525,"Dewson Fernando Freitas da Silva, Brazil",UTC,2019-05-26T22:00:00+00:00,1558908000,1558908000,1558911600,,Estádio Mineirão,Belo Horizonte,Match Finished,FT,90,71,Serie A,Brazil,https://media.api-sports.io/football/leagues/71.png,https://media.api-sports.io/flags/br.svg,2019,Regular Season - 6,135,Cruzeiro,https://media.api-sports.io/football/teams/135.png,False,132,Chapecoense-sc,https://media.api-sports.io/football/teams/132.png,True,1,2,0,0,1,2,,,,
94528,"Anderson Daronco, Brazil",UTC,2019-05-26T22:00:00+00:00,1558908000,1558908000,1558911600,,Estadio Castelão,Fortaleza,Match Finished,FT,90,71,Serie A,Brazil,https://media.api-sports.io/football/leagues/71.png,https://media.api-sports.io/flags/br.svg,2019,Regular Season - 6,154,Fortaleza EC,https://media.api-sports.io/football/teams/154.png,,133,Vasco DA Gama,https://media.api-sports.io/football/teams/133.png,,1,1,0,0,1,1,,,,
94521,"Rodrigo Carvalhaes de Miranda, Brazil",UTC,2019-05-27T23:00:00+00:00,1558998000,1558998000,1559001600,,Estádio da Ressacada,Florianopolis,Match Finished,FT,90,71,Serie A,Brazil,https://media.api-sports.io/football/leagues/71.png,https://media.api-sports.io/flags/br.svg,2019,Regular Season - 6,145,Avai,https://media.api-sports.io/football/teams/145.png,False,129,Ceara,https://media.api-sports.io/football/teams/129.png,True,1,2,1,0,1,2,,,,
94526,"Edina Alves Batista, Brazil",UTC,2019-05-27T23:00:00+00:00,1558998000,1558998000,1559001600,,Estádio Rei Pelé,Maceio,Match Finished,FT,90,71,Serie A,Brazil,https://media.api-sports.io/football/leagues/71.png,https://media.api-sports.io/flags/br.svg,2019,Regular Season - 6,150,CSA,https://media.api-sports.io/football/teams/150.png,True,151,Goias,https://media.api-sports.io/football/teams/151.png,False,1,0,0,0,1,0,,,,
94538,"Rodrigo D'alonso Ferreira, Brazil",UTC,2019-06-01T19:00:00+00:00,1559415600,1559415600,1559419200,,Estádio do Maracanã,Rio de Janeiro,Match Finished,FT,90,71,Serie A,Brazil,https://media.api-sports.io/football/leagues/71.png,https://media.api-sports.io/flags/br.svg,2019,Regular Season - 7,127,Flamengo,https://media.api-sports.io/football/teams/127.png,True,154,Fortaleza EC,https://media.api-sports.io/football/teams/154.png,False,2,0,1,0,2,0,,,,
94533,"Dewson Fernando Freitas da Silva, Brazil",UTC,2019-06-01T22:00:00+00:00,1559426400,1559426400,1559430000,,Arena Fonte Nova,Salvador,Match Finished,FT,90,71,Serie A,Brazil,https://media.api-sports.io/football/leagues/71.png,https://media.api-sports.io/flags/br.svg,2019,Regular Season - 7,118,Bahia,https://media.api-sports.io/football/teams/118.png,True,130,Gremio,https://media.api-sports.io/football/teams/130.png,False,1,0,0,0,1,0,,,,
94534,"Vinicius Goncalves Dias Araujo, Brazil",UTC,2019-06-02T14:00:00+00:00,1559484000,1559484000,1559487600,,Estadio Olimpico Nilton Santos,Rio de Janeiro,Match Finished,FT,90,71,Serie A,Brazil,https://media.api-sports.io/football/leagues/71.png,https://media.api-sports.io/flags/br.svg,2019,Regular Season - 7,120,Botafogo,https://media.api-sports.io/football/teams/120.png,True,133,Vasco DA Gama,https://media.api-sports.io/football/teams/133.png,False,1,0,0,0,1,0,,,,
94540,"Braulio Da Silva Machado, Brazil",UTC,2019-06-02T19:00:00+00:00,1559502000,1559502000,1559505600,,Morumbi,Sao Paulo,Match Finished,FT,90,71,Serie A,Brazil,https://media.api-sports.io/football/leagues/71.png,https://media.api-sports.io/flags/br.svg,2019,Regular Season - 7,126,Sao Paulo,https://media.api-sports.io/football/teams/126.png,,135,Cruzeiro,https://media.api-sports.io/football/teams/135.png,,1,1,1,0,1,1,,,,
94535,"Ricardo Marques Ribeiro, Brazil",UTC,2019-06-02T19:00:00+00:00,1559502000,1559502000,1559505600,,Estadio Castelão,Fortaleza,Match Finished,FT,90,71,Serie A,Brazil,https://media.api-sports.io/football/leagues/71.png,https://media.api-sports.io/flags/br.svg,2019,Regular Season - 7,129,Ceara,https://media.api-sports.io/football/teams/129.png,False,128,Santos,https://media.api-sports.io/football/teams/128.png,True,0,1,0,0,0,1,,,,
94531,"Reway Wagner, Brazil",UTC,2019-06-02T19:00:00+00:00,1559502000,1559502000,1559505600,,Arena da Baixada,Curitiba,Match Finished,FT,90,71,Serie A,Brazil,https://media.api-sports.io/football/leagues/71.png,https://media.api-sports.io/flags/br.svg,2019,Regular Season - 7,134,Atletico Paranaense,https://media.api-sports.io/football/teams/134.png,True,124,Fluminense,https://media.api-sports.io/football/teams/124.png,False,3,0,2,0,3,0,,,,
94539,"Rodrigo Nunes De Sa, Brazil",UTC,2019-06-02T22:00:00+00:00,1559512800,1559512800,1559516400,,Estádio Beira Rio,Porto Alegre,Match Finished,FT,90,71,Serie A,Brazil,https://media.api-sports.io/football/leagues/71.png,https://media.api-sports.io/flags/br.svg,2019,Regular Season - 7,119,Internacional,https://media.api-sports.io/football/teams/119.png,True,145,Avai,https://media.api-sports.io/football/teams/145.png,False,2,0,0,0,2,0,,,,
94536,"Rodolpho Toski Marques, Brazil",UTC,2019-06-02T22:00:00+00:00,1559512800,1559512800,1559516400,,Arena Condá,Chapeco,Match Finished,FT,90,71,Serie A,Brazil,https://media.api-sports.io/football/leagues/71.png,https://media.api-sports.io/flags/br.svg,2019,Regular Season - 7,132,Chapecoense-sc,https://media.api-sports.io/football/teams/132.png,False,121,Palmeiras,https://media.api-sports.io/football/teams/121.png,True,1,2,1,2,1,2,,,,
94532,"Diego Pombo Lopez, Brazil",UTC,2019-06-02T22:00:00+00:00,1559512800,1559512800,1559516400,,Arena Independência,Belo Horizonte,Match Finished,FT,90,71,Serie A,Brazil,https://media.api-sports.io/football/leagues/71.png,https://media.api-sports.io/flags/br.svg,2019,Regular Season - 7,1062,Atletico-MG,https://media.api-sports.io/football/teams/1062.png,True,150,CSA,https://media.api-sports.io/football/teams/150.png,False,4,0,2,0,4,0,,,,
94550,"Heber Roberto Lopes, Brazil",UTC,2019-06-07T23:30:00+00:00,1559950200,1559950200,1559953800,,São Januário,Rio de Janeiro,Match Finished,FT,90,71,Serie A,Brazil,https://media.api-sports.io/football/leagues/71.png,https://media.api-sports.io/flags/br.svg,2019,Regular Season - 8,133,Vasco DA Gama,https://media.api-sports.io/football/teams/133.png,True,119,Internacional,https://media.api-sports.io/football/teams/119.png,False,2,1,2,0,2,1,,,,
94548,"Rodrigo D'alonso Ferreira, Brazil",UTC,2019-06-08T19:30:00+00:00,1560022200,1560022200,1560025800,,Allianz Parque,Sao Paulo,Match Finished,FT,90,71,Serie A,Brazil,https://media.api-sports.io/football/leagues/71.png,https://media.api-sports.io/flags/br.svg,2019,Regular Season - 8,121,Palmeiras,https://media.api-sports.io/football/teams/121.png,True,134,Atletico Paranaense,https://media.api-sports.io/football/teams/134.png,False,1,0,0,0,1,0,,,,
94547,"Savio Pereira Sampaio, Brazil",UTC,2019-06-08T22:00:00+00:00,1560031200,1560031200,1560034800,,Arena do Grêmio,Porto Alegre,Match Finished,FT,90,71,Serie A,Brazil,https://media.api-sports.io/football/leagues/71.png,https://media.api-sports.io/flags/br.svg,2019,Regular Season - 8,130,Gremio,https://media.api-sports.io/football/teams/130.png,True,154,Fortaleza EC,https://media.api-sports.io/football/teams/154.png,False,1,0,0,0,1,0,,,,
94543,"Marcelo De Lima Henrique, Brazil",UTC,2019-06-08T22:00:00+00:00,1560031200,1560031200,1560034800,,Estádio Mineirão,Belo Horizonte,Match Finished,FT,90,71,Serie A,Brazil,https://media.api-sports.io/football/leagues/71.png,https://media.api-sports.io/flags/br.svg,2019,Regular Season - 8,135,Cruzeiro,https://media.api-sports.io/football/teams/135.png,,131,Corinthians,https://media.api-sports.io/football/teams/131.png,,0,0,0,0,0,0,,,,
94542,"Thiago Duarte Peixoto, Brazil",UTC,2019-06-08T22:30:00+00:00,1560033000,1560033000,1560036600,,Estadio Castelão,Fortaleza,Match Finished,FT,90,71,Serie A,Brazil,https://media.api-sports.io/football/leagues/71.png,https://media.api-sports.io/flags/br.svg,2019,Regular Season - 8,129,Ceara,https://media.api-sports.io/football/teams/129.png,,118,Bahia,https://media.api-sports.io/football/teams/118.png,,0,0,0,0,0,0,,,,
94541,"Caio Max Augusto Vieira, Brazil",UTC,2019-06-09T00:00:00+00:00,1560038400,1560038400,1560042000,,Estádio da Ressacada,Florianopolis,Match Finished,FT,90,71,Serie A,Brazil,https://media.api-sports.io/football/leagues/71.png,https://media.api-sports.io/flags/br.svg,2019,Regular Season - 8,145,Avai,https://media.api-sports.io/football/teams/145.png,,126,Sao Paulo,https://media.api-sports.io/football/teams/126.png,,0,0,0,0,0,0,,,,
94545,"Wagner do Nascimento Magalhaes, Brazil",UTC,2019-06-09T22:00:00+00:00,1560117600,1560117600,1560121200,,Estádio do Maracanã,Rio de Janeiro,Match Finished,FT,90,71,Serie A,Brazil,https://media.api-sports.io/football/leagues/71.png,https://media.api-sports.io/flags/br.svg,2019,Regular Season - 8,124,Fluminense,https://media.api-sports.io/football/teams/124.png,,127,Flamengo,https://media.api-sports.io/football/teams/127.png,,0,0,0,0,0,0,,,,
94549,"Dewson Fernando Freitas da Silva, Brazil",UTC,2019-06-09T22:00:00+00:00,1560117600,1560117600,1560121200,,Urbano Caldeira,Santos,Match Finished,FT,90,71,Serie A,Brazil,https://media.api-sports.io/football/leagues/71.png,https://media.api-sports.io/flags/br.svg,2019,Regular Season - 8,128,Santos,https://media.api-sports.io/football/teams/128.png,True,1062,Atletico-MG,https://media.api-sports.io/football/teams/1062.png,False,3,1,2,0,3,1,,,,
94544,"Jean Pierre Goncalves Lima, Brazil",UTC,2019-06-09T22:00:00+00:00,1560117600,1560117600,1560121200,,Estádio Rei Pelé,Maceio,Match Finished,FT,90,71,Serie A,Brazil,https://media.api-sports.io/football/leagues/71.png,https://media.api-sports.io/flags/br.svg,2019,Regular Season - 8,150,CSA,https://media.api-sports.io/football/teams/150.png,False,120,Botafogo,https://media.api-sports.io/football/teams/120.png,True,1,2,0,0,1,2,,,,
94546,"Igor Junio Benevenuto, Brazil",UTC,2019-06-10T23:00:00+00:00,1560207600,1560207600,1560211200,,Serra Dourada,Goiania,Match Finished,FT,90,71,Serie A,Brazil,https://media.api-sports.io/football/leagues/71.png,https://media.api-sports.io/flags/br.svg,2019,Regular Season - 8,151,Goias,https://media.api-sports.io/football/teams/151.png,True,132,Chapecoense-sc,https://media.api-sports.io/football/teams/132.png,False,3,1,1,1,3,1,,,,
94552,"Marcelo Aparecido Ribeiro de Souza, Brazil",UTC,2019-06-12T22:15:00+00:00,1560377700,1560377700,1560381300,,Estadio Olimpico Nilton Santos,Rio de Janeiro,Match Finished,FT,90,71,Serie A,Brazil,https://media.api-sports.io/football/leagues/71.png,https://media.api-sports.io/flags/br.svg,2019,Regular Season - 9,120,Botafogo,https://media.api-sports.io/football/teams/120.png,False,130,Gremio,https://media.api-sports.io/football/teams/130.png,True,0,1,0,0,0,1,,,,
94555,Heber Lopes,UTC,2019-06-13T00:00:00+00:00,1560384000,1560384000,1560387600,,"Estádio Governador Plácido Aderaldo Castelo (Fortaleza, Ceará)",,Match Finished,FT,90,71,Serie A,Brazil,https://media.api-sports.io/football/leagues/71.png,https://media.api-sports.io/flags/br.svg,2019,Regular Season - 9,154,Fortaleza EC,https://media.api-sports.io/football/teams/154.png,True,135,Cruzeiro,https://media.api-sports.io/football/teams/135.png,False,2,1,2,1,2,1,,,,
94557,Paulo Roberto Alves Júnior,UTC,2019-06-13T00:30:00+00:00,1560385800,1560385800,1560389400,,"Estádio José Pinheiro Borda (Porto Alegre, Rio Grande do Sul)",,Match Finished,FT,90,71,Serie A,Brazil,https://media.api-sports.io/football/leagues/71.png,https://media.api-sports.io/flags/br.svg,2019,Regular Season - 9,119,Internacional,https://media.api-sports.io/football/teams/119.png,True,118,Bahia,https://media.api-sports.io/football/teams/118.png,False,3,1,1,0,3,1,,,,
94559,Wagner do Nascimento Magalhaes,UTC,2019-06-13T00:30:00+00:00,1560385800,1560385800,1560389400,,"Estádio Urbano Caldeira (Santos, São Paulo)",,Match Finished,FT,90,71,Serie A,Brazil,https://media.api-sports.io/football/leagues/71.png,https://media.api-sports.io/flags/br.svg,2019,Regular Season - 9,128,Santos,https://media.api-sports.io/football/teams/128.png,True,131,Corinthians,https://media.api-sports.io/football/teams/131.png,False,1,0,0,0,1,0,,,,
94554,Douglas Marques das Flores,UTC,2019-06-13T00:30:00+00:00,1560385800,1560385800,1560389400,,"Estádio Nacional de Brasília (Brasília, Distrito Federal)",,Match Finished,FT,90,71,Serie A,Brazil,https://media.api-sports.io/football/leagues/71.png,https://media.api-sports.io/flags/br.svg,2019,Regular Season - 9,150,CSA,https://media.api-sports.io/football/teams/150.png,False,127,Flamengo,https://media.api-sports.io/football/teams/127.png,True,0,2,0,0,0,2,,,,
94560,"Flavio Rodrigues De Souza, Brazil",UTC,2019-06-13T22:15:00+00:00,1560464100,1560464100,1560467700,,São Januário,Rio de Janeiro,Match Finished,FT,90,71,Serie A,Brazil,https://media.api-sports.io/football/leagues/71.png,https://media.api-sports.io/flags/br.svg,2019,Regular Season - 9,133,Vasco DA Gama,https://media.api-sports.io/football/teams/133.png,True,129,Ceara,https://media.api-sports.io/football/teams/129.png,False,1,0,0,0,1,0,,,,
94558,"Marcelo De Lima Henrique, Brazil",UTC,2019-06-13T23:00:00+00:00,1560466800,1560466800,1560470400,,Allianz Parque,Sao Paulo,Match Finished,FT,90,71,Serie A,Brazil,https://media.api-sports.io/football/leagues/71.png,https://media.api-sports.io/flags/br.svg,2019,Regular Season - 9,121,Palmeiras,https://media.api-sports.io/football/teams/121.png,True,145,Avai,https://media.api-sports.io/football/teams/145.png,False,2,0,1,0,2,0,,,,
94553,"Ricardo Marques Ribeiro, Brazil",UTC,2019-06-13T23:00:00+00:00,1560466800,1560466800,1560470400,,Arena Condá,Chapeco,Match Finished,FT,90,71,Serie A,Brazil,https://media.api-sports.io/football/leagues/71.png,https://media.api-sports.io/flags/br.svg,2019,Regular Season - 9,132,Chapecoense-sc,https://media.api-sports.io/football/teams/132.png,,124,Fluminense,https://media.api-sports.io/football/teams/124.png,,1,1,1,0,1,1,,,,
94556,"Rodrigo Carvalhaes de Miranda, Brazil",UTC,2019-06-13T23:00:00+00:00,1560466800,1560466800,1560470400,,Serra Dourada,Goiania,Match Finished,FT,90,71,Serie A,Brazil,https://media.api-sports.io/football/leagues/71.png,https://media.api-sports.io/flags/br.svg,2019,Regular Season - 9,151,Goias,https://media.api-sports.io/football/teams/151.png,True,134,Atletico Paranaense,https://media.api-sports.io/football/teams/134.png,False,2,1,2,0,2,1,,,,
94551,"Leandro Pedro Vuaden, Brazil",UTC,2019-06-13T23:00:00+00:00,1560466800,1560466800,1560470400,,Arena Independência,Belo Horizonte,Match Finished,FT,90,71,Serie A,Brazil,https://media.api-sports.io/football/leagues/71.png,https://media.api-sports.io/flags/br.svg,2019,Regular Season - 9,1062,Atletico-MG,https://media.api-sports.io/football/teams/1062.png,,126,Sao Paulo,https://media.api-sports.io/football/teams/126.png,,1,1,1,0,1,1,,,,
94569,"Rodolpho Toski Marques, Brazil",UTC,2019-07-13T20:00:00+00:00,1563048000,1563048000,1563051600,,Arena do Grêmio,Porto Alegre,Match Finished,FT,90,71,Serie A,Brazil,https://media.api-sports.io/football/leagues/71.png,https://media.api-sports.io/flags/br.svg,2019,Regular Season - 10,130,Gremio,https://media.api-sports.io/football/teams/130.png,True,133,Vasco DA Gama,https://media.api-sports.io/football/teams/133.png,False,2,1,0,1,2,1,,,,
94568,"Thiago Duarte Peixoto, Brazil",UTC,2019-07-13T20:00:00+00:00,1563048000,1563048000,1563051600,,Estadio Castelão,Fortaleza,Match Finished,FT,90,71,Serie A,Brazil,https://media.api-sports.io/football/leagues/71.png,https://media.api-sports.io/flags/br.svg,2019,Regular Season - 10,154,Fortaleza EC,https://media.api-sports.io/football/teams/154.png,True,145,Avai,https://media.api-sports.io/football/teams/145.png,False,2,0,1,0,2,0,,,,
94562,"Jean Pierre Goncalves Lima, Brazil",UTC,2019-07-13T22:00:00+00:00,1563055200,1563055200,1563058800,,Arena Fonte Nova,Salvador,Match Finished,FT,90,71,Serie A,Brazil,https://media.api-sports.io/football/leagues/71.png,https://media.api-sports.io/flags/br.svg,2019,Regular Season - 10,118,Bahia,https://media.api-sports.io/football/teams/118.png,False,128,Santos,https://media.api-sports.io/football/teams/128.png,True,0,1,0,0,0,1,,,,
94570,"Bruno Arleu de Araujo, Brazil",UTC,2019-07-13T22:00:00+00:00,1563055200,1563055200,1563058800,,Morumbi,Sao Paulo,Match Finished,FT,90,71,Serie A,Brazil,https://media.api-sports.io/football/leagues/71.png,https://media.api-sports.io/flags/br.svg,2019,Regular Season - 10,126,Sao Paulo,https://media.api-sports.io/football/teams/126.png,,121,Palmeiras,https://media.api-sports.io/football/teams/121.png,,1,1,1,0,1,1,,,,
94566,"Caio Max Augusto Vieira, Brazil",UTC,2019-07-14T14:00:00+00:00,1563112800,1563112800,1563116400,,Estádio do Maracanã,Rio de Janeiro,Match Finished,FT,90,71,Serie A,Brazil,https://media.api-sports.io/football/leagues/71.png,https://media.api-sports.io/flags/br.svg,2019,Regular Season - 10,127,Flamengo,https://media.api-sports.io/football/teams/127.png,True,151,Goias,https://media.api-sports.io/football/teams/151.png,False,6,1,4,1,6,1,,,,
94564,"Reway Wagner, Brazil",UTC,2019-07-14T19:00:00+00:00,1563130800,1563130800,1563134400,,Arena Corinthians,Sao Paulo,Match Finished,FT,90,71,Serie A,Brazil,https://media.api-sports.io/football/leagues/71.png,https://media.api-sports.io/flags/br.svg,2019,Regular Season - 10,131,Corinthians,https://media.api-sports.io/football/teams/131.png,True,150,CSA,https://media.api-sports.io/football/teams/150.png,False,1,0,0,0,1,0,,,,
94561,"Braulio Da Silva Machado, Brazil",UTC,2019-07-14T19:00:00+00:00,1563130800,1563130800,1563134400,,Arena da Baixada,Curitiba,Match Finished,FT,90,71,Serie A,Brazil,https://media.api-sports.io/football/leagues/71.png,https://media.api-sports.io/flags/br.svg,2019,Regular Season - 10,134,Atletico Paranaense,https://media.api-sports.io/football/teams/134.png,True,119,Internacional,https://media.api-sports.io/football/teams/119.png,False,1,0,0,0,1,0,,,,
94565,"Leandro Pedro Vuaden, Brazil",UTC,2019-07-14T19:00:00+00:00,1563130800,1563130800,1563134400,,Estádio Mineirão,Belo Horizonte,Match Finished,FT,90,71,Serie A,Brazil,https://media.api-sports.io/football/leagues/71.png,https://media.api-sports.io/flags/br.svg,2019,Regular Season - 10,135,Cruzeiro,https://media.api-sports.io/football/teams/135.png,,120,Botafogo,https://media.api-sports.io/football/teams/120.png,,0,0,0,0,0,0,,,,
94563,"Marcelo Aparecido Ribeiro de Souza, Brazil",UTC,2019-07-14T22:00:00+00:00,1563141600,1563141600,1563145200,,Arena Condá,Chapeco,Match Finished,FT,90,71,Serie A,Brazil,https://media.api-sports.io/football/leagues/71.png,https://media.api-sports.io/flags/br.svg,2019,Regular Season - 10,132,Chapecoense-sc,https://media.api-sports.io/football/teams/132.png,False,1062,Atletico-MG,https://media.api-sports.io/football/teams/1062.png,True,1,2,1,0,1,2,,,,
94567,"Douglas Marques das Flores, Brazil",UTC,2019-07-15T23:00:00+00:00,1563231600,1563231600,1563235200,,Estádio do Maracanã,Rio de Janeiro,Match Finished,FT,90,71,Serie A,Brazil,https://media.api-sports.io/football/leagues/71.png,https://media.api-sports.io/flags/br.svg,2019,Regular Season - 10,124,Fluminense,https://media.api-sports.io/football/teams/124.png,,129,Ceara,https://media.api-sports.io/football/teams/129.png,,1,1,1,1,1,1,,,,
94580,"Bruno Arleu de Araujo, Brazil",UTC,2019-07-20T14:00:00+00:00,1563631200,1563631200,1563634800,,São Januário,Rio de Janeiro,Match Finished,FT,90,71,Serie A,Brazil,https://media.api-sports.io/football/leagues/71.png,https://media.api-sports.io/flags/br.svg,2019,Regular Season - 11,133,Vasco DA Gama,https://media.api-sports.io/football/teams/133.png,True,124,Fluminense,https://media.api-sports.io/football/teams/124.png,False,2,1,0,1,2,1,,,,
94573,"Luiz Flavio De Oliveira, Brazil",UTC,2019-07-20T20:00:00+00:00,1563652800,1563652800,1563656400,,Arena Fonte Nova,Salvador,Match Finished,FT,90,71,Serie A,Brazil,https://media.api-sports.io/football/leagues/71.png,https://media.api-sports.io/flags/br.svg,2019,Regular Season - 11,118,Bahia,https://media.api-sports.io/football/teams/118.png,,135,Cruzeiro,https://media.api-sports.io/football/teams/135.png,,0,0,0,0,0,0,,,,
94578,"Anderson Daronco, Brazil",UTC,2019-07-20T22:00:00+00:00,1563660000,1563660000,1563663600,,Estádio Beira Rio,Porto Alegre,Match Finished,FT,90,71,Serie A,Brazil,https://media.api-sports.io/football/leagues/71.png,https://media.api-sports.io/flags/br.svg,2019,Regular Season - 11,119,Internacional,https://media.api-sports.io/football/teams/119.png,,130,Gremio,https://media.api-sports.io/football/teams/130.png,,1,1,1,0,1,1,,,,
94575,"Rodrigo D'alonso Ferreira, Brazil",UTC,2019-07-20T22:00:00+00:00,1563660000,1563660000,1563663600,,Estadio Castelão,Fortaleza,Match Finished,FT,90,71,Serie A,Brazil,https://media.api-sports.io/football/leagues/71.png,https://media.api-sports.io/flags/br.svg,2019,Regular Season - 11,129,Ceara,https://media.api-sports.io/football/teams/129.png,True,121,Palmeiras,https://media.api-sports.io/football/teams/121.png,False,2,0,1,0,2,0,,,,
94577,"Ricardo Marques Ribeiro, Brazil",UTC,2019-07-20T22:00:00+00:00,1563660000,1563660000,1563663600,,Estádio Rei Pelé,Maceio,Match Finished,FT,90,71,Serie A,Brazil,https://media.api-sports.io/football/leagues/71.png,https://media.api-sports.io/flags/br.svg,2019,Regular Season - 11,150,CSA,https://media.api-sports.io/football/teams/150.png,False,134,Atletico Paranaense,https://media.api-sports.io/football/teams/134.png,True,0,4,0,1,0,4,,,,
94574,"Heber Roberto Lopes, Brazil",UTC,2019-07-21T14:00:00+00:00,1563717600,1563717600,1563721200,,Estadio Olimpico Nilton Santos,Rio de Janeiro,Match Finished,FT,90,71,Serie A,Brazil,https://media.api-sports.io/football/leagues/71.png,https://media.api-sports.io/flags/br.svg,2019,Regular Season - 11,120,Botafogo,https://media.api-sports.io/football/teams/120.png,False,128,Santos,https://media.api-sports.io/football/teams/128.png,True,0,1,0,0,0,1,,,,
94576,"Leandro Pedro Vuaden, Brazil",UTC,2019-07-21T19:00:00+00:00,1563735600,1563735600,1563739200,,Arena Corinthians,Sao Paulo,Match Finished,FT,90,71,Serie A,Brazil,https://media.api-sports.io/football/leagues/71.png,https://media.api-sports.io/flags/br.svg,2019,Regular Season - 11,131,Corinthians,https://media.api-sports.io/football/teams/131.png,,127,Flamengo,https://media.api-sports.io/football/teams/127.png,,1,1,0,0,1,1,,,,
94571,"Edina Alves Batista, Brazil",UTC,2019-07-21T19:00:00+00:00,1563735600,1563735600,1563739200,,Arena Independência,Belo Horizonte,Match Finished,FT,90,71,Serie A,Brazil,https://media.api-sports.io/football/leagues/71.png,https://media.api-sports.io/flags/br.svg,2019,Regular Season - 11,1062,Atletico-MG,https://media.api-sports.io/football/teams/1062.png,,154,Fortaleza EC,https://media.api-sports.io/football/teams/154.png,,2,2,2,0,2,2,,,,
94572,"Rodolpho Toski Marques, Brazil",UTC,2019-07-21T22:00:00+00:00,1563746400,1563746400,1563750000,,Estádio da Ressacada,Florianopolis,Match Finished,FT,90,71,Serie A,Brazil,https://media.api-sports.io/football/leagues/71.png,https://media.api-sports.io/flags/br.svg,2019,Regular Season - 11,145,Avai,https://media.api-sports.io/football/teams/145.png,,151,Goias,https://media.api-sports.io/football/teams/151.png,,0,0,0,0,0,0,,,,
94579,"Savio Pereira Sampaio, Brazil",UTC,2019-07-22T23:00:00+00:00,1563836400,1563836400,1563840000,,Morumbi,Sao Paulo,Match Finished,FT,90,71,Serie A,Brazil,https://media.api-sports.io/football/leagues/71.png,https://media.api-sports.io/flags/br.svg,2019,Regular Season - 11,126,Sao Paulo,https://media.api-sports.io/football/teams/126.png,True,132,Chapecoense-sc,https://media.api-sports.io/football/teams/132.png,False,4,0,0,0,4,0,,,,
94589,"Ricardo Marques Ribeiro, Brazil",UTC,2019-07-27T20:00:00+00:00,1564257600,1564257600,1564261200,,Allianz Parque,Sao Paulo,Match Finished,FT,90,71,Serie A,Brazil,https://media.api-sports.io/football/leagues/71.png,https://media.api-sports.io/flags/br.svg,2019,Regular Season - 12,121,Palmeiras,https://media.api-sports.io/football/teams/121.png,,133,Vasco DA Gama,https://media.api-sports.io/football/teams/133.png,,1,1,1,1,1,1,,,,
94588,"Marcelo De Lima Henrique, Brazil",UTC,2019-07-27T22:00:00+00:00,1564264800,1564264800,1564268400,,Estádio Beira Rio,Porto Alegre,Match Finished,FT,90,71,Serie A,Brazil,https://media.api-sports.io/football/leagues/71.png,https://media.api-sports.io/flags/br.svg,2019,Regular Season - 12,119,Internacional,https://media.api-sports.io/football/teams/119.png,True,129,Ceara,https://media.api-sports.io/football/teams/129.png,False,1,0,1,0,1,0,,,,
94585,"Anderson Daronco, Brazil",UTC,2019-07-27T22:00:00+00:00,1564264800,1564264800,1564268400,,Estádio do Maracanã,Rio de Janeiro,Match Finished,FT,90,71,Serie A,Brazil,https://media.api-sports.io/football/leagues/71.png,https://media.api-sports.io/flags/br.svg,2019,Regular Season - 12,124,Fluminense,https://media.api-sports.io/football/teams/124.png,False,126,Sao Paulo,https://media.api-sports.io/football/teams/126.png,True,1,2,1,1,1,2,,,,
94582,"Rodrigo Carvalhaes de Miranda, Brazil",UTC,2019-07-27T22:00:00+00:00,1564264800,1564264800,1564268400,,Estádio Mineirão,Belo Horizonte,Match Finished,FT,90,71,Serie A,Brazil,https://media.api-sports.io/football/leagues/71.png,https://media.api-sports.io/flags/br.svg,2019,Regular Season - 12,135,Cruzeiro,https://media.api-sports.io/football/teams/135.png,False,134,Atletico Paranaense,https://media.api-sports.io/football/teams/134.png,True,0,2,0,1,0,2,,,,
94581,"Dewson Fernando Freitas da Silva, Brazil",UTC,2019-07-28T14:00:00+00:00,1564322400,1564322400,1564326000,,Arena Condá,Chapeco,Match Finished,FT,90,71,Serie A,Brazil,https://media.api-sports.io/football/leagues/71.png,https://media.api-sports.io/flags/br.svg,2019,Regular Season - 12,132,Chapecoense-sc,https://media.api-sports.io/football/teams/132.png,,118,Bahia,https://media.api-sports.io/football/teams/118.png,,0,0,0,0,0,0,,,,
94584,"Raphael Claus, Brazil",UTC,2019-07-28T19:00:00+00:00,1564340400,1564340400,1564344000,,Estádio do Maracanã,Rio de Janeiro,Match Finished,FT,90,71,Serie A,Brazil,https://media.api-sports.io/football/leagues/71.png,https://media.api-sports.io/flags/br.svg,2019,Regular Season - 12,127,Flamengo,https://media.api-sports.io/football/teams/127.png,True,120,Botafogo,https://media.api-sports.io/football/teams/120.png,False,3,2,1,1,3,2,,,,
94590,"Reway Wagner, Brazil",UTC,2019-07-28T19:00:00+00:00,1564340400,1564340400,1564344000,,Urbano Caldeira,Santos,Match Finished,FT,90,71,Serie A,Brazil,https://media.api-sports.io/football/leagues/71.png,https://media.api-sports.io/flags/br.svg,2019,Regular Season - 12,128,Santos,https://media.api-sports.io/football/teams/128.png,True,145,Avai,https://media.api-sports.io/football/teams/145.png,False,3,1,2,1,3,1,,,,
94587,"Luiz Flavio De Oliveira, Brazil",UTC,2019-07-28T22:00:00+00:00,1564351200,1564351200,1564354800,,Serra Dourada,Goiania,Match Finished,FT,90,71,Serie A,Brazil,https://media.api-sports.io/football/leagues/71.png,https://media.api-sports.io/flags/br.svg,2019,Regular Season - 12,151,Goias,https://media.api-sports.io/football/teams/151.png,,1062,Atletico-MG,https://media.api-sports.io/football/teams/1062.png,,0,0,0,0,0,0,,,,
94586,"Wilton Pereira Sampaio, Brazil",UTC,2019-07-28T22:00:00+00:00,1564351200,1564351200,1564354800,,Estadio Castelão,Fortaleza,Match Finished,FT,90,71,Serie A,Brazil,https://media.api-sports.io/football/leagues/71.png,https://media.api-sports.io/flags/br.svg,2019,Regular Season - 12,154,Fortaleza EC,https://media.api-sports.io/football/teams/154.png,False,131,Corinthians,https://media.api-sports.io/football/teams/131.png,True,1,3,1,0,1,3,,,,
94583,"Caio Max Augusto Vieira, Brazil",UTC,2019-07-29T23:00:00+00:00,1564441200,1564441200,1564444800,,Estádio Rei Pelé,Maceio,Match Finished,FT,90,71,Serie A,Brazil,https://media.api-sports.io/football/leagues/71.png,https://media.api-sports.io/flags/br.svg,2019,Regular Season - 12,150,CSA,https://media.api-sports.io/football/teams/150.png,,130,Gremio,https://media.api-sports.io/football/teams/130.png,,0,0,0,0,0,0,,,,
94597,"Rodolpho Toski Marques, Brazil",UTC,2019-08-03T22:00:00+00:00,1564869600,1564869600,1564873200,,Estádio do Maracanã,Rio de Janeiro,Match Finished,FT,90,71,Serie A,Brazil,https://media.api-sports.io/football/leagues/71.png,https://media.api-sports.io/flags/br.svg,2019,Regular Season - 13,124,Fluminense,https://media.api-sports.io/football/teams/124.png,True,119,Internacional,https://media.api-sports.io/football/teams/119.png,False,2,1,0,0,2,1,,,,
94595,"Heber Roberto Lopes, Brazil",UTC,2019-08-03T22:00:00+00:00,1564869600,1564869600,1564873200,,Estadio Castelão,Fortaleza,Match Finished,FT,90,71,Serie A,Brazil,https://media.api-sports.io/football/leagues/71.png,https://media.api-sports.io/flags/br.svg,2019,Regular Season - 13,129,Ceara,https://media.api-sports.io/football/teams/129.png,True,154,Fortaleza EC,https://media.api-sports.io/football/teams/154.png,False,2,1,2,1,2,1,,,,
94599,"Rafael Traci, Brazil",UTC,2019-08-04T14:00:00+00:00,1564927200,1564927200,1564930800,,Urbano Caldeira,Santos,Match Finished,FT,90,71,Serie A,Brazil,https://media.api-sports.io/football/leagues/71.png,https://media.api-sports.io/flags/br.svg,2019,Regular Season - 13,128,Santos,https://media.api-sports.io/football/teams/128.png,True,151,Goias,https://media.api-sports.io/football/teams/151.png,False,6,1,3,0,6,1,,,,
94594,"Flavio Rodrigues De Souza, Brazil",UTC,2019-08-04T19:00:00+00:00,1564945200,1564945200,1564948800,,Arena Fonte Nova,Salvador,Match Finished,FT,90,71,Serie A,Brazil,https://media.api-sports.io/football/leagues/71.png,https://media.api-sports.io/flags/br.svg,2019,Regular Season - 13,118,Bahia,https://media.api-sports.io/football/teams/118.png,True,127,Flamengo,https://media.api-sports.io/football/teams/127.png,False,3,0,3,0,3,0,,,,
94593,"Vinicius Furlan, Brazil",UTC,2019-08-04T19:00:00+00:00,1564945200,1564945200,1564948800,,Estádio da Ressacada,Florianopolis,Match Finished,FT,90,71,Serie A,Brazil,https://media.api-sports.io/football/leagues/71.png,https://media.api-sports.io/flags/br.svg,2019,Regular Season - 13,145,Avai,https://media.api-sports.io/football/teams/145.png,False,120,Botafogo,https://media.api-sports.io/football/teams/120.png,True,0,2,0,1,0,2,,,,
94596,"Anderson Daronco, Brazil",UTC,2019-08-04T22:00:00+00:00,1564956000,1564956000,1564959600,,Arena Corinthians,Sao Paulo,Match Finished,FT,90,71,Serie A,Brazil,https://media.api-sports.io/football/leagues/71.png,https://media.api-sports.io/flags/br.svg,2019,Regular Season - 13,131,Corinthians,https://media.api-sports.io/football/teams/131.png,,121,Palmeiras,https://media.api-sports.io/football/teams/121.png,,1,1,1,0,1,1,,,,
94600,"Marielson Alves Silva, Brazil",UTC,2019-08-04T22:00:00+00:00,1564956000,1564956000,1564959600,,São Januário,Rio de Janeiro,Match Finished,FT,90,71,Serie A,Brazil,https://media.api-sports.io/football/leagues/71.png,https://media.api-sports.io/flags/br.svg,2019,Regular Season - 13,133,Vasco DA Gama,https://media.api-sports.io/football/teams/133.png,,150,CSA,https://media.api-sports.io/football/teams/150.png,,0,0,0,0,0,0,,,,
94592,"Leandro Pedro Vuaden, Brazil",UTC,2019-08-04T22:00:00+00:00,1564956000,1564956000,1564959600,,Arena Independência,Belo Horizonte,Match Finished,FT,90,71,Serie A,Brazil,https://media.api-sports.io/football/leagues/71.png,https://media.api-sports.io/flags/br.svg,2019,Regular Season - 13,1062,Atletico-MG,https://media.api-sports.io/football/teams/1062.png,True,135,Cruzeiro,https://media.api-sports.io/football/teams/135.png,False,2,0,1,0,2,0,,,,
94598,"Felipe Fernandes de Lima, Brazil",UTC,2019-08-05T23:00:00+00:00,1565046000,1565046000,1565049600,,Arena do Grêmio,Porto Alegre,Match Finished,FT,90,71,Serie A,Brazil,https://media.api-sports.io/football/leagues/71.png,https://media.api-sports.io/flags/br.svg,2019,Regular Season - 13,130,Gremio,https://media.api-sports.io/football/teams/130.png,,132,Chapecoense-sc,https://media.api-sports.io/football/teams/132.png,,3,3,2,2,3,3,,,,
94537,"Bruno Arleu de Araujo, Brazil",UTC,2019-08-07T22:15:00+00:00,1565216100,1565216100,1565219700,,Arena Corinthians,Sao Paulo,Match Finished,FT,90,71,Serie A,Brazil,https://media.api-sports.io/football/leagues/71.png,https://media.api-sports.io/flags/br.svg,2019,Regular Season - 7,131,Corinthians,https://media.api-sports.io/football/teams/131.png,True,151,Goias,https://media.api-sports.io/football/teams/151.png,False,2,0,1,0,2,0,,,,
94610,"Raphael Claus, Brazil",UTC,2019-08-10T20:00:00+00:00,1565467200,1565467200,1565470800,,Morumbi,Sao Paulo,Match Finished,FT,90,71,Serie A,Brazil,https://media.api-sports.io/football/leagues/71.png,https://media.api-sports.io/flags/br.svg,2019,Regular Season - 14,126,Sao Paulo,https://media.api-sports.io/football/teams/126.png,True,128,Santos,https://media.api-sports.io/football/teams/128.png,False,3,2,0,1,3,2,,,,
94604,"Rodrigo Carvalhaes de Miranda, Brazil",UTC,2019-08-10T20:00:00+00:00,1565467200,1565467200,1565470800,,Estadio Castelão,Fortaleza,Match Finished,FT,90,71,Serie A,Brazil,https://media.api-sports.io/football/leagues/71.png,https://media.api-sports.io/flags/br.svg,2019,Regular Season - 14,129,Ceara,https://media.api-sports.io/football/teams/129.png,True,132,Chapecoense-sc,https://media.api-sports.io/football/teams/132.png,False,4,1,1,0,4,1,,,,
94606,"Braulio Da Silva Machado, Brazil",UTC,2019-08-10T22:00:00+00:00,1565474400,1565474400,1565478000,,Estádio do Maracanã,Rio de Janeiro,Match Finished,FT,90,71,Serie A,Brazil,https://media.api-sports.io/football/leagues/71.png,https://media.api-sports.io/flags/br.svg,2019,Regular Season - 14,127,Flamengo,https://media.api-sports.io/football/teams/127.png,True,130,Gremio,https://media.api-sports.io/football/teams/130.png,False,3,1,1,1,3,1,,,,
94601,Wilton Pereira Sampaio,UTC,2019-08-11T00:00:00+00:00,1565481600,1565481600,1565485200,,"Estádio Raimundo Sampaio (Belo Horizonte, Minas Gerais)",,Match Finished,FT,90,71,Serie A,Brazil,https://media.api-sports.io/football/leagues/71.png,https://media.api-sports.io/flags/br.svg,2019,Regular Season - 14,1062,Atletico-MG,https://media.api-sports.io/football/teams/1062.png,True,124,Fluminense,https://media.api-sports.io/football/teams/124.png,False,2,1,1,0,2,1,,,,
94608,"Caio Max Augusto Vieira, Brazil",UTC,2019-08-11T14:00:00+00:00,1565532000,1565532000,1565535600,,Estádio Beira Rio,Porto Alegre,Match Finished,FT,90,71,Serie A,Brazil,https://media.api-sports.io/football/leagues/71.png,https://media.api-sports.io/flags/br.svg,2019,Regular Season - 14,119,Internacional,https://media.api-sports.io/football/teams/119.png,,131,Corinthians,https://media.api-sports.io/football/teams/131.png,,0,0,0,0,0,0,,,,
94603,"Douglas Marques das Flores, Brazil",UTC,2019-08-11T19:00:00+00:00,1565550000,1565550000,1565553600,,Estadio Olimpico Nilton Santos,Rio de Janeiro,Match Finished,FT,90,71,Serie A,Brazil,https://media.api-sports.io/football/leagues/71.png,https://media.api-sports.io/flags/br.svg,2019,Regular Season - 14,120,Botafogo,https://media.api-sports.io/football/teams/120.png,True,134,Atletico Paranaense,https://media.api-sports.io/football/teams/134.png,False,2,1,1,1,2,1,,,,
94609,"Igor Junio Benevenuto, Brazil",UTC,2019-08-11T19:00:00+00:00,1565550000,1565550000,1565553600,,Allianz Parque,Sao Paulo,Match Finished,FT,90,71,Serie A,Brazil,https://media.api-sports.io/football/leagues/71.png,https://media.api-sports.io/flags/br.svg,2019,Regular Season - 14,121,Palmeiras,https://media.api-sports.io/football/teams/121.png,,118,Bahia,https://media.api-sports.io/football/teams/118.png,,2,2,1,0,2,2,,,,
94602,"Marielson Alves Silva, Brazil",UTC,2019-08-11T19:00:00+00:00,1565550000,1565550000,1565553600,,Estádio da Ressacada,Florianopolis,Match Finished,FT,90,71,Serie A,Brazil,https://media.api-sports.io/football/leagues/71.png,https://media.api-sports.io/flags/br.svg,2019,Regular Season - 14,145,Avai,https://media.api-sports.io/football/teams/145.png,,135,Cruzeiro,https://media.api-sports.io/football/teams/135.png,,2,2,1,0,2,2,,,,
94607,"Jean Pierre Goncalves Lima, Brazil",UTC,2019-08-11T22:00:00+00:00,1565560800,1565560800,1565564400,,Serra Dourada,Goiania,Match Finished,FT,90,71,Serie A,Brazil,https://media.api-sports.io/football/leagues/71.png,https://media.api-sports.io/flags/br.svg,2019,Regular Season - 14,151,Goias,https://media.api-sports.io/football/teams/151.png,False,133,Vasco DA Gama,https://media.api-sports.io/football/teams/133.png,True,0,1,0,1,0,1,,,,
94605,"Gilberto Rodrigues Castro Junior, Brazil",UTC,2019-08-12T23:00:00+00:00,1565650800,1565650800,1565654400,,Estádio Rei Pelé,Maceio,Match Finished,FT,90,71,Serie A,Brazil,https://media.api-sports.io/football/leagues/71.png,https://media.api-sports.io/flags/br.svg,2019,Regular Season - 14,150,CSA,https://media.api-sports.io/football/teams/150.png,False,154,Fortaleza EC,https://media.api-sports.io/football/teams/154.png,True,0,2,0,2,0,2,,,,
94614,"Rafael Traci, Brazil",UTC,2019-08-17T20:00:00+00:00,1566072000,1566072000,1566075600,,Arena Corinthians,Sao Paulo,Match Finished,FT,90,71,Serie A,Brazil,https://media.api-sports.io/football/leagues/71.png,https://media.api-sports.io/flags/br.svg,2019,Regular Season - 15,131,Corinthians,https://media.api-sports.io/football/teams/131.png,True,120,Botafogo,https://media.api-sports.io/football/teams/120.png,False,2,0,1,0,2,0,,,,
94617,"Braulio Da Silva Machado, Brazil",UTC,2019-08-17T20:00:00+00:00,1566072000,1566072000,1566075600,,Estadio Castelão,Fortaleza,Match Finished,FT,90,71,Serie A,Brazil,https://media.api-sports.io/football/leagues/71.png,https://media.api-sports.io/flags/br.svg,2019,Regular Season - 15,154,Fortaleza EC,https://media.api-sports.io/football/teams/154.png,False,119,Internacional,https://media.api-sports.io/football/teams/119.png,True,0,1,0,0,0,1,,,,
94620,"Leandro Pedro Vuaden, Brazil",UTC,2019-08-17T22:00:00+00:00,1566079200,1566079200,1566082800,,Estadio Nacional Mane Garrincha,Brasilia,Match Finished,FT,90,71,Serie A,Brazil,https://media.api-sports.io/football/leagues/71.png,https://media.api-sports.io/flags/br.svg,2019,Regular Season - 15,133,Vasco DA Gama,https://media.api-sports.io/football/teams/133.png,False,127,Flamengo,https://media.api-sports.io/football/teams/127.png,True,1,4,0,1,1,4,,,,
94611,"Dewson Fernando Freitas da Silva, Brazil",UTC,2019-08-17T22:00:00+00:00,1566079200,1566079200,1566082800,,Arena da Baixada,Curitiba,Match Finished,FT,90,71,Serie A,Brazil,https://media.api-sports.io/football/leagues/71.png,https://media.api-sports.io/flags/br.svg,2019,Regular Season - 15,134,Atletico Paranaense,https://media.api-sports.io/football/teams/134.png,True,1062,Atletico-MG,https://media.api-sports.io/football/teams/1062.png,False,1,0,1,0,1,0,,,,
94618,Wagner do Nascimento Magalhaes,UTC,2019-08-18T00:00:00+00:00,1566086400,1566086400,1566090000,,"Arena do Grêmio (Porto Alegre, Rio Grande do Sul)",,Match Finished,FT,90,71,Serie A,Brazil,https://media.api-sports.io/football/leagues/71.png,https://media.api-sports.io/flags/br.svg,2019,Regular Season - 15,130,Gremio,https://media.api-sports.io/football/teams/130.png,,121,Palmeiras,https://media.api-sports.io/football/teams/121.png,,1,1,0,1,1,1,,,,
94612,"Raphael Claus, Brazil",UTC,2019-08-18T19:00:00+00:00,1566154800,1566154800,1566158400,,Arena Fonte Nova,Salvador,Match Finished,FT,90,71,Serie A,Brazil,https://media.api-sports.io/football/leagues/71.png,https://media.api-sports.io/flags/br.svg,2019,Regular Season - 15,118,Bahia,https://media.api-sports.io/football/teams/118.png,,151,Goias,https://media.api-sports.io/football/teams/151.png,,1,1,0,1,1,1,,,,
94616,"Reway Wagner, Brazil",UTC,2019-08-18T19:00:00+00:00,1566154800,1566154800,1566158400,,Estádio do Maracanã,Rio de Janeiro,Match Finished,FT,90,71,Serie A,Brazil,https://media.api-sports.io/football/leagues/71.png,https://media.api-sports.io/flags/br.svg,2019,Regular Season - 15,124,Fluminense,https://media.api-sports.io/football/teams/124.png,False,150,CSA,https://media.api-sports.io/football/teams/150.png,True,0,1,0,0,0,1,,,,
94619,"Gilberto Rodrigues Castro Junior, Brazil",UTC,2019-08-18T19:00:00+00:00,1566154800,1566154800,1566158400,,Morumbi,Sao Paulo,Match Finished,FT,90,71,Serie A,Brazil,https://media.api-sports.io/football/leagues/71.png,https://media.api-sports.io/flags/br.svg,2019,Regular Season - 15,126,Sao Paulo,https://media.api-sports.io/football/teams/126.png,True,129,Ceara,https://media.api-sports.io/football/teams/129.png,False,1,0,1,0,1,0,,,,
94615,"Anderson Daronco, Brazil",UTC,2019-08-18T19:00:00+00:00,1566154800,1566154800,1566158400,,Estádio Mineirão,Belo Horizonte,Match Finished,FT,90,71,Serie A,Brazil,https://media.api-sports.io/football/leagues/71.png,https://media.api-sports.io/flags/br.svg,2019,Regular Season - 15,135,Cruzeiro,https://media.api-sports.io/football/teams/135.png,True,128,Santos,https://media.api-sports.io/football/teams/128.png,False,2,0,1,0,2,0,,,,
94613,"Luiz Flavio De Oliveira, Brazil",UTC,2019-08-18T22:00:00+00:00,1566165600,1566165600,1566169200,,Arena Condá,Chapeco,Match Finished,FT,90,71,Serie A,Brazil,https://media.api-sports.io/football/leagues/71.png,https://media.api-sports.io/flags/br.svg,2019,Regular Season - 15,132,Chapecoense-sc,https://media.api-sports.io/football/teams/132.png,True,145,Avai,https://media.api-sports.io/football/teams/145.png,False,1,0,0,0,1,0,,,,
94591,"Daniel Nobre Bins, Brazil",UTC,2019-08-21T22:15:00+00:00,1566425700,1566425700,1566429300,,Arena da Baixada,Curitiba,Match Finished,FT,90,71,Serie A,Brazil,https://media.api-sports.io/football/leagues/71.png,https://media.api-sports.io/flags/br.svg,2019,Regular Season - 13,134,Atletico Paranaense,https://media.api-sports.io/football/teams/134.png,False,126,Sao Paulo,https://media.api-sports.io/football/teams/126.png,True,0,1,0,1,0,1,,,,
94621,"Rodolpho Toski Marques, Brazil",UTC,2019-08-24T14:00:00+00:00,1566655200,1566655200,1566658800,,Arena Independência,Belo Horizonte,Match Finished,FT,90,71,Serie A,Brazil,https://media.api-sports.io/football/leagues/71.png,https://media.api-sports.io/flags/br.svg,2019,Regular Season - 16,1062,Atletico-MG,https://media.api-sports.io/football/teams/1062.png,False,118,Bahia,https://media.api-sports.io/football/teams/118.png,True,0,1,0,1,0,1,,,,
94627,"Bruno Arleu de Araujo, Brazil",UTC,2019-08-24T20:00:00+00:00,1566676800,1566676800,1566680400,,Arena do Grêmio,Porto Alegre,Match Finished,FT,90,71,Serie A,Brazil,https://media.api-sports.io/football/leagues/71.png,https://media.api-sports.io/flags/br.svg,2019,Regular Season - 16,130,Gremio,https://media.api-sports.io/football/teams/130.png,True,134,Atletico Paranaense,https://media.api-sports.io/football/teams/134.png,False,2,1,1,0,2,1,,,,
94629,"Rodrigo D'alonso Ferreira, Brazil",UTC,2019-08-25T19:00:00+00:00,1566759600,1566759600,1566763200,,Urbano Caldeira,Santos,Match Finished,FT,90,71,Serie A,Brazil,https://media.api-sports.io/football/leagues/71.png,https://media.api-sports.io/flags/br.svg,2019,Regular Season - 16,128,Santos,https://media.api-sports.io/football/teams/128.png,,154,Fortaleza EC,https://media.api-sports.io/football/teams/154.png,,3,3,3,0,3,3,,,,
94630,"Anderson Daronco, Brazil",UTC,2019-08-25T19:00:00+00:00,1566759600,1566759600,1566763200,,São Januário,Rio de Janeiro,Match Finished,FT,90,71,Serie A,Brazil,https://media.api-sports.io/football/leagues/71.png,https://media.api-sports.io/flags/br.svg,2019,Regular Season - 16,133,Vasco DA Gama,https://media.api-sports.io/football/teams/133.png,True,126,Sao Paulo,https://media.api-sports.io/football/teams/126.png,False,2,0,0,0,2,0,,,,
94626,"Marielson Alves Silva, Brazil",UTC,2019-08-25T19:00:00+00:00,1566759600,1566759600,1566763200,,Serra Dourada,Goiania,Match Finished,FT,90,71,Serie A,Brazil,https://media.api-sports.io/football/leagues/71.png,https://media.api-sports.io/flags/br.svg,2019,Regular Season - 16,151,Goias,https://media.api-sports.io/football/teams/151.png,True,119,Internacional,https://media.api-sports.io/football/teams/119.png,False,2,1,0,1,2,1,,,,
94624,"Wilton Pereira Sampaio, Brazil",UTC,2019-08-25T22:00:00+00:00,1566770400,1566770400,1566774000,,Estadio Castelão,Fortaleza,Match Finished,FT,90,71,Serie A,Brazil,https://media.api-sports.io/football/leagues/71.png,https://media.api-sports.io/flags/br.svg,2019,Regular Season - 16,129,Ceara,https://media.api-sports.io/football/teams/129.png,False,127,Flamengo,https://media.api-sports.io/football/teams/127.png,True,0,3,0,2,0,3,,,,
94622,"Ricardo Marques Ribeiro, Brazil",UTC,2019-08-25T22:00:00+00:00,1566770400,1566770400,1566774000,,Estádio da Ressacada,Florianopolis,Match Finished,FT,90,71,Serie A,Brazil,https://media.api-sports.io/football/leagues/71.png,https://media.api-sports.io/flags/br.svg,2019,Regular Season - 16,145,Avai,https://media.api-sports.io/football/teams/145.png,,131,Corinthians,https://media.api-sports.io/football/teams/131.png,,1,1,0,0,1,1,,,,
94625,"Marcelo De Lima Henrique, Brazil",UTC,2019-08-25T22:00:00+00:00,1566770400,1566770400,1566774000,,Estádio Rei Pelé,Maceio,Match Finished,FT,90,71,Serie A,Brazil,https://media.api-sports.io/football/leagues/71.png,https://media.api-sports.io/flags/br.svg,2019,Regular Season - 16,150,CSA,https://media.api-sports.io/football/teams/150.png,,135,Cruzeiro,https://media.api-sports.io/football/teams/135.png,,1,1,0,1,1,1,,,,
94623,"Edina Alves Batista, Brazil",UTC,2019-08-26T23:00:00+00:00,1566860400,1566860400,1566864000,,Estadio Olimpico Nilton Santos,Rio de Janeiro,Match Finished,FT,90,71,Serie A,Brazil,https://media.api-sports.io/football/leagues/71.png,https://media.api-sports.io/flags/br.svg,2019,Regular Season - 16,120,Botafogo,https://media.api-sports.io/football/teams/120.png,,132,Chapecoense-sc,https://media.api-sports.io/football/teams/132.png,,0,0,0,0,0,0,,,,
94640,"Caio Max Augusto Vieira, Brazil",UTC,2019-08-31T14:00:00+00:00,1567260000,1567260000,1567263600,,Morumbi,Sao Paulo,Match Finished,FT,90,71,Serie A,Brazil,https://media.api-sports.io/football/leagues/71.png,https://media.api-sports.io/flags/br.svg,2019,Regular Season - 17,126,Sao Paulo,https://media.api-sports.io/football/teams/126.png,,130,Gremio,https://media.api-sports.io/football/teams/130.png,,0,0,0,0,0,0,,,,
94632,"Vinicius Gomes do Amara, Brazil",UTC,2019-08-31T20:00:00+00:00,1567281600,1567281600,1567285200,,Arena Fonte Nova,Salvador,Match Finished,FT,90,71,Serie A,Brazil,https://media.api-sports.io/football/leagues/71.png,https://media.api-sports.io/flags/br.svg,2019,Regular Season - 17,118,Bahia,https://media.api-sports.io/football/teams/118.png,True,150,CSA,https://media.api-sports.io/football/teams/150.png,False,1,0,0,0,1,0,,,,
94633,"Bruno Arleu de Araujo, Brazil",UTC,2019-08-31T22:00:00+00:00,1567288800,1567288800,1567292400,,Arena Condá,Chapeco,Match Finished,FT,90,71,Serie A,Brazil,https://media.api-sports.io/football/leagues/71.png,https://media.api-sports.io/flags/br.svg,2019,Regular Season - 17,132,Chapecoense-sc,https://media.api-sports.io/football/teams/132.png,False,128,Santos,https://media.api-sports.io/football/teams/128.png,True,0,1,0,1,0,1,,,,
94631,"Leandro Pedro Vuaden, Brazil",UTC,2019-08-31T22:00:00+00:00,1567288800,1567288800,1567292400,,Arena da Baixada,Curitiba,Match Finished,FT,90,71,Serie A,Brazil,https://media.api-sports.io/football/leagues/71.png,https://media.api-sports.io/flags/br.svg,2019,Regular Season - 17,134,Atletico Paranaense,https://media.api-sports.io/football/teams/134.png,True,129,Ceara,https://media.api-sports.io/football/teams/129.png,False,1,0,1,0,1,0,,,,
94639,Dewson Fernando Freitas da Silva,UTC,2019-09-01T00:00:00+00:00,1567296000,1567296000,1567299600,,"Estádio José Pinheiro Borda (Porto Alegre, Rio Grande do Sul)",,Match Finished,FT,90,71,Serie A,Brazil,https://media.api-sports.io/football/leagues/71.png,https://media.api-sports.io/flags/br.svg,2019,Regular Season - 17,119,Internacional,https://media.api-sports.io/football/teams/119.png,True,120,Botafogo,https://media.api-sports.io/football/teams/120.png,False,3,2,1,0,3,2,,,,
94636,"Rafael Traci, Brazil",UTC,2019-09-01T19:00:00+00:00,1567364400,1567364400,1567368000,,Estádio do Maracanã,Rio de Janeiro,Match Finished,FT,90,71,Serie A,Brazil,https://media.api-sports.io/football/leagues/71.png,https://media.api-sports.io/flags/br.svg,2019,Regular Season - 17,127,Flamengo,https://media.api-sports.io/football/teams/127.png,True,121,Palmeiras,https://media.api-sports.io/football/teams/121.png,False,3,0,2,0,3,0,,,,
94638,"Felipe Fernandes de Lima, Brazil",UTC,2019-09-01T19:00:00+00:00,1567364400,1567364400,1567368000,,Estadio Castelão,Fortaleza,Match Finished,FT,90,71,Serie A,Brazil,https://media.api-sports.io/football/leagues/71.png,https://media.api-sports.io/flags/br.svg,2019,Regular Season - 17,154,Fortaleza EC,https://media.api-sports.io/football/teams/154.png,True,151,Goias,https://media.api-sports.io/football/teams/151.png,False,2,0,1,0,2,0,,,,
94634,"Wilton Pereira Sampaio, Brazil",UTC,2019-09-01T22:00:00+00:00,1567375200,1567375200,1567378800,,Arena Corinthians,Sao Paulo,Match Finished,FT,90,71,Serie A,Brazil,https://media.api-sports.io/football/leagues/71.png,https://media.api-sports.io/flags/br.svg,2019,Regular Season - 17,131,Corinthians,https://media.api-sports.io/football/teams/131.png,True,1062,Atletico-MG,https://media.api-sports.io/football/teams/1062.png,False,1,0,0,0,1,0,,,,
94635,"Heber Roberto Lopes, Brazil",UTC,2019-09-01T22:00:00+00:00,1567375200,1567375200,1567378800,,Estádio Mineirão,Belo Horizonte,Match Finished,FT,90,71,Serie A,Brazil,https://media.api-sports.io/football/leagues/71.png,https://media.api-sports.io/flags/br.svg,2019,Regular Season - 17,135,Cruzeiro,https://media.api-sports.io/football/teams/135.png,True,133,Vasco DA Gama,https://media.api-sports.io/football/teams/133.png,False,1,0,0,0,1,0,,,,
94637,"Raphael Claus, Brazil",UTC,2019-09-02T23:00:00+00:00,1567465200,1567465200,1567468800,,Estádio do Maracanã,Rio de Janeiro,Match Finished,FT,90,71,Serie A,Brazil,https://media.api-sports.io/football/leagues/71.png,https://media.api-sports.io/flags/br.svg,2019,Regular Season - 17,124,Fluminense,https://media.api-sports.io/football/teams/124.png,False,145,Avai,https://media.api-sports.io/football/teams/145.png,True,0,1,0,0,0,1,,,,
94643,"Paulo Roberto Alves Junior, Brazil",UTC,2019-09-07T14:00:00+00:00,1567864800,1567864800,1567868400,,Arena Corinthians,Sao Paulo,Match Finished,FT,90,71,Serie A,Brazil,https://media.api-sports.io/football/leagues/71.png,https://media.api-sports.io/flags/br.svg,2019,Regular Season - 18,131,Corinthians,https://media.api-sports.io/football/teams/131.png,,129,Ceara,https://media.api-sports.io/football/teams/129.png,,2,2,2,0,2,2,,,,
94650,"Caio Max Augusto Vieira, Brazil",UTC,2019-09-07T14:00:00+00:00,1567864800,1567864800,1567868400,,São Januário,Rio de Janeiro,Match Finished,FT,90,71,Serie A,Brazil,https://media.api-sports.io/football/leagues/71.png,https://media.api-sports.io/flags/br.svg,2019,Regular Season - 18,133,Vasco DA Gama,https://media.api-sports.io/football/teams/133.png,False,118,Bahia,https://media.api-sports.io/football/teams/118.png,True,0,2,0,0,0,2,,,,
94641,"Edina Alves Batista, Brazil",UTC,2019-09-07T20:00:00+00:00,1567886400,1567886400,1567890000,,Estadio Nacional Mane Garrincha,Brasilia,Match Finished,FT,90,71,Serie A,Brazil,https://media.api-sports.io/football/leagues/71.png,https://media.api-sports.io/flags/br.svg,2019,Regular Season - 18,145,Avai,https://media.api-sports.io/football/teams/145.png,False,127,Flamengo,https://media.api-sports.io/football/teams/127.png,True,0,3,0,2,0,3,,,,
94646,"Wilton Pereira Sampaio, Brazil",UTC,2019-09-07T20:00:00+00:00,1567886400,1567886400,1567890000,,Estadio Castelão,Fortaleza,Match Finished,FT,90,71,Serie A,Brazil,https://media.api-sports.io/football/leagues/71.png,https://media.api-sports.io/flags/br.svg,2019,Regular Season - 18,154,Fortaleza EC,https://media.api-sports.io/football/teams/154.png,False,124,Fluminense,https://media.api-sports.io/football/teams/124.png,True,0,1,0,0,0,1,,,,
94648,"Marcelo De Lima Henrique, Brazil",UTC,2019-09-07T22:00:00+00:00,1567893600,1567893600,1567897200,,Estádio Beira Rio,Porto Alegre,Match Finished,FT,90,71,Serie A,Brazil,https://media.api-sports.io/football/leagues/71.png,https://media.api-sports.io/flags/br.svg,2019,Regular Season - 18,119,Internacional,https://media.api-sports.io/football/teams/119.png,True,126,Sao Paulo,https://media.api-sports.io/football/teams/126.png,False,1,0,0,0,1,0,,,,
94647,Wagner Reway,UTC,2019-09-08T00:00:00+00:00,1567900800,1567900800,1567904400,,"Estádio do Governo do Estado de Goiás (Serra Dourada) (Goiânia, Goiás)",,Match Finished,FT,90,71,Serie A,Brazil,https://media.api-sports.io/football/leagues/71.png,https://media.api-sports.io/flags/br.svg,2019,Regular Season - 18,151,Goias,https://media.api-sports.io/football/teams/151.png,False,121,Palmeiras,https://media.api-sports.io/football/teams/121.png,True,1,2,1,0,1,2,,,,
94644,"Rafael Traci, Brazil",UTC,2019-09-08T14:00:00+00:00,1567951200,1567951200,1567954800,,Arena Independência,Belo Horizonte,Match Finished,FT,90,71,Serie A,Brazil,https://media.api-sports.io/football/leagues/71.png,https://media.api-sports.io/flags/br.svg,2019,Regular Season - 18,135,Cruzeiro,https://media.api-sports.io/football/teams/135.png,False,130,Gremio,https://media.api-sports.io/football/teams/130.png,True,1,4,1,2,1,4,,,,
94642,"Braulio Da Silva Machado, Brazil",UTC,2019-09-08T19:00:00+00:00,1567969200,1567969200,1567972800,,Estadio Olimpico Nilton Santos,Rio de Janeiro,Match Finished,FT,90,71,Serie A,Brazil,https://media.api-sports.io/football/leagues/71.png,https://media.api-sports.io/flags/br.svg,2019,Regular Season - 18,120,Botafogo,https://media.api-sports.io/football/teams/120.png,True,1062,Atletico-MG,https://media.api-sports.io/football/teams/1062.png,False,2,1,1,0,2,1,,,,
94649,"Rodrigo Carvalhaes de Miranda, Brazil",UTC,2019-09-08T19:00:00+00:00,1567969200,1567969200,1567972800,,Urbano Caldeira,Santos,Match Finished,FT,90,71,Serie A,Brazil,https://media.api-sports.io/football/leagues/71.png,https://media.api-sports.io/flags/br.svg,2019,Regular Season - 18,128,Santos,https://media.api-sports.io/football/teams/128.png,,134,Atletico Paranaense,https://media.api-sports.io/football/teams/134.png,,1,1,0,1,1,1,,,,
94645,"Vinicius Goncalves Dias Araujo, Brazil",UTC,2019-09-08T22:00:00+00:00,1567980000,1567980000,1567983600,,Estádio Rei Pelé,Maceio,Match Finished,FT,90,71,Serie A,Brazil,https://media.api-sports.io/football/leagues/71.png,https://media.api-sports.io/flags/br.svg,2019,Regular Season - 18,150,CSA,https://media.api-sports.io/football/teams/150.png,True,132,Chapecoense-sc,https://media.api-sports.io/football/teams/132.png,False,2,0,1,0,2,0,,,,
94628,"Anderson Daronco, Brazil",UTC,2019-09-11T00:00:00+00:00,1568160000,1568160000,1568163600,,Allianz Parque,Sao Paulo,Match Finished,FT,90,71,Serie A,Brazil,https://media.api-sports.io/football/leagues/71.png,https://media.api-sports.io/flags/br.svg,2019,Regular Season - 16,121,Palmeiras,https://media.api-sports.io/football/teams/121.png,True,124,Fluminense,https://media.api-sports.io/football/teams/124.png,False,3,0,1,0,3,0,,,,
94656,"Braulio Da Silva Machado, Brazil",UTC,2019-09-14T20:00:00+00:00,1568491200,1568491200,1568494800,,Estádio do Maracanã,Rio de Janeiro,Match Finished,FT,90,71,Serie A,Brazil,https://media.api-sports.io/football/leagues/71.png,https://media.api-sports.io/flags/br.svg,2019,Regular Season - 19,127,Flamengo,https://media.api-sports.io/football/teams/127.png,True,128,Santos,https://media.api-sports.io/football/teams/128.png,False,1,0,1,0,1,0,,,,
94659,"Rodolpho Toski Marques, Brazil",UTC,2019-09-14T22:00:00+00:00,1568498400,1568498400,1568502000,,Allianz Parque,Sao Paulo,Match Finished,FT,90,71,Serie A,Brazil,https://media.api-sports.io/football/leagues/71.png,https://media.api-sports.io/flags/br.svg,2019,Regular Season - 19,121,Palmeiras,https://media.api-sports.io/football/teams/121.png,True,135,Cruzeiro,https://media.api-sports.io/football/teams/135.png,False,1,0,1,0,1,0,,,,
94655,"Flavio Rodrigues De Souza, Brazil",UTC,2019-09-14T22:00:00+00:00,1568498400,1568498400,1568502000,,Arena Condá,Chapeco,Match Finished,FT,90,71,Serie A,Brazil,https://media.api-sports.io/football/leagues/71.png,https://media.api-sports.io/flags/br.svg,2019,Regular Season - 19,132,Chapecoense-sc,https://media.api-sports.io/football/teams/132.png,False,133,Vasco DA Gama,https://media.api-sports.io/football/teams/133.png,True,1,2,0,1,1,2,,,,
94654,Luiz Flavio De Oliveira,UTC,2019-09-15T00:00:00+00:00,1568505600,1568505600,1568509200,,"Estádio Governador Plácido Aderaldo Castelo (Fortaleza, Ceará)",,Match Finished,FT,90,71,Serie A,Brazil,https://media.api-sports.io/football/leagues/71.png,https://media.api-sports.io/flags/br.svg,2019,Regular Season - 19,129,Ceara,https://media.api-sports.io/football/teams/129.png,,120,Botafogo,https://media.api-sports.io/football/teams/120.png,,0,0,0,0,0,0,,,,
94651,"Felipe Fernandes de Lima, Brazil",UTC,2019-09-15T14:00:00+00:00,1568556000,1568556000,1568559600,,Arena da Baixada,Curitiba,Match Finished,FT,90,71,Serie A,Brazil,https://media.api-sports.io/football/leagues/71.png,https://media.api-sports.io/flags/br.svg,2019,Regular Season - 19,134,Atletico Paranaense,https://media.api-sports.io/football/teams/134.png,False,145,Avai,https://media.api-sports.io/football/teams/145.png,True,0,1,0,1,0,1,,,,
94652,"Bruno Arleu de Araujo, Brazil",UTC,2019-09-15T14:00:00+00:00,1568556000,1568556000,1568559600,,Arena Independência,Belo Horizonte,Match Finished,FT,90,71,Serie A,Brazil,https://media.api-sports.io/football/leagues/71.png,https://media.api-sports.io/flags/br.svg,2019,Regular Season - 19,1062,Atletico-MG,https://media.api-sports.io/football/teams/1062.png,False,119,Internacional,https://media.api-sports.io/football/teams/119.png,True,1,3,0,1,1,3,,,,
94653,"Wagner do Nascimento Magalhaes, Brazil",UTC,2019-09-15T19:00:00+00:00,1568574000,1568574000,1568577600,,Arena Fonte Nova,Salvador,Match Finished,FT,90,71,Serie A,Brazil,https://media.api-sports.io/football/leagues/71.png,https://media.api-sports.io/flags/br.svg,2019,Regular Season - 19,118,Bahia,https://media.api-sports.io/football/teams/118.png,,154,Fortaleza EC,https://media.api-sports.io/football/teams/154.png,,1,1,1,1,1,1,,,,
94657,"Jean Pierre Goncalves Lima, Brazil",UTC,2019-09-15T19:00:00+00:00,1568574000,1568574000,1568577600,,Estádio do Maracanã,Rio de Janeiro,Match Finished,FT,90,71,Serie A,Brazil,https://media.api-sports.io/football/leagues/71.png,https://media.api-sports.io/flags/br.svg,2019,Regular Season - 19,124,Fluminense,https://media.api-sports.io/football/teams/124.png,True,131,Corinthians,https://media.api-sports.io/football/teams/131.png,False,1,0,1,0,1,0,,,,
94658,"Savio Pereira Sampaio, Brazil",UTC,2019-09-15T19:00:00+00:00,1568574000,1568574000,1568577600,,Arena do Grêmio,Porto Alegre,Match Finished,FT,90,71,Serie A,Brazil,https://media.api-sports.io/football/leagues/71.png,https://media.api-sports.io/flags/br.svg,2019,Regular Season - 19,130,Gremio,https://media.api-sports.io/football/teams/130.png,True,151,Goias,https://media.api-sports.io/football/teams/151.png,False,3,0,3,0,3,0,,,,
94660,"Heber Roberto Lopes, Brazil",UTC,2019-09-15T22:00:00+00:00,1568584800,1568584800,1568588400,,Morumbi,Sao Paulo,Match Finished,FT,90,71,Serie A,Brazil,https://media.api-sports.io/football/leagues/71.png,https://media.api-sports.io/flags/br.svg,2019,Regular Season - 19,126,Sao Paulo,https://media.api-sports.io/football/teams/126.png,,150,CSA,https://media.api-sports.io/football/teams/150.png,,1,1,0,0,1,1,,,,
94662,"Jean Pierre Goncalves Lima, Brazil",UTC,2019-09-21T14:00:00+00:00,1569074400,1569074400,1569078000,,Estadio Olimpico Nilton Santos,Rio de Janeiro,Match Finished,FT,90,71,Serie A,Brazil,https://media.api-sports.io/football/leagues/71.png,https://media.api-sports.io/flags/br.svg,2019,Regular Season - 20,120,Botafogo,https://media.api-sports.io/football/teams/120.png,False,126,Sao Paulo,https://media.api-sports.io/football/teams/126.png,True,1,2,1,1,1,2,,,,
94664,"Raphael Claus, Brazil",UTC,2019-09-21T20:00:00+00:00,1569096000,1569096000,1569099600,,Estádio Mineirão,Belo Horizonte,Match Finished,FT,90,71,Serie A,Brazil,https://media.api-sports.io/football/leagues/71.png,https://media.api-sports.io/flags/br.svg,2019,Regular Season - 20,135,Cruzeiro,https://media.api-sports.io/football/teams/135.png,False,127,Flamengo,https://media.api-sports.io/football/teams/127.png,True,1,2,1,1,1,2,,,,
94663,"Dewson Fernando Freitas da Silva, Brazil",UTC,2019-09-21T22:00:00+00:00,1569103200,1569103200,1569106800,,Arena Corinthians,Sao Paulo,Match Finished,FT,90,71,Serie A,Brazil,https://media.api-sports.io/football/leagues/71.png,https://media.api-sports.io/flags/br.svg,2019,Regular Season - 20,131,Corinthians,https://media.api-sports.io/football/teams/131.png,True,118,Bahia,https://media.api-sports.io/football/teams/118.png,False,2,1,1,0,2,1,,,,
94669,Paulo Roberto Alves Júnior,UTC,2019-09-22T00:00:00+00:00,1569110400,1569110400,1569114000,,"Estádio Urbano Caldeira (Santos, São Paulo)",,Match Finished,FT,90,71,Serie A,Brazil,https://media.api-sports.io/football/leagues/71.png,https://media.api-sports.io/flags/br.svg,2019,Regular Season - 20,128,Santos,https://media.api-sports.io/football/teams/128.png,False,130,Gremio,https://media.api-sports.io/football/teams/130.png,True,0,3,0,0,0,3,,,,
94668,"Diego Pombo Lopez, Brazil",UTC,2019-09-22T14:00:00+00:00,1569160800,1569160800,1569164400,,Estádio Beira Rio,Porto Alegre,Match Finished,FT,90,71,Serie A,Brazil,https://media.api-sports.io/football/leagues/71.png,https://media.api-sports.io/flags/br.svg,2019,Regular Season - 20,119,Internacional,https://media.api-sports.io/football/teams/119.png,True,132,Chapecoense-sc,https://media.api-sports.io/football/teams/132.png,False,1,0,0,0,1,0,,,,
94670,"Anderson Daronco, Brazil",UTC,2019-09-22T19:00:00+00:00,1569178800,1569178800,1569182400,,São Januário,Rio de Janeiro,Match Finished,FT,90,71,Serie A,Brazil,https://media.api-sports.io/football/leagues/71.png,https://media.api-sports.io/flags/br.svg,2019,Regular Season - 20,133,Vasco DA Gama,https://media.api-sports.io/football/teams/133.png,,134,Atletico Paranaense,https://media.api-sports.io/football/teams/134.png,,1,1,0,0,1,1,,,,
94665,"Ricardo Marques Ribeiro, Brazil",UTC,2019-09-22T19:00:00+00:00,1569178800,1569178800,1569182400,,Estádio Rei Pelé,Maceio,Match Finished,FT,90,71,Serie A,Brazil,https://media.api-sports.io/football/leagues/71.png,https://media.api-sports.io/flags/br.svg,2019,Regular Season - 20,150,CSA,https://media.api-sports.io/football/teams/150.png,True,129,Ceara,https://media.api-sports.io/football/teams/129.png,False,1,0,0,0,1,0,,,,
94666,"Marcelo De Lima Henrique, Brazil",UTC,2019-09-22T19:00:00+00:00,1569178800,1569178800,1569182400,,Estadio Castelão,Fortaleza,Match Finished,FT,90,71,Serie A,Brazil,https://media.api-sports.io/football/leagues/71.png,https://media.api-sports.io/flags/br.svg,2019,Regular Season - 20,154,Fortaleza EC,https://media.api-sports.io/football/teams/154.png,False,121,Palmeiras,https://media.api-sports.io/football/teams/121.png,True,0,1,0,0,0,1,,,,
94667,"Rafael Traci, Brazil",UTC,2019-09-22T22:00:00+00:00,1569189600,1569189600,1569193200,,Serra Dourada,Goiania,Match Finished,FT,90,71,Serie A,Brazil,https://media.api-sports.io/football/leagues/71.png,https://media.api-sports.io/flags/br.svg,2019,Regular Season - 20,151,Goias,https://media.api-sports.io/football/teams/151.png,True,124,Fluminense,https://media.api-sports.io/football/teams/124.png,False,3,0,1,0,3,0,,,,
94661,"Caio Max Augusto Vieira, Brazil",UTC,2019-09-23T23:00:00+00:00,1569279600,1569279600,1569283200,,Estádio da Ressacada,Florianopolis,Match Finished,FT,90,71,Serie A,Brazil,https://media.api-sports.io/football/leagues/71.png,https://media.api-sports.io/flags/br.svg,2019,Regular Season - 20,145,Avai,https://media.api-sports.io/football/teams/145.png,True,1062,Atletico-MG,https://media.api-sports.io/football/teams/1062.png,False,1,0,1,0,1,0,,,,
94674,"Braulio Da Silva Machado, Brazil",UTC,2019-09-25T22:30:00+00:00,1569450600,1569450600,1569454200,,Estadio Castelão,Fortaleza,Match Finished,FT,90,71,Serie A,Brazil,https://media.api-sports.io/football/leagues/71.png,https://media.api-sports.io/flags/br.svg,2019,Regular Season - 21,129,Ceara,https://media.api-sports.io/football/teams/129.png,,135,Cruzeiro,https://media.api-sports.io/football/teams/135.png,,0,0,0,0,0,0,,,,
94673,Flavio Rodrigues De Souza,UTC,2019-09-26T00:30:00+00:00,1569457800,1569457800,1569461400,,"Arena Fonte Nova (Salvador, Bahia)",,Match Finished,FT,90,71,Serie A,Brazil,https://media.api-sports.io/football/leagues/71.png,https://media.api-sports.io/flags/br.svg,2019,Regular Season - 21,118,Bahia,https://media.api-sports.io/football/teams/118.png,True,120,Botafogo,https://media.api-sports.io/football/teams/120.png,False,2,0,1,0,2,0,,,,
94680,Bruno Arleu de Araujo,UTC,2019-09-26T00:30:00+00:00,1569457800,1569457800,1569461400,,"Estádio Cícero Pompeu de Toledo (Morumbi) (São Paulo, São Paulo)",,Match Finished,FT,90,71,Serie A,Brazil,https://media.api-sports.io/football/leagues/71.png,https://media.api-sports.io/flags/br.svg,2019,Regular Season - 21,126,Sao Paulo,https://media.api-sports.io/football/teams/126.png,False,151,Goias,https://media.api-sports.io/football/teams/151.png,True,0,1,0,1,0,1,,,,
94676,Luiz Flavio De Oliveira,UTC,2019-09-26T00:30:00+00:00,1569457800,1569457800,1569461400,,"Estadio Jornalista Mário Filho (Maracanã) (Rio de Janeiro, Rio de Janeiro)",,Match Finished,FT,90,71,Serie A,Brazil,https://media.api-sports.io/football/leagues/71.png,https://media.api-sports.io/flags/br.svg,2019,Regular Season - 21,127,Flamengo,https://media.api-sports.io/football/teams/127.png,True,119,Internacional,https://media.api-sports.io/football/teams/119.png,False,3,1,1,0,3,1,,,,
94679,"Diego Pombo Lopez, Brazil",UTC,2019-09-26T22:15:00+00:00,1569536100,1569536100,1569539700,,Allianz Parque,Sao Paulo,Match Finished,FT,90,71,Serie A,Brazil,https://media.api-sports.io/football/leagues/71.png,https://media.api-sports.io/flags/br.svg,2019,Regular Season - 21,121,Palmeiras,https://media.api-sports.io/football/teams/121.png,True,150,CSA,https://media.api-sports.io/football/teams/150.png,False,6,2,4,0,6,2,,,,
94677,"Wilton Pereira Sampaio, Brazil",UTC,2019-09-26T23:00:00+00:00,1569538800,1569538800,1569542400,,Estádio do Maracanã,Rio de Janeiro,Match Finished,FT,90,71,Serie A,Brazil,https://media.api-sports.io/football/leagues/71.png,https://media.api-sports.io/flags/br.svg,2019,Regular Season - 21,124,Fluminense,https://media.api-sports.io/football/teams/124.png,,128,Santos,https://media.api-sports.io/football/teams/128.png,,1,1,1,1,1,1,,,,
94678,"Rodolpho Toski Marques, Brazil",UTC,2019-09-26T23:00:00+00:00,1569538800,1569538800,1569542400,,Arena do Grêmio,Porto Alegre,Match Finished,FT,90,71,Serie A,Brazil,https://media.api-sports.io/football/leagues/71.png,https://media.api-sports.io/flags/br.svg,2019,Regular Season - 21,130,Gremio,https://media.api-sports.io/football/teams/130.png,True,145,Avai,https://media.api-sports.io/football/teams/145.png,False,6,1,4,0,6,1,,,,
94671,"Vinicius Gomes do Amara, Brazil",UTC,2019-09-27T00:30:00+00:00,1569544200,1569544200,1569547800,,Arena da Baixada,Curitiba,Match Finished,FT,90,71,Serie A,Brazil,https://media.api-sports.io/football/leagues/71.png,https://media.api-sports.io/flags/br.svg,2019,Regular Season - 21,134,Atletico Paranaense,https://media.api-sports.io/football/teams/134.png,True,154,Fortaleza EC,https://media.api-sports.io/football/teams/154.png,False,4,1,2,1,4,1,,,,
94685,"Rafael Traci, Brazil",UTC,2019-09-28T22:00:00+00:00,1569708000,1569708000,1569711600,,Estádio do Maracanã,Rio de Janeiro,Match Finished,FT,90,71,Serie A,Brazil,https://media.api-sports.io/football/leagues/71.png,https://media.api-sports.io/flags/br.svg,2019,Regular Season - 22,127,Flamengo,https://media.api-sports.io/football/teams/127.png,,126,Sao Paulo,https://media.api-sports.io/football/teams/126.png,,0,0,0,0,0,0,,,,
94684,"Ricardo Marques Ribeiro, Brazil",UTC,2019-09-29T14:00:00+00:00,1569765600,1569765600,1569769200,,Arena Corinthians,Sao Paulo,Match Finished,FT,90,71,Serie A,Brazil,https://media.api-sports.io/football/leagues/71.png,https://media.api-sports.io/flags/br.svg,2019,Regular Season - 22,131,Corinthians,https://media.api-sports.io/football/teams/131.png,True,133,Vasco DA Gama,https://media.api-sports.io/football/teams/133.png,False,1,0,0,0,1,0,,,,
94689,"Braulio Da Silva Machado, Brazil",UTC,2019-09-29T19:00:00+00:00,1569783600,1569783600,1569787200,,Estádio Beira Rio,Porto Alegre,Match Finished,FT,90,71,Serie A,Brazil,https://media.api-sports.io/football/leagues/71.png,https://media.api-sports.io/flags/br.svg,2019,Regular Season - 22,119,Internacional,https://media.api-sports.io/football/teams/119.png,,121,Palmeiras,https://media.api-sports.io/football/teams/121.png,,1,1,1,0,1,1,,,,
94686,"Caio Max Augusto Vieira, Brazil",UTC,2019-09-29T19:00:00+00:00,1569783600,1569783600,1569787200,,Estádio do Maracanã,Rio de Janeiro,Match Finished,FT,90,71,Serie A,Brazil,https://media.api-sports.io/football/leagues/71.png,https://media.api-sports.io/flags/br.svg,2019,Regular Season - 22,124,Fluminense,https://media.api-sports.io/football/teams/124.png,True,130,Gremio,https://media.api-sports.io/football/teams/130.png,False,2,1,1,0,2,1,,,,
94690,"Wagner do Nascimento Magalhaes, Brazil",UTC,2019-09-29T19:00:00+00:00,1569783600,1569783600,1569787200,,Urbano Caldeira,Santos,Match Finished,FT,90,71,Serie A,Brazil,https://media.api-sports.io/football/leagues/71.png,https://media.api-sports.io/flags/br.svg,2019,Regular Season - 22,128,Santos,https://media.api-sports.io/football/teams/128.png,True,150,CSA,https://media.api-sports.io/football/teams/150.png,False,2,0,1,0,2,0,,,,
94681,"Thiago Duarte Peixoto, Brazil",UTC,2019-09-29T22:00:00+00:00,1569794400,1569794400,1569798000,,Arena da Baixada,Curitiba,Match Finished,FT,90,71,Serie A,Brazil,https://media.api-sports.io/football/leagues/71.png,https://media.api-sports.io/flags/br.svg,2019,Regular Season - 22,134,Atletico Paranaense,https://media.api-sports.io/football/teams/134.png,,132,Chapecoense-sc,https://media.api-sports.io/football/teams/132.png,,1,1,0,1,1,1,,,,
94682,"Paulo Roberto Alves Junior, Brazil",UTC,2019-09-29T22:00:00+00:00,1569794400,1569794400,1569798000,,Arena Independência,Belo Horizonte,Match Finished,FT,90,71,Serie A,Brazil,https://media.api-sports.io/football/leagues/71.png,https://media.api-sports.io/flags/br.svg,2019,Regular Season - 22,1062,Atletico-MG,https://media.api-sports.io/football/teams/1062.png,True,129,Ceara,https://media.api-sports.io/football/teams/129.png,False,2,1,0,1,2,1,,,,
94683,"Jean Pierre Goncalves Lima, Brazil",UTC,2019-09-30T23:00:00+00:00,1569884400,1569884400,1569888000,,Estádio da Ressacada,Florianopolis,Match Finished,FT,90,71,Serie A,Brazil,https://media.api-sports.io/football/leagues/71.png,https://media.api-sports.io/flags/br.svg,2019,Regular Season - 22,145,Avai,https://media.api-sports.io/football/teams/145.png,False,118,Bahia,https://media.api-sports.io/football/teams/118.png,True,0,2,0,2,0,2,,,,
94688,"Gilberto Rodrigues Castro Junior, Brazil",UTC,2019-09-30T23:00:00+00:00,1569884400,1569884400,1569888000,,Serra Dourada,Goiania,Match Finished,FT,90,71,Serie A,Brazil,https://media.api-sports.io/football/leagues/71.png,https://media.api-sports.io/flags/br.svg,2019,Regular Season - 22,151,Goias,https://media.api-sports.io/football/teams/151.png,True,135,Cruzeiro,https://media.api-sports.io/football/teams/135.png,False,1,0,0,0,1,0,,,,
94687,"Andre Luiz de Freitas Castro, Brazil",UTC,2019-09-30T23:00:00+00:00,1569884400,1569884400,1569888000,,Estadio Castelão,Fortaleza,Match Finished,FT,90,71,Serie A,Brazil,https://media.api-sports.io/football/leagues/71.png,https://media.api-sports.io/flags/br.svg,2019,Regular Season - 22,154,Fortaleza EC,https://media.api-sports.io/football/teams/154.png,True,120,Botafogo,https://media.api-sports.io/football/teams/120.png,False,1,0,0,0,1,0,,,,
94675,"Daniel Nobre Bins, Brazil",UTC,2019-10-02T22:15:00+00:00,1570054500,1570054500,1570058100,,Arena Condá,Chapeco,Match Finished,FT,90,71,Serie A,Brazil,https://media.api-sports.io/football/leagues/71.png,https://media.api-sports.io/flags/br.svg,2019,Regular Season - 21,132,Chapecoense-sc,https://media.api-sports.io/football/teams/132.png,False,131,Corinthians,https://media.api-sports.io/football/teams/131.png,True,0,1,0,0,0,1,,,,
94672,"Heber Roberto Lopes, Brazil",UTC,2019-10-02T22:15:00+00:00,1570054500,1570054500,1570058100,,Arena Independência,Belo Horizonte,Match Finished,FT,90,71,Serie A,Brazil,https://media.api-sports.io/football/leagues/71.png,https://media.api-sports.io/flags/br.svg,2019,Regular Season - 21,1062,Atletico-MG,https://media.api-sports.io/football/teams/1062.png,False,133,Vasco DA Gama,https://media.api-sports.io/football/teams/133.png,True,1,2,0,0,1,2,,,,
94699,"Diego Pombo Lopez, Brazil",UTC,2019-10-05T20:00:00+00:00,1570305600,1570305600,1570309200,,Morumbi,Sao Paulo,Match Finished,FT,90,71,Serie A,Brazil,https://media.api-sports.io/football/leagues/71.png,https://media.api-sports.io/flags/br.svg,2019,Regular Season - 23,126,Sao Paulo,https://media.api-sports.io/football/teams/126.png,True,154,Fortaleza EC,https://media.api-sports.io/football/teams/154.png,False,2,1,1,1,2,1,,,,
94700,"Savio Pereira Sampaio, Brazil",UTC,2019-10-05T20:00:00+00:00,1570305600,1570305600,1570309200,,São Januário,Rio de Janeiro,Match Finished,FT,90,71,Serie A,Brazil,https://media.api-sports.io/football/leagues/71.png,https://media.api-sports.io/flags/br.svg,2019,Regular Season - 23,133,Vasco DA Gama,https://media.api-sports.io/football/teams/133.png,False,128,Santos,https://media.api-sports.io/football/teams/128.png,True,0,1,0,0,0,1,,,,
94691,"Raphael Claus, Brazil",UTC,2019-10-05T22:00:00+00:00,1570312800,1570312800,1570316400,,Arena Fonte Nova,Salvador,Match Finished,FT,90,71,Serie A,Brazil,https://media.api-sports.io/football/leagues/71.png,https://media.api-sports.io/flags/br.svg,2019,Regular Season - 23,118,Bahia,https://media.api-sports.io/football/teams/118.png,False,134,Atletico Paranaense,https://media.api-sports.io/football/teams/134.png,True,1,2,0,0,1,2,,,,
94697,"Bruno Arleu de Araujo, Brazil",UTC,2019-10-05T22:00:00+00:00,1570312800,1570312800,1570316400,,Arena do Grêmio,Porto Alegre,Match Finished,FT,90,71,Serie A,Brazil,https://media.api-sports.io/football/leagues/71.png,https://media.api-sports.io/flags/br.svg,2019,Regular Season - 23,130,Gremio,https://media.api-sports.io/football/teams/130.png,,131,Corinthians,https://media.api-sports.io/football/teams/131.png,,0,0,0,0,0,0,,,,
94695,"Wagner do Nascimento Magalhaes, Brazil",UTC,2019-10-06T00:00:00+00:00,1570320000,1570320000,1570323600,,Estádio Mineirão,Belo Horizonte,Match Finished,FT,90,71,Serie A,Brazil,https://media.api-sports.io/football/leagues/71.png,https://media.api-sports.io/flags/br.svg,2019,Regular Season - 23,135,Cruzeiro,https://media.api-sports.io/football/teams/135.png,,119,Internacional,https://media.api-sports.io/football/teams/119.png,,1,1,0,1,1,1,,,,
94694,"Vinicius Goncalves Dias Araujo, Brazil",UTC,2019-10-06T14:00:00+00:00,1570370400,1570370400,1570374000,,Arena Condá,Chapeco,Match Finished,FT,90,71,Serie A,Brazil,https://media.api-sports.io/football/leagues/71.png,https://media.api-sports.io/flags/br.svg,2019,Regular Season - 23,132,Chapecoense-sc,https://media.api-sports.io/football/teams/132.png,False,127,Flamengo,https://media.api-sports.io/football/teams/127.png,True,0,1,0,1,0,1,,,,
94692,"Rodolpho Toski Marques, Brazil",UTC,2019-10-06T19:00:00+00:00,1570388400,1570388400,1570392000,,Estadio Olimpico Nilton Santos,Rio de Janeiro,Match Finished,FT,90,71,Serie A,Brazil,https://media.api-sports.io/football/leagues/71.png,https://media.api-sports.io/flags/br.svg,2019,Regular Season - 23,120,Botafogo,https://media.api-sports.io/football/teams/120.png,False,124,Fluminense,https://media.api-sports.io/football/teams/124.png,True,0,1,0,1,0,1,,,,
94698,"Rafael Traci, Brazil",UTC,2019-10-06T19:00:00+00:00,1570388400,1570388400,1570392000,,Allianz Parque,Sao Paulo,Match Finished,FT,90,71,Serie A,Brazil,https://media.api-sports.io/football/leagues/71.png,https://media.api-sports.io/flags/br.svg,2019,Regular Season - 23,121,Palmeiras,https://media.api-sports.io/football/teams/121.png,,1062,Atletico-MG,https://media.api-sports.io/football/teams/1062.png,,1,1,0,1,1,1,,,,
94693,"Jose Mendonca da Silva Junior, Brazil",UTC,2019-10-06T19:00:00+00:00,1570388400,1570388400,1570392000,,Estadio Castelão,Fortaleza,Match Finished,FT,90,71,Serie A,Brazil,https://media.api-sports.io/football/leagues/71.png,https://media.api-sports.io/flags/br.svg,2019,Regular Season - 23,129,Ceara,https://media.api-sports.io/football/teams/129.png,False,151,Goias,https://media.api-sports.io/football/teams/151.png,True,0,1,0,1,0,1,,,,
94696,"Anderson Daronco, Brazil",UTC,2019-10-06T22:00:00+00:00,1570399200,1570399200,1570402800,,Estádio Rei Pelé,Maceio,Match Finished,FT,90,71,Serie A,Brazil,https://media.api-sports.io/football/leagues/71.png,https://media.api-sports.io/flags/br.svg,2019,Regular Season - 23,150,CSA,https://media.api-sports.io/football/teams/150.png,True,145,Avai,https://media.api-sports.io/football/teams/145.png,False,3,1,1,0,3,1,,,,
94703,"Rodrigo D'alonso Ferreira, Brazil",UTC,2019-10-09T22:15:00+00:00,1570659300,1570659300,1570662900,,Estadio Olimpico Nilton Santos,Rio de Janeiro,Match Finished,FT,90,71,Serie A,Brazil,https://media.api-sports.io/football/leagues/71.png,https://media.api-sports.io/flags/br.svg,2019,Regular Season - 24,120,Botafogo,https://media.api-sports.io/football/teams/120.png,True,151,Goias,https://media.api-sports.io/football/teams/151.png,False,3,1,1,0,3,1,,,,
94706,"Vinicius Furlan, Brazil",UTC,2019-10-09T22:15:00+00:00,1570659300,1570659300,1570662900,,Estádio Rei Pelé,Maceio,Match Finished,FT,90,71,Serie A,Brazil,https://media.api-sports.io/football/leagues/71.png,https://media.api-sports.io/flags/br.svg,2019,Regular Season - 24,150,CSA,https://media.api-sports.io/football/teams/150.png,True,119,Internacional,https://media.api-sports.io/football/teams/119.png,False,1,0,0,0,1,0,,,,
94708,"Rodrigo Carvalhaes de Miranda, Brazil",UTC,2019-10-09T23:30:00+00:00,1570663800,1570663800,1570667400,,Estadio Castelão,Fortaleza,Match Finished,FT,90,71,Serie A,Brazil,https://media.api-sports.io/football/leagues/71.png,https://media.api-sports.io/flags/br.svg,2019,Regular Season - 24,154,Fortaleza EC,https://media.api-sports.io/football/teams/154.png,True,132,Chapecoense-sc,https://media.api-sports.io/football/teams/132.png,False,2,0,0,0,2,0,,,,
94702,"Braulio Da Silva Machado, Brazil",UTC,2019-10-10T00:00:00+00:00,1570665600,1570665600,1570669200,,Arena Fonte Nova,Salvador,Match Finished,FT,90,71,Serie A,Brazil,https://media.api-sports.io/football/leagues/71.png,https://media.api-sports.io/flags/br.svg,2019,Regular Season - 24,118,Bahia,https://media.api-sports.io/football/teams/118.png,,126,Sao Paulo,https://media.api-sports.io/football/teams/126.png,,0,0,0,0,0,0,,,,
94709,"Edina Alves Batista, Brazil",UTC,2019-10-10T00:00:00+00:00,1570665600,1570665600,1570669200,,Arena do Grêmio,Porto Alegre,Match Finished,FT,90,71,Serie A,Brazil,https://media.api-sports.io/football/leagues/71.png,https://media.api-sports.io/flags/br.svg,2019,Regular Season - 24,130,Gremio,https://media.api-sports.io/football/teams/130.png,True,129,Ceara,https://media.api-sports.io/football/teams/129.png,False,2,1,2,1,2,1,,,,
94710,"Flavio Rodrigues De Souza, Brazil",UTC,2019-10-10T00:30:00+00:00,1570667400,1570667400,1570671000,,Urbano Caldeira,Santos,Match Finished,FT,90,71,Serie A,Brazil,https://media.api-sports.io/football/leagues/71.png,https://media.api-sports.io/flags/br.svg,2019,Regular Season - 24,128,Santos,https://media.api-sports.io/football/teams/128.png,True,121,Palmeiras,https://media.api-sports.io/football/teams/121.png,False,2,0,2,0,2,0,,,,
94705,"Jean Pierre Goncalves Lima, Brazil",UTC,2019-10-10T00:30:00+00:00,1570667400,1570667400,1570671000,,Estádio Mineirão,Belo Horizonte,Match Finished,FT,90,71,Serie A,Brazil,https://media.api-sports.io/football/leagues/71.png,https://media.api-sports.io/flags/br.svg,2019,Regular Season - 24,135,Cruzeiro,https://media.api-sports.io/football/teams/135.png,,124,Fluminense,https://media.api-sports.io/football/teams/124.png,,0,0,0,0,0,0,,,,
94704,"Andre Luiz de Freitas Castro, Brazil",UTC,2019-10-10T22:15:00+00:00,1570745700,1570745700,1570749300,,Arena Corinthians,Sao Paulo,Match Finished,FT,90,71,Serie A,Brazil,https://media.api-sports.io/football/leagues/71.png,https://media.api-sports.io/flags/br.svg,2019,Regular Season - 24,131,Corinthians,https://media.api-sports.io/football/teams/131.png,,134,Atletico Paranaense,https://media.api-sports.io/football/teams/134.png,,2,2,2,2,2,2,,,,
94701,"Paulo Roberto Alves Junior, Brazil",UTC,2019-10-10T22:15:00+00:00,1570745700,1570745700,1570749300,,Estádio da Ressacada,Florianopolis,Match Finished,FT,90,71,Serie A,Brazil,https://media.api-sports.io/football/leagues/71.png,https://media.api-sports.io/flags/br.svg,2019,Regular Season - 24,145,Avai,https://media.api-sports.io/football/teams/145.png,,133,Vasco DA Gama,https://media.api-sports.io/football/teams/133.png,,0,0,0,0,0,0,,,,
94707,"Wilton Pereira Sampaio, Brazil",UTC,2019-10-10T23:00:00+00:00,1570748400,1570748400,1570752000,,Estádio do Maracanã,Rio de Janeiro,Match Finished,FT,90,71,Serie A,Brazil,https://media.api-sports.io/football/leagues/71.png,https://media.api-sports.io/flags/br.svg,2019,Regular Season - 24,127,Flamengo,https://media.api-sports.io/football/teams/127.png,True,1062,Atletico-MG,https://media.api-sports.io/football/teams/1062.png,False,3,1,1,0,3,1,,,,
94716,"Felipe Fernandes de Lima, Brazil",UTC,2019-10-12T20:00:00+00:00,1570910400,1570910400,1570914000,,Serra Dourada,Goiania,Match Finished,FT,90,71,Serie A,Brazil,https://media.api-sports.io/football/leagues/71.png,https://media.api-sports.io/flags/br.svg,2019,Regular Season - 25,151,Goias,https://media.api-sports.io/football/teams/151.png,True,150,CSA,https://media.api-sports.io/football/teams/150.png,False,1,0,1,0,1,0,,,,
94715,"Heber Roberto Lopes, Brazil",UTC,2019-10-12T22:00:00+00:00,1570917600,1570917600,1570921200,,Estádio do Maracanã,Rio de Janeiro,Match Finished,FT,90,71,Serie A,Brazil,https://media.api-sports.io/football/leagues/71.png,https://media.api-sports.io/flags/br.svg,2019,Regular Season - 25,124,Fluminense,https://media.api-sports.io/football/teams/124.png,True,118,Bahia,https://media.api-sports.io/football/teams/118.png,False,2,0,2,0,2,0,,,,
94718,"Anderson Daronco, Brazil",UTC,2019-10-13T00:00:00+00:00,1570924800,1570924800,1570928400,,Pacaembú,Sao Paulo,Match Finished,FT,90,71,Serie A,Brazil,https://media.api-sports.io/football/leagues/71.png,https://media.api-sports.io/flags/br.svg,2019,Regular Season - 25,121,Palmeiras,https://media.api-sports.io/football/teams/121.png,True,120,Botafogo,https://media.api-sports.io/football/teams/120.png,False,1,0,1,0,1,0,,,,
94717,"Bruno Arleu de Araujo, Brazil",UTC,2019-10-13T19:00:00+00:00,1570993200,1570993200,1570996800,,Estádio Beira Rio,Porto Alegre,Match Finished,FT,90,71,Serie A,Brazil,https://media.api-sports.io/football/leagues/71.png,https://media.api-sports.io/flags/br.svg,2019,Regular Season - 25,119,Internacional,https://media.api-sports.io/football/teams/119.png,,128,Santos,https://media.api-sports.io/football/teams/128.png,,0,0,0,0,0,0,,,,
94713,"Marcelo De Lima Henrique, Brazil",UTC,2019-10-13T19:00:00+00:00,1570993200,1570993200,1570996800,,Estadio Castelão,Fortaleza,Match Finished,FT,90,71,Serie A,Brazil,https://media.api-sports.io/football/leagues/71.png,https://media.api-sports.io/flags/br.svg,2019,Regular Season - 25,129,Ceara,https://media.api-sports.io/football/teams/129.png,True,145,Avai,https://media.api-sports.io/football/teams/145.png,False,1,0,0,0,1,0,,,,
94720,"Daniel Nobre Bins, Brazil",UTC,2019-10-13T19:00:00+00:00,1570993200,1570993200,1570996800,,São Januário,Rio de Janeiro,Match Finished,FT,90,71,Serie A,Brazil,https://media.api-sports.io/football/leagues/71.png,https://media.api-sports.io/flags/br.svg,2019,Regular Season - 25,133,Vasco DA Gama,https://media.api-sports.io/football/teams/133.png,True,154,Fortaleza EC,https://media.api-sports.io/football/teams/154.png,False,1,0,0,0,1,0,,,,
94711,"Braulio Da Silva Machado, Brazil",UTC,2019-10-13T19:00:00+00:00,1570993200,1570993200,1570996800,,Arena da Baixada,Curitiba,Match Finished,FT,90,71,Serie A,Brazil,https://media.api-sports.io/football/leagues/71.png,https://media.api-sports.io/flags/br.svg,2019,Regular Season - 25,134,Atletico Paranaense,https://media.api-sports.io/football/teams/134.png,False,127,Flamengo,https://media.api-sports.io/football/teams/127.png,True,0,2,0,1,0,2,,,,
94719,"Raphael Claus, Brazil",UTC,2019-10-13T21:00:00+00:00,1571000400,1571000400,1571004000,,Morumbi,Sao Paulo,Match Finished,FT,90,71,Serie A,Brazil,https://media.api-sports.io/football/leagues/71.png,https://media.api-sports.io/flags/br.svg,2019,Regular Season - 25,126,Sao Paulo,https://media.api-sports.io/football/teams/126.png,True,131,Corinthians,https://media.api-sports.io/football/teams/131.png,False,1,0,0,0,1,0,,,,
94714,"Caio Max Augusto Vieira, Brazil",UTC,2019-10-13T22:00:00+00:00,1571004000,1571004000,1571007600,,Arena Condá,Chapeco,Match Finished,FT,90,71,Serie A,Brazil,https://media.api-sports.io/football/leagues/71.png,https://media.api-sports.io/flags/br.svg,2019,Regular Season - 25,132,Chapecoense-sc,https://media.api-sports.io/football/teams/132.png,,135,Cruzeiro,https://media.api-sports.io/football/teams/135.png,,1,1,0,1,1,1,,,,
94712,"Luiz Flavio De Oliveira, Brazil",UTC,2019-10-13T22:00:00+00:00,1571004000,1571004000,1571007600,,Arena Independência,Belo Horizonte,Match Finished,FT,90,71,Serie A,Brazil,https://media.api-sports.io/football/leagues/71.png,https://media.api-sports.io/flags/br.svg,2019,Regular Season - 25,1062,Atletico-MG,https://media.api-sports.io/football/teams/1062.png,False,130,Gremio,https://media.api-sports.io/football/teams/130.png,True,1,4,1,2,1,4,,,,
94727,"Rodolpho Toski Marques, Brazil",UTC,2019-10-16T22:15:00+00:00,1571264100,1571264100,1571267700,,Arena do Grêmio,Porto Alegre,Match Finished,FT,90,71,Serie A,Brazil,https://media.api-sports.io/football/leagues/71.png,https://media.api-sports.io/flags/br.svg,2019,Regular Season - 26,130,Gremio,https://media.api-sports.io/football/teams/130.png,False,118,Bahia,https://media.api-sports.io/football/teams/118.png,True,0,1,0,0,0,1,,,,
94723,"Savio Pereira Sampaio, Brazil",UTC,2019-10-16T22:15:00+00:00,1571264100,1571264100,1571267700,,Estádio Rei Pelé,Maceio,Match Finished,FT,90,71,Serie A,Brazil,https://media.api-sports.io/football/leagues/71.png,https://media.api-sports.io/flags/br.svg,2019,Regular Season - 26,150,CSA,https://media.api-sports.io/football/teams/150.png,,1062,Atletico-MG,https://media.api-sports.io/football/teams/1062.png,,2,2,1,0,2,2,,,,
94725,"Paulo Roberto Alves Junior, Brazil",UTC,2019-10-16T23:00:00+00:00,1571266800,1571266800,1571270400,,Estadio Castelão,Fortaleza,Match Finished,FT,90,71,Serie A,Brazil,https://media.api-sports.io/football/leagues/71.png,https://media.api-sports.io/flags/br.svg,2019,Regular Season - 26,154,Fortaleza EC,https://media.api-sports.io/football/teams/154.png,False,127,Flamengo,https://media.api-sports.io/football/teams/127.png,True,1,2,0,0,1,2,,,,
94728,Vinicius Gomes,UTC,2019-10-17T00:00:00+00:00,1571270400,1571270400,1571274000,,"Allianz Parque (São Paulo, São Paulo)",,Match Finished,FT,90,71,Serie A,Brazil,https://media.api-sports.io/football/leagues/71.png,https://media.api-sports.io/flags/br.svg,2019,Regular Season - 26,121,Palmeiras,https://media.api-sports.io/football/teams/121.png,True,132,Chapecoense-sc,https://media.api-sports.io/football/teams/132.png,False,1,0,0,0,1,0,,,,
94722,Wilton Pereira Sampaio,UTC,2019-10-17T00:00:00+00:00,1571270400,1571270400,1571274000,,"Estádio Governador Magalhães Pinto (Belo Horizonte, Minas Gerais)",,Match Finished,FT,90,71,Serie A,Brazil,https://media.api-sports.io/football/leagues/71.png,https://media.api-sports.io/flags/br.svg,2019,Regular Season - 26,135,Cruzeiro,https://media.api-sports.io/football/teams/135.png,True,126,Sao Paulo,https://media.api-sports.io/football/teams/126.png,False,1,0,0,0,1,0,,,,
94730,Flavio Rodrigues De Souza,UTC,2019-10-17T00:30:00+00:00,1571272200,1571272200,1571275800,,"Estádio Club de Regatas Vasco da Gama (Rio de Janeiro, Rio de Janeiro)",,Match Finished,FT,90,71,Serie A,Brazil,https://media.api-sports.io/football/leagues/71.png,https://media.api-sports.io/flags/br.svg,2019,Regular Season - 26,133,Vasco DA Gama,https://media.api-sports.io/football/teams/133.png,True,120,Botafogo,https://media.api-sports.io/football/teams/120.png,False,2,1,2,1,2,1,,,,
94726,Wagner do Nascimento Magalhaes,UTC,2019-10-17T00:30:00+00:00,1571272200,1571272200,1571275800,,"Estádio do Governo do Estado de Goiás (Serra Dourada) (Goiânia, Goiás)",,Match Finished,FT,90,71,Serie A,Brazil,https://media.api-sports.io/football/leagues/71.png,https://media.api-sports.io/flags/br.svg,2019,Regular Season - 26,151,Goias,https://media.api-sports.io/football/teams/151.png,,131,Corinthians,https://media.api-sports.io/football/teams/131.png,,2,2,1,1,2,2,,,,
94729,"Rafael Traci, Brazil",UTC,2019-10-17T22:15:00+00:00,1571350500,1571350500,1571354100,,Urbano Caldeira,Santos,Match Finished,FT,90,71,Serie A,Brazil,https://media.api-sports.io/football/leagues/71.png,https://media.api-sports.io/flags/br.svg,2019,Regular Season - 26,128,Santos,https://media.api-sports.io/football/teams/128.png,True,129,Ceara,https://media.api-sports.io/football/teams/129.png,False,2,1,0,1,2,1,,,,
94721,"Thiago Duarte Peixoto, Brazil",UTC,2019-10-17T22:15:00+00:00,1571350500,1571350500,1571354100,,Estádio da Ressacada,Florianopolis,Match Finished,FT,90,71,Serie A,Brazil,https://media.api-sports.io/football/leagues/71.png,https://media.api-sports.io/flags/br.svg,2019,Regular Season - 26,145,Avai,https://media.api-sports.io/football/teams/145.png,False,119,Internacional,https://media.api-sports.io/football/teams/119.png,True,0,2,0,1,0,2,,,,
94724,"Rodrigo D'alonso Ferreira, Brazil",UTC,2019-10-18T00:00:00+00:00,1571356800,1571356800,1571360400,,Estádio do Maracanã,Rio de Janeiro,Match Finished,FT,90,71,Serie A,Brazil,https://media.api-sports.io/football/leagues/71.png,https://media.api-sports.io/flags/br.svg,2019,Regular Season - 26,124,Fluminense,https://media.api-sports.io/football/teams/124.png,False,134,Atletico Paranaense,https://media.api-sports.io/football/teams/134.png,True,1,2,1,1,1,2,,,,
94738,"Andre Luiz de Freitas Castro, Brazil",UTC,2019-10-19T20:00:00+00:00,1571515200,1571515200,1571518800,,Estadio Castelão,Fortaleza,Match Finished,FT,90,71,Serie A,Brazil,https://media.api-sports.io/football/leagues/71.png,https://media.api-sports.io/flags/br.svg,2019,Regular Season - 27,154,Fortaleza EC,https://media.api-sports.io/football/teams/154.png,True,130,Gremio,https://media.api-sports.io/football/teams/130.png,False,2,1,2,1,2,1,,,,
94736,"Bruno Arleu de Araujo, Brazil",UTC,2019-10-19T22:00:00+00:00,1571522400,1571522400,1571526000,,Arena Corinthians,Sao Paulo,Match Finished,FT,90,71,Serie A,Brazil,https://media.api-sports.io/football/leagues/71.png,https://media.api-sports.io/flags/br.svg,2019,Regular Season - 27,131,Corinthians,https://media.api-sports.io/football/teams/131.png,False,135,Cruzeiro,https://media.api-sports.io/football/teams/135.png,True,1,2,1,1,1,2,,,,
94739,"Vinicius Goncalves Dias Araujo, Brazil",UTC,2019-10-20T19:00:00+00:00,1571598000,1571598000,1571601600,,Estádio Beira Rio,Porto Alegre,Match Finished,FT,90,71,Serie A,Brazil,https://media.api-sports.io/football/leagues/71.png,https://media.api-sports.io/flags/br.svg,2019,Regular Season - 27,119,Internacional,https://media.api-sports.io/football/teams/119.png,False,133,Vasco DA Gama,https://media.api-sports.io/football/teams/133.png,True,0,1,0,0,0,1,,,,
94740,"Dewson Fernando Freitas da Silva, Brazil",UTC,2019-10-20T19:00:00+00:00,1571598000,1571598000,1571601600,,Morumbi,Sao Paulo,Match Finished,FT,90,71,Serie A,Brazil,https://media.api-sports.io/football/leagues/71.png,https://media.api-sports.io/flags/br.svg,2019,Regular Season - 27,126,Sao Paulo,https://media.api-sports.io/football/teams/126.png,True,145,Avai,https://media.api-sports.io/football/teams/145.png,False,1,0,0,0,1,0,,,,
94732,"Caio Max Augusto Vieira, Brazil",UTC,2019-10-20T19:00:00+00:00,1571598000,1571598000,1571601600,,Arena Independência,Belo Horizonte,Match Finished,FT,90,71,Serie A,Brazil,https://media.api-sports.io/football/leagues/71.png,https://media.api-sports.io/flags/br.svg,2019,Regular Season - 27,1062,Atletico-MG,https://media.api-sports.io/football/teams/1062.png,True,128,Santos,https://media.api-sports.io/football/teams/128.png,False,2,0,2,0,2,0,,,,
94737,"Anderson Daronco, Brazil",UTC,2019-10-20T21:00:00+00:00,1571605200,1571605200,1571608800,,Estádio do Maracanã,Rio de Janeiro,Match Finished,FT,90,71,Serie A,Brazil,https://media.api-sports.io/football/leagues/71.png,https://media.api-sports.io/flags/br.svg,2019,Regular Season - 27,127,Flamengo,https://media.api-sports.io/football/teams/127.png,True,124,Fluminense,https://media.api-sports.io/football/teams/124.png,False,2,0,1,0,2,0,,,,
94735,"Gilberto Rodrigues Castro Junior, Brazil",UTC,2019-10-20T22:00:00+00:00,1571608800,1571608800,1571612400,,Arena Condá,Chapeco,Match Finished,FT,90,71,Serie A,Brazil,https://media.api-sports.io/football/leagues/71.png,https://media.api-sports.io/flags/br.svg,2019,Regular Season - 27,132,Chapecoense-sc,https://media.api-sports.io/football/teams/132.png,,151,Goias,https://media.api-sports.io/football/teams/151.png,,2,2,2,0,2,2,,,,
94731,"Ricardo Marques Ribeiro, Brazil",UTC,2019-10-20T22:00:00+00:00,1571608800,1571608800,1571612400,,Arena da Baixada,Curitiba,Match Finished,FT,90,71,Serie A,Brazil,https://media.api-sports.io/football/leagues/71.png,https://media.api-sports.io/flags/br.svg,2019,Regular Season - 27,134,Atletico Paranaense,https://media.api-sports.io/football/teams/134.png,,121,Palmeiras,https://media.api-sports.io/football/teams/121.png,,1,1,1,1,1,1,,,,
94733,"Luiz Flavio De Oliveira, Brazil",UTC,2019-10-21T22:30:00+00:00,1571697000,1571697000,1571700600,,Arena Fonte Nova,Salvador,Match Finished,FT,90,71,Serie A,Brazil,https://media.api-sports.io/football/leagues/71.png,https://media.api-sports.io/flags/br.svg,2019,Regular Season - 27,118,Bahia,https://media.api-sports.io/football/teams/118.png,False,129,Ceara,https://media.api-sports.io/football/teams/129.png,True,1,2,0,0,1,2,,,,
94734,"Leandro Pedro Vuaden, Brazil",UTC,2019-10-21T23:00:00+00:00,1571698800,1571698800,1571702400,,Estadio Olimpico Nilton Santos,Rio de Janeiro,Match Finished,FT,90,71,Serie A,Brazil,https://media.api-sports.io/football/leagues/71.png,https://media.api-sports.io/flags/br.svg,2019,Regular Season - 27,120,Botafogo,https://media.api-sports.io/football/teams/120.png,True,150,CSA,https://media.api-sports.io/football/teams/150.png,False,2,1,1,0,2,1,,,,
94744,"Jean Pierre Goncalves Lima, Brazil",UTC,2019-10-26T20:00:00+00:00,1572120000,1572120000,1572123600,,Estadio Castelão,Fortaleza,Match Finished,FT,90,71,Serie A,Brazil,https://media.api-sports.io/football/leagues/71.png,https://media.api-sports.io/flags/br.svg,2019,Regular Season - 28,129,Ceara,https://media.api-sports.io/football/teams/129.png,,133,Vasco DA Gama,https://media.api-sports.io/football/teams/133.png,,1,1,0,1,1,1,,,,
94745,"Luiz Flavio De Oliveira, Brazil",UTC,2019-10-26T20:00:00+00:00,1572120000,1572120000,1572123600,,Arena Corinthians,Sao Paulo,Match Finished,FT,90,71,Serie A,Brazil,https://media.api-sports.io/football/leagues/71.png,https://media.api-sports.io/flags/br.svg,2019,Regular Season - 28,131,Corinthians,https://media.api-sports.io/football/teams/131.png,,128,Santos,https://media.api-sports.io/football/teams/128.png,,0,0,0,0,0,0,,,,
94743,"Marcelo De Lima Henrique, Brazil",UTC,2019-10-26T22:00:00+00:00,1572127200,1572127200,1572130800,,Arena Fonte Nova,Salvador,Match Finished,FT,90,71,Serie A,Brazil,https://media.api-sports.io/football/leagues/71.png,https://media.api-sports.io/flags/br.svg,2019,Regular Season - 28,118,Bahia,https://media.api-sports.io/football/teams/118.png,False,119,Internacional,https://media.api-sports.io/football/teams/119.png,True,2,3,0,0,2,3,,,,
94748,"Savio Pereira Sampaio, Brazil",UTC,2019-10-26T22:30:00+00:00,1572129000,1572129000,1572132600,,Estádio do Maracanã,Rio de Janeiro,Match Finished,FT,90,71,Serie A,Brazil,https://media.api-sports.io/football/leagues/71.png,https://media.api-sports.io/flags/br.svg,2019,Regular Season - 28,124,Fluminense,https://media.api-sports.io/football/teams/124.png,,132,Chapecoense-sc,https://media.api-sports.io/football/teams/132.png,,1,1,0,1,1,1,,,,
94746,"Raphael Claus, Brazil",UTC,2019-10-27T00:00:00+00:00,1572134400,1572134400,1572138000,,Estádio Mineirão,Belo Horizonte,Match Finished,FT,90,71,Serie A,Brazil,https://media.api-sports.io/football/leagues/71.png,https://media.api-sports.io/flags/br.svg,2019,Regular Season - 28,135,Cruzeiro,https://media.api-sports.io/football/teams/135.png,,154,Fortaleza EC,https://media.api-sports.io/football/teams/154.png,,1,1,0,0,1,1,,,,
94750,"Bruno Arleu de Araujo, Brazil",UTC,2019-10-27T18:00:00+00:00,1572199200,1572199200,1572202800,,Morumbi,Sao Paulo,Match Finished,FT,90,71,Serie A,Brazil,https://media.api-sports.io/football/leagues/71.png,https://media.api-sports.io/flags/br.svg,2019,Regular Season - 28,126,Sao Paulo,https://media.api-sports.io/football/teams/126.png,True,1062,Atletico-MG,https://media.api-sports.io/football/teams/1062.png,False,2,0,0,0,2,0,,,,
94749,"Rafael Traci, Brazil",UTC,2019-10-27T18:00:00+00:00,1572199200,1572199200,1572202800,,Arena do Grêmio,Porto Alegre,Match Finished,FT,90,71,Serie A,Brazil,https://media.api-sports.io/football/leagues/71.png,https://media.api-sports.io/flags/br.svg,2019,Regular Season - 28,130,Gremio,https://media.api-sports.io/football/teams/130.png,True,120,Botafogo,https://media.api-sports.io/football/teams/120.png,False,3,0,1,0,3,0,,,,
94741,"Flavio Rodrigues De Souza, Brazil",UTC,2019-10-27T18:00:00+00:00,1572199200,1572199200,1572202800,,Arena da Baixada,Curitiba,Match Finished,FT,90,71,Serie A,Brazil,https://media.api-sports.io/football/leagues/71.png,https://media.api-sports.io/flags/br.svg,2019,Regular Season - 28,134,Atletico Paranaense,https://media.api-sports.io/football/teams/134.png,True,151,Goias,https://media.api-sports.io/football/teams/151.png,False,4,1,0,1,4,1,,,,
94742,"Wilton Pereira Sampaio, Brazil",UTC,2019-10-27T20:00:00+00:00,1572206400,1572206400,1572210000,,Estádio da Ressacada,Florianopolis,Match Finished,FT,90,71,Serie A,Brazil,https://media.api-sports.io/football/leagues/71.png,https://media.api-sports.io/flags/br.svg,2019,Regular Season - 28,145,Avai,https://media.api-sports.io/football/teams/145.png,False,121,Palmeiras,https://media.api-sports.io/football/teams/121.png,True,1,2,0,0,1,2,,,,
94747,"Rodolpho Toski Marques, Brazil",UTC,2019-10-27T21:00:00+00:00,1572210000,1572210000,1572213600,,Estádio do Maracanã,Rio de Janeiro,Match Finished,FT,90,71,Serie A,Brazil,https://media.api-sports.io/football/leagues/71.png,https://media.api-sports.io/flags/br.svg,2019,Regular Season - 28,127,Flamengo,https://media.api-sports.io/football/teams/127.png,True,150,CSA,https://media.api-sports.io/football/teams/150.png,False,1,0,1,0,1,0,,,,
94758,"Raphael Claus, Brazil",UTC,2019-10-30T22:30:00+00:00,1572474600,1572474600,1572478200,,Allianz Parque,Sao Paulo,Match Finished,FT,90,71,Serie A,Brazil,https://media.api-sports.io/football/leagues/71.png,https://media.api-sports.io/flags/br.svg,2019,Regular Season - 29,121,Palmeiras,https://media.api-sports.io/football/teams/121.png,True,126,Sao Paulo,https://media.api-sports.io/football/teams/126.png,False,3,0,2,0,3,0,,,,
94752,"Marcelo Aparecido Ribeiro de Souza, Brazil",UTC,2019-10-30T22:30:00+00:00,1572474600,1572474600,1572478200,,Estádio da Ressacada,Florianopolis,Match Finished,FT,90,71,Serie A,Brazil,https://media.api-sports.io/football/leagues/71.png,https://media.api-sports.io/flags/br.svg,2019,Regular Season - 29,145,Avai,https://media.api-sports.io/football/teams/145.png,False,154,Fortaleza EC,https://media.api-sports.io/football/teams/154.png,True,1,3,0,1,1,3,,,,
94751,"Diego Pombo Lopez, Brazil",UTC,2019-10-30T22:30:00+00:00,1572474600,1572474600,1572478200,,Arena Independência,Belo Horizonte,Match Finished,FT,90,71,Serie A,Brazil,https://media.api-sports.io/football/leagues/71.png,https://media.api-sports.io/flags/br.svg,2019,Regular Season - 29,1062,Atletico-MG,https://media.api-sports.io/football/teams/1062.png,False,132,Chapecoense-sc,https://media.api-sports.io/football/teams/132.png,True,0,2,0,1,0,2,,,,
94754,"Leandro Pedro Vuaden, Brazil",UTC,2019-10-31T00:30:00+00:00,1572481800,1572481800,1572485400,,Estadio Castelão,Fortaleza,Match Finished,FT,90,71,Serie A,Brazil,https://media.api-sports.io/football/leagues/71.png,https://media.api-sports.io/flags/br.svg,2019,Regular Season - 29,129,Ceara,https://media.api-sports.io/football/teams/129.png,True,124,Fluminense,https://media.api-sports.io/football/teams/124.png,False,2,0,1,0,2,0,,,,
94760,"Wilton Pereira Sampaio, Brazil",UTC,2019-10-31T00:30:00+00:00,1572481800,1572481800,1572485400,,São Januário,Rio de Janeiro,Match Finished,FT,90,71,Serie A,Brazil,https://media.api-sports.io/football/leagues/71.png,https://media.api-sports.io/flags/br.svg,2019,Regular Season - 29,133,Vasco DA Gama,https://media.api-sports.io/football/teams/133.png,False,130,Gremio,https://media.api-sports.io/football/teams/130.png,True,1,3,1,1,1,3,,,,
94755,"Rafael Traci, Brazil",UTC,2019-10-31T00:30:00+00:00,1572481800,1572481800,1572485400,,Estádio Rei Pelé,Maceio,Match Finished,FT,90,71,Serie A,Brazil,https://media.api-sports.io/football/leagues/71.png,https://media.api-sports.io/flags/br.svg,2019,Regular Season - 29,150,CSA,https://media.api-sports.io/football/teams/150.png,True,131,Corinthians,https://media.api-sports.io/football/teams/131.png,False,2,1,1,1,2,1,,,,
94759,"Wagner do Nascimento Magalhaes, Brazil",UTC,2019-10-31T22:15:00+00:00,1572560100,1572560100,1572563700,,Urbano Caldeira,Santos,Match Finished,FT,90,71,Serie A,Brazil,https://media.api-sports.io/football/leagues/71.png,https://media.api-sports.io/flags/br.svg,2019,Regular Season - 29,128,Santos,https://media.api-sports.io/football/teams/128.png,True,118,Bahia,https://media.api-sports.io/football/teams/118.png,False,1,0,0,0,1,0,,,,
94756,"Ricardo Marques Ribeiro, Brazil",UTC,2019-10-31T23:00:00+00:00,1572562800,1572562800,1572566400,,Serra Dourada,Goiania,Match Finished,FT,90,71,Serie A,Brazil,https://media.api-sports.io/football/leagues/71.png,https://media.api-sports.io/flags/br.svg,2019,Regular Season - 29,151,Goias,https://media.api-sports.io/football/teams/151.png,,127,Flamengo,https://media.api-sports.io/football/teams/127.png,,2,2,0,0,2,2,,,,
94757,"Andre Luiz de Freitas Castro, Brazil",UTC,2019-11-01T00:30:00+00:00,1572568200,1572568200,1572571800,,Estádio Beira Rio,Porto Alegre,Match Finished,FT,90,71,Serie A,Brazil,https://media.api-sports.io/football/leagues/71.png,https://media.api-sports.io/flags/br.svg,2019,Regular Season - 29,119,Internacional,https://media.api-sports.io/football/teams/119.png,,134,Atletico Paranaense,https://media.api-sports.io/football/teams/134.png,,1,1,1,1,1,1,,,,
94753,"Caio Max Augusto Vieira, Brazil",UTC,2019-11-01T00:30:00+00:00,1572568200,1572568200,1572571800,,Estadio Olimpico Nilton Santos,Rio de Janeiro,Match Finished,FT,90,71,Serie A,Brazil,https://media.api-sports.io/football/leagues/71.png,https://media.api-sports.io/flags/br.svg,2019,Regular Season - 29,120,Botafogo,https://media.api-sports.io/football/teams/120.png,False,135,Cruzeiro,https://media.api-sports.io/football/teams/135.png,True,0,2,0,1,0,2,,,,
94766,"Rodolpho Toski Marques, Brazil",UTC,2019-11-02T20:00:00+00:00,1572724800,1572724800,1572728400,,Estadio Castelão,Fortaleza,Match Finished,FT,90,71,Serie A,Brazil,https://media.api-sports.io/football/leagues/71.png,https://media.api-sports.io/flags/br.svg,2019,Regular Season - 30,154,Fortaleza EC,https://media.api-sports.io/football/teams/154.png,,1062,Atletico-MG,https://media.api-sports.io/football/teams/1062.png,,2,2,2,1,2,2,,,,
94769,"Felipe Fernandes de Lima, Brazil",UTC,2019-11-02T22:00:00+00:00,1572732000,1572732000,1572735600,,Allianz Parque,Sao Paulo,Match Finished,FT,90,71,Serie A,Brazil,https://media.api-sports.io/football/leagues/71.png,https://media.api-sports.io/flags/br.svg,2019,Regular Season - 30,121,Palmeiras,https://media.api-sports.io/football/teams/121.png,True,129,Ceara,https://media.api-sports.io/football/teams/129.png,False,1,0,1,0,1,0,,,,
94765,"Raphael Claus, Brazil",UTC,2019-11-02T22:00:00+00:00,1572732000,1572732000,1572735600,,Estádio do Maracanã,Rio de Janeiro,Match Finished,FT,90,71,Serie A,Brazil,https://media.api-sports.io/football/leagues/71.png,https://media.api-sports.io/flags/br.svg,2019,Regular Season - 30,124,Fluminense,https://media.api-sports.io/football/teams/124.png,,133,Vasco DA Gama,https://media.api-sports.io/football/teams/133.png,,0,0,0,0,0,0,,,,
94762,"Anderson Daronco, Brazil",UTC,2019-11-03T00:00:00+00:00,1572739200,1572739200,1572742800,,Arena Condá,Chapeco,Match Finished,FT,90,71,Serie A,Brazil,https://media.api-sports.io/football/leagues/71.png,https://media.api-sports.io/flags/br.svg,2019,Regular Season - 30,132,Chapecoense-sc,https://media.api-sports.io/football/teams/132.png,False,126,Sao Paulo,https://media.api-sports.io/football/teams/126.png,True,0,3,0,2,0,3,,,,
94764,"Jean Pierre Goncalves Lima, Brazil",UTC,2019-11-03T19:00:00+00:00,1572807600,1572807600,1572811200,,Estádio do Maracanã,Rio de Janeiro,Match Finished,FT,90,71,Serie A,Brazil,https://media.api-sports.io/football/leagues/71.png,https://media.api-sports.io/flags/br.svg,2019,Regular Season - 30,127,Flamengo,https://media.api-sports.io/football/teams/127.png,True,131,Corinthians,https://media.api-sports.io/football/teams/131.png,False,4,1,2,0,4,1,,,,
94768,"Flavio Rodrigues De Souza, Brazil",UTC,2019-11-03T21:00:00+00:00,1572814800,1572814800,1572818400,,Arena do Grêmio,Porto Alegre,Match Finished,FT,90,71,Serie A,Brazil,https://media.api-sports.io/football/leagues/71.png,https://media.api-sports.io/flags/br.svg,2019,Regular Season - 30,130,Gremio,https://media.api-sports.io/football/teams/130.png,True,119,Internacional,https://media.api-sports.io/football/teams/119.png,False,2,0,1,0,2,0,,,,
94761,"Savio Pereira Sampaio, Brazil",UTC,2019-11-03T21:00:00+00:00,1572814800,1572814800,1572818400,,Arena da Baixada,Curitiba,Match Finished,FT,90,71,Serie A,Brazil,https://media.api-sports.io/football/leagues/71.png,https://media.api-sports.io/flags/br.svg,2019,Regular Season - 30,134,Atletico Paranaense,https://media.api-sports.io/football/teams/134.png,True,150,CSA,https://media.api-sports.io/football/teams/150.png,False,1,0,0,0,1,0,,,,
94770,"Rodrigo D'alonso Ferreira, Brazil",UTC,2019-11-03T22:00:00+00:00,1572818400,1572818400,1572822000,,Urbano Caldeira,Santos,Match Finished,FT,90,71,Serie A,Brazil,https://media.api-sports.io/football/leagues/71.png,https://media.api-sports.io/flags/br.svg,2019,Regular Season - 30,128,Santos,https://media.api-sports.io/football/teams/128.png,True,120,Botafogo,https://media.api-sports.io/football/teams/120.png,False,4,1,2,1,4,1,,,,
94763,"Reway Wagner, Brazil",UTC,2019-11-03T22:00:00+00:00,1572818400,1572818400,1572822000,,Estádio Mineirão,Belo Horizonte,Match Finished,FT,90,71,Serie A,Brazil,https://media.api-sports.io/football/leagues/71.png,https://media.api-sports.io/flags/br.svg,2019,Regular Season - 30,135,Cruzeiro,https://media.api-sports.io/football/teams/135.png,,118,Bahia,https://media.api-sports.io/football/teams/118.png,,1,1,0,0,1,1,,,,
94767,"Vinicius Goncalves Dias Araujo, Brazil",UTC,2019-11-03T22:30:00+00:00,1572820200,1572820200,1572823800,,Serra Dourada,Goiania,Match Finished,FT,90,71,Serie A,Brazil,https://media.api-sports.io/football/leagues/71.png,https://media.api-sports.io/flags/br.svg,2019,Regular Season - 30,151,Goias,https://media.api-sports.io/football/teams/151.png,True,145,Avai,https://media.api-sports.io/football/teams/145.png,False,2,0,0,0,2,0,,,,
94777,"Caio Max Augusto Vieira, Brazil",UTC,2019-11-06T22:30:00+00:00,1573079400,1573079400,1573083000,,Arena Corinthians,Sao Paulo,Match Finished,FT,90,71,Serie A,Brazil,https://media.api-sports.io/football/leagues/71.png,https://media.api-sports.io/flags/br.svg,2019,Regular Season - 31,131,Corinthians,https://media.api-sports.io/football/teams/131.png,True,154,Fortaleza EC,https://media.api-sports.io/football/teams/154.png,False,3,2,1,1,3,2,,,,
94772,"Thiago Duarte Peixoto, Brazil",UTC,2019-11-06T23:00:00+00:00,1573081200,1573081200,1573084800,,Arena Independência,Belo Horizonte,Match Finished,FT,90,71,Serie A,Brazil,https://media.api-sports.io/football/leagues/71.png,https://media.api-sports.io/flags/br.svg,2019,Regular Season - 31,1062,Atletico-MG,https://media.api-sports.io/football/teams/1062.png,True,151,Goias,https://media.api-sports.io/football/teams/151.png,False,2,0,0,0,2,0,,,,
94773,"Marcelo De Lima Henrique, Brazil",UTC,2019-11-07T00:00:00+00:00,1573084800,1573084800,1573088400,,Estádio da Ressacada,Florianopolis,Match Finished,FT,90,71,Serie A,Brazil,https://media.api-sports.io/football/leagues/71.png,https://media.api-sports.io/flags/br.svg,2019,Regular Season - 31,145,Avai,https://media.api-sports.io/football/teams/145.png,False,128,Santos,https://media.api-sports.io/football/teams/128.png,True,1,2,1,2,1,2,,,,
94774,"Vinicius Furlan, Brazil",UTC,2019-11-07T00:30:00+00:00,1573086600,1573086600,1573090200,,Arena Fonte Nova,Salvador,Match Finished,FT,90,71,Serie A,Brazil,https://media.api-sports.io/football/leagues/71.png,https://media.api-sports.io/flags/br.svg,2019,Regular Season - 31,118,Bahia,https://media.api-sports.io/football/teams/118.png,,132,Chapecoense-sc,https://media.api-sports.io/football/teams/132.png,,1,1,0,1,1,1,,,,
94780,"Rafael Traci, Brazil",UTC,2019-11-07T00:30:00+00:00,1573086600,1573086600,1573090200,,São Januário,Rio de Janeiro,Match Finished,FT,90,71,Serie A,Brazil,https://media.api-sports.io/football/leagues/71.png,https://media.api-sports.io/flags/br.svg,2019,Regular Season - 31,133,Vasco DA Gama,https://media.api-sports.io/football/teams/133.png,False,121,Palmeiras,https://media.api-sports.io/football/teams/121.png,True,1,2,1,1,1,2,,,,
94771,"Luiz Flavio De Oliveira, Brazil",UTC,2019-11-07T00:30:00+00:00,1573086600,1573086600,1573090200,,Arena da Baixada,Curitiba,Match Finished,FT,90,71,Serie A,Brazil,https://media.api-sports.io/football/leagues/71.png,https://media.api-sports.io/flags/br.svg,2019,Regular Season - 31,134,Atletico Paranaense,https://media.api-sports.io/football/teams/134.png,,135,Cruzeiro,https://media.api-sports.io/football/teams/135.png,,0,0,0,0,0,0,,,,
94779,"Daniel Nobre Bins, Brazil",UTC,2019-11-07T22:30:00+00:00,1573165800,1573165800,1573169400,,Morumbi,Sao Paulo,Match Finished,FT,90,71,Serie A,Brazil,https://media.api-sports.io/football/leagues/71.png,https://media.api-sports.io/flags/br.svg,2019,Regular Season - 31,126,Sao Paulo,https://media.api-sports.io/football/teams/126.png,False,124,Fluminense,https://media.api-sports.io/football/teams/124.png,True,0,2,0,2,0,2,,,,
94776,"Wilton Pereira Sampaio, Brazil",UTC,2019-11-07T22:30:00+00:00,1573165800,1573165800,1573169400,,Estadio Castelão,Fortaleza,Match Finished,FT,90,71,Serie A,Brazil,https://media.api-sports.io/football/leagues/71.png,https://media.api-sports.io/flags/br.svg,2019,Regular Season - 31,129,Ceara,https://media.api-sports.io/football/teams/129.png,True,119,Internacional,https://media.api-sports.io/football/teams/119.png,False,2,0,1,0,2,0,,,,
94775,"Leandro Pedro Vuaden, Brazil",UTC,2019-11-07T23:00:00+00:00,1573167600,1573167600,1573171200,,Estadio Olimpico Nilton Santos,Rio de Janeiro,Match Finished,FT,90,71,Serie A,Brazil,https://media.api-sports.io/football/leagues/71.png,https://media.api-sports.io/flags/br.svg,2019,Regular Season - 31,120,Botafogo,https://media.api-sports.io/football/teams/120.png,False,127,Flamengo,https://media.api-sports.io/football/teams/127.png,True,0,1,0,0,0,1,,,,
94778,"Jose Mendonca da Silva Junior, Brazil",UTC,2019-11-08T00:00:00+00:00,1573171200,1573171200,1573174800,,Arena do Grêmio,Porto Alegre,Match Finished,FT,90,71,Serie A,Brazil,https://media.api-sports.io/football/leagues/71.png,https://media.api-sports.io/flags/br.svg,2019,Regular Season - 31,130,Gremio,https://media.api-sports.io/football/teams/130.png,True,150,CSA,https://media.api-sports.io/football/teams/150.png,False,2,1,1,0,2,1,,,,
94787,"Bruno Arleu de Araujo, Brazil",UTC,2019-11-09T20:00:00+00:00,1573329600,1573329600,1573333200,,Serra Dourada,Goiania,Match Finished,FT,90,71,Serie A,Brazil,https://media.api-sports.io/football/leagues/71.png,https://media.api-sports.io/flags/br.svg,2019,Regular Season - 32,151,Goias,https://media.api-sports.io/football/teams/151.png,False,128,Santos,https://media.api-sports.io/football/teams/128.png,True,0,3,0,1,0,3,,,,
94789,"Vinicius Goncalves Dias Araujo, Brazil",UTC,2019-11-09T22:00:00+00:00,1573336800,1573336800,1573340400,,Allianz Parque,Sao Paulo,Match Finished,FT,90,71,Serie A,Brazil,https://media.api-sports.io/football/leagues/71.png,https://media.api-sports.io/flags/br.svg,2019,Regular Season - 32,121,Palmeiras,https://media.api-sports.io/football/teams/121.png,,131,Corinthians,https://media.api-sports.io/football/teams/131.png,,1,1,0,0,1,1,,,,
94788,"Rodolpho Toski Marques, Brazil",UTC,2019-11-10T19:00:00+00:00,1573412400,1573412400,1573416000,,Estádio Beira Rio,Porto Alegre,Match Finished,FT,90,71,Serie A,Brazil,https://media.api-sports.io/football/leagues/71.png,https://media.api-sports.io/flags/br.svg,2019,Regular Season - 32,119,Internacional,https://media.api-sports.io/football/teams/119.png,True,124,Fluminense,https://media.api-sports.io/football/teams/124.png,False,2,1,2,0,2,1,,,,
94790,"Wagner do Nascimento Magalhaes, Brazil",UTC,2019-11-10T19:00:00+00:00,1573412400,1573412400,1573416000,,Morumbi,Sao Paulo,Match Finished,FT,90,71,Serie A,Brazil,https://media.api-sports.io/football/leagues/71.png,https://media.api-sports.io/flags/br.svg,2019,Regular Season - 32,126,Sao Paulo,https://media.api-sports.io/football/teams/126.png,False,134,Atletico Paranaense,https://media.api-sports.io/football/teams/134.png,True,0,1,0,0,0,1,,,,
94783,"Jean Pierre Goncalves Lima, Brazil",UTC,2019-11-10T19:00:00+00:00,1573412400,1573412400,1573416000,,Estádio Mineirão,Belo Horizonte,Match Finished,FT,90,71,Serie A,Brazil,https://media.api-sports.io/football/leagues/71.png,https://media.api-sports.io/flags/br.svg,2019,Regular Season - 32,135,Cruzeiro,https://media.api-sports.io/football/teams/135.png,,1062,Atletico-MG,https://media.api-sports.io/football/teams/1062.png,,0,0,0,0,0,0,,,,
94785,"Caio Max Augusto Vieira, Brazil",UTC,2019-11-10T21:00:00+00:00,1573419600,1573419600,1573423200,,Estádio do Maracanã,Rio de Janeiro,Match Finished,FT,90,71,Serie A,Brazil,https://media.api-sports.io/football/leagues/71.png,https://media.api-sports.io/flags/br.svg,2019,Regular Season - 32,127,Flamengo,https://media.api-sports.io/football/teams/127.png,True,118,Bahia,https://media.api-sports.io/football/teams/118.png,False,3,1,0,1,3,1,,,,
94782,"Marcelo De Lima Henrique, Brazil",UTC,2019-11-10T22:00:00+00:00,1573423200,1573423200,1573426800,,Arena Condá,Chapeco,Match Finished,FT,90,71,Serie A,Brazil,https://media.api-sports.io/football/leagues/71.png,https://media.api-sports.io/flags/br.svg,2019,Regular Season - 32,132,Chapecoense-sc,https://media.api-sports.io/football/teams/132.png,False,130,Gremio,https://media.api-sports.io/football/teams/130.png,True,0,1,0,1,0,1,,,,
94784,"Rodrigo D'alonso Ferreira, Brazil",UTC,2019-11-10T22:00:00+00:00,1573423200,1573423200,1573426800,,Estádio Rei Pelé,Maceio,Match Finished,FT,90,71,Serie A,Brazil,https://media.api-sports.io/football/leagues/71.png,https://media.api-sports.io/flags/br.svg,2019,Regular Season - 32,150,CSA,https://media.api-sports.io/football/teams/150.png,False,133,Vasco DA Gama,https://media.api-sports.io/football/teams/133.png,True,0,3,0,1,0,3,,,,
94786,"Flavio Rodrigues De Souza, Brazil",UTC,2019-11-10T22:00:00+00:00,1573423200,1573423200,1573426800,,Estadio Castelão,Fortaleza,Match Finished,FT,90,71,Serie A,Brazil,https://media.api-sports.io/football/leagues/71.png,https://media.api-sports.io/flags/br.svg,2019,Regular Season - 32,154,Fortaleza EC,https://media.api-sports.io/football/teams/154.png,True,129,Ceara,https://media.api-sports.io/football/teams/129.png,False,1,0,1,0,1,0,,,,
94781,"Savio Pereira Sampaio, Brazil",UTC,2019-11-11T23:00:00+00:00,1573513200,1573513200,1573516800,,Estadio Olimpico Nilton Santos,Rio de Janeiro,Match Finished,FT,90,71,Serie A,Brazil,https://media.api-sports.io/football/leagues/71.png,https://media.api-sports.io/flags/br.svg,2019,Regular Season - 32,120,Botafogo,https://media.api-sports.io/football/teams/120.png,True,145,Avai,https://media.api-sports.io/football/teams/145.png,False,2,0,1,0,2,0,,,,
94806,"Wilton Pereira Sampaio, Brazil",UTC,2019-11-14T00:30:00+00:00,1573691400,1573691400,1573695000,,Estádio do Maracanã,Rio de Janeiro,Match Finished,FT,90,71,Serie A,Brazil,https://media.api-sports.io/football/leagues/71.png,https://media.api-sports.io/flags/br.svg,2019,Regular Season - 34,127,Flamengo,https://media.api-sports.io/football/teams/127.png,,133,Vasco DA Gama,https://media.api-sports.io/football/teams/133.png,,4,4,2,2,4,4,,,,
94799,"Flavio Rodrigues De Souza, Brazil",UTC,2019-11-16T20:00:00+00:00,1573934400,1573934400,1573938000,,Urbano Caldeira,Santos,Match Finished,FT,90,71,Serie A,Brazil,https://media.api-sports.io/football/leagues/71.png,https://media.api-sports.io/flags/br.svg,2019,Regular Season - 33,128,Santos,https://media.api-sports.io/football/teams/128.png,,126,Sao Paulo,https://media.api-sports.io/football/teams/126.png,,1,1,1,0,1,1,,,,
94796,"Leandro Pedro Vuaden, Brazil",UTC,2019-11-16T22:00:00+00:00,1573941600,1573941600,1573945200,,Estádio do Maracanã,Rio de Janeiro,Match Finished,FT,90,71,Serie A,Brazil,https://media.api-sports.io/football/leagues/71.png,https://media.api-sports.io/flags/br.svg,2019,Regular Season - 33,124,Fluminense,https://media.api-sports.io/football/teams/124.png,,1062,Atletico-MG,https://media.api-sports.io/football/teams/1062.png,,1,1,1,0,1,1,,,,
94792,"Bruno Arleu de Araujo, Brazil",UTC,2019-11-17T19:00:00+00:00,1574017200,1574017200,1574020800,,Arena Fonte Nova,Salvador,Match Finished,FT,90,71,Serie A,Brazil,https://media.api-sports.io/football/leagues/71.png,https://media.api-sports.io/flags/br.svg,2019,Regular Season - 33,118,Bahia,https://media.api-sports.io/football/teams/118.png,,121,Palmeiras,https://media.api-sports.io/football/teams/121.png,,1,1,1,0,1,1,,,,
94798,"Raphael Claus, Brazil",UTC,2019-11-17T19:00:00+00:00,1574017200,1574017200,1574020800,,Arena do Grêmio,Porto Alegre,Match Finished,FT,90,71,Serie A,Brazil,https://media.api-sports.io/football/leagues/71.png,https://media.api-sports.io/flags/br.svg,2019,Regular Season - 33,130,Gremio,https://media.api-sports.io/football/teams/130.png,False,127,Flamengo,https://media.api-sports.io/football/teams/127.png,True,0,1,0,1,0,1,,,,
94794,"Marcelo De Lima Henrique, Brazil",UTC,2019-11-17T21:00:00+00:00,1574024400,1574024400,1574028000,,Arena Corinthians,Sao Paulo,Match Finished,FT,90,71,Serie A,Brazil,https://media.api-sports.io/football/leagues/71.png,https://media.api-sports.io/flags/br.svg,2019,Regular Season - 33,131,Corinthians,https://media.api-sports.io/football/teams/131.png,,119,Internacional,https://media.api-sports.io/football/teams/119.png,,0,0,0,0,0,0,,,,
94793,"Rodolpho Toski Marques, Brazil",UTC,2019-11-17T21:00:00+00:00,1574024400,1574024400,1574028000,,Arena Condá,Chapeco,Match Finished,FT,90,71,Serie A,Brazil,https://media.api-sports.io/football/leagues/71.png,https://media.api-sports.io/flags/br.svg,2019,Regular Season - 33,132,Chapecoense-sc,https://media.api-sports.io/football/teams/132.png,True,129,Ceara,https://media.api-sports.io/football/teams/129.png,False,1,0,0,0,1,0,,,,
94791,"Braulio Da Silva Machado, Brazil",UTC,2019-11-17T21:00:00+00:00,1574024400,1574024400,1574028000,,Arena da Baixada,Curitiba,Match Finished,FT,90,71,Serie A,Brazil,https://media.api-sports.io/football/leagues/71.png,https://media.api-sports.io/flags/br.svg,2019,Regular Season - 33,134,Atletico Paranaense,https://media.api-sports.io/football/teams/134.png,True,120,Botafogo,https://media.api-sports.io/football/teams/120.png,False,1,0,0,0,1,0,,,,
94797,"Anderson Daronco, Brazil",UTC,2019-11-17T22:00:00+00:00,1574028000,1574028000,1574031600,,Estadio Castelão,Fortaleza,Match Finished,FT,90,71,Serie A,Brazil,https://media.api-sports.io/football/leagues/71.png,https://media.api-sports.io/flags/br.svg,2019,Regular Season - 33,154,Fortaleza EC,https://media.api-sports.io/football/teams/154.png,True,150,CSA,https://media.api-sports.io/football/teams/150.png,False,3,0,1,0,3,0,,,,
94800,"Paulo Roberto Alves Junior, Brazil",UTC,2019-11-18T22:30:00+00:00,1574116200,1574116200,1574119800,,São Januário,Rio de Janeiro,Match Finished,FT,90,71,Serie A,Brazil,https://media.api-sports.io/football/leagues/71.png,https://media.api-sports.io/flags/br.svg,2019,Regular Season - 33,133,Vasco DA Gama,https://media.api-sports.io/football/teams/133.png,,151,Goias,https://media.api-sports.io/football/teams/151.png,,1,1,1,0,1,1,,,,
94795,"Diego Pombo Lopez, Brazil",UTC,2019-11-18T23:00:00+00:00,1574118000,1574118000,1574121600,,Estádio Mineirão,Belo Horizonte,Match Finished,FT,90,71,Serie A,Brazil,https://media.api-sports.io/football/leagues/71.png,https://media.api-sports.io/flags/br.svg,2019,Regular Season - 33,135,Cruzeiro,https://media.api-sports.io/football/teams/135.png,,145,Avai,https://media.api-sports.io/football/teams/145.png,,0,0,0,0,0,0,,,,
94810,"Leandro Pedro Vuaden, Brazil",UTC,2019-11-24T00:00:00+00:00,1574553600,1574553600,1574557200,,Urbano Caldeira,Santos,Match Finished,FT,90,71,Serie A,Brazil,https://media.api-sports.io/football/leagues/71.png,https://media.api-sports.io/flags/br.svg,2019,Regular Season - 34,128,Santos,https://media.api-sports.io/football/teams/128.png,True,135,Cruzeiro,https://media.api-sports.io/football/teams/135.png,False,4,1,1,1,4,1,,,,
94809,"Wilton Pereira Sampaio, Brazil",UTC,2019-11-24T19:00:00+00:00,1574622000,1574622000,1574625600,,Allianz Parque,Sao Paulo,Match Finished,FT,90,71,Serie A,Brazil,https://media.api-sports.io/football/leagues/71.png,https://media.api-sports.io/flags/br.svg,2019,Regular Season - 34,121,Palmeiras,https://media.api-sports.io/football/teams/121.png,False,130,Gremio,https://media.api-sports.io/football/teams/130.png,True,1,2,0,0,1,2,,,,
94807,"Ricardo Marques Ribeiro, Brazil",UTC,2019-11-24T19:00:00+00:00,1574622000,1574622000,1574625600,,Serra Dourada,Goiania,Match Finished,FT,90,71,Serie A,Brazil,https://media.api-sports.io/football/leagues/71.png,https://media.api-sports.io/flags/br.svg,2019,Regular Season - 34,151,Goias,https://media.api-sports.io/football/teams/151.png,True,118,Bahia,https://media.api-sports.io/football/teams/118.png,False,4,3,2,0,4,3,,,,
94801,"Edina Alves Batista, Brazil",UTC,2019-11-24T19:00:00+00:00,1574622000,1574622000,1574625600,,Arena Independência,Belo Horizonte,Match Finished,FT,90,71,Serie A,Brazil,https://media.api-sports.io/football/leagues/71.png,https://media.api-sports.io/flags/br.svg,2019,Regular Season - 34,1062,Atletico-MG,https://media.api-sports.io/football/teams/1062.png,False,134,Atletico Paranaense,https://media.api-sports.io/football/teams/134.png,True,0,1,0,0,0,1,,,,
94803,"Andre Luiz de Freitas Castro, Brazil",UTC,2019-11-24T21:00:00+00:00,1574629200,1574629200,1574632800,,Estadio Olimpico Nilton Santos,Rio de Janeiro,Match Finished,FT,90,71,Serie A,Brazil,https://media.api-sports.io/football/leagues/71.png,https://media.api-sports.io/flags/br.svg,2019,Regular Season - 34,120,Botafogo,https://media.api-sports.io/football/teams/120.png,True,131,Corinthians,https://media.api-sports.io/football/teams/131.png,False,1,0,1,0,1,0,,,,
94808,"Jose Mendonca da Silva Junior, Brazil",UTC,2019-11-24T22:00:00+00:00,1574632800,1574632800,1574636400,,Estádio Beira Rio,Porto Alegre,Match Finished,FT,90,71,Serie A,Brazil,https://media.api-sports.io/football/leagues/71.png,https://media.api-sports.io/flags/br.svg,2019,Regular Season - 34,119,Internacional,https://media.api-sports.io/football/teams/119.png,,154,Fortaleza EC,https://media.api-sports.io/football/teams/154.png,,2,2,1,1,2,2,,,,
94804,"Rafael Traci, Brazil",UTC,2019-11-24T22:00:00+00:00,1574632800,1574632800,1574636400,,Estadio Castelão,Fortaleza,Match Finished,FT,90,71,Serie A,Brazil,https://media.api-sports.io/football/leagues/71.png,https://media.api-sports.io/flags/br.svg,2019,Regular Season - 34,129,Ceara,https://media.api-sports.io/football/teams/129.png,,126,Sao Paulo,https://media.api-sports.io/football/teams/126.png,,1,1,0,1,1,1,,,,
94802,"Raphael Claus, Brazil",UTC,2019-11-24T22:00:00+00:00,1574632800,1574632800,1574636400,,Estádio da Ressacada,Florianopolis,Match Finished,FT,90,71,Serie A,Brazil,https://media.api-sports.io/football/leagues/71.png,https://media.api-sports.io/flags/br.svg,2019,Regular Season - 34,145,Avai,https://media.api-sports.io/football/teams/145.png,False,132,Chapecoense-sc,https://media.api-sports.io/football/teams/132.png,True,0,1,0,0,0,1,,,,
94805,"Luiz Flavio De Oliveira, Brazil",UTC,2019-11-25T23:00:00+00:00,1574722800,1574722800,1574726400,,Estádio Rei Pelé,Maceio,Match Finished,FT,90,71,Serie A,Brazil,https://media.api-sports.io/football/leagues/71.png,https://media.api-sports.io/flags/br.svg,2019,Regular Season - 34,150,CSA,https://media.api-sports.io/football/teams/150.png,False,124,Fluminense,https://media.api-sports.io/football/teams/124.png,True,0,1,0,0,0,1,,,,
94819,"Caio Max Augusto Vieira, Brazil",UTC,2019-11-27T22:30:00+00:00,1574893800,1574893800,1574897400,,Estádio Beira Rio,Porto Alegre,Match Finished,FT,90,71,Serie A,Brazil,https://media.api-sports.io/football/leagues/71.png,https://media.api-sports.io/flags/br.svg,2019,Regular Season - 35,119,Internacional,https://media.api-sports.io/football/teams/119.png,False,151,Goias,https://media.api-sports.io/football/teams/151.png,True,1,2,0,1,1,2,,,,
94813,"Anderson Daronco, Brazil",UTC,2019-11-27T22:30:00+00:00,1574893800,1574893800,1574897400,,Arena Condá,Chapeco,Match Finished,FT,90,71,Serie A,Brazil,https://media.api-sports.io/football/leagues/71.png,https://media.api-sports.io/flags/br.svg,2019,Regular Season - 35,132,Chapecoense-sc,https://media.api-sports.io/football/teams/132.png,False,120,Botafogo,https://media.api-sports.io/football/teams/120.png,True,0,1,0,0,0,1,,,,
94812,Thiago Duarte Peixoto,UTC,2019-11-28T00:00:00+00:00,1574899200,1574899200,1574902800,,"Arena Fonte Nova (Salvador, Bahia)",,Match Finished,FT,90,71,Serie A,Brazil,https://media.api-sports.io/football/leagues/71.png,https://media.api-sports.io/flags/br.svg,2019,Regular Season - 35,118,Bahia,https://media.api-sports.io/football/teams/118.png,,1062,Atletico-MG,https://media.api-sports.io/football/teams/1062.png,,1,1,0,0,1,1,,,,
94816,Paulo Roberto Alves Júnior,UTC,2019-11-28T00:30:00+00:00,1574901000,1574901000,1574904600,,"Estadio Jornalista Mário Filho (Maracanã) (Rio de Janeiro, Rio de Janeiro)",,Match Finished,FT,90,71,Serie A,Brazil,https://media.api-sports.io/football/leagues/71.png,https://media.api-sports.io/flags/br.svg,2019,Regular Season - 35,127,Flamengo,https://media.api-sports.io/football/teams/127.png,True,129,Ceara,https://media.api-sports.io/football/teams/129.png,False,4,1,0,1,4,1,,,,
94814,Wagner do Nascimento Magalhaes,UTC,2019-11-28T00:30:00+00:00,1574901000,1574901000,1574904600,,"Arena Corinthians (São Paulo, São Paulo)",,Match Finished,FT,90,71,Serie A,Brazil,https://media.api-sports.io/football/leagues/71.png,https://media.api-sports.io/flags/br.svg,2019,Regular Season - 35,131,Corinthians,https://media.api-sports.io/football/teams/131.png,True,145,Avai,https://media.api-sports.io/football/teams/145.png,False,3,0,1,0,3,0,,,,
94811,Bruno Arleu de Araujo,UTC,2019-11-28T00:30:00+00:00,1574901000,1574901000,1574904600,,"Estádio Joaquim Américo Guimarães (Curitiba, Paraná)",,Match Finished,FT,90,71,Serie A,Brazil,https://media.api-sports.io/football/leagues/71.png,https://media.api-sports.io/flags/br.svg,2019,Regular Season - 35,134,Atletico Paranaense,https://media.api-sports.io/football/teams/134.png,True,130,Gremio,https://media.api-sports.io/football/teams/130.png,False,2,0,1,0,2,0,,,,
94817,"Leandro Pedro Vuaden, Brazil",UTC,2019-11-28T22:30:00+00:00,1574980200,1574980200,1574983800,,Estádio do Maracanã,Rio de Janeiro,Match Finished,FT,90,71,Serie A,Brazil,https://media.api-sports.io/football/leagues/71.png,https://media.api-sports.io/flags/br.svg,2019,Regular Season - 35,124,Fluminense,https://media.api-sports.io/football/teams/124.png,True,121,Palmeiras,https://media.api-sports.io/football/teams/121.png,False,1,0,1,0,1,0,,,,
94818,"Diego Pombo Lopez, Brazil",UTC,2019-11-28T23:00:00+00:00,1574982000,1574982000,1574985600,,Estadio Castelão,Fortaleza,Match Finished,FT,90,71,Serie A,Brazil,https://media.api-sports.io/football/leagues/71.png,https://media.api-sports.io/flags/br.svg,2019,Regular Season - 35,154,Fortaleza EC,https://media.api-sports.io/football/teams/154.png,True,128,Santos,https://media.api-sports.io/football/teams/128.png,False,2,1,0,0,2,1,,,,
94820,"Savio Pereira Sampaio, Brazil",UTC,2019-11-28T23:30:00+00:00,1574983800,1574983800,1574987400,,Morumbi,Sao Paulo,Match Finished,FT,90,71,Serie A,Brazil,https://media.api-sports.io/football/leagues/71.png,https://media.api-sports.io/flags/br.svg,2019,Regular Season - 35,126,Sao Paulo,https://media.api-sports.io/football/teams/126.png,True,133,Vasco DA Gama,https://media.api-sports.io/football/teams/133.png,False,1,0,1,0,1,0,,,,
94815,"Vinicius Goncalves Dias Araujo, Brazil",UTC,2019-11-29T00:30:00+00:00,1574987400,1574987400,1574991000,,Estádio Mineirão,Belo Horizonte,Match Finished,FT,90,71,Serie A,Brazil,https://media.api-sports.io/football/leagues/71.png,https://media.api-sports.io/flags/br.svg,2019,Regular Season - 35,135,Cruzeiro,https://media.api-sports.io/football/teams/135.png,False,150,CSA,https://media.api-sports.io/football/teams/150.png,True,0,1,0,1,0,1,,,,
94823,"Rodolpho Toski Marques, Brazil",UTC,2019-11-30T22:00:00+00:00,1575151200,1575151200,1575154800,,Estadio Olimpico Nilton Santos,Rio de Janeiro,Match Finished,FT,90,71,Serie A,Brazil,https://media.api-sports.io/football/leagues/71.png,https://media.api-sports.io/flags/br.svg,2019,Regular Season - 36,120,Botafogo,https://media.api-sports.io/football/teams/120.png,False,119,Internacional,https://media.api-sports.io/football/teams/119.png,True,0,1,0,0,0,1,,,,
94824,"Marcelo Aparecido Ribeiro de Souza, Brazil",UTC,2019-11-30T22:00:00+00:00,1575151200,1575151200,1575154800,,Estadio Castelão,Fortaleza,Match Finished,FT,90,71,Serie A,Brazil,https://media.api-sports.io/football/leagues/71.png,https://media.api-sports.io/flags/br.svg,2019,Regular Season - 36,129,Ceara,https://media.api-sports.io/football/teams/129.png,,134,Atletico Paranaense,https://media.api-sports.io/football/teams/134.png,,1,1,0,0,1,1,,,,
94828,"Ricardo Marques Ribeiro, Brazil",UTC,2019-12-01T19:00:00+00:00,1575226800,1575226800,1575230400,,Allianz Parque,Sao Paulo,Match Finished,FT,90,71,Serie A,Brazil,https://media.api-sports.io/football/leagues/71.png,https://media.api-sports.io/flags/br.svg,2019,Regular Season - 36,121,Palmeiras,https://media.api-sports.io/football/teams/121.png,False,127,Flamengo,https://media.api-sports.io/football/teams/127.png,True,1,3,0,2,1,3,,,,
94822,"Daniel Nobre Bins, Brazil",UTC,2019-12-01T19:00:00+00:00,1575226800,1575226800,1575230400,,Estádio da Ressacada,Florianopolis,Match Finished,FT,90,71,Serie A,Brazil,https://media.api-sports.io/football/leagues/71.png,https://media.api-sports.io/flags/br.svg,2019,Regular Season - 36,145,Avai,https://media.api-sports.io/football/teams/145.png,,124,Fluminense,https://media.api-sports.io/football/teams/124.png,,1,1,0,1,1,1,,,,
94826,"Dewson Fernando Freitas da Silva, Brazil",UTC,2019-12-01T19:00:00+00:00,1575226800,1575226800,1575230400,,Serra Dourada,Goiania,Match Finished,FT,90,71,Serie A,Brazil,https://media.api-sports.io/football/leagues/71.png,https://media.api-sports.io/flags/br.svg,2019,Regular Season - 36,151,Goias,https://media.api-sports.io/football/teams/151.png,False,154,Fortaleza EC,https://media.api-sports.io/football/teams/154.png,True,1,2,1,2,1,2,,,,
94825,"Vinicius Furlan, Brazil",UTC,2019-12-01T21:00:00+00:00,1575234000,1575234000,1575237600,,Estádio Rei Pelé,Maceio,Match Finished,FT,90,71,Serie A,Brazil,https://media.api-sports.io/football/leagues/71.png,https://media.api-sports.io/flags/br.svg,2019,Regular Season - 36,150,CSA,https://media.api-sports.io/football/teams/150.png,False,118,Bahia,https://media.api-sports.io/football/teams/118.png,True,1,2,0,1,1,2,,,,
94821,"Paulo Roberto Alves Junior, Brazil",UTC,2019-12-01T21:00:00+00:00,1575234000,1575234000,1575237600,,Arena Independência,Belo Horizonte,Match Finished,FT,90,71,Serie A,Brazil,https://media.api-sports.io/football/leagues/71.png,https://media.api-sports.io/flags/br.svg,2019,Regular Season - 36,1062,Atletico-MG,https://media.api-sports.io/football/teams/1062.png,True,131,Corinthians,https://media.api-sports.io/football/teams/131.png,False,2,1,1,1,2,1,,,,
94829,"Marielson Alves Silva, Brazil",UTC,2019-12-01T22:00:00+00:00,1575237600,1575237600,1575241200,,Urbano Caldeira,Santos,Match Finished,FT,90,71,Serie A,Brazil,https://media.api-sports.io/football/leagues/71.png,https://media.api-sports.io/flags/br.svg,2019,Regular Season - 36,128,Santos,https://media.api-sports.io/football/teams/128.png,True,132,Chapecoense-sc,https://media.api-sports.io/football/teams/132.png,False,2,0,1,0,2,0,,,,
94827,"Marcelo De Lima Henrique, Brazil",UTC,2019-12-01T22:00:00+00:00,1575237600,1575237600,1575241200,,Arena do Grêmio,Porto Alegre,Match Finished,FT,90,71,Serie A,Brazil,https://media.api-sports.io/football/leagues/71.png,https://media.api-sports.io/flags/br.svg,2019,Regular Season - 36,130,Gremio,https://media.api-sports.io/football/teams/130.png,True,126,Sao Paulo,https://media.api-sports.io/football/teams/126.png,False,3,0,0,0,3,0,,,,
94830,"Wilton Pereira Sampaio, Brazil",UTC,2019-12-02T23:00:00+00:00,1575327600,1575327600,1575331200,,São Januário,Rio de Janeiro,Match Finished,FT,90,71,Serie A,Brazil,https://media.api-sports.io/football/leagues/71.png,https://media.api-sports.io/flags/br.svg,2019,Regular Season - 36,133,Vasco DA Gama,https://media.api-sports.io/football/teams/133.png,True,135,Cruzeiro,https://media.api-sports.io/football/teams/135.png,False,1,0,1,0,1,0,,,,
94831,"Anderson Daronco, Brazil",UTC,2019-12-04T22:00:00+00:00,1575496800,1575496800,1575500400,,Arena da Baixada,Curitiba,Match Finished,FT,90,71,Serie A,Brazil,https://media.api-sports.io/football/leagues/71.png,https://media.api-sports.io/flags/br.svg,2019,Regular Season - 37,134,Atletico Paranaense,https://media.api-sports.io/football/teams/134.png,True,128,Santos,https://media.api-sports.io/football/teams/128.png,False,1,0,0,0,1,0,,,,
94834,"Rafael Traci, Brazil",UTC,2019-12-04T22:30:00+00:00,1575498600,1575498600,1575502200,,Estadio Castelão,Fortaleza,Match Finished,FT,90,71,Serie A,Brazil,https://media.api-sports.io/football/leagues/71.png,https://media.api-sports.io/flags/br.svg,2019,Regular Season - 37,129,Ceara,https://media.api-sports.io/football/teams/129.png,False,131,Corinthians,https://media.api-sports.io/football/teams/131.png,True,0,1,0,0,0,1,,,,
94832,"Leandro Pedro Vuaden, Brazil",UTC,2019-12-04T22:30:00+00:00,1575498600,1575498600,1575502200,,Arena Independência,Belo Horizonte,Match Finished,FT,90,71,Serie A,Brazil,https://media.api-sports.io/football/leagues/71.png,https://media.api-sports.io/flags/br.svg,2019,Regular Season - 37,1062,Atletico-MG,https://media.api-sports.io/football/teams/1062.png,True,120,Botafogo,https://media.api-sports.io/football/teams/120.png,False,2,0,1,0,2,0,,,,
94835,"Alexandre Vargas Tavares de Jesus, Brazil",UTC,2019-12-05T00:00:00+00:00,1575504000,1575504000,1575507600,,Arena Condá,Chapeco,Match Finished,FT,90,71,Serie A,Brazil,https://media.api-sports.io/football/leagues/71.png,https://media.api-sports.io/flags/br.svg,2019,Regular Season - 37,132,Chapecoense-sc,https://media.api-sports.io/football/teams/132.png,True,150,CSA,https://media.api-sports.io/football/teams/150.png,False,3,0,1,0,3,0,,,,
94837,"Raphael Claus, Brazil",UTC,2019-12-05T00:30:00+00:00,1575505800,1575505800,1575509400,,Estádio do Maracanã,Rio de Janeiro,Match Finished,FT,90,71,Serie A,Brazil,https://media.api-sports.io/football/leagues/71.png,https://media.api-sports.io/flags/br.svg,2019,Regular Season - 37,124,Fluminense,https://media.api-sports.io/football/teams/124.png,,154,Fortaleza EC,https://media.api-sports.io/football/teams/154.png,,0,0,0,0,0,0,,,,
94840,"Braulio Da Silva Machado, Brazil",UTC,2019-12-05T00:30:00+00:00,1575505800,1575505800,1575509400,,Morumbi,Sao Paulo,Match Finished,FT,90,71,Serie A,Brazil,https://media.api-sports.io/football/leagues/71.png,https://media.api-sports.io/flags/br.svg,2019,Regular Season - 37,126,Sao Paulo,https://media.api-sports.io/football/teams/126.png,True,119,Internacional,https://media.api-sports.io/football/teams/119.png,False,2,1,1,0,2,1,,,,
94833,"Felipe Fernandes de Lima, Brazil",UTC,2019-12-05T22:15:00+00:00,1575584100,1575584100,1575587700,,Arena Fonte Nova,Salvador,Match Finished,FT,90,71,Serie A,Brazil,https://media.api-sports.io/football/leagues/71.png,https://media.api-sports.io/flags/br.svg,2019,Regular Season - 37,118,Bahia,https://media.api-sports.io/football/teams/118.png,,133,Vasco DA Gama,https://media.api-sports.io/football/teams/133.png,,1,1,1,0,1,1,,,,
94839,"Bruno Arleu de Araujo, Brazil",UTC,2019-12-05T22:15:00+00:00,1575584100,1575584100,1575587700,,Allianz Parque,Sao Paulo,Match Finished,FT,90,71,Serie A,Brazil,https://media.api-sports.io/football/leagues/71.png,https://media.api-sports.io/flags/br.svg,2019,Regular Season - 37,121,Palmeiras,https://media.api-sports.io/football/teams/121.png,True,151,Goias,https://media.api-sports.io/football/teams/151.png,False,5,1,2,1,5,1,,,,
94838,"Andre Luiz de Freitas Castro, Brazil",UTC,2019-12-05T22:15:00+00:00,1575584100,1575584100,1575587700,,Arena do Grêmio,Porto Alegre,Match Finished,FT,90,71,Serie A,Brazil,https://media.api-sports.io/football/leagues/71.png,https://media.api-sports.io/flags/br.svg,2019,Regular Season - 37,130,Gremio,https://media.api-sports.io/football/teams/130.png,True,135,Cruzeiro,https://media.api-sports.io/football/teams/135.png,False,2,0,0,0,2,0,,,,
94836,"Jefferson Ferreira de Moraes, Brazil",UTC,2019-12-05T23:00:00+00:00,1575586800,1575586800,1575590400,,Estádio do Maracanã,Rio de Janeiro,Match Finished,FT,90,71,Serie A,Brazil,https://media.api-sports.io/football/leagues/71.png,https://media.api-sports.io/flags/br.svg,2019,Regular Season - 37,127,Flamengo,https://media.api-sports.io/football/teams/127.png,True,145,Avai,https://media.api-sports.io/football/teams/145.png,False,6,1,3,1,6,1,,,,
94848,"Savio Pereira Sampaio, Brazil",UTC,2019-12-08T19:00:00+00:00,1575831600,1575831600,1575835200,,Estádio Beira Rio,Porto Alegre,Match Finished,FT,90,71,Serie A,Brazil,https://media.api-sports.io/football/leagues/71.png,https://media.api-sports.io/flags/br.svg,2019,Regular Season - 38,119,Internacional,https://media.api-sports.io/football/teams/119.png,True,1062,Atletico-MG,https://media.api-sports.io/football/teams/1062.png,False,2,1,0,1,2,1,,,,
94842,"Luiz Flavio De Oliveira, Brazil",UTC,2019-12-08T19:00:00+00:00,1575831600,1575831600,1575835200,,Estadio Olimpico Nilton Santos,Rio de Janeiro,Match Finished,FT,90,71,Serie A,Brazil,https://media.api-sports.io/football/leagues/71.png,https://media.api-sports.io/flags/br.svg,2019,Regular Season - 38,120,Botafogo,https://media.api-sports.io/football/teams/120.png,,129,Ceara,https://media.api-sports.io/football/teams/129.png,,1,1,1,0,1,1,,,,
94849,"Paulo Roberto Alves Junior, Brazil",UTC,2019-12-08T19:00:00+00:00,1575831600,1575831600,1575835200,,Urbano Caldeira,Santos,Match Finished,FT,90,71,Serie A,Brazil,https://media.api-sports.io/football/leagues/71.png,https://media.api-sports.io/flags/br.svg,2019,Regular Season - 38,128,Santos,https://media.api-sports.io/football/teams/128.png,True,127,Flamengo,https://media.api-sports.io/football/teams/127.png,False,4,0,2,0,4,0,,,,
94843,"Rodrigo D'alonso Ferreira, Brazil",UTC,2019-12-08T19:00:00+00:00,1575831600,1575831600,1575835200,,Arena Corinthians,Sao Paulo,Match Finished,FT,90,71,Serie A,Brazil,https://media.api-sports.io/football/leagues/71.png,https://media.api-sports.io/flags/br.svg,2019,Regular Season - 38,131,Corinthians,https://media.api-sports.io/football/teams/131.png,False,124,Fluminense,https://media.api-sports.io/football/teams/124.png,True,1,2,0,2,1,2,,,,
94850,"Pablo Ramon Goncalves Pinheiro, Brazil",UTC,2019-12-08T19:00:00+00:00,1575831600,1575831600,1575835200,,São Januário,Rio de Janeiro,Match Finished,FT,90,71,Serie A,Brazil,https://media.api-sports.io/football/leagues/71.png,https://media.api-sports.io/flags/br.svg,2019,Regular Season - 38,133,Vasco DA Gama,https://media.api-sports.io/football/teams/133.png,,132,Chapecoense-sc,https://media.api-sports.io/football/teams/132.png,,1,1,0,0,1,1,,,,
94844,"Marcelo De Lima Henrique, Brazil",UTC,2019-12-08T19:00:00+00:00,1575831600,1575831600,1575835200,,Estádio Mineirão,Belo Horizonte,Match Finished,FT,90,71,Serie A,Brazil,https://media.api-sports.io/football/leagues/71.png,https://media.api-sports.io/flags/br.svg,2019,Regular Season - 38,135,Cruzeiro,https://media.api-sports.io/football/teams/135.png,False,121,Palmeiras,https://media.api-sports.io/football/teams/121.png,True,0,2,0,0,0,2,,,,
94841,"Dyorgines Jose Padovani de Andrade, Brazil",UTC,2019-12-08T19:00:00+00:00,1575831600,1575831600,1575835200,,Estádio da Ressacada,Florianopolis,Match Finished,FT,90,71,Serie A,Brazil,https://media.api-sports.io/football/leagues/71.png,https://media.api-sports.io/flags/br.svg,2019,Regular Season - 38,145,Avai,https://media.api-sports.io/football/teams/145.png,,134,Atletico Paranaense,https://media.api-sports.io/football/teams/134.png,,0,0,0,0,0,0,,,,
94845,"Alisson Sidnei Furtado, Brazil",UTC,2019-12-08T19:00:00+00:00,1575831600,1575831600,1575835200,,Estádio Rei Pelé,Maceio,Match Finished,FT,90,71,Serie A,Brazil,https://media.api-sports.io/football/leagues/71.png,https://media.api-sports.io/flags/br.svg,2019,Regular Season - 38,150,CSA,https://media.api-sports.io/football/teams/150.png,False,126,Sao Paulo,https://media.api-sports.io/football/teams/126.png,True,1,2,1,2,1,2,,,,
94847,"Ricardo Marques Ribeiro, Brazil",UTC,2019-12-08T19:00:00+00:00,1575831600,1575831600,1575835200,,Serra Dourada,Goiania,Match Finished,FT,90,71,Serie A,Brazil,https://media.api-sports.io/football/leagues/71.png,https://media.api-sports.io/flags/br.svg,2019,Regular Season - 38,151,Goias,https://media.api-sports.io/football/teams/151.png,True,130,Gremio,https://media.api-sports.io/football/teams/130.png,False,3,2,2,2,3,2,,,,
94846,"Wagner do Nascimento Magalhaes, Brazil",UTC,2019-12-08T19:00:00+00:00,1575831600,1575831600,1575835200,,Estadio Castelão,Fortaleza,Match Finished,FT,90,71,Serie A,Brazil,https://media.api-sports.io/football/leagues/71.png,https://media.api-sports.io/flags/br.svg,2019,Regular Season - 38,154,Fortaleza EC,https://media.api-sports.io/football/teams/154.png,True,118,Bahia,https://media.api-sports.io/football/teams/118.png,False,2,1,1,1,2,1,,,,
