fixture_id,fixture_referee,fixture_timezone,fixture_date,fixture_timestamp,fixture_periods_first,fixture_periods_second,fixture_venue_id,fixture_venue_name,fixture_venue_city,fixture_status_long,fixture_status_short,fixture_status_elapsed,league_id,league_name,league_country,league_logo,league_flag,league_season,league_round,teams_home_id,teams_home_name,teams_home_logo,teams_home_winner,teams_away_id,teams_away_name,teams_away_logo,teams_away_winner,goals_home,goals_away,score_halftime_home,score_halftime_away,score_fulltime_home,score_fulltime_away,score_extratime_home,score_extratime_away,score_penalty_home,score_penalty_away
190067,"Felipe Gomes Da Silva, Brazil",UTC,2015-05-09T21:30:00+00:00,1431207000,1431207000,1431210600,,Allianz Parque,Sao Paulo,Match Finished,FT,90,71,Serie A,Brazil,https://media.api-sports.io/football/leagues/71.png,https://media.api-sports.io/flags/br.svg,2015,Regular Season - 1,121,Palmeiras,https://media.api-sports.io/football/teams/121.png,,1062,Atletico-MG,https://media.api-sports.io/football/teams/1062.png,,2,2,0,0,2,2,,,,
190068,"Elmo Alves Resende Cunha, Brazil",UTC,2015-05-09T21:30:00+00:00,1431207000,1431207000,1431210600,,Arena Condá,Chapeco,Match Finished,FT,90,71,Serie A,Brazil,https://media.api-sports.io/football/leagues/71.png,https://media.api-sports.io/flags/br.svg,2015,Regular Season - 1,132,Chapecoense-sc,https://media.api-sports.io/football/teams/132.png,True,147,Coritiba,https://media.api-sports.io/football/teams/147.png,False,2,1,1,1,2,1,,,,
190069,"Thiago Duarte Peixoto, Brazil",UTC,2015-05-10T00:00:00+00:00,1431216000,1431216000,1431219600,,Estádio do Maracanã,Rio de Janeiro,Match Finished,FT,90,71,Serie A,Brazil,https://media.api-sports.io/football/leagues/71.png,https://media.api-sports.io/flags/br.svg,2015,Regular Season - 1,124,Fluminense,https://media.api-sports.io/football/teams/124.png,True,795,Joinville,https://media.api-sports.io/football/teams/795.png,False,1,0,0,0,1,0,,,,
190070,"Heber Roberto Lopes, Brazil",UTC,2015-05-10T14:00:00+00:00,1431266400,1431266400,1431270000,,Arena do Grêmio,Porto Alegre,Match Finished,FT,90,71,Serie A,Brazil,https://media.api-sports.io/football/leagues/71.png,https://media.api-sports.io/flags/br.svg,2015,Regular Season - 1,130,Gremio,https://media.api-sports.io/football/teams/130.png,,139,Ponte Preta,https://media.api-sports.io/football/teams/139.png,,3,3,1,0,3,3,,,,
190074,"Wilton Pereira Sampaio, Brazil",UTC,2015-05-10T19:00:00+00:00,1431284400,1431284400,1431288000,,Ilha do Retiro,Recife,Match Finished,FT,90,71,Serie A,Brazil,https://media.api-sports.io/football/leagues/71.png,https://media.api-sports.io/flags/br.svg,2015,Regular Season - 1,123,Sport Recife,https://media.api-sports.io/football/teams/123.png,True,137,Figueirense,https://media.api-sports.io/football/teams/137.png,False,4,1,1,0,4,1,,,,
190071,"Marcelo De Lima Henrique, Brazil",UTC,2015-05-10T19:00:00+00:00,1431284400,1431284400,1431288000,,Morumbi,Sao Paulo,Match Finished,FT,90,71,Serie A,Brazil,https://media.api-sports.io/football/leagues/71.png,https://media.api-sports.io/flags/br.svg,2015,Regular Season - 1,126,Sao Paulo,https://media.api-sports.io/football/teams/126.png,True,127,Flamengo,https://media.api-sports.io/football/teams/127.png,False,2,1,0,0,2,1,,,,
190073,"Luiz Flavio De Oliveira, Brazil",UTC,2015-05-10T19:00:00+00:00,1431284400,1431284400,1431288000,,Arena da Baixada,Curitiba,Match Finished,FT,90,71,Serie A,Brazil,https://media.api-sports.io/football/leagues/71.png,https://media.api-sports.io/flags/br.svg,2015,Regular Season - 1,134,Atletico Paranaense,https://media.api-sports.io/football/teams/134.png,True,119,Internacional,https://media.api-sports.io/football/teams/119.png,False,3,0,1,0,3,0,,,,
190072,"Anderson Daronco, Brazil",UTC,2015-05-10T19:00:00+00:00,1431284400,1431284400,1431288000,,Estádio Mineirão,Belo Horizonte,Match Finished,FT,90,71,Serie A,Brazil,https://media.api-sports.io/football/leagues/71.png,https://media.api-sports.io/flags/br.svg,2015,Regular Season - 1,135,Cruzeiro,https://media.api-sports.io/football/teams/135.png,False,131,Corinthians,https://media.api-sports.io/football/teams/131.png,True,0,1,0,0,0,1,,,,
190075,"Braulio Da Silva Machado, Brazil",UTC,2015-05-10T21:30:00+00:00,1431293400,1431293400,1431297000,,São Januário,Rio de Janeiro,Match Finished,FT,90,71,Serie A,Brazil,https://media.api-sports.io/football/leagues/71.png,https://media.api-sports.io/flags/br.svg,2015,Regular Season - 1,133,Vasco DA Gama,https://media.api-sports.io/football/teams/133.png,,151,Goias,https://media.api-sports.io/football/teams/151.png,,0,0,0,0,0,0,,,,
190076,"Dewson Fernando Freitas da Silva, Brazil",UTC,2015-05-10T21:30:00+00:00,1431293400,1431293400,1431297000,,Estádio da Ressacada,Florianopolis,Match Finished,FT,90,71,Serie A,Brazil,https://media.api-sports.io/football/leagues/71.png,https://media.api-sports.io/flags/br.svg,2015,Regular Season - 1,145,Avai,https://media.api-sports.io/football/teams/145.png,,128,Santos,https://media.api-sports.io/football/teams/128.png,,1,1,0,1,1,1,,,,
190077,"Ricardo Marques Ribeiro, Brazil",UTC,2015-05-16T21:30:00+00:00,1431811800,1431811800,1431815400,,Estádio Couto Pereira,Curitiba,Match Finished,FT,90,71,Serie A,Brazil,https://media.api-sports.io/football/leagues/71.png,https://media.api-sports.io/flags/br.svg,2015,Regular Season - 2,147,Coritiba,https://media.api-sports.io/football/teams/147.png,True,130,Gremio,https://media.api-sports.io/football/teams/130.png,False,2,0,2,0,2,0,,,,
190078,"Heber Roberto Lopes, Brazil",UTC,2015-05-16T21:30:00+00:00,1431811800,1431811800,1431815400,,Serra Dourada,Goiania,Match Finished,FT,90,71,Serie A,Brazil,https://media.api-sports.io/football/leagues/71.png,https://media.api-sports.io/flags/br.svg,2015,Regular Season - 2,151,Goias,https://media.api-sports.io/football/teams/151.png,True,134,Atletico Paranaense,https://media.api-sports.io/football/teams/134.png,False,2,0,0,0,2,0,,,,
190079,"Marcelo De Lima Henrique, Brazil",UTC,2015-05-17T00:00:00+00:00,1431820800,1431820800,1431824400,,Arena Corinthians,Sao Paulo,Match Finished,FT,90,71,Serie A,Brazil,https://media.api-sports.io/football/leagues/71.png,https://media.api-sports.io/flags/br.svg,2015,Regular Season - 2,131,Corinthians,https://media.api-sports.io/football/teams/131.png,True,132,Chapecoense-sc,https://media.api-sports.io/football/teams/132.png,False,1,0,1,0,1,0,,,,
190080,"Thiago Duarte Peixoto, Brazil",UTC,2015-05-17T14:00:00+00:00,1431871200,1431871200,1431874800,,Orlando Scarpelli,Florianopolis,Match Finished,FT,90,71,Serie A,Brazil,https://media.api-sports.io/football/leagues/71.png,https://media.api-sports.io/flags/br.svg,2015,Regular Season - 2,137,Figueirense,https://media.api-sports.io/football/teams/137.png,,133,Vasco DA Gama,https://media.api-sports.io/football/teams/133.png,,0,0,0,0,0,0,,,,
190082,"Dewson Fernando Freitas da Silva, Brazil",UTC,2015-05-17T19:00:00+00:00,1431889200,1431889200,1431892800,,Estádio do Maracanã,Rio de Janeiro,Match Finished,FT,90,71,Serie A,Brazil,https://media.api-sports.io/football/leagues/71.png,https://media.api-sports.io/flags/br.svg,2015,Regular Season - 2,127,Flamengo,https://media.api-sports.io/football/teams/127.png,,123,Sport Recife,https://media.api-sports.io/football/teams/123.png,,2,2,0,1,2,2,,,,
190081,"Pericles Bassols Pegado Cortez, Brazil",UTC,2015-05-17T19:00:00+00:00,1431889200,1431889200,1431892800,,Urbano Caldeira,Santos,Match Finished,FT,90,71,Serie A,Brazil,https://media.api-sports.io/football/leagues/71.png,https://media.api-sports.io/flags/br.svg,2015,Regular Season - 2,128,Santos,https://media.api-sports.io/football/teams/128.png,True,135,Cruzeiro,https://media.api-sports.io/football/teams/135.png,False,1,0,1,0,1,0,,,,
190083,"Anderson Daronco, Brazil",UTC,2015-05-17T19:00:00+00:00,1431889200,1431889200,1431892800,,Arena Independência,Belo Horizonte,Match Finished,FT,90,71,Serie A,Brazil,https://media.api-sports.io/football/leagues/71.png,https://media.api-sports.io/flags/br.svg,2015,Regular Season - 2,1062,Atletico-MG,https://media.api-sports.io/football/teams/1062.png,True,124,Fluminense,https://media.api-sports.io/football/teams/124.png,False,4,1,2,0,4,1,,,,
190085,"Igor Junio Benevenuto, Brazil",UTC,2015-05-17T21:30:00+00:00,1431898200,1431898200,1431901800,,Estádio Beira Rio,Porto Alegre,Match Finished,FT,90,71,Serie A,Brazil,https://media.api-sports.io/football/leagues/71.png,https://media.api-sports.io/flags/br.svg,2015,Regular Season - 2,119,Internacional,https://media.api-sports.io/football/teams/119.png,True,145,Avai,https://media.api-sports.io/football/teams/145.png,False,1,0,0,0,1,0,,,,
190084,"Raphael Claus, Brazil",UTC,2015-05-17T21:30:00+00:00,1431898200,1431898200,1431901800,,Moisés Lucarelli,Campinas,Match Finished,FT,90,71,Serie A,Brazil,https://media.api-sports.io/football/leagues/71.png,https://media.api-sports.io/flags/br.svg,2015,Regular Season - 2,139,Ponte Preta,https://media.api-sports.io/football/teams/139.png,True,126,Sao Paulo,https://media.api-sports.io/football/teams/126.png,False,1,0,1,0,1,0,,,,
190086,"Wilton Pereira Sampaio, Brazil",UTC,2015-05-17T21:30:00+00:00,1431898200,1431898200,1431901800,,Arena Joinville,Joinville,Match Finished,FT,90,71,Serie A,Brazil,https://media.api-sports.io/football/leagues/71.png,https://media.api-sports.io/flags/br.svg,2015,Regular Season - 2,795,Joinville,https://media.api-sports.io/football/teams/795.png,,121,Palmeiras,https://media.api-sports.io/football/teams/121.png,,0,0,0,0,0,0,,,,
190087,"Reway Wagner, Brazil",UTC,2015-05-23T21:30:00+00:00,1432416600,1432416600,1432420200,,Morumbi,Sao Paulo,Match Finished,FT,90,71,Serie A,Brazil,https://media.api-sports.io/football/leagues/71.png,https://media.api-sports.io/flags/br.svg,2015,Regular Season - 3,126,Sao Paulo,https://media.api-sports.io/football/teams/126.png,True,795,Joinville,https://media.api-sports.io/football/teams/795.png,False,3,0,1,0,3,0,,,,
190088,"Dewson Fernando Freitas da Silva, Brazil",UTC,2015-05-23T21:30:00+00:00,1432416600,1432416600,1432420200,,São Januário,Rio de Janeiro,Match Finished,FT,90,71,Serie A,Brazil,https://media.api-sports.io/football/leagues/71.png,https://media.api-sports.io/flags/br.svg,2015,Regular Season - 3,133,Vasco DA Gama,https://media.api-sports.io/football/teams/133.png,,119,Internacional,https://media.api-sports.io/football/teams/119.png,,1,1,0,1,1,1,,,,
190089,"Luiz Flavio De Oliveira, Brazil",UTC,2015-05-24T00:00:00+00:00,1432425600,1432425600,1432429200,,Arena do Grêmio,Porto Alegre,Match Finished,FT,90,71,Serie A,Brazil,https://media.api-sports.io/football/leagues/71.png,https://media.api-sports.io/flags/br.svg,2015,Regular Season - 3,130,Gremio,https://media.api-sports.io/football/teams/130.png,True,137,Figueirense,https://media.api-sports.io/football/teams/137.png,False,1,0,0,0,1,0,,,,
190090,"Marcelo De Lima Henrique, Brazil",UTC,2015-05-24T14:00:00+00:00,1432476000,1432476000,1432479600,,Allianz Parque,Sao Paulo,Match Finished,FT,90,71,Serie A,Brazil,https://media.api-sports.io/football/leagues/71.png,https://media.api-sports.io/flags/br.svg,2015,Regular Season - 3,121,Palmeiras,https://media.api-sports.io/football/teams/121.png,False,151,Goias,https://media.api-sports.io/football/teams/151.png,True,0,1,0,0,0,1,,,,
190091,"Heber Roberto Lopes, Brazil",UTC,2015-05-24T19:00:00+00:00,1432494000,1432494000,1432497600,,Estádio do Maracanã,Rio de Janeiro,Match Finished,FT,90,71,Serie A,Brazil,https://media.api-sports.io/football/leagues/71.png,https://media.api-sports.io/flags/br.svg,2015,Regular Season - 3,124,Fluminense,https://media.api-sports.io/football/teams/124.png,,131,Corinthians,https://media.api-sports.io/football/teams/131.png,,0,0,0,0,0,0,,,,
190094,"Jailson Macedo Freitas, Brazil",UTC,2015-05-24T19:00:00+00:00,1432494000,1432494000,1432497600,,Arena Condá,Chapeco,Match Finished,FT,90,71,Serie A,Brazil,https://media.api-sports.io/football/leagues/71.png,https://media.api-sports.io/flags/br.svg,2015,Regular Season - 3,132,Chapecoense-sc,https://media.api-sports.io/football/teams/132.png,True,128,Santos,https://media.api-sports.io/football/teams/128.png,False,1,0,1,0,1,0,,,,
190093,"Thiago Duarte Peixoto, Brazil",UTC,2015-05-24T19:00:00+00:00,1432494000,1432494000,1432497600,,Arena da Baixada,Curitiba,Match Finished,FT,90,71,Serie A,Brazil,https://media.api-sports.io/football/leagues/71.png,https://media.api-sports.io/flags/br.svg,2015,Regular Season - 3,134,Atletico Paranaense,https://media.api-sports.io/football/teams/134.png,True,1062,Atletico-MG,https://media.api-sports.io/football/teams/1062.png,False,1,0,1,0,1,0,,,,
190092,"Raphael Claus, Brazil",UTC,2015-05-24T19:00:00+00:00,1432494000,1432494000,1432497600,,Estádio da Ressacada,Florianopolis,Match Finished,FT,90,71,Serie A,Brazil,https://media.api-sports.io/football/leagues/71.png,https://media.api-sports.io/flags/br.svg,2015,Regular Season - 3,145,Avai,https://media.api-sports.io/football/teams/145.png,True,127,Flamengo,https://media.api-sports.io/football/teams/127.png,False,2,1,0,0,2,1,,,,
190096,"Sandro Meira Ricci, Brazil",UTC,2015-05-24T21:30:00+00:00,1432503000,1432503000,1432506600,,Ilha do Retiro,Recife,Match Finished,FT,90,71,Serie A,Brazil,https://media.api-sports.io/football/leagues/71.png,https://media.api-sports.io/flags/br.svg,2015,Regular Season - 3,123,Sport Recife,https://media.api-sports.io/football/teams/123.png,True,147,Coritiba,https://media.api-sports.io/football/teams/147.png,False,1,0,1,0,1,0,,,,
190095,"Anderson Daronco, Brazil",UTC,2015-05-24T21:30:00+00:00,1432503000,1432503000,1432506600,,Estádio Mineirão,Belo Horizonte,Match Finished,FT,90,71,Serie A,Brazil,https://media.api-sports.io/football/leagues/71.png,https://media.api-sports.io/flags/br.svg,2015,Regular Season - 3,135,Cruzeiro,https://media.api-sports.io/football/teams/135.png,,139,Ponte Preta,https://media.api-sports.io/football/teams/139.png,,1,1,0,0,1,1,,,,
190097,"Felipe Gomes Da Silva, Brazil",UTC,2015-05-30T21:30:00+00:00,1433021400,1433021400,1433025000,,Moisés Lucarelli,Campinas,Match Finished,FT,90,71,Serie A,Brazil,https://media.api-sports.io/football/leagues/71.png,https://media.api-sports.io/flags/br.svg,2015,Regular Season - 4,139,Ponte Preta,https://media.api-sports.io/football/teams/139.png,True,132,Chapecoense-sc,https://media.api-sports.io/football/teams/132.png,False,3,1,1,0,3,1,,,,
190098,"Italo Medeiros de Azevedo, Brazil",UTC,2015-05-30T21:30:00+00:00,1433021400,1433021400,1433025000,,Estádio Couto Pereira,Curitiba,Match Finished,FT,90,71,Serie A,Brazil,https://media.api-sports.io/football/leagues/71.png,https://media.api-sports.io/flags/br.svg,2015,Regular Season - 4,147,Coritiba,https://media.api-sports.io/football/teams/147.png,False,145,Avai,https://media.api-sports.io/football/teams/145.png,True,1,2,0,1,1,2,,,,
190099,"Avelar Rodrigo da Silva, Brazil",UTC,2015-05-31T00:00:00+00:00,1433030400,1433030400,1433034000,,Arena Joinville,Joinville,Match Finished,FT,90,71,Serie A,Brazil,https://media.api-sports.io/football/leagues/71.png,https://media.api-sports.io/flags/br.svg,2015,Regular Season - 4,795,Joinville,https://media.api-sports.io/football/teams/795.png,False,134,Atletico Paranaense,https://media.api-sports.io/football/teams/134.png,True,1,2,0,2,1,2,,,,
190100,"Marcos Andre Gomes da Penha, Brazil",UTC,2015-05-31T14:00:00+00:00,1433080800,1433080800,1433084400,,Urbano Caldeira,Santos,Match Finished,FT,90,71,Serie A,Brazil,https://media.api-sports.io/football/leagues/71.png,https://media.api-sports.io/flags/br.svg,2015,Regular Season - 4,128,Santos,https://media.api-sports.io/football/teams/128.png,,123,Sport Recife,https://media.api-sports.io/football/teams/123.png,,2,2,1,0,2,2,,,,
190102,Leandro Pedro Vuaden,UTC,2015-05-31T19:00:00+00:00,1433098800,1433098800,1433102400,,Estádio Beira Rio,Porto Alegre,Match Finished,FT,90,71,Serie A,Brazil,https://media.api-sports.io/football/leagues/71.png,https://media.api-sports.io/flags/br.svg,2015,Regular Season - 4,119,Internacional,https://media.api-sports.io/football/teams/119.png,,126,Sao Paulo,https://media.api-sports.io/football/teams/126.png,,0,0,0,0,0,0,,,,
190101,"Vinicius Goncalves Dias Araujo, Brazil",UTC,2015-05-31T19:00:00+00:00,1433098800,1433098800,1433102400,,Arena Corinthians,Sao Paulo,Match Finished,FT,90,71,Serie A,Brazil,https://media.api-sports.io/football/leagues/71.png,https://media.api-sports.io/flags/br.svg,2015,Regular Season - 4,131,Corinthians,https://media.api-sports.io/football/teams/131.png,False,121,Palmeiras,https://media.api-sports.io/football/teams/121.png,True,0,2,0,2,0,2,,,,
190104,"Anderson Daronco, Brazil",UTC,2015-05-31T19:00:00+00:00,1433098800,1433098800,1433102400,,Serra Dourada,Goiania,Match Finished,FT,90,71,Serie A,Brazil,https://media.api-sports.io/football/leagues/71.png,https://media.api-sports.io/flags/br.svg,2015,Regular Season - 4,151,Goias,https://media.api-sports.io/football/teams/151.png,,130,Gremio,https://media.api-sports.io/football/teams/130.png,,1,1,0,1,1,1,,,,
190103,"Alisson Sidnei Furtado, Brazil",UTC,2015-05-31T19:00:00+00:00,1433098800,1433098800,1433102400,,Arena Independência,Belo Horizonte,Match Finished,FT,90,71,Serie A,Brazil,https://media.api-sports.io/football/leagues/71.png,https://media.api-sports.io/flags/br.svg,2015,Regular Season - 4,1062,Atletico-MG,https://media.api-sports.io/football/teams/1062.png,True,133,Vasco DA Gama,https://media.api-sports.io/football/teams/133.png,False,3,0,3,0,3,0,,,,
190105,"Sandro Meira Ricci, Brazil",UTC,2015-05-31T21:30:00+00:00,1433107800,1433107800,1433111400,,Estádio do Maracanã,Rio de Janeiro,Match Finished,FT,90,71,Serie A,Brazil,https://media.api-sports.io/football/leagues/71.png,https://media.api-sports.io/flags/br.svg,2015,Regular Season - 4,127,Flamengo,https://media.api-sports.io/football/teams/127.png,False,124,Fluminense,https://media.api-sports.io/football/teams/124.png,True,2,3,1,2,2,3,,,,
190106,"Elmo Alves Resende Cunha, Brazil",UTC,2015-05-31T21:30:00+00:00,1433107800,1433107800,1433111400,,Orlando Scarpelli,Florianopolis,Match Finished,FT,90,71,Serie A,Brazil,https://media.api-sports.io/football/leagues/71.png,https://media.api-sports.io/flags/br.svg,2015,Regular Season - 4,137,Figueirense,https://media.api-sports.io/football/teams/137.png,True,135,Cruzeiro,https://media.api-sports.io/football/teams/135.png,False,2,1,1,1,2,1,,,,
190109,"Raphael Claus, Brazil",UTC,2015-06-03T22:30:00+00:00,1433370600,1433370600,1433374200,,Arena Condá,Chapeco,Match Finished,FT,90,71,Serie A,Brazil,https://media.api-sports.io/football/leagues/71.png,https://media.api-sports.io/flags/br.svg,2015,Regular Season - 5,132,Chapecoense-sc,https://media.api-sports.io/football/teams/132.png,True,795,Joinville,https://media.api-sports.io/football/teams/795.png,False,2,0,2,0,2,0,,,,
190107,"Heber Roberto Lopes, Brazil",UTC,2015-06-03T22:30:00+00:00,1433370600,1433370600,1433374200,,São Januário,Rio de Janeiro,Match Finished,FT,90,71,Serie A,Brazil,https://media.api-sports.io/football/leagues/71.png,https://media.api-sports.io/flags/br.svg,2015,Regular Season - 5,133,Vasco DA Gama,https://media.api-sports.io/football/teams/133.png,False,139,Ponte Preta,https://media.api-sports.io/football/teams/139.png,True,0,3,0,2,0,3,,,,
190108,"Marcelo De Lima Henrique, Brazil",UTC,2015-06-03T22:30:00+00:00,1433370600,1433370600,1433374200,,Arena da Baixada,Curitiba,Match Finished,FT,90,71,Serie A,Brazil,https://media.api-sports.io/football/leagues/71.png,https://media.api-sports.io/flags/br.svg,2015,Regular Season - 5,134,Atletico Paranaense,https://media.api-sports.io/football/teams/134.png,True,137,Figueirense,https://media.api-sports.io/football/teams/137.png,False,1,0,1,0,1,0,,,,
190110,"Thiago Duarte Peixoto, Brazil",UTC,2015-06-04T00:00:00+00:00,1433376000,1433376000,1433379600,,Morumbi,Sao Paulo,Match Finished,FT,90,71,Serie A,Brazil,https://media.api-sports.io/football/leagues/71.png,https://media.api-sports.io/flags/br.svg,2015,Regular Season - 5,126,Sao Paulo,https://media.api-sports.io/football/teams/126.png,True,128,Santos,https://media.api-sports.io/football/teams/128.png,False,3,2,1,1,3,2,,,,
190111,"Wilton Pereira Sampaio, Brazil",UTC,2015-06-04T01:00:00+00:00,1433379600,1433379600,1433383200,,Arena do Grêmio,Porto Alegre,Match Finished,FT,90,71,Serie A,Brazil,https://media.api-sports.io/football/leagues/71.png,https://media.api-sports.io/flags/br.svg,2015,Regular Season - 5,130,Gremio,https://media.api-sports.io/football/teams/130.png,True,131,Corinthians,https://media.api-sports.io/football/teams/131.png,False,3,1,3,1,3,1,,,,
190112,"Luiz Flavio De Oliveira, Brazil",UTC,2015-06-04T01:00:00+00:00,1433379600,1433379600,1433383200,,Estádio Mineirão,Belo Horizonte,Match Finished,FT,90,71,Serie A,Brazil,https://media.api-sports.io/football/leagues/71.png,https://media.api-sports.io/flags/br.svg,2015,Regular Season - 5,135,Cruzeiro,https://media.api-sports.io/football/teams/135.png,True,127,Flamengo,https://media.api-sports.io/football/teams/127.png,False,1,0,0,0,1,0,,,,
190113,"Pablo Dos Santos Alves, Brazil",UTC,2015-06-04T01:00:00+00:00,1433379600,1433379600,1433383200,,Estádio da Ressacada,Florianopolis,Match Finished,FT,90,71,Serie A,Brazil,https://media.api-sports.io/football/leagues/71.png,https://media.api-sports.io/flags/br.svg,2015,Regular Season - 5,145,Avai,https://media.api-sports.io/football/teams/145.png,False,1062,Atletico-MG,https://media.api-sports.io/football/teams/1062.png,True,1,4,0,2,1,4,,,,
190114,"Cleisson Veloso Pereira, Brazil",UTC,2015-06-04T19:00:00+00:00,1433444400,1433444400,1433448000,,Estádio do Maracanã,Rio de Janeiro,Match Finished,FT,90,71,Serie A,Brazil,https://media.api-sports.io/football/leagues/71.png,https://media.api-sports.io/flags/br.svg,2015,Regular Season - 5,124,Fluminense,https://media.api-sports.io/football/teams/124.png,True,147,Coritiba,https://media.api-sports.io/football/teams/147.png,False,2,0,1,0,2,0,,,,
190115,"Rodolpho Toski Marques, Brazil",UTC,2015-06-05T00:00:00+00:00,1433462400,1433462400,1433466000,,Allianz Parque,Sao Paulo,Match Finished,FT,90,71,Serie A,Brazil,https://media.api-sports.io/football/leagues/71.png,https://media.api-sports.io/flags/br.svg,2015,Regular Season - 5,121,Palmeiras,https://media.api-sports.io/football/teams/121.png,,119,Internacional,https://media.api-sports.io/football/teams/119.png,,1,1,0,0,1,1,,,,
190116,"Flavio Rodrigues Guerra, Brazil",UTC,2015-06-05T00:00:00+00:00,1433462400,1433462400,1433466000,,Ilha do Retiro,Recife,Match Finished,FT,90,71,Serie A,Brazil,https://media.api-sports.io/football/leagues/71.png,https://media.api-sports.io/flags/br.svg,2015,Regular Season - 5,123,Sport Recife,https://media.api-sports.io/football/teams/123.png,True,151,Goias,https://media.api-sports.io/football/teams/151.png,False,1,0,0,0,1,0,,,,
190118,"Anderson Daronco, Brazil",UTC,2015-06-06T21:30:00+00:00,1433626200,1433626200,1433629800,,Estádio do Maracanã,Rio de Janeiro,Match Finished,FT,90,71,Serie A,Brazil,https://media.api-sports.io/football/leagues/71.png,https://media.api-sports.io/flags/br.svg,2015,Regular Season - 6,127,Flamengo,https://media.api-sports.io/football/teams/127.png,True,132,Chapecoense-sc,https://media.api-sports.io/football/teams/132.png,False,1,0,0,0,1,0,,,,
190117,"Vinicius Goncalves Dias Araujo, Brazil",UTC,2015-06-06T21:30:00+00:00,1433626200,1433626200,1433629800,,Urbano Caldeira,Santos,Match Finished,FT,90,71,Serie A,Brazil,https://media.api-sports.io/football/leagues/71.png,https://media.api-sports.io/flags/br.svg,2015,Regular Season - 6,128,Santos,https://media.api-sports.io/football/teams/128.png,,139,Ponte Preta,https://media.api-sports.io/football/teams/139.png,,2,2,1,0,2,2,,,,
190119,"Marcelo De Lima Henrique, Brazil",UTC,2015-06-06T21:30:00+00:00,1433626200,1433626200,1433629800,,Arena Independência,Belo Horizonte,Match Finished,FT,90,71,Serie A,Brazil,https://media.api-sports.io/football/leagues/71.png,https://media.api-sports.io/flags/br.svg,2015,Regular Season - 6,1062,Atletico-MG,https://media.api-sports.io/football/teams/1062.png,False,135,Cruzeiro,https://media.api-sports.io/football/teams/135.png,True,1,3,1,1,1,3,,,,
190120,"Pericles Bassols Pegado Cortez, Brazil",UTC,2015-06-07T01:00:00+00:00,1433638800,1433638800,1433642400,,Morumbi,Sao Paulo,Match Finished,FT,90,71,Serie A,Brazil,https://media.api-sports.io/football/leagues/71.png,https://media.api-sports.io/flags/br.svg,2015,Regular Season - 6,126,Sao Paulo,https://media.api-sports.io/football/teams/126.png,True,130,Gremio,https://media.api-sports.io/football/teams/130.png,False,2,0,1,0,2,0,,,,
190121,"Marcelo Aparecido Ribeiro de Souza, Brazil",UTC,2015-06-07T01:00:00+00:00,1433638800,1433638800,1433642400,,Arena da Baixada,Curitiba,Match Finished,FT,90,71,Serie A,Brazil,https://media.api-sports.io/football/leagues/71.png,https://media.api-sports.io/flags/br.svg,2015,Regular Season - 6,134,Atletico Paranaense,https://media.api-sports.io/football/teams/134.png,True,133,Vasco DA Gama,https://media.api-sports.io/football/teams/133.png,False,2,0,0,0,2,0,,,,
190122,"Dewson Fernando Freitas da Silva, Brazil",UTC,2015-06-07T01:00:00+00:00,1433638800,1433638800,1433642400,,Arena Joinville,Joinville,Match Finished,FT,90,71,Serie A,Brazil,https://media.api-sports.io/football/leagues/71.png,https://media.api-sports.io/flags/br.svg,2015,Regular Season - 6,795,Joinville,https://media.api-sports.io/football/teams/795.png,False,131,Corinthians,https://media.api-sports.io/football/teams/131.png,True,0,1,0,1,0,1,,,,
190123,"Andre Luiz de Freitas Castro, Brazil",UTC,2015-06-07T14:00:00+00:00,1433685600,1433685600,1433689200,,Estádio Beira Rio,Porto Alegre,Match Finished,FT,90,71,Serie A,Brazil,https://media.api-sports.io/football/leagues/71.png,https://media.api-sports.io/flags/br.svg,2015,Regular Season - 6,119,Internacional,https://media.api-sports.io/football/teams/119.png,True,147,Coritiba,https://media.api-sports.io/football/teams/147.png,False,2,0,2,0,2,0,,,,
190124,"Paulo Roberto Alves Junior, Brazil",UTC,2015-06-07T22:30:00+00:00,1433716200,1433716200,1433719800,,Estádio do Maracanã,Rio de Janeiro,Match Finished,FT,90,71,Serie A,Brazil,https://media.api-sports.io/football/leagues/71.png,https://media.api-sports.io/flags/br.svg,2015,Regular Season - 6,124,Fluminense,https://media.api-sports.io/football/teams/124.png,,123,Sport Recife,https://media.api-sports.io/football/teams/123.png,,0,0,0,0,0,0,,,,
190125,Leandro Pedro Vuaden,UTC,2015-06-07T22:30:00+00:00,1433716200,1433716200,1433719800,,Orlando Scarpelli,Florianopolis,Match Finished,FT,90,71,Serie A,Brazil,https://media.api-sports.io/football/leagues/71.png,https://media.api-sports.io/flags/br.svg,2015,Regular Season - 6,137,Figueirense,https://media.api-sports.io/football/teams/137.png,True,121,Palmeiras,https://media.api-sports.io/football/teams/121.png,False,2,1,1,1,2,1,,,,
190126,"Alisson Sidnei Furtado, Brazil",UTC,2015-06-07T22:30:00+00:00,1433716200,1433716200,1433719800,,Serra Dourada,Goiania,Match Finished,FT,90,71,Serie A,Brazil,https://media.api-sports.io/football/leagues/71.png,https://media.api-sports.io/flags/br.svg,2015,Regular Season - 6,151,Goias,https://media.api-sports.io/football/teams/151.png,False,145,Avai,https://media.api-sports.io/football/teams/145.png,True,0,1,0,0,0,1,,,,
190127,"Wilton Pereira Sampaio, Brazil",UTC,2015-06-10T22:30:00+00:00,1433975400,1433975400,1433979000,,Arena Independência,Belo Horizonte,Match Finished,FT,90,71,Serie A,Brazil,https://media.api-sports.io/football/leagues/71.png,https://media.api-sports.io/flags/br.svg,2015,Regular Season - 7,1062,Atletico-MG,https://media.api-sports.io/football/teams/1062.png,,128,Santos,https://media.api-sports.io/football/teams/128.png,,2,2,2,1,2,2,,,,
190128,"Marcelo De Lima Henrique, Brazil",UTC,2015-06-13T19:30:00+00:00,1434223800,1434223800,1434227400,,Arena Corinthians,Sao Paulo,Match Finished,FT,90,71,Serie A,Brazil,https://media.api-sports.io/football/leagues/71.png,https://media.api-sports.io/flags/br.svg,2015,Regular Season - 7,131,Corinthians,https://media.api-sports.io/football/teams/131.png,True,119,Internacional,https://media.api-sports.io/football/teams/119.png,False,2,1,0,1,2,1,,,,
190130,"Wilton Pereira Sampaio, Brazil",UTC,2015-06-13T19:30:00+00:00,1434223800,1434223800,1434227400,,Arena Condá,Chapeco,Match Finished,FT,90,71,Serie A,Brazil,https://media.api-sports.io/football/leagues/71.png,https://media.api-sports.io/flags/br.svg,2015,Regular Season - 7,132,Chapecoense-sc,https://media.api-sports.io/football/teams/132.png,False,126,Sao Paulo,https://media.api-sports.io/football/teams/126.png,True,0,1,0,1,0,1,,,,
190129,"Guilherme Ceretta de Lima, Brazil",UTC,2015-06-13T19:30:00+00:00,1434223800,1434223800,1434227400,,Estádio Couto Pereira,Curitiba,Match Finished,FT,90,71,Serie A,Brazil,https://media.api-sports.io/football/leagues/71.png,https://media.api-sports.io/flags/br.svg,2015,Regular Season - 7,147,Coritiba,https://media.api-sports.io/football/teams/147.png,False,127,Flamengo,https://media.api-sports.io/football/teams/127.png,True,0,1,0,1,0,1,,,,
190132,"Heber Roberto Lopes, Brazil",UTC,2015-06-14T00:00:00+00:00,1434240000,1434240000,1434243600,,Ilha do Retiro,Recife,Match Finished,FT,90,71,Serie A,Brazil,https://media.api-sports.io/football/leagues/71.png,https://media.api-sports.io/flags/br.svg,2015,Regular Season - 7,123,Sport Recife,https://media.api-sports.io/football/teams/123.png,True,795,Joinville,https://media.api-sports.io/football/teams/795.png,False,2,1,2,0,2,1,,,,
190131,Leandro Pedro Vuaden,UTC,2015-06-14T00:00:00+00:00,1434240000,1434240000,1434243600,,São Januário,Rio de Janeiro,Match Finished,FT,90,71,Serie A,Brazil,https://media.api-sports.io/football/leagues/71.png,https://media.api-sports.io/flags/br.svg,2015,Regular Season - 7,133,Vasco DA Gama,https://media.api-sports.io/football/teams/133.png,False,135,Cruzeiro,https://media.api-sports.io/football/teams/135.png,True,1,3,0,1,1,3,,,,
190133,"Pablo Dos Santos Alves, Brazil",UTC,2015-06-14T14:00:00+00:00,1434290400,1434290400,1434294000,,Moisés Lucarelli,Campinas,Match Finished,FT,90,71,Serie A,Brazil,https://media.api-sports.io/football/leagues/71.png,https://media.api-sports.io/flags/br.svg,2015,Regular Season - 7,139,Ponte Preta,https://media.api-sports.io/football/teams/139.png,,151,Goias,https://media.api-sports.io/football/teams/151.png,,0,0,0,0,0,0,,,,
190134,"Dewson Fernando Freitas da Silva, Brazil",UTC,2015-06-14T19:00:00+00:00,1434308400,1434308400,1434312000,,Allianz Parque,Sao Paulo,Match Finished,FT,90,71,Serie A,Brazil,https://media.api-sports.io/football/leagues/71.png,https://media.api-sports.io/flags/br.svg,2015,Regular Season - 7,121,Palmeiras,https://media.api-sports.io/football/teams/121.png,True,124,Fluminense,https://media.api-sports.io/football/teams/124.png,False,2,1,1,1,2,1,,,,
190135,"Marcos Andre Gomes da Penha, Brazil",UTC,2015-06-14T19:00:00+00:00,1434308400,1434308400,1434312000,,Arena do Grêmio,Porto Alegre,Match Finished,FT,90,71,Serie A,Brazil,https://media.api-sports.io/football/leagues/71.png,https://media.api-sports.io/flags/br.svg,2015,Regular Season - 7,130,Gremio,https://media.api-sports.io/football/teams/130.png,True,134,Atletico Paranaense,https://media.api-sports.io/football/teams/134.png,False,2,1,1,0,2,1,,,,
190136,"Reway Wagner, Brazil",UTC,2015-06-14T19:00:00+00:00,1434308400,1434308400,1434312000,,Estádio da Ressacada,Florianopolis,Match Finished,FT,90,71,Serie A,Brazil,https://media.api-sports.io/football/leagues/71.png,https://media.api-sports.io/flags/br.svg,2015,Regular Season - 7,145,Avai,https://media.api-sports.io/football/teams/145.png,,137,Figueirense,https://media.api-sports.io/football/teams/137.png,,1,1,1,1,1,1,,,,
190137,"Wagner do Nascimento Magalhaes, Brazil",UTC,2015-06-19T00:00:00+00:00,1434672000,1434672000,1434675600,,Orlando Scarpelli,Florianopolis,Match Finished,FT,90,71,Serie A,Brazil,https://media.api-sports.io/football/leagues/71.png,https://media.api-sports.io/flags/br.svg,2015,Regular Season - 8,137,Figueirense,https://media.api-sports.io/football/teams/137.png,,119,Internacional,https://media.api-sports.io/football/teams/119.png,,0,0,0,0,0,0,,,,
190140,"Anderson Daronco, Brazil",UTC,2015-06-20T19:30:00+00:00,1434828600,1434828600,1434832200,,Ilha do Retiro,Recife,Match Finished,FT,90,71,Serie A,Brazil,https://media.api-sports.io/football/leagues/71.png,https://media.api-sports.io/flags/br.svg,2015,Regular Season - 8,123,Sport Recife,https://media.api-sports.io/football/teams/123.png,True,133,Vasco DA Gama,https://media.api-sports.io/football/teams/133.png,False,2,1,1,1,2,1,,,,
190139,"Thiago Duarte Peixoto, Brazil",UTC,2015-06-20T19:30:00+00:00,1434828600,1434828600,1434832200,,Estádio do Maracanã,Rio de Janeiro,Match Finished,FT,90,71,Serie A,Brazil,https://media.api-sports.io/football/leagues/71.png,https://media.api-sports.io/flags/br.svg,2015,Regular Season - 8,127,Flamengo,https://media.api-sports.io/football/teams/127.png,False,1062,Atletico-MG,https://media.api-sports.io/football/teams/1062.png,True,0,2,0,2,0,2,,,,
190138,"Luiz Flavio De Oliveira, Brazil",UTC,2015-06-20T19:30:00+00:00,1434828600,1434828600,1434832200,,Urbano Caldeira,Santos,Match Finished,FT,90,71,Serie A,Brazil,https://media.api-sports.io/football/leagues/71.png,https://media.api-sports.io/flags/br.svg,2015,Regular Season - 8,128,Santos,https://media.api-sports.io/football/teams/128.png,True,131,Corinthians,https://media.api-sports.io/football/teams/131.png,False,1,0,1,0,1,0,,,,
190141,"Raphael Claus, Brazil",UTC,2015-06-21T00:00:00+00:00,1434844800,1434844800,1434848400,,Arena do Grêmio,Porto Alegre,Match Finished,FT,90,71,Serie A,Brazil,https://media.api-sports.io/football/leagues/71.png,https://media.api-sports.io/flags/br.svg,2015,Regular Season - 8,130,Gremio,https://media.api-sports.io/football/teams/130.png,True,121,Palmeiras,https://media.api-sports.io/football/teams/121.png,False,1,0,0,0,1,0,,,,
190142,"Pericles Bassols Pegado Cortez, Brazil",UTC,2015-06-21T14:00:00+00:00,1434895200,1434895200,1434898800,,Estádio Mineirão,Belo Horizonte,Match Finished,FT,90,71,Serie A,Brazil,https://media.api-sports.io/football/leagues/71.png,https://media.api-sports.io/flags/br.svg,2015,Regular Season - 8,135,Cruzeiro,https://media.api-sports.io/football/teams/135.png,False,132,Chapecoense-sc,https://media.api-sports.io/football/teams/132.png,True,0,1,0,1,0,1,,,,
190143,"Bruno Arleu de Araujo, Brazil",UTC,2015-06-21T19:00:00+00:00,1434913200,1434913200,1434916800,,Morumbi,Sao Paulo,Match Finished,FT,90,71,Serie A,Brazil,https://media.api-sports.io/football/leagues/71.png,https://media.api-sports.io/flags/br.svg,2015,Regular Season - 8,126,Sao Paulo,https://media.api-sports.io/football/teams/126.png,,145,Avai,https://media.api-sports.io/football/teams/145.png,,1,1,0,0,1,1,,,,
190144,"Dewson Fernando Freitas da Silva, Brazil",UTC,2015-06-21T19:00:00+00:00,1434913200,1434913200,1434916800,,Arena da Baixada,Curitiba,Match Finished,FT,90,71,Serie A,Brazil,https://media.api-sports.io/football/leagues/71.png,https://media.api-sports.io/flags/br.svg,2015,Regular Season - 8,134,Atletico Paranaense,https://media.api-sports.io/football/teams/134.png,,147,Coritiba,https://media.api-sports.io/football/teams/147.png,,2,2,1,1,2,2,,,,
190145,"Igor Junio Benevenuto, Brazil",UTC,2015-06-21T19:00:00+00:00,1434913200,1434913200,1434916800,,Arena Joinville,Joinville,Match Finished,FT,90,71,Serie A,Brazil,https://media.api-sports.io/football/leagues/71.png,https://media.api-sports.io/flags/br.svg,2015,Regular Season - 8,795,Joinville,https://media.api-sports.io/football/teams/795.png,True,151,Goias,https://media.api-sports.io/football/teams/151.png,False,2,1,2,1,2,1,,,,
190146,Leandro Pedro Vuaden,UTC,2015-06-24T22:30:00+00:00,1435185000,1435185000,1435188600,,Estádio do Maracanã,Rio de Janeiro,Match Finished,FT,90,71,Serie A,Brazil,https://media.api-sports.io/football/leagues/71.png,https://media.api-sports.io/flags/br.svg,2015,Regular Season - 8,124,Fluminense,https://media.api-sports.io/football/teams/124.png,True,139,Ponte Preta,https://media.api-sports.io/football/teams/139.png,False,2,0,0,0,2,0,,,,
190148,"Wagner do Nascimento Magalhaes, Brazil",UTC,2015-06-27T19:00:00+00:00,1435431600,1435431600,1435435200,,Arena Condá,Chapeco,Match Finished,FT,90,71,Serie A,Brazil,https://media.api-sports.io/football/leagues/71.png,https://media.api-sports.io/flags/br.svg,2015,Regular Season - 9,132,Chapecoense-sc,https://media.api-sports.io/football/teams/132.png,,123,Sport Recife,https://media.api-sports.io/football/teams/123.png,,1,1,0,1,1,1,,,,
190147,"Marcelo De Lima Henrique, Brazil",UTC,2015-06-27T19:00:00+00:00,1435431600,1435431600,1435435200,,Estádio da Ressacada,Florianopolis,Match Finished,FT,90,71,Serie A,Brazil,https://media.api-sports.io/football/leagues/71.png,https://media.api-sports.io/flags/br.svg,2015,Regular Season - 9,145,Avai,https://media.api-sports.io/football/teams/145.png,False,130,Gremio,https://media.api-sports.io/football/teams/130.png,True,1,2,0,2,1,2,,,,
190149,"Igor Junio Benevenuto, Brazil",UTC,2015-06-28T00:00:00+00:00,1435449600,1435449600,1435453200,,Arena Corinthians,Sao Paulo,Match Finished,FT,90,71,Serie A,Brazil,https://media.api-sports.io/football/leagues/71.png,https://media.api-sports.io/flags/br.svg,2015,Regular Season - 9,131,Corinthians,https://media.api-sports.io/football/teams/131.png,True,137,Figueirense,https://media.api-sports.io/football/teams/137.png,False,2,1,0,0,2,1,,,,
190150,"Emerson Luiz Sobral, Brazil",UTC,2015-06-28T14:00:00+00:00,1435500000,1435500000,1435503600,,Arena Independência,Belo Horizonte,Match Finished,FT,90,71,Serie A,Brazil,https://media.api-sports.io/football/leagues/71.png,https://media.api-sports.io/flags/br.svg,2015,Regular Season - 9,1062,Atletico-MG,https://media.api-sports.io/football/teams/1062.png,True,795,Joinville,https://media.api-sports.io/football/teams/795.png,False,1,0,1,0,1,0,,,,
190151,"Anderson Daronco, Brazil",UTC,2015-06-28T19:00:00+00:00,1435518000,1435518000,1435521600,,Allianz Parque,Sao Paulo,Match Finished,FT,90,71,Serie A,Brazil,https://media.api-sports.io/football/leagues/71.png,https://media.api-sports.io/flags/br.svg,2015,Regular Season - 9,121,Palmeiras,https://media.api-sports.io/football/teams/121.png,True,126,Sao Paulo,https://media.api-sports.io/football/teams/126.png,False,4,0,2,0,4,0,,,,
190152,"Francisco Carlos Do Nascimento, Brazil",UTC,2015-06-28T19:00:00+00:00,1435518000,1435518000,1435521600,,Moisés Lucarelli,Campinas,Match Finished,FT,90,71,Serie A,Brazil,https://media.api-sports.io/football/leagues/71.png,https://media.api-sports.io/flags/br.svg,2015,Regular Season - 9,139,Ponte Preta,https://media.api-sports.io/football/teams/139.png,True,134,Atletico Paranaense,https://media.api-sports.io/football/teams/134.png,False,2,1,1,1,2,1,,,,
190153,"Raphael Claus, Brazil",UTC,2015-06-28T19:00:00+00:00,1435518000,1435518000,1435521600,,Estádio Couto Pereira,Curitiba,Match Finished,FT,90,71,Serie A,Brazil,https://media.api-sports.io/football/leagues/71.png,https://media.api-sports.io/flags/br.svg,2015,Regular Season - 9,147,Coritiba,https://media.api-sports.io/football/teams/147.png,True,135,Cruzeiro,https://media.api-sports.io/football/teams/135.png,False,1,0,0,0,1,0,,,,
190154,"Luiz Flavio De Oliveira, Brazil",UTC,2015-06-28T19:00:00+00:00,1435518000,1435518000,1435521600,,Serra Dourada,Goiania,Match Finished,FT,90,71,Serie A,Brazil,https://media.api-sports.io/football/leagues/71.png,https://media.api-sports.io/flags/br.svg,2015,Regular Season - 9,151,Goias,https://media.api-sports.io/football/teams/151.png,False,124,Fluminense,https://media.api-sports.io/football/teams/124.png,True,1,2,1,0,1,2,,,,
190156,"Dewson Fernando Freitas da Silva, Brazil",UTC,2015-06-28T21:30:00+00:00,1435527000,1435527000,1435530600,,Estádio Beira Rio,Porto Alegre,Match Finished,FT,90,71,Serie A,Brazil,https://media.api-sports.io/football/leagues/71.png,https://media.api-sports.io/flags/br.svg,2015,Regular Season - 9,119,Internacional,https://media.api-sports.io/football/teams/119.png,True,128,Santos,https://media.api-sports.io/football/teams/128.png,False,1,0,0,0,1,0,,,,
190155,"Heber Roberto Lopes, Brazil",UTC,2015-06-28T21:30:00+00:00,1435527000,1435527000,1435530600,,São Januário,Rio de Janeiro,Match Finished,FT,90,71,Serie A,Brazil,https://media.api-sports.io/football/leagues/71.png,https://media.api-sports.io/flags/br.svg,2015,Regular Season - 9,133,Vasco DA Gama,https://media.api-sports.io/football/teams/133.png,True,127,Flamengo,https://media.api-sports.io/football/teams/127.png,False,1,0,1,0,1,0,,,,
190158,"Pericles Bassols Pegado Cortez, Brazil",UTC,2015-07-01T22:30:00+00:00,1435789800,1435789800,1435793400,,Ilha do Retiro,Recife,Match Finished,FT,90,71,Serie A,Brazil,https://media.api-sports.io/football/leagues/71.png,https://media.api-sports.io/flags/br.svg,2015,Regular Season - 10,123,Sport Recife,https://media.api-sports.io/football/teams/123.png,True,119,Internacional,https://media.api-sports.io/football/teams/119.png,False,3,0,3,0,3,0,,,,
190157,"Marcos Andre Gomes da Penha, Brazil",UTC,2015-07-01T22:30:00+00:00,1435789800,1435789800,1435793400,,São Januário,Rio de Janeiro,Match Finished,FT,90,71,Serie A,Brazil,https://media.api-sports.io/football/leagues/71.png,https://media.api-sports.io/flags/br.svg,2015,Regular Season - 10,133,Vasco DA Gama,https://media.api-sports.io/football/teams/133.png,True,145,Avai,https://media.api-sports.io/football/teams/145.png,False,1,0,0,0,1,0,,,,
190159,"Pablo Dos Santos Alves, Brazil",UTC,2015-07-02T00:00:00+00:00,1435795200,1435795200,1435798800,,Allianz Parque,Sao Paulo,Match Finished,FT,90,71,Serie A,Brazil,https://media.api-sports.io/football/leagues/71.png,https://media.api-sports.io/flags/br.svg,2015,Regular Season - 10,121,Palmeiras,https://media.api-sports.io/football/teams/121.png,True,132,Chapecoense-sc,https://media.api-sports.io/football/teams/132.png,False,2,0,1,0,2,0,,,,
190160,"Braulio Da Silva Machado, Brazil",UTC,2015-07-02T00:00:00+00:00,1435795200,1435795200,1435798800,,Arena Independência,Belo Horizonte,Match Finished,FT,90,71,Serie A,Brazil,https://media.api-sports.io/football/leagues/71.png,https://media.api-sports.io/flags/br.svg,2015,Regular Season - 10,1062,Atletico-MG,https://media.api-sports.io/football/teams/1062.png,True,147,Coritiba,https://media.api-sports.io/football/teams/147.png,False,2,0,1,0,2,0,,,,
190161,"Marcelo Aparecido Ribeiro de Souza, Brazil",UTC,2015-07-02T01:00:00+00:00,1435798800,1435798800,1435802400,,Arena do Gremio,Porto Alegre,Match Finished,FT,90,71,Serie A,Brazil,https://media.api-sports.io/football/leagues/71.png,https://media.api-sports.io/flags/br.svg,2015,Regular Season - 10,130,Gremio,https://media.api-sports.io/football/teams/130.png,True,135,Cruzeiro,https://media.api-sports.io/football/teams/135.png,False,1,0,0,0,1,0,,,,
190162,"Elmo Alves Resende Cunha, Brazil",UTC,2015-07-02T01:00:00+00:00,1435798800,1435798800,1435802400,,Arena da Baixada,Curitiba,Match Finished,FT,90,71,Serie A,Brazil,https://media.api-sports.io/football/leagues/71.png,https://media.api-sports.io/flags/br.svg,2015,Regular Season - 10,134,Atletico Paranaense,https://media.api-sports.io/football/teams/134.png,True,126,Sao Paulo,https://media.api-sports.io/football/teams/126.png,False,2,1,1,0,2,1,,,,
190163,Leandro Pedro Vuaden,UTC,2015-07-02T01:00:00+00:00,1435798800,1435798800,1435802400,,Arena Joinville,Joinville,Match Finished,FT,90,71,Serie A,Brazil,https://media.api-sports.io/football/leagues/71.png,https://media.api-sports.io/flags/br.svg,2015,Regular Season - 10,795,Joinville,https://media.api-sports.io/football/teams/795.png,False,127,Flamengo,https://media.api-sports.io/football/teams/127.png,True,0,1,0,0,0,1,,,,
190164,"Thiago Duarte Peixoto, Brazil",UTC,2015-07-02T22:30:00+00:00,1435876200,1435876200,1435879800,,Arena Corinthians,Sao Paulo,Match Finished,FT,90,71,Serie A,Brazil,https://media.api-sports.io/football/leagues/71.png,https://media.api-sports.io/flags/br.svg,2015,Regular Season - 10,131,Corinthians,https://media.api-sports.io/football/teams/131.png,True,139,Ponte Preta,https://media.api-sports.io/football/teams/139.png,False,2,0,1,0,2,0,,,,
190165,"Wilton Pereira Sampaio, Brazil",UTC,2015-07-02T22:30:00+00:00,1435876200,1435876200,1435879800,,Orlando Scarpelli,Florianopolis,Match Finished,FT,90,71,Serie A,Brazil,https://media.api-sports.io/football/leagues/71.png,https://media.api-sports.io/flags/br.svg,2015,Regular Season - 10,137,Figueirense,https://media.api-sports.io/football/teams/137.png,True,151,Goias,https://media.api-sports.io/football/teams/151.png,False,3,1,2,0,3,1,,,,
190166,"Ricardo Marques Ribeiro, Brazil",UTC,2015-07-03T00:00:00+00:00,1435881600,1435881600,1435885200,,Estadio do Maracanã,Rio de Janeiro,Match Finished,FT,90,71,Serie A,Brazil,https://media.api-sports.io/football/leagues/71.png,https://media.api-sports.io/flags/br.svg,2015,Regular Season - 10,124,Fluminense,https://media.api-sports.io/football/teams/124.png,True,128,Santos,https://media.api-sports.io/football/teams/128.png,False,2,1,1,0,2,1,,,,
190167,"Andre Luiz de Freitas Castro, Brazil",UTC,2015-07-04T18:00:00+00:00,1436032800,1436032800,1436036400,,Estádio Couto Pereira,Curitiba,Match Finished,FT,90,71,Serie A,Brazil,https://media.api-sports.io/football/leagues/71.png,https://media.api-sports.io/flags/br.svg,2015,Regular Season - 11,147,Coritiba,https://media.api-sports.io/football/teams/147.png,,795,Joinville,https://media.api-sports.io/football/teams/795.png,,0,0,0,0,0,0,,,,
190169,"Ricardo Marques Ribeiro, Brazil",UTC,2015-07-05T00:00:00+00:00,1436054400,1436054400,1436058000,,Arena Condá,Chapeco,Match Finished,FT,90,71,Serie A,Brazil,https://media.api-sports.io/football/leagues/71.png,https://media.api-sports.io/flags/br.svg,2015,Regular Season - 11,132,Chapecoense-sc,https://media.api-sports.io/football/teams/132.png,True,133,Vasco DA Gama,https://media.api-sports.io/football/teams/133.png,False,1,0,0,0,1,0,,,,
190168,"Luiz Flavio De Oliveira, Brazil",UTC,2015-07-05T00:00:00+00:00,1436054400,1436054400,1436058000,,Estádio Mineirão,Belo Horizonte,Match Finished,FT,90,71,Serie A,Brazil,https://media.api-sports.io/football/leagues/71.png,https://media.api-sports.io/flags/br.svg,2015,Regular Season - 11,135,Cruzeiro,https://media.api-sports.io/football/teams/135.png,True,134,Atletico Paranaense,https://media.api-sports.io/football/teams/134.png,False,2,0,1,0,2,0,,,,
190170,"Dewson Fernando Freitas da Silva, Brazil",UTC,2015-07-05T14:00:00+00:00,1436104800,1436104800,1436108400,,Estádio da Ressacada,Florianopolis,Match Finished,FT,90,71,Serie A,Brazil,https://media.api-sports.io/football/leagues/71.png,https://media.api-sports.io/flags/br.svg,2015,Regular Season - 11,145,Avai,https://media.api-sports.io/football/teams/145.png,,123,Sport Recife,https://media.api-sports.io/football/teams/123.png,,2,2,2,1,2,2,,,,
190171,Leandro Pedro Vuaden,UTC,2015-07-05T19:00:00+00:00,1436122800,1436122800,1436126400,,Morumbí,Sao Paulo,Match Finished,FT,90,71,Serie A,Brazil,https://media.api-sports.io/football/leagues/71.png,https://media.api-sports.io/flags/br.svg,2015,Regular Season - 11,126,Sao Paulo,https://media.api-sports.io/football/teams/126.png,,124,Fluminense,https://media.api-sports.io/football/teams/124.png,,0,0,0,0,0,0,,,,
190172,"Felipe Gomes Da Silva, Brazil",UTC,2015-07-05T19:00:00+00:00,1436122800,1436122800,1436126400,,Urbano Caldeira,Santos,Match Finished,FT,90,71,Serie A,Brazil,https://media.api-sports.io/football/leagues/71.png,https://media.api-sports.io/flags/br.svg,2015,Regular Season - 11,128,Santos,https://media.api-sports.io/football/teams/128.png,False,130,Gremio,https://media.api-sports.io/football/teams/130.png,True,1,3,0,1,1,3,,,,
190173,"Heber Roberto Lopes, Brazil",UTC,2015-07-05T19:00:00+00:00,1436122800,1436122800,1436126400,,Serra Dourada,Goiania,Match Finished,FT,90,71,Serie A,Brazil,https://media.api-sports.io/football/leagues/71.png,https://media.api-sports.io/flags/br.svg,2015,Regular Season - 11,151,Goias,https://media.api-sports.io/football/teams/151.png,,131,Corinthians,https://media.api-sports.io/football/teams/131.png,,0,0,0,0,0,0,,,,
190176,"Raphael Claus, Brazil",UTC,2015-07-05T21:30:00+00:00,1436131800,1436131800,1436135400,,Estadio Beira-Rio,Porto Alegre,Match Finished,FT,90,71,Serie A,Brazil,https://media.api-sports.io/football/leagues/71.png,https://media.api-sports.io/flags/br.svg,2015,Regular Season - 11,119,Internacional,https://media.api-sports.io/football/teams/119.png,False,1062,Atletico-MG,https://media.api-sports.io/football/teams/1062.png,True,1,3,0,0,1,3,,,,
190175,"Jailson Macedo Freitas, Brazil",UTC,2015-07-05T21:30:00+00:00,1436131800,1436131800,1436135400,,Estadio do Maracanã,Rio de Janeiro,Match Finished,FT,90,71,Serie A,Brazil,https://media.api-sports.io/football/leagues/71.png,https://media.api-sports.io/flags/br.svg,2015,Regular Season - 11,127,Flamengo,https://media.api-sports.io/football/teams/127.png,False,137,Figueirense,https://media.api-sports.io/football/teams/137.png,True,1,2,0,0,1,2,,,,
190174,"Vinicius Goncalves Dias Araujo, Brazil",UTC,2015-07-05T21:30:00+00:00,1436131800,1436131800,1436135400,,Moisés Lucarelli,Campinas,Match Finished,FT,90,71,Serie A,Brazil,https://media.api-sports.io/football/leagues/71.png,https://media.api-sports.io/flags/br.svg,2015,Regular Season - 11,139,Ponte Preta,https://media.api-sports.io/football/teams/139.png,False,121,Palmeiras,https://media.api-sports.io/football/teams/121.png,True,0,2,0,2,0,2,,,,
190179,"Flavio Rodrigues Guerra, Brazil",UTC,2015-07-08T22:30:00+00:00,1436394600,1436394600,1436398200,,Arena Condá,Chapeco,Match Finished,FT,90,71,Serie A,Brazil,https://media.api-sports.io/football/leagues/71.png,https://media.api-sports.io/flags/br.svg,2015,Regular Season - 12,132,Chapecoense-sc,https://media.api-sports.io/football/teams/132.png,True,130,Gremio,https://media.api-sports.io/football/teams/130.png,False,1,0,0,0,1,0,,,,
190177,"Pericles Bassols Pegado Cortez, Brazil",UTC,2015-07-08T22:30:00+00:00,1436394600,1436394600,1436398200,,Estádio Couto Pereira,Curitiba,Match Finished,FT,90,71,Serie A,Brazil,https://media.api-sports.io/football/leagues/71.png,https://media.api-sports.io/flags/br.svg,2015,Regular Season - 12,147,Coritiba,https://media.api-sports.io/football/teams/147.png,,139,Ponte Preta,https://media.api-sports.io/football/teams/139.png,,0,0,0,0,0,0,,,,
190178,"Anderson Daronco, Brazil",UTC,2015-07-08T22:30:00+00:00,1436394600,1436394600,1436398200,,Serra Dourada,Goiania,Match Finished,FT,90,71,Serie A,Brazil,https://media.api-sports.io/football/leagues/71.png,https://media.api-sports.io/flags/br.svg,2015,Regular Season - 12,151,Goias,https://media.api-sports.io/football/teams/151.png,True,128,Santos,https://media.api-sports.io/football/teams/128.png,False,4,1,0,0,4,1,,,,
190180,"Igor Junio Benevenuto, Brazil",UTC,2015-07-09T00:00:00+00:00,1436400000,1436400000,1436403600,,Allianz Parque,Sao Paulo,Match Finished,FT,90,71,Serie A,Brazil,https://media.api-sports.io/football/leagues/71.png,https://media.api-sports.io/flags/br.svg,2015,Regular Season - 12,121,Palmeiras,https://media.api-sports.io/football/teams/121.png,True,145,Avai,https://media.api-sports.io/football/teams/145.png,False,3,0,1,0,3,0,,,,
190181,"Marcelo De Lima Henrique, Brazil",UTC,2015-07-09T00:00:00+00:00,1436400000,1436400000,1436403600,,Orlando Scarpelli,Florianopolis,Match Finished,FT,90,71,Serie A,Brazil,https://media.api-sports.io/football/leagues/71.png,https://media.api-sports.io/flags/br.svg,2015,Regular Season - 12,137,Figueirense,https://media.api-sports.io/football/teams/137.png,False,795,Joinville,https://media.api-sports.io/football/teams/795.png,True,0,2,0,1,0,2,,,,
190183,"Wilton Pereira Sampaio, Brazil",UTC,2015-07-09T01:00:00+00:00,1436403600,1436403600,1436407200,,Estadio Beira-Rio,Porto Alegre,Match Finished,FT,90,71,Serie A,Brazil,https://media.api-sports.io/football/leagues/71.png,https://media.api-sports.io/flags/br.svg,2015,Regular Season - 12,119,Internacional,https://media.api-sports.io/football/teams/119.png,False,127,Flamengo,https://media.api-sports.io/football/teams/127.png,True,1,2,0,1,1,2,,,,
190182,Leandro Pedro Vuaden,UTC,2015-07-09T01:00:00+00:00,1436403600,1436403600,1436407200,,São Januário,Rio de Janeiro,Match Finished,FT,90,71,Serie A,Brazil,https://media.api-sports.io/football/leagues/71.png,https://media.api-sports.io/flags/br.svg,2015,Regular Season - 12,133,Vasco DA Gama,https://media.api-sports.io/football/teams/133.png,False,126,Sao Paulo,https://media.api-sports.io/football/teams/126.png,True,0,4,0,2,0,4,,,,
190184,"Elmo Alves Resende Cunha, Brazil",UTC,2015-07-09T01:00:00+00:00,1436403600,1436403600,1436407200,,Arena Independência,Belo Horizonte,Match Finished,FT,90,71,Serie A,Brazil,https://media.api-sports.io/football/leagues/71.png,https://media.api-sports.io/flags/br.svg,2015,Regular Season - 12,1062,Atletico-MG,https://media.api-sports.io/football/teams/1062.png,True,123,Sport Recife,https://media.api-sports.io/football/teams/123.png,False,2,1,0,0,2,1,,,,
190185,"Ricardo Marques Ribeiro, Brazil",UTC,2015-07-09T22:30:00+00:00,1436481000,1436481000,1436484600,,Arena Corinthians,Sao Paulo,Match Finished,FT,90,71,Serie A,Brazil,https://media.api-sports.io/football/leagues/71.png,https://media.api-sports.io/flags/br.svg,2015,Regular Season - 12,131,Corinthians,https://media.api-sports.io/football/teams/131.png,True,134,Atletico Paranaense,https://media.api-sports.io/football/teams/134.png,False,2,0,1,0,2,0,,,,
190186,"Heber Roberto Lopes, Brazil",UTC,2015-07-10T00:00:00+00:00,1436486400,1436486400,1436490000,,Estadio do Maracanã,Rio de Janeiro,Match Finished,FT,90,71,Serie A,Brazil,https://media.api-sports.io/football/leagues/71.png,https://media.api-sports.io/flags/br.svg,2015,Regular Season - 12,124,Fluminense,https://media.api-sports.io/football/teams/124.png,True,135,Cruzeiro,https://media.api-sports.io/football/teams/135.png,False,1,0,0,0,1,0,,,,
190187,"Andre Luiz de Freitas Castro, Brazil",UTC,2015-07-11T21:30:00+00:00,1436650200,1436650200,1436653800,,Urbano Caldeira,Santos,Match Finished,FT,90,71,Serie A,Brazil,https://media.api-sports.io/football/leagues/71.png,https://media.api-sports.io/flags/br.svg,2015,Regular Season - 13,128,Santos,https://media.api-sports.io/football/teams/128.png,True,137,Figueirense,https://media.api-sports.io/football/teams/137.png,False,3,0,1,0,3,0,,,,
190188,"Luiz Flavio De Oliveira, Brazil",UTC,2015-07-11T21:30:00+00:00,1436650200,1436650200,1436653800,,Arena do Gremio,Porto Alegre,Match Finished,FT,90,71,Serie A,Brazil,https://media.api-sports.io/football/leagues/71.png,https://media.api-sports.io/flags/br.svg,2015,Regular Season - 13,130,Gremio,https://media.api-sports.io/football/teams/130.png,True,133,Vasco DA Gama,https://media.api-sports.io/football/teams/133.png,False,2,0,0,0,2,0,,,,
190189,"Rodolpho Toski Marques, Brazil",UTC,2015-07-12T00:00:00+00:00,1436659200,1436659200,1436662800,,Moisés Lucarelli,Campinas,Match Finished,FT,90,71,Serie A,Brazil,https://media.api-sports.io/football/leagues/71.png,https://media.api-sports.io/flags/br.svg,2015,Regular Season - 13,139,Ponte Preta,https://media.api-sports.io/football/teams/139.png,False,1062,Atletico-MG,https://media.api-sports.io/football/teams/1062.png,True,0,2,0,1,0,2,,,,
190190,"Alisson Sidnei Furtado, Brazil",UTC,2015-07-12T14:00:00+00:00,1436709600,1436709600,1436713200,,Morumbí,Sao Paulo,Match Finished,FT,90,71,Serie A,Brazil,https://media.api-sports.io/football/leagues/71.png,https://media.api-sports.io/flags/br.svg,2015,Regular Season - 13,126,Sao Paulo,https://media.api-sports.io/football/teams/126.png,True,147,Coritiba,https://media.api-sports.io/football/teams/147.png,False,3,1,2,0,3,1,,,,
190191,Leandro Pedro Vuaden,UTC,2015-07-12T19:00:00+00:00,1436727600,1436727600,1436731200,,Estadio do Maracanã,Rio de Janeiro,Match Finished,FT,90,71,Serie A,Brazil,https://media.api-sports.io/football/leagues/71.png,https://media.api-sports.io/flags/br.svg,2015,Regular Season - 13,127,Flamengo,https://media.api-sports.io/football/teams/127.png,False,131,Corinthians,https://media.api-sports.io/football/teams/131.png,True,0,3,0,2,0,3,,,,
190193,"Anderson Daronco, Brazil",UTC,2015-07-12T19:00:00+00:00,1436727600,1436727600,1436731200,,Arena da Baixada,Curitiba,Match Finished,FT,90,71,Serie A,Brazil,https://media.api-sports.io/football/leagues/71.png,https://media.api-sports.io/flags/br.svg,2015,Regular Season - 13,134,Atletico Paranaense,https://media.api-sports.io/football/teams/134.png,False,124,Fluminense,https://media.api-sports.io/football/teams/124.png,True,1,2,0,0,1,2,,,,
190192,"Emerson Luiz Sobral, Brazil",UTC,2015-07-12T19:00:00+00:00,1436727600,1436727600,1436731200,,Estádio Mineirão,Belo Horizonte,Match Finished,FT,90,71,Serie A,Brazil,https://media.api-sports.io/football/leagues/71.png,https://media.api-sports.io/flags/br.svg,2015,Regular Season - 13,135,Cruzeiro,https://media.api-sports.io/football/teams/135.png,True,151,Goias,https://media.api-sports.io/football/teams/151.png,False,1,0,1,0,1,0,,,,
190194,"Francisco Carlos Do Nascimento, Brazil",UTC,2015-07-12T19:00:00+00:00,1436727600,1436727600,1436731200,,Arena Joinville,Joinville,Match Finished,FT,90,71,Serie A,Brazil,https://media.api-sports.io/football/leagues/71.png,https://media.api-sports.io/flags/br.svg,2015,Regular Season - 13,795,Joinville,https://media.api-sports.io/football/teams/795.png,False,119,Internacional,https://media.api-sports.io/football/teams/119.png,True,0,2,0,2,0,2,,,,
190196,"Emerson De Almeida Ferreira, Brazil",UTC,2015-07-12T21:30:00+00:00,1436736600,1436736600,1436740200,,Ilha do Retiro,Recife,Match Finished,FT,90,71,Serie A,Brazil,https://media.api-sports.io/football/leagues/71.png,https://media.api-sports.io/flags/br.svg,2015,Regular Season - 13,123,Sport Recife,https://media.api-sports.io/football/teams/123.png,,121,Palmeiras,https://media.api-sports.io/football/teams/121.png,,2,2,1,1,2,2,,,,
190195,"Heber Roberto Lopes, Brazil",UTC,2015-07-12T21:30:00+00:00,1436736600,1436736600,1436740200,,Estádio da Ressacada,Florianopolis,Match Finished,FT,90,71,Serie A,Brazil,https://media.api-sports.io/football/leagues/71.png,https://media.api-sports.io/flags/br.svg,2015,Regular Season - 13,145,Avai,https://media.api-sports.io/football/teams/145.png,True,132,Chapecoense-sc,https://media.api-sports.io/football/teams/132.png,False,2,1,2,0,2,1,,,,
190198,"Marcelo De Lima Henrique, Brazil",UTC,2015-07-18T21:30:00+00:00,1437255000,1437255000,1437258600,,Estadio Beira-Rio,Porto Alegre,Match Finished,FT,90,71,Serie A,Brazil,https://media.api-sports.io/football/leagues/71.png,https://media.api-sports.io/flags/br.svg,2015,Regular Season - 14,119,Internacional,https://media.api-sports.io/football/teams/119.png,True,151,Goias,https://media.api-sports.io/football/teams/151.png,False,2,1,0,0,2,1,,,,
190197,"Ricardo Marques Ribeiro, Brazil",UTC,2015-07-18T21:30:00+00:00,1437255000,1437255000,1437258600,,Estadio do Maracanã,Rio de Janeiro,Match Finished,FT,90,71,Serie A,Brazil,https://media.api-sports.io/football/leagues/71.png,https://media.api-sports.io/flags/br.svg,2015,Regular Season - 14,127,Flamengo,https://media.api-sports.io/football/teams/127.png,True,130,Gremio,https://media.api-sports.io/football/teams/130.png,False,1,0,1,0,1,0,,,,
190199,"Anderson Daronco, Brazil",UTC,2015-07-19T00:00:00+00:00,1437264000,1437264000,1437267600,,Arena Corinthians,Sao Paulo,Match Finished,FT,90,71,Serie A,Brazil,https://media.api-sports.io/football/leagues/71.png,https://media.api-sports.io/flags/br.svg,2015,Regular Season - 14,131,Corinthians,https://media.api-sports.io/football/teams/131.png,True,1062,Atletico-MG,https://media.api-sports.io/football/teams/1062.png,False,1,0,1,0,1,0,,,,
190200,"Luiz Cesar de Oliveira Magalhaes, Brazil",UTC,2015-07-19T14:00:00+00:00,1437314400,1437314400,1437318000,,Arena da Baixada,Curitiba,Match Finished,FT,90,71,Serie A,Brazil,https://media.api-sports.io/football/leagues/71.png,https://media.api-sports.io/flags/br.svg,2015,Regular Season - 14,134,Atletico Paranaense,https://media.api-sports.io/football/teams/134.png,True,132,Chapecoense-sc,https://media.api-sports.io/football/teams/132.png,False,1,0,0,0,1,0,,,,
190201,"Wagner do Nascimento Magalhaes, Brazil",UTC,2015-07-19T19:00:00+00:00,1437332400,1437332400,1437336000,,Allianz Parque,Sao Paulo,Match Finished,FT,90,71,Serie A,Brazil,https://media.api-sports.io/football/leagues/71.png,https://media.api-sports.io/flags/br.svg,2015,Regular Season - 14,121,Palmeiras,https://media.api-sports.io/football/teams/121.png,True,128,Santos,https://media.api-sports.io/football/teams/128.png,False,1,0,1,0,1,0,,,,
190204,"Andre Luiz de Freitas Castro, Brazil",UTC,2015-07-19T19:00:00+00:00,1437332400,1437332400,1437336000,,Ilha do Retiro,Recife,Match Finished,FT,90,71,Serie A,Brazil,https://media.api-sports.io/football/leagues/71.png,https://media.api-sports.io/flags/br.svg,2015,Regular Season - 14,123,Sport Recife,https://media.api-sports.io/football/teams/123.png,True,126,Sao Paulo,https://media.api-sports.io/football/teams/126.png,False,2,0,1,0,2,0,,,,
190202,"Luiz Flavio De Oliveira, Brazil",UTC,2015-07-19T19:00:00+00:00,1437332400,1437332400,1437336000,,Estadio do Maracanã,Rio de Janeiro,Match Finished,FT,90,71,Serie A,Brazil,https://media.api-sports.io/football/leagues/71.png,https://media.api-sports.io/flags/br.svg,2015,Regular Season - 14,124,Fluminense,https://media.api-sports.io/football/teams/124.png,False,133,Vasco DA Gama,https://media.api-sports.io/football/teams/133.png,True,1,2,0,1,1,2,,,,
190203,"Emerson Luiz Sobral, Brazil",UTC,2015-07-19T19:00:00+00:00,1437332400,1437332400,1437336000,,Orlando Scarpelli,Florianopolis,Match Finished,FT,90,71,Serie A,Brazil,https://media.api-sports.io/football/leagues/71.png,https://media.api-sports.io/flags/br.svg,2015,Regular Season - 14,137,Figueirense,https://media.api-sports.io/football/teams/137.png,,147,Coritiba,https://media.api-sports.io/football/teams/147.png,,0,0,0,0,0,0,,,,
190205,,UTC,2015-07-19T21:30:00+00:00,1437341400,1437341400,1437345000,,Estádio Mineirão,Belo Horizonte,Match Finished,FT,90,71,Serie A,Brazil,https://media.api-sports.io/football/leagues/71.png,https://media.api-sports.io/flags/br.svg,2015,Regular Season - 14,135,Cruzeiro,https://media.api-sports.io/football/teams/135.png,,145,Avai,https://media.api-sports.io/football/teams/145.png,,1,1,1,0,1,1,,,,
190206,"Raphael Claus, Brazil",UTC,2015-07-19T21:30:00+00:00,1437341400,1437341400,1437345000,,Arena Joinville,Joinville,Match Finished,FT,90,71,Serie A,Brazil,https://media.api-sports.io/football/leagues/71.png,https://media.api-sports.io/flags/br.svg,2015,Regular Season - 14,795,Joinville,https://media.api-sports.io/football/teams/795.png,,139,Ponte Preta,https://media.api-sports.io/football/teams/139.png,,1,1,0,0,1,1,,,,
190207,"Wilton Pereira Sampaio, Brazil",UTC,2015-07-25T21:30:00+00:00,1437859800,1437859800,1437863400,,Estádio da Ressacada,Florianopolis,Match Finished,FT,90,71,Serie A,Brazil,https://media.api-sports.io/football/leagues/71.png,https://media.api-sports.io/flags/br.svg,2015,Regular Season - 15,145,Avai,https://media.api-sports.io/football/teams/145.png,False,134,Atletico Paranaense,https://media.api-sports.io/football/teams/134.png,True,1,2,0,1,1,2,,,,
190208,"Pericles Bassols Pegado Cortez, Brazil",UTC,2015-07-25T22:30:00+00:00,1437863400,1437863400,1437867000,,Arena do Gremio,Porto Alegre,Match Finished,FT,90,71,Serie A,Brazil,https://media.api-sports.io/football/leagues/71.png,https://media.api-sports.io/flags/br.svg,2015,Regular Season - 15,130,Gremio,https://media.api-sports.io/football/teams/130.png,,123,Sport Recife,https://media.api-sports.io/football/teams/123.png,,1,1,1,0,1,1,,,,
190209,"Luiz Flavio De Oliveira, Brazil",UTC,2015-07-26T00:00:00+00:00,1437868800,1437868800,1437872400,,Arena Independência,Belo Horizonte,Match Finished,FT,90,71,Serie A,Brazil,https://media.api-sports.io/football/leagues/71.png,https://media.api-sports.io/flags/br.svg,2015,Regular Season - 15,1062,Atletico-MG,https://media.api-sports.io/football/teams/1062.png,True,137,Figueirense,https://media.api-sports.io/football/teams/137.png,False,1,0,0,0,1,0,,,,
190210,"Ricardo Marques Ribeiro, Brazil",UTC,2015-07-26T14:00:00+00:00,1437919200,1437919200,1437922800,,Urbano Caldeira,Santos,Match Finished,FT,90,71,Serie A,Brazil,https://media.api-sports.io/football/leagues/71.png,https://media.api-sports.io/flags/br.svg,2015,Regular Season - 15,128,Santos,https://media.api-sports.io/football/teams/128.png,True,795,Joinville,https://media.api-sports.io/football/teams/795.png,False,2,0,2,0,2,0,,,,
190211,"Raphael Claus, Brazil",UTC,2015-07-26T14:00:00+00:00,1437919200,1437919200,1437922800,,Arena Condá,Chapeco,Match Finished,FT,90,71,Serie A,Brazil,https://media.api-sports.io/football/leagues/71.png,https://media.api-sports.io/flags/br.svg,2015,Regular Season - 15,132,Chapecoense-sc,https://media.api-sports.io/football/teams/132.png,True,124,Fluminense,https://media.api-sports.io/football/teams/124.png,False,2,1,1,1,2,1,,,,
190212,"Marcelo De Lima Henrique, Brazil",UTC,2015-07-26T19:00:00+00:00,1437937200,1437937200,1437940800,,Morumbí,Sao Paulo,Match Finished,FT,90,71,Serie A,Brazil,https://media.api-sports.io/football/leagues/71.png,https://media.api-sports.io/flags/br.svg,2015,Regular Season - 15,126,Sao Paulo,https://media.api-sports.io/football/teams/126.png,True,135,Cruzeiro,https://media.api-sports.io/football/teams/135.png,False,1,0,1,0,1,0,,,,
190213,"Bruno Arleu de Araujo, Brazil",UTC,2015-07-26T19:00:00+00:00,1437937200,1437937200,1437940800,,Moisés Lucarelli,Campinas,Match Finished,FT,90,71,Serie A,Brazil,https://media.api-sports.io/football/leagues/71.png,https://media.api-sports.io/flags/br.svg,2015,Regular Season - 15,139,Ponte Preta,https://media.api-sports.io/football/teams/139.png,,119,Internacional,https://media.api-sports.io/football/teams/119.png,,0,0,0,0,0,0,,,,
190214,"Pablo Dos Santos Alves, Brazil",UTC,2015-07-26T19:00:00+00:00,1437937200,1437937200,1437940800,,Estádio Couto Pereira,Curitiba,Match Finished,FT,90,71,Serie A,Brazil,https://media.api-sports.io/football/leagues/71.png,https://media.api-sports.io/flags/br.svg,2015,Regular Season - 15,147,Coritiba,https://media.api-sports.io/football/teams/147.png,,131,Corinthians,https://media.api-sports.io/football/teams/131.png,,1,1,0,1,1,1,,,,
190215,"Heber Roberto Lopes, Brazil",UTC,2015-07-26T19:00:00+00:00,1437937200,1437937200,1437940800,,Serra Dourada,Goiania,Match Finished,FT,90,71,Serie A,Brazil,https://media.api-sports.io/football/leagues/71.png,https://media.api-sports.io/flags/br.svg,2015,Regular Season - 15,151,Goias,https://media.api-sports.io/football/teams/151.png,False,127,Flamengo,https://media.api-sports.io/football/teams/127.png,True,0,1,0,0,0,1,,,,
190216,"Anderson Daronco, Brazil",UTC,2015-07-26T21:30:00+00:00,1437946200,1437946200,1437949800,,São Januário,Rio de Janeiro,Match Finished,FT,90,71,Serie A,Brazil,https://media.api-sports.io/football/leagues/71.png,https://media.api-sports.io/flags/br.svg,2015,Regular Season - 15,133,Vasco DA Gama,https://media.api-sports.io/football/teams/133.png,False,121,Palmeiras,https://media.api-sports.io/football/teams/121.png,True,1,4,0,3,1,4,,,,
190217,Leandro Pedro Vuaden,UTC,2015-07-30T01:00:00+00:00,1438218000,1438218000,1438221600,,Arena Corinthians,Sao Paulo,Match Finished,FT,90,71,Serie A,Brazil,https://media.api-sports.io/football/leagues/71.png,https://media.api-sports.io/flags/br.svg,2015,Regular Season - 16,131,Corinthians,https://media.api-sports.io/football/teams/131.png,True,133,Vasco DA Gama,https://media.api-sports.io/football/teams/133.png,False,3,0,0,0,3,0,,,,
190218,"Dewson Fernando Freitas da Silva, Brazil",UTC,2015-07-30T01:00:00+00:00,1438218000,1438218000,1438221600,,Arena Independência,Belo Horizonte,Match Finished,FT,90,71,Serie A,Brazil,https://media.api-sports.io/football/leagues/71.png,https://media.api-sports.io/flags/br.svg,2015,Regular Season - 16,1062,Atletico-MG,https://media.api-sports.io/football/teams/1062.png,True,126,Sao Paulo,https://media.api-sports.io/football/teams/126.png,False,3,1,3,0,3,1,,,,
190219,"Wilton Pereira Sampaio, Brazil",UTC,2015-08-01T21:30:00+00:00,1438464600,1438464600,1438468200,,Estadio do Maracanã,Rio de Janeiro,Match Finished,FT,90,71,Serie A,Brazil,https://media.api-sports.io/football/leagues/71.png,https://media.api-sports.io/flags/br.svg,2015,Regular Season - 16,124,Fluminense,https://media.api-sports.io/football/teams/124.png,True,130,Gremio,https://media.api-sports.io/football/teams/130.png,False,1,0,0,0,1,0,,,,
190220,"Ricardo Marques Ribeiro, Brazil",UTC,2015-08-02T14:00:00+00:00,1438524000,1438524000,1438527600,,Allianz Parque,Sao Paulo,Match Finished,FT,90,71,Serie A,Brazil,https://media.api-sports.io/football/leagues/71.png,https://media.api-sports.io/flags/br.svg,2015,Regular Season - 16,121,Palmeiras,https://media.api-sports.io/football/teams/121.png,False,134,Atletico Paranaense,https://media.api-sports.io/football/teams/134.png,True,0,1,0,0,0,1,,,,
190221,"Dewson Fernando Freitas da Silva, Brazil",UTC,2015-08-02T14:00:00+00:00,1438524000,1438524000,1438527600,,Estádio Couto Pereira,Curitiba,Match Finished,FT,90,71,Serie A,Brazil,https://media.api-sports.io/football/leagues/71.png,https://media.api-sports.io/flags/br.svg,2015,Regular Season - 16,147,Coritiba,https://media.api-sports.io/football/teams/147.png,,151,Goias,https://media.api-sports.io/football/teams/151.png,,1,1,0,0,1,1,,,,
190223,"Pericles Bassols Pegado Cortez, Brazil",UTC,2015-08-02T19:00:00+00:00,1438542000,1438542000,1438545600,,Estadio Beira-Rio,Porto Alegre,Match Finished,FT,90,71,Serie A,Brazil,https://media.api-sports.io/football/leagues/71.png,https://media.api-sports.io/flags/br.svg,2015,Regular Season - 16,119,Internacional,https://media.api-sports.io/football/teams/119.png,,132,Chapecoense-sc,https://media.api-sports.io/football/teams/132.png,,0,0,0,0,0,0,,,,
190222,"Anderson Daronco, Brazil",UTC,2015-08-02T19:00:00+00:00,1438542000,1438542000,1438545600,,Estadio do Maracanã,Rio de Janeiro,Match Finished,FT,90,71,Serie A,Brazil,https://media.api-sports.io/football/leagues/71.png,https://media.api-sports.io/flags/br.svg,2015,Regular Season - 16,127,Flamengo,https://media.api-sports.io/football/teams/127.png,,128,Santos,https://media.api-sports.io/football/teams/128.png,,2,2,2,0,2,2,,,,
190224,"Heber Roberto Lopes, Brazil",UTC,2015-08-02T19:00:00+00:00,1438542000,1438542000,1438545600,,Orlando Scarpelli,Florianopolis,Match Finished,FT,90,71,Serie A,Brazil,https://media.api-sports.io/football/leagues/71.png,https://media.api-sports.io/flags/br.svg,2015,Regular Season - 16,137,Figueirense,https://media.api-sports.io/football/teams/137.png,True,139,Ponte Preta,https://media.api-sports.io/football/teams/139.png,False,3,1,1,0,3,1,,,,
190225,"Rodrigo D'Alonso Ferreira, Brazil",UTC,2015-08-02T19:00:00+00:00,1438542000,1438542000,1438545600,,Arena Joinville,Joinville,Match Finished,FT,90,71,Serie A,Brazil,https://media.api-sports.io/football/leagues/71.png,https://media.api-sports.io/flags/br.svg,2015,Regular Season - 16,795,Joinville,https://media.api-sports.io/football/teams/795.png,True,145,Avai,https://media.api-sports.io/football/teams/145.png,False,2,0,1,0,2,0,,,,
190226,Leandro Pedro Vuaden,UTC,2015-08-02T21:30:00+00:00,1438551000,1438551000,1438554600,,Ilha do Retiro,Recife,Match Finished,FT,90,71,Serie A,Brazil,https://media.api-sports.io/football/leagues/71.png,https://media.api-sports.io/flags/br.svg,2015,Regular Season - 16,123,Sport Recife,https://media.api-sports.io/football/teams/123.png,,135,Cruzeiro,https://media.api-sports.io/football/teams/135.png,,0,0,0,0,0,0,,,,
190227,"Thiago Duarte Peixoto, Brazil",UTC,2015-08-08T21:30:00+00:00,1439069400,1439069400,1439073000,,Estádio da Ressacada,Florianopolis,Match Finished,FT,90,71,Serie A,Brazil,https://media.api-sports.io/football/leagues/71.png,https://media.api-sports.io/flags/br.svg,2015,Regular Season - 17,145,Avai,https://media.api-sports.io/football/teams/145.png,True,124,Fluminense,https://media.api-sports.io/football/teams/124.png,False,1,0,1,0,1,0,,,,
190228,"Igor Junio Benevenuto, Brazil",UTC,2015-08-09T00:00:00+00:00,1439078400,1439078400,1439082000,,Urbano Caldeira,Santos,Match Finished,FT,90,71,Serie A,Brazil,https://media.api-sports.io/football/leagues/71.png,https://media.api-sports.io/flags/br.svg,2015,Regular Season - 17,128,Santos,https://media.api-sports.io/football/teams/128.png,True,147,Coritiba,https://media.api-sports.io/football/teams/147.png,False,3,0,2,0,3,0,,,,
190229,"Luiz Flavio De Oliveira, Brazil",UTC,2015-08-09T14:00:00+00:00,1439128800,1439128800,1439132400,,São Januário,Rio de Janeiro,Match Finished,FT,90,71,Serie A,Brazil,https://media.api-sports.io/football/leagues/71.png,https://media.api-sports.io/flags/br.svg,2015,Regular Season - 17,133,Vasco DA Gama,https://media.api-sports.io/football/teams/133.png,,795,Joinville,https://media.api-sports.io/football/teams/795.png,,0,0,0,0,0,0,,,,
190230,"Anderson Daronco, Brazil",UTC,2015-08-09T14:00:00+00:00,1439128800,1439128800,1439132400,,Arena da Baixada,Curitiba,Match Finished,FT,90,71,Serie A,Brazil,https://media.api-sports.io/football/leagues/71.png,https://media.api-sports.io/flags/br.svg,2015,Regular Season - 17,134,Atletico Paranaense,https://media.api-sports.io/football/teams/134.png,,123,Sport Recife,https://media.api-sports.io/football/teams/123.png,,1,1,0,1,1,1,,,,
190231,Leandro Pedro Vuaden,UTC,2015-08-09T19:00:00+00:00,1439146800,1439146800,1439150400,,Morumbi,Sao Paulo,Match Finished,FT,90,71,Serie A,Brazil,https://media.api-sports.io/football/leagues/71.png,https://media.api-sports.io/flags/br.svg,2015,Regular Season - 17,126,Sao Paulo,https://media.api-sports.io/football/teams/126.png,,131,Corinthians,https://media.api-sports.io/football/teams/131.png,,1,1,0,1,1,1,,,,
190233,"Wilton Pereira Sampaio, Brazil",UTC,2015-08-09T19:00:00+00:00,1439146800,1439146800,1439150400,,Estádio Mineirão,Belo Horizonte,Match Finished,FT,90,71,Serie A,Brazil,https://media.api-sports.io/football/leagues/71.png,https://media.api-sports.io/flags/br.svg,2015,Regular Season - 17,135,Cruzeiro,https://media.api-sports.io/football/teams/135.png,True,121,Palmeiras,https://media.api-sports.io/football/teams/121.png,False,2,1,1,0,2,1,,,,
190232,"Jailson Macedo Freitas, Brazil",UTC,2015-08-09T19:00:00+00:00,1439146800,1439146800,1439150400,,Moisés Lucarelli,Campinas,Match Finished,FT,90,71,Serie A,Brazil,https://media.api-sports.io/football/leagues/71.png,https://media.api-sports.io/flags/br.svg,2015,Regular Season - 17,139,Ponte Preta,https://media.api-sports.io/football/teams/139.png,True,127,Flamengo,https://media.api-sports.io/football/teams/127.png,False,1,0,0,0,1,0,,,,
190234,"Raphael Claus, Brazil",UTC,2015-08-09T19:00:00+00:00,1439146800,1439146800,1439150400,,Serra Dourada,Goiania,Match Finished,FT,90,71,Serie A,Brazil,https://media.api-sports.io/football/leagues/71.png,https://media.api-sports.io/flags/br.svg,2015,Regular Season - 17,151,Goias,https://media.api-sports.io/football/teams/151.png,,1062,Atletico-MG,https://media.api-sports.io/football/teams/1062.png,,0,0,0,0,0,0,,,,
190235,"Dewson Fernando Freitas da Silva, Brazil",UTC,2015-08-09T21:30:00+00:00,1439155800,1439155800,1439159400,,Arena do Grêmio,Porto Alegre,Match Finished,FT,90,71,Serie A,Brazil,https://media.api-sports.io/football/leagues/71.png,https://media.api-sports.io/flags/br.svg,2015,Regular Season - 17,130,Gremio,https://media.api-sports.io/football/teams/130.png,True,119,Internacional,https://media.api-sports.io/football/teams/119.png,False,5,0,2,0,5,0,,,,
190236,"Ricardo Marques Ribeiro, Brazil",UTC,2015-08-09T21:30:00+00:00,1439155800,1439155800,1439159400,,Arena Condá,Chapeco,Match Finished,FT,90,71,Serie A,Brazil,https://media.api-sports.io/football/leagues/71.png,https://media.api-sports.io/flags/br.svg,2015,Regular Season - 17,132,Chapecoense-sc,https://media.api-sports.io/football/teams/132.png,,137,Figueirense,https://media.api-sports.io/football/teams/137.png,,2,2,0,0,2,2,,,,
190237,"Marcelo Aparecido Ribeiro de Souza, Brazil",UTC,2015-08-12T22:30:00+00:00,1439418600,1439418600,1439422200,,Estádio do Maracanã,Rio de Janeiro,Match Finished,FT,90,71,Serie A,Brazil,https://media.api-sports.io/football/leagues/71.png,https://media.api-sports.io/flags/br.svg,2015,Regular Season - 18,127,Flamengo,https://media.api-sports.io/football/teams/127.png,True,134,Atletico Paranaense,https://media.api-sports.io/football/teams/134.png,False,3,2,3,1,3,2,,,,
190238,"Pericles Bassols Pegado Cortez, Brazil",UTC,2015-08-12T22:30:00+00:00,1439418600,1439418600,1439422200,,Estádio Couto Pereira,Curitiba,Match Finished,FT,90,71,Serie A,Brazil,https://media.api-sports.io/football/leagues/71.png,https://media.api-sports.io/flags/br.svg,2015,Regular Season - 18,147,Coritiba,https://media.api-sports.io/football/teams/147.png,True,121,Palmeiras,https://media.api-sports.io/football/teams/121.png,False,2,1,1,0,2,1,,,,
190239,"Emerson Luiz Sobral, Brazil",UTC,2015-08-13T00:00:00+00:00,1439424000,1439424000,1439427600,,Urbano Caldeira,Santos,Match Finished,FT,90,71,Serie A,Brazil,https://media.api-sports.io/football/leagues/71.png,https://media.api-sports.io/flags/br.svg,2015,Regular Season - 18,128,Santos,https://media.api-sports.io/football/teams/128.png,True,133,Vasco DA Gama,https://media.api-sports.io/football/teams/133.png,False,1,0,0,0,1,0,,,,
190240,"Wagner do Nascimento Magalhaes, Brazil",UTC,2015-08-13T00:00:00+00:00,1439424000,1439424000,1439427600,,Serra Dourada,Goiania,Match Finished,FT,90,71,Serie A,Brazil,https://media.api-sports.io/football/leagues/71.png,https://media.api-sports.io/flags/br.svg,2015,Regular Season - 18,151,Goias,https://media.api-sports.io/football/teams/151.png,,132,Chapecoense-sc,https://media.api-sports.io/football/teams/132.png,,0,0,0,0,0,0,,,,
190242,"Flavio Rodrigues Guerra, Brazil",UTC,2015-08-13T01:00:00+00:00,1439427600,1439427600,1439431200,,Estádio Beira Rio,Porto Alegre,Match Finished,FT,90,71,Serie A,Brazil,https://media.api-sports.io/football/leagues/71.png,https://media.api-sports.io/flags/br.svg,2015,Regular Season - 18,119,Internacional,https://media.api-sports.io/football/teams/119.png,True,124,Fluminense,https://media.api-sports.io/football/teams/124.png,False,1,0,0,0,1,0,,,,
190241,"Luiz Flavio De Oliveira, Brazil",UTC,2015-08-13T01:00:00+00:00,1439427600,1439427600,1439431200,,Arena Corinthians,Sao Paulo,Match Finished,FT,90,71,Serie A,Brazil,https://media.api-sports.io/football/leagues/71.png,https://media.api-sports.io/flags/br.svg,2015,Regular Season - 18,131,Corinthians,https://media.api-sports.io/football/teams/131.png,True,123,Sport Recife,https://media.api-sports.io/football/teams/123.png,False,4,3,2,1,4,3,,,,
190243,"Anderson Daronco, Brazil",UTC,2015-08-13T01:00:00+00:00,1439427600,1439427600,1439431200,,Orlando Scarpelli,Florianopolis,Match Finished,FT,90,71,Serie A,Brazil,https://media.api-sports.io/football/leagues/71.png,https://media.api-sports.io/flags/br.svg,2015,Regular Season - 18,137,Figueirense,https://media.api-sports.io/football/teams/137.png,False,126,Sao Paulo,https://media.api-sports.io/football/teams/126.png,True,0,2,0,2,0,2,,,,
190244,"Marcelo De Lima Henrique, Brazil",UTC,2015-08-13T22:30:00+00:00,1439505000,1439505000,1439508600,,Moisés Lucarelli,Campinas,Match Finished,FT,90,71,Serie A,Brazil,https://media.api-sports.io/football/leagues/71.png,https://media.api-sports.io/flags/br.svg,2015,Regular Season - 18,139,Ponte Preta,https://media.api-sports.io/football/teams/139.png,True,145,Avai,https://media.api-sports.io/football/teams/145.png,False,2,0,0,0,2,0,,,,
190246,Leandro Pedro Vuaden,UTC,2015-08-14T00:00:00+00:00,1439510400,1439510400,1439514000,,Arena Joinville,Joinville,Match Finished,FT,90,71,Serie A,Brazil,https://media.api-sports.io/football/leagues/71.png,https://media.api-sports.io/flags/br.svg,2015,Regular Season - 18,795,Joinville,https://media.api-sports.io/football/teams/795.png,True,135,Cruzeiro,https://media.api-sports.io/football/teams/135.png,False,3,0,2,0,3,0,,,,
190245,"Dewson Fernando Freitas da Silva, Brazil",UTC,2015-08-14T00:00:00+00:00,1439510400,1439510400,1439514000,,Arena Independência,Belo Horizonte,Match Finished,FT,90,71,Serie A,Brazil,https://media.api-sports.io/football/leagues/71.png,https://media.api-sports.io/flags/br.svg,2015,Regular Season - 18,1062,Atletico-MG,https://media.api-sports.io/football/teams/1062.png,False,130,Gremio,https://media.api-sports.io/football/teams/130.png,True,0,2,0,1,0,2,,,,
190247,"Raphael Claus, Brazil",UTC,2015-08-15T21:30:00+00:00,1439674200,1439674200,1439677800,,São Januário,Rio de Janeiro,Match Finished,FT,90,71,Serie A,Brazil,https://media.api-sports.io/football/leagues/71.png,https://media.api-sports.io/flags/br.svg,2015,Regular Season - 19,133,Vasco DA Gama,https://media.api-sports.io/football/teams/133.png,False,147,Coritiba,https://media.api-sports.io/football/teams/147.png,True,0,1,0,0,0,1,,,,
190248,"Bruno Arleu de Araujo, Brazil",UTC,2015-08-15T21:30:00+00:00,1439674200,1439674200,1439677800,,Arena da Baixada,Curitiba,Match Finished,FT,90,71,Serie A,Brazil,https://media.api-sports.io/football/leagues/71.png,https://media.api-sports.io/flags/br.svg,2015,Regular Season - 19,134,Atletico Paranaense,https://media.api-sports.io/football/teams/134.png,,128,Santos,https://media.api-sports.io/football/teams/128.png,,0,0,0,0,0,0,,,,
190249,,UTC,2015-08-16T00:00:00+00:00,1439683200,1439683200,1439686800,,Morumbi,Sao Paulo,Match Finished,FT,90,71,Serie A,Brazil,https://media.api-sports.io/football/leagues/71.png,https://media.api-sports.io/flags/br.svg,2015,Regular Season - 19,126,Sao Paulo,https://media.api-sports.io/football/teams/126.png,False,151,Goias,https://media.api-sports.io/football/teams/151.png,True,0,3,0,2,0,3,,,,
190250,"Igor Junio Benevenuto, Brazil",UTC,2015-08-16T14:00:00+00:00,1439733600,1439733600,1439737200,,Allianz Parque,Sao Paulo,Match Finished,FT,90,71,Serie A,Brazil,https://media.api-sports.io/football/leagues/71.png,https://media.api-sports.io/flags/br.svg,2015,Regular Season - 19,121,Palmeiras,https://media.api-sports.io/football/teams/121.png,True,127,Flamengo,https://media.api-sports.io/football/teams/127.png,False,4,2,1,0,4,2,,,,
190254,"Sandro Meira Ricci, Brazil",UTC,2015-08-16T19:00:00+00:00,1439751600,1439751600,1439755200,,Ilha do Retiro,Recife,Match Finished,FT,90,71,Serie A,Brazil,https://media.api-sports.io/football/leagues/71.png,https://media.api-sports.io/flags/br.svg,2015,Regular Season - 19,123,Sport Recife,https://media.api-sports.io/football/teams/123.png,,139,Ponte Preta,https://media.api-sports.io/football/teams/139.png,,1,1,1,0,1,1,,,,
190251,"Diego Almeida Real, Brazil",UTC,2015-08-16T19:00:00+00:00,1439751600,1439751600,1439755200,,Estádio do Maracanã,Rio de Janeiro,Match Finished,FT,90,71,Serie A,Brazil,https://media.api-sports.io/football/leagues/71.png,https://media.api-sports.io/flags/br.svg,2015,Regular Season - 19,124,Fluminense,https://media.api-sports.io/football/teams/124.png,True,137,Figueirense,https://media.api-sports.io/football/teams/137.png,False,2,1,0,1,2,1,,,,
190252,"Luiz Flavio De Oliveira, Brazil",UTC,2015-08-16T19:00:00+00:00,1439751600,1439751600,1439755200,,Estádio Mineirão,Belo Horizonte,Match Finished,FT,90,71,Serie A,Brazil,https://media.api-sports.io/football/leagues/71.png,https://media.api-sports.io/flags/br.svg,2015,Regular Season - 19,135,Cruzeiro,https://media.api-sports.io/football/teams/135.png,,119,Internacional,https://media.api-sports.io/football/teams/119.png,,0,0,0,0,0,0,,,,
190253,"Anderson Daronco, Brazil",UTC,2015-08-16T19:00:00+00:00,1439751600,1439751600,1439755200,,Estádio da Ressacada,Florianopolis,Match Finished,FT,90,71,Serie A,Brazil,https://media.api-sports.io/football/leagues/71.png,https://media.api-sports.io/flags/br.svg,2015,Regular Season - 19,145,Avai,https://media.api-sports.io/football/teams/145.png,False,131,Corinthians,https://media.api-sports.io/football/teams/131.png,True,1,2,1,1,1,2,,,,
190255,,UTC,2015-08-16T21:30:00+00:00,1439760600,1439760600,1439764200,,Arena do Grêmio,Porto Alegre,Match Finished,FT,90,71,Serie A,Brazil,https://media.api-sports.io/football/leagues/71.png,https://media.api-sports.io/flags/br.svg,2015,Regular Season - 19,130,Gremio,https://media.api-sports.io/football/teams/130.png,True,795,Joinville,https://media.api-sports.io/football/teams/795.png,False,2,1,0,1,2,1,,,,
190256,,UTC,2015-08-16T21:30:00+00:00,1439760600,1439760600,1439764200,,Arena Condá,Chapeco,Match Finished,FT,90,71,Serie A,Brazil,https://media.api-sports.io/football/leagues/71.png,https://media.api-sports.io/flags/br.svg,2015,Regular Season - 19,132,Chapecoense-sc,https://media.api-sports.io/football/teams/132.png,True,1062,Atletico-MG,https://media.api-sports.io/football/teams/1062.png,False,2,1,1,0,2,1,,,,
190257,Leandro Pedro Vuaden,UTC,2015-08-22T21:30:00+00:00,1440279000,1440279000,1440282600,,Urbano Caldeira,Santos,Match Finished,FT,90,71,Serie A,Brazil,https://media.api-sports.io/football/leagues/71.png,https://media.api-sports.io/flags/br.svg,2015,Regular Season - 20,128,Santos,https://media.api-sports.io/football/teams/128.png,True,145,Avai,https://media.api-sports.io/football/teams/145.png,False,5,2,2,1,5,2,,,,
190258,"Luiz Flavio De Oliveira, Brazil",UTC,2015-08-22T21:30:00+00:00,1440279000,1440279000,1440282600,,Serra Dourada,Goiania,Match Finished,FT,90,71,Serie A,Brazil,https://media.api-sports.io/football/leagues/71.png,https://media.api-sports.io/flags/br.svg,2015,Regular Season - 20,151,Goias,https://media.api-sports.io/football/teams/151.png,True,133,Vasco DA Gama,https://media.api-sports.io/football/teams/133.png,False,3,0,2,0,3,0,,,,
190259,"Wagner do Nascimento Magalhaes, Brazil",UTC,2015-08-23T00:00:00+00:00,1440288000,1440288000,1440291600,,Orlando Scarpelli,Florianopolis,Match Finished,FT,90,71,Serie A,Brazil,https://media.api-sports.io/football/leagues/71.png,https://media.api-sports.io/flags/br.svg,2015,Regular Season - 20,137,Figueirense,https://media.api-sports.io/football/teams/137.png,True,123,Sport Recife,https://media.api-sports.io/football/teams/123.png,False,2,1,0,1,2,1,,,,
190260,"Emerson De Almeida Ferreira, Brazil",UTC,2015-08-23T14:00:00+00:00,1440338400,1440338400,1440342000,,Moisés Lucarelli,Campinas,Match Finished,FT,90,71,Serie A,Brazil,https://media.api-sports.io/football/leagues/71.png,https://media.api-sports.io/flags/br.svg,2015,Regular Season - 20,139,Ponte Preta,https://media.api-sports.io/football/teams/139.png,,130,Gremio,https://media.api-sports.io/football/teams/130.png,,0,0,0,0,0,0,,,,
190261,"Ricardo Marques Ribeiro, Brazil",UTC,2015-08-23T14:00:00+00:00,1440338400,1440338400,1440342000,,Estádio Couto Pereira,Curitiba,Match Finished,FT,90,71,Serie A,Brazil,https://media.api-sports.io/football/leagues/71.png,https://media.api-sports.io/flags/br.svg,2015,Regular Season - 20,147,Coritiba,https://media.api-sports.io/football/teams/147.png,True,132,Chapecoense-sc,https://media.api-sports.io/football/teams/132.png,False,1,0,1,0,1,0,,,,
190264,"Raphael Claus, Brazil",UTC,2015-08-23T19:00:00+00:00,1440356400,1440356400,1440360000,,Estádio Beira Rio,Porto Alegre,Match Finished,FT,90,71,Serie A,Brazil,https://media.api-sports.io/football/leagues/71.png,https://media.api-sports.io/flags/br.svg,2015,Regular Season - 20,119,Internacional,https://media.api-sports.io/football/teams/119.png,True,134,Atletico Paranaense,https://media.api-sports.io/football/teams/134.png,False,2,0,1,0,2,0,,,,
190263,"Anderson Daronco, Brazil",UTC,2015-08-23T19:00:00+00:00,1440356400,1440356400,1440360000,,Estádio do Maracanã,Rio de Janeiro,Match Finished,FT,90,71,Serie A,Brazil,https://media.api-sports.io/football/leagues/71.png,https://media.api-sports.io/flags/br.svg,2015,Regular Season - 20,127,Flamengo,https://media.api-sports.io/football/teams/127.png,True,126,Sao Paulo,https://media.api-sports.io/football/teams/126.png,False,2,1,1,1,2,1,,,,
190262,"Pericles Bassols Pegado Cortez, Brazil",UTC,2015-08-23T19:00:00+00:00,1440356400,1440356400,1440360000,,Arena Corinthians,Sao Paulo,Match Finished,FT,90,71,Serie A,Brazil,https://media.api-sports.io/football/leagues/71.png,https://media.api-sports.io/flags/br.svg,2015,Regular Season - 20,131,Corinthians,https://media.api-sports.io/football/teams/131.png,True,135,Cruzeiro,https://media.api-sports.io/football/teams/135.png,False,3,0,2,0,3,0,,,,
190265,"Emerson Luiz Sobral, Brazil",UTC,2015-08-23T19:00:00+00:00,1440356400,1440356400,1440360000,,Arena Joinville,Joinville,Match Finished,FT,90,71,Serie A,Brazil,https://media.api-sports.io/football/leagues/71.png,https://media.api-sports.io/flags/br.svg,2015,Regular Season - 20,795,Joinville,https://media.api-sports.io/football/teams/795.png,True,124,Fluminense,https://media.api-sports.io/football/teams/124.png,False,2,1,0,0,2,1,,,,
190266,"Sandro Meira Ricci, Brazil",UTC,2015-08-23T21:30:00+00:00,1440365400,1440365400,1440369000,,Arena Independência,Belo Horizonte,Match Finished,FT,90,71,Serie A,Brazil,https://media.api-sports.io/football/leagues/71.png,https://media.api-sports.io/flags/br.svg,2015,Regular Season - 20,1062,Atletico-MG,https://media.api-sports.io/football/teams/1062.png,True,121,Palmeiras,https://media.api-sports.io/football/teams/121.png,False,2,1,2,1,2,1,,,,
190267,"Francisco Carlos Do Nascimento, Brazil",UTC,2015-08-29T21:30:00+00:00,1440883800,1440883800,1440887400,,São Januário,Rio de Janeiro,Match Finished,FT,90,71,Serie A,Brazil,https://media.api-sports.io/football/leagues/71.png,https://media.api-sports.io/flags/br.svg,2015,Regular Season - 21,133,Vasco DA Gama,https://media.api-sports.io/football/teams/133.png,False,137,Figueirense,https://media.api-sports.io/football/teams/137.png,True,0,1,0,0,0,1,,,,
190268,"Marcelo Aparecido Ribeiro de Souza, Brazil",UTC,2015-08-30T00:00:00+00:00,1440892800,1440892800,1440896400,,Morumbi,Sao Paulo,Match Finished,FT,90,71,Serie A,Brazil,https://media.api-sports.io/football/leagues/71.png,https://media.api-sports.io/flags/br.svg,2015,Regular Season - 21,126,Sao Paulo,https://media.api-sports.io/football/teams/126.png,True,139,Ponte Preta,https://media.api-sports.io/football/teams/139.png,False,3,0,1,0,3,0,,,,
190269,"Luiz Flavio De Oliveira, Brazil",UTC,2015-08-30T14:00:00+00:00,1440943200,1440943200,1440946800,,Arena do Grêmio,Porto Alegre,Match Finished,FT,90,71,Serie A,Brazil,https://media.api-sports.io/football/leagues/71.png,https://media.api-sports.io/flags/br.svg,2015,Regular Season - 21,130,Gremio,https://media.api-sports.io/football/teams/130.png,,147,Coritiba,https://media.api-sports.io/football/teams/147.png,,0,0,0,0,0,0,,,,
190270,"Pericles Bassols Pegado Cortez, Brazil",UTC,2015-08-30T14:00:00+00:00,1440943200,1440943200,1440946800,,Estádio da Ressacada,Florianopolis,Match Finished,FT,90,71,Serie A,Brazil,https://media.api-sports.io/football/leagues/71.png,https://media.api-sports.io/flags/br.svg,2015,Regular Season - 21,145,Avai,https://media.api-sports.io/football/teams/145.png,True,119,Internacional,https://media.api-sports.io/football/teams/119.png,False,3,0,0,0,3,0,,,,
190271,"Bruno Arleu de Araujo, Brazil",UTC,2015-08-30T19:00:00+00:00,1440961200,1440961200,1440964800,,Allianz Parque,Sao Paulo,Match Finished,FT,90,71,Serie A,Brazil,https://media.api-sports.io/football/leagues/71.png,https://media.api-sports.io/flags/br.svg,2015,Regular Season - 21,121,Palmeiras,https://media.api-sports.io/football/teams/121.png,True,795,Joinville,https://media.api-sports.io/football/teams/795.png,False,3,2,2,2,3,2,,,,
190273,"Braulio Da Silva Machado, Brazil",UTC,2015-08-30T19:00:00+00:00,1440961200,1440961200,1440964800,,Ilha do Retiro,Recife,Match Finished,FT,90,71,Serie A,Brazil,https://media.api-sports.io/football/leagues/71.png,https://media.api-sports.io/flags/br.svg,2015,Regular Season - 21,123,Sport Recife,https://media.api-sports.io/football/teams/123.png,False,127,Flamengo,https://media.api-sports.io/football/teams/127.png,True,0,1,0,1,0,1,,,,
190272,"Marielson Alves Silva, Brazil",UTC,2015-08-30T19:00:00+00:00,1440961200,1440961200,1440964800,,Estádio do Maracanã,Rio de Janeiro,Match Finished,FT,90,71,Serie A,Brazil,https://media.api-sports.io/football/leagues/71.png,https://media.api-sports.io/flags/br.svg,2015,Regular Season - 21,124,Fluminense,https://media.api-sports.io/football/teams/124.png,False,1062,Atletico-MG,https://media.api-sports.io/football/teams/1062.png,True,1,2,0,1,1,2,,,,
190274,"Wilton Pereira Sampaio, Brazil",UTC,2015-08-30T19:00:00+00:00,1440961200,1440961200,1440964800,,Arena Condá,Chapeco,Match Finished,FT,90,71,Serie A,Brazil,https://media.api-sports.io/football/leagues/71.png,https://media.api-sports.io/flags/br.svg,2015,Regular Season - 21,132,Chapecoense-sc,https://media.api-sports.io/football/teams/132.png,False,131,Corinthians,https://media.api-sports.io/football/teams/131.png,True,1,3,1,2,1,3,,,,
190276,"Jailson Macedo Freitas, Brazil",UTC,2015-08-30T21:30:00+00:00,1440970200,1440970200,1440973800,,Arena da Baixada,Curitiba,Match Finished,FT,90,71,Serie A,Brazil,https://media.api-sports.io/football/leagues/71.png,https://media.api-sports.io/flags/br.svg,2015,Regular Season - 21,134,Atletico Paranaense,https://media.api-sports.io/football/teams/134.png,True,151,Goias,https://media.api-sports.io/football/teams/151.png,False,3,0,1,0,3,0,,,,
190275,"Rodolpho Toski Marques, Brazil",UTC,2015-08-30T21:30:00+00:00,1440970200,1440970200,1440973800,,Estádio Mineirão,Belo Horizonte,Match Finished,FT,90,71,Serie A,Brazil,https://media.api-sports.io/football/leagues/71.png,https://media.api-sports.io/flags/br.svg,2015,Regular Season - 21,135,Cruzeiro,https://media.api-sports.io/football/teams/135.png,False,128,Santos,https://media.api-sports.io/football/teams/128.png,True,0,1,0,1,0,1,,,,
190278,"Ricardo Marques Ribeiro, Brazil",UTC,2015-09-02T22:30:00+00:00,1441233000,1441233000,1441236600,,Estádio Beira Rio,Porto Alegre,Match Finished,FT,90,71,Serie A,Brazil,https://media.api-sports.io/football/leagues/71.png,https://media.api-sports.io/flags/br.svg,2015,Regular Season - 22,119,Internacional,https://media.api-sports.io/football/teams/119.png,True,133,Vasco DA Gama,https://media.api-sports.io/football/teams/133.png,False,6,0,2,0,6,0,,,,
190277,"Emerson Luiz Sobral, Brazil",UTC,2015-09-02T22:30:00+00:00,1441233000,1441233000,1441236600,,Moisés Lucarelli,Campinas,Match Finished,FT,90,71,Serie A,Brazil,https://media.api-sports.io/football/leagues/71.png,https://media.api-sports.io/flags/br.svg,2015,Regular Season - 22,139,Ponte Preta,https://media.api-sports.io/football/teams/139.png,False,135,Cruzeiro,https://media.api-sports.io/football/teams/135.png,True,1,2,0,1,1,2,,,,
190279,"Rodolpho Toski Marques, Brazil",UTC,2015-09-02T22:30:00+00:00,1441233000,1441233000,1441236600,,Arena Joinville,Joinville,Match Finished,FT,90,71,Serie A,Brazil,https://media.api-sports.io/football/leagues/71.png,https://media.api-sports.io/flags/br.svg,2015,Regular Season - 22,795,Joinville,https://media.api-sports.io/football/teams/795.png,,126,Sao Paulo,https://media.api-sports.io/football/teams/126.png,,0,0,0,0,0,0,,,,
190280,"Thiago Duarte Peixoto, Brazil",UTC,2015-09-03T00:00:00+00:00,1441238400,1441238400,1441242000,,Estádio do Maracanã,Rio de Janeiro,Match Finished,FT,90,71,Serie A,Brazil,https://media.api-sports.io/football/leagues/71.png,https://media.api-sports.io/flags/br.svg,2015,Regular Season - 22,127,Flamengo,https://media.api-sports.io/football/teams/127.png,True,145,Avai,https://media.api-sports.io/football/teams/145.png,False,3,0,1,0,3,0,,,,
190281,"Marcelo De Lima Henrique, Brazil",UTC,2015-09-03T00:00:00+00:00,1441238400,1441238400,1441242000,,Arena Independência,Belo Horizonte,Match Finished,FT,90,71,Serie A,Brazil,https://media.api-sports.io/football/leagues/71.png,https://media.api-sports.io/flags/br.svg,2015,Regular Season - 22,1062,Atletico-MG,https://media.api-sports.io/football/teams/1062.png,False,134,Atletico Paranaense,https://media.api-sports.io/football/teams/134.png,True,0,1,0,0,0,1,,,,
190282,"Sandro Meira Ricci, Brazil",UTC,2015-09-03T01:00:00+00:00,1441242000,1441242000,1441245600,,Arena Corinthians,Sao Paulo,Match Finished,FT,90,71,Serie A,Brazil,https://media.api-sports.io/football/leagues/71.png,https://media.api-sports.io/flags/br.svg,2015,Regular Season - 22,131,Corinthians,https://media.api-sports.io/football/teams/131.png,True,124,Fluminense,https://media.api-sports.io/football/teams/124.png,False,2,0,1,0,2,0,,,,
190283,"Wilton Pereira Sampaio, Brazil",UTC,2015-09-03T01:00:00+00:00,1441242000,1441242000,1441245600,,Estádio Couto Pereira,Curitiba,Match Finished,FT,90,71,Serie A,Brazil,https://media.api-sports.io/football/leagues/71.png,https://media.api-sports.io/flags/br.svg,2015,Regular Season - 22,147,Coritiba,https://media.api-sports.io/football/teams/147.png,,123,Sport Recife,https://media.api-sports.io/football/teams/123.png,,0,0,0,0,0,0,,,,
190284,Leandro Pedro Vuaden,UTC,2015-09-03T01:00:00+00:00,1441242000,1441242000,1441245600,,Serra Dourada,Goiania,Match Finished,FT,90,71,Serie A,Brazil,https://media.api-sports.io/football/leagues/71.png,https://media.api-sports.io/flags/br.svg,2015,Regular Season - 22,151,Goias,https://media.api-sports.io/football/teams/151.png,True,121,Palmeiras,https://media.api-sports.io/football/teams/121.png,False,1,0,0,0,1,0,,,,
190285,"Bruno Arleu de Araujo, Brazil",UTC,2015-09-03T22:30:00+00:00,1441319400,1441319400,1441323000,,Urbano Caldeira,Santos,Match Finished,FT,90,71,Serie A,Brazil,https://media.api-sports.io/football/leagues/71.png,https://media.api-sports.io/flags/br.svg,2015,Regular Season - 22,128,Santos,https://media.api-sports.io/football/teams/128.png,True,132,Chapecoense-sc,https://media.api-sports.io/football/teams/132.png,False,3,1,1,0,3,1,,,,
190286,"Raphael Claus, Brazil",UTC,2015-09-04T00:00:00+00:00,1441324800,1441324800,1441328400,,Orlando Scarpelli,Florianopolis,Match Finished,FT,90,71,Serie A,Brazil,https://media.api-sports.io/football/leagues/71.png,https://media.api-sports.io/flags/br.svg,2015,Regular Season - 22,137,Figueirense,https://media.api-sports.io/football/teams/137.png,False,130,Gremio,https://media.api-sports.io/football/teams/130.png,True,0,2,0,1,0,2,,,,
190287,"Wilton Pereira Sampaio, Brazil",UTC,2015-09-05T22:30:00+00:00,1441492200,1441492200,1441495800,,Morumbi,Sao Paulo,Match Finished,FT,90,71,Serie A,Brazil,https://media.api-sports.io/football/leagues/71.png,https://media.api-sports.io/flags/br.svg,2015,Regular Season - 23,126,Sao Paulo,https://media.api-sports.io/football/teams/126.png,True,119,Internacional,https://media.api-sports.io/football/teams/119.png,False,2,0,0,0,2,0,,,,
190288,"Elmo Alves Resende Cunha, Brazil",UTC,2015-09-05T22:30:00+00:00,1441492200,1441492200,1441495800,,Estádio do Maracanã,Rio de Janeiro,Match Finished,FT,90,71,Serie A,Brazil,https://media.api-sports.io/football/leagues/71.png,https://media.api-sports.io/flags/br.svg,2015,Regular Season - 23,133,Vasco DA Gama,https://media.api-sports.io/football/teams/133.png,False,1062,Atletico-MG,https://media.api-sports.io/football/teams/1062.png,True,1,2,0,2,1,2,,,,
190289,,UTC,2015-09-06T00:00:00+00:00,1441497600,1441497600,1441501200,,Arena da Baixada,Curitiba,Match Finished,FT,90,71,Serie A,Brazil,https://media.api-sports.io/football/leagues/71.png,https://media.api-sports.io/flags/br.svg,2015,Regular Season - 23,134,Atletico Paranaense,https://media.api-sports.io/football/teams/134.png,,795,Joinville,https://media.api-sports.io/football/teams/795.png,,0,0,0,0,0,0,,,,
190291,"Cleisson Veloso Pereira, Brazil",UTC,2015-09-06T14:00:00+00:00,1441548000,1441548000,1441551600,,Arena Condá,Chapeco,Match Finished,FT,90,71,Serie A,Brazil,https://media.api-sports.io/football/leagues/71.png,https://media.api-sports.io/flags/br.svg,2015,Regular Season - 23,132,Chapecoense-sc,https://media.api-sports.io/football/teams/132.png,,139,Ponte Preta,https://media.api-sports.io/football/teams/139.png,,0,0,0,0,0,0,,,,
190290,"Jailson Macedo Freitas, Brazil",UTC,2015-09-06T14:00:00+00:00,1441548000,1441548000,1441551600,,Estádio Mineirão,Belo Horizonte,Match Finished,FT,90,71,Serie A,Brazil,https://media.api-sports.io/football/leagues/71.png,https://media.api-sports.io/flags/br.svg,2015,Regular Season - 23,135,Cruzeiro,https://media.api-sports.io/football/teams/135.png,True,137,Figueirense,https://media.api-sports.io/football/teams/137.png,False,5,1,2,0,5,1,,,,
190292,"Raphael Claus, Brazil",UTC,2015-09-06T19:00:00+00:00,1441566000,1441566000,1441569600,,Allianz Parque,Sao Paulo,Match Finished,FT,90,71,Serie A,Brazil,https://media.api-sports.io/football/leagues/71.png,https://media.api-sports.io/flags/br.svg,2015,Regular Season - 23,121,Palmeiras,https://media.api-sports.io/football/teams/121.png,,131,Corinthians,https://media.api-sports.io/football/teams/131.png,,3,3,3,2,3,3,,,,
190293,"Ricardo Marques Ribeiro, Brazil",UTC,2015-09-06T19:00:00+00:00,1441566000,1441566000,1441569600,,Estádio do Maracanã,Rio de Janeiro,Match Finished,FT,90,71,Serie A,Brazil,https://media.api-sports.io/football/leagues/71.png,https://media.api-sports.io/flags/br.svg,2015,Regular Season - 23,124,Fluminense,https://media.api-sports.io/football/teams/124.png,False,127,Flamengo,https://media.api-sports.io/football/teams/127.png,True,1,3,0,2,1,3,,,,
190294,"Sandro Meira Ricci, Brazil",UTC,2015-09-06T19:00:00+00:00,1441566000,1441566000,1441569600,,Arena do Grêmio,Porto Alegre,Match Finished,FT,90,71,Serie A,Brazil,https://media.api-sports.io/football/leagues/71.png,https://media.api-sports.io/flags/br.svg,2015,Regular Season - 23,130,Gremio,https://media.api-sports.io/football/teams/130.png,True,151,Goias,https://media.api-sports.io/football/teams/151.png,False,2,1,0,1,2,1,,,,
190295,"Nielson Nogueira Dias, Brazil",UTC,2015-09-06T19:00:00+00:00,1441566000,1441566000,1441569600,,Estádio da Ressacada,Florianopolis,Match Finished,FT,90,71,Serie A,Brazil,https://media.api-sports.io/football/leagues/71.png,https://media.api-sports.io/flags/br.svg,2015,Regular Season - 23,145,Avai,https://media.api-sports.io/football/teams/145.png,False,147,Coritiba,https://media.api-sports.io/football/teams/147.png,True,0,2,0,0,0,2,,,,
190296,"Emerson De Almeida Ferreira, Brazil",UTC,2015-09-06T21:30:00+00:00,1441575000,1441575000,1441578600,,Ilha do Retiro,Recife,Match Finished,FT,90,71,Serie A,Brazil,https://media.api-sports.io/football/leagues/71.png,https://media.api-sports.io/flags/br.svg,2015,Regular Season - 23,123,Sport Recife,https://media.api-sports.io/football/teams/123.png,,128,Santos,https://media.api-sports.io/football/teams/128.png,,1,1,1,1,1,1,,,,
190298,"Reway Wagner, Brazil",UTC,2015-09-09T22:30:00+00:00,1441837800,1441837800,1441841400,,Estádio Beira Rio,Porto Alegre,Match Finished,FT,90,71,Serie A,Brazil,https://media.api-sports.io/football/leagues/71.png,https://media.api-sports.io/flags/br.svg,2015,Regular Season - 24,119,Internacional,https://media.api-sports.io/football/teams/119.png,True,121,Palmeiras,https://media.api-sports.io/football/teams/121.png,False,1,0,1,0,1,0,,,,
190297,"Diego Almeida Real, Brazil",UTC,2015-09-09T22:30:00+00:00,1441837800,1441837800,1441841400,,Moisés Lucarelli,Campinas,Match Finished,FT,90,71,Serie A,Brazil,https://media.api-sports.io/football/leagues/71.png,https://media.api-sports.io/flags/br.svg,2015,Regular Season - 24,139,Ponte Preta,https://media.api-sports.io/football/teams/139.png,False,133,Vasco DA Gama,https://media.api-sports.io/football/teams/133.png,True,0,1,0,0,0,1,,,,
190299,"Luis Teixeira Rocha, Brazil",UTC,2015-09-09T22:30:00+00:00,1441837800,1441837800,1441841400,,Arena Independência,Belo Horizonte,Match Finished,FT,90,71,Serie A,Brazil,https://media.api-sports.io/football/leagues/71.png,https://media.api-sports.io/flags/br.svg,2015,Regular Season - 24,1062,Atletico-MG,https://media.api-sports.io/football/teams/1062.png,True,145,Avai,https://media.api-sports.io/football/teams/145.png,False,2,0,2,0,2,0,,,,
190300,"Dewson Fernando Freitas da Silva, Brazil",UTC,2015-09-10T00:00:00+00:00,1441843200,1441843200,1441846800,,Orlando Scarpelli,Florianopolis,Match Finished,FT,90,71,Serie A,Brazil,https://media.api-sports.io/football/leagues/71.png,https://media.api-sports.io/flags/br.svg,2015,Regular Season - 24,137,Figueirense,https://media.api-sports.io/football/teams/137.png,,134,Atletico Paranaense,https://media.api-sports.io/football/teams/134.png,,1,1,1,1,1,1,,,,
190302,"Luiz Flavio De Oliveira, Brazil",UTC,2015-09-10T01:00:00+00:00,1441846800,1441846800,1441850400,,Urbano Caldeira,Santos,Match Finished,FT,90,71,Serie A,Brazil,https://media.api-sports.io/football/leagues/71.png,https://media.api-sports.io/flags/br.svg,2015,Regular Season - 24,128,Santos,https://media.api-sports.io/football/teams/128.png,True,126,Sao Paulo,https://media.api-sports.io/football/teams/126.png,False,3,0,2,0,3,0,,,,
190301,"Andre Luiz de Freitas Castro, Brazil",UTC,2015-09-10T01:00:00+00:00,1441846800,1441846800,1441850400,,Arena Corinthians,Sao Paulo,Match Finished,FT,90,71,Serie A,Brazil,https://media.api-sports.io/football/leagues/71.png,https://media.api-sports.io/flags/br.svg,2015,Regular Season - 24,131,Corinthians,https://media.api-sports.io/football/teams/131.png,,130,Gremio,https://media.api-sports.io/football/teams/130.png,,1,1,0,0,1,1,,,,
190303,Leandro Pedro Vuaden,UTC,2015-09-10T01:00:00+00:00,1441846800,1441846800,1441850400,,Estádio Couto Pereira,Curitiba,Match Finished,FT,90,71,Serie A,Brazil,https://media.api-sports.io/football/leagues/71.png,https://media.api-sports.io/flags/br.svg,2015,Regular Season - 24,147,Coritiba,https://media.api-sports.io/football/teams/147.png,,124,Fluminense,https://media.api-sports.io/football/teams/124.png,,1,1,1,0,1,1,,,,
190304,"Thiago Duarte Peixoto, Brazil",UTC,2015-09-10T22:30:00+00:00,1441924200,1441924200,1441927800,,Serra Dourada,Goiania,Match Finished,FT,90,71,Serie A,Brazil,https://media.api-sports.io/football/leagues/71.png,https://media.api-sports.io/flags/br.svg,2015,Regular Season - 24,151,Goias,https://media.api-sports.io/football/teams/151.png,True,123,Sport Recife,https://media.api-sports.io/football/teams/123.png,False,1,0,0,0,1,0,,,,
190305,"Marcelo Aparecido Ribeiro de Souza, Brazil",UTC,2015-09-11T00:00:00+00:00,1441929600,1441929600,1441933200,,Estádio do Maracanã,Rio de Janeiro,Match Finished,FT,90,71,Serie A,Brazil,https://media.api-sports.io/football/leagues/71.png,https://media.api-sports.io/flags/br.svg,2015,Regular Season - 24,127,Flamengo,https://media.api-sports.io/football/teams/127.png,True,135,Cruzeiro,https://media.api-sports.io/football/teams/135.png,False,2,0,1,0,2,0,,,,
190306,"Braulio Da Silva Machado, Brazil",UTC,2015-09-11T00:00:00+00:00,1441929600,1441929600,1441933200,,Arena Joinville,Joinville,Match Finished,FT,90,71,Serie A,Brazil,https://media.api-sports.io/football/leagues/71.png,https://media.api-sports.io/flags/br.svg,2015,Regular Season - 24,795,Joinville,https://media.api-sports.io/football/teams/795.png,,132,Chapecoense-sc,https://media.api-sports.io/football/teams/132.png,,0,0,0,0,0,0,,,,
190307,,UTC,2015-09-12T21:30:00+00:00,1442093400,1442093400,1442097000,,Estádio Couto Pereira,Curitiba,Match Finished,FT,90,71,Serie A,Brazil,https://media.api-sports.io/football/leagues/71.png,https://media.api-sports.io/flags/br.svg,2015,Regular Season - 25,147,Coritiba,https://media.api-sports.io/football/teams/147.png,False,119,Internacional,https://media.api-sports.io/football/teams/119.png,True,0,1,0,1,0,1,,,,
190308,,UTC,2015-09-13T00:00:00+00:00,1442102400,1442102400,1442106000,,Allianz Parque,Sao Paulo,Match Finished,FT,90,71,Serie A,Brazil,https://media.api-sports.io/football/leagues/71.png,https://media.api-sports.io/flags/br.svg,2015,Regular Season - 25,121,Palmeiras,https://media.api-sports.io/football/teams/121.png,True,137,Figueirense,https://media.api-sports.io/football/teams/137.png,False,2,0,0,0,2,0,,,,
190309,"Wilton Pereira Sampaio, Brazil",UTC,2015-09-13T14:00:00+00:00,1442152800,1442152800,1442156400,,Arena Corinthians,Sao Paulo,Match Finished,FT,90,71,Serie A,Brazil,https://media.api-sports.io/football/leagues/71.png,https://media.api-sports.io/flags/br.svg,2015,Regular Season - 25,131,Corinthians,https://media.api-sports.io/football/teams/131.png,True,795,Joinville,https://media.api-sports.io/football/teams/795.png,False,3,0,1,0,3,0,,,,
190310,"Flavio Rodrigues De Souza, Brazil",UTC,2015-09-13T14:00:00+00:00,1442152800,1442152800,1442156400,,Moisés Lucarelli,Campinas,Match Finished,FT,90,71,Serie A,Brazil,https://media.api-sports.io/football/leagues/71.png,https://media.api-sports.io/flags/br.svg,2015,Regular Season - 25,139,Ponte Preta,https://media.api-sports.io/football/teams/139.png,True,128,Santos,https://media.api-sports.io/football/teams/128.png,False,3,1,3,0,3,1,,,,
190312,"Sandro Meira Ricci, Brazil",UTC,2015-09-13T19:00:00+00:00,1442170800,1442170800,1442174400,,Arena do Grêmio,Porto Alegre,Match Finished,FT,90,71,Serie A,Brazil,https://media.api-sports.io/football/leagues/71.png,https://media.api-sports.io/flags/br.svg,2015,Regular Season - 25,130,Gremio,https://media.api-sports.io/football/teams/130.png,False,126,Sao Paulo,https://media.api-sports.io/football/teams/126.png,True,1,2,0,1,1,2,,,,
190314,"Anderson Daronco, Brazil",UTC,2015-09-13T19:00:00+00:00,1442170800,1442170800,1442174400,,Arena Condá,Chapeco,Match Finished,FT,90,71,Serie A,Brazil,https://media.api-sports.io/football/leagues/71.png,https://media.api-sports.io/flags/br.svg,2015,Regular Season - 25,132,Chapecoense-sc,https://media.api-sports.io/football/teams/132.png,False,127,Flamengo,https://media.api-sports.io/football/teams/127.png,True,1,3,0,2,1,3,,,,
190311,"Andre Luiz de Freitas Castro, Brazil",UTC,2015-09-13T19:00:00+00:00,1442170800,1442170800,1442174400,,São Januário,Rio de Janeiro,Match Finished,FT,90,71,Serie A,Brazil,https://media.api-sports.io/football/leagues/71.png,https://media.api-sports.io/flags/br.svg,2015,Regular Season - 25,133,Vasco DA Gama,https://media.api-sports.io/football/teams/133.png,True,134,Atletico Paranaense,https://media.api-sports.io/football/teams/134.png,False,2,0,1,0,2,0,,,,
190313,Leandro Pedro Vuaden,UTC,2015-09-13T19:00:00+00:00,1442170800,1442170800,1442174400,,Estádio Mineirão,Belo Horizonte,Match Finished,FT,90,71,Serie A,Brazil,https://media.api-sports.io/football/leagues/71.png,https://media.api-sports.io/flags/br.svg,2015,Regular Season - 25,135,Cruzeiro,https://media.api-sports.io/football/teams/135.png,,1062,Atletico-MG,https://media.api-sports.io/football/teams/1062.png,,1,1,1,0,1,1,,,,
190316,"Heber Roberto Lopes, Brazil",UTC,2015-09-13T21:30:00+00:00,1442179800,1442179800,1442183400,,Ilha do Retiro,Recife,Match Finished,FT,90,71,Serie A,Brazil,https://media.api-sports.io/football/leagues/71.png,https://media.api-sports.io/flags/br.svg,2015,Regular Season - 25,123,Sport Recife,https://media.api-sports.io/football/teams/123.png,True,124,Fluminense,https://media.api-sports.io/football/teams/124.png,False,1,0,1,0,1,0,,,,
190315,"Bruno Arleu de Araujo, Brazil",UTC,2015-09-13T21:30:00+00:00,1442179800,1442179800,1442183400,,Estádio da Ressacada,Florianopolis,Match Finished,FT,90,71,Serie A,Brazil,https://media.api-sports.io/football/leagues/71.png,https://media.api-sports.io/flags/br.svg,2015,Regular Season - 25,145,Avai,https://media.api-sports.io/football/teams/145.png,True,151,Goias,https://media.api-sports.io/football/teams/151.png,False,2,1,0,1,2,1,,,,
190317,"Anderson Daronco, Brazil",UTC,2015-09-16T22:30:00+00:00,1442442600,1442442600,1442446200,,Estádio do Maracanã,Rio de Janeiro,Match Finished,FT,90,71,Serie A,Brazil,https://media.api-sports.io/football/leagues/71.png,https://media.api-sports.io/flags/br.svg,2015,Regular Season - 26,124,Fluminense,https://media.api-sports.io/football/teams/124.png,False,121,Palmeiras,https://media.api-sports.io/football/teams/121.png,True,1,4,1,0,1,4,,,,
190318,"Dewson Fernando Freitas da Silva, Brazil",UTC,2015-09-16T22:30:00+00:00,1442442600,1442442600,1442446200,,Serra Dourada,Goiania,Match Finished,FT,90,71,Serie A,Brazil,https://media.api-sports.io/football/leagues/71.png,https://media.api-sports.io/flags/br.svg,2015,Regular Season - 26,151,Goias,https://media.api-sports.io/football/teams/151.png,False,139,Ponte Preta,https://media.api-sports.io/football/teams/139.png,True,1,2,1,1,1,2,,,,
190319,"Ricardo Marques Ribeiro, Brazil",UTC,2015-09-16T22:30:00+00:00,1442442600,1442442600,1442446200,,Arena Joinville,Joinville,Match Finished,FT,90,71,Serie A,Brazil,https://media.api-sports.io/football/leagues/71.png,https://media.api-sports.io/flags/br.svg,2015,Regular Season - 26,795,Joinville,https://media.api-sports.io/football/teams/795.png,,123,Sport Recife,https://media.api-sports.io/football/teams/123.png,,1,1,1,0,1,1,,,,
190321,"Braulio Da Silva Machado, Brazil",UTC,2015-09-17T00:00:00+00:00,1442448000,1442448000,1442451600,,Arena da Baixada,Curitiba,Match Finished,FT,90,71,Serie A,Brazil,https://media.api-sports.io/football/leagues/71.png,https://media.api-sports.io/flags/br.svg,2015,Regular Season - 26,134,Atletico Paranaense,https://media.api-sports.io/football/teams/134.png,False,130,Gremio,https://media.api-sports.io/football/teams/130.png,True,1,2,0,1,1,2,,,,
190320,"Flavio Rodrigues De Souza, Brazil",UTC,2015-09-17T00:00:00+00:00,1442448000,1442448000,1442451600,,Orlando Scarpelli,Florianopolis,Match Finished,FT,90,71,Serie A,Brazil,https://media.api-sports.io/football/leagues/71.png,https://media.api-sports.io/flags/br.svg,2015,Regular Season - 26,137,Figueirense,https://media.api-sports.io/football/teams/137.png,False,145,Avai,https://media.api-sports.io/football/teams/145.png,True,0,1,0,0,0,1,,,,
190323,"Jailson Macedo Freitas, Brazil",UTC,2015-09-17T01:00:00+00:00,1442451600,1442451600,1442455200,,Estádio Beira Rio,Porto Alegre,Match Finished,FT,90,71,Serie A,Brazil,https://media.api-sports.io/football/leagues/71.png,https://media.api-sports.io/flags/br.svg,2015,Regular Season - 26,119,Internacional,https://media.api-sports.io/football/teams/119.png,True,131,Corinthians,https://media.api-sports.io/football/teams/131.png,False,2,1,1,1,2,1,,,,
190322,"Heber Roberto Lopes, Brazil",UTC,2015-09-17T01:00:00+00:00,1442451600,1442451600,1442455200,,Urbano Caldeira,Santos,Match Finished,FT,90,71,Serie A,Brazil,https://media.api-sports.io/football/leagues/71.png,https://media.api-sports.io/flags/br.svg,2015,Regular Season - 26,128,Santos,https://media.api-sports.io/football/teams/128.png,True,1062,Atletico-MG,https://media.api-sports.io/football/teams/1062.png,False,4,0,1,0,4,0,,,,
190324,"Thiago Duarte Peixoto, Brazil",UTC,2015-09-17T01:00:00+00:00,1442451600,1442451600,1442455200,,Estádio Mineirão,Belo Horizonte,Match Finished,FT,90,71,Serie A,Brazil,https://media.api-sports.io/football/leagues/71.png,https://media.api-sports.io/flags/br.svg,2015,Regular Season - 26,135,Cruzeiro,https://media.api-sports.io/football/teams/135.png,,133,Vasco DA Gama,https://media.api-sports.io/football/teams/133.png,,2,2,2,1,2,2,,,,
190325,"Elmo Alves Resende Cunha, Brazil",UTC,2015-09-17T22:30:00+00:00,1442529000,1442529000,1442532600,,Morumbi,Sao Paulo,Match Finished,FT,90,71,Serie A,Brazil,https://media.api-sports.io/football/leagues/71.png,https://media.api-sports.io/flags/br.svg,2015,Regular Season - 26,126,Sao Paulo,https://media.api-sports.io/football/teams/126.png,,132,Chapecoense-sc,https://media.api-sports.io/football/teams/132.png,,0,0,0,0,0,0,,,,
190326,"Marielson Alves Silva, Brazil",UTC,2015-09-18T00:00:00+00:00,1442534400,1442534400,1442538000,,Estádio do Maracanã,Rio de Janeiro,Match Finished,FT,90,71,Serie A,Brazil,https://media.api-sports.io/football/leagues/71.png,https://media.api-sports.io/flags/br.svg,2015,Regular Season - 26,127,Flamengo,https://media.api-sports.io/football/teams/127.png,False,147,Coritiba,https://media.api-sports.io/football/teams/147.png,True,0,2,0,2,0,2,,,,
190328,"Nielson Nogueira Dias, Brazil",UTC,2015-09-19T21:30:00+00:00,1442698200,1442698200,1442701800,,Estádio Beira Rio,Porto Alegre,Match Finished,FT,90,71,Serie A,Brazil,https://media.api-sports.io/football/leagues/71.png,https://media.api-sports.io/flags/br.svg,2015,Regular Season - 27,119,Internacional,https://media.api-sports.io/football/teams/119.png,,137,Figueirense,https://media.api-sports.io/football/teams/137.png,,1,1,1,0,1,1,,,,
190327,"Wilton Pereira Sampaio, Brazil",UTC,2015-09-19T21:30:00+00:00,1442698200,1442698200,1442701800,,Allianz Parque,Sao Paulo,Match Finished,FT,90,71,Serie A,Brazil,https://media.api-sports.io/football/leagues/71.png,https://media.api-sports.io/flags/br.svg,2015,Regular Season - 27,121,Palmeiras,https://media.api-sports.io/football/teams/121.png,True,130,Gremio,https://media.api-sports.io/football/teams/130.png,False,3,2,2,1,3,2,,,,
190329,"Andre Luiz de Freitas Castro, Brazil",UTC,2015-09-20T00:00:00+00:00,1442707200,1442707200,1442710800,,Moisés Lucarelli,Campinas,Match Finished,FT,90,71,Serie A,Brazil,https://media.api-sports.io/football/leagues/71.png,https://media.api-sports.io/flags/br.svg,2015,Regular Season - 27,139,Ponte Preta,https://media.api-sports.io/football/teams/139.png,True,124,Fluminense,https://media.api-sports.io/football/teams/124.png,False,3,1,3,0,3,1,,,,
190330,"Flavio Rodrigues Guerra, Brazil",UTC,2015-09-20T14:00:00+00:00,1442757600,1442757600,1442761200,,Arena Corinthians,Sao Paulo,Match Finished,FT,90,71,Serie A,Brazil,https://media.api-sports.io/football/leagues/71.png,https://media.api-sports.io/flags/br.svg,2015,Regular Season - 27,131,Corinthians,https://media.api-sports.io/football/teams/131.png,True,128,Santos,https://media.api-sports.io/football/teams/128.png,False,2,0,0,0,2,0,,,,
190331,"Raphael Claus, Brazil",UTC,2015-09-20T14:00:00+00:00,1442757600,1442757600,1442761200,,Serra Dourada,Goiania,Match Finished,FT,90,71,Serie A,Brazil,https://media.api-sports.io/football/leagues/71.png,https://media.api-sports.io/flags/br.svg,2015,Regular Season - 27,151,Goias,https://media.api-sports.io/football/teams/151.png,True,795,Joinville,https://media.api-sports.io/football/teams/795.png,False,3,0,1,0,3,0,,,,
190332,"Heber Roberto Lopes, Brazil",UTC,2015-09-20T19:00:00+00:00,1442775600,1442775600,1442779200,,Estádio do Maracanã,Rio de Janeiro,Match Finished,FT,90,71,Serie A,Brazil,https://media.api-sports.io/football/leagues/71.png,https://media.api-sports.io/flags/br.svg,2015,Regular Season - 27,133,Vasco DA Gama,https://media.api-sports.io/football/teams/133.png,True,123,Sport Recife,https://media.api-sports.io/football/teams/123.png,False,2,1,1,1,2,1,,,,
190334,"Jailson Macedo Freitas, Brazil",UTC,2015-09-20T19:00:00+00:00,1442775600,1442775600,1442779200,,Estádio da Ressacada,Florianopolis,Match Finished,FT,90,71,Serie A,Brazil,https://media.api-sports.io/football/leagues/71.png,https://media.api-sports.io/flags/br.svg,2015,Regular Season - 27,145,Avai,https://media.api-sports.io/football/teams/145.png,True,126,Sao Paulo,https://media.api-sports.io/football/teams/126.png,False,2,1,1,1,2,1,,,,
190333,"Sandro Meira Ricci, Brazil",UTC,2015-09-20T19:00:00+00:00,1442775600,1442775600,1442779200,,Arena Independência,Belo Horizonte,Match Finished,FT,90,71,Serie A,Brazil,https://media.api-sports.io/football/leagues/71.png,https://media.api-sports.io/flags/br.svg,2015,Regular Season - 27,1062,Atletico-MG,https://media.api-sports.io/football/teams/1062.png,True,127,Flamengo,https://media.api-sports.io/football/teams/127.png,False,4,1,2,1,4,1,,,,
190336,"Wagner do Nascimento Magalhaes, Brazil",UTC,2015-09-20T21:30:00+00:00,1442784600,1442784600,1442788200,,Arena Condá,Chapeco,Match Finished,FT,90,71,Serie A,Brazil,https://media.api-sports.io/football/leagues/71.png,https://media.api-sports.io/flags/br.svg,2015,Regular Season - 27,132,Chapecoense-sc,https://media.api-sports.io/football/teams/132.png,False,135,Cruzeiro,https://media.api-sports.io/football/teams/135.png,True,0,2,0,2,0,2,,,,
190335,"Marcelo De Lima Henrique, Brazil",UTC,2015-09-20T21:30:00+00:00,1442784600,1442784600,1442788200,,Estádio Couto Pereira,Curitiba,Match Finished,FT,90,71,Serie A,Brazil,https://media.api-sports.io/football/leagues/71.png,https://media.api-sports.io/flags/br.svg,2015,Regular Season - 27,147,Coritiba,https://media.api-sports.io/football/teams/147.png,True,134,Atletico Paranaense,https://media.api-sports.io/football/teams/134.png,False,2,0,2,0,2,0,,,,
190337,"Marielson Alves Silva, Brazil",UTC,2015-09-26T21:30:00+00:00,1443303000,1443303000,1443306600,,Estádio do Maracanã,Rio de Janeiro,Match Finished,FT,90,71,Serie A,Brazil,https://media.api-sports.io/football/leagues/71.png,https://media.api-sports.io/flags/br.svg,2015,Regular Season - 28,124,Fluminense,https://media.api-sports.io/football/teams/124.png,True,151,Goias,https://media.api-sports.io/football/teams/151.png,False,2,0,1,0,2,0,,,,
190338,"Marcelo Aparecido Ribeiro de Souza, Brazil",UTC,2015-09-27T00:00:00+00:00,1443312000,1443312000,1443315600,,Arena do Grêmio,Porto Alegre,Match Finished,FT,90,71,Serie A,Brazil,https://media.api-sports.io/football/leagues/71.png,https://media.api-sports.io/flags/br.svg,2015,Regular Season - 28,130,Gremio,https://media.api-sports.io/football/teams/130.png,True,145,Avai,https://media.api-sports.io/football/teams/145.png,False,3,1,2,0,3,1,,,,
190339,"Heber Roberto Lopes, Brazil",UTC,2015-09-27T14:00:00+00:00,1443362400,1443362400,1443366000,,Urbano Caldeira,Santos,Match Finished,FT,90,71,Serie A,Brazil,https://media.api-sports.io/football/leagues/71.png,https://media.api-sports.io/flags/br.svg,2015,Regular Season - 28,128,Santos,https://media.api-sports.io/football/teams/128.png,True,119,Internacional,https://media.api-sports.io/football/teams/119.png,False,3,1,1,1,3,1,,,,
190340,"Sandro Meira Ricci, Brazil",UTC,2015-09-27T14:00:00+00:00,1443362400,1443362400,1443366000,,Arena da Baixada,Curitiba,Match Finished,FT,90,71,Serie A,Brazil,https://media.api-sports.io/football/leagues/71.png,https://media.api-sports.io/flags/br.svg,2015,Regular Season - 28,134,Atletico Paranaense,https://media.api-sports.io/football/teams/134.png,False,139,Ponte Preta,https://media.api-sports.io/football/teams/139.png,True,1,2,1,1,1,2,,,,
190341,"Anderson Daronco, Brazil",UTC,2015-09-27T19:00:00+00:00,1443380400,1443380400,1443384000,,Morumbi,Sao Paulo,Match Finished,FT,90,71,Serie A,Brazil,https://media.api-sports.io/football/leagues/71.png,https://media.api-sports.io/flags/br.svg,2015,Regular Season - 28,126,Sao Paulo,https://media.api-sports.io/football/teams/126.png,,121,Palmeiras,https://media.api-sports.io/football/teams/121.png,,1,1,0,0,1,1,,,,
190342,Leandro Pedro Vuaden,UTC,2015-09-27T19:00:00+00:00,1443380400,1443380400,1443384000,,Estádio do Maracanã,Rio de Janeiro,Match Finished,FT,90,71,Serie A,Brazil,https://media.api-sports.io/football/leagues/71.png,https://media.api-sports.io/flags/br.svg,2015,Regular Season - 28,127,Flamengo,https://media.api-sports.io/football/teams/127.png,False,133,Vasco DA Gama,https://media.api-sports.io/football/teams/133.png,True,1,2,1,0,1,2,,,,
190343,"Marcelo De Lima Henrique, Brazil",UTC,2015-09-27T19:00:00+00:00,1443380400,1443380400,1443384000,,Orlando Scarpelli,Florianopolis,Match Finished,FT,90,71,Serie A,Brazil,https://media.api-sports.io/football/leagues/71.png,https://media.api-sports.io/flags/br.svg,2015,Regular Season - 28,137,Figueirense,https://media.api-sports.io/football/teams/137.png,False,131,Corinthians,https://media.api-sports.io/football/teams/131.png,True,1,3,0,1,1,3,,,,
190344,"Raphael Claus, Brazil",UTC,2015-09-27T19:00:00+00:00,1443380400,1443380400,1443384000,,Arena Joinville,Joinville,Match Finished,FT,90,71,Serie A,Brazil,https://media.api-sports.io/football/leagues/71.png,https://media.api-sports.io/flags/br.svg,2015,Regular Season - 28,795,Joinville,https://media.api-sports.io/football/teams/795.png,,1062,Atletico-MG,https://media.api-sports.io/football/teams/1062.png,,2,2,0,0,2,2,,,,
190346,"Ricardo Marques Ribeiro, Brazil",UTC,2015-09-27T21:30:00+00:00,1443389400,1443389400,1443393000,,Ilha do Retiro,Recife,Match Finished,FT,90,71,Serie A,Brazil,https://media.api-sports.io/football/leagues/71.png,https://media.api-sports.io/flags/br.svg,2015,Regular Season - 28,123,Sport Recife,https://media.api-sports.io/football/teams/123.png,True,132,Chapecoense-sc,https://media.api-sports.io/football/teams/132.png,False,3,0,1,0,3,0,,,,
190345,"Flavio Rodrigues De Souza, Brazil",UTC,2015-09-27T21:30:00+00:00,1443389400,1443389400,1443393000,,Estádio Mineirão,Belo Horizonte,Match Finished,FT,90,71,Serie A,Brazil,https://media.api-sports.io/football/leagues/71.png,https://media.api-sports.io/flags/br.svg,2015,Regular Season - 28,135,Cruzeiro,https://media.api-sports.io/football/teams/135.png,True,147,Coritiba,https://media.api-sports.io/football/teams/147.png,False,2,0,1,0,2,0,,,,
190347,"Braulio Da Silva Machado, Brazil",UTC,2015-10-03T21:30:00+00:00,1443907800,1443907800,1443911400,,Estádio Beira Rio,Porto Alegre,Match Finished,FT,90,71,Serie A,Brazil,https://media.api-sports.io/football/leagues/71.png,https://media.api-sports.io/flags/br.svg,2015,Regular Season - 29,119,Internacional,https://media.api-sports.io/football/teams/119.png,True,123,Sport Recife,https://media.api-sports.io/football/teams/123.png,False,2,1,0,0,2,1,,,,
190348,"Pericles Bassols Pegado Cortez, Brazil",UTC,2015-10-03T21:30:00+00:00,1443907800,1443907800,1443911400,,Estádio Couto Pereira,Curitiba,Match Finished,FT,90,71,Serie A,Brazil,https://media.api-sports.io/football/leagues/71.png,https://media.api-sports.io/flags/br.svg,2015,Regular Season - 29,147,Coritiba,https://media.api-sports.io/football/teams/147.png,False,1062,Atletico-MG,https://media.api-sports.io/football/teams/1062.png,True,0,3,0,1,0,3,,,,
190349,"Igor Junio Benevenuto, Brazil",UTC,2015-10-04T00:00:00+00:00,1443916800,1443916800,1443920400,,Morumbi,Sao Paulo,Match Finished,FT,90,71,Serie A,Brazil,https://media.api-sports.io/football/leagues/71.png,https://media.api-sports.io/flags/br.svg,2015,Regular Season - 29,126,Sao Paulo,https://media.api-sports.io/football/teams/126.png,True,134,Atletico Paranaense,https://media.api-sports.io/football/teams/134.png,False,1,0,0,0,1,0,,,,
190350,"Luiz Flavio De Oliveira, Brazil",UTC,2015-10-04T14:00:00+00:00,1443967200,1443967200,1443970800,,Estádio do Maracanã,Rio de Janeiro,Match Finished,FT,90,71,Serie A,Brazil,https://media.api-sports.io/football/leagues/71.png,https://media.api-sports.io/flags/br.svg,2015,Regular Season - 29,127,Flamengo,https://media.api-sports.io/football/teams/127.png,True,795,Joinville,https://media.api-sports.io/football/teams/795.png,False,2,0,0,0,2,0,,,,
190351,"Luis Teixeira Rocha, Brazil",UTC,2015-10-04T14:00:00+00:00,1443967200,1443967200,1443970800,,Estádio da Ressacada,Florianopolis,Match Finished,FT,90,71,Serie A,Brazil,https://media.api-sports.io/football/leagues/71.png,https://media.api-sports.io/flags/br.svg,2015,Regular Season - 29,145,Avai,https://media.api-sports.io/football/teams/145.png,,133,Vasco DA Gama,https://media.api-sports.io/football/teams/133.png,,1,1,0,1,1,1,,,,
190352,"Sandro Meira Ricci, Brazil",UTC,2015-10-04T19:00:00+00:00,1443985200,1443985200,1443988800,,Urbano Caldeira,Santos,Match Finished,FT,90,71,Serie A,Brazil,https://media.api-sports.io/football/leagues/71.png,https://media.api-sports.io/flags/br.svg,2015,Regular Season - 29,128,Santos,https://media.api-sports.io/football/teams/128.png,True,124,Fluminense,https://media.api-sports.io/football/teams/124.png,False,3,1,2,0,3,1,,,,
190354,"Heber Roberto Lopes, Brazil",UTC,2015-10-04T19:00:00+00:00,1443985200,1443985200,1443988800,,Estádio Mineirão,Belo Horizonte,Match Finished,FT,90,71,Serie A,Brazil,https://media.api-sports.io/football/leagues/71.png,https://media.api-sports.io/flags/br.svg,2015,Regular Season - 29,135,Cruzeiro,https://media.api-sports.io/football/teams/135.png,,130,Gremio,https://media.api-sports.io/football/teams/130.png,,0,0,0,0,0,0,,,,
190353,"Flavio Rodrigues De Souza, Brazil",UTC,2015-10-04T19:00:00+00:00,1443985200,1443985200,1443988800,,Moisés Lucarelli,Campinas,Match Finished,FT,90,71,Serie A,Brazil,https://media.api-sports.io/football/leagues/71.png,https://media.api-sports.io/flags/br.svg,2015,Regular Season - 29,139,Ponte Preta,https://media.api-sports.io/football/teams/139.png,,131,Corinthians,https://media.api-sports.io/football/teams/131.png,,2,2,0,1,2,2,,,,
190355,"Ricardo Marques Ribeiro, Brazil",UTC,2015-10-04T19:00:00+00:00,1443985200,1443985200,1443988800,,Serra Dourada,Goiania,Match Finished,FT,90,71,Serie A,Brazil,https://media.api-sports.io/football/leagues/71.png,https://media.api-sports.io/flags/br.svg,2015,Regular Season - 29,151,Goias,https://media.api-sports.io/football/teams/151.png,False,137,Figueirense,https://media.api-sports.io/football/teams/137.png,True,2,3,1,0,2,3,,,,
190356,"Jailson Macedo Freitas, Brazil",UTC,2015-10-04T21:30:00+00:00,1443994200,1443994200,1443997800,,Arena Condá,Chapeco,Match Finished,FT,90,71,Serie A,Brazil,https://media.api-sports.io/football/leagues/71.png,https://media.api-sports.io/flags/br.svg,2015,Regular Season - 29,132,Chapecoense-sc,https://media.api-sports.io/football/teams/132.png,True,121,Palmeiras,https://media.api-sports.io/football/teams/121.png,False,5,1,2,0,5,1,,,,
190358,"Pericles Bassols Pegado Cortez, Brazil",UTC,2015-10-14T22:30:00+00:00,1444861800,1444861800,1444865400,,Ilha do Retiro,Recife,Match Finished,FT,90,71,Serie A,Brazil,https://media.api-sports.io/football/leagues/71.png,https://media.api-sports.io/flags/br.svg,2015,Regular Season - 30,123,Sport Recife,https://media.api-sports.io/football/teams/123.png,True,145,Avai,https://media.api-sports.io/football/teams/145.png,False,3,0,0,0,3,0,,,,
190357,"Andre Luiz de Freitas Castro, Brazil",UTC,2015-10-14T22:30:00+00:00,1444861800,1444861800,1444865400,,Arena Independência,Belo Horizonte,Match Finished,FT,90,71,Serie A,Brazil,https://media.api-sports.io/football/leagues/71.png,https://media.api-sports.io/flags/br.svg,2015,Regular Season - 30,1062,Atletico-MG,https://media.api-sports.io/football/teams/1062.png,True,119,Internacional,https://media.api-sports.io/football/teams/119.png,False,2,1,1,1,2,1,,,,
190359,"Raphael Claus, Brazil",UTC,2015-10-15T00:00:00+00:00,1444867200,1444867200,1444870800,,Allianz Parque,Sao Paulo,Match Finished,FT,90,71,Serie A,Brazil,https://media.api-sports.io/football/leagues/71.png,https://media.api-sports.io/flags/br.svg,2015,Regular Season - 30,121,Palmeiras,https://media.api-sports.io/football/teams/121.png,False,139,Ponte Preta,https://media.api-sports.io/football/teams/139.png,True,0,1,0,1,0,1,,,,
190360,"Anderson Daronco, Brazil",UTC,2015-10-15T00:00:00+00:00,1444867200,1444867200,1444870800,,Orlando Scarpelli,Florianopolis,Match Finished,FT,90,71,Serie A,Brazil,https://media.api-sports.io/football/leagues/71.png,https://media.api-sports.io/flags/br.svg,2015,Regular Season - 30,137,Figueirense,https://media.api-sports.io/football/teams/137.png,True,127,Flamengo,https://media.api-sports.io/football/teams/127.png,False,3,0,1,0,3,0,,,,
190361,"Marcelo De Lima Henrique, Brazil",UTC,2015-10-15T00:00:00+00:00,1444867200,1444867200,1444870800,,Arena Joinville,Joinville,Match Finished,FT,90,71,Serie A,Brazil,https://media.api-sports.io/football/leagues/71.png,https://media.api-sports.io/flags/br.svg,2015,Regular Season - 30,795,Joinville,https://media.api-sports.io/football/teams/795.png,True,147,Coritiba,https://media.api-sports.io/football/teams/147.png,False,3,1,1,0,3,1,,,,
190362,"Braulio Da Silva Machado, Brazil",UTC,2015-10-15T01:00:00+00:00,1444870800,1444870800,1444874400,,Estádio do Maracanã,Rio de Janeiro,Match Finished,FT,90,71,Serie A,Brazil,https://media.api-sports.io/football/leagues/71.png,https://media.api-sports.io/flags/br.svg,2015,Regular Season - 30,124,Fluminense,https://media.api-sports.io/football/teams/124.png,True,126,Sao Paulo,https://media.api-sports.io/football/teams/126.png,False,2,0,1,0,2,0,,,,
190363,"Wagner do Nascimento Magalhaes, Brazil",UTC,2015-10-15T01:00:00+00:00,1444870800,1444870800,1444874400,,Arena da Baixada,Curitiba,Match Finished,FT,90,71,Serie A,Brazil,https://media.api-sports.io/football/leagues/71.png,https://media.api-sports.io/flags/br.svg,2015,Regular Season - 30,134,Atletico Paranaense,https://media.api-sports.io/football/teams/134.png,,135,Cruzeiro,https://media.api-sports.io/football/teams/135.png,,2,2,1,0,2,2,,,,
190364,"Reway Wagner, Brazil",UTC,2015-10-15T22:30:00+00:00,1444948200,1444948200,1444951800,,Arena Corinthians,Sao Paulo,Match Finished,FT,90,71,Serie A,Brazil,https://media.api-sports.io/football/leagues/71.png,https://media.api-sports.io/flags/br.svg,2015,Regular Season - 30,131,Corinthians,https://media.api-sports.io/football/teams/131.png,True,151,Goias,https://media.api-sports.io/football/teams/151.png,False,3,0,2,0,3,0,,,,
190365,"Ricardo Marques Ribeiro, Brazil",UTC,2015-10-15T22:30:00+00:00,1444948200,1444948200,1444951800,,Estádio do Maracanã,Rio de Janeiro,Match Finished,FT,90,71,Serie A,Brazil,https://media.api-sports.io/football/leagues/71.png,https://media.api-sports.io/flags/br.svg,2015,Regular Season - 30,133,Vasco DA Gama,https://media.api-sports.io/football/teams/133.png,,132,Chapecoense-sc,https://media.api-sports.io/football/teams/132.png,,1,1,0,0,1,1,,,,
190366,"Marielson Alves Silva, Brazil",UTC,2015-10-16T00:00:00+00:00,1444953600,1444953600,1444957200,,Arena do Grêmio,Porto Alegre,Match Finished,FT,90,71,Serie A,Brazil,https://media.api-sports.io/football/leagues/71.png,https://media.api-sports.io/flags/br.svg,2015,Regular Season - 30,130,Gremio,https://media.api-sports.io/football/teams/130.png,True,128,Santos,https://media.api-sports.io/football/teams/128.png,False,1,0,1,0,1,0,,,,
190367,"Marcelo De Lima Henrique, Brazil",UTC,2015-10-17T21:30:00+00:00,1445117400,1445117400,1445121000,,Estádio da Ressacada,Florianopolis,Match Finished,FT,90,71,Serie A,Brazil,https://media.api-sports.io/football/leagues/71.png,https://media.api-sports.io/flags/br.svg,2015,Regular Season - 31,145,Avai,https://media.api-sports.io/football/teams/145.png,False,121,Palmeiras,https://media.api-sports.io/football/teams/121.png,True,1,3,0,1,1,3,,,,
190368,"Nielson Nogueira Dias, Brazil",UTC,2015-10-18T00:00:00+00:00,1445126400,1445126400,1445130000,,Arena Joinville,Joinville,Match Finished,FT,90,71,Serie A,Brazil,https://media.api-sports.io/football/leagues/71.png,https://media.api-sports.io/flags/br.svg,2015,Regular Season - 31,795,Joinville,https://media.api-sports.io/football/teams/795.png,True,137,Figueirense,https://media.api-sports.io/football/teams/137.png,False,1,0,0,0,1,0,,,,
190370,"Andre Luiz de Freitas Castro, Brazil",UTC,2015-10-18T13:00:00+00:00,1445173200,1445173200,1445176800,,Estádio Mineirão,Belo Horizonte,Match Finished,FT,90,71,Serie A,Brazil,https://media.api-sports.io/football/leagues/71.png,https://media.api-sports.io/flags/br.svg,2015,Regular Season - 31,135,Cruzeiro,https://media.api-sports.io/football/teams/135.png,True,124,Fluminense,https://media.api-sports.io/football/teams/124.png,False,2,0,1,0,2,0,,,,
190369,"Pablo Dos Santos Alves, Brazil",UTC,2015-10-18T13:00:00+00:00,1445173200,1445173200,1445176800,,Moisés Lucarelli,Campinas,Match Finished,FT,90,71,Serie A,Brazil,https://media.api-sports.io/football/leagues/71.png,https://media.api-sports.io/flags/br.svg,2015,Regular Season - 31,139,Ponte Preta,https://media.api-sports.io/football/teams/139.png,True,147,Coritiba,https://media.api-sports.io/football/teams/147.png,False,3,0,0,0,3,0,,,,
190371,"Dewson Fernando Freitas da Silva, Brazil",UTC,2015-10-18T18:00:00+00:00,1445191200,1445191200,1445194800,,Morumbi,Sao Paulo,Match Finished,FT,90,71,Serie A,Brazil,https://media.api-sports.io/football/leagues/71.png,https://media.api-sports.io/flags/br.svg,2015,Regular Season - 31,126,Sao Paulo,https://media.api-sports.io/football/teams/126.png,,133,Vasco DA Gama,https://media.api-sports.io/football/teams/133.png,,2,2,1,1,2,2,,,,
190372,"Heber Roberto Lopes, Brazil",UTC,2015-10-18T18:00:00+00:00,1445191200,1445191200,1445194800,,Estádio do Maracanã,Rio de Janeiro,Match Finished,FT,90,71,Serie A,Brazil,https://media.api-sports.io/football/leagues/71.png,https://media.api-sports.io/flags/br.svg,2015,Regular Season - 31,127,Flamengo,https://media.api-sports.io/football/teams/127.png,False,119,Internacional,https://media.api-sports.io/football/teams/119.png,True,0,1,0,1,0,1,,,,
190373,"Elmo Alves Resende Cunha, Brazil",UTC,2015-10-18T18:00:00+00:00,1445191200,1445191200,1445194800,,Arena da Baixada,Curitiba,Match Finished,FT,90,71,Serie A,Brazil,https://media.api-sports.io/football/leagues/71.png,https://media.api-sports.io/flags/br.svg,2015,Regular Season - 31,134,Atletico Paranaense,https://media.api-sports.io/football/teams/134.png,False,131,Corinthians,https://media.api-sports.io/football/teams/131.png,True,1,4,0,3,1,4,,,,
190374,"Anderson Daronco, Brazil",UTC,2015-10-18T19:00:00+00:00,1445194800,1445194800,1445198400,,Urbano Caldeira,Santos,Match Finished,FT,90,71,Serie A,Brazil,https://media.api-sports.io/football/leagues/71.png,https://media.api-sports.io/flags/br.svg,2015,Regular Season - 31,128,Santos,https://media.api-sports.io/football/teams/128.png,True,151,Goias,https://media.api-sports.io/football/teams/151.png,False,3,1,3,0,3,1,,,,
190375,"Luiz Flavio De Oliveira, Brazil",UTC,2015-10-18T19:00:00+00:00,1445194800,1445194800,1445198400,,Arena do Grêmio,Porto Alegre,Match Finished,FT,90,71,Serie A,Brazil,https://media.api-sports.io/football/leagues/71.png,https://media.api-sports.io/flags/br.svg,2015,Regular Season - 31,130,Gremio,https://media.api-sports.io/football/teams/130.png,False,132,Chapecoense-sc,https://media.api-sports.io/football/teams/132.png,True,2,3,2,0,2,3,,,,
190376,"Wilton Pereira Sampaio, Brazil",UTC,2015-10-18T20:30:00+00:00,1445200200,1445200200,1445203800,,Ilha do Retiro,Recife,Match Finished,FT,90,71,Serie A,Brazil,https://media.api-sports.io/football/leagues/71.png,https://media.api-sports.io/flags/br.svg,2015,Regular Season - 31,123,Sport Recife,https://media.api-sports.io/football/teams/123.png,True,1062,Atletico-MG,https://media.api-sports.io/football/teams/1062.png,False,4,1,3,0,4,1,,,,
190377,"Luiz Flavio De Oliveira, Brazil",UTC,2015-10-24T19:00:00+00:00,1445713200,1445713200,1445716800,,Estádio do Maracanã,Rio de Janeiro,Match Finished,FT,90,71,Serie A,Brazil,https://media.api-sports.io/football/leagues/71.png,https://media.api-sports.io/flags/br.svg,2015,Regular Season - 32,124,Fluminense,https://media.api-sports.io/football/teams/124.png,False,134,Atletico Paranaense,https://media.api-sports.io/football/teams/134.png,True,0,1,0,0,0,1,,,,
190378,"Dewson Fernando Freitas da Silva, Brazil",UTC,2015-10-24T20:30:00+00:00,1445718600,1445718600,1445722200,,Estádio Beira Rio,Porto Alegre,Match Finished,FT,90,71,Serie A,Brazil,https://media.api-sports.io/football/leagues/71.png,https://media.api-sports.io/flags/br.svg,2015,Regular Season - 32,119,Internacional,https://media.api-sports.io/football/teams/119.png,True,795,Joinville,https://media.api-sports.io/football/teams/795.png,False,1,0,0,0,1,0,,,,
190379,Leandro Pedro Vuaden,UTC,2015-10-24T20:30:00+00:00,1445718600,1445718600,1445722200,,Orlando Scarpelli,Florianopolis,Match Finished,FT,90,71,Serie A,Brazil,https://media.api-sports.io/football/leagues/71.png,https://media.api-sports.io/flags/br.svg,2015,Regular Season - 32,137,Figueirense,https://media.api-sports.io/football/teams/137.png,,128,Santos,https://media.api-sports.io/football/teams/128.png,,0,0,0,0,0,0,,,,
190380,"Andre Luiz de Freitas Castro, Brazil",UTC,2015-10-24T23:00:00+00:00,1445727600,1445727600,1445731200,,Pacaembú,Sao Paulo,Match Finished,FT,90,71,Serie A,Brazil,https://media.api-sports.io/football/leagues/71.png,https://media.api-sports.io/flags/br.svg,2015,Regular Season - 32,121,Palmeiras,https://media.api-sports.io/football/teams/121.png,False,123,Sport Recife,https://media.api-sports.io/football/teams/123.png,True,0,2,0,1,0,2,,,,
190381,"Wilton Pereira Sampaio, Brazil",UTC,2015-10-25T18:00:00+00:00,1445796000,1445796000,1445799600,,Arena Corinthians,Sao Paulo,Match Finished,FT,90,71,Serie A,Brazil,https://media.api-sports.io/football/leagues/71.png,https://media.api-sports.io/flags/br.svg,2015,Regular Season - 32,131,Corinthians,https://media.api-sports.io/football/teams/131.png,True,127,Flamengo,https://media.api-sports.io/football/teams/127.png,False,1,0,1,0,1,0,,,,
190384,"Anderson Daronco, Brazil",UTC,2015-10-25T18:00:00+00:00,1445796000,1445796000,1445799600,,Arena Condá,Chapeco,Match Finished,FT,90,71,Serie A,Brazil,https://media.api-sports.io/football/leagues/71.png,https://media.api-sports.io/flags/br.svg,2015,Regular Season - 32,132,Chapecoense-sc,https://media.api-sports.io/football/teams/132.png,,145,Avai,https://media.api-sports.io/football/teams/145.png,,0,0,0,0,0,0,,,,
190382,"Marcelo Aparecido Ribeiro de Souza, Brazil",UTC,2015-10-25T18:00:00+00:00,1445796000,1445796000,1445799600,,Estádio do Maracanã,Rio de Janeiro,Match Finished,FT,90,71,Serie A,Brazil,https://media.api-sports.io/football/leagues/71.png,https://media.api-sports.io/flags/br.svg,2015,Regular Season - 32,133,Vasco DA Gama,https://media.api-sports.io/football/teams/133.png,,130,Gremio,https://media.api-sports.io/football/teams/130.png,,0,0,0,0,0,0,,,,
190383,"Marielson Alves Silva, Brazil",UTC,2015-10-25T18:00:00+00:00,1445796000,1445796000,1445799600,,Estádio Couto Pereira,Curitiba,Match Finished,FT,90,71,Serie A,Brazil,https://media.api-sports.io/football/leagues/71.png,https://media.api-sports.io/flags/br.svg,2015,Regular Season - 32,147,Coritiba,https://media.api-sports.io/football/teams/147.png,False,126,Sao Paulo,https://media.api-sports.io/football/teams/126.png,True,1,2,1,1,1,2,,,,
190385,"Nielson Nogueira Dias, Brazil",UTC,2015-10-25T19:00:00+00:00,1445799600,1445799600,1445803200,,Serra Dourada,Goiania,Match Finished,FT,90,71,Serie A,Brazil,https://media.api-sports.io/football/leagues/71.png,https://media.api-sports.io/flags/br.svg,2015,Regular Season - 32,151,Goias,https://media.api-sports.io/football/teams/151.png,False,135,Cruzeiro,https://media.api-sports.io/football/teams/135.png,True,0,1,0,0,0,1,,,,
190386,"Sandro Meira Ricci, Brazil",UTC,2015-10-25T20:30:00+00:00,1445805000,1445805000,1445808600,,Arena Independência,Belo Horizonte,Match Finished,FT,90,71,Serie A,Brazil,https://media.api-sports.io/football/leagues/71.png,https://media.api-sports.io/flags/br.svg,2015,Regular Season - 32,1062,Atletico-MG,https://media.api-sports.io/football/teams/1062.png,True,139,Ponte Preta,https://media.api-sports.io/football/teams/139.png,False,2,1,0,0,2,1,,,,
190387,"Reway Wagner, Brazil",UTC,2015-10-31T19:00:00+00:00,1446318000,1446318000,1446321600,,Morumbi,Sao Paulo,Match Finished,FT,90,71,Serie A,Brazil,https://media.api-sports.io/football/leagues/71.png,https://media.api-sports.io/flags/br.svg,2015,Regular Season - 33,126,Sao Paulo,https://media.api-sports.io/football/teams/126.png,True,123,Sport Recife,https://media.api-sports.io/football/teams/123.png,False,3,0,2,0,3,0,,,,
190388,"Marielson Alves Silva, Brazil",UTC,2015-10-31T21:30:00+00:00,1446327000,1446327000,1446330600,,Moisés Lucarelli,Campinas,Match Finished,FT,90,71,Serie A,Brazil,https://media.api-sports.io/football/leagues/71.png,https://media.api-sports.io/flags/br.svg,2015,Regular Season - 33,139,Ponte Preta,https://media.api-sports.io/football/teams/139.png,True,795,Joinville,https://media.api-sports.io/football/teams/795.png,False,1,0,0,0,1,0,,,,
190389,"Raphael Claus, Brazil",UTC,2015-10-31T21:30:00+00:00,1446327000,1446327000,1446330600,,Estádio da Ressacada,Florianopolis,Match Finished,FT,90,71,Serie A,Brazil,https://media.api-sports.io/football/leagues/71.png,https://media.api-sports.io/flags/br.svg,2015,Regular Season - 33,145,Avai,https://media.api-sports.io/football/teams/145.png,,135,Cruzeiro,https://media.api-sports.io/football/teams/135.png,,1,1,0,0,1,1,,,,
190390,"Ricardo Marques Ribeiro, Brazil",UTC,2015-10-31T23:00:00+00:00,1446332400,1446332400,1446336000,,Estádio Couto Pereira,Curitiba,Match Finished,FT,90,71,Serie A,Brazil,https://media.api-sports.io/football/leagues/71.png,https://media.api-sports.io/flags/br.svg,2015,Regular Season - 33,147,Coritiba,https://media.api-sports.io/football/teams/147.png,,137,Figueirense,https://media.api-sports.io/football/teams/137.png,,1,1,1,1,1,1,,,,
190391,"Pericles Bassols Pegado Cortez, Brazil",UTC,2015-11-01T19:00:00+00:00,1446404400,1446404400,1446408000,,Urbano Caldeira,Santos,Match Finished,FT,90,71,Serie A,Brazil,https://media.api-sports.io/football/leagues/71.png,https://media.api-sports.io/flags/br.svg,2015,Regular Season - 33,128,Santos,https://media.api-sports.io/football/teams/128.png,True,121,Palmeiras,https://media.api-sports.io/football/teams/121.png,False,2,1,1,0,2,1,,,,
190392,"Braulio Da Silva Machado, Brazil",UTC,2015-11-01T19:00:00+00:00,1446404400,1446404400,1446408000,,Arena do Grêmio,Porto Alegre,Match Finished,FT,90,71,Serie A,Brazil,https://media.api-sports.io/football/leagues/71.png,https://media.api-sports.io/flags/br.svg,2015,Regular Season - 33,130,Gremio,https://media.api-sports.io/football/teams/130.png,True,127,Flamengo,https://media.api-sports.io/football/teams/127.png,False,2,0,0,0,2,0,,,,
190394,"Andre Luiz de Freitas Castro, Brazil",UTC,2015-11-01T19:00:00+00:00,1446404400,1446404400,1446408000,,Arena Condá,Chapeco,Match Finished,FT,90,71,Serie A,Brazil,https://media.api-sports.io/football/leagues/71.png,https://media.api-sports.io/flags/br.svg,2015,Regular Season - 33,132,Chapecoense-sc,https://media.api-sports.io/football/teams/132.png,,134,Atletico Paranaense,https://media.api-sports.io/football/teams/134.png,,0,0,0,0,0,0,,,,
190393,"Heber Roberto Lopes, Brazil",UTC,2015-11-01T19:00:00+00:00,1446404400,1446404400,1446408000,,Arena Independência,Belo Horizonte,Match Finished,FT,90,71,Serie A,Brazil,https://media.api-sports.io/football/leagues/71.png,https://media.api-sports.io/flags/br.svg,2015,Regular Season - 33,1062,Atletico-MG,https://media.api-sports.io/football/teams/1062.png,False,131,Corinthians,https://media.api-sports.io/football/teams/131.png,True,0,3,0,0,0,3,,,,
190395,"Luiz Flavio De Oliveira, Brazil",UTC,2015-11-01T20:00:00+00:00,1446408000,1446408000,1446411600,218.0,Estádio Nilton Santos,Rio de Janeiro,Match Finished,FT,90,71,Serie A,Brazil,https://media.api-sports.io/football/leagues/71.png,https://media.api-sports.io/flags/br.svg,2015,Regular Season - 33,133,Vasco DA Gama,https://media.api-sports.io/football/teams/133.png,False,124,Fluminense,https://media.api-sports.io/football/teams/124.png,True,0,1,0,1,0,1,,,,
190396,"Marcelo Aparecido Ribeiro de Souza, Brazil",UTC,2015-11-01T21:30:00+00:00,1446413400,1446413400,1446417000,,Serra Dourada,Goiania,Match Finished,FT,90,71,Serie A,Brazil,https://media.api-sports.io/football/leagues/71.png,https://media.api-sports.io/flags/br.svg,2015,Regular Season - 33,151,Goias,https://media.api-sports.io/football/teams/151.png,True,119,Internacional,https://media.api-sports.io/football/teams/119.png,False,2,1,0,1,2,1,,,,
190397,"Ricardo Marques Ribeiro, Brazil",UTC,2015-11-07T19:00:00+00:00,1446922800,1446922800,1446926400,,Estádio Beira Rio,Porto Alegre,Match Finished,FT,90,71,Serie A,Brazil,https://media.api-sports.io/football/leagues/71.png,https://media.api-sports.io/flags/br.svg,2015,Regular Season - 34,119,Internacional,https://media.api-sports.io/football/teams/119.png,True,139,Ponte Preta,https://media.api-sports.io/football/teams/139.png,False,1,0,0,0,1,0,,,,
190398,"Dewson Fernando Freitas da Silva, Brazil",UTC,2015-11-07T21:30:00+00:00,1446931800,1446931800,1446935400,,Arena Corinthians,Sao Paulo,Match Finished,FT,90,71,Serie A,Brazil,https://media.api-sports.io/football/leagues/71.png,https://media.api-sports.io/flags/br.svg,2015,Regular Season - 34,131,Corinthians,https://media.api-sports.io/football/teams/131.png,True,147,Coritiba,https://media.api-sports.io/football/teams/147.png,False,2,1,1,0,2,1,,,,
190399,"Marielson Alves Silva, Brazil",UTC,2015-11-07T21:30:00+00:00,1446931800,1446931800,1446935400,,Arena da Baixada,Curitiba,Match Finished,FT,90,71,Serie A,Brazil,https://media.api-sports.io/football/leagues/71.png,https://media.api-sports.io/flags/br.svg,2015,Regular Season - 34,134,Atletico Paranaense,https://media.api-sports.io/football/teams/134.png,True,145,Avai,https://media.api-sports.io/football/teams/145.png,False,2,1,2,0,2,1,,,,
190400,"Nielson Nogueira Dias, Brazil",UTC,2015-11-07T23:00:00+00:00,1446937200,1446937200,1446940800,,Estádio do Maracanã,Rio de Janeiro,Match Finished,FT,90,71,Serie A,Brazil,https://media.api-sports.io/football/leagues/71.png,https://media.api-sports.io/flags/br.svg,2015,Regular Season - 34,124,Fluminense,https://media.api-sports.io/football/teams/124.png,False,132,Chapecoense-sc,https://media.api-sports.io/football/teams/132.png,True,2,3,1,2,2,3,,,,
190401,"Anderson Daronco, Brazil",UTC,2015-11-08T19:00:00+00:00,1447009200,1447009200,1447012800,,Allianz Parque,Sao Paulo,Match Finished,FT,90,71,Serie A,Brazil,https://media.api-sports.io/football/leagues/71.png,https://media.api-sports.io/flags/br.svg,2015,Regular Season - 34,121,Palmeiras,https://media.api-sports.io/football/teams/121.png,False,133,Vasco DA Gama,https://media.api-sports.io/football/teams/133.png,True,0,2,0,2,0,2,,,,
190402,"Luiz Flavio De Oliveira, Brazil",UTC,2015-11-08T19:00:00+00:00,1447009200,1447009200,1447012800,,Estádio do Maracanã,Rio de Janeiro,Match Finished,FT,90,71,Serie A,Brazil,https://media.api-sports.io/football/leagues/71.png,https://media.api-sports.io/flags/br.svg,2015,Regular Season - 34,127,Flamengo,https://media.api-sports.io/football/teams/127.png,True,151,Goias,https://media.api-sports.io/football/teams/151.png,False,4,1,1,1,4,1,,,,
190403,"Marcelo De Lima Henrique, Brazil",UTC,2015-11-08T19:00:00+00:00,1447009200,1447009200,1447012800,,Estádio Mineirão,Belo Horizonte,Match Finished,FT,90,71,Serie A,Brazil,https://media.api-sports.io/football/leagues/71.png,https://media.api-sports.io/flags/br.svg,2015,Regular Season - 34,135,Cruzeiro,https://media.api-sports.io/football/teams/135.png,True,126,Sao Paulo,https://media.api-sports.io/football/teams/126.png,False,2,1,1,1,2,1,,,,
190404,"Marcelo Aparecido Ribeiro de Souza, Brazil",UTC,2015-11-08T19:00:00+00:00,1447009200,1447009200,1447012800,,Orlando Scarpelli,Florianopolis,Match Finished,FT,90,71,Serie A,Brazil,https://media.api-sports.io/football/leagues/71.png,https://media.api-sports.io/flags/br.svg,2015,Regular Season - 34,137,Figueirense,https://media.api-sports.io/football/teams/137.png,False,1062,Atletico-MG,https://media.api-sports.io/football/teams/1062.png,True,0,1,0,0,0,1,,,,
190405,"Reway Wagner, Brazil",UTC,2015-11-08T20:00:00+00:00,1447012800,1447012800,1447016400,,Arena Joinville,Joinville,Match Finished,FT,90,71,Serie A,Brazil,https://media.api-sports.io/football/leagues/71.png,https://media.api-sports.io/flags/br.svg,2015,Regular Season - 34,795,Joinville,https://media.api-sports.io/football/teams/795.png,,128,Santos,https://media.api-sports.io/football/teams/128.png,,0,0,0,0,0,0,,,,
190406,"Heber Roberto Lopes, Brazil",UTC,2015-11-08T21:30:00+00:00,1447018200,1447018200,1447021800,,Ilha do Retiro,Recife,Match Finished,FT,90,71,Serie A,Brazil,https://media.api-sports.io/football/leagues/71.png,https://media.api-sports.io/flags/br.svg,2015,Regular Season - 34,123,Sport Recife,https://media.api-sports.io/football/teams/123.png,True,130,Gremio,https://media.api-sports.io/football/teams/130.png,False,1,0,0,0,1,0,,,,
190407,"Marielson Alves Silva, Brazil",UTC,2015-11-15T19:00:00+00:00,1447614000,1447614000,1447617600,,Estádio Mineirão,Belo Horizonte,Match Finished,FT,90,71,Serie A,Brazil,https://media.api-sports.io/football/leagues/71.png,https://media.api-sports.io/flags/br.svg,2015,Regular Season - 35,135,Cruzeiro,https://media.api-sports.io/football/teams/135.png,True,123,Sport Recife,https://media.api-sports.io/football/teams/123.png,False,3,0,0,0,3,0,,,,
190408,"Ricardo Marques Ribeiro, Brazil",UTC,2015-11-18T21:30:00+00:00,1447882200,1447882200,1447885800,,Serra Dourada,Goiania,Match Finished,FT,90,71,Serie A,Brazil,https://media.api-sports.io/football/leagues/71.png,https://media.api-sports.io/flags/br.svg,2015,Regular Season - 35,151,Goias,https://media.api-sports.io/football/teams/151.png,False,147,Coritiba,https://media.api-sports.io/football/teams/147.png,True,1,3,0,2,1,3,,,,
190411,"Dewson Fernando Freitas da Silva, Brazil",UTC,2015-11-18T23:00:00+00:00,1447887600,1447887600,1447891200,,Arena da Baixada,Curitiba,Match Finished,FT,90,71,Serie A,Brazil,https://media.api-sports.io/football/leagues/71.png,https://media.api-sports.io/flags/br.svg,2015,Regular Season - 35,134,Atletico Paranaense,https://media.api-sports.io/football/teams/134.png,,121,Palmeiras,https://media.api-sports.io/football/teams/121.png,,3,3,1,0,3,3,,,,
190409,"Francisco Carlos Do Nascimento, Brazil",UTC,2015-11-18T23:00:00+00:00,1447887600,1447887600,1447891200,,Moisés Lucarelli,Campinas,Match Finished,FT,90,71,Serie A,Brazil,https://media.api-sports.io/football/leagues/71.png,https://media.api-sports.io/flags/br.svg,2015,Regular Season - 35,139,Ponte Preta,https://media.api-sports.io/football/teams/139.png,False,137,Figueirense,https://media.api-sports.io/football/teams/137.png,True,0,1,0,1,0,1,,,,
190410,"Luiz Flavio De Oliveira, Brazil",UTC,2015-11-18T23:00:00+00:00,1447887600,1447887600,1447891200,,Estádio da Ressacada,Florianopolis,Match Finished,FT,90,71,Serie A,Brazil,https://media.api-sports.io/football/leagues/71.png,https://media.api-sports.io/flags/br.svg,2015,Regular Season - 35,145,Avai,https://media.api-sports.io/football/teams/145.png,True,795,Joinville,https://media.api-sports.io/football/teams/795.png,False,2,1,1,1,2,1,,,,
190412,"Reway Wagner, Brazil",UTC,2015-11-19T21:30:00+00:00,1447968600,1447968600,1447972200,,Arena do Grêmio,Porto Alegre,Match Finished,FT,90,71,Serie A,Brazil,https://media.api-sports.io/football/leagues/71.png,https://media.api-sports.io/flags/br.svg,2015,Regular Season - 35,130,Gremio,https://media.api-sports.io/football/teams/130.png,True,124,Fluminense,https://media.api-sports.io/football/teams/124.png,False,1,0,0,0,1,0,,,,
190413,"Marcelo De Lima Henrique, Brazil",UTC,2015-11-19T22:00:00+00:00,1447970400,1447970400,1447974000,,Arena Condá,Chapeco,Match Finished,FT,90,71,Serie A,Brazil,https://media.api-sports.io/football/leagues/71.png,https://media.api-sports.io/flags/br.svg,2015,Regular Season - 35,132,Chapecoense-sc,https://media.api-sports.io/football/teams/132.png,True,119,Internacional,https://media.api-sports.io/football/teams/119.png,False,1,0,0,0,1,0,,,,
190414,Leandro Pedro Vuaden,UTC,2015-11-20T00:00:00+00:00,1447977600,1447977600,1447981200,,Morumbi,Sao Paulo,Match Finished,FT,90,71,Serie A,Brazil,https://media.api-sports.io/football/leagues/71.png,https://media.api-sports.io/flags/br.svg,2015,Regular Season - 35,126,Sao Paulo,https://media.api-sports.io/football/teams/126.png,True,1062,Atletico-MG,https://media.api-sports.io/football/teams/1062.png,False,4,2,0,0,4,2,,,,
190415,"Heber Roberto Lopes, Brazil",UTC,2015-11-20T00:00:00+00:00,1447977600,1447977600,1447981200,,Urbano Caldeira,Santos,Match Finished,FT,90,71,Serie A,Brazil,https://media.api-sports.io/football/leagues/71.png,https://media.api-sports.io/flags/br.svg,2015,Regular Season - 35,128,Santos,https://media.api-sports.io/football/teams/128.png,,127,Flamengo,https://media.api-sports.io/football/teams/127.png,,0,0,0,0,0,0,,,,
190416,"Anderson Daronco, Brazil",UTC,2015-11-20T00:00:00+00:00,1447977600,1447977600,1447981200,,São Januário,Rio de Janeiro,Match Finished,FT,90,71,Serie A,Brazil,https://media.api-sports.io/football/leagues/71.png,https://media.api-sports.io/flags/br.svg,2015,Regular Season - 35,133,Vasco DA Gama,https://media.api-sports.io/football/teams/133.png,,131,Corinthians,https://media.api-sports.io/football/teams/131.png,,1,1,0,0,1,1,,,,
190417,"Elmo Alves Resende Cunha, Brazil",UTC,2015-11-21T21:30:00+00:00,1448141400,1448141400,1448145000,,Allianz Parque,Sao Paulo,Match Finished,FT,90,71,Serie A,Brazil,https://media.api-sports.io/football/leagues/71.png,https://media.api-sports.io/flags/br.svg,2015,Regular Season - 36,121,Palmeiras,https://media.api-sports.io/football/teams/121.png,,135,Cruzeiro,https://media.api-sports.io/football/teams/135.png,,1,1,0,1,1,1,,,,
190419,"Ricardo Marques Ribeiro, Brazil",UTC,2015-11-22T19:00:00+00:00,1448218800,1448218800,1448222400,,Estádio Beira Rio,Porto Alegre,Match Finished,FT,90,71,Serie A,Brazil,https://media.api-sports.io/football/leagues/71.png,https://media.api-sports.io/flags/br.svg,2015,Regular Season - 36,119,Internacional,https://media.api-sports.io/football/teams/119.png,True,130,Gremio,https://media.api-sports.io/football/teams/130.png,False,1,0,0,0,1,0,,,,
190418,"Pericles Bassols Pegado Cortez, Brazil",UTC,2015-11-22T19:00:00+00:00,1448218800,1448218800,1448222400,,Arena Corinthians,Sao Paulo,Match Finished,FT,90,71,Serie A,Brazil,https://media.api-sports.io/football/leagues/71.png,https://media.api-sports.io/flags/br.svg,2015,Regular Season - 36,131,Corinthians,https://media.api-sports.io/football/teams/131.png,True,126,Sao Paulo,https://media.api-sports.io/football/teams/126.png,False,6,1,3,0,6,1,,,,
190421,"Anderson Daronco, Brazil",UTC,2015-11-22T19:00:00+00:00,1448218800,1448218800,1448222400,,Orlando Scarpelli,Florianopolis,Match Finished,FT,90,71,Serie A,Brazil,https://media.api-sports.io/football/leagues/71.png,https://media.api-sports.io/flags/br.svg,2015,Regular Season - 36,137,Figueirense,https://media.api-sports.io/football/teams/137.png,,132,Chapecoense-sc,https://media.api-sports.io/football/teams/132.png,,0,0,0,0,0,0,,,,
190422,"Marcelo Aparecido Ribeiro de Souza, Brazil",UTC,2015-11-22T19:00:00+00:00,1448218800,1448218800,1448222400,,Arena Joinville,Joinville,Match Finished,FT,90,71,Serie A,Brazil,https://media.api-sports.io/football/leagues/71.png,https://media.api-sports.io/flags/br.svg,2015,Regular Season - 36,795,Joinville,https://media.api-sports.io/football/teams/795.png,False,133,Vasco DA Gama,https://media.api-sports.io/football/teams/133.png,True,1,2,0,2,1,2,,,,
190420,"Nielson Nogueira Dias, Brazil",UTC,2015-11-22T19:00:00+00:00,1448218800,1448218800,1448222400,,Arena Independência,Belo Horizonte,Match Finished,FT,90,71,Serie A,Brazil,https://media.api-sports.io/football/leagues/71.png,https://media.api-sports.io/flags/br.svg,2015,Regular Season - 36,1062,Atletico-MG,https://media.api-sports.io/football/teams/1062.png,,151,Goias,https://media.api-sports.io/football/teams/151.png,,2,2,1,1,2,2,,,,
190423,"Dewson Fernando Freitas da Silva, Brazil",UTC,2015-11-22T20:00:00+00:00,1448222400,1448222400,1448226000,,Estadio Nacional Mane Garrincha,Brasilia,Match Finished,FT,90,71,Serie A,Brazil,https://media.api-sports.io/football/leagues/71.png,https://media.api-sports.io/flags/br.svg,2015,Regular Season - 36,127,Flamengo,https://media.api-sports.io/football/teams/127.png,,139,Ponte Preta,https://media.api-sports.io/football/teams/139.png,,1,1,0,0,1,1,,,,
190426,"Andre Luiz de Freitas Castro, Brazil",UTC,2015-11-22T21:30:00+00:00,1448227800,1448227800,1448231400,,Ilha do Retiro,Recife,Match Finished,FT,90,71,Serie A,Brazil,https://media.api-sports.io/football/leagues/71.png,https://media.api-sports.io/flags/br.svg,2015,Regular Season - 36,123,Sport Recife,https://media.api-sports.io/football/teams/123.png,,134,Atletico Paranaense,https://media.api-sports.io/football/teams/134.png,,0,0,0,0,0,0,,,,
190424,"Flavio Rodrigues Guerra, Brazil",UTC,2015-11-22T21:30:00+00:00,1448227800,1448227800,1448231400,,Estadio Kleber Andrade,Cariacica,Match Finished,FT,90,71,Serie A,Brazil,https://media.api-sports.io/football/leagues/71.png,https://media.api-sports.io/flags/br.svg,2015,Regular Season - 36,124,Fluminense,https://media.api-sports.io/football/teams/124.png,True,145,Avai,https://media.api-sports.io/football/teams/145.png,False,3,1,1,0,3,1,,,,
190425,"Marielson Alves Silva, Brazil",UTC,2015-11-22T21:30:00+00:00,1448227800,1448227800,1448231400,,Estádio Couto Pereira,Curitiba,Match Finished,FT,90,71,Serie A,Brazil,https://media.api-sports.io/football/leagues/71.png,https://media.api-sports.io/flags/br.svg,2015,Regular Season - 36,147,Coritiba,https://media.api-sports.io/football/teams/147.png,True,128,Santos,https://media.api-sports.io/football/teams/128.png,False,1,0,0,0,1,0,,,,
190427,"Reway Wagner, Brazil",UTC,2015-11-28T19:00:00+00:00,1448737200,1448737200,1448740800,,Morumbi,Sao Paulo,Match Finished,FT,90,71,Serie A,Brazil,https://media.api-sports.io/football/leagues/71.png,https://media.api-sports.io/flags/br.svg,2015,Regular Season - 37,126,Sao Paulo,https://media.api-sports.io/football/teams/126.png,True,137,Figueirense,https://media.api-sports.io/football/teams/137.png,False,3,2,1,1,3,2,,,,
190428,"Marielson Alves Silva, Brazil",UTC,2015-11-28T21:30:00+00:00,1448746200,1448746200,1448749800,,Estádio do Maracanã,Rio de Janeiro,Match Finished,FT,90,71,Serie A,Brazil,https://media.api-sports.io/football/leagues/71.png,https://media.api-sports.io/flags/br.svg,2015,Regular Season - 37,124,Fluminense,https://media.api-sports.io/football/teams/124.png,,119,Internacional,https://media.api-sports.io/football/teams/119.png,,1,1,0,1,1,1,,,,
190429,"Anderson Daronco, Brazil",UTC,2015-11-28T23:00:00+00:00,1448751600,1448751600,1448755200,,Estádio da Ressacada,Florianopolis,Match Finished,FT,90,71,Serie A,Brazil,https://media.api-sports.io/football/leagues/71.png,https://media.api-sports.io/flags/br.svg,2015,Regular Season - 37,145,Avai,https://media.api-sports.io/football/teams/145.png,True,139,Ponte Preta,https://media.api-sports.io/football/teams/139.png,False,1,0,0,0,1,0,,,,
190432,"Ricardo Marques Ribeiro, Brazil",UTC,2015-11-29T19:00:00+00:00,1448823600,1448823600,1448827200,,Arena De Pernambuco,Sao Lourenco da Mata,Match Finished,FT,90,71,Serie A,Brazil,https://media.api-sports.io/football/leagues/71.png,https://media.api-sports.io/flags/br.svg,2015,Regular Season - 37,123,Sport Recife,https://media.api-sports.io/football/teams/123.png,True,131,Corinthians,https://media.api-sports.io/football/teams/131.png,False,2,0,1,0,2,0,,,,
190430,"Pericles Bassols Pegado Cortez, Brazil",UTC,2015-11-29T19:00:00+00:00,1448823600,1448823600,1448827200,,Arena do Grêmio,Porto Alegre,Match Finished,FT,90,71,Serie A,Brazil,https://media.api-sports.io/football/leagues/71.png,https://media.api-sports.io/flags/br.svg,2015,Regular Season - 37,130,Gremio,https://media.api-sports.io/football/teams/130.png,True,1062,Atletico-MG,https://media.api-sports.io/football/teams/1062.png,False,2,1,1,1,2,1,,,,
190431,"Rodolpho Toski Marques, Brazil",UTC,2015-11-29T19:00:00+00:00,1448823600,1448823600,1448827200,,Estádio Mineirão,Belo Horizonte,Match Finished,FT,90,71,Serie A,Brazil,https://media.api-sports.io/football/leagues/71.png,https://media.api-sports.io/flags/br.svg,2015,Regular Season - 37,135,Cruzeiro,https://media.api-sports.io/football/teams/135.png,True,795,Joinville,https://media.api-sports.io/football/teams/795.png,False,3,0,2,0,3,0,,,,
190433,"Igor Junio Benevenuto, Brazil",UTC,2015-11-29T20:00:00+00:00,1448827200,1448827200,1448830800,,Allianz Parque,Sao Paulo,Match Finished,FT,90,71,Serie A,Brazil,https://media.api-sports.io/football/leagues/71.png,https://media.api-sports.io/flags/br.svg,2015,Regular Season - 37,121,Palmeiras,https://media.api-sports.io/football/teams/121.png,False,147,Coritiba,https://media.api-sports.io/football/teams/147.png,True,0,2,0,1,0,2,,,,
190435,"Flavio Rodrigues De Souza, Brazil",UTC,2015-11-29T20:00:00+00:00,1448827200,1448827200,1448830800,,Arena Condá,Chapeco,Match Finished,FT,90,71,Serie A,Brazil,https://media.api-sports.io/football/leagues/71.png,https://media.api-sports.io/flags/br.svg,2015,Regular Season - 37,132,Chapecoense-sc,https://media.api-sports.io/football/teams/132.png,False,151,Goias,https://media.api-sports.io/football/teams/151.png,True,1,3,0,2,1,3,,,,
190434,Leandro Pedro Vuaden,UTC,2015-11-29T20:00:00+00:00,1448827200,1448827200,1448830800,,São Januário,Rio de Janeiro,Match Finished,FT,90,71,Serie A,Brazil,https://media.api-sports.io/football/leagues/71.png,https://media.api-sports.io/flags/br.svg,2015,Regular Season - 37,133,Vasco DA Gama,https://media.api-sports.io/football/teams/133.png,True,128,Santos,https://media.api-sports.io/football/teams/128.png,False,1,0,1,0,1,0,,,,
190436,"Marcelo Aparecido Ribeiro de Souza, Brazil",UTC,2015-11-29T21:30:00+00:00,1448832600,1448832600,1448836200,,Arena da Baixada,Curitiba,Match Finished,FT,90,71,Serie A,Brazil,https://media.api-sports.io/football/leagues/71.png,https://media.api-sports.io/flags/br.svg,2015,Regular Season - 37,134,Atletico Paranaense,https://media.api-sports.io/football/teams/134.png,True,127,Flamengo,https://media.api-sports.io/football/teams/127.png,False,3,0,2,0,3,0,,,,
190441,"Andre Luiz de Freitas Castro, Brazil",UTC,2015-12-06T19:00:00+00:00,1449428400,1449428400,1449432000,,Estádio Beira Rio,Porto Alegre,Match Finished,FT,90,71,Serie A,Brazil,https://media.api-sports.io/football/leagues/71.png,https://media.api-sports.io/flags/br.svg,2015,Regular Season - 38,119,Internacional,https://media.api-sports.io/football/teams/119.png,True,135,Cruzeiro,https://media.api-sports.io/football/teams/135.png,False,2,0,1,0,2,0,,,,
190440,"Reway Wagner, Brazil",UTC,2015-12-06T19:00:00+00:00,1449428400,1449428400,1449432000,,Estádio do Maracanã,Rio de Janeiro,Match Finished,FT,90,71,Serie A,Brazil,https://media.api-sports.io/football/leagues/71.png,https://media.api-sports.io/flags/br.svg,2015,Regular Season - 38,127,Flamengo,https://media.api-sports.io/football/teams/127.png,False,121,Palmeiras,https://media.api-sports.io/football/teams/121.png,True,1,2,0,0,1,2,,,,
190438,"Marcelo De Lima Henrique, Brazil",UTC,2015-12-06T19:00:00+00:00,1449428400,1449428400,1449432000,,Urbano Caldeira,Santos,Match Finished,FT,90,71,Serie A,Brazil,https://media.api-sports.io/football/leagues/71.png,https://media.api-sports.io/flags/br.svg,2015,Regular Season - 38,128,Santos,https://media.api-sports.io/football/teams/128.png,True,134,Atletico Paranaense,https://media.api-sports.io/football/teams/134.png,False,5,1,2,1,5,1,,,,
190437,Leandro Pedro Vuaden,UTC,2015-12-06T19:00:00+00:00,1449428400,1449428400,1449432000,,Arena Corinthians,Sao Paulo,Match Finished,FT,90,71,Serie A,Brazil,https://media.api-sports.io/football/leagues/71.png,https://media.api-sports.io/flags/br.svg,2015,Regular Season - 38,131,Corinthians,https://media.api-sports.io/football/teams/131.png,,145,Avai,https://media.api-sports.io/football/teams/145.png,,1,1,0,0,1,1,,,,
190443,"Dewson Fernando Freitas da Silva, Brazil",UTC,2015-12-06T19:00:00+00:00,1449428400,1449428400,1449432000,,Orlando Scarpelli,Florianopolis,Match Finished,FT,90,71,Serie A,Brazil,https://media.api-sports.io/football/leagues/71.png,https://media.api-sports.io/flags/br.svg,2015,Regular Season - 38,137,Figueirense,https://media.api-sports.io/football/teams/137.png,True,124,Fluminense,https://media.api-sports.io/football/teams/124.png,False,1,0,0,0,1,0,,,,
190439,"Pericles Bassols Pegado Cortez, Brazil",UTC,2015-12-06T19:00:00+00:00,1449428400,1449428400,1449432000,,Moisés Lucarelli,Campinas,Match Finished,FT,90,71,Serie A,Brazil,https://media.api-sports.io/football/leagues/71.png,https://media.api-sports.io/flags/br.svg,2015,Regular Season - 38,139,Ponte Preta,https://media.api-sports.io/football/teams/139.png,False,123,Sport Recife,https://media.api-sports.io/football/teams/123.png,True,0,1,0,0,0,1,,,,
190444,"Anderson Daronco, Brazil",UTC,2015-12-06T19:00:00+00:00,1449428400,1449428400,1449432000,,Estádio Couto Pereira,Curitiba,Match Finished,FT,90,71,Serie A,Brazil,https://media.api-sports.io/football/leagues/71.png,https://media.api-sports.io/flags/br.svg,2015,Regular Season - 38,147,Coritiba,https://media.api-sports.io/football/teams/147.png,,133,Vasco DA Gama,https://media.api-sports.io/football/teams/133.png,,0,0,0,0,0,0,,,,
190445,"Ricardo Marques Ribeiro, Brazil",UTC,2015-12-06T19:00:00+00:00,1449428400,1449428400,1449432000,,Serra Dourada,Goiania,Match Finished,FT,90,71,Serie A,Brazil,https://media.api-sports.io/football/leagues/71.png,https://media.api-sports.io/flags/br.svg,2015,Regular Season - 38,151,Goias,https://media.api-sports.io/football/teams/151.png,False,126,Sao Paulo,https://media.api-sports.io/football/teams/126.png,True,0,1,0,0,0,1,,,,
190446,"Raphael Claus, Brazil",UTC,2015-12-06T19:00:00+00:00,1449428400,1449428400,1449432000,,Arena Joinville,Joinville,Match Finished,FT,90,71,Serie A,Brazil,https://media.api-sports.io/football/leagues/71.png,https://media.api-sports.io/flags/br.svg,2015,Regular Season - 38,795,Joinville,https://media.api-sports.io/football/teams/795.png,False,130,Gremio,https://media.api-sports.io/football/teams/130.png,True,0,2,0,1,0,2,,,,
190442,"Wilton Pereira Sampaio, Brazil",UTC,2015-12-06T19:00:00+00:00,1449428400,1449428400,1449432000,,Arena Independência,Belo Horizonte,Match Finished,FT,90,71,Serie A,Brazil,https://media.api-sports.io/football/leagues/71.png,https://media.api-sports.io/flags/br.svg,2015,Regular Season - 38,1062,Atletico-MG,https://media.api-sports.io/football/teams/1062.png,True,132,Chapecoense-sc,https://media.api-sports.io/football/teams/132.png,False,3,0,1,0,3,0,,,,
