fixture_id,fixture_referee,fixture_timezone,fixture_date,fixture_timestamp,fixture_periods_first,fixture_periods_second,fixture_venue_id,fixture_venue_name,fixture_venue_city,fixture_status_long,fixture_status_short,fixture_status_elapsed,league_id,league_name,league_country,league_logo,league_flag,league_season,league_round,teams_home_id,teams_home_name,teams_home_logo,teams_home_winner,teams_away_id,teams_away_name,teams_away_logo,teams_away_winner,goals_home,goals_away,score_halftime_home,score_halftime_away,score_fulltime_home,score_fulltime_away,score_extratime_home,score_extratime_away,score_penalty_home,score_penalty_away
327992,"Bruno Arleu de Araujo, Brazil",UTC,2020-08-08T22:30:00+00:00,1596925800,1596925800,1596929400,230.0,Estádio Major Antônio Couto Pereira,"Curitiba, Paraná",Match Finished,FT,90,71,Serie A,Brazil,https://media.api-sports.io/football/leagues/71.png,https://media.api-sports.io/flags/br.svg,2020,Regular Season - 1,147,Coritiba,https://media.api-sports.io/football/teams/147.png,False,119,Internacional,https://media.api-sports.io/football/teams/119.png,True,0,1,0,0,0,1,,,,
327991,"Edina Alves Batista, Brazil",UTC,2020-08-09T00:00:00+00:00,1596931200,1596931200,1596934800,276.0,Estádio Adelmar da Costa Carvalho,"Recife, Pernambuco",Match Finished,FT,90,71,Serie A,Brazil,https://media.api-sports.io/football/leagues/71.png,https://media.api-sports.io/flags/br.svg,2020,Regular Season - 1,123,Sport Recife,https://media.api-sports.io/football/teams/123.png,True,129,Ceara,https://media.api-sports.io/football/teams/129.png,False,3,2,3,1,3,2,,,,
327993,"Braulio Da Silva Machado, Brazil",UTC,2020-08-09T00:00:00+00:00,1596931200,1596931200,1596934800,225.0,Estádio Governador Plácido Aderaldo Castelo,"Fortaleza, Ceará",Match Finished,FT,90,71,Serie A,Brazil,https://media.api-sports.io/football/leagues/71.png,https://media.api-sports.io/flags/br.svg,2020,Regular Season - 1,154,Fortaleza EC,https://media.api-sports.io/football/teams/154.png,False,134,Atletico Paranaense,https://media.api-sports.io/football/teams/134.png,True,0,2,0,2,0,2,,,,
327985,"Raphael Claus, Brazil",UTC,2020-08-09T19:00:00+00:00,1596999600,1596999600,1597003200,,Estadio do Maracanã,Rio de Janeiro,Match Finished,FT,90,71,Serie A,Brazil,https://media.api-sports.io/football/leagues/71.png,https://media.api-sports.io/flags/br.svg,2020,Regular Season - 1,127,Flamengo,https://media.api-sports.io/football/teams/127.png,False,1062,Atletico-MG,https://media.api-sports.io/football/teams/1062.png,True,0,1,0,1,0,1,,,,
327988,"Ricardo Marques Ribeiro, Brazil",UTC,2020-08-09T19:00:00+00:00,1596999600,1596999600,1597003200,10494.0,Estádio Urbano Caldeira,"Santos, São Paulo",Match Finished,FT,90,71,Serie A,Brazil,https://media.api-sports.io/football/leagues/71.png,https://media.api-sports.io/flags/br.svg,2020,Regular Season - 1,128,Santos,https://media.api-sports.io/football/teams/128.png,,794,RB Bragantino,https://media.api-sports.io/football/teams/794.png,,1,1,0,0,1,1,,,,
327990,"Wilton Pereira Sampaio, Brazil",UTC,2020-08-10T00:00:00+00:00,1597017600,1597017600,1597021200,241.0,Arena do Grêmio,"Porto Alegre, Rio Grande do Sul",Match Finished,FT,90,71,Serie A,Brazil,https://media.api-sports.io/football/leagues/71.png,https://media.api-sports.io/flags/br.svg,2020,Regular Season - 1,130,Gremio,https://media.api-sports.io/football/teams/130.png,True,124,Fluminense,https://media.api-sports.io/football/teams/124.png,False,1,0,1,0,1,0,,,,
328002,"Diego Pombo Lopez, Brazil",UTC,2020-08-12T22:15:00+00:00,1597270500,1597270500,1597274100,10493.0,Arena da Baixada,"Curitiba, Paraná",Match Finished,FT,90,71,Serie A,Brazil,https://media.api-sports.io/football/leagues/71.png,https://media.api-sports.io/flags/br.svg,2020,Regular Season - 2,134,Atletico Paranaense,https://media.api-sports.io/football/teams/134.png,True,151,Goias,https://media.api-sports.io/football/teams/151.png,False,2,1,1,1,2,1,,,,
327998,"Andre Luiz de Freitas Castro, Brazil",UTC,2020-08-12T22:15:00+00:00,1597270500,1597270500,1597274100,220.0,Estádio Nabi Abi Chedid,"Bragança Paulista, São Paulo",Match Finished,FT,90,71,Serie A,Brazil,https://media.api-sports.io/football/leagues/71.png,https://media.api-sports.io/flags/br.svg,2020,Regular Season - 2,794,RB Bragantino,https://media.api-sports.io/football/teams/794.png,,120,Botafogo,https://media.api-sports.io/football/teams/120.png,,1,1,1,0,1,1,,,,
327999,"Wagner do Nascimento Magalhaes, Brazil",UTC,2020-08-12T22:15:00+00:00,1597270500,1597270500,1597274100,234.0,Estádio Governador Magalhães Pinto,"Belo Horizonte, Minas Gerais",Match Finished,FT,90,71,Serie A,Brazil,https://media.api-sports.io/football/leagues/71.png,https://media.api-sports.io/flags/br.svg,2020,Regular Season - 2,1062,Atletico-MG,https://media.api-sports.io/football/teams/1062.png,True,131,Corinthians,https://media.api-sports.io/football/teams/131.png,False,3,2,0,2,3,2,,,,
328001,"Flavio Rodrigues De Souza, Brazil",UTC,2020-08-12T23:30:00+00:00,1597275000,1597275000,1597278600,11287.0,Estádio Governador Roberto Santos,"Salvador de Bahia, Bahia",Match Finished,FT,90,71,Serie A,Brazil,https://media.api-sports.io/football/leagues/71.png,https://media.api-sports.io/flags/br.svg,2020,Regular Season - 2,118,Bahia,https://media.api-sports.io/football/teams/118.png,True,147,Coritiba,https://media.api-sports.io/football/teams/147.png,False,1,0,1,0,1,0,,,,
328004,"Luiz Flavio De Oliveira, Brazil",UTC,2020-08-12T23:30:00+00:00,1597275000,1597275000,1597278600,7311.0,Estádio Olímpico Pedro Ludovico Teixeira,"Goiânia, Goiás",Match Finished,FT,90,71,Serie A,Brazil,https://media.api-sports.io/football/leagues/71.png,https://media.api-sports.io/flags/br.svg,2020,Regular Season - 2,144,Atletico Goianiense,https://media.api-sports.io/football/teams/144.png,True,127,Flamengo,https://media.api-sports.io/football/teams/127.png,False,3,0,2,0,3,0,,,,
327995,"Rafael Traci, Brazil",UTC,2020-08-13T00:30:00+00:00,1597278600,1597278600,1597282200,,Estadio do Maracanã,Rio de Janeiro,Match Finished,FT,90,71,Serie A,Brazil,https://media.api-sports.io/football/leagues/71.png,https://media.api-sports.io/flags/br.svg,2020,Regular Season - 2,124,Fluminense,https://media.api-sports.io/football/teams/124.png,,121,Palmeiras,https://media.api-sports.io/football/teams/121.png,,1,1,1,1,1,1,,,,
328003,"Dewson Fernando Freitas da Silva, Brazil",UTC,2020-08-13T00:30:00+00:00,1597278600,1597278600,1597282200,225.0,Estádio Governador Plácido Aderaldo Castelo,"Fortaleza, Ceará",Match Finished,FT,90,71,Serie A,Brazil,https://media.api-sports.io/football/leagues/71.png,https://media.api-sports.io/flags/br.svg,2020,Regular Season - 2,129,Ceara,https://media.api-sports.io/football/teams/129.png,,130,Gremio,https://media.api-sports.io/football/teams/130.png,,1,1,1,0,1,1,,,,
327997,"Leandro Pedro Vuaden, Brazil",UTC,2020-08-13T22:15:00+00:00,1597356900,1597356900,1597360500,,Morumbí,Sao Paulo,Match Finished,FT,90,71,Serie A,Brazil,https://media.api-sports.io/football/leagues/71.png,https://media.api-sports.io/flags/br.svg,2020,Regular Season - 2,126,Sao Paulo,https://media.api-sports.io/football/teams/126.png,True,154,Fortaleza EC,https://media.api-sports.io/football/teams/154.png,False,1,0,1,0,1,0,,,,
328000,"Marcelo De Lima Henrique, Brazil",UTC,2020-08-13T22:30:00+00:00,1597357800,1597357800,1597361400,244.0,Estádio José Pinheiro Borda,"Porto Alegre, Rio Grande do Sul",Match Finished,FT,90,71,Serie A,Brazil,https://media.api-sports.io/football/leagues/71.png,https://media.api-sports.io/flags/br.svg,2020,Regular Season - 2,119,Internacional,https://media.api-sports.io/football/teams/119.png,True,128,Santos,https://media.api-sports.io/football/teams/128.png,False,2,0,0,0,2,0,,,,
327996,"Rodolpho Toski Marques, Brazil",UTC,2020-08-13T23:00:00+00:00,1597359600,1597359600,1597363200,279.0,Estádio Club de Regatas Vasco da Gama,"Rio de Janeiro, Rio de Janeiro",Match Finished,FT,90,71,Serie A,Brazil,https://media.api-sports.io/football/leagues/71.png,https://media.api-sports.io/flags/br.svg,2020,Regular Season - 2,133,Vasco DA Gama,https://media.api-sports.io/football/teams/133.png,True,123,Sport Recife,https://media.api-sports.io/football/teams/123.png,False,2,0,2,0,2,0,,,,
328012,"Rodrigo D'alonso Ferreira, Brazil",UTC,2020-08-15T22:30:00+00:00,1597530600,1597530600,1597534200,230.0,Estádio Major Antônio Couto Pereira,"Curitiba, Paraná",Match Finished,FT,90,71,Serie A,Brazil,https://media.api-sports.io/football/leagues/71.png,https://media.api-sports.io/flags/br.svg,2020,Regular Season - 3,147,Coritiba,https://media.api-sports.io/football/teams/147.png,False,127,Flamengo,https://media.api-sports.io/football/teams/127.png,True,0,1,0,1,0,1,,,,
328010,"Bruno Arleu de Araujo, Brazil",UTC,2020-08-16T00:00:00+00:00,1597536000,1597536000,1597539600,241.0,Arena do Grêmio,"Porto Alegre, Rio Grande do Sul",Match Finished,FT,90,71,Serie A,Brazil,https://media.api-sports.io/football/leagues/71.png,https://media.api-sports.io/flags/br.svg,2020,Regular Season - 3,130,Gremio,https://media.api-sports.io/football/teams/130.png,,131,Corinthians,https://media.api-sports.io/football/teams/131.png,,0,0,0,0,0,0,,,,
328007,"Paulo Roberto Alves Junior, Brazil",UTC,2020-08-16T00:30:00+00:00,1597537800,1597537800,1597541400,258.0,Allianz Parque,"São Paulo, São Paulo",Match Finished,FT,90,71,Serie A,Brazil,https://media.api-sports.io/football/leagues/71.png,https://media.api-sports.io/flags/br.svg,2020,Regular Season - 3,121,Palmeiras,https://media.api-sports.io/football/teams/121.png,,151,Goias,https://media.api-sports.io/football/teams/151.png,,1,1,1,1,1,1,,,,
328009,"Savio Pereira Sampaio, Brazil",UTC,2020-08-16T14:00:00+00:00,1597586400,1597586400,1597590000,234.0,Estádio Governador Magalhães Pinto,"Belo Horizonte, Minas Gerais",Match Finished,FT,90,71,Serie A,Brazil,https://media.api-sports.io/football/leagues/71.png,https://media.api-sports.io/flags/br.svg,2020,Regular Season - 3,1062,Atletico-MG,https://media.api-sports.io/football/teams/1062.png,True,129,Ceara,https://media.api-sports.io/football/teams/129.png,False,2,0,0,0,2,0,,,,
328011,"Felipe Fernandes de Lima, Brazil",UTC,2020-08-16T19:00:00+00:00,1597604400,1597604400,1597608000,11287.0,Estádio Governador Roberto Santos,"Salvador de Bahia, Bahia",Match Finished,FT,90,71,Serie A,Brazil,https://media.api-sports.io/football/leagues/71.png,https://media.api-sports.io/flags/br.svg,2020,Regular Season - 3,118,Bahia,https://media.api-sports.io/football/teams/118.png,True,794,RB Bragantino,https://media.api-sports.io/football/teams/794.png,False,2,1,1,0,2,1,,,,
328006,"Wilton Pereira Sampaio, Brazil",UTC,2020-08-16T19:00:00+00:00,1597604400,1597604400,1597608000,279.0,Estádio Club de Regatas Vasco da Gama,"Rio de Janeiro, Rio de Janeiro",Match Finished,FT,90,71,Serie A,Brazil,https://media.api-sports.io/football/leagues/71.png,https://media.api-sports.io/flags/br.svg,2020,Regular Season - 3,133,Vasco DA Gama,https://media.api-sports.io/football/teams/133.png,True,126,Sao Paulo,https://media.api-sports.io/football/teams/126.png,False,2,1,0,0,2,1,,,,
328005,"Raphael Claus, Brazil",UTC,2020-08-16T21:00:00+00:00,1597611600,1597611600,1597615200,,Estadio do Maracanã,Rio de Janeiro,Match Finished,FT,90,71,Serie A,Brazil,https://media.api-sports.io/football/leagues/71.png,https://media.api-sports.io/flags/br.svg,2020,Regular Season - 3,124,Fluminense,https://media.api-sports.io/football/teams/124.png,True,119,Internacional,https://media.api-sports.io/football/teams/119.png,False,2,1,1,1,2,1,,,,
328013,"Marielson Alves Silva, Brazil",UTC,2020-08-16T22:30:00+00:00,1597617000,1597617000,1597620600,225.0,Estádio Governador Plácido Aderaldo Castelo,"Fortaleza, Ceará",Match Finished,FT,90,71,Serie A,Brazil,https://media.api-sports.io/football/leagues/71.png,https://media.api-sports.io/flags/br.svg,2020,Regular Season - 3,154,Fortaleza EC,https://media.api-sports.io/football/teams/154.png,,120,Botafogo,https://media.api-sports.io/football/teams/120.png,,0,0,0,0,0,0,,,,
328008,"Anderson Daronco, Brazil",UTC,2020-08-16T22:45:00+00:00,1597617900,1597617900,1597621500,10494.0,Estádio Urbano Caldeira,"Santos, São Paulo",Match Finished,FT,90,71,Serie A,Brazil,https://media.api-sports.io/football/leagues/71.png,https://media.api-sports.io/flags/br.svg,2020,Regular Season - 3,128,Santos,https://media.api-sports.io/football/teams/128.png,True,134,Atletico Paranaense,https://media.api-sports.io/football/teams/134.png,False,3,1,2,0,3,1,,,,
328014,"Grazianni Maciel Rocha, Brazil",UTC,2020-08-17T00:00:00+00:00,1597622400,1597622400,1597626000,7311.0,Estádio Olímpico Pedro Ludovico Teixeira,"Goiânia, Goiás",Match Finished,FT,90,71,Serie A,Brazil,https://media.api-sports.io/football/leagues/71.png,https://media.api-sports.io/flags/br.svg,2020,Regular Season - 3,144,Atletico Goianiense,https://media.api-sports.io/football/teams/144.png,,123,Sport Recife,https://media.api-sports.io/football/teams/123.png,,1,1,1,0,1,1,,,,
328015,"Rafael Traci, Brazil",UTC,2020-08-19T22:15:00+00:00,1597875300,1597875300,1597878900,,Estadio do Maracanã,Rio de Janeiro,Match Finished,FT,90,71,Serie A,Brazil,https://media.api-sports.io/football/leagues/71.png,https://media.api-sports.io/flags/br.svg,2020,Regular Season - 4,127,Flamengo,https://media.api-sports.io/football/teams/127.png,,130,Gremio,https://media.api-sports.io/football/teams/130.png,,1,1,0,1,1,1,,,,
328018,"Jean Pierre Goncalves Lima, Brazil",UTC,2020-08-19T22:15:00+00:00,1597875300,1597875300,1597878900,220.0,Estádio Nabi Abi Chedid,"Bragança Paulista, São Paulo",Match Finished,FT,90,71,Serie A,Brazil,https://media.api-sports.io/football/leagues/71.png,https://media.api-sports.io/flags/br.svg,2020,Regular Season - 4,794,RB Bragantino,https://media.api-sports.io/football/teams/794.png,True,124,Fluminense,https://media.api-sports.io/football/teams/124.png,False,2,1,1,1,2,1,,,,
328022,"Caio Max Augusto Vieira, Brazil",UTC,2020-08-19T22:30:00+00:00,1597876200,1597876200,1597879800,10493.0,Arena da Baixada,"Curitiba, Paraná",Match Finished,FT,90,71,Serie A,Brazil,https://media.api-sports.io/football/leagues/71.png,https://media.api-sports.io/flags/br.svg,2020,Regular Season - 4,134,Atletico Paranaense,https://media.api-sports.io/football/teams/134.png,False,121,Palmeiras,https://media.api-sports.io/football/teams/121.png,True,0,1,0,0,0,1,,,,
328020,"Reway Wagner, Brazil",UTC,2020-08-19T23:30:00+00:00,1597879800,1597879800,1597883400,244.0,Estádio José Pinheiro Borda,"Porto Alegre, Rio Grande do Sul",Match Finished,FT,90,71,Serie A,Brazil,https://media.api-sports.io/football/leagues/71.png,https://media.api-sports.io/flags/br.svg,2020,Regular Season - 4,119,Internacional,https://media.api-sports.io/football/teams/119.png,True,144,Atletico Goianiense,https://media.api-sports.io/football/teams/144.png,False,3,0,0,0,3,0,,,,
328024,"Dyorgines Jose Padovani de Andrade, Brazil",UTC,2020-08-19T23:30:00+00:00,1597879800,1597879800,1597883400,240.0,Estádio de Hailé Pinheiro,"Goiânia, Goiás",Match Finished,FT,90,71,Serie A,Brazil,https://media.api-sports.io/football/leagues/71.png,https://media.api-sports.io/flags/br.svg,2020,Regular Season - 4,151,Goias,https://media.api-sports.io/football/teams/151.png,False,154,Fortaleza EC,https://media.api-sports.io/football/teams/154.png,True,1,3,0,1,1,3,,,,
328016,Flavio Rodrigues De Souza,UTC,2020-08-20T00:30:00+00:00,1597883400,1597883400,1597887000,218.0,Estádio Nilton Santos,Rio de Janeiro,Match Finished,FT,90,71,Serie A,Brazil,https://media.api-sports.io/football/leagues/71.png,https://media.api-sports.io/flags/br.svg,2020,Regular Season - 4,120,Botafogo,https://media.api-sports.io/football/teams/120.png,True,1062,Atletico-MG,https://media.api-sports.io/football/teams/1062.png,False,2,1,1,0,2,1,,,,
328019,Braulio da Silva Machado,UTC,2020-08-20T00:30:00+00:00,1597883400,1597883400,1597887000,11531.0,Neo Química Arena,"São Paulo, São Paulo",Match Finished,FT,90,71,Serie A,Brazil,https://media.api-sports.io/football/leagues/71.png,https://media.api-sports.io/flags/br.svg,2020,Regular Season - 4,131,Corinthians,https://media.api-sports.io/football/teams/131.png,True,147,Coritiba,https://media.api-sports.io/football/teams/147.png,False,3,1,1,1,3,1,,,,
328021,"Jose Mendonca da Silva Junior, Brazil",UTC,2020-08-20T22:15:00+00:00,1597961700,1597961700,1597965300,276.0,Estádio Adelmar da Costa Carvalho,"Recife, Pernambuco",Match Finished,FT,90,71,Serie A,Brazil,https://media.api-sports.io/football/leagues/71.png,https://media.api-sports.io/flags/br.svg,2020,Regular Season - 4,123,Sport Recife,https://media.api-sports.io/football/teams/123.png,False,128,Santos,https://media.api-sports.io/football/teams/128.png,True,0,1,0,0,0,1,,,,
328017,"Rodrigo Carvalhaes de Miranda, Brazil",UTC,2020-08-20T23:00:00+00:00,1597964400,1597964400,1597968000,,Morumbí,Sao Paulo,Match Finished,FT,90,71,Serie A,Brazil,https://media.api-sports.io/football/leagues/71.png,https://media.api-sports.io/flags/br.svg,2020,Regular Season - 4,126,Sao Paulo,https://media.api-sports.io/football/teams/126.png,,118,Bahia,https://media.api-sports.io/football/teams/118.png,,1,1,0,1,1,1,,,,
328023,"Thiago Duarte Peixoto, Brazil",UTC,2020-08-20T23:00:00+00:00,1597964400,1597964400,1597968000,225.0,Estádio Governador Plácido Aderaldo Castelo,"Fortaleza, Ceará",Match Finished,FT,90,71,Serie A,Brazil,https://media.api-sports.io/football/leagues/71.png,https://media.api-sports.io/flags/br.svg,2020,Regular Season - 4,129,Ceara,https://media.api-sports.io/football/teams/129.png,False,133,Vasco DA Gama,https://media.api-sports.io/football/teams/133.png,True,0,3,0,0,0,3,,,,
328032,"Daniel Nobre Bins, Brazil",UTC,2020-08-22T19:00:00+00:00,1598122800,1598122800,1598126400,10493.0,Arena da Baixada,"Curitiba, Paraná",Match Finished,FT,90,71,Serie A,Brazil,https://media.api-sports.io/football/leagues/71.png,https://media.api-sports.io/flags/br.svg,2020,Regular Season - 5,134,Atletico Paranaense,https://media.api-sports.io/football/teams/134.png,False,124,Fluminense,https://media.api-sports.io/football/teams/124.png,True,0,1,0,1,0,1,,,,
328030,"Luiz Flavio De Oliveira, Brazil",UTC,2020-08-23T00:00:00+00:00,1598140800,1598140800,1598144400,244.0,Estádio José Pinheiro Borda,"Porto Alegre, Rio Grande do Sul",Match Finished,FT,90,71,Serie A,Brazil,https://media.api-sports.io/football/leagues/71.png,https://media.api-sports.io/flags/br.svg,2020,Regular Season - 5,119,Internacional,https://media.api-sports.io/football/teams/119.png,True,1062,Atletico-MG,https://media.api-sports.io/football/teams/1062.png,False,1,0,1,0,1,0,,,,
328034,Wilton Pereira Sampaio,UTC,2020-08-23T00:00:00+00:00,1598140800,1598140800,1598144400,240.0,Estádio de Hailé Pinheiro,"Goiânia, Goiás",Match Finished,FT,90,71,Serie A,Brazil,https://media.api-sports.io/football/leagues/71.png,https://media.api-sports.io/flags/br.svg,2020,Regular Season - 5,151,Goias,https://media.api-sports.io/football/teams/151.png,True,144,Atletico Goianiense,https://media.api-sports.io/football/teams/144.png,False,2,0,1,0,2,0,,,,
328025,"Leandro Pedro Vuaden, Brazil",UTC,2020-08-23T14:00:00+00:00,1598191200,1598191200,1598194800,,Estadio do Maracanã,Rio de Janeiro,Match Finished,FT,90,71,Serie A,Brazil,https://media.api-sports.io/football/leagues/71.png,https://media.api-sports.io/flags/br.svg,2020,Regular Season - 5,127,Flamengo,https://media.api-sports.io/football/teams/127.png,,120,Botafogo,https://media.api-sports.io/football/teams/120.png,,1,1,0,0,1,1,,,,
328027,"Vinicius Goncalves Dias Araujo, Brazil",UTC,2020-08-23T19:00:00+00:00,1598209200,1598209200,1598212800,,Morumbí,Sao Paulo,Match Finished,FT,90,71,Serie A,Brazil,https://media.api-sports.io/football/leagues/71.png,https://media.api-sports.io/flags/br.svg,2020,Regular Season - 5,121,Palmeiras,https://media.api-sports.io/football/teams/121.png,True,128,Santos,https://media.api-sports.io/football/teams/128.png,False,2,1,1,0,2,1,,,,
328026,"Savio Pereira Sampaio, Brazil",UTC,2020-08-23T19:00:00+00:00,1598209200,1598209200,1598212800,279.0,Estádio Club de Regatas Vasco da Gama,"Rio de Janeiro, Rio de Janeiro",Match Finished,FT,90,71,Serie A,Brazil,https://media.api-sports.io/football/leagues/71.png,https://media.api-sports.io/flags/br.svg,2020,Regular Season - 5,133,Vasco DA Gama,https://media.api-sports.io/football/teams/133.png,,130,Gremio,https://media.api-sports.io/football/teams/130.png,,0,0,0,0,0,0,,,,
328028,"Gilberto Rodrigues Castro Junior, Brazil",UTC,2020-08-23T19:00:00+00:00,1598209200,1598209200,1598212800,220.0,Estádio Nabi Abi Chedid,"Bragança Paulista, São Paulo",Match Finished,FT,90,71,Serie A,Brazil,https://media.api-sports.io/football/leagues/71.png,https://media.api-sports.io/flags/br.svg,2020,Regular Season - 5,794,RB Bragantino,https://media.api-sports.io/football/teams/794.png,False,147,Coritiba,https://media.api-sports.io/football/teams/147.png,True,1,2,1,1,1,2,,,,
328033,"Wagner do Nascimento Magalhaes, Brazil",UTC,2020-08-23T23:00:00+00:00,1598223600,1598223600,1598227200,225.0,Estádio Governador Plácido Aderaldo Castelo,"Fortaleza, Ceará",Match Finished,FT,90,71,Serie A,Brazil,https://media.api-sports.io/football/leagues/71.png,https://media.api-sports.io/flags/br.svg,2020,Regular Season - 5,129,Ceara,https://media.api-sports.io/football/teams/129.png,True,118,Bahia,https://media.api-sports.io/football/teams/118.png,False,2,0,1,0,2,0,,,,
328031,Rodrigo D'Alonso Ferreira,UTC,2020-08-24T00:00:00+00:00,1598227200,1598227200,1598230800,276.0,Estádio Adelmar da Costa Carvalho,"Recife, Pernambuco",Match Finished,FT,90,71,Serie A,Brazil,https://media.api-sports.io/football/leagues/71.png,https://media.api-sports.io/flags/br.svg,2020,Regular Season - 5,123,Sport Recife,https://media.api-sports.io/football/teams/123.png,False,126,Sao Paulo,https://media.api-sports.io/football/teams/126.png,True,0,1,0,1,0,1,,,,
328087,"Marcelo De Lima Henrique, Brazil",UTC,2020-08-27T00:00:00+00:00,1598486400,1598486400,1598490000,,Morumbí,Sao Paulo,Match Finished,FT,90,71,Serie A,Brazil,https://media.api-sports.io/football/leagues/71.png,https://media.api-sports.io/flags/br.svg,2020,Regular Season - 11,126,Sao Paulo,https://media.api-sports.io/football/teams/126.png,True,134,Atletico Paranaense,https://media.api-sports.io/football/teams/134.png,False,1,0,0,0,1,0,,,,
328029,"Rodolpho Toski Marques, Brazil",UTC,2020-08-27T00:30:00+00:00,1598488200,1598488200,1598491800,,Arena Corinthians,Sao Paulo,Match Finished,FT,90,71,Serie A,Brazil,https://media.api-sports.io/football/leagues/71.png,https://media.api-sports.io/flags/br.svg,2020,Regular Season - 5,131,Corinthians,https://media.api-sports.io/football/teams/131.png,,154,Fortaleza EC,https://media.api-sports.io/football/teams/154.png,,1,1,0,0,1,1,,,,
328036,"Thiago Duarte Peixoto, Brazil",UTC,2020-08-29T20:00:00+00:00,1598731200,1598731200,1598734800,218.0,Estádio Nilton Santos,Rio de Janeiro,Match Finished,FT,90,71,Serie A,Brazil,https://media.api-sports.io/football/leagues/71.png,https://media.api-sports.io/flags/br.svg,2020,Regular Season - 6,120,Botafogo,https://media.api-sports.io/football/teams/120.png,False,119,Internacional,https://media.api-sports.io/football/teams/119.png,True,0,2,0,2,0,2,,,,
328041,"Bruno Arleu de Araujo, Brazil",UTC,2020-08-30T00:00:00+00:00,1598745600,1598745600,1598749200,11287.0,Estádio Governador Roberto Santos,"Salvador de Bahia, Bahia",Match Finished,FT,90,71,Serie A,Brazil,https://media.api-sports.io/football/leagues/71.png,https://media.api-sports.io/flags/br.svg,2020,Regular Season - 6,118,Bahia,https://media.api-sports.io/football/teams/118.png,,121,Palmeiras,https://media.api-sports.io/football/teams/121.png,,1,1,0,0,1,1,,,,
328035,"Braulio Da Silva Machado, Brazil",UTC,2020-08-30T00:00:00+00:00,1598745600,1598745600,1598749200,,Estádio do Maracanã,Rio de Janeiro,Match Finished,FT,90,71,Serie A,Brazil,https://media.api-sports.io/football/leagues/71.png,https://media.api-sports.io/flags/br.svg,2020,Regular Season - 6,124,Fluminense,https://media.api-sports.io/football/teams/124.png,True,133,Vasco DA Gama,https://media.api-sports.io/football/teams/133.png,False,2,1,1,0,2,1,,,,
328043,Rafael Traci,UTC,2020-08-30T00:00:00+00:00,1598745600,1598745600,1598749200,225.0,Estádio Governador Plácido Aderaldo Castelo,"Fortaleza, Ceará",Match Finished,FT,90,71,Serie A,Brazil,https://media.api-sports.io/football/leagues/71.png,https://media.api-sports.io/flags/br.svg,2020,Regular Season - 6,154,Fortaleza EC,https://media.api-sports.io/football/teams/154.png,True,794,RB Bragantino,https://media.api-sports.io/football/teams/794.png,False,3,0,1,0,3,0,,,,
328037,"Flavio Rodrigues De Souza, Brazil",UTC,2020-08-30T14:00:00+00:00,1598796000,1598796000,1598799600,,Morumbí,Sao Paulo,Match Finished,FT,90,71,Serie A,Brazil,https://media.api-sports.io/football/leagues/71.png,https://media.api-sports.io/flags/br.svg,2020,Regular Season - 6,126,Sao Paulo,https://media.api-sports.io/football/teams/126.png,True,131,Corinthians,https://media.api-sports.io/football/teams/131.png,False,2,1,1,1,2,1,,,,
328038,"Wilton Pereira Sampaio, Brazil",UTC,2020-08-30T19:00:00+00:00,1598814000,1598814000,1598817600,10494.0,Estádio Urbano Caldeira,"Santos, São Paulo",Match Finished,FT,90,71,Serie A,Brazil,https://media.api-sports.io/football/leagues/71.png,https://media.api-sports.io/flags/br.svg,2020,Regular Season - 6,128,Santos,https://media.api-sports.io/football/teams/128.png,False,127,Flamengo,https://media.api-sports.io/football/teams/127.png,True,0,1,0,1,0,1,,,,
328042,"Raphael Claus, Brazil",UTC,2020-08-30T19:00:00+00:00,1598814000,1598814000,1598817600,230.0,Estádio Major Antônio Couto Pereira,"Curitiba, Paraná",Match Finished,FT,90,71,Serie A,Brazil,https://media.api-sports.io/football/leagues/71.png,https://media.api-sports.io/flags/br.svg,2020,Regular Season - 6,147,Coritiba,https://media.api-sports.io/football/teams/147.png,True,123,Sport Recife,https://media.api-sports.io/football/teams/123.png,False,1,0,0,0,1,0,,,,
328044,"Igor Junio Benevenuto, Brazil",UTC,2020-08-30T21:00:00+00:00,1598821200,1598821200,1598824800,7311.0,Estádio Olímpico Pedro Ludovico Teixeira,"Goiânia, Goiás",Match Finished,FT,90,71,Serie A,Brazil,https://media.api-sports.io/football/leagues/71.png,https://media.api-sports.io/flags/br.svg,2020,Regular Season - 6,144,Atletico Goianiense,https://media.api-sports.io/football/teams/144.png,False,129,Ceara,https://media.api-sports.io/football/teams/129.png,True,0,2,0,0,0,2,,,,
328045,"Marielson Alves Silva, Brazil",UTC,2020-09-02T22:15:00+00:00,1599084900,1599084900,1599088500,,Estádio do Maracanã,Rio de Janeiro,Match Finished,FT,90,71,Serie A,Brazil,https://media.api-sports.io/football/leagues/71.png,https://media.api-sports.io/flags/br.svg,2020,Regular Season - 7,124,Fluminense,https://media.api-sports.io/football/teams/124.png,,144,Atletico Goianiense,https://media.api-sports.io/football/teams/144.png,,1,1,1,0,1,1,,,,
328054,"Jose Mendonca da Silva Junior, Brazil",UTC,2020-09-02T22:15:00+00:00,1599084900,1599084900,1599088500,240.0,Estádio de Hailé Pinheiro,"Goiânia, Goiás",Match Finished,FT,90,71,Serie A,Brazil,https://media.api-sports.io/football/leagues/71.png,https://media.api-sports.io/flags/br.svg,2020,Regular Season - 7,151,Goias,https://media.api-sports.io/football/teams/151.png,False,131,Corinthians,https://media.api-sports.io/football/teams/131.png,True,1,2,0,1,1,2,,,,
328051,"Savio Pereira Sampaio, Brazil",UTC,2020-09-02T23:30:00+00:00,1599089400,1599089400,1599093000,11287.0,Estádio Governador Roberto Santos,"Salvador de Bahia, Bahia",Match Finished,FT,90,71,Serie A,Brazil,https://media.api-sports.io/football/leagues/71.png,https://media.api-sports.io/flags/br.svg,2020,Regular Season - 7,118,Bahia,https://media.api-sports.io/football/teams/118.png,False,127,Flamengo,https://media.api-sports.io/football/teams/127.png,True,3,5,2,3,3,5,,,,
328046,"Felipe Fernandes de Lima, Brazil",UTC,2020-09-02T23:30:00+00:00,1599089400,1599089400,1599093000,218.0,Estádio Nilton Santos,Rio de Janeiro,Match Finished,FT,90,71,Serie A,Brazil,https://media.api-sports.io/football/leagues/71.png,https://media.api-sports.io/flags/br.svg,2020,Regular Season - 7,120,Botafogo,https://media.api-sports.io/football/teams/120.png,,147,Coritiba,https://media.api-sports.io/football/teams/147.png,,0,0,0,0,0,0,,,,
328052,"Wagner do Nascimento Magalhaes, Brazil",UTC,2020-09-02T23:30:00+00:00,1599089400,1599089400,1599093000,10493.0,Arena da Baixada,"Curitiba, Paraná",Match Finished,FT,90,71,Serie A,Brazil,https://media.api-sports.io/football/leagues/71.png,https://media.api-sports.io/flags/br.svg,2020,Regular Season - 7,134,Atletico Paranaense,https://media.api-sports.io/football/teams/134.png,,794,RB Bragantino,https://media.api-sports.io/football/teams/794.png,,1,1,1,1,1,1,,,,
328053,"Luiz Flavio De Oliveira, Brazil",UTC,2020-09-03T00:00:00+00:00,1599091200,1599091200,1599094800,225.0,Estádio Governador Plácido Aderaldo Castelo,"Fortaleza, Ceará",Match Finished,FT,90,71,Serie A,Brazil,https://media.api-sports.io/football/leagues/71.png,https://media.api-sports.io/flags/br.svg,2020,Regular Season - 7,129,Ceara,https://media.api-sports.io/football/teams/129.png,True,154,Fortaleza EC,https://media.api-sports.io/football/teams/154.png,False,1,0,1,0,1,0,,,,
328047,"Wilton Pereira Sampaio, Brazil",UTC,2020-09-03T00:30:00+00:00,1599093000,1599093000,1599096600,258.0,Allianz Parque,"São Paulo, São Paulo",Match Finished,FT,90,71,Serie A,Brazil,https://media.api-sports.io/football/leagues/71.png,https://media.api-sports.io/flags/br.svg,2020,Regular Season - 7,121,Palmeiras,https://media.api-sports.io/football/teams/121.png,,119,Internacional,https://media.api-sports.io/football/teams/119.png,,1,1,0,0,1,1,,,,
328048,"Rodrigo Dalonso Ferreira, Brazil",UTC,2020-09-03T00:30:00+00:00,1599093000,1599093000,1599096600,10494.0,Estádio Urbano Caldeira,"Santos, São Paulo",Match Finished,FT,90,71,Serie A,Brazil,https://media.api-sports.io/football/leagues/71.png,https://media.api-sports.io/flags/br.svg,2020,Regular Season - 7,128,Santos,https://media.api-sports.io/football/teams/128.png,,133,Vasco DA Gama,https://media.api-sports.io/football/teams/133.png,,2,2,1,1,2,2,,,,
328049,"Jean Pierre Goncalves Lima, Brazil",UTC,2020-09-03T23:00:00+00:00,1599174000,1599174000,1599177600,234.0,Estádio Governador Magalhães Pinto,"Belo Horizonte, Minas Gerais",Match Finished,FT,90,71,Serie A,Brazil,https://media.api-sports.io/football/leagues/71.png,https://media.api-sports.io/flags/br.svg,2020,Regular Season - 7,1062,Atletico-MG,https://media.api-sports.io/football/teams/1062.png,True,126,Sao Paulo,https://media.api-sports.io/football/teams/126.png,False,3,0,2,0,3,0,,,,
328050,"Dyorgines Jose Padovani de Andrade, Brazil",UTC,2020-09-04T00:00:00+00:00,1599177600,1599177600,1599181200,241.0,Arena do Grêmio,"Porto Alegre, Rio Grande do Sul",Match Finished,FT,90,71,Serie A,Brazil,https://media.api-sports.io/football/leagues/71.png,https://media.api-sports.io/flags/br.svg,2020,Regular Season - 7,130,Gremio,https://media.api-sports.io/football/teams/130.png,False,123,Sport Recife,https://media.api-sports.io/football/teams/123.png,True,1,2,0,1,1,2,,,,
328055,"Flavio Rodrigues De Souza, Brazil",UTC,2020-09-05T20:00:00+00:00,1599336000,1599336000,1599339600,,Estádio do Maracanã,Rio de Janeiro,Match Finished,FT,90,71,Serie A,Brazil,https://media.api-sports.io/football/leagues/71.png,https://media.api-sports.io/flags/br.svg,2020,Regular Season - 8,127,Flamengo,https://media.api-sports.io/football/teams/127.png,True,154,Fortaleza EC,https://media.api-sports.io/football/teams/154.png,False,2,1,1,1,2,1,,,,
328063,"Reway Wagner, Brazil",UTC,2020-09-06T00:00:00+00:00,1599350400,1599350400,1599354000,225.0,Estádio Governador Plácido Aderaldo Castelo,"Fortaleza, Ceará",Match Finished,FT,90,71,Serie A,Brazil,https://media.api-sports.io/football/leagues/71.png,https://media.api-sports.io/flags/br.svg,2020,Regular Season - 8,129,Ceara,https://media.api-sports.io/football/teams/129.png,False,128,Santos,https://media.api-sports.io/football/teams/128.png,True,0,1,0,1,0,1,,,,
328059,"Rafael Traci, Brazil",UTC,2020-09-06T00:00:00+00:00,1599350400,1599350400,1599354000,,Neo Química Arena,Sao Paulo,Match Finished,FT,90,71,Serie A,Brazil,https://media.api-sports.io/football/leagues/71.png,https://media.api-sports.io/flags/br.svg,2020,Regular Season - 8,131,Corinthians,https://media.api-sports.io/football/teams/131.png,,120,Botafogo,https://media.api-sports.io/football/teams/120.png,,2,2,1,1,2,2,,,,
328058,"Marcelo De Lima Henrique, Brazil",UTC,2020-09-06T14:00:00+00:00,1599400800,1599400800,1599404400,220.0,Estádio Nabi Abi Chedid,"Bragança Paulista, São Paulo",Match Finished,FT,90,71,Serie A,Brazil,https://media.api-sports.io/football/leagues/71.png,https://media.api-sports.io/flags/br.svg,2020,Regular Season - 8,794,RB Bragantino,https://media.api-sports.io/football/teams/794.png,False,121,Palmeiras,https://media.api-sports.io/football/teams/121.png,True,1,2,0,0,1,2,,,,
328060,"Braulio Da Silva Machado, Brazil",UTC,2020-09-06T19:00:00+00:00,1599418800,1599418800,1599422400,244.0,Estádio José Pinheiro Borda,"Porto Alegre, Rio Grande do Sul",Match Finished,FT,90,71,Serie A,Brazil,https://media.api-sports.io/football/leagues/71.png,https://media.api-sports.io/flags/br.svg,2020,Regular Season - 8,119,Internacional,https://media.api-sports.io/football/teams/119.png,,118,Bahia,https://media.api-sports.io/football/teams/118.png,,2,2,1,1,2,2,,,,
328057,"Paulo Roberto Alves Junior, Brazil",UTC,2020-09-06T19:00:00+00:00,1599418800,1599418800,1599422400,,Morumbí,Sao Paulo,Match Finished,FT,90,71,Serie A,Brazil,https://media.api-sports.io/football/leagues/71.png,https://media.api-sports.io/flags/br.svg,2020,Regular Season - 8,126,Sao Paulo,https://media.api-sports.io/football/teams/126.png,True,124,Fluminense,https://media.api-sports.io/football/teams/124.png,False,3,1,0,1,3,1,,,,
328056,"Raphael Claus, Brazil",UTC,2020-09-06T21:00:00+00:00,1599426000,1599426000,1599429600,279.0,Estádio Club de Regatas Vasco da Gama,"Rio de Janeiro, Rio de Janeiro",Match Finished,FT,90,71,Serie A,Brazil,https://media.api-sports.io/football/leagues/71.png,https://media.api-sports.io/flags/br.svg,2020,Regular Season - 8,133,Vasco DA Gama,https://media.api-sports.io/football/teams/133.png,True,134,Atletico Paranaense,https://media.api-sports.io/football/teams/134.png,False,1,0,1,0,1,0,,,,
328061,"Vinicius Gomes do Amara, Brazil",UTC,2020-09-06T23:30:00+00:00,1599435000,1599435000,1599438600,276.0,Estádio Adelmar da Costa Carvalho,"Recife, Pernambuco",Match Finished,FT,90,71,Serie A,Brazil,https://media.api-sports.io/football/leagues/71.png,https://media.api-sports.io/flags/br.svg,2020,Regular Season - 8,123,Sport Recife,https://media.api-sports.io/football/teams/123.png,True,151,Goias,https://media.api-sports.io/football/teams/151.png,False,2,1,0,0,2,1,,,,
328062,"Diego Pombo Lopez, Brazil",UTC,2020-09-06T23:30:00+00:00,1599435000,1599435000,1599438600,230.0,Estádio Major Antônio Couto Pereira,"Curitiba, Paraná",Match Finished,FT,90,71,Serie A,Brazil,https://media.api-sports.io/football/leagues/71.png,https://media.api-sports.io/flags/br.svg,2020,Regular Season - 8,147,Coritiba,https://media.api-sports.io/football/teams/147.png,False,1062,Atletico-MG,https://media.api-sports.io/football/teams/1062.png,True,0,1,0,1,0,1,,,,
328064,"Ricardo Marques Ribeiro, Brazil",UTC,2020-09-07T00:00:00+00:00,1599436800,1599436800,1599440400,7311.0,Estádio Olímpico Pedro Ludovico Teixeira,"Goiânia, Goiás",Match Finished,FT,90,71,Serie A,Brazil,https://media.api-sports.io/football/leagues/71.png,https://media.api-sports.io/flags/br.svg,2020,Regular Season - 8,144,Atletico Goianiense,https://media.api-sports.io/football/teams/144.png,,130,Gremio,https://media.api-sports.io/football/teams/130.png,,1,1,1,1,1,1,,,,
328072,"Vinicius Goncalves Dias Araujo, Brazil",UTC,2020-09-09T20:30:00+00:00,1599683400,1599683400,1599687000,10493.0,Arena da Baixada,"Curitiba, Paraná",Match Finished,FT,90,71,Serie A,Brazil,https://media.api-sports.io/football/leagues/71.png,https://media.api-sports.io/flags/br.svg,2020,Regular Season - 9,134,Atletico Paranaense,https://media.api-sports.io/football/teams/134.png,,120,Botafogo,https://media.api-sports.io/football/teams/120.png,,1,1,0,0,1,1,,,,
328074,"Caio Max Augusto Vieira, Brazil",UTC,2020-09-09T21:00:00+00:00,1599685200,1599685200,1599688800,240.0,Estádio de Hailé Pinheiro,"Goiânia, Goiás",Match Finished,FT,90,71,Serie A,Brazil,https://media.api-sports.io/football/leagues/71.png,https://media.api-sports.io/flags/br.svg,2020,Regular Season - 9,151,Goias,https://media.api-sports.io/football/teams/151.png,,147,Coritiba,https://media.api-sports.io/football/teams/147.png,,3,3,1,2,3,3,,,,
328073,"Felipe Fernandes de Lima, Brazil",UTC,2020-09-09T21:00:00+00:00,1599685200,1599685200,1599688800,225.0,Estádio Governador Plácido Aderaldo Castelo,"Fortaleza, Ceará",Match Finished,FT,90,71,Serie A,Brazil,https://media.api-sports.io/football/leagues/71.png,https://media.api-sports.io/flags/br.svg,2020,Regular Season - 9,154,Fortaleza EC,https://media.api-sports.io/football/teams/154.png,True,123,Sport Recife,https://media.api-sports.io/football/teams/123.png,False,1,0,0,0,1,0,,,,
328067,"Savio Pereira Sampaio, Brazil",UTC,2020-09-09T22:15:00+00:00,1599689700,1599689700,1599693300,,Morumbí,Sao Paulo,Match Finished,FT,90,71,Serie A,Brazil,https://media.api-sports.io/football/leagues/71.png,https://media.api-sports.io/flags/br.svg,2020,Regular Season - 9,126,Sao Paulo,https://media.api-sports.io/football/teams/126.png,,794,RB Bragantino,https://media.api-sports.io/football/teams/794.png,,1,1,0,0,1,1,,,,
328065,"Raphael Claus, Brazil",UTC,2020-09-10T00:30:00+00:00,1599697800,1599697800,1599701400,,Estádio do Maracanã,Rio de Janeiro,Match Finished,FT,90,71,Serie A,Brazil,https://media.api-sports.io/football/leagues/71.png,https://media.api-sports.io/flags/br.svg,2020,Regular Season - 9,124,Fluminense,https://media.api-sports.io/football/teams/124.png,False,127,Flamengo,https://media.api-sports.io/football/teams/127.png,True,1,2,0,2,1,2,,,,
328068,"Wagner do Nascimento Magalhaes, Brazil",UTC,2020-09-10T00:30:00+00:00,1599697800,1599697800,1599701400,10494.0,Estádio Urbano Caldeira,"Santos, São Paulo",Match Finished,FT,90,71,Serie A,Brazil,https://media.api-sports.io/football/leagues/71.png,https://media.api-sports.io/flags/br.svg,2020,Regular Season - 9,128,Santos,https://media.api-sports.io/football/teams/128.png,True,1062,Atletico-MG,https://media.api-sports.io/football/teams/1062.png,False,3,1,2,1,3,1,,,,
328071,José Mendonça,UTC,2020-09-10T22:15:00+00:00,1599776100,1599776100,1599779700,11287.0,Estádio Governador Roberto Santos,"Salvador de Bahia, Bahia",Match Finished,FT,90,71,Serie A,Brazil,https://media.api-sports.io/football/leagues/71.png,https://media.api-sports.io/flags/br.svg,2020,Regular Season - 9,118,Bahia,https://media.api-sports.io/football/teams/118.png,False,130,Gremio,https://media.api-sports.io/football/teams/130.png,True,0,2,0,1,0,2,,,,
328070,"Rodrigo Dalonso Ferreira, Brazil",UTC,2020-09-10T22:15:00+00:00,1599776100,1599776100,1599779700,244.0,Estádio José Pinheiro Borda,"Porto Alegre, Rio Grande do Sul",Match Finished,FT,90,71,Serie A,Brazil,https://media.api-sports.io/football/leagues/71.png,https://media.api-sports.io/flags/br.svg,2020,Regular Season - 9,119,Internacional,https://media.api-sports.io/football/teams/119.png,True,129,Ceara,https://media.api-sports.io/football/teams/129.png,False,2,0,1,0,2,0,,,,
328069,"Leandro Pedro Vuaden, Brazil",UTC,2020-09-10T22:15:00+00:00,1599776100,1599776100,1599779700,,Neo Química Arena,Sao Paulo,Match Finished,FT,90,71,Serie A,Brazil,https://media.api-sports.io/football/leagues/71.png,https://media.api-sports.io/flags/br.svg,2020,Regular Season - 9,131,Corinthians,https://media.api-sports.io/football/teams/131.png,False,121,Palmeiras,https://media.api-sports.io/football/teams/121.png,True,0,2,0,1,0,2,,,,
328066,"Heber Roberto Lopes, Brazil",UTC,2020-09-11T00:00:00+00:00,1599782400,1599782400,1599786000,279.0,Estádio Club de Regatas Vasco da Gama,"Rio de Janeiro, Rio de Janeiro",Match Finished,FT,90,71,Serie A,Brazil,https://media.api-sports.io/football/leagues/71.png,https://media.api-sports.io/flags/br.svg,2020,Regular Season - 9,133,Vasco DA Gama,https://media.api-sports.io/football/teams/133.png,False,144,Atletico Goianiense,https://media.api-sports.io/football/teams/144.png,True,1,2,0,0,1,2,,,,
328082,"Jean Pierre Goncalves Lima, Brazil",UTC,2020-09-12T19:30:00+00:00,1599939000,1599939000,1599942600,10493.0,Arena da Baixada,"Curitiba, Paraná",Match Finished,FT,90,71,Serie A,Brazil,https://media.api-sports.io/football/leagues/71.png,https://media.api-sports.io/flags/br.svg,2020,Regular Season - 10,134,Atletico Paranaense,https://media.api-sports.io/football/teams/134.png,True,147,Coritiba,https://media.api-sports.io/football/teams/147.png,False,1,0,1,0,1,0,,,,
328078,"Luiz Flavio De Oliveira, Brazil",UTC,2020-09-13T00:00:00+00:00,1599955200,1599955200,1599958800,10494.0,Estádio Urbano Caldeira,"Santos, São Paulo",Match Finished,FT,90,71,Serie A,Brazil,https://media.api-sports.io/football/leagues/71.png,https://media.api-sports.io/flags/br.svg,2020,Regular Season - 10,128,Santos,https://media.api-sports.io/football/teams/128.png,,126,Sao Paulo,https://media.api-sports.io/football/teams/126.png,,2,2,1,2,2,2,,,,
328075,"Braulio Da Silva Machado, Brazil",UTC,2020-09-13T19:00:00+00:00,1600023600,1600023600,1600027200,,Estádio do Maracanã,Rio de Janeiro,Match Finished,FT,90,71,Serie A,Brazil,https://media.api-sports.io/football/leagues/71.png,https://media.api-sports.io/flags/br.svg,2020,Regular Season - 10,124,Fluminense,https://media.api-sports.io/football/teams/124.png,True,131,Corinthians,https://media.api-sports.io/football/teams/131.png,False,2,1,1,0,2,1,,,,
328080,"Igor Junio Benevenuto, Brazil",UTC,2020-09-13T19:00:00+00:00,1600023600,1600023600,1600027200,241.0,Arena do Grêmio,"Porto Alegre, Rio Grande do Sul",Match Finished,FT,90,71,Serie A,Brazil,https://media.api-sports.io/football/leagues/71.png,https://media.api-sports.io/flags/br.svg,2020,Regular Season - 10,130,Gremio,https://media.api-sports.io/football/teams/130.png,,154,Fortaleza EC,https://media.api-sports.io/football/teams/154.png,,1,1,0,1,1,1,,,,
328081,"Vinicius Gomes do Amara, Brazil",UTC,2020-09-13T21:00:00+00:00,1600030800,1600030800,1600034400,11287.0,Estádio Governador Roberto Santos,"Salvador de Bahia, Bahia",Match Finished,FT,90,71,Serie A,Brazil,https://media.api-sports.io/football/leagues/71.png,https://media.api-sports.io/flags/br.svg,2020,Regular Season - 10,118,Bahia,https://media.api-sports.io/football/teams/118.png,False,144,Atletico Goianiense,https://media.api-sports.io/football/teams/144.png,True,0,1,0,1,0,1,,,,
328083,"Marielson Alves Silva, Brazil",UTC,2020-09-13T21:00:00+00:00,1600030800,1600030800,1600034400,225.0,Estádio Governador Plácido Aderaldo Castelo,"Fortaleza, Ceará",Match Finished,FT,90,71,Serie A,Brazil,https://media.api-sports.io/football/leagues/71.png,https://media.api-sports.io/flags/br.svg,2020,Regular Season - 10,129,Ceara,https://media.api-sports.io/football/teams/129.png,True,127,Flamengo,https://media.api-sports.io/football/teams/127.png,False,2,0,0,0,2,0,,,,
328084,"Flavio Rodrigues De Souza, Brazil",UTC,2020-09-13T21:00:00+00:00,1600030800,1600030800,1600034400,240.0,Estádio de Hailé Pinheiro,"Goiânia, Goiás",Match Finished,FT,90,71,Serie A,Brazil,https://media.api-sports.io/football/leagues/71.png,https://media.api-sports.io/flags/br.svg,2020,Regular Season - 10,151,Goias,https://media.api-sports.io/football/teams/151.png,True,119,Internacional,https://media.api-sports.io/football/teams/119.png,False,1,0,1,0,1,0,,,,
328079,"Ramon Abatti Abel, Brazil",UTC,2020-09-13T21:00:00+00:00,1600030800,1600030800,1600034400,234.0,Estádio Governador Magalhães Pinto,"Belo Horizonte, Minas Gerais",Match Finished,FT,90,71,Serie A,Brazil,https://media.api-sports.io/football/leagues/71.png,https://media.api-sports.io/flags/br.svg,2020,Regular Season - 10,1062,Atletico-MG,https://media.api-sports.io/football/teams/1062.png,True,794,RB Bragantino,https://media.api-sports.io/football/teams/794.png,False,2,1,1,0,2,1,,,,
328077,"Diego Pombo Lopez, Brazil",UTC,2020-09-13T22:45:00+00:00,1600037100,1600037100,1600040700,258.0,Allianz Parque,"São Paulo, São Paulo",Match Finished,FT,90,71,Serie A,Brazil,https://media.api-sports.io/football/leagues/71.png,https://media.api-sports.io/flags/br.svg,2020,Regular Season - 10,121,Palmeiras,https://media.api-sports.io/football/teams/121.png,,123,Sport Recife,https://media.api-sports.io/football/teams/123.png,,2,2,2,1,2,2,,,,
328076,"Wilton Pereira Sampaio, Brazil",UTC,2020-09-13T23:30:00+00:00,1600039800,1600039800,1600043400,218.0,Estádio Nilton Santos,Rio de Janeiro,Match Finished,FT,90,71,Serie A,Brazil,https://media.api-sports.io/football/leagues/71.png,https://media.api-sports.io/flags/br.svg,2020,Regular Season - 10,120,Botafogo,https://media.api-sports.io/football/teams/120.png,False,133,Vasco DA Gama,https://media.api-sports.io/football/teams/133.png,True,2,3,0,1,2,3,,,,
328089,"Wagner do Nascimento Magalhaes, Brazil",UTC,2020-09-17T00:30:00+00:00,1600302600,1600302600,1600306200,,Neo Química Arena,Sao Paulo,Match Finished,FT,90,71,Serie A,Brazil,https://media.api-sports.io/football/leagues/71.png,https://media.api-sports.io/flags/br.svg,2020,Regular Season - 11,131,Corinthians,https://media.api-sports.io/football/teams/131.png,True,118,Bahia,https://media.api-sports.io/football/teams/118.png,False,3,2,2,1,3,2,,,,
328094,"Edina Alves Batista, Brazil",UTC,2020-09-20T00:00:00+00:00,1600560000,1600560000,1600563600,7311.0,Estádio Olímpico Pedro Ludovico Teixeira,"Goiânia, Goiás",Match Finished,FT,90,71,Serie A,Brazil,https://media.api-sports.io/football/leagues/71.png,https://media.api-sports.io/flags/br.svg,2020,Regular Season - 11,144,Atletico Goianiense,https://media.api-sports.io/football/teams/144.png,False,1062,Atletico-MG,https://media.api-sports.io/football/teams/1062.png,True,3,4,1,0,3,4,,,,
328093,"Marielson Alves Silva, Brazil",UTC,2020-09-20T00:00:00+00:00,1600560000,1600560000,1600563600,225.0,Estádio Governador Plácido Aderaldo Castelo,"Fortaleza, Ceará",Match Finished,FT,90,71,Serie A,Brazil,https://media.api-sports.io/football/leagues/71.png,https://media.api-sports.io/flags/br.svg,2020,Regular Season - 11,154,Fortaleza EC,https://media.api-sports.io/football/teams/154.png,True,119,Internacional,https://media.api-sports.io/football/teams/119.png,False,1,0,0,0,1,0,,,,
328088,"Jefferson Ferreira de Moraes, Brazil",UTC,2020-09-20T00:00:00+00:00,1600560000,1600560000,1600563600,220.0,Estádio Nabi Abi Chedid,"Bragança Paulista, São Paulo",Match Finished,FT,90,71,Serie A,Brazil,https://media.api-sports.io/football/leagues/71.png,https://media.api-sports.io/flags/br.svg,2020,Regular Season - 11,794,RB Bragantino,https://media.api-sports.io/football/teams/794.png,True,129,Ceara,https://media.api-sports.io/football/teams/129.png,False,4,2,3,1,4,2,,,,
328090,"Rodrigo D'alonso Ferreira, Brazil",UTC,2020-09-20T19:00:00+00:00,1600628400,1600628400,1600632000,241.0,Arena do Grêmio,"Porto Alegre, Rio Grande do Sul",Match Finished,FT,90,71,Serie A,Brazil,https://media.api-sports.io/football/leagues/71.png,https://media.api-sports.io/flags/br.svg,2020,Regular Season - 11,130,Gremio,https://media.api-sports.io/football/teams/130.png,,121,Palmeiras,https://media.api-sports.io/football/teams/121.png,,1,1,0,0,1,1,,,,
328092,"Luiz Flavio De Oliveira, Brazil",UTC,2020-09-20T19:00:00+00:00,1600628400,1600628400,1600632000,230.0,Estádio Major Antônio Couto Pereira,"Curitiba, Paraná",Match Finished,FT,90,71,Serie A,Brazil,https://media.api-sports.io/football/leagues/71.png,https://media.api-sports.io/flags/br.svg,2020,Regular Season - 11,147,Coritiba,https://media.api-sports.io/football/teams/147.png,True,133,Vasco DA Gama,https://media.api-sports.io/football/teams/133.png,False,1,0,0,0,1,0,,,,
328086,"Jose Mendonca da Silva Junior, Brazil",UTC,2020-09-20T21:15:00+00:00,1600636500,1600636500,1600640100,218.0,Estádio Nilton Santos,Rio de Janeiro,Match Finished,FT,90,71,Serie A,Brazil,https://media.api-sports.io/football/leagues/71.png,https://media.api-sports.io/flags/br.svg,2020,Regular Season - 11,120,Botafogo,https://media.api-sports.io/football/teams/120.png,,128,Santos,https://media.api-sports.io/football/teams/128.png,,0,0,0,0,0,0,,,,
328091,"Leandro Pedro Vuaden, Brazil",UTC,2020-09-20T23:30:00+00:00,1600644600,1600644600,1600648200,276.0,Estádio Adelmar da Costa Carvalho,"Recife, Pernambuco",Match Finished,FT,90,71,Serie A,Brazil,https://media.api-sports.io/football/leagues/71.png,https://media.api-sports.io/flags/br.svg,2020,Regular Season - 11,123,Sport Recife,https://media.api-sports.io/football/teams/123.png,True,124,Fluminense,https://media.api-sports.io/football/teams/124.png,False,1,0,1,0,1,0,,,,
328101,"Wilton Pereira Sampaio, Brazil",UTC,2020-09-24T00:30:00+00:00,1600907400,1600907400,1600911000,276.0,Estádio Adelmar da Costa Carvalho,"Recife, Pernambuco",Match Finished,FT,90,71,Serie A,Brazil,https://media.api-sports.io/football/leagues/71.png,https://media.api-sports.io/flags/br.svg,2020,Regular Season - 12,123,Sport Recife,https://media.api-sports.io/football/teams/123.png,True,131,Corinthians,https://media.api-sports.io/football/teams/131.png,False,1,0,1,0,1,0,,,,
328100,"Marcelo De Lima Henrique, Brazil",UTC,2020-09-27T00:00:00+00:00,1601164800,1601164800,1601168400,244.0,Estádio José Pinheiro Borda,"Porto Alegre, Rio Grande do Sul",Match Finished,FT,90,71,Serie A,Brazil,https://media.api-sports.io/football/leagues/71.png,https://media.api-sports.io/flags/br.svg,2020,Regular Season - 12,119,Internacional,https://media.api-sports.io/football/teams/119.png,,126,Sao Paulo,https://media.api-sports.io/football/teams/126.png,,1,1,1,1,1,1,,,,
328102,"Ricardo Marques Ribeiro, Brazil",UTC,2020-09-27T00:00:00+00:00,1601164800,1601164800,1601168400,10493.0,Arena da Baixada,"Curitiba, Paraná",Match Finished,FT,90,71,Serie A,Brazil,https://media.api-sports.io/football/leagues/71.png,https://media.api-sports.io/flags/br.svg,2020,Regular Season - 12,134,Atletico Paranaense,https://media.api-sports.io/football/teams/134.png,True,118,Bahia,https://media.api-sports.io/football/teams/118.png,False,1,0,0,0,1,0,,,,
328099,"Caio Max Augusto Vieira, Brazil",UTC,2020-09-27T00:00:00+00:00,1601164800,1601164800,1601168400,234.0,Estádio Governador Magalhães Pinto,"Belo Horizonte, Minas Gerais",Match Finished,FT,90,71,Serie A,Brazil,https://media.api-sports.io/football/leagues/71.png,https://media.api-sports.io/flags/br.svg,2020,Regular Season - 12,1062,Atletico-MG,https://media.api-sports.io/football/teams/1062.png,True,130,Gremio,https://media.api-sports.io/football/teams/130.png,False,3,1,1,0,3,1,,,,
328096,"Rodolpho Toski Marques, Brazil",UTC,2020-09-27T14:00:00+00:00,1601215200,1601215200,1601218800,279.0,Estádio Club de Regatas Vasco da Gama,"Rio de Janeiro, Rio de Janeiro",Match Finished,FT,90,71,Serie A,Brazil,https://media.api-sports.io/football/leagues/71.png,https://media.api-sports.io/flags/br.svg,2020,Regular Season - 12,133,Vasco DA Gama,https://media.api-sports.io/football/teams/133.png,,794,RB Bragantino,https://media.api-sports.io/football/teams/794.png,,1,1,0,0,1,1,,,,
328097,"Jean Pierre Goncalves Lima, Brazil",UTC,2020-09-27T19:00:00+00:00,1601233200,1601233200,1601236800,258.0,Allianz Parque,"São Paulo, São Paulo",Match Finished,FT,90,71,Serie A,Brazil,https://media.api-sports.io/football/leagues/71.png,https://media.api-sports.io/flags/br.svg,2020,Regular Season - 12,121,Palmeiras,https://media.api-sports.io/football/teams/121.png,,127,Flamengo,https://media.api-sports.io/football/teams/127.png,,1,1,0,0,1,1,,,,
328103,"Ramon Abatti Abel, Brazil",UTC,2020-09-27T21:15:00+00:00,1601241300,1601241300,1601244900,225.0,Estádio Governador Plácido Aderaldo Castelo,"Fortaleza, Ceará",Match Finished,FT,90,71,Serie A,Brazil,https://media.api-sports.io/football/leagues/71.png,https://media.api-sports.io/flags/br.svg,2020,Regular Season - 12,129,Ceara,https://media.api-sports.io/football/teams/129.png,,151,Goias,https://media.api-sports.io/football/teams/151.png,,2,2,0,1,2,2,,,,
328104,"Leandro Pedro Vuaden, Brazil",UTC,2020-09-27T21:15:00+00:00,1601241300,1601241300,1601244900,7311.0,Estádio Olímpico Pedro Ludovico Teixeira,"Goiânia, Goiás",Match Finished,FT,90,71,Serie A,Brazil,https://media.api-sports.io/football/leagues/71.png,https://media.api-sports.io/flags/br.svg,2020,Regular Season - 12,144,Atletico Goianiense,https://media.api-sports.io/football/teams/144.png,,120,Botafogo,https://media.api-sports.io/football/teams/120.png,,1,1,0,1,1,1,,,,
328098,"Heber Roberto Lopes, Brazil",UTC,2020-09-27T23:30:00+00:00,1601249400,1601249400,1601253000,10494.0,Estádio Urbano Caldeira,"Santos, São Paulo",Match Finished,FT,90,71,Serie A,Brazil,https://media.api-sports.io/football/leagues/71.png,https://media.api-sports.io/flags/br.svg,2020,Regular Season - 12,128,Santos,https://media.api-sports.io/football/teams/128.png,,154,Fortaleza EC,https://media.api-sports.io/football/teams/154.png,,1,1,1,0,1,1,,,,
328095,"Vinicius Goncalves Dias Araujo, Brazil",UTC,2020-09-28T23:00:00+00:00,1601334000,1601334000,1601337600,218.0,Estádio Nilton Santos,Rio de Janeiro,Match Finished,FT,90,71,Serie A,Brazil,https://media.api-sports.io/football/leagues/71.png,https://media.api-sports.io/flags/br.svg,2020,Regular Season - 12,124,Fluminense,https://media.api-sports.io/football/teams/124.png,True,147,Coritiba,https://media.api-sports.io/football/teams/147.png,False,4,0,1,0,4,0,,,,
327986,"Savio Pereira Sampaio, Brazil",UTC,2020-10-01T00:30:00+00:00,1601512200,1601512200,1601515800,218.0,Estádio Nilton Santos,Rio de Janeiro,Match Finished,FT,90,71,Serie A,Brazil,https://media.api-sports.io/football/leagues/71.png,https://media.api-sports.io/flags/br.svg,2020,Regular Season - 1,120,Botafogo,https://media.api-sports.io/football/teams/120.png,False,118,Bahia,https://media.api-sports.io/football/teams/118.png,True,1,2,0,1,1,2,,,,
327989,"Paulo Roberto Alves Junior, Brazil",UTC,2020-10-01T00:30:00+00:00,1601512200,1601512200,1601515800,,Neo Química Arena,Sao Paulo,Match Finished,FT,90,71,Serie A,Brazil,https://media.api-sports.io/football/leagues/71.png,https://media.api-sports.io/flags/br.svg,2020,Regular Season - 1,131,Corinthians,https://media.api-sports.io/football/teams/131.png,,144,Atletico Goianiense,https://media.api-sports.io/football/teams/144.png,,0,0,0,0,0,0,,,,
328110,"Raphael Claus, Brazil",UTC,2020-10-03T20:00:00+00:00,1601755200,1601755200,1601758800,241.0,Arena do Grêmio,"Porto Alegre, Rio Grande do Sul",Match Finished,FT,90,71,Serie A,Brazil,https://media.api-sports.io/football/leagues/71.png,https://media.api-sports.io/flags/br.svg,2020,Regular Season - 13,130,Gremio,https://media.api-sports.io/football/teams/130.png,,119,Internacional,https://media.api-sports.io/football/teams/119.png,,1,1,0,0,1,1,,,,
328107,"Bruno Arleu de Araujo, Brazil",UTC,2020-10-04T00:00:00+00:00,1601769600,1601769600,1601773200,258.0,Allianz Parque,"São Paulo, São Paulo",Match Finished,FT,90,71,Serie A,Brazil,https://media.api-sports.io/football/leagues/71.png,https://media.api-sports.io/flags/br.svg,2020,Regular Season - 13,121,Palmeiras,https://media.api-sports.io/football/teams/121.png,True,129,Ceara,https://media.api-sports.io/football/teams/129.png,False,2,1,1,1,2,1,,,,
328108,"Edina Alves Batista, Brazil",UTC,2020-10-04T00:00:00+00:00,1601769600,1601769600,1601773200,220.0,Estádio Nabi Abi Chedid,"Bragança Paulista, São Paulo",Match Finished,FT,90,71,Serie A,Brazil,https://media.api-sports.io/football/leagues/71.png,https://media.api-sports.io/flags/br.svg,2020,Regular Season - 13,794,RB Bragantino,https://media.api-sports.io/football/teams/794.png,,131,Corinthians,https://media.api-sports.io/football/teams/131.png,,0,0,0,0,0,0,,,,
328106,"Anderson Daronco, Brazil",UTC,2020-10-04T14:00:00+00:00,1601820000,1601820000,1601823600,218.0,Estádio Nilton Santos,Rio de Janeiro,Match Finished,FT,90,71,Serie A,Brazil,https://media.api-sports.io/football/leagues/71.png,https://media.api-sports.io/flags/br.svg,2020,Regular Season - 13,120,Botafogo,https://media.api-sports.io/football/teams/120.png,,124,Fluminense,https://media.api-sports.io/football/teams/124.png,,1,1,0,1,1,1,,,,
328105,"Rodrigo D'alonso Ferreira, Brazil",UTC,2020-10-04T19:00:00+00:00,1601838000,1601838000,1601841600,,Estádio do Maracanã,Rio de Janeiro,Match Finished,FT,90,71,Serie A,Brazil,https://media.api-sports.io/football/leagues/71.png,https://media.api-sports.io/flags/br.svg,2020,Regular Season - 13,127,Flamengo,https://media.api-sports.io/football/teams/127.png,True,134,Atletico Paranaense,https://media.api-sports.io/football/teams/134.png,False,3,1,0,0,3,1,,,,
328112,"Wagner do Nascimento Magalhaes, Brazil",UTC,2020-10-04T19:00:00+00:00,1601838000,1601838000,1601841600,230.0,Estádio Major Antônio Couto Pereira,"Curitiba, Paraná",Match Finished,FT,90,71,Serie A,Brazil,https://media.api-sports.io/football/leagues/71.png,https://media.api-sports.io/flags/br.svg,2020,Regular Season - 13,147,Coritiba,https://media.api-sports.io/football/teams/147.png,,126,Sao Paulo,https://media.api-sports.io/football/teams/126.png,,1,1,1,0,1,1,,,,
328111,"Rafael Traci, Brazil",UTC,2020-10-04T21:15:00+00:00,1601846100,1601846100,1601849700,11287.0,Estádio Governador Roberto Santos,"Salvador de Bahia, Bahia",Match Finished,FT,90,71,Serie A,Brazil,https://media.api-sports.io/football/leagues/71.png,https://media.api-sports.io/flags/br.svg,2020,Regular Season - 13,118,Bahia,https://media.api-sports.io/football/teams/118.png,False,123,Sport Recife,https://media.api-sports.io/football/teams/123.png,True,1,2,0,1,1,2,,,,
328114,"Marielson Alves Silva, Brazil",UTC,2020-10-04T21:15:00+00:00,1601846100,1601846100,1601849700,240.0,Estádio de Hailé Pinheiro,"Goiânia, Goiás",Match Finished,FT,90,71,Serie A,Brazil,https://media.api-sports.io/football/leagues/71.png,https://media.api-sports.io/flags/br.svg,2020,Regular Season - 13,151,Goias,https://media.api-sports.io/football/teams/151.png,False,128,Santos,https://media.api-sports.io/football/teams/128.png,True,2,3,1,1,2,3,,,,
328113,"Jose Mendonca da Silva Junior, Brazil",UTC,2020-10-04T21:15:00+00:00,1601846100,1601846100,1601849700,225.0,Estádio Governador Plácido Aderaldo Castelo,"Fortaleza, Ceará",Match Finished,FT,90,71,Serie A,Brazil,https://media.api-sports.io/football/leagues/71.png,https://media.api-sports.io/flags/br.svg,2020,Regular Season - 13,154,Fortaleza EC,https://media.api-sports.io/football/teams/154.png,,144,Atletico Goianiense,https://media.api-sports.io/football/teams/144.png,,0,0,0,0,0,0,,,,
328109,"Leandro Pedro Vuaden, Brazil",UTC,2020-10-04T23:30:00+00:00,1601854200,1601854200,1601857800,234.0,Estádio Governador Magalhães Pinto,"Belo Horizonte, Minas Gerais",Match Finished,FT,90,71,Serie A,Brazil,https://media.api-sports.io/football/leagues/71.png,https://media.api-sports.io/flags/br.svg,2020,Regular Season - 13,1062,Atletico-MG,https://media.api-sports.io/football/teams/1062.png,True,133,Vasco DA Gama,https://media.api-sports.io/football/teams/133.png,False,4,1,4,1,4,1,,,,
328121,"Jean Pierre Goncalves Lima, Brazil",UTC,2020-10-07T22:15:00+00:00,1602108900,1602108900,1602112500,11287.0,Estádio Governador Roberto Santos,"Salvador de Bahia, Bahia",Match Finished,FT,90,71,Serie A,Brazil,https://media.api-sports.io/football/leagues/71.png,https://media.api-sports.io/flags/br.svg,2020,Regular Season - 14,118,Bahia,https://media.api-sports.io/football/teams/118.png,True,133,Vasco DA Gama,https://media.api-sports.io/football/teams/133.png,False,3,0,3,0,3,0,,,,
328115,"Caio Max Augusto Vieira, Brazil",UTC,2020-10-07T22:15:00+00:00,1602108900,1602108900,1602112500,,Estádio do Maracanã,Rio de Janeiro,Match Finished,FT,90,71,Serie A,Brazil,https://media.api-sports.io/football/leagues/71.png,https://media.api-sports.io/flags/br.svg,2020,Regular Season - 14,127,Flamengo,https://media.api-sports.io/football/teams/127.png,True,123,Sport Recife,https://media.api-sports.io/football/teams/123.png,False,3,0,0,0,3,0,,,,
328120,"Ramon Abatti Abel, Brazil",UTC,2020-10-07T22:15:00+00:00,1602108900,1602108900,1602112500,241.0,Arena do Grêmio,"Porto Alegre, Rio Grande do Sul",Match Finished,FT,90,71,Serie A,Brazil,https://media.api-sports.io/football/leagues/71.png,https://media.api-sports.io/flags/br.svg,2020,Regular Season - 14,130,Gremio,https://media.api-sports.io/football/teams/130.png,True,147,Coritiba,https://media.api-sports.io/football/teams/147.png,False,2,1,2,0,2,1,,,,
328117,"Dyorgines Jose Padovani de Andrade, Brazil",UTC,2020-10-07T23:30:00+00:00,1602113400,1602113400,1602117000,,Morumbí,Sao Paulo,Match Finished,FT,90,71,Serie A,Brazil,https://media.api-sports.io/football/leagues/71.png,https://media.api-sports.io/flags/br.svg,2020,Regular Season - 14,126,Sao Paulo,https://media.api-sports.io/football/teams/126.png,True,144,Atletico Goianiense,https://media.api-sports.io/football/teams/144.png,False,3,0,1,0,3,0,,,,
328124,"Luiz Flavio De Oliveira, Brazil",UTC,2020-10-07T23:30:00+00:00,1602113400,1602113400,1602117000,240.0,Estádio de Hailé Pinheiro,"Goiânia, Goiás",Match Finished,FT,90,71,Serie A,Brazil,https://media.api-sports.io/football/leagues/71.png,https://media.api-sports.io/flags/br.svg,2020,Regular Season - 14,151,Goias,https://media.api-sports.io/football/teams/151.png,False,124,Fluminense,https://media.api-sports.io/football/teams/124.png,True,2,4,1,1,2,4,,,,
328119,"Marcelo De Lima Henrique, Brazil",UTC,2020-10-08T00:00:00+00:00,1602115200,1602115200,1602118800,,Neo Química Arena,Sao Paulo,Match Finished,FT,90,71,Serie A,Brazil,https://media.api-sports.io/football/leagues/71.png,https://media.api-sports.io/flags/br.svg,2020,Regular Season - 14,131,Corinthians,https://media.api-sports.io/football/teams/131.png,,128,Santos,https://media.api-sports.io/football/teams/128.png,,1,1,1,1,1,1,,,,
328116,"Rodolpho Toski Marques, Brazil",UTC,2020-10-08T00:30:00+00:00,1602117000,1602117000,1602120600,218.0,Estádio Nilton Santos,Rio de Janeiro,Match Finished,FT,90,71,Serie A,Brazil,https://media.api-sports.io/football/leagues/71.png,https://media.api-sports.io/flags/br.svg,2020,Regular Season - 14,120,Botafogo,https://media.api-sports.io/football/teams/120.png,True,121,Palmeiras,https://media.api-sports.io/football/teams/121.png,False,2,1,0,0,2,1,,,,
328123,"Savio Pereira Sampaio, Brazil",UTC,2020-10-08T00:30:00+00:00,1602117000,1602117000,1602120600,225.0,Estádio Governador Plácido Aderaldo Castelo,"Fortaleza, Ceará",Match Finished,FT,90,71,Serie A,Brazil,https://media.api-sports.io/football/leagues/71.png,https://media.api-sports.io/flags/br.svg,2020,Regular Season - 14,154,Fortaleza EC,https://media.api-sports.io/football/teams/154.png,True,1062,Atletico-MG,https://media.api-sports.io/football/teams/1062.png,False,2,1,1,1,2,1,,,,
328122,"Wilton Pereira Sampaio, Brazil",UTC,2020-10-09T00:00:00+00:00,1602201600,1602201600,1602205200,10493.0,Arena da Baixada,"Curitiba, Paraná",Match Finished,FT,90,71,Serie A,Brazil,https://media.api-sports.io/football/leagues/71.png,https://media.api-sports.io/flags/br.svg,2020,Regular Season - 14,134,Atletico Paranaense,https://media.api-sports.io/football/teams/134.png,,129,Ceara,https://media.api-sports.io/football/teams/129.png,,0,0,0,0,0,0,,,,
328118,"Felipe Fernandes de Lima, Brazil",UTC,2020-10-09T00:00:00+00:00,1602201600,1602201600,1602205200,220.0,Estádio Nabi Abi Chedid,"Bragança Paulista, São Paulo",Match Finished,FT,90,71,Serie A,Brazil,https://media.api-sports.io/football/leagues/71.png,https://media.api-sports.io/flags/br.svg,2020,Regular Season - 14,794,RB Bragantino,https://media.api-sports.io/football/teams/794.png,False,119,Internacional,https://media.api-sports.io/football/teams/119.png,True,0,2,0,2,0,2,,,,
328126,"Flavio Rodrigues De Souza, Brazil",UTC,2020-10-10T20:00:00+00:00,1602360000,1602360000,1602363600,279.0,Estádio Club de Regatas Vasco da Gama,"Rio de Janeiro, Rio de Janeiro",Match Finished,FT,90,71,Serie A,Brazil,https://media.api-sports.io/football/leagues/71.png,https://media.api-sports.io/flags/br.svg,2020,Regular Season - 15,133,Vasco DA Gama,https://media.api-sports.io/football/teams/133.png,False,127,Flamengo,https://media.api-sports.io/football/teams/127.png,True,1,2,1,0,1,2,,,,
328127,"Leandro Pedro Vuaden, Brazil",UTC,2020-10-11T00:00:00+00:00,1602374400,1602374400,1602378000,258.0,Allianz Parque,"São Paulo, São Paulo",Match Finished,FT,90,71,Serie A,Brazil,https://media.api-sports.io/football/leagues/71.png,https://media.api-sports.io/flags/br.svg,2020,Regular Season - 15,121,Palmeiras,https://media.api-sports.io/football/teams/121.png,False,126,Sao Paulo,https://media.api-sports.io/football/teams/126.png,True,0,2,0,0,0,2,,,,
328132,"Ricardo Marques Ribeiro, Brazil",UTC,2020-10-11T00:00:00+00:00,1602374400,1602374400,1602378000,230.0,Estádio Major Antônio Couto Pereira,"Curitiba, Paraná",Match Finished,FT,90,71,Serie A,Brazil,https://media.api-sports.io/football/leagues/71.png,https://media.api-sports.io/flags/br.svg,2020,Regular Season - 15,147,Coritiba,https://media.api-sports.io/football/teams/147.png,,154,Fortaleza EC,https://media.api-sports.io/football/teams/154.png,,0,0,0,0,0,0,,,,
328129,"Vinicius Goncalves Dias Araujo, Brazil",UTC,2020-10-11T00:00:00+00:00,1602374400,1602374400,1602378000,234.0,Estádio Governador Magalhães Pinto,"Belo Horizonte, Minas Gerais",Match Finished,FT,90,71,Serie A,Brazil,https://media.api-sports.io/football/leagues/71.png,https://media.api-sports.io/flags/br.svg,2020,Regular Season - 15,1062,Atletico-MG,https://media.api-sports.io/football/teams/1062.png,True,151,Goias,https://media.api-sports.io/football/teams/151.png,False,3,0,2,0,3,0,,,,
328125,"Jose Mendonca da Silva Junior, Brazil",UTC,2020-10-11T19:00:00+00:00,1602442800,1602442800,1602446400,,Estádio do Maracanã,Rio de Janeiro,Match Finished,FT,90,71,Serie A,Brazil,https://media.api-sports.io/football/leagues/71.png,https://media.api-sports.io/flags/br.svg,2020,Regular Season - 15,124,Fluminense,https://media.api-sports.io/football/teams/124.png,True,118,Bahia,https://media.api-sports.io/football/teams/118.png,False,1,0,0,0,1,0,,,,
328128,"Braulio Da Silva Machado, Brazil",UTC,2020-10-11T19:00:00+00:00,1602442800,1602442800,1602446400,10494.0,Estádio Urbano Caldeira,"Santos, São Paulo",Match Finished,FT,90,71,Serie A,Brazil,https://media.api-sports.io/football/leagues/71.png,https://media.api-sports.io/flags/br.svg,2020,Regular Season - 15,128,Santos,https://media.api-sports.io/football/teams/128.png,True,130,Gremio,https://media.api-sports.io/football/teams/130.png,False,2,1,1,0,2,1,,,,
328131,"Rodrigo D'alonso Ferreira, Brazil",UTC,2020-10-11T21:15:00+00:00,1602450900,1602450900,1602454500,276.0,Estádio Adelmar da Costa Carvalho,"Recife, Pernambuco",Match Finished,FT,90,71,Serie A,Brazil,https://media.api-sports.io/football/leagues/71.png,https://media.api-sports.io/flags/br.svg,2020,Regular Season - 15,123,Sport Recife,https://media.api-sports.io/football/teams/123.png,False,120,Botafogo,https://media.api-sports.io/football/teams/120.png,True,1,2,0,2,1,2,,,,
328134,"Heber Roberto Lopes, Brazil",UTC,2020-10-11T21:15:00+00:00,1602450900,1602450900,1602454500,7311.0,Estádio Olímpico Pedro Ludovico Teixeira,"Goiânia, Goiás",Match Finished,FT,90,71,Serie A,Brazil,https://media.api-sports.io/football/leagues/71.png,https://media.api-sports.io/flags/br.svg,2020,Regular Season - 15,144,Atletico Goianiense,https://media.api-sports.io/football/teams/144.png,True,794,RB Bragantino,https://media.api-sports.io/football/teams/794.png,False,2,1,1,1,2,1,,,,
328130,"Bruno Arleu de Araujo, Brazil",UTC,2020-10-11T23:30:00+00:00,1602459000,1602459000,1602462600,244.0,Estádio José Pinheiro Borda,"Porto Alegre, Rio Grande do Sul",Match Finished,FT,90,71,Serie A,Brazil,https://media.api-sports.io/football/leagues/71.png,https://media.api-sports.io/flags/br.svg,2020,Regular Season - 15,119,Internacional,https://media.api-sports.io/football/teams/119.png,True,134,Atletico Paranaense,https://media.api-sports.io/football/teams/134.png,False,2,1,2,1,2,1,,,,
328133,"Anderson Daronco, Brazil",UTC,2020-10-11T23:30:00+00:00,1602459000,1602459000,1602462600,225.0,Estádio Governador Plácido Aderaldo Castelo,"Fortaleza, Ceará",Match Finished,FT,90,71,Serie A,Brazil,https://media.api-sports.io/football/leagues/71.png,https://media.api-sports.io/flags/br.svg,2020,Regular Season - 15,129,Ceara,https://media.api-sports.io/football/teams/129.png,True,131,Corinthians,https://media.api-sports.io/football/teams/131.png,False,2,1,1,1,2,1,,,,
328085,"Paulo Roberto Alves Junior, Brazil",UTC,2020-10-13T21:00:00+00:00,1602622800,1602622800,1602626400,,Estádio do Maracanã,Rio de Janeiro,Match Finished,FT,90,71,Serie A,Brazil,https://media.api-sports.io/football/leagues/71.png,https://media.api-sports.io/flags/br.svg,2020,Regular Season - 11,127,Flamengo,https://media.api-sports.io/football/teams/127.png,True,151,Goias,https://media.api-sports.io/football/teams/151.png,False,2,1,1,1,2,1,,,,
328137,"Jefferson Ferreira de Moraes, Brazil",UTC,2020-10-14T21:00:00+00:00,1602709200,1602709200,1602712800,258.0,Allianz Parque,"São Paulo, São Paulo",Match Finished,FT,90,71,Serie A,Brazil,https://media.api-sports.io/football/leagues/71.png,https://media.api-sports.io/flags/br.svg,2020,Regular Season - 16,121,Palmeiras,https://media.api-sports.io/football/teams/121.png,False,147,Coritiba,https://media.api-sports.io/football/teams/147.png,True,1,3,1,2,1,3,,,,
328140,"Luiz Flavio De Oliveira, Brazil",UTC,2020-10-14T22:15:00+00:00,1602713700,1602713700,1602717300,241.0,Arena do Grêmio,"Porto Alegre, Rio Grande do Sul",Match Finished,FT,90,71,Serie A,Brazil,https://media.api-sports.io/football/leagues/71.png,https://media.api-sports.io/flags/br.svg,2020,Regular Season - 16,130,Gremio,https://media.api-sports.io/football/teams/130.png,True,120,Botafogo,https://media.api-sports.io/football/teams/120.png,False,3,1,1,1,3,1,,,,
328138,"Igor Junio Benevenuto, Brazil",UTC,2020-10-14T23:30:00+00:00,1602718200,1602718200,1602721800,10494.0,Estádio Urbano Caldeira,"Santos, São Paulo",Match Finished,FT,90,71,Serie A,Brazil,https://media.api-sports.io/football/leagues/71.png,https://media.api-sports.io/flags/br.svg,2020,Regular Season - 16,128,Santos,https://media.api-sports.io/football/teams/128.png,False,144,Atletico Goianiense,https://media.api-sports.io/football/teams/144.png,True,0,1,0,0,0,1,,,,
328141,"Wagner do Nascimento Magalhaes, Brazil",UTC,2020-10-15T00:30:00+00:00,1602721800,1602721800,1602725400,276.0,Estádio Adelmar da Costa Carvalho,"Recife, Pernambuco",Match Finished,FT,90,71,Serie A,Brazil,https://media.api-sports.io/football/leagues/71.png,https://media.api-sports.io/flags/br.svg,2020,Regular Season - 16,123,Sport Recife,https://media.api-sports.io/football/teams/123.png,False,119,Internacional,https://media.api-sports.io/football/teams/119.png,True,3,5,1,2,3,5,,,,
328142,"Savio Pereira Sampaio, Brazil",UTC,2020-10-15T00:30:00+00:00,1602721800,1602721800,1602725400,10493.0,Arena da Baixada,"Curitiba, Paraná",Match Finished,FT,90,71,Serie A,Brazil,https://media.api-sports.io/football/leagues/71.png,https://media.api-sports.io/flags/br.svg,2020,Regular Season - 16,134,Atletico Paranaense,https://media.api-sports.io/football/teams/134.png,False,131,Corinthians,https://media.api-sports.io/football/teams/131.png,True,0,1,0,0,0,1,,,,
328139,"Raphael Claus, Brazil",UTC,2020-10-15T00:30:00+00:00,1602721800,1602721800,1602725400,234.0,Estádio Governador Magalhães Pinto,"Belo Horizonte, Minas Gerais",Match Finished,FT,90,71,Serie A,Brazil,https://media.api-sports.io/football/leagues/71.png,https://media.api-sports.io/flags/br.svg,2020,Regular Season - 16,1062,Atletico-MG,https://media.api-sports.io/football/teams/1062.png,,124,Fluminense,https://media.api-sports.io/football/teams/124.png,,1,1,0,1,1,1,,,,
328135,"Daniel Nobre Bins, Brazil",UTC,2020-10-15T23:00:00+00:00,1602802800,1602802800,1602806400,,Estádio do Maracanã,Rio de Janeiro,Match Finished,FT,90,71,Serie A,Brazil,https://media.api-sports.io/football/leagues/71.png,https://media.api-sports.io/flags/br.svg,2020,Regular Season - 16,127,Flamengo,https://media.api-sports.io/football/teams/127.png,,794,RB Bragantino,https://media.api-sports.io/football/teams/794.png,,1,1,0,0,1,1,,,,
328144,"Rodrigo Carvalhaes de Miranda, Brazil",UTC,2020-10-16T23:00:00+00:00,1602889200,1602889200,1602892800,240.0,Estádio de Hailé Pinheiro,"Goiânia, Goiás",Match Finished,FT,90,71,Serie A,Brazil,https://media.api-sports.io/football/leagues/71.png,https://media.api-sports.io/flags/br.svg,2020,Regular Season - 16,151,Goias,https://media.api-sports.io/football/teams/151.png,,118,Bahia,https://media.api-sports.io/football/teams/118.png,,1,1,0,0,1,1,,,,
328145,"Gilberto Rodrigues Castro Junior, Brazil",UTC,2020-10-18T00:00:00+00:00,1602979200,1602979200,1602982800,,Estádio do Maracanã,Rio de Janeiro,Match Finished,FT,90,71,Serie A,Brazil,https://media.api-sports.io/football/leagues/71.png,https://media.api-sports.io/flags/br.svg,2020,Regular Season - 17,124,Fluminense,https://media.api-sports.io/football/teams/124.png,,129,Ceara,https://media.api-sports.io/football/teams/129.png,,2,2,1,1,2,2,,,,
328147,"Rafael Traci, Brazil",UTC,2020-10-18T00:00:00+00:00,1602979200,1602979200,1602982800,,Morumbí,Sao Paulo,Match Finished,FT,90,71,Serie A,Brazil,https://media.api-sports.io/football/leagues/71.png,https://media.api-sports.io/flags/br.svg,2020,Regular Season - 17,126,Sao Paulo,https://media.api-sports.io/football/teams/126.png,,130,Gremio,https://media.api-sports.io/football/teams/130.png,,0,0,0,0,0,0,,,,
328154,"Pablo Ramon Goncalves Pinheiro, Brazil",UTC,2020-10-18T00:00:00+00:00,1602979200,1602979200,1602982800,7311.0,Estádio Olímpico Pedro Ludovico Teixeira,"Goiânia, Goiás",Match Finished,FT,90,71,Serie A,Brazil,https://media.api-sports.io/football/leagues/71.png,https://media.api-sports.io/flags/br.svg,2020,Regular Season - 17,144,Atletico Goianiense,https://media.api-sports.io/football/teams/144.png,,134,Atletico Paranaense,https://media.api-sports.io/football/teams/134.png,,1,1,1,0,1,1,,,,
328152,"Bruno Arleu de Araujo, Brazil",UTC,2020-10-18T00:00:00+00:00,1602979200,1602979200,1602982800,230.0,Estádio Major Antônio Couto Pereira,"Curitiba, Paraná",Match Finished,FT,90,71,Serie A,Brazil,https://media.api-sports.io/football/leagues/71.png,https://media.api-sports.io/flags/br.svg,2020,Regular Season - 17,147,Coritiba,https://media.api-sports.io/football/teams/147.png,False,128,Santos,https://media.api-sports.io/football/teams/128.png,True,1,2,0,2,1,2,,,,
328149,"Leandro Pedro Vuaden, Brazil",UTC,2020-10-18T19:00:00+00:00,1603047600,1603047600,1603051200,,Neo Química Arena,Sao Paulo,Match Finished,FT,90,71,Serie A,Brazil,https://media.api-sports.io/football/leagues/71.png,https://media.api-sports.io/flags/br.svg,2020,Regular Season - 17,131,Corinthians,https://media.api-sports.io/football/teams/131.png,False,127,Flamengo,https://media.api-sports.io/football/teams/127.png,True,1,5,0,1,1,5,,,,
328150,"Braulio Da Silva Machado, Brazil",UTC,2020-10-18T21:15:00+00:00,1603055700,1603055700,1603059300,244.0,Estádio José Pinheiro Borda,"Porto Alegre, Rio Grande do Sul",Match Finished,FT,90,71,Serie A,Brazil,https://media.api-sports.io/football/leagues/71.png,https://media.api-sports.io/flags/br.svg,2020,Regular Season - 17,119,Internacional,https://media.api-sports.io/football/teams/119.png,True,133,Vasco DA Gama,https://media.api-sports.io/football/teams/133.png,False,2,0,2,0,2,0,,,,
328153,"Marcelo De Lima Henrique, Brazil",UTC,2020-10-18T23:30:00+00:00,1603063800,1603063800,1603067400,225.0,Estádio Governador Plácido Aderaldo Castelo,"Fortaleza, Ceará",Match Finished,FT,90,71,Serie A,Brazil,https://media.api-sports.io/football/leagues/71.png,https://media.api-sports.io/flags/br.svg,2020,Regular Season - 17,154,Fortaleza EC,https://media.api-sports.io/football/teams/154.png,True,121,Palmeiras,https://media.api-sports.io/football/teams/121.png,False,2,0,2,0,2,0,,,,
328148,"Ricardo Marques Ribeiro, Brazil",UTC,2020-10-18T23:30:00+00:00,1603063800,1603063800,1603067400,220.0,Estádio Nabi Abi Chedid,"Bragança Paulista, São Paulo",Match Finished,FT,90,71,Serie A,Brazil,https://media.api-sports.io/football/leagues/71.png,https://media.api-sports.io/flags/br.svg,2020,Regular Season - 17,794,RB Bragantino,https://media.api-sports.io/football/teams/794.png,True,123,Sport Recife,https://media.api-sports.io/football/teams/123.png,False,2,0,0,0,2,0,,,,
328151,"Anderson Daronco, Brazil",UTC,2020-10-19T23:00:00+00:00,1603148400,1603148400,1603152000,11287.0,Estádio Governador Roberto Santos,"Salvador de Bahia, Bahia",Match Finished,FT,90,71,Serie A,Brazil,https://media.api-sports.io/football/leagues/71.png,https://media.api-sports.io/flags/br.svg,2020,Regular Season - 17,118,Bahia,https://media.api-sports.io/football/teams/118.png,True,1062,Atletico-MG,https://media.api-sports.io/football/teams/1062.png,False,3,1,0,1,3,1,,,,
328146,"Edina Alves Batista, Brazil",UTC,2020-10-19T23:00:00+00:00,1603148400,1603148400,1603152000,218.0,Estádio Nilton Santos,Rio de Janeiro,Match Finished,FT,90,71,Serie A,Brazil,https://media.api-sports.io/football/leagues/71.png,https://media.api-sports.io/flags/br.svg,2020,Regular Season - 17,120,Botafogo,https://media.api-sports.io/football/teams/120.png,,151,Goias,https://media.api-sports.io/football/teams/151.png,,0,0,0,0,0,0,,,,
328156,"Caio Max Augusto Vieira, Brazil",UTC,2020-10-22T00:30:00+00:00,1603326600,1603326600,1603330200,279.0,Estádio Club de Regatas Vasco da Gama,"Rio de Janeiro, Rio de Janeiro",Match Finished,FT,90,71,Serie A,Brazil,https://media.api-sports.io/football/leagues/71.png,https://media.api-sports.io/flags/br.svg,2020,Regular Season - 18,133,Vasco DA Gama,https://media.api-sports.io/football/teams/133.png,False,131,Corinthians,https://media.api-sports.io/football/teams/131.png,True,1,2,0,1,1,2,,,,
328158,"Ramon Abatti Abel, Brazil",UTC,2020-10-24T20:00:00+00:00,1603569600,1603569600,1603573200,220.0,Estádio Nabi Abi Chedid,"Bragança Paulista, São Paulo",Match Finished,FT,90,71,Serie A,Brazil,https://media.api-sports.io/football/leagues/71.png,https://media.api-sports.io/flags/br.svg,2020,Regular Season - 18,794,RB Bragantino,https://media.api-sports.io/football/teams/794.png,True,151,Goias,https://media.api-sports.io/football/teams/151.png,False,2,0,1,0,2,0,,,,
328163,Felipe Fernandes de Lima,UTC,2020-10-25T00:00:00+00:00,1603584000,1603584000,1603587600,225.0,Estádio Governador Plácido Aderaldo Castelo,"Fortaleza, Ceará",Match Finished,FT,90,71,Serie A,Brazil,https://media.api-sports.io/football/leagues/71.png,https://media.api-sports.io/flags/br.svg,2020,Regular Season - 18,129,Ceara,https://media.api-sports.io/football/teams/129.png,True,147,Coritiba,https://media.api-sports.io/football/teams/147.png,False,2,1,1,1,2,1,,,,
328159,Paulo Roberto Alves Júnior,UTC,2020-10-25T01:00:00+00:00,1603587600,1603587600,1603591200,234.0,Estádio Governador Magalhães Pinto,"Belo Horizonte, Minas Gerais",Match Finished,FT,90,71,Serie A,Brazil,https://media.api-sports.io/football/leagues/71.png,https://media.api-sports.io/flags/br.svg,2020,Regular Season - 18,1062,Atletico-MG,https://media.api-sports.io/football/teams/1062.png,,123,Sport Recife,https://media.api-sports.io/football/teams/123.png,,0,0,0,0,0,0,,,,
328155,"Anderson Daronco, Brazil",UTC,2020-10-25T19:00:00+00:00,1603652400,1603652400,1603656000,,Estádio do Maracanã,Rio de Janeiro,Match Finished,FT,90,71,Serie A,Brazil,https://media.api-sports.io/football/leagues/71.png,https://media.api-sports.io/flags/br.svg,2020,Regular Season - 18,124,Fluminense,https://media.api-sports.io/football/teams/124.png,True,128,Santos,https://media.api-sports.io/football/teams/128.png,False,3,1,1,1,3,1,,,,
328164,"Savio Pereira Sampaio, Brazil",UTC,2020-10-25T19:00:00+00:00,1603652400,1603652400,1603656000,7311.0,Estádio Olímpico Pedro Ludovico Teixeira,"Goiânia, Goiás",Match Finished,FT,90,71,Serie A,Brazil,https://media.api-sports.io/football/leagues/71.png,https://media.api-sports.io/flags/br.svg,2020,Regular Season - 18,144,Atletico Goianiense,https://media.api-sports.io/football/teams/144.png,False,121,Palmeiras,https://media.api-sports.io/football/teams/121.png,True,0,3,0,1,0,3,,,,
328160,"Wilton Pereira Sampaio, Brazil",UTC,2020-10-25T21:15:00+00:00,1603660500,1603660500,1603664100,244.0,Estádio José Pinheiro Borda,"Porto Alegre, Rio Grande do Sul",Match Finished,FT,90,71,Serie A,Brazil,https://media.api-sports.io/football/leagues/71.png,https://media.api-sports.io/flags/br.svg,2020,Regular Season - 18,119,Internacional,https://media.api-sports.io/football/teams/119.png,,127,Flamengo,https://media.api-sports.io/football/teams/127.png,,2,2,2,1,2,2,,,,
328162,"Flavio Rodrigues De Souza, Brazil",UTC,2020-10-25T21:15:00+00:00,1603660500,1603660500,1603664100,10493.0,Arena da Baixada,"Curitiba, Paraná",Match Finished,FT,90,71,Serie A,Brazil,https://media.api-sports.io/football/leagues/71.png,https://media.api-sports.io/flags/br.svg,2020,Regular Season - 18,134,Atletico Paranaense,https://media.api-sports.io/football/teams/134.png,False,130,Gremio,https://media.api-sports.io/football/teams/130.png,True,1,2,1,0,1,2,,,,
328166,"Diego Pombo Lopez, Brazil",UTC,2020-10-31T20:00:00+00:00,1604174400,1604174400,1604178000,218.0,Estádio Nilton Santos,Rio de Janeiro,Match Finished,FT,90,71,Serie A,Brazil,https://media.api-sports.io/football/leagues/71.png,https://media.api-sports.io/flags/br.svg,2020,Regular Season - 19,120,Botafogo,https://media.api-sports.io/football/teams/120.png,,129,Ceara,https://media.api-sports.io/football/teams/129.png,,2,2,2,1,2,2,,,,
328169,"Paulo Roberto Alves Junior, Brazil",UTC,2020-10-31T22:00:00+00:00,1604181600,1604181600,1604185200,,Neo Química Arena,Sao Paulo,Match Finished,FT,90,71,Serie A,Brazil,https://media.api-sports.io/football/leagues/71.png,https://media.api-sports.io/flags/br.svg,2020,Regular Season - 19,131,Corinthians,https://media.api-sports.io/football/teams/131.png,True,119,Internacional,https://media.api-sports.io/football/teams/119.png,False,1,0,1,0,1,0,,,,
328172,"Daniel Nobre Bins, Brazil",UTC,2020-10-31T22:00:00+00:00,1604181600,1604181600,1604185200,230.0,Estádio Major Antônio Couto Pereira,"Curitiba, Paraná",Match Finished,FT,90,71,Serie A,Brazil,https://media.api-sports.io/football/leagues/71.png,https://media.api-sports.io/flags/br.svg,2020,Regular Season - 19,147,Coritiba,https://media.api-sports.io/football/teams/147.png,True,144,Atletico Goianiense,https://media.api-sports.io/football/teams/144.png,False,1,0,1,0,1,0,,,,
328173,Marielson Alves Silva,UTC,2020-11-01T00:00:00+00:00,1604188800,1604188800,1604192400,225.0,Estádio Governador Plácido Aderaldo Castelo,"Fortaleza, Ceará",Match Finished,FT,90,71,Serie A,Brazil,https://media.api-sports.io/football/leagues/71.png,https://media.api-sports.io/flags/br.svg,2020,Regular Season - 19,154,Fortaleza EC,https://media.api-sports.io/football/teams/154.png,False,124,Fluminense,https://media.api-sports.io/football/teams/124.png,True,0,1,0,0,0,1,,,,
328171,"Jefferson Ferreira de Moraes, Brazil",UTC,2020-11-01T19:00:00+00:00,1604257200,1604257200,1604260800,276.0,Estádio Adelmar da Costa Carvalho,"Recife, Pernambuco",Match Finished,FT,90,71,Serie A,Brazil,https://media.api-sports.io/football/leagues/71.png,https://media.api-sports.io/flags/br.svg,2020,Regular Season - 19,123,Sport Recife,https://media.api-sports.io/football/teams/123.png,True,134,Atletico Paranaense,https://media.api-sports.io/football/teams/134.png,False,1,0,0,0,1,0,,,,
328165,"Caio Max Augusto Vieira, Brazil",UTC,2020-11-01T19:00:00+00:00,1604257200,1604257200,1604260800,,Estádio do Maracanã,Rio de Janeiro,Match Finished,FT,90,71,Serie A,Brazil,https://media.api-sports.io/football/leagues/71.png,https://media.api-sports.io/flags/br.svg,2020,Regular Season - 19,127,Flamengo,https://media.api-sports.io/football/teams/127.png,False,126,Sao Paulo,https://media.api-sports.io/football/teams/126.png,True,1,4,1,2,1,4,,,,
328168,"Heber Roberto Lopes, Brazil",UTC,2020-11-01T21:15:00+00:00,1604265300,1604265300,1604268900,10494.0,Estádio Urbano Caldeira,"Santos, São Paulo",Match Finished,FT,90,71,Serie A,Brazil,https://media.api-sports.io/football/leagues/71.png,https://media.api-sports.io/flags/br.svg,2020,Regular Season - 19,128,Santos,https://media.api-sports.io/football/teams/128.png,True,118,Bahia,https://media.api-sports.io/football/teams/118.png,False,3,1,3,1,3,1,,,,
328174,"Igor Junio Benevenuto, Brazil",UTC,2020-11-01T23:30:00+00:00,1604273400,1604273400,1604277000,240.0,Estádio de Hailé Pinheiro,"Goiânia, Goiás",Match Finished,FT,90,71,Serie A,Brazil,https://media.api-sports.io/football/leagues/71.png,https://media.api-sports.io/flags/br.svg,2020,Regular Season - 19,151,Goias,https://media.api-sports.io/football/teams/151.png,,133,Vasco DA Gama,https://media.api-sports.io/football/teams/133.png,,1,1,0,1,1,1,,,,
328167,"Braulio Da Silva Machado, Brazil",UTC,2020-11-02T20:00:00+00:00,1604347200,1604347200,1604350800,258.0,Allianz Parque,"São Paulo, São Paulo",Match Finished,FT,90,71,Serie A,Brazil,https://media.api-sports.io/football/leagues/71.png,https://media.api-sports.io/flags/br.svg,2020,Regular Season - 19,121,Palmeiras,https://media.api-sports.io/football/teams/121.png,True,1062,Atletico-MG,https://media.api-sports.io/football/teams/1062.png,False,3,0,1,0,3,0,,,,
328170,"Savio Pereira Sampaio, Brazil",UTC,2020-11-02T23:00:00+00:00,1604358000,1604358000,1604361600,241.0,Arena do Grêmio,"Porto Alegre, Rio Grande do Sul",Match Finished,FT,90,71,Serie A,Brazil,https://media.api-sports.io/football/leagues/71.png,https://media.api-sports.io/flags/br.svg,2020,Regular Season - 19,130,Gremio,https://media.api-sports.io/football/teams/130.png,True,794,RB Bragantino,https://media.api-sports.io/football/teams/794.png,False,2,1,0,0,2,1,,,,
328183,"Ramon Abatti Abel, Brazil",UTC,2020-11-07T21:00:00+00:00,1604782800,1604782800,1604786400,10493.0,Arena da Baixada,"Curitiba, Paraná",Match Finished,FT,90,71,Serie A,Brazil,https://media.api-sports.io/football/leagues/71.png,https://media.api-sports.io/flags/br.svg,2020,Regular Season - 20,134,Atletico Paranaense,https://media.api-sports.io/football/teams/134.png,True,154,Fortaleza EC,https://media.api-sports.io/football/teams/154.png,False,2,1,0,1,2,1,,,,
328184,"Gilberto Rodrigues Castro Junior, Brazil",UTC,2020-11-07T22:00:00+00:00,1604786400,1604786400,1604790000,,Morumbí,Sao Paulo,Match Finished,FT,90,71,Serie A,Brazil,https://media.api-sports.io/football/leagues/71.png,https://media.api-sports.io/flags/br.svg,2020,Regular Season - 20,126,Sao Paulo,https://media.api-sports.io/football/teams/126.png,True,151,Goias,https://media.api-sports.io/football/teams/151.png,False,2,1,1,1,2,1,,,,
328179,Jean Pierre Goncalves Lima,UTC,2020-11-08T00:00:00+00:00,1604793600,1604793600,1604797200,7311.0,Estádio Olímpico Pedro Ludovico Teixeira,"Goiânia, Goiás",Match Finished,FT,90,71,Serie A,Brazil,https://media.api-sports.io/football/leagues/71.png,https://media.api-sports.io/flags/br.svg,2020,Regular Season - 20,144,Atletico Goianiense,https://media.api-sports.io/football/teams/144.png,,131,Corinthians,https://media.api-sports.io/football/teams/131.png,,1,1,1,0,1,1,,,,
328182,"Dyorgines Jose Padovani de Andrade, Brazil",UTC,2020-11-08T19:00:00+00:00,1604862000,1604862000,1604865600,244.0,Estádio José Pinheiro Borda,"Porto Alegre, Rio Grande do Sul",Match Finished,FT,90,71,Serie A,Brazil,https://media.api-sports.io/football/leagues/71.png,https://media.api-sports.io/flags/br.svg,2020,Regular Season - 20,119,Internacional,https://media.api-sports.io/football/teams/119.png,,147,Coritiba,https://media.api-sports.io/football/teams/147.png,,2,2,1,0,2,2,,,,
328177,"Anderson Daronco, Brazil",UTC,2020-11-08T19:00:00+00:00,1604862000,1604862000,1604865600,279.0,Estádio Club de Regatas Vasco da Gama,"Rio de Janeiro, Rio de Janeiro",Match Finished,FT,90,71,Serie A,Brazil,https://media.api-sports.io/football/leagues/71.png,https://media.api-sports.io/flags/br.svg,2020,Regular Season - 20,133,Vasco DA Gama,https://media.api-sports.io/football/teams/133.png,False,121,Palmeiras,https://media.api-sports.io/football/teams/121.png,True,0,1,0,0,0,1,,,,
328176,"Jefferson Ferreira de Moraes, Brazil",UTC,2020-11-08T21:15:00+00:00,1604870100,1604870100,1604873700,216.0,Arena Fonte Nova,"Salvador, Bahia",Match Finished,FT,90,71,Serie A,Brazil,https://media.api-sports.io/football/leagues/71.png,https://media.api-sports.io/flags/br.svg,2020,Regular Season - 20,118,Bahia,https://media.api-sports.io/football/teams/118.png,True,120,Botafogo,https://media.api-sports.io/football/teams/120.png,False,1,0,0,0,1,0,,,,
328178,"Vinicius Furlan, Brazil",UTC,2020-11-08T21:15:00+00:00,1604870100,1604870100,1604873700,220.0,Estádio Nabi Abi Chedid,"Bragança Paulista, São Paulo",Match Finished,FT,90,71,Serie A,Brazil,https://media.api-sports.io/football/leagues/71.png,https://media.api-sports.io/flags/br.svg,2020,Regular Season - 20,794,RB Bragantino,https://media.api-sports.io/football/teams/794.png,,128,Santos,https://media.api-sports.io/football/teams/128.png,,1,1,0,0,1,1,,,,
328175,"Savio Pereira Sampaio, Brazil",UTC,2020-11-08T21:15:00+00:00,1604870100,1604870100,1604873700,234.0,Estádio Governador Magalhães Pinto,"Belo Horizonte, Minas Gerais",Match Finished,FT,90,71,Serie A,Brazil,https://media.api-sports.io/football/leagues/71.png,https://media.api-sports.io/flags/br.svg,2020,Regular Season - 20,1062,Atletico-MG,https://media.api-sports.io/football/teams/1062.png,True,127,Flamengo,https://media.api-sports.io/football/teams/127.png,False,4,0,2,0,4,0,,,,
328180,"Edina Alves Batista, Brazil",UTC,2020-11-08T23:30:00+00:00,1604878200,1604878200,1604881800,,Estádio do Maracanã,Rio de Janeiro,Match Finished,FT,90,71,Serie A,Brazil,https://media.api-sports.io/football/leagues/71.png,https://media.api-sports.io/flags/br.svg,2020,Regular Season - 20,124,Fluminense,https://media.api-sports.io/football/teams/124.png,False,130,Gremio,https://media.api-sports.io/football/teams/130.png,True,0,1,0,1,0,1,,,,
328181,"Ricardo Marques Ribeiro, Brazil",UTC,2020-11-08T23:30:00+00:00,1604878200,1604878200,1604881800,225.0,Estádio Governador Plácido Aderaldo Castelo,"Fortaleza, Ceará",Match Finished,FT,90,71,Serie A,Brazil,https://media.api-sports.io/football/leagues/71.png,https://media.api-sports.io/flags/br.svg,2020,Regular Season - 20,129,Ceara,https://media.api-sports.io/football/teams/129.png,,123,Sport Recife,https://media.api-sports.io/football/teams/123.png,,0,0,0,0,0,0,,,,
328161,"Wagner do Nascimento Magalhaes, Brazil",UTC,2020-11-11T21:45:00+00:00,1605131100,1605131100,1605134700,216.0,Arena Fonte Nova,"Salvador, Bahia",Match Finished,FT,90,71,Serie A,Brazil,https://media.api-sports.io/football/leagues/71.png,https://media.api-sports.io/flags/br.svg,2020,Regular Season - 18,118,Bahia,https://media.api-sports.io/football/teams/118.png,True,154,Fortaleza EC,https://media.api-sports.io/football/teams/154.png,False,2,1,1,0,2,1,,,,
328186,"Heber Roberto Lopes, Brazil",UTC,2020-11-14T19:30:00+00:00,1605382200,1605382200,1605385800,276.0,Estádio Adelmar da Costa Carvalho,"Recife, Pernambuco",Match Finished,FT,90,71,Serie A,Brazil,https://media.api-sports.io/football/leagues/71.png,https://media.api-sports.io/flags/br.svg,2020,Regular Season - 21,123,Sport Recife,https://media.api-sports.io/football/teams/123.png,False,133,Vasco DA Gama,https://media.api-sports.io/football/teams/133.png,True,0,2,0,1,0,2,,,,
328190,"Savio Pereira Sampaio, Brazil",UTC,2020-11-14T19:30:00+00:00,1605382200,1605382200,1605385800,10494.0,Estádio Urbano Caldeira,"Santos, São Paulo",Match Finished,FT,90,71,Serie A,Brazil,https://media.api-sports.io/football/leagues/71.png,https://media.api-sports.io/flags/br.svg,2020,Regular Season - 21,128,Santos,https://media.api-sports.io/football/teams/128.png,True,119,Internacional,https://media.api-sports.io/football/teams/119.png,False,2,0,0,0,2,0,,,,
328192,"Flavio Rodrigues De Souza, Brazil",UTC,2020-11-14T20:00:00+00:00,1605384000,1605384000,1605387600,240.0,Estádio de Hailé Pinheiro,"Goiânia, Goiás",Match Finished,FT,90,71,Serie A,Brazil,https://media.api-sports.io/football/leagues/71.png,https://media.api-sports.io/flags/br.svg,2020,Regular Season - 21,151,Goias,https://media.api-sports.io/football/teams/151.png,False,134,Atletico Paranaense,https://media.api-sports.io/football/teams/134.png,True,0,1,0,1,0,1,,,,
328193,"Jose Mendonca da Silva Junior, Brazil",UTC,2020-11-14T22:00:00+00:00,1605391200,1605391200,1605394800,241.0,Arena do Grêmio,"Porto Alegre, Rio Grande do Sul",Match Finished,FT,90,71,Serie A,Brazil,https://media.api-sports.io/football/leagues/71.png,https://media.api-sports.io/flags/br.svg,2020,Regular Season - 21,130,Gremio,https://media.api-sports.io/football/teams/130.png,True,129,Ceara,https://media.api-sports.io/football/teams/129.png,False,4,2,3,1,4,2,,,,
328189,"Rodrigo D'alonso Ferreira, Brazil",UTC,2020-11-14T22:00:00+00:00,1605391200,1605391200,1605394800,,Neo Química Arena,Sao Paulo,Match Finished,FT,90,71,Serie A,Brazil,https://media.api-sports.io/football/leagues/71.png,https://media.api-sports.io/flags/br.svg,2020,Regular Season - 21,131,Corinthians,https://media.api-sports.io/football/teams/131.png,False,1062,Atletico-MG,https://media.api-sports.io/football/teams/1062.png,True,1,2,1,0,1,2,,,,
328187,"Marcelo De Lima Henrique, Brazil",UTC,2020-11-14T22:00:00+00:00,1605391200,1605391200,1605394800,225.0,Estádio Governador Plácido Aderaldo Castelo,"Fortaleza, Ceará",Match Finished,FT,90,71,Serie A,Brazil,https://media.api-sports.io/football/leagues/71.png,https://media.api-sports.io/flags/br.svg,2020,Regular Season - 21,154,Fortaleza EC,https://media.api-sports.io/football/teams/154.png,False,126,Sao Paulo,https://media.api-sports.io/football/teams/126.png,True,2,3,1,1,2,3,,,,
328185,"Leandro Pedro Vuaden, Brazil",UTC,2020-11-15T00:30:00+00:00,1605400200,1605400200,1605403800,258.0,Allianz Parque,"São Paulo, São Paulo",Match Finished,FT,90,71,Serie A,Brazil,https://media.api-sports.io/football/leagues/71.png,https://media.api-sports.io/flags/br.svg,2020,Regular Season - 21,121,Palmeiras,https://media.api-sports.io/football/teams/121.png,True,124,Fluminense,https://media.api-sports.io/football/teams/124.png,False,2,0,0,0,2,0,,,,
328194,"Rafael Traci, Brazil",UTC,2020-11-15T00:30:00+00:00,1605400200,1605400200,1605403800,,Estádio do Maracanã,Rio de Janeiro,Match Finished,FT,90,71,Serie A,Brazil,https://media.api-sports.io/football/leagues/71.png,https://media.api-sports.io/flags/br.svg,2020,Regular Season - 21,127,Flamengo,https://media.api-sports.io/football/teams/127.png,,144,Atletico Goianiense,https://media.api-sports.io/football/teams/144.png,,1,1,1,0,1,1,,,,
328191,"Igor Junio Benevenuto, Brazil",UTC,2020-11-16T21:00:00+00:00,1605560400,1605560400,1605564000,230.0,Estádio Major Antônio Couto Pereira,"Curitiba, Paraná",Match Finished,FT,90,71,Serie A,Brazil,https://media.api-sports.io/football/leagues/71.png,https://media.api-sports.io/flags/br.svg,2020,Regular Season - 21,147,Coritiba,https://media.api-sports.io/football/teams/147.png,False,118,Bahia,https://media.api-sports.io/football/teams/118.png,True,1,2,1,1,1,2,,,,
328188,"Rodolpho Toski Marques, Brazil",UTC,2020-11-16T23:00:00+00:00,1605567600,1605567600,1605571200,218.0,Estádio Nilton Santos,Rio de Janeiro,Match Finished,FT,90,71,Serie A,Brazil,https://media.api-sports.io/football/leagues/71.png,https://media.api-sports.io/flags/br.svg,2020,Regular Season - 21,120,Botafogo,https://media.api-sports.io/football/teams/120.png,False,794,RB Bragantino,https://media.api-sports.io/football/teams/794.png,True,1,2,1,1,1,2,,,,
328039,"Dyorgines Jose Padovani de Andrade, Brazil",UTC,2020-11-18T22:00:00+00:00,1605736800,1605736800,1605740400,234.0,Estádio Governador Magalhães Pinto,"Belo Horizonte, Minas Gerais",Match Finished,FT,90,71,Serie A,Brazil,https://media.api-sports.io/football/leagues/71.png,https://media.api-sports.io/flags/br.svg,2020,Regular Season - 6,1062,Atletico-MG,https://media.api-sports.io/football/teams/1062.png,False,134,Atletico Paranaense,https://media.api-sports.io/football/teams/134.png,True,0,2,0,2,0,2,,,,
328136,"Jean Pierre Goncalves Lima, Brazil",UTC,2020-11-19T22:00:00+00:00,1605823200,1605823200,1605826800,279.0,Estádio Club de Regatas Vasco da Gama,"Rio de Janeiro, Rio de Janeiro",Match Finished,FT,90,71,Serie A,Brazil,https://media.api-sports.io/football/leagues/71.png,https://media.api-sports.io/flags/br.svg,2020,Regular Season - 16,133,Vasco DA Gama,https://media.api-sports.io/football/teams/133.png,,154,Fortaleza EC,https://media.api-sports.io/football/teams/154.png,,0,0,0,0,0,0,,,,
328201,"Anderson Daronco, Brazil",UTC,2020-11-20T23:00:00+00:00,1605913200,1605913200,1605916800,220.0,Estádio Nabi Abi Chedid,"Bragança Paulista, São Paulo",Match Finished,FT,90,71,Serie A,Brazil,https://media.api-sports.io/football/leagues/71.png,https://media.api-sports.io/flags/br.svg,2020,Regular Season - 22,794,RB Bragantino,https://media.api-sports.io/football/teams/794.png,True,118,Bahia,https://media.api-sports.io/football/teams/118.png,False,4,0,3,0,4,0,,,,
328202,"Ricardo Marques Ribeiro, Brazil",UTC,2020-11-21T22:00:00+00:00,1605996000,1605996000,1605999600,,Estádio do Maracanã,Rio de Janeiro,Match Finished,FT,90,71,Serie A,Brazil,https://media.api-sports.io/football/leagues/71.png,https://media.api-sports.io/flags/br.svg,2020,Regular Season - 22,127,Flamengo,https://media.api-sports.io/football/teams/127.png,True,147,Coritiba,https://media.api-sports.io/football/teams/147.png,False,3,1,2,0,3,1,,,,
328198,"Marcelo De Lima Henrique, Brazil",UTC,2020-11-21T22:00:00+00:00,1605996000,1605996000,1605999600,10493.0,Arena da Baixada,"Curitiba, Paraná",Match Finished,FT,90,71,Serie A,Brazil,https://media.api-sports.io/football/leagues/71.png,https://media.api-sports.io/flags/br.svg,2020,Regular Season - 22,134,Atletico Paranaense,https://media.api-sports.io/football/teams/134.png,True,128,Santos,https://media.api-sports.io/football/teams/128.png,False,1,0,0,0,1,0,,,,
328197,Bruno Arleu de Araujo,UTC,2020-11-22T00:00:00+00:00,1606003200,1606003200,1606006800,240.0,Estádio de Hailé Pinheiro,"Goiânia, Goiás",Match Finished,FT,90,71,Serie A,Brazil,https://media.api-sports.io/football/leagues/71.png,https://media.api-sports.io/flags/br.svg,2020,Regular Season - 22,151,Goias,https://media.api-sports.io/football/teams/151.png,True,121,Palmeiras,https://media.api-sports.io/football/teams/121.png,False,1,0,0,0,1,0,,,,
328196,"Braulio Da Silva Machado, Brazil",UTC,2020-11-22T19:00:00+00:00,1606071600,1606071600,1606075200,,Morumbí,Sao Paulo,Match Finished,FT,90,71,Serie A,Brazil,https://media.api-sports.io/football/leagues/71.png,https://media.api-sports.io/flags/br.svg,2020,Regular Season - 22,126,Sao Paulo,https://media.api-sports.io/football/teams/126.png,,133,Vasco DA Gama,https://media.api-sports.io/football/teams/133.png,,1,1,1,1,1,1,,,,
328199,"Raphael Claus, Brazil",UTC,2020-11-22T19:00:00+00:00,1606071600,1606071600,1606075200,225.0,Estádio Governador Plácido Aderaldo Castelo,"Fortaleza, Ceará",Match Finished,FT,90,71,Serie A,Brazil,https://media.api-sports.io/football/leagues/71.png,https://media.api-sports.io/flags/br.svg,2020,Regular Season - 22,129,Ceara,https://media.api-sports.io/football/teams/129.png,,1062,Atletico-MG,https://media.api-sports.io/football/teams/1062.png,,2,2,0,1,2,2,,,,
328195,"Luiz Flavio De Oliveira, Brazil",UTC,2020-11-22T21:15:00+00:00,1606079700,1606079700,1606083300,244.0,Estádio José Pinheiro Borda,"Porto Alegre, Rio Grande do Sul",Match Finished,FT,90,71,Serie A,Brazil,https://media.api-sports.io/football/leagues/71.png,https://media.api-sports.io/flags/br.svg,2020,Regular Season - 22,119,Internacional,https://media.api-sports.io/football/teams/119.png,False,124,Fluminense,https://media.api-sports.io/football/teams/124.png,True,1,2,1,0,1,2,,,,
328203,"Heber Roberto Lopes, Brazil",UTC,2020-11-22T21:15:00+00:00,1606079700,1606079700,1606083300,218.0,Estádio Nilton Santos,Rio de Janeiro,Match Finished,FT,90,71,Serie A,Brazil,https://media.api-sports.io/football/leagues/71.png,https://media.api-sports.io/flags/br.svg,2020,Regular Season - 22,120,Botafogo,https://media.api-sports.io/football/teams/120.png,False,154,Fortaleza EC,https://media.api-sports.io/football/teams/154.png,True,1,2,0,0,1,2,,,,
328200,"Caio Max Augusto Vieira, Brazil",UTC,2020-11-22T23:30:00+00:00,1606087800,1606087800,1606091400,,Neo Química Arena,Sao Paulo,Match Finished,FT,90,71,Serie A,Brazil,https://media.api-sports.io/football/leagues/71.png,https://media.api-sports.io/flags/br.svg,2020,Regular Season - 22,131,Corinthians,https://media.api-sports.io/football/teams/131.png,,130,Gremio,https://media.api-sports.io/football/teams/130.png,,0,0,0,0,0,0,,,,
328204,"Edina Alves Batista, Brazil",UTC,2020-11-23T23:00:00+00:00,1606172400,1606172400,1606176000,276.0,Estádio Adelmar da Costa Carvalho,"Recife, Pernambuco",Match Finished,FT,90,71,Serie A,Brazil,https://media.api-sports.io/football/leagues/71.png,https://media.api-sports.io/flags/br.svg,2020,Regular Season - 22,123,Sport Recife,https://media.api-sports.io/football/teams/123.png,False,144,Atletico Goianiense,https://media.api-sports.io/football/teams/144.png,True,0,1,0,0,0,1,,,,
328143,"Wagner do Nascimento Magalhaes, Brazil",UTC,2020-11-25T22:15:00+00:00,1606342500,1606342500,1606346100,225.0,Estádio Governador Plácido Aderaldo Castelo,"Fortaleza, Ceará",Match Finished,FT,90,71,Serie A,Brazil,https://media.api-sports.io/football/leagues/71.png,https://media.api-sports.io/flags/br.svg,2020,Regular Season - 16,129,Ceara,https://media.api-sports.io/football/teams/129.png,,126,Sao Paulo,https://media.api-sports.io/football/teams/126.png,,1,1,0,1,1,1,,,,
328209,Leandro Vuaden,UTC,2020-11-26T00:30:00+00:00,1606350600,1606350600,1606354200,230.0,Estádio Major Antônio Couto Pereira,"Curitiba, Paraná",Match Finished,FT,90,71,Serie A,Brazil,https://media.api-sports.io/football/leagues/71.png,https://media.api-sports.io/flags/br.svg,2020,Regular Season - 23,147,Coritiba,https://media.api-sports.io/football/teams/147.png,False,131,Corinthians,https://media.api-sports.io/football/teams/131.png,True,0,1,0,1,0,1,,,,
328206,Savio Pereira,UTC,2020-11-26T00:30:00+00:00,1606350600,1606350600,1606354200,234.0,Estádio Governador Magalhães Pinto,"Belo Horizonte, Minas Gerais",Match Finished,FT,90,71,Serie A,Brazil,https://media.api-sports.io/football/leagues/71.png,https://media.api-sports.io/flags/br.svg,2020,Regular Season - 23,1062,Atletico-MG,https://media.api-sports.io/football/teams/1062.png,True,120,Botafogo,https://media.api-sports.io/football/teams/120.png,False,2,1,1,0,2,1,,,,
328214,"Felipe Fernandes de Lima, Brazil",UTC,2020-11-26T23:00:00+00:00,1606431600,1606431600,1606435200,225.0,Estádio Governador Plácido Aderaldo Castelo,"Fortaleza, Ceará",Match Finished,FT,90,71,Serie A,Brazil,https://media.api-sports.io/football/leagues/71.png,https://media.api-sports.io/flags/br.svg,2020,Regular Season - 23,154,Fortaleza EC,https://media.api-sports.io/football/teams/154.png,,151,Goias,https://media.api-sports.io/football/teams/151.png,,1,1,0,1,1,1,,,,
328212,"Anderson Daronco, Brazil",UTC,2020-11-28T20:00:00+00:00,1606593600,1606593600,1606597200,258.0,Allianz Parque,"São Paulo, São Paulo",Match Finished,FT,90,71,Serie A,Brazil,https://media.api-sports.io/football/leagues/71.png,https://media.api-sports.io/flags/br.svg,2020,Regular Season - 23,121,Palmeiras,https://media.api-sports.io/football/teams/121.png,True,134,Atletico Paranaense,https://media.api-sports.io/football/teams/134.png,False,3,0,2,0,3,0,,,,
328211,"Wilton Pereira Sampaio, Brazil",UTC,2020-11-28T20:00:00+00:00,1606593600,1606593600,1606597200,10494.0,Estádio Urbano Caldeira,"Santos, São Paulo",Match Finished,FT,90,71,Serie A,Brazil,https://media.api-sports.io/football/leagues/71.png,https://media.api-sports.io/flags/br.svg,2020,Regular Season - 23,128,Santos,https://media.api-sports.io/football/teams/128.png,True,123,Sport Recife,https://media.api-sports.io/football/teams/123.png,False,4,2,2,2,4,2,,,,
328207,"Leandro Pedro Vuaden, Brazil",UTC,2020-11-28T22:00:00+00:00,1606600800,1606600800,1606604400,216.0,Arena Fonte Nova,"Salvador, Bahia",Match Finished,FT,90,71,Serie A,Brazil,https://media.api-sports.io/football/leagues/71.png,https://media.api-sports.io/flags/br.svg,2020,Regular Season - 23,118,Bahia,https://media.api-sports.io/football/teams/118.png,False,126,Sao Paulo,https://media.api-sports.io/football/teams/126.png,True,1,3,0,0,1,3,,,,
328210,"Ramon Abatti Abel, Brazil",UTC,2020-11-29T00:00:00+00:00,1606608000,1606608000,1606611600,211.0,Estádio Antônio Accioly,"Goiânia, Goiás",Match Finished,FT,90,71,Serie A,Brazil,https://media.api-sports.io/football/leagues/71.png,https://media.api-sports.io/flags/br.svg,2020,Regular Season - 23,144,Atletico Goianiense,https://media.api-sports.io/football/teams/144.png,,119,Internacional,https://media.api-sports.io/football/teams/119.png,,0,0,0,0,0,0,,,,
328040,"Rodrigo D'alonso Ferreira, Brazil",UTC,2020-11-30T21:00:00+00:00,1606770000,1606770000,1606773600,241.0,Arena do Grêmio,"Porto Alegre, Rio Grande do Sul",Match Finished,FT,90,71,Serie A,Brazil,https://media.api-sports.io/football/leagues/71.png,https://media.api-sports.io/flags/br.svg,2020,Regular Season - 6,130,Gremio,https://media.api-sports.io/football/teams/130.png,True,151,Goias,https://media.api-sports.io/football/teams/151.png,False,2,1,1,0,2,1,,,,
328213,"Vinicius Goncalves Dias Araujo, Brazil",UTC,2020-11-30T21:00:00+00:00,1606770000,1606770000,1606773600,279.0,Estádio Club de Regatas Vasco da Gama,"Rio de Janeiro, Rio de Janeiro",Match Finished,FT,90,71,Serie A,Brazil,https://media.api-sports.io/football/leagues/71.png,https://media.api-sports.io/flags/br.svg,2020,Regular Season - 23,133,Vasco DA Gama,https://media.api-sports.io/football/teams/133.png,False,129,Ceara,https://media.api-sports.io/football/teams/129.png,True,1,4,0,2,1,4,,,,
328208,Dyorgines José Padovani Andrade,UTC,2020-11-30T23:00:00+00:00,1606777200,1606777200,1606780800,,Estadio Jornalista Mário Filho,"Rio de Janeiro, Rio de Janeiro",Match Finished,FT,90,71,Serie A,Brazil,https://media.api-sports.io/football/leagues/71.png,https://media.api-sports.io/flags/br.svg,2020,Regular Season - 23,124,Fluminense,https://media.api-sports.io/football/teams/124.png,,794,RB Bragantino,https://media.api-sports.io/football/teams/794.png,,0,0,0,0,0,0,,,,
328219,Braulio da Silva Machado,UTC,2020-12-03T00:30:00+00:00,1606955400,1606955400,1606959000,225.0,Estádio Governador Plácido Aderaldo Castelo,"Fortaleza, Ceará",Match Finished,FT,90,71,Serie A,Brazil,https://media.api-sports.io/football/leagues/71.png,https://media.api-sports.io/flags/br.svg,2020,Regular Season - 24,154,Fortaleza EC,https://media.api-sports.io/football/teams/154.png,,131,Corinthians,https://media.api-sports.io/football/teams/131.png,,0,0,0,0,0,0,,,,
327994,"Caio Max Augusto Vieira, Brazil",UTC,2020-12-03T22:00:00+00:00,1607032800,1607032800,1607036400,240.0,Estádio de Hailé Pinheiro,"Goiânia, Goiás",Match Finished,FT,90,71,Serie A,Brazil,https://media.api-sports.io/football/leagues/71.png,https://media.api-sports.io/flags/br.svg,2020,Regular Season - 1,151,Goias,https://media.api-sports.io/football/teams/151.png,False,126,Sao Paulo,https://media.api-sports.io/football/teams/126.png,True,0,3,0,1,0,3,,,,
328215,"Anderson Daronco, Brazil",UTC,2020-12-05T20:00:00+00:00,1607198400,1607198400,1607202000,218.0,Estádio Nilton Santos,Rio de Janeiro,Match Finished,FT,90,71,Serie A,Brazil,https://media.api-sports.io/football/leagues/71.png,https://media.api-sports.io/flags/br.svg,2020,Regular Season - 24,120,Botafogo,https://media.api-sports.io/football/teams/120.png,False,127,Flamengo,https://media.api-sports.io/football/teams/127.png,True,0,1,0,0,0,1,,,,
328217,"Flavio Rodrigues De Souza, Brazil",UTC,2020-12-05T20:00:00+00:00,1607198400,1607198400,1607202000,10494.0,Estádio Urbano Caldeira,"Santos, São Paulo",Match Finished,FT,90,71,Serie A,Brazil,https://media.api-sports.io/football/leagues/71.png,https://media.api-sports.io/flags/br.svg,2020,Regular Season - 24,128,Santos,https://media.api-sports.io/football/teams/128.png,,121,Palmeiras,https://media.api-sports.io/football/teams/121.png,,2,2,1,0,2,2,,,,
328223,"Jean Pierre Goncalves Lima, Brazil",UTC,2020-12-05T22:00:00+00:00,1607205600,1607205600,1607209200,216.0,Arena Fonte Nova,"Salvador, Bahia",Match Finished,FT,90,71,Serie A,Brazil,https://media.api-sports.io/football/leagues/71.png,https://media.api-sports.io/flags/br.svg,2020,Regular Season - 24,118,Bahia,https://media.api-sports.io/football/teams/118.png,False,129,Ceara,https://media.api-sports.io/football/teams/129.png,True,0,2,0,0,0,2,,,,
328222,"Ramon Abatti Abel, Brazil",UTC,2020-12-05T22:00:00+00:00,1607205600,1607205600,1607209200,,Estádio do Maracanã,Rio de Janeiro,Match Finished,FT,90,71,Serie A,Brazil,https://media.api-sports.io/football/leagues/71.png,https://media.api-sports.io/flags/br.svg,2020,Regular Season - 24,124,Fluminense,https://media.api-sports.io/football/teams/124.png,True,134,Atletico Paranaense,https://media.api-sports.io/football/teams/134.png,False,3,1,1,1,3,1,,,,
328218,Jefferson Ferreira de Moraes,UTC,2020-12-06T00:00:00+00:00,1607212800,1607212800,1607216400,230.0,Estádio Major Antônio Couto Pereira,"Curitiba, Paraná",Match Finished,FT,90,71,Serie A,Brazil,https://media.api-sports.io/football/leagues/71.png,https://media.api-sports.io/flags/br.svg,2020,Regular Season - 24,147,Coritiba,https://media.api-sports.io/football/teams/147.png,,794,RB Bragantino,https://media.api-sports.io/football/teams/794.png,,0,0,0,0,0,0,,,,
328221,"Felipe Fernandes de Lima, Brazil",UTC,2020-12-06T19:00:00+00:00,1607281200,1607281200,1607284800,,Morumbí,Sao Paulo,Match Finished,FT,90,71,Serie A,Brazil,https://media.api-sports.io/football/leagues/71.png,https://media.api-sports.io/flags/br.svg,2020,Regular Season - 24,126,Sao Paulo,https://media.api-sports.io/football/teams/126.png,True,123,Sport Recife,https://media.api-sports.io/football/teams/123.png,False,1,0,1,0,1,0,,,,
328216,"Raphael Claus, Brazil",UTC,2020-12-06T19:00:00+00:00,1607281200,1607281200,1607284800,241.0,Arena do Grêmio,"Porto Alegre, Rio Grande do Sul",Match Finished,FT,90,71,Serie A,Brazil,https://media.api-sports.io/football/leagues/71.png,https://media.api-sports.io/flags/br.svg,2020,Regular Season - 24,130,Gremio,https://media.api-sports.io/football/teams/130.png,True,133,Vasco DA Gama,https://media.api-sports.io/football/teams/133.png,False,4,0,1,0,4,0,,,,
328220,"Bruno Arleu de Araujo, Brazil",UTC,2020-12-06T21:15:00+00:00,1607289300,1607289300,1607292900,234.0,Estádio Governador Magalhães Pinto,"Belo Horizonte, Minas Gerais",Match Finished,FT,90,71,Serie A,Brazil,https://media.api-sports.io/football/leagues/71.png,https://media.api-sports.io/flags/br.svg,2020,Regular Season - 24,1062,Atletico-MG,https://media.api-sports.io/football/teams/1062.png,,119,Internacional,https://media.api-sports.io/football/teams/119.png,,2,2,1,1,2,2,,,,
328224,Marcelo de Lima Henrique,UTC,2020-12-07T23:00:00+00:00,1607382000,1607382000,1607385600,211.0,Estádio Antônio Accioly,"Goiânia, Goiás",Match Finished,FT,90,71,Serie A,Brazil,https://media.api-sports.io/football/leagues/71.png,https://media.api-sports.io/flags/br.svg,2020,Regular Season - 24,144,Atletico Goianiense,https://media.api-sports.io/football/teams/144.png,False,151,Goias,https://media.api-sports.io/football/teams/151.png,True,0,1,0,1,0,1,,,,
328157,"Ricardo Marques Ribeiro, Brazil",UTC,2020-12-10T00:30:00+00:00,1607560200,1607560200,1607563800,,Morumbí,Sao Paulo,Match Finished,FT,90,71,Serie A,Brazil,https://media.api-sports.io/football/leagues/71.png,https://media.api-sports.io/flags/br.svg,2020,Regular Season - 18,126,Sao Paulo,https://media.api-sports.io/football/teams/126.png,True,120,Botafogo,https://media.api-sports.io/football/teams/120.png,False,4,0,3,0,4,0,,,,
328229,"Vinicius Goncalves Dias Araujo, Brazil",UTC,2020-12-12T20:00:00+00:00,1607803200,1607803200,1607806800,10493.0,Arena da Baixada,"Curitiba, Paraná",Match Finished,FT,90,71,Serie A,Brazil,https://media.api-sports.io/football/leagues/71.png,https://media.api-sports.io/flags/br.svg,2020,Regular Season - 25,134,Atletico Paranaense,https://media.api-sports.io/football/teams/134.png,False,1062,Atletico-MG,https://media.api-sports.io/football/teams/1062.png,True,0,1,0,1,0,1,,,,
328233,"Heber Roberto Lopes, Brazil",UTC,2020-12-12T20:00:00+00:00,1607803200,1607803200,1607806800,220.0,Estádio Nabi Abi Chedid,"Bragança Paulista, São Paulo",Match Finished,FT,90,71,Serie A,Brazil,https://media.api-sports.io/football/leagues/71.png,https://media.api-sports.io/flags/br.svg,2020,Regular Season - 25,794,RB Bragantino,https://media.api-sports.io/football/teams/794.png,True,154,Fortaleza EC,https://media.api-sports.io/football/teams/154.png,False,2,1,1,1,2,1,,,,
328226,"Caio Max Augusto Vieira, Brazil",UTC,2020-12-12T22:00:00+00:00,1607810400,1607810400,1607814000,244.0,Estádio José Pinheiro Borda,"Porto Alegre, Rio Grande do Sul",Match Finished,FT,90,71,Serie A,Brazil,https://media.api-sports.io/football/leagues/71.png,https://media.api-sports.io/flags/br.svg,2020,Regular Season - 25,119,Internacional,https://media.api-sports.io/football/teams/119.png,True,120,Botafogo,https://media.api-sports.io/football/teams/120.png,False,2,1,1,1,2,1,,,,
328231,"Rafael Traci, Brazil",UTC,2020-12-12T22:00:00+00:00,1607810400,1607810400,1607814000,258.0,Allianz Parque,"São Paulo, São Paulo",Match Finished,FT,90,71,Serie A,Brazil,https://media.api-sports.io/football/leagues/71.png,https://media.api-sports.io/flags/br.svg,2020,Regular Season - 25,121,Palmeiras,https://media.api-sports.io/football/teams/121.png,True,118,Bahia,https://media.api-sports.io/football/teams/118.png,False,3,0,3,0,3,0,,,,
328234,Leandro Vuaden,UTC,2020-12-13T00:00:00+00:00,1607817600,1607817600,1607821200,225.0,Estádio Governador Plácido Aderaldo Castelo,"Fortaleza, Ceará",Match Finished,FT,90,71,Serie A,Brazil,https://media.api-sports.io/football/leagues/71.png,https://media.api-sports.io/flags/br.svg,2020,Regular Season - 25,129,Ceara,https://media.api-sports.io/football/teams/129.png,False,144,Atletico Goianiense,https://media.api-sports.io/football/teams/144.png,True,1,2,0,0,1,2,,,,
328230,Edina Alves Batista,UTC,2020-12-13T00:00:00+00:00,1607817600,1607817600,1607821200,240.0,Estádio de Hailé Pinheiro,"Goiânia, Goiás",Match Finished,FT,90,71,Serie A,Brazil,https://media.api-sports.io/football/leagues/71.png,https://media.api-sports.io/flags/br.svg,2020,Regular Season - 25,151,Goias,https://media.api-sports.io/football/teams/151.png,,130,Gremio,https://media.api-sports.io/football/teams/130.png,,0,0,0,0,0,0,,,,
328228,"Paulo Roberto Alves Junior, Brazil",UTC,2020-12-13T19:00:00+00:00,1607886000,1607886000,1607889600,,Estádio do Maracanã,Rio de Janeiro,Match Finished,FT,90,71,Serie A,Brazil,https://media.api-sports.io/football/leagues/71.png,https://media.api-sports.io/flags/br.svg,2020,Regular Season - 25,127,Flamengo,https://media.api-sports.io/football/teams/127.png,True,128,Santos,https://media.api-sports.io/football/teams/128.png,False,4,1,1,0,4,1,,,,
328232,"Marcelo De Lima Henrique, Brazil",UTC,2020-12-13T21:15:00+00:00,1607894100,1607894100,1607897700,276.0,Estádio Adelmar da Costa Carvalho,"Recife, Pernambuco",Match Finished,FT,90,71,Serie A,Brazil,https://media.api-sports.io/football/leagues/71.png,https://media.api-sports.io/flags/br.svg,2020,Regular Season - 25,123,Sport Recife,https://media.api-sports.io/football/teams/123.png,True,147,Coritiba,https://media.api-sports.io/football/teams/147.png,False,1,0,1,0,1,0,,,,
328227,"Raphael Claus, Brazil",UTC,2020-12-13T21:15:00+00:00,1607894100,1607894100,1607897700,,Neo Química Arena,Sao Paulo,Match Finished,FT,90,71,Serie A,Brazil,https://media.api-sports.io/football/leagues/71.png,https://media.api-sports.io/flags/br.svg,2020,Regular Season - 25,131,Corinthians,https://media.api-sports.io/football/teams/131.png,True,126,Sao Paulo,https://media.api-sports.io/football/teams/126.png,False,1,0,1,0,1,0,,,,
328225,"Rodolpho Toski Marques, Brazil",UTC,2020-12-13T23:30:00+00:00,1607902200,1607902200,1607905800,279.0,Estádio Club de Regatas Vasco da Gama,"Rio de Janeiro, Rio de Janeiro",Match Finished,FT,90,71,Serie A,Brazil,https://media.api-sports.io/football/leagues/71.png,https://media.api-sports.io/flags/br.svg,2020,Regular Season - 25,133,Vasco DA Gama,https://media.api-sports.io/football/teams/133.png,,124,Fluminense,https://media.api-sports.io/football/teams/124.png,,1,1,0,1,1,1,,,,
328239,"Wilton Pereira Sampaio, Brazil",UTC,2020-12-17T00:30:00+00:00,1608165000,1608165000,1608168600,,Morumbí,Sao Paulo,Match Finished,FT,90,71,Serie A,Brazil,https://media.api-sports.io/football/leagues/71.png,https://media.api-sports.io/flags/br.svg,2020,Regular Season - 26,126,Sao Paulo,https://media.api-sports.io/football/teams/126.png,True,1062,Atletico-MG,https://media.api-sports.io/football/teams/1062.png,False,3,0,1,0,3,0,,,,
328235,"Rodrigo D'alonso Ferreira, Brazil",UTC,2020-12-17T00:30:00+00:00,1608165000,1608165000,1608168600,211.0,Estádio Antônio Accioly,"Goiânia, Goiás",Match Finished,FT,90,71,Serie A,Brazil,https://media.api-sports.io/football/leagues/71.png,https://media.api-sports.io/flags/br.svg,2020,Regular Season - 26,144,Atletico Goianiense,https://media.api-sports.io/football/teams/144.png,True,124,Fluminense,https://media.api-sports.io/football/teams/124.png,False,2,1,1,0,2,1,,,,
328240,"Jose Mendonca da Silva Junior, Brazil",UTC,2020-12-19T22:00:00+00:00,1608415200,1608415200,1608418800,276.0,Estádio Adelmar da Costa Carvalho,"Recife, Pernambuco",Match Finished,FT,90,71,Serie A,Brazil,https://media.api-sports.io/football/leagues/71.png,https://media.api-sports.io/flags/br.svg,2020,Regular Season - 26,123,Sport Recife,https://media.api-sports.io/football/teams/123.png,,130,Gremio,https://media.api-sports.io/football/teams/130.png,,1,1,1,0,1,1,,,,
328237,Savio Pereira,UTC,2020-12-20T00:00:00+00:00,1608422400,1608422400,1608426000,244.0,Estádio José Pinheiro Borda,"Porto Alegre, Rio Grande do Sul",Match Finished,FT,90,71,Serie A,Brazil,https://media.api-sports.io/football/leagues/71.png,https://media.api-sports.io/flags/br.svg,2020,Regular Season - 26,119,Internacional,https://media.api-sports.io/football/teams/119.png,True,121,Palmeiras,https://media.api-sports.io/football/teams/121.png,False,2,0,1,0,2,0,,,,
328236,Luiz Flavio De Oliveira,UTC,2020-12-20T00:00:00+00:00,1608422400,1608422400,1608426000,230.0,Estádio Major Antônio Couto Pereira,"Curitiba, Paraná",Match Finished,FT,90,71,Serie A,Brazil,https://media.api-sports.io/football/leagues/71.png,https://media.api-sports.io/flags/br.svg,2020,Regular Season - 26,147,Coritiba,https://media.api-sports.io/football/teams/147.png,False,120,Botafogo,https://media.api-sports.io/football/teams/120.png,True,1,2,1,0,1,2,,,,
328238,"Ricardo Marques Ribeiro, Brazil",UTC,2020-12-20T19:00:00+00:00,1608490800,1608490800,1608494400,279.0,Estádio Club de Regatas Vasco da Gama,"Rio de Janeiro, Rio de Janeiro",Match Finished,FT,90,71,Serie A,Brazil,https://media.api-sports.io/football/leagues/71.png,https://media.api-sports.io/flags/br.svg,2020,Regular Season - 26,133,Vasco DA Gama,https://media.api-sports.io/football/teams/133.png,True,128,Santos,https://media.api-sports.io/football/teams/128.png,False,1,0,1,0,1,0,,,,
328242,"Braulio Da Silva Machado, Brazil",UTC,2020-12-20T19:00:00+00:00,1608490800,1608490800,1608494400,220.0,Estádio Nabi Abi Chedid,"Bragança Paulista, São Paulo",Match Finished,FT,90,71,Serie A,Brazil,https://media.api-sports.io/football/leagues/71.png,https://media.api-sports.io/flags/br.svg,2020,Regular Season - 26,794,RB Bragantino,https://media.api-sports.io/football/teams/794.png,False,134,Atletico Paranaense,https://media.api-sports.io/football/teams/134.png,True,0,1,0,1,0,1,,,,
328241,"Flavio Rodrigues De Souza, Brazil",UTC,2020-12-20T21:15:00+00:00,1608498900,1608498900,1608502500,,Estádio do Maracanã,Rio de Janeiro,Match Finished,FT,90,71,Serie A,Brazil,https://media.api-sports.io/football/leagues/71.png,https://media.api-sports.io/flags/br.svg,2020,Regular Season - 26,127,Flamengo,https://media.api-sports.io/football/teams/127.png,True,118,Bahia,https://media.api-sports.io/football/teams/118.png,False,4,3,2,0,4,3,,,,
328243,"Anderson Daronco, Brazil",UTC,2020-12-20T23:30:00+00:00,1608507000,1608507000,1608510600,225.0,Estádio Governador Plácido Aderaldo Castelo,"Fortaleza, Ceará",Match Finished,FT,90,71,Serie A,Brazil,https://media.api-sports.io/football/leagues/71.png,https://media.api-sports.io/flags/br.svg,2020,Regular Season - 26,154,Fortaleza EC,https://media.api-sports.io/football/teams/154.png,False,129,Ceara,https://media.api-sports.io/football/teams/129.png,True,0,2,0,0,0,2,,,,
328244,Bruno Arleu de Araujo,UTC,2020-12-21T23:00:00+00:00,1608591600,1608591600,1608595200,11531.0,Neo Química Arena,"São Paulo, São Paulo",Match Finished,FT,90,71,Serie A,Brazil,https://media.api-sports.io/football/leagues/71.png,https://media.api-sports.io/flags/br.svg,2020,Regular Season - 26,131,Corinthians,https://media.api-sports.io/football/teams/131.png,True,151,Goias,https://media.api-sports.io/football/teams/151.png,False,2,1,1,1,2,1,,,,
328252,"Dyorgines Jose Padovani de Andrade, Brazil",UTC,2020-12-26T20:00:00+00:00,1609012800,1609012800,1609016400,234.0,Estádio Governador Magalhães Pinto,"Belo Horizonte, Minas Gerais",Match Finished,FT,90,71,Serie A,Brazil,https://media.api-sports.io/football/leagues/71.png,https://media.api-sports.io/flags/br.svg,2020,Regular Season - 27,1062,Atletico-MG,https://media.api-sports.io/football/teams/1062.png,True,147,Coritiba,https://media.api-sports.io/football/teams/147.png,False,2,0,0,0,2,0,,,,
328251,"Braulio Da Silva Machado, Brazil",UTC,2020-12-26T22:00:00+00:00,1609020000,1609020000,1609023600,240.0,Estádio de Hailé Pinheiro,"Goiânia, Goiás",Match Finished,FT,90,71,Serie A,Brazil,https://media.api-sports.io/football/leagues/71.png,https://media.api-sports.io/flags/br.svg,2020,Regular Season - 27,151,Goias,https://media.api-sports.io/football/teams/151.png,True,123,Sport Recife,https://media.api-sports.io/football/teams/123.png,False,1,0,1,0,1,0,,,,
328245,"Rafael Traci, Brazil",UTC,2020-12-26T22:00:00+00:00,1609020000,1609020000,1609023600,225.0,Estádio Governador Plácido Aderaldo Castelo,"Fortaleza, Ceará",Match Finished,FT,90,71,Serie A,Brazil,https://media.api-sports.io/football/leagues/71.png,https://media.api-sports.io/flags/br.svg,2020,Regular Season - 27,154,Fortaleza EC,https://media.api-sports.io/football/teams/154.png,,127,Flamengo,https://media.api-sports.io/football/teams/127.png,,0,0,0,0,0,0,,,,
328247,Anderson Daronco,UTC,2020-12-27T00:00:00+00:00,1609027200,1609027200,1609030800,,Estadio Jornalista Mário Filho,"Rio de Janeiro, Rio de Janeiro",Match Finished,FT,90,71,Serie A,Brazil,https://media.api-sports.io/football/leagues/71.png,https://media.api-sports.io/flags/br.svg,2020,Regular Season - 27,124,Fluminense,https://media.api-sports.io/football/teams/124.png,False,126,Sao Paulo,https://media.api-sports.io/football/teams/126.png,True,1,2,0,1,1,2,,,,
328250,"Paulo Roberto Alves Junior, Brazil",UTC,2020-12-27T19:00:00+00:00,1609095600,1609095600,1609099200,216.0,Arena Fonte Nova,"Salvador, Bahia",Match Finished,FT,90,71,Serie A,Brazil,https://media.api-sports.io/football/leagues/71.png,https://media.api-sports.io/flags/br.svg,2020,Regular Season - 27,118,Bahia,https://media.api-sports.io/football/teams/118.png,False,119,Internacional,https://media.api-sports.io/football/teams/119.png,True,1,2,0,1,1,2,,,,
328249,"Heber Roberto Lopes, Brazil",UTC,2020-12-27T19:00:00+00:00,1609095600,1609095600,1609099200,218.0,Estádio Nilton Santos,Rio de Janeiro,Match Finished,FT,90,71,Serie A,Brazil,https://media.api-sports.io/football/leagues/71.png,https://media.api-sports.io/flags/br.svg,2020,Regular Season - 27,120,Botafogo,https://media.api-sports.io/football/teams/120.png,False,131,Corinthians,https://media.api-sports.io/football/teams/131.png,True,0,2,0,1,0,2,,,,
328248,"Raphael Claus, Brazil",UTC,2020-12-27T21:15:00+00:00,1609103700,1609103700,1609107300,258.0,Allianz Parque,"São Paulo, São Paulo",Match Finished,FT,90,71,Serie A,Brazil,https://media.api-sports.io/football/leagues/71.png,https://media.api-sports.io/flags/br.svg,2020,Regular Season - 27,121,Palmeiras,https://media.api-sports.io/football/teams/121.png,True,794,RB Bragantino,https://media.api-sports.io/football/teams/794.png,False,1,0,1,0,1,0,,,,
328253,"Rodolpho Toski Marques, Brazil",UTC,2020-12-27T21:15:00+00:00,1609103700,1609103700,1609107300,10494.0,Estádio Urbano Caldeira,"Santos, São Paulo",Match Finished,FT,90,71,Serie A,Brazil,https://media.api-sports.io/football/leagues/71.png,https://media.api-sports.io/flags/br.svg,2020,Regular Season - 27,128,Santos,https://media.api-sports.io/football/teams/128.png,,129,Ceara,https://media.api-sports.io/football/teams/129.png,,1,1,1,1,1,1,,,,
328246,"Jean Pierre Goncalves Lima, Brazil",UTC,2020-12-27T21:15:00+00:00,1609103700,1609103700,1609107300,10493.0,Arena da Baixada,"Curitiba, Paraná",Match Finished,FT,90,71,Serie A,Brazil,https://media.api-sports.io/football/leagues/71.png,https://media.api-sports.io/flags/br.svg,2020,Regular Season - 27,134,Atletico Paranaense,https://media.api-sports.io/football/teams/134.png,True,133,Vasco DA Gama,https://media.api-sports.io/football/teams/133.png,False,3,0,2,0,3,0,,,,
328254,"Felipe Fernandes de Lima, Brazil",UTC,2020-12-27T23:30:00+00:00,1609111800,1609111800,1609115400,241.0,Arena do Grêmio,"Porto Alegre, Rio Grande do Sul",Match Finished,FT,90,71,Serie A,Brazil,https://media.api-sports.io/football/leagues/71.png,https://media.api-sports.io/flags/br.svg,2020,Regular Season - 27,130,Gremio,https://media.api-sports.io/football/teams/130.png,True,144,Atletico Goianiense,https://media.api-sports.io/football/teams/144.png,False,2,1,1,0,2,1,,,,
328262,"Rodrigo D'alonso Ferreira, Brazil",UTC,2021-01-06T22:15:00+00:00,1609971300,1609971300,1609974900,218.0,Estádio Nilton Santos,Rio de Janeiro,Match Finished,FT,90,71,Serie A,Brazil,https://media.api-sports.io/football/leagues/71.png,https://media.api-sports.io/flags/br.svg,2020,Regular Season - 28,120,Botafogo,https://media.api-sports.io/football/teams/120.png,False,134,Atletico Paranaense,https://media.api-sports.io/football/teams/134.png,True,0,2,0,1,0,2,,,,
328261,"Ramon Abatti Abel, Brazil",UTC,2021-01-06T22:15:00+00:00,1609971300,1609971300,1609974900,241.0,Arena do Grêmio,"Porto Alegre, Rio Grande do Sul",Match Finished,FT,90,71,Serie A,Brazil,https://media.api-sports.io/football/leagues/71.png,https://media.api-sports.io/flags/br.svg,2020,Regular Season - 28,130,Gremio,https://media.api-sports.io/football/teams/130.png,True,118,Bahia,https://media.api-sports.io/football/teams/118.png,False,2,1,1,0,2,1,,,,
328263,"Raphael Claus, Brazil",UTC,2021-01-06T23:30:00+00:00,1609975800,1609975800,1609979400,276.0,Estádio Adelmar da Costa Carvalho,"Recife, Pernambuco",Match Finished,FT,90,71,Serie A,Brazil,https://media.api-sports.io/football/leagues/71.png,https://media.api-sports.io/flags/br.svg,2020,Regular Season - 28,123,Sport Recife,https://media.api-sports.io/football/teams/123.png,True,154,Fortaleza EC,https://media.api-sports.io/football/teams/154.png,False,1,0,1,0,1,0,,,,
328264,"Wagner do Nascimento Magalhaes, Brazil",UTC,2021-01-06T23:30:00+00:00,1609975800,1609975800,1609979400,230.0,Estádio Major Antônio Couto Pereira,"Curitiba, Paraná",Match Finished,FT,90,71,Serie A,Brazil,https://media.api-sports.io/football/leagues/71.png,https://media.api-sports.io/flags/br.svg,2020,Regular Season - 28,147,Coritiba,https://media.api-sports.io/football/teams/147.png,False,151,Goias,https://media.api-sports.io/football/teams/151.png,True,1,2,0,2,1,2,,,,
328255,Leandro Vuaden,UTC,2021-01-07T00:30:00+00:00,1609979400,1609979400,1609983000,,Estadio Jornalista Mário Filho,"Rio de Janeiro, Rio de Janeiro",Match Finished,FT,90,71,Serie A,Brazil,https://media.api-sports.io/football/leagues/71.png,https://media.api-sports.io/flags/br.svg,2020,Regular Season - 28,127,Flamengo,https://media.api-sports.io/football/teams/127.png,False,124,Fluminense,https://media.api-sports.io/football/teams/124.png,True,1,2,1,0,1,2,,,,
328257,Luiz Flavio De Oliveira,UTC,2021-01-07T00:30:00+00:00,1609979400,1609979400,1609983000,220.0,Estádio Nabi Abi Chedid,"Bragança Paulista, São Paulo",Match Finished,FT,90,71,Serie A,Brazil,https://media.api-sports.io/football/leagues/71.png,https://media.api-sports.io/flags/br.svg,2020,Regular Season - 28,794,RB Bragantino,https://media.api-sports.io/football/teams/794.png,True,126,Sao Paulo,https://media.api-sports.io/football/teams/126.png,False,4,2,4,1,4,2,,,,
328260,"Felipe Fernandes de Lima, Brazil",UTC,2021-01-07T22:00:00+00:00,1610056800,1610056800,1610060400,225.0,Estádio Governador Plácido Aderaldo Castelo,"Fortaleza, Ceará",Match Finished,FT,90,71,Serie A,Brazil,https://media.api-sports.io/football/leagues/71.png,https://media.api-sports.io/flags/br.svg,2020,Regular Season - 28,129,Ceara,https://media.api-sports.io/football/teams/129.png,False,119,Internacional,https://media.api-sports.io/football/teams/119.png,True,0,2,0,0,0,2,,,,
328256,"Savio Pereira Sampaio, Brazil",UTC,2021-01-08T00:00:00+00:00,1610064000,1610064000,1610067600,211.0,Estádio Antônio Accioly,"Goiânia, Goiás",Match Finished,FT,90,71,Serie A,Brazil,https://media.api-sports.io/football/leagues/71.png,https://media.api-sports.io/flags/br.svg,2020,Regular Season - 28,144,Atletico Goianiense,https://media.api-sports.io/football/teams/144.png,,133,Vasco DA Gama,https://media.api-sports.io/football/teams/133.png,,0,0,0,0,0,0,,,,
328267,"Dyorgines Jose Padovani de Andrade, Brazil",UTC,2021-01-09T22:00:00+00:00,1610229600,1610229600,1610233200,276.0,Estádio Adelmar da Costa Carvalho,"Recife, Pernambuco",Match Finished,FT,90,71,Serie A,Brazil,https://media.api-sports.io/football/leagues/71.png,https://media.api-sports.io/flags/br.svg,2020,Regular Season - 29,123,Sport Recife,https://media.api-sports.io/football/teams/123.png,False,121,Palmeiras,https://media.api-sports.io/football/teams/121.png,True,0,1,0,1,0,1,,,,
328272,"Ricardo Marques Ribeiro, Brazil",UTC,2021-01-09T22:00:00+00:00,1610229600,1610229600,1610233200,230.0,Estádio Major Antônio Couto Pereira,"Curitiba, Paraná",Match Finished,FT,90,71,Serie A,Brazil,https://media.api-sports.io/football/leagues/71.png,https://media.api-sports.io/flags/br.svg,2020,Regular Season - 29,147,Coritiba,https://media.api-sports.io/football/teams/147.png,,134,Atletico Paranaense,https://media.api-sports.io/football/teams/134.png,,0,0,0,0,0,0,,,,
328270,Jefferson Ferreira de Moraes,UTC,2021-01-10T00:00:00+00:00,1610236800,1610236800,1610240400,225.0,Estádio Governador Plácido Aderaldo Castelo,"Fortaleza, Ceará",Match Finished,FT,90,71,Serie A,Brazil,https://media.api-sports.io/football/leagues/71.png,https://media.api-sports.io/flags/br.svg,2020,Regular Season - 29,154,Fortaleza EC,https://media.api-sports.io/football/teams/154.png,,130,Gremio,https://media.api-sports.io/football/teams/130.png,,0,0,0,0,0,0,,,,
328268,"Braulio Da Silva Machado, Brazil",UTC,2021-01-10T19:00:00+00:00,1610305200,1610305200,1610308800,,Morumbí,Sao Paulo,Match Finished,FT,90,71,Serie A,Brazil,https://media.api-sports.io/football/leagues/71.png,https://media.api-sports.io/flags/br.svg,2020,Regular Season - 29,126,Sao Paulo,https://media.api-sports.io/football/teams/126.png,False,128,Santos,https://media.api-sports.io/football/teams/128.png,True,0,1,0,0,0,1,,,,
328273,"Paulo Roberto Alves Junior, Brazil",UTC,2021-01-10T19:00:00+00:00,1610305200,1610305200,1610308800,,Estádio do Maracanã,Rio de Janeiro,Match Finished,FT,90,71,Serie A,Brazil,https://media.api-sports.io/football/leagues/71.png,https://media.api-sports.io/flags/br.svg,2020,Regular Season - 29,127,Flamengo,https://media.api-sports.io/football/teams/127.png,False,129,Ceara,https://media.api-sports.io/football/teams/129.png,True,0,2,0,1,0,2,,,,
328274,"Edina Alves Batista, Brazil",UTC,2021-01-10T21:15:00+00:00,1610313300,1610313300,1610316900,244.0,Estádio José Pinheiro Borda,"Porto Alegre, Rio Grande do Sul",Match Finished,FT,90,71,Serie A,Brazil,https://media.api-sports.io/football/leagues/71.png,https://media.api-sports.io/flags/br.svg,2020,Regular Season - 29,119,Internacional,https://media.api-sports.io/football/teams/119.png,True,151,Goias,https://media.api-sports.io/football/teams/151.png,False,1,0,1,0,1,0,,,,
328271,"Anderson Daronco, Brazil",UTC,2021-01-10T21:15:00+00:00,1610313300,1610313300,1610316900,211.0,Estádio Antônio Accioly,"Goiânia, Goiás",Match Finished,FT,90,71,Serie A,Brazil,https://media.api-sports.io/football/leagues/71.png,https://media.api-sports.io/flags/br.svg,2020,Regular Season - 29,144,Atletico Goianiense,https://media.api-sports.io/football/teams/144.png,,118,Bahia,https://media.api-sports.io/football/teams/118.png,,1,1,1,0,1,1,,,,
328266,"Raphael Claus, Brazil",UTC,2021-01-10T23:30:00+00:00,1610321400,1610321400,1610325000,279.0,Estádio Club de Regatas Vasco da Gama,"Rio de Janeiro, Rio de Janeiro",Match Finished,FT,90,71,Serie A,Brazil,https://media.api-sports.io/football/leagues/71.png,https://media.api-sports.io/flags/br.svg,2020,Regular Season - 29,133,Vasco DA Gama,https://media.api-sports.io/football/teams/133.png,True,120,Botafogo,https://media.api-sports.io/football/teams/120.png,False,3,0,1,0,3,0,,,,
328269,Caio Max Augusto Vieira,UTC,2021-01-11T23:00:00+00:00,1610406000,1610406000,1610409600,220.0,Estádio Nabi Abi Chedid,"Bragança Paulista, São Paulo",Match Finished,FT,90,71,Serie A,Brazil,https://media.api-sports.io/football/leagues/71.png,https://media.api-sports.io/flags/br.svg,2020,Regular Season - 29,794,RB Bragantino,https://media.api-sports.io/football/teams/794.png,,1062,Atletico-MG,https://media.api-sports.io/football/teams/1062.png,,2,2,1,0,2,2,,,,
328265,"Rafael Traci, Brazil",UTC,2021-01-14T00:30:00+00:00,1610584200,1610584200,1610587800,,Neo Química Arena,Sao Paulo,Match Finished,FT,90,71,Serie A,Brazil,https://media.api-sports.io/football/leagues/71.png,https://media.api-sports.io/flags/br.svg,2020,Regular Season - 29,131,Corinthians,https://media.api-sports.io/football/teams/131.png,True,124,Fluminense,https://media.api-sports.io/football/teams/124.png,False,5,0,1,0,5,0,,,,
328280,Bruno Arleu de Araujo,UTC,2021-01-16T00:30:00+00:00,1610757000,1610757000,1610760600,258.0,Allianz Parque,"São Paulo, São Paulo",Match Finished,FT,90,71,Serie A,Brazil,https://media.api-sports.io/football/leagues/71.png,https://media.api-sports.io/flags/br.svg,2020,Regular Season - 30,121,Palmeiras,https://media.api-sports.io/football/teams/121.png,,130,Gremio,https://media.api-sports.io/football/teams/130.png,,1,1,1,0,1,1,,,,
328281,"Heber Roberto Lopes, Brazil",UTC,2021-01-16T22:00:00+00:00,1610834400,1610834400,1610838000,218.0,Estádio Nilton Santos,Rio de Janeiro,Match Finished,FT,90,71,Serie A,Brazil,https://media.api-sports.io/football/leagues/71.png,https://media.api-sports.io/flags/br.svg,2020,Regular Season - 30,124,Fluminense,https://media.api-sports.io/football/teams/124.png,True,123,Sport Recife,https://media.api-sports.io/football/teams/123.png,False,1,0,0,0,1,0,,,,
328282,Flavio Rodrigues De Souza,UTC,2021-01-17T00:00:00+00:00,1610841600,1610841600,1610845200,279.0,Estádio Club de Regatas Vasco da Gama,"Rio de Janeiro, Rio de Janeiro",Match Finished,FT,90,71,Serie A,Brazil,https://media.api-sports.io/football/leagues/71.png,https://media.api-sports.io/flags/br.svg,2020,Regular Season - 30,133,Vasco DA Gama,https://media.api-sports.io/football/teams/133.png,False,147,Coritiba,https://media.api-sports.io/football/teams/147.png,True,0,1,0,1,0,1,,,,
328276,"Leandro Pedro Vuaden, Brazil",UTC,2021-01-17T19:00:00+00:00,1610910000,1610910000,1610913600,10494.0,Estádio Urbano Caldeira,"Santos, São Paulo",Match Finished,FT,90,71,Serie A,Brazil,https://media.api-sports.io/football/leagues/71.png,https://media.api-sports.io/flags/br.svg,2020,Regular Season - 30,128,Santos,https://media.api-sports.io/football/teams/128.png,True,120,Botafogo,https://media.api-sports.io/football/teams/120.png,False,2,1,1,1,2,1,,,,
328277,"Wilton Pereira Sampaio, Brazil",UTC,2021-01-17T19:00:00+00:00,1610910000,1610910000,1610913600,10493.0,Arena da Baixada,"Curitiba, Paraná",Match Finished,FT,90,71,Serie A,Brazil,https://media.api-sports.io/football/leagues/71.png,https://media.api-sports.io/flags/br.svg,2020,Regular Season - 30,134,Atletico Paranaense,https://media.api-sports.io/football/teams/134.png,,126,Sao Paulo,https://media.api-sports.io/football/teams/126.png,,1,1,1,0,1,1,,,,
328284,"Braulio Da Silva Machado, Brazil",UTC,2021-01-17T21:15:00+00:00,1610918100,1610918100,1610921700,234.0,Estádio Governador Magalhães Pinto,"Belo Horizonte, Minas Gerais",Match Finished,FT,90,71,Serie A,Brazil,https://media.api-sports.io/football/leagues/71.png,https://media.api-sports.io/flags/br.svg,2020,Regular Season - 30,1062,Atletico-MG,https://media.api-sports.io/football/teams/1062.png,True,144,Atletico Goianiense,https://media.api-sports.io/football/teams/144.png,False,3,1,2,0,3,1,,,,
328283,"Rodrigo Dalonso Ferreira, Brazil",UTC,2021-01-17T23:30:00+00:00,1610926200,1610926200,1610929800,244.0,Estádio José Pinheiro Borda,"Porto Alegre, Rio Grande do Sul",Match Finished,FT,90,71,Serie A,Brazil,https://media.api-sports.io/football/leagues/71.png,https://media.api-sports.io/flags/br.svg,2020,Regular Season - 30,119,Internacional,https://media.api-sports.io/football/teams/119.png,True,154,Fortaleza EC,https://media.api-sports.io/football/teams/154.png,False,4,2,2,1,4,2,,,,
328278,"Marcelo De Lima Henrique, Brazil",UTC,2021-01-17T23:30:00+00:00,1610926200,1610926200,1610929800,225.0,Estádio Governador Plácido Aderaldo Castelo,"Fortaleza, Ceará",Match Finished,FT,90,71,Serie A,Brazil,https://media.api-sports.io/football/leagues/71.png,https://media.api-sports.io/flags/br.svg,2020,Regular Season - 30,129,Ceara,https://media.api-sports.io/football/teams/129.png,False,794,RB Bragantino,https://media.api-sports.io/football/teams/794.png,True,1,2,0,0,1,2,,,,
328259,"Jean Pierre Goncalves Lima, Brazil",UTC,2021-01-18T22:00:00+00:00,1611007200,1611007200,1611010800,258.0,Allianz Parque,"São Paulo, São Paulo",Match Finished,FT,90,71,Serie A,Brazil,https://media.api-sports.io/football/leagues/71.png,https://media.api-sports.io/flags/br.svg,2020,Regular Season - 28,121,Palmeiras,https://media.api-sports.io/football/teams/121.png,True,131,Corinthians,https://media.api-sports.io/football/teams/131.png,False,4,0,2,0,4,0,,,,
328275,Rodolpho Toski Marques,UTC,2021-01-18T23:00:00+00:00,1611010800,1611010800,1611014400,240.0,Estádio de Hailé Pinheiro,"Goiânia, Goiás",Match Finished,FT,90,71,Serie A,Brazil,https://media.api-sports.io/football/leagues/71.png,https://media.api-sports.io/flags/br.svg,2020,Regular Season - 30,151,Goias,https://media.api-sports.io/football/teams/151.png,False,127,Flamengo,https://media.api-sports.io/football/teams/127.png,True,0,3,0,1,0,3,,,,
328294,"Ramon Abatti Abel, Brazil",UTC,2021-01-20T20:00:00+00:00,1611172800,1611172800,1611176400,218.0,Estádio Nilton Santos,Rio de Janeiro,Match Finished,FT,90,71,Serie A,Brazil,https://media.api-sports.io/football/leagues/71.png,https://media.api-sports.io/flags/br.svg,2020,Regular Season - 31,120,Botafogo,https://media.api-sports.io/football/teams/120.png,False,144,Atletico Goianiense,https://media.api-sports.io/football/teams/144.png,True,1,3,0,0,1,3,,,,
328292,"Luiz Flavio De Oliveira, Brazil",UTC,2021-01-20T21:00:00+00:00,1611176400,1611176400,1611180000,216.0,Arena Fonte Nova,"Salvador, Bahia",Match Finished,FT,90,71,Serie A,Brazil,https://media.api-sports.io/football/leagues/71.png,https://media.api-sports.io/flags/br.svg,2020,Regular Season - 31,118,Bahia,https://media.api-sports.io/football/teams/118.png,True,134,Atletico Paranaense,https://media.api-sports.io/football/teams/134.png,False,1,0,0,0,1,0,,,,
328289,"Raphael Claus, Brazil",UTC,2021-01-20T22:15:00+00:00,1611180900,1611180900,1611184500,241.0,Arena do Grêmio,"Porto Alegre, Rio Grande do Sul",Match Finished,FT,90,71,Serie A,Brazil,https://media.api-sports.io/football/leagues/71.png,https://media.api-sports.io/flags/br.svg,2020,Regular Season - 31,130,Gremio,https://media.api-sports.io/football/teams/130.png,,1062,Atletico-MG,https://media.api-sports.io/football/teams/1062.png,,1,1,0,1,1,1,,,,
328285,"Felipe Fernandes de Lima, Brazil",UTC,2021-01-20T23:30:00+00:00,1611185400,1611185400,1611189000,230.0,Estádio Major Antônio Couto Pereira,"Curitiba, Paraná",Match Finished,FT,90,71,Serie A,Brazil,https://media.api-sports.io/football/leagues/71.png,https://media.api-sports.io/flags/br.svg,2020,Regular Season - 31,147,Coritiba,https://media.api-sports.io/football/teams/147.png,,124,Fluminense,https://media.api-sports.io/football/teams/124.png,,3,3,2,0,3,3,,,,
328290,Marcelo de Lima Henrique,UTC,2021-01-21T00:30:00+00:00,1611189000,1611189000,1611192600,,Estádio Cícero Pompeu de Toledo,"São Paulo, São Paulo",Match Finished,FT,90,71,Serie A,Brazil,https://media.api-sports.io/football/leagues/71.png,https://media.api-sports.io/flags/br.svg,2020,Regular Season - 31,126,Sao Paulo,https://media.api-sports.io/football/teams/126.png,False,119,Internacional,https://media.api-sports.io/football/teams/119.png,True,1,5,1,2,1,5,,,,
328286,Leandro Vuaden,UTC,2021-01-21T00:30:00+00:00,1611189000,1611189000,1611192600,220.0,Estádio Nabi Abi Chedid,"Bragança Paulista, São Paulo",Match Finished,FT,90,71,Serie A,Brazil,https://media.api-sports.io/football/leagues/71.png,https://media.api-sports.io/flags/br.svg,2020,Regular Season - 31,794,RB Bragantino,https://media.api-sports.io/football/teams/794.png,True,133,Vasco DA Gama,https://media.api-sports.io/football/teams/133.png,False,4,1,1,0,4,1,,,,
328287,"Savio Pereira Sampaio, Brazil",UTC,2021-01-21T22:00:00+00:00,1611266400,1611266400,1611270000,,Estádio do Maracanã,Rio de Janeiro,Match Finished,FT,90,71,Serie A,Brazil,https://media.api-sports.io/football/leagues/71.png,https://media.api-sports.io/flags/br.svg,2020,Regular Season - 31,127,Flamengo,https://media.api-sports.io/football/teams/127.png,True,121,Palmeiras,https://media.api-sports.io/football/teams/121.png,False,2,0,1,0,2,0,,,,
328293,"Heber Roberto Lopes, Brazil",UTC,2021-01-21T22:00:00+00:00,1611266400,1611266400,1611270000,240.0,Estádio de Hailé Pinheiro,"Goiânia, Goiás",Match Finished,FT,90,71,Serie A,Brazil,https://media.api-sports.io/football/leagues/71.png,https://media.api-sports.io/flags/br.svg,2020,Regular Season - 31,151,Goias,https://media.api-sports.io/football/teams/151.png,False,129,Ceara,https://media.api-sports.io/football/teams/129.png,True,0,4,0,2,0,4,,,,
328288,"Ricardo Marques Ribeiro, Brazil",UTC,2021-01-21T22:00:00+00:00,1611266400,1611266400,1611270000,225.0,Estádio Governador Plácido Aderaldo Castelo,"Fortaleza, Ceará",Match Finished,FT,90,71,Serie A,Brazil,https://media.api-sports.io/football/leagues/71.png,https://media.api-sports.io/flags/br.svg,2020,Regular Season - 31,154,Fortaleza EC,https://media.api-sports.io/football/teams/154.png,True,128,Santos,https://media.api-sports.io/football/teams/128.png,False,2,0,0,0,2,0,,,,
328291,"Anderson Daronco, Brazil",UTC,2021-01-22T00:00:00+00:00,1611273600,1611273600,1611277200,,Neo Química Arena,Sao Paulo,Match Finished,FT,90,71,Serie A,Brazil,https://media.api-sports.io/football/leagues/71.png,https://media.api-sports.io/flags/br.svg,2020,Regular Season - 31,131,Corinthians,https://media.api-sports.io/football/teams/131.png,True,123,Sport Recife,https://media.api-sports.io/football/teams/123.png,False,3,0,1,0,3,0,,,,
328302,"Rodrigo D'alonso Ferreira, Brazil",UTC,2021-01-23T22:00:00+00:00,1611439200,1611439200,1611442800,,Morumbí,Sao Paulo,Match Finished,FT,90,71,Serie A,Brazil,https://media.api-sports.io/football/leagues/71.png,https://media.api-sports.io/flags/br.svg,2020,Regular Season - 32,126,Sao Paulo,https://media.api-sports.io/football/teams/126.png,,147,Coritiba,https://media.api-sports.io/football/teams/147.png,,1,1,0,0,1,1,,,,
328299,Vinicius Gonçalves Dias Araujo,UTC,2021-01-24T00:00:00+00:00,1611446400,1611446400,1611450000,279.0,Estádio Club de Regatas Vasco da Gama,"Rio de Janeiro, Rio de Janeiro",Match Finished,FT,90,71,Serie A,Brazil,https://media.api-sports.io/football/leagues/71.png,https://media.api-sports.io/flags/br.svg,2020,Regular Season - 32,133,Vasco DA Gama,https://media.api-sports.io/football/teams/133.png,True,1062,Atletico-MG,https://media.api-sports.io/football/teams/1062.png,False,3,2,2,0,3,2,,,,
328300,"Luiz Flavio De Oliveira, Brazil",UTC,2021-01-24T19:00:00+00:00,1611514800,1611514800,1611518400,244.0,Estádio José Pinheiro Borda,"Porto Alegre, Rio Grande do Sul",Match Finished,FT,90,71,Serie A,Brazil,https://media.api-sports.io/football/leagues/71.png,https://media.api-sports.io/flags/br.svg,2020,Regular Season - 32,119,Internacional,https://media.api-sports.io/football/teams/119.png,True,130,Gremio,https://media.api-sports.io/football/teams/130.png,False,2,1,0,0,2,1,,,,
328297,"Braulio Da Silva Machado, Brazil",UTC,2021-01-24T19:00:00+00:00,1611514800,1611514800,1611518400,225.0,Estádio Governador Plácido Aderaldo Castelo,"Fortaleza, Ceará",Match Finished,FT,90,71,Serie A,Brazil,https://media.api-sports.io/football/leagues/71.png,https://media.api-sports.io/flags/br.svg,2020,Regular Season - 32,129,Ceara,https://media.api-sports.io/football/teams/129.png,True,121,Palmeiras,https://media.api-sports.io/football/teams/121.png,False,2,1,2,1,2,1,,,,
328295,"Leandro Pedro Vuaden, Brazil",UTC,2021-01-24T19:00:00+00:00,1611514800,1611514800,1611518400,10493.0,Arena da Baixada,"Curitiba, Paraná",Match Finished,FT,90,71,Serie A,Brazil,https://media.api-sports.io/football/leagues/71.png,https://media.api-sports.io/flags/br.svg,2020,Regular Season - 32,134,Atletico Paranaense,https://media.api-sports.io/football/teams/134.png,True,127,Flamengo,https://media.api-sports.io/football/teams/127.png,False,2,1,1,1,2,1,,,,
328301,"Raphael Claus, Brazil",UTC,2021-01-24T21:15:00+00:00,1611522900,1611522900,1611526500,276.0,Estádio Adelmar da Costa Carvalho,"Recife, Pernambuco",Match Finished,FT,90,71,Serie A,Brazil,https://media.api-sports.io/football/leagues/71.png,https://media.api-sports.io/flags/br.svg,2020,Regular Season - 32,123,Sport Recife,https://media.api-sports.io/football/teams/123.png,True,118,Bahia,https://media.api-sports.io/football/teams/118.png,False,2,0,0,0,2,0,,,,
328304,"Wagner do Nascimento Magalhaes, Brazil",UTC,2021-01-24T21:15:00+00:00,1611522900,1611522900,1611526500,10494.0,Estádio Urbano Caldeira,"Santos, São Paulo",Match Finished,FT,90,71,Serie A,Brazil,https://media.api-sports.io/football/leagues/71.png,https://media.api-sports.io/flags/br.svg,2020,Regular Season - 32,128,Santos,https://media.api-sports.io/football/teams/128.png,False,151,Goias,https://media.api-sports.io/football/teams/151.png,True,3,4,2,0,3,4,,,,
328303,"Rafael Traci, Brazil",UTC,2021-01-24T21:15:00+00:00,1611522900,1611522900,1611526500,211.0,Estádio Antônio Accioly,"Goiânia, Goiás",Match Finished,FT,90,71,Serie A,Brazil,https://media.api-sports.io/football/leagues/71.png,https://media.api-sports.io/flags/br.svg,2020,Regular Season - 32,144,Atletico Goianiense,https://media.api-sports.io/football/teams/144.png,True,154,Fortaleza EC,https://media.api-sports.io/football/teams/154.png,False,2,0,1,0,2,0,,,,
328296,"Edina Alves Batista, Brazil",UTC,2021-01-24T23:30:00+00:00,1611531000,1611531000,1611534600,279.0,Estádio Club de Regatas Vasco da Gama,"Rio de Janeiro, Rio de Janeiro",Match Finished,FT,90,71,Serie A,Brazil,https://media.api-sports.io/football/leagues/71.png,https://media.api-sports.io/flags/br.svg,2020,Regular Season - 32,124,Fluminense,https://media.api-sports.io/football/teams/124.png,True,120,Botafogo,https://media.api-sports.io/football/teams/120.png,False,2,0,0,0,2,0,,,,
328298,"Bruno Arleu de Araujo, Brazil",UTC,2021-01-25T23:00:00+00:00,1611615600,1611615600,1611619200,,Neo Química Arena,Sao Paulo,Match Finished,FT,90,71,Serie A,Brazil,https://media.api-sports.io/football/leagues/71.png,https://media.api-sports.io/flags/br.svg,2020,Regular Season - 32,131,Corinthians,https://media.api-sports.io/football/teams/131.png,False,794,RB Bragantino,https://media.api-sports.io/football/teams/794.png,True,0,2,0,2,0,2,,,,
327987,Anderson Daronco,UTC,2021-01-26T23:00:00+00:00,1611702000,1611702000,1611705600,258.0,Allianz Parque,"São Paulo, São Paulo",Match Finished,FT,90,71,Serie A,Brazil,https://media.api-sports.io/football/leagues/71.png,https://media.api-sports.io/flags/br.svg,2020,Regular Season - 1,121,Palmeiras,https://media.api-sports.io/football/teams/121.png,,133,Vasco DA Gama,https://media.api-sports.io/football/teams/133.png,,1,1,1,1,1,1,,,,
328258,Paulo Roberto Alves Júnior,UTC,2021-01-26T23:00:00+00:00,1611702000,1611702000,1611705600,234.0,Estádio Governador Magalhães Pinto,"Belo Horizonte, Minas Gerais",Match Finished,FT,90,71,Serie A,Brazil,https://media.api-sports.io/football/leagues/71.png,https://media.api-sports.io/flags/br.svg,2020,Regular Season - 28,1062,Atletico-MG,https://media.api-sports.io/football/teams/1062.png,True,128,Santos,https://media.api-sports.io/football/teams/128.png,False,2,0,2,0,2,0,,,,
328279,"Ricardo Marques Ribeiro, Brazil",UTC,2021-01-28T22:00:00+00:00,1611871200,1611871200,1611874800,216.0,Arena Fonte Nova,"Salvador, Bahia",Match Finished,FT,90,71,Serie A,Brazil,https://media.api-sports.io/football/leagues/71.png,https://media.api-sports.io/flags/br.svg,2020,Regular Season - 30,118,Bahia,https://media.api-sports.io/football/teams/118.png,True,131,Corinthians,https://media.api-sports.io/football/teams/131.png,False,2,1,2,0,2,1,,,,
328205,"Rodolpho Toski Marques, Brazil",UTC,2021-01-28T23:00:00+00:00,1611874800,1611874800,1611878400,241.0,Arena do Grêmio,"Porto Alegre, Rio Grande do Sul",Match Finished,FT,90,71,Serie A,Brazil,https://media.api-sports.io/football/leagues/71.png,https://media.api-sports.io/flags/br.svg,2020,Regular Season - 23,130,Gremio,https://media.api-sports.io/football/teams/130.png,False,127,Flamengo,https://media.api-sports.io/football/teams/127.png,True,2,4,1,0,2,4,,,,
328312,"Rodrigo D'alonso Ferreira, Brazil",UTC,2021-01-31T19:00:00+00:00,1612119600,1612119600,1612123200,225.0,Estádio Governador Plácido Aderaldo Castelo,"Fortaleza, Ceará",Match Finished,FT,90,71,Serie A,Brazil,https://media.api-sports.io/football/leagues/71.png,https://media.api-sports.io/flags/br.svg,2020,Regular Season - 33,129,Ceara,https://media.api-sports.io/football/teams/129.png,False,134,Atletico Paranaense,https://media.api-sports.io/football/teams/134.png,True,0,2,0,0,0,2,,,,
328311,"Wilton Pereira Sampaio, Brazil",UTC,2021-01-31T19:00:00+00:00,1612119600,1612119600,1612123200,279.0,Estádio Club de Regatas Vasco da Gama,"Rio de Janeiro, Rio de Janeiro",Match Finished,FT,90,71,Serie A,Brazil,https://media.api-sports.io/football/leagues/71.png,https://media.api-sports.io/flags/br.svg,2020,Regular Season - 33,133,Vasco DA Gama,https://media.api-sports.io/football/teams/133.png,,118,Bahia,https://media.api-sports.io/football/teams/118.png,,0,0,0,0,0,0,,,,
328307,"Braulio Da Silva Machado, Brazil",UTC,2021-01-31T19:00:00+00:00,1612119600,1612119600,1612123200,211.0,Estádio Antônio Accioly,"Goiânia, Goiás",Match Finished,FT,90,71,Serie A,Brazil,https://media.api-sports.io/football/leagues/71.png,https://media.api-sports.io/flags/br.svg,2020,Regular Season - 33,144,Atletico Goianiense,https://media.api-sports.io/football/teams/144.png,True,126,Sao Paulo,https://media.api-sports.io/football/teams/126.png,False,2,1,1,1,2,1,,,,
328310,"Vinicius Goncalves Dias Araujo, Brazil",UTC,2021-01-31T19:00:00+00:00,1612119600,1612119600,1612123200,230.0,Estádio Major Antônio Couto Pereira,"Curitiba, Paraná",Match Finished,FT,90,71,Serie A,Brazil,https://media.api-sports.io/football/leagues/71.png,https://media.api-sports.io/flags/br.svg,2020,Regular Season - 33,147,Coritiba,https://media.api-sports.io/football/teams/147.png,,130,Gremio,https://media.api-sports.io/football/teams/130.png,,1,1,0,1,1,1,,,,
328313,"Leandro Pedro Vuaden, Brazil",UTC,2021-01-31T20:00:00+00:00,1612123200,1612123200,1612126800,234.0,Estádio Governador Magalhães Pinto,"Belo Horizonte, Minas Gerais",Match Finished,FT,90,71,Serie A,Brazil,https://media.api-sports.io/football/leagues/71.png,https://media.api-sports.io/flags/br.svg,2020,Regular Season - 33,1062,Atletico-MG,https://media.api-sports.io/football/teams/1062.png,True,154,Fortaleza EC,https://media.api-sports.io/football/teams/154.png,False,2,0,0,0,2,0,,,,
328308,"Savio Pereira Sampaio, Brazil",UTC,2021-01-31T21:15:00+00:00,1612127700,1612127700,1612131300,244.0,Estádio José Pinheiro Borda,"Porto Alegre, Rio Grande do Sul",Match Finished,FT,90,71,Serie A,Brazil,https://media.api-sports.io/football/leagues/71.png,https://media.api-sports.io/flags/br.svg,2020,Regular Season - 33,119,Internacional,https://media.api-sports.io/football/teams/119.png,True,794,RB Bragantino,https://media.api-sports.io/football/teams/794.png,False,2,1,1,1,2,1,,,,
328314,"Raphael Claus, Brazil",UTC,2021-01-31T23:30:00+00:00,1612135800,1612135800,1612139400,218.0,Estádio Nilton Santos,Rio de Janeiro,Match Finished,FT,90,71,Serie A,Brazil,https://media.api-sports.io/football/leagues/71.png,https://media.api-sports.io/flags/br.svg,2020,Regular Season - 33,124,Fluminense,https://media.api-sports.io/football/teams/124.png,True,151,Goias,https://media.api-sports.io/football/teams/151.png,False,3,0,3,0,3,0,,,,
328305,"Rafael Traci, Brazil",UTC,2021-02-01T23:00:00+00:00,1612220400,1612220400,1612224000,276.0,Estádio Adelmar da Costa Carvalho,"Recife, Pernambuco",Match Finished,FT,90,71,Serie A,Brazil,https://media.api-sports.io/football/leagues/71.png,https://media.api-sports.io/flags/br.svg,2020,Regular Season - 33,123,Sport Recife,https://media.api-sports.io/football/teams/123.png,False,127,Flamengo,https://media.api-sports.io/football/teams/127.png,True,0,3,0,2,0,3,,,,
328306,"Felipe Fernandes de Lima, Brazil",UTC,2021-02-02T19:00:00+00:00,1612292400,1612292400,1612296000,258.0,Allianz Parque,"São Paulo, São Paulo",Match Finished,FT,90,71,Serie A,Brazil,https://media.api-sports.io/football/leagues/71.png,https://media.api-sports.io/flags/br.svg,2020,Regular Season - 33,121,Palmeiras,https://media.api-sports.io/football/teams/121.png,,120,Botafogo,https://media.api-sports.io/football/teams/120.png,,1,1,1,0,1,1,,,,
328318,"Wilton Pereira Sampaio, Brazil",UTC,2021-02-03T19:00:00+00:00,1612378800,1612378800,1612382400,241.0,Arena do Grêmio,"Porto Alegre, Rio Grande do Sul",Match Finished,FT,90,71,Serie A,Brazil,https://media.api-sports.io/football/leagues/71.png,https://media.api-sports.io/flags/br.svg,2020,Regular Season - 34,130,Gremio,https://media.api-sports.io/football/teams/130.png,,128,Santos,https://media.api-sports.io/football/teams/128.png,,3,3,1,1,3,3,,,,
328324,"Paulo Roberto Alves Junior, Brazil",UTC,2021-02-03T22:15:00+00:00,1612390500,1612390500,1612394100,220.0,Estádio Nabi Abi Chedid,"Bragança Paulista, São Paulo",Match Finished,FT,90,71,Serie A,Brazil,https://media.api-sports.io/football/leagues/71.png,https://media.api-sports.io/flags/br.svg,2020,Regular Season - 34,794,RB Bragantino,https://media.api-sports.io/football/teams/794.png,True,144,Atletico Goianiense,https://media.api-sports.io/football/teams/144.png,False,2,0,0,0,2,0,,,,
328315,Flavio Rodrigues De Souza,UTC,2021-02-04T00:30:00+00:00,1612398600,1612398600,1612402200,216.0,Arena Fonte Nova,"Salvador, Bahia",Match Finished,FT,90,71,Serie A,Brazil,https://media.api-sports.io/football/leagues/71.png,https://media.api-sports.io/flags/br.svg,2020,Regular Season - 34,118,Bahia,https://media.api-sports.io/football/teams/118.png,False,124,Fluminense,https://media.api-sports.io/football/teams/124.png,True,0,1,0,1,0,1,,,,
328323,Heber Lopes,UTC,2021-02-04T00:30:00+00:00,1612398600,1612398600,1612402200,11531.0,Neo Química Arena,"São Paulo, São Paulo",Match Finished,FT,90,71,Serie A,Brazil,https://media.api-sports.io/football/leagues/71.png,https://media.api-sports.io/flags/br.svg,2020,Regular Season - 34,131,Corinthians,https://media.api-sports.io/football/teams/131.png,True,129,Ceara,https://media.api-sports.io/football/teams/129.png,False,2,1,2,1,2,1,,,,
328319,Bruno Arleu de Araujo,UTC,2021-02-04T00:30:00+00:00,1612398600,1612398600,1612402200,240.0,Estádio de Hailé Pinheiro,"Goiânia, Goiás",Match Finished,FT,90,71,Serie A,Brazil,https://media.api-sports.io/football/leagues/71.png,https://media.api-sports.io/flags/br.svg,2020,Regular Season - 34,151,Goias,https://media.api-sports.io/football/teams/151.png,True,1062,Atletico-MG,https://media.api-sports.io/football/teams/1062.png,False,1,0,1,0,1,0,,,,
328322,"Anderson Daronco, Brazil",UTC,2021-02-04T21:30:00+00:00,1612474200,1612474200,1612477800,225.0,Estádio Governador Plácido Aderaldo Castelo,"Fortaleza, Ceará",Match Finished,FT,90,71,Serie A,Brazil,https://media.api-sports.io/football/leagues/71.png,https://media.api-sports.io/flags/br.svg,2020,Regular Season - 34,154,Fortaleza EC,https://media.api-sports.io/football/teams/154.png,True,147,Coritiba,https://media.api-sports.io/football/teams/147.png,False,3,1,2,1,3,1,,,,
328316,Raphael Claus,UTC,2021-02-05T00:00:00+00:00,1612483200,1612483200,1612486800,,Estadio Jornalista Mário Filho,"Rio de Janeiro, Rio de Janeiro",Match Finished,FT,90,71,Serie A,Brazil,https://media.api-sports.io/football/leagues/71.png,https://media.api-sports.io/flags/br.svg,2020,Regular Season - 34,127,Flamengo,https://media.api-sports.io/football/teams/127.png,True,133,Vasco DA Gama,https://media.api-sports.io/football/teams/133.png,False,2,0,1,0,2,0,,,,
328320,Ricardo Marques Ribeiro,UTC,2021-02-05T00:00:00+00:00,1612483200,1612483200,1612486800,10493.0,Arena da Baixada,"Curitiba, Paraná",Match Finished,FT,90,71,Serie A,Brazil,https://media.api-sports.io/football/leagues/71.png,https://media.api-sports.io/flags/br.svg,2020,Regular Season - 34,134,Atletico Paranaense,https://media.api-sports.io/football/teams/134.png,,119,Internacional,https://media.api-sports.io/football/teams/119.png,,0,0,0,0,0,0,,,,
328321,"Luiz Flavio De Oliveira, Brazil",UTC,2021-02-05T23:00:00+00:00,1612566000,1612566000,1612569600,218.0,Estádio Nilton Santos,Rio de Janeiro,Match Finished,FT,90,71,Serie A,Brazil,https://media.api-sports.io/football/leagues/71.png,https://media.api-sports.io/flags/br.svg,2020,Regular Season - 34,120,Botafogo,https://media.api-sports.io/football/teams/120.png,False,123,Sport Recife,https://media.api-sports.io/football/teams/123.png,True,0,1,0,1,0,1,,,,
328334,"Rafael Traci, Brazil",UTC,2021-02-06T22:00:00+00:00,1612648800,1612648800,1612652400,216.0,Arena Fonte Nova,"Salvador, Bahia",Match Finished,FT,90,71,Serie A,Brazil,https://media.api-sports.io/football/leagues/71.png,https://media.api-sports.io/flags/br.svg,2020,Regular Season - 35,118,Bahia,https://media.api-sports.io/football/teams/118.png,,151,Goias,https://media.api-sports.io/football/teams/151.png,,3,3,2,1,3,3,,,,
328328,Marcelo de Lima Henrique,UTC,2021-02-07T00:00:00+00:00,1612656000,1612656000,1612659600,211.0,Estádio Antônio Accioly,"Goiânia, Goiás",Match Finished,FT,90,71,Serie A,Brazil,https://media.api-sports.io/football/leagues/71.png,https://media.api-sports.io/flags/br.svg,2020,Regular Season - 35,144,Atletico Goianiense,https://media.api-sports.io/football/teams/144.png,,128,Santos,https://media.api-sports.io/football/teams/128.png,,1,1,1,0,1,1,,,,
328325,"Wilton Pereira Sampaio, Brazil",UTC,2021-02-07T23:30:00+00:00,1612740600,1612740600,1612744200,220.0,Estádio Nabi Abi Chedid,"Bragança Paulista, São Paulo",Match Finished,FT,90,71,Serie A,Brazil,https://media.api-sports.io/football/leagues/71.png,https://media.api-sports.io/flags/br.svg,2020,Regular Season - 35,794,RB Bragantino,https://media.api-sports.io/football/teams/794.png,,127,Flamengo,https://media.api-sports.io/football/teams/127.png,,1,1,0,1,1,1,,,,
328330,"Rodrigo D'alonso Ferreira, Brazil",UTC,2021-02-08T23:00:00+00:00,1612825200,1612825200,1612828800,218.0,Estádio Nilton Santos,Rio de Janeiro,Match Finished,FT,90,71,Serie A,Brazil,https://media.api-sports.io/football/leagues/71.png,https://media.api-sports.io/flags/br.svg,2020,Regular Season - 35,120,Botafogo,https://media.api-sports.io/football/teams/120.png,False,130,Gremio,https://media.api-sports.io/football/teams/130.png,True,2,5,0,2,2,5,,,,
328331,"Rodolpho Toski Marques, Brazil",UTC,2021-02-10T22:00:00+00:00,1612994400,1612994400,1612998000,244.0,Estádio José Pinheiro Borda,"Porto Alegre, Rio Grande do Sul",Match Finished,FT,90,71,Serie A,Brazil,https://media.api-sports.io/football/leagues/71.png,https://media.api-sports.io/flags/br.svg,2020,Regular Season - 35,119,Internacional,https://media.api-sports.io/football/teams/119.png,False,123,Sport Recife,https://media.api-sports.io/football/teams/123.png,True,1,2,1,2,1,2,,,,
328326,"Braulio Da Silva Machado, Brazil",UTC,2021-02-10T22:15:00+00:00,1612995300,1612995300,1612998900,225.0,Estádio Governador Plácido Aderaldo Castelo,"Fortaleza, Ceará",Match Finished,FT,90,71,Serie A,Brazil,https://media.api-sports.io/football/leagues/71.png,https://media.api-sports.io/flags/br.svg,2020,Regular Season - 35,154,Fortaleza EC,https://media.api-sports.io/football/teams/154.png,True,133,Vasco DA Gama,https://media.api-sports.io/football/teams/133.png,False,3,0,2,0,3,0,,,,
328333,"Savio Pereira Sampaio, Brazil",UTC,2021-02-11T00:00:00+00:00,1613001600,1613001600,1613005200,,Morumbí,Sao Paulo,Match Finished,FT,90,71,Serie A,Brazil,https://media.api-sports.io/football/leagues/71.png,https://media.api-sports.io/flags/br.svg,2020,Regular Season - 35,126,Sao Paulo,https://media.api-sports.io/football/teams/126.png,,129,Ceara,https://media.api-sports.io/football/teams/129.png,,1,1,0,0,1,1,,,,
328329,"Luiz Flavio De Oliveira, Brazil",UTC,2021-02-11T00:30:00+00:00,1613003400,1613003400,1613007000,,Estádio do Maracanã,Rio de Janeiro,Match Finished,FT,90,71,Serie A,Brazil,https://media.api-sports.io/football/leagues/71.png,https://media.api-sports.io/flags/br.svg,2020,Regular Season - 35,124,Fluminense,https://media.api-sports.io/football/teams/124.png,,1062,Atletico-MG,https://media.api-sports.io/football/teams/1062.png,,0,0,0,0,0,0,,,,
328332,"Jean Pierre Goncalves Lima, Brazil",UTC,2021-02-11T00:30:00+00:00,1613003400,1613003400,1613007000,,Neo Química Arena,Sao Paulo,Match Finished,FT,90,71,Serie A,Brazil,https://media.api-sports.io/football/leagues/71.png,https://media.api-sports.io/flags/br.svg,2020,Regular Season - 35,131,Corinthians,https://media.api-sports.io/football/teams/131.png,,134,Atletico Paranaense,https://media.api-sports.io/football/teams/134.png,,3,3,2,2,3,3,,,,
328336,"Felipe Fernandes de Lima, Brazil",UTC,2021-02-13T20:00:00+00:00,1613246400,1613246400,1613250000,240.0,Estádio de Hailé Pinheiro,"Goiânia, Goiás",Match Finished,FT,90,71,Serie A,Brazil,https://media.api-sports.io/football/leagues/71.png,https://media.api-sports.io/flags/br.svg,2020,Regular Season - 36,151,Goias,https://media.api-sports.io/football/teams/151.png,True,120,Botafogo,https://media.api-sports.io/football/teams/120.png,False,2,0,1,0,2,0,,,,
328342,"Bruno Arleu de Araujo, Brazil",UTC,2021-02-13T22:00:00+00:00,1613253600,1613253600,1613257200,10494.0,Estádio Urbano Caldeira,"Santos, São Paulo",Match Finished,FT,90,71,Serie A,Brazil,https://media.api-sports.io/football/leagues/71.png,https://media.api-sports.io/flags/br.svg,2020,Regular Season - 36,128,Santos,https://media.api-sports.io/football/teams/128.png,True,147,Coritiba,https://media.api-sports.io/football/teams/147.png,False,2,0,1,0,2,0,,,,
328341,"Raphael Claus, Brazil",UTC,2021-02-13T22:00:00+00:00,1613253600,1613253600,1613257200,234.0,Estádio Governador Magalhães Pinto,"Belo Horizonte, Minas Gerais",Match Finished,FT,90,71,Serie A,Brazil,https://media.api-sports.io/football/leagues/71.png,https://media.api-sports.io/flags/br.svg,2020,Regular Season - 36,1062,Atletico-MG,https://media.api-sports.io/football/teams/1062.png,,118,Bahia,https://media.api-sports.io/football/teams/118.png,,1,1,1,0,1,1,,,,
328339,"Rafael Traci, Brazil",UTC,2021-02-14T19:00:00+00:00,1613329200,1613329200,1613332800,,Estádio do Maracanã,Rio de Janeiro,Match Finished,FT,90,71,Serie A,Brazil,https://media.api-sports.io/football/leagues/71.png,https://media.api-sports.io/flags/br.svg,2020,Regular Season - 36,127,Flamengo,https://media.api-sports.io/football/teams/127.png,True,131,Corinthians,https://media.api-sports.io/football/teams/131.png,False,2,1,1,1,2,1,,,,
328340,"Flavio Rodrigues De Souza, Brazil",UTC,2021-02-14T19:00:00+00:00,1613329200,1613329200,1613332800,279.0,Estádio Club de Regatas Vasco da Gama,"Rio de Janeiro, Rio de Janeiro",Match Finished,FT,90,71,Serie A,Brazil,https://media.api-sports.io/football/leagues/71.png,https://media.api-sports.io/flags/br.svg,2020,Regular Season - 36,133,Vasco DA Gama,https://media.api-sports.io/football/teams/133.png,False,119,Internacional,https://media.api-sports.io/football/teams/119.png,True,0,2,0,1,0,2,,,,
328343,"Ricardo Marques Ribeiro, Brazil",UTC,2021-02-14T21:15:00+00:00,1613337300,1613337300,1613340900,258.0,Allianz Parque,"São Paulo, São Paulo",Match Finished,FT,90,71,Serie A,Brazil,https://media.api-sports.io/football/leagues/71.png,https://media.api-sports.io/flags/br.svg,2020,Regular Season - 36,121,Palmeiras,https://media.api-sports.io/football/teams/121.png,True,154,Fortaleza EC,https://media.api-sports.io/football/teams/154.png,False,3,0,3,0,3,0,,,,
328344,"Wagner do Nascimento Magalhaes, Brazil",UTC,2021-02-14T21:15:00+00:00,1613337300,1613337300,1613340900,10493.0,Arena da Baixada,"Curitiba, Paraná",Match Finished,FT,90,71,Serie A,Brazil,https://media.api-sports.io/football/leagues/71.png,https://media.api-sports.io/flags/br.svg,2020,Regular Season - 36,134,Atletico Paranaense,https://media.api-sports.io/football/teams/134.png,True,144,Atletico Goianiense,https://media.api-sports.io/football/teams/144.png,False,2,1,0,0,2,1,,,,
328337,"Paulo Roberto Alves Junior, Brazil",UTC,2021-02-14T23:30:00+00:00,1613345400,1613345400,1613349000,241.0,Arena do Grêmio,"Porto Alegre, Rio Grande do Sul",Match Finished,FT,90,71,Serie A,Brazil,https://media.api-sports.io/football/leagues/71.png,https://media.api-sports.io/flags/br.svg,2020,Regular Season - 36,130,Gremio,https://media.api-sports.io/football/teams/130.png,False,126,Sao Paulo,https://media.api-sports.io/football/teams/126.png,True,1,2,1,0,1,2,,,,
328335,"Wilton Pereira Sampaio, Brazil",UTC,2021-02-15T21:00:00+00:00,1613422800,1613422800,1613426400,225.0,Estádio Governador Plácido Aderaldo Castelo,"Fortaleza, Ceará",Match Finished,FT,90,71,Serie A,Brazil,https://media.api-sports.io/football/leagues/71.png,https://media.api-sports.io/flags/br.svg,2020,Regular Season - 36,129,Ceara,https://media.api-sports.io/football/teams/129.png,False,124,Fluminense,https://media.api-sports.io/football/teams/124.png,True,1,3,0,1,1,3,,,,
328338,"Leandro Pedro Vuaden, Brazil",UTC,2021-02-15T23:00:00+00:00,1613430000,1613430000,1613433600,276.0,Estádio Adelmar da Costa Carvalho,"Recife, Pernambuco",Match Finished,FT,90,71,Serie A,Brazil,https://media.api-sports.io/football/leagues/71.png,https://media.api-sports.io/flags/br.svg,2020,Regular Season - 36,123,Sport Recife,https://media.api-sports.io/football/teams/123.png,,794,RB Bragantino,https://media.api-sports.io/football/teams/794.png,,0,0,0,0,0,0,,,,
328309,"Vinicius Goncalves Dias Araujo, Brazil",UTC,2021-02-17T22:00:00+00:00,1613599200,1613599200,1613602800,10494.0,Estádio Urbano Caldeira,"Santos, São Paulo",Match Finished,FT,90,71,Serie A,Brazil,https://media.api-sports.io/football/leagues/71.png,https://media.api-sports.io/flags/br.svg,2020,Regular Season - 33,128,Santos,https://media.api-sports.io/football/teams/128.png,True,131,Corinthians,https://media.api-sports.io/football/teams/131.png,False,1,0,0,0,1,0,,,,
328327,"Ramon Abatti Abel, Brazil",UTC,2021-02-17T22:30:00+00:00,1613601000,1613601000,1613604600,230.0,Estádio Major Antônio Couto Pereira,"Curitiba, Paraná",Match Finished,FT,90,71,Serie A,Brazil,https://media.api-sports.io/football/leagues/71.png,https://media.api-sports.io/flags/br.svg,2020,Regular Season - 35,147,Coritiba,https://media.api-sports.io/football/teams/147.png,True,121,Palmeiras,https://media.api-sports.io/football/teams/121.png,False,1,0,0,0,1,0,,,,
328317,Leandro Vuaden,UTC,2021-02-20T00:30:00+00:00,1613781000,1613781000,1613784600,,Estádio Cícero Pompeu de Toledo,"São Paulo, São Paulo",Match Finished,FT,90,71,Serie A,Brazil,https://media.api-sports.io/football/leagues/71.png,https://media.api-sports.io/flags/br.svg,2020,Regular Season - 34,126,Sao Paulo,https://media.api-sports.io/football/teams/126.png,,121,Palmeiras,https://media.api-sports.io/football/teams/121.png,,1,1,0,0,1,1,,,,
328353,"Marcelo De Lima Henrique, Brazil",UTC,2021-02-20T21:30:00+00:00,1613856600,1613856600,1613860200,230.0,Estádio Major Antônio Couto Pereira,"Curitiba, Paraná",Match Finished,FT,90,71,Serie A,Brazil,https://media.api-sports.io/football/leagues/71.png,https://media.api-sports.io/flags/br.svg,2020,Regular Season - 37,147,Coritiba,https://media.api-sports.io/football/teams/147.png,False,129,Ceara,https://media.api-sports.io/football/teams/129.png,True,0,2,0,0,0,2,,,,
328351,Luiz Flavio De Oliveira,UTC,2021-02-21T00:00:00+00:00,1613865600,1613865600,1613869200,225.0,Estádio Governador Plácido Aderaldo Castelo,"Fortaleza, Ceará",Match Finished,FT,90,71,Serie A,Brazil,https://media.api-sports.io/football/leagues/71.png,https://media.api-sports.io/flags/br.svg,2020,Regular Season - 37,154,Fortaleza EC,https://media.api-sports.io/football/teams/154.png,False,118,Bahia,https://media.api-sports.io/football/teams/118.png,True,0,4,0,1,0,4,,,,
328349,"Rodolpho Toski Marques, Brazil",UTC,2021-02-21T19:00:00+00:00,1613934000,1613934000,1613937600,276.0,Estádio Adelmar da Costa Carvalho,"Recife, Pernambuco",Match Finished,FT,90,71,Serie A,Brazil,https://media.api-sports.io/football/leagues/71.png,https://media.api-sports.io/flags/br.svg,2020,Regular Season - 37,123,Sport Recife,https://media.api-sports.io/football/teams/123.png,False,1062,Atletico-MG,https://media.api-sports.io/football/teams/1062.png,True,2,3,1,1,2,3,,,,
328350,"Raphael Claus, Brazil",UTC,2021-02-21T19:00:00+00:00,1613934000,1613934000,1613937600,,Estádio do Maracanã,Rio de Janeiro,Match Finished,FT,90,71,Serie A,Brazil,https://media.api-sports.io/football/leagues/71.png,https://media.api-sports.io/flags/br.svg,2020,Regular Season - 37,127,Flamengo,https://media.api-sports.io/football/teams/127.png,True,119,Internacional,https://media.api-sports.io/football/teams/119.png,False,2,1,1,1,2,1,,,,
328346,"Anderson Daronco, Brazil",UTC,2021-02-21T19:00:00+00:00,1613934000,1613934000,1613937600,,Neo Química Arena,Sao Paulo,Match Finished,FT,90,71,Serie A,Brazil,https://media.api-sports.io/football/leagues/71.png,https://media.api-sports.io/flags/br.svg,2020,Regular Season - 37,131,Corinthians,https://media.api-sports.io/football/teams/131.png,,133,Vasco DA Gama,https://media.api-sports.io/football/teams/133.png,,0,0,0,0,0,0,,,,
328345,"Savio Pereira Sampaio, Brazil",UTC,2021-02-21T21:15:00+00:00,1613942100,1613942100,1613945700,10494.0,Estádio Urbano Caldeira,"Santos, São Paulo",Match Finished,FT,90,71,Serie A,Brazil,https://media.api-sports.io/football/leagues/71.png,https://media.api-sports.io/flags/br.svg,2020,Regular Season - 37,128,Santos,https://media.api-sports.io/football/teams/128.png,,124,Fluminense,https://media.api-sports.io/football/teams/124.png,,1,1,0,1,1,1,,,,
328352,"Ricardo Marques Ribeiro, Brazil",UTC,2021-02-21T21:15:00+00:00,1613942100,1613942100,1613945700,241.0,Arena do Grêmio,"Porto Alegre, Rio Grande do Sul",Match Finished,FT,90,71,Serie A,Brazil,https://media.api-sports.io/football/leagues/71.png,https://media.api-sports.io/flags/br.svg,2020,Regular Season - 37,130,Gremio,https://media.api-sports.io/football/teams/130.png,True,134,Atletico Paranaense,https://media.api-sports.io/football/teams/134.png,False,1,0,0,0,1,0,,,,
328348,"Jean Pierre Goncalves Lima, Brazil",UTC,2021-02-21T23:30:00+00:00,1613950200,1613950200,1613953800,240.0,Estádio de Hailé Pinheiro,"Goiânia, Goiás",Match Finished,FT,90,71,Serie A,Brazil,https://media.api-sports.io/football/leagues/71.png,https://media.api-sports.io/flags/br.svg,2020,Regular Season - 37,151,Goias,https://media.api-sports.io/football/teams/151.png,,794,RB Bragantino,https://media.api-sports.io/football/teams/794.png,,0,0,0,0,0,0,,,,
328354,"Caio Max Augusto Vieira, Brazil",UTC,2021-02-22T21:00:00+00:00,1614027600,1614027600,1614031200,258.0,Allianz Parque,"São Paulo, São Paulo",Match Finished,FT,90,71,Serie A,Brazil,https://media.api-sports.io/football/leagues/71.png,https://media.api-sports.io/flags/br.svg,2020,Regular Season - 37,121,Palmeiras,https://media.api-sports.io/football/teams/121.png,,144,Atletico Goianiense,https://media.api-sports.io/football/teams/144.png,,1,1,1,1,1,1,,,,
328347,"Braulio Da Silva Machado, Brazil",UTC,2021-02-22T23:00:00+00:00,1614034800,1614034800,1614038400,218.0,Estádio Nilton Santos,Rio de Janeiro,Match Finished,FT,90,71,Serie A,Brazil,https://media.api-sports.io/football/leagues/71.png,https://media.api-sports.io/flags/br.svg,2020,Regular Season - 37,120,Botafogo,https://media.api-sports.io/football/teams/120.png,True,126,Sao Paulo,https://media.api-sports.io/football/teams/126.png,False,1,0,0,0,1,0,,,,
328358,"Paulo Roberto Alves Junior, Brazil",UTC,2021-02-26T00:30:00+00:00,1614299400,1614299400,1614303000,216.0,Arena Fonte Nova,"Salvador, Bahia",Match Finished,FT,90,71,Serie A,Brazil,https://media.api-sports.io/football/leagues/71.png,https://media.api-sports.io/flags/br.svg,2020,Regular Season - 38,118,Bahia,https://media.api-sports.io/football/teams/118.png,True,128,Santos,https://media.api-sports.io/football/teams/128.png,False,2,0,1,0,2,0,,,,
328359,"Wilton Pereira Sampaio, Brazil",UTC,2021-02-26T00:30:00+00:00,1614299400,1614299400,1614303000,244.0,Estádio José Pinheiro Borda,"Porto Alegre, Rio Grande do Sul",Match Finished,FT,90,71,Serie A,Brazil,https://media.api-sports.io/football/leagues/71.png,https://media.api-sports.io/flags/br.svg,2020,Regular Season - 38,119,Internacional,https://media.api-sports.io/football/teams/119.png,,131,Corinthians,https://media.api-sports.io/football/teams/131.png,,0,0,0,0,0,0,,,,
328363,"Anderson Daronco, Brazil",UTC,2021-02-26T00:30:00+00:00,1614299400,1614299400,1614303000,,Estádio do Maracanã,Rio de Janeiro,Match Finished,FT,90,71,Serie A,Brazil,https://media.api-sports.io/football/leagues/71.png,https://media.api-sports.io/flags/br.svg,2020,Regular Season - 38,124,Fluminense,https://media.api-sports.io/football/teams/124.png,True,154,Fortaleza EC,https://media.api-sports.io/football/teams/154.png,False,2,0,1,0,2,0,,,,
328355,"Rodolpho Toski Marques, Brazil",UTC,2021-02-26T00:30:00+00:00,1614299400,1614299400,1614303000,,Morumbí,Sao Paulo,Match Finished,FT,90,71,Serie A,Brazil,https://media.api-sports.io/football/leagues/71.png,https://media.api-sports.io/flags/br.svg,2020,Regular Season - 38,126,Sao Paulo,https://media.api-sports.io/football/teams/126.png,True,127,Flamengo,https://media.api-sports.io/football/teams/127.png,False,2,1,1,0,2,1,,,,
328356,"Raphael Claus, Brazil",UTC,2021-02-26T00:30:00+00:00,1614299400,1614299400,1614303000,225.0,Estádio Governador Plácido Aderaldo Castelo,"Fortaleza, Ceará",Match Finished,FT,90,71,Serie A,Brazil,https://media.api-sports.io/football/leagues/71.png,https://media.api-sports.io/flags/br.svg,2020,Regular Season - 38,129,Ceara,https://media.api-sports.io/football/teams/129.png,True,120,Botafogo,https://media.api-sports.io/football/teams/120.png,False,2,1,1,0,2,1,,,,
328364,"Leandro Pedro Vuaden, Brazil",UTC,2021-02-26T00:30:00+00:00,1614299400,1614299400,1614303000,279.0,Estádio Club de Regatas Vasco da Gama,"Rio de Janeiro, Rio de Janeiro",Match Finished,FT,90,71,Serie A,Brazil,https://media.api-sports.io/football/leagues/71.png,https://media.api-sports.io/flags/br.svg,2020,Regular Season - 38,133,Vasco DA Gama,https://media.api-sports.io/football/teams/133.png,True,151,Goias,https://media.api-sports.io/football/teams/151.png,False,3,2,1,2,3,2,,,,
328361,"Flavio Rodrigues De Souza, Brazil",UTC,2021-02-26T00:30:00+00:00,1614299400,1614299400,1614303000,10493.0,Arena da Baixada,"Curitiba, Paraná",Match Finished,FT,90,71,Serie A,Brazil,https://media.api-sports.io/football/leagues/71.png,https://media.api-sports.io/flags/br.svg,2020,Regular Season - 38,134,Atletico Paranaense,https://media.api-sports.io/football/teams/134.png,True,123,Sport Recife,https://media.api-sports.io/football/teams/123.png,False,2,0,1,0,2,0,,,,
328362,"Edina Alves Batista, Brazil",UTC,2021-02-26T00:30:00+00:00,1614299400,1614299400,1614303000,211.0,Estádio Antônio Accioly,"Goiânia, Goiás",Match Finished,FT,90,71,Serie A,Brazil,https://media.api-sports.io/football/leagues/71.png,https://media.api-sports.io/flags/br.svg,2020,Regular Season - 38,144,Atletico Goianiense,https://media.api-sports.io/football/teams/144.png,True,147,Coritiba,https://media.api-sports.io/football/teams/147.png,False,3,1,3,0,3,1,,,,
328360,"Ramon Abatti Abel, Brazil",UTC,2021-02-26T00:30:00+00:00,1614299400,1614299400,1614303000,220.0,Estádio Nabi Abi Chedid,"Bragança Paulista, São Paulo",Match Finished,FT,90,71,Serie A,Brazil,https://media.api-sports.io/football/leagues/71.png,https://media.api-sports.io/flags/br.svg,2020,Regular Season - 38,794,RB Bragantino,https://media.api-sports.io/football/teams/794.png,True,130,Gremio,https://media.api-sports.io/football/teams/130.png,False,1,0,0,0,1,0,,,,
328357,"Heber Roberto Lopes, Brazil",UTC,2021-02-26T00:30:00+00:00,1614299400,1614299400,1614303000,234.0,Estádio Governador Magalhães Pinto,"Belo Horizonte, Minas Gerais",Match Finished,FT,90,71,Serie A,Brazil,https://media.api-sports.io/football/leagues/71.png,https://media.api-sports.io/flags/br.svg,2020,Regular Season - 38,1062,Atletico-MG,https://media.api-sports.io/football/teams/1062.png,True,121,Palmeiras,https://media.api-sports.io/football/teams/121.png,False,2,0,0,0,2,0,,,,
