fixture_id,fixture_referee,fixture_timezone,fixture_date,fixture_timestamp,fixture_periods_first,fixture_periods_second,fixture_venue_id,fixture_venue_name,fixture_venue_city,fixture_status_long,fixture_status_short,fixture_status_elapsed,league_id,league_name,league_country,league_logo,league_flag,league_season,league_round,teams_home_id,teams_home_name,teams_home_logo,teams_home_winner,teams_away_id,teams_away_name,teams_away_logo,teams_away_winner,goals_home,goals_away,score_halftime_home,score_halftime_away,score_fulltime_home,score_fulltime_away,score_extratime_home,score_extratime_away,score_penalty_home,score_penalty_away,fixture_status_extra,league_standings,chave
468790,,UTC,2014-04-18T22:30:00+00:00,1397860200,1397860200.0,1397863800.0,,Estádio Governador João Castelo Ribeiro Gonçalves,"São Luís, Maranhão",Match Finished,FT,90.0,72,Serie B,Brazil,https://media.api-sports.io/football/leagues/72.png,https://media.api-sports.io/flags/br.svg,2014,Regular Season - 1,155,Sampaio Correa,https://media.api-sports.io/football/teams/155.png,False,122,Parana,https://media.api-sports.io/football/teams/122.png,True,0.0,2.0,0.0,0.0,0.0,2.0,,,,,,,
468791,,UTC,2014-04-18T22:30:00+00:00,1397860200,1397860200.0,1397863800.0,247.0,Arena Joinville,"Joinville, Santa Catarina",Match Finished,FT,90.0,72,Serie B,Brazil,https://media.api-sports.io/football/leagues/72.png,https://media.api-sports.io/flags/br.svg,2014,Regular Season - 1,795,Joinville,https://media.api-sports.io/football/teams/795.png,True,1214,Portuguesa,https://media.api-sports.io/football/teams/1214.png,False,3.0,0.0,,,3.0,0.0,,,,,,,
468792,,UTC,2014-04-18T22:30:00+00:00,1397860200,1397860200.0,1397863800.0,,Estádio do Governo do Estado de Goiás,"Goiânia, Goiás",Match Finished,FT,90.0,72,Serie B,Brazil,https://media.api-sports.io/football/leagues/72.png,https://media.api-sports.io/flags/br.svg,2014,Regular Season - 1,142,Vila Nova,https://media.api-sports.io/football/teams/142.png,,752,Luverdense,https://media.api-sports.io/football/teams/752.png,,0.0,0.0,0.0,0.0,0.0,0.0,,,,,,,
468793,,UTC,2014-04-19T00:50:00+00:00,1397868600,1397868600.0,1397872200.0,261.0,Estádio Moisés Lucarelli,"Campinas, São Paulo",Match Finished,FT,90.0,72,Serie B,Brazil,https://media.api-sports.io/football/leagues/72.png,https://media.api-sports.io/flags/br.svg,2014,Regular Season - 1,139,Ponte Preta,https://media.api-sports.io/football/teams/139.png,,7874,Icasa,https://media.api-sports.io/football/teams/7874.png,,1.0,1.0,0.0,1.0,1.0,1.0,,,,,,,
468794,,UTC,2014-04-19T19:20:00+00:00,1397935200,1397935200.0,1397938800.0,220.0,Estádio Nabi Abi Chedid,"Bragança Paulista, São Paulo",Match Finished,FT,90.0,72,Serie B,Brazil,https://media.api-sports.io/football/leagues/72.png,https://media.api-sports.io/flags/br.svg,2014,Regular Season - 1,794,Bragantino,https://media.api-sports.io/football/teams/794.png,,755,Nautico Recife,https://media.api-sports.io/football/teams/755.png,,2.0,2.0,1.0,0.0,2.0,2.0,,,,,,,
468795,,UTC,2014-04-19T19:20:00+00:00,1397935200,1397935200.0,1397938800.0,279.0,Estádio Club de Regatas Vasco da Gama,"Rio de Janeiro, Rio de Janeiro",Match Finished,FT,90.0,72,Serie B,Brazil,https://media.api-sports.io/football/leagues/72.png,https://media.api-sports.io/flags/br.svg,2014,Regular Season - 1,133,Vasco DA Gama,https://media.api-sports.io/football/teams/133.png,,125,America Mineiro,https://media.api-sports.io/football/teams/125.png,,1.0,1.0,0.0,0.0,1.0,1.0,,,,,,,
468796,,UTC,2014-04-19T19:20:00+00:00,1397935200,1397935200.0,1397938800.0,7803.0,Estádio Jóse do Rego Maciel,"Recife, Pernambuco",Match Finished,FT,90.0,72,Serie B,Brazil,https://media.api-sports.io/football/leagues/72.png,https://media.api-sports.io/flags/br.svg,2014,Regular Season - 1,753,Santa Cruz,https://media.api-sports.io/football/teams/753.png,,754,ABC,https://media.api-sports.io/football/teams/754.png,,1.0,1.0,1.0,0.0,1.0,1.0,,,,,,,
468797,,UTC,2014-04-19T19:20:00+00:00,1397935200,1397935200.0,1397938800.0,246.0,Estádio Municipal Prefeito Dilzon Luiz de Melo,"Varginha, Minas Gerais",Match Finished,FT,90.0,72,Serie B,Brazil,https://media.api-sports.io/football/leagues/72.png,https://media.api-sports.io/flags/br.svg,2014,Regular Season - 1,153,BOA,https://media.api-sports.io/football/teams/153.png,,144,Atletico Goianiense,https://media.api-sports.io/football/teams/144.png,,1.0,1.0,1.0,1.0,1.0,1.0,,,,,,,
468798,,UTC,2014-04-20T00:00:00+00:00,1397952000,1397952000.0,1397955600.0,225.0,Estádio Governador Plácido Aderaldo Castelo,"Fortaleza, Ceará",Match Finished,FT,90.0,72,Serie B,Brazil,https://media.api-sports.io/football/leagues/72.png,https://media.api-sports.io/flags/br.svg,2014,Regular Season - 1,129,Ceara,https://media.api-sports.io/football/teams/129.png,True,143,Oeste,https://media.api-sports.io/football/teams/143.png,False,1.0,0.0,1.0,0.0,1.0,0.0,,,,,,,
468799,,UTC,2014-04-20T00:00:00+00:00,1397952000,1397952000.0,1397955600.0,207.0,Arena das Dunas,"Natal, Rio Grande do Norte",Match Finished,FT,90.0,72,Serie B,Brazil,https://media.api-sports.io/football/leagues/72.png,https://media.api-sports.io/flags/br.svg,2014,Regular Season - 1,2233,America-RN,https://media.api-sports.io/football/teams/2233.png,True,145,Avai,https://media.api-sports.io/football/teams/145.png,False,3.0,1.0,2.0,1.0,3.0,1.0,,,,,,,
468800,,UTC,2014-04-23T00:50:00+00:00,1398214200,1398214200.0,1398217800.0,214.0,Estádio Aderbal Ramos da Silva,"Florianópolis, Santa Catarina",Match Finished,FT,90.0,72,Serie B,Brazil,https://media.api-sports.io/football/leagues/72.png,https://media.api-sports.io/flags/br.svg,2014,Regular Season - 2,145,Avai,https://media.api-sports.io/football/teams/145.png,False,794,Bragantino,https://media.api-sports.io/football/teams/794.png,True,1.0,2.0,1.0,1.0,1.0,2.0,,,,,,,
468801,,UTC,2014-04-25T22:30:00+00:00,1398465000,1398465000.0,1398468600.0,2942.0,Estádio Mauro Sampaio,"Juazeiro do Norte, Ceará",Match Finished,FT,90.0,72,Serie B,Brazil,https://media.api-sports.io/football/leagues/72.png,https://media.api-sports.io/flags/br.svg,2014,Regular Season - 2,7874,Icasa,https://media.api-sports.io/football/teams/7874.png,False,155,Sampaio Correa,https://media.api-sports.io/football/teams/155.png,True,0.0,3.0,0.0,2.0,0.0,3.0,,,,,,,
468802,,UTC,2014-04-26T00:00:00+00:00,1398470400,1398470400.0,1398474000.0,,Estádio Durival de Brito e Silva,"Curitiba, Paraná",Match Finished,FT,90.0,72,Serie B,Brazil,https://media.api-sports.io/football/leagues/72.png,https://media.api-sports.io/flags/br.svg,2014,Regular Season - 2,122,Parana,https://media.api-sports.io/football/teams/122.png,False,795,Joinville,https://media.api-sports.io/football/teams/795.png,True,2.0,3.0,2.0,2.0,2.0,3.0,,,,,,,
468803,,UTC,2014-04-26T19:20:00+00:00,1398540000,1398540000.0,1398543600.0,,Estádio dos Amaros,"Itápolis, São Paulo",Match Finished,FT,90.0,72,Serie B,Brazil,https://media.api-sports.io/football/leagues/72.png,https://media.api-sports.io/flags/br.svg,2014,Regular Season - 2,143,Oeste,https://media.api-sports.io/football/teams/143.png,True,2233,America-RN,https://media.api-sports.io/football/teams/2233.png,False,2.0,1.0,0.0,0.0,2.0,1.0,,,,,,,
468804,,UTC,2014-04-26T19:20:00+00:00,1398540000,1398540000.0,1398543600.0,2936.0,Estádio Dr. Oswaldo Teixeira Duarte,"São Paulo, São Paulo",Match Finished,FT,90.0,72,Serie B,Brazil,https://media.api-sports.io/football/leagues/72.png,https://media.api-sports.io/flags/br.svg,2014,Regular Season - 2,1214,Portuguesa,https://media.api-sports.io/football/teams/1214.png,,753,Santa Cruz,https://media.api-sports.io/football/teams/753.png,,1.0,1.0,0.0,0.0,1.0,1.0,,,,,,,
468805,,UTC,2014-04-26T19:20:00+00:00,1398540000,1398540000.0,1398543600.0,253.0,Itaipava Arena Pernambuco,"Recife, Pernambuco",Match Finished,FT,90.0,72,Serie B,Brazil,https://media.api-sports.io/football/leagues/72.png,https://media.api-sports.io/flags/br.svg,2014,Regular Season - 2,755,Nautico Recife,https://media.api-sports.io/football/teams/755.png,True,142,Vila Nova,https://media.api-sports.io/football/teams/142.png,False,2.0,0.0,1.0,0.0,2.0,0.0,,,,,,,
468806,,UTC,2014-04-26T19:20:00+00:00,1398540000,1398540000.0,1398543600.0,235.0,Arena Pantanal,"Cuiabá, Mato Grosso",Match Finished,FT,90.0,72,Serie B,Brazil,https://media.api-sports.io/football/leagues/72.png,https://media.api-sports.io/flags/br.svg,2014,Regular Season - 2,752,Luverdense,https://media.api-sports.io/football/teams/752.png,True,133,Vasco DA Gama,https://media.api-sports.io/football/teams/133.png,False,2.0,1.0,1.0,0.0,2.0,1.0,,,,,,,
468807,,UTC,2014-04-26T19:20:00+00:00,1398540000,1398540000.0,1398543600.0,,Estádio do Governo do Estado de Goiás,"Goiânia, Goiás",Match Finished,FT,90.0,72,Serie B,Brazil,https://media.api-sports.io/football/leagues/72.png,https://media.api-sports.io/flags/br.svg,2014,Regular Season - 2,144,Atletico Goianiense,https://media.api-sports.io/football/teams/144.png,,139,Ponte Preta,https://media.api-sports.io/football/teams/139.png,,2.0,2.0,1.0,1.0,2.0,2.0,,,,,,,
468808,,UTC,2014-04-27T00:00:00+00:00,1398556800,1398556800.0,1398560400.0,,Estádio Iberê Ferreira de Souza,"Santa Cruz, Rio Grande do Norte",Match Finished,FT,90.0,72,Serie B,Brazil,https://media.api-sports.io/football/leagues/72.png,https://media.api-sports.io/flags/br.svg,2014,Regular Season - 2,754,ABC,https://media.api-sports.io/football/teams/754.png,True,153,BOA,https://media.api-sports.io/football/teams/153.png,False,1.0,0.0,1.0,0.0,1.0,0.0,,,,,,,
468809,,UTC,2014-04-27T00:00:00+00:00,1398556800,1398556800.0,1398560400.0,206.0,Estádio Raimundo Sampaio,"Belo Horizonte, Minas Gerais",Match Finished,FT,90.0,72,Serie B,Brazil,https://media.api-sports.io/football/leagues/72.png,https://media.api-sports.io/flags/br.svg,2014,Regular Season - 2,125,America Mineiro,https://media.api-sports.io/football/teams/125.png,True,129,Ceara,https://media.api-sports.io/football/teams/129.png,False,3.0,0.0,2.0,0.0,3.0,0.0,,,,,,,
468810,,UTC,2014-04-30T00:50:00+00:00,1398819000,1398819000.0,1398822600.0,220.0,Estádio Nabi Abi Chedid,"Bragança Paulista, São Paulo",Match Finished,FT,90.0,72,Serie B,Brazil,https://media.api-sports.io/football/leagues/72.png,https://media.api-sports.io/flags/br.svg,2014,Regular Season - 3,794,Bragantino,https://media.api-sports.io/football/teams/794.png,,1214,Portuguesa,https://media.api-sports.io/football/teams/1214.png,,2.0,2.0,0.0,0.0,2.0,2.0,,,,,,,
468811,,UTC,2014-05-02T22:30:00+00:00,1399069800,1399069800.0,1399073400.0,247.0,Arena Joinville,"Joinville, Santa Catarina",Match Finished,FT,90.0,72,Serie B,Brazil,https://media.api-sports.io/football/leagues/72.png,https://media.api-sports.io/flags/br.svg,2014,Regular Season - 3,795,Joinville,https://media.api-sports.io/football/teams/795.png,True,7874,Icasa,https://media.api-sports.io/football/teams/7874.png,False,2.0,1.0,2.0,0.0,2.0,1.0,,,,,,,
468812,,UTC,2014-05-03T00:00:00+00:00,1399075200,1399075200.0,1399078800.0,7803.0,Estádio Jóse do Rego Maciel,"Recife, Pernambuco",Match Finished,FT,90.0,72,Serie B,Brazil,https://media.api-sports.io/football/leagues/72.png,https://media.api-sports.io/flags/br.svg,2014,Regular Season - 3,753,Santa Cruz,https://media.api-sports.io/football/teams/753.png,,122,Parana,https://media.api-sports.io/football/teams/122.png,,1.0,1.0,1.0,1.0,1.0,1.0,,,,,,,
468813,,UTC,2014-05-03T19:20:00+00:00,1399144800,1399144800.0,1399148400.0,261.0,Estádio Moisés Lucarelli,"Campinas, São Paulo",Match Finished,FT,90.0,72,Serie B,Brazil,https://media.api-sports.io/football/leagues/72.png,https://media.api-sports.io/flags/br.svg,2014,Regular Season - 3,139,Ponte Preta,https://media.api-sports.io/football/teams/139.png,,752,Luverdense,https://media.api-sports.io/football/teams/752.png,,2.0,2.0,1.0,2.0,2.0,2.0,,,,,,,
468814,,UTC,2014-05-03T19:20:00+00:00,1399144800,1399144800.0,1399148400.0,279.0,Estádio Club de Regatas Vasco da Gama,"Rio de Janeiro, Rio de Janeiro",Match Finished,FT,90.0,72,Serie B,Brazil,https://media.api-sports.io/football/leagues/72.png,https://media.api-sports.io/flags/br.svg,2014,Regular Season - 3,133,Vasco DA Gama,https://media.api-sports.io/football/teams/133.png,True,144,Atletico Goianiense,https://media.api-sports.io/football/teams/144.png,False,3.0,0.0,1.0,0.0,3.0,0.0,,,,,,,
468815,,UTC,2014-05-03T19:20:00+00:00,1399144800,1399144800.0,1399148400.0,225.0,Estádio Governador Plácido Aderaldo Castelo,"Fortaleza, Ceará",Match Finished,FT,90.0,72,Serie B,Brazil,https://media.api-sports.io/football/leagues/72.png,https://media.api-sports.io/flags/br.svg,2014,Regular Season - 3,129,Ceara,https://media.api-sports.io/football/teams/129.png,,755,Nautico Recife,https://media.api-sports.io/football/teams/755.png,,2.0,2.0,0.0,1.0,2.0,2.0,,,,,,,
468816,,UTC,2014-05-03T19:20:00+00:00,1399144800,1399144800.0,1399148400.0,207.0,Arena das Dunas,"Natal, Rio Grande do Norte",Match Finished,FT,90.0,72,Serie B,Brazil,https://media.api-sports.io/football/leagues/72.png,https://media.api-sports.io/flags/br.svg,2014,Regular Season - 3,2233,America-RN,https://media.api-sports.io/football/teams/2233.png,False,754,ABC,https://media.api-sports.io/football/teams/754.png,True,0.0,2.0,0.0,0.0,0.0,2.0,,,,,,,
468817,,UTC,2014-05-03T19:20:00+00:00,1399144800,1399144800.0,1399148400.0,246.0,Estádio Municipal Prefeito Dilzon Luiz de Melo,"Varginha, Minas Gerais",Match Finished,FT,90.0,72,Serie B,Brazil,https://media.api-sports.io/football/leagues/72.png,https://media.api-sports.io/flags/br.svg,2014,Regular Season - 3,153,BOA,https://media.api-sports.io/football/teams/153.png,False,125,America Mineiro,https://media.api-sports.io/football/teams/125.png,True,1.0,3.0,1.0,1.0,1.0,3.0,,,,,,,
468818,,UTC,2014-05-04T00:00:00+00:00,1399161600,1399161600.0,1399165200.0,,Estádio Governador João Castelo Ribeiro Gonçalves,"São Luís, Maranhão",Match Finished,FT,90.0,72,Serie B,Brazil,https://media.api-sports.io/football/leagues/72.png,https://media.api-sports.io/flags/br.svg,2014,Regular Season - 3,155,Sampaio Correa,https://media.api-sports.io/football/teams/155.png,,143,Oeste,https://media.api-sports.io/football/teams/143.png,,2.0,2.0,0.0,0.0,2.0,2.0,,,,,,,
468819,,UTC,2014-05-04T00:00:00+00:00,1399161600,1399161600.0,1399165200.0,,Estádio do Governo do Estado de Goiás,"Goiânia, Goiás",Match Finished,FT,90.0,72,Serie B,Brazil,https://media.api-sports.io/football/leagues/72.png,https://media.api-sports.io/flags/br.svg,2014,Regular Season - 3,142,Vila Nova,https://media.api-sports.io/football/teams/142.png,False,145,Avai,https://media.api-sports.io/football/teams/145.png,True,0.0,1.0,0.0,0.0,0.0,1.0,,,,,,,
468820,,UTC,2014-05-07T00:50:00+00:00,1399423800,1399423800.0,1399427400.0,246.0,Estádio Municipal Prefeito Dilzon Luiz de Melo,"Varginha, Minas Gerais",Match Finished,FT,90.0,72,Serie B,Brazil,https://media.api-sports.io/football/leagues/72.png,https://media.api-sports.io/flags/br.svg,2014,Regular Season - 4,153,BOA,https://media.api-sports.io/football/teams/153.png,True,1214,Portuguesa,https://media.api-sports.io/football/teams/1214.png,False,2.0,1.0,1.0,0.0,2.0,1.0,,,,,,,
468821,,UTC,2014-05-10T00:00:00+00:00,1399680000,1399680000.0,1399683600.0,,Estádio do Governo do Estado de Goiás,"Goiânia, Goiás",Match Finished,FT,90.0,72,Serie B,Brazil,https://media.api-sports.io/football/leagues/72.png,https://media.api-sports.io/flags/br.svg,2014,Regular Season - 4,142,Vila Nova,https://media.api-sports.io/football/teams/142.png,False,7874,Icasa,https://media.api-sports.io/football/teams/7874.png,True,0.0,1.0,0.0,1.0,0.0,1.0,,,,,,,
468822,,UTC,2014-05-10T19:20:00+00:00,1399749600,1399749600.0,1399753200.0,261.0,Estádio Moisés Lucarelli,"Campinas, São Paulo",Match Finished,FT,90.0,72,Serie B,Brazil,https://media.api-sports.io/football/leagues/72.png,https://media.api-sports.io/flags/br.svg,2014,Regular Season - 4,139,Ponte Preta,https://media.api-sports.io/football/teams/139.png,True,754,ABC,https://media.api-sports.io/football/teams/754.png,False,2.0,1.0,1.0,0.0,2.0,1.0,,,,,,,
468823,,UTC,2014-05-10T19:20:00+00:00,1399749600,1399749600.0,1399753200.0,279.0,Estádio Club de Regatas Vasco da Gama,"Rio de Janeiro, Rio de Janeiro",Match Finished,FT,90.0,72,Serie B,Brazil,https://media.api-sports.io/football/leagues/72.png,https://media.api-sports.io/flags/br.svg,2014,Regular Season - 4,133,Vasco DA Gama,https://media.api-sports.io/football/teams/133.png,True,143,Oeste,https://media.api-sports.io/football/teams/143.png,False,2.0,0.0,0.0,0.0,2.0,0.0,,,,,,,
468824,,UTC,2014-05-10T19:20:00+00:00,1399749600,1399749600.0,1399753200.0,253.0,Itaipava Arena Pernambuco,"Recife, Pernambuco",Match Finished,FT,90.0,72,Serie B,Brazil,https://media.api-sports.io/football/leagues/72.png,https://media.api-sports.io/flags/br.svg,2014,Regular Season - 4,753,Santa Cruz,https://media.api-sports.io/football/teams/753.png,,752,Luverdense,https://media.api-sports.io/football/teams/752.png,,0.0,0.0,0.0,0.0,0.0,0.0,,,,,,,
468825,,UTC,2014-05-10T19:20:00+00:00,1399749600,1399749600.0,1399753200.0,247.0,Arena Joinville,"Joinville, Santa Catarina",Match Finished,FT,90.0,72,Serie B,Brazil,https://media.api-sports.io/football/leagues/72.png,https://media.api-sports.io/flags/br.svg,2014,Regular Season - 4,795,Joinville,https://media.api-sports.io/football/teams/795.png,True,755,Nautico Recife,https://media.api-sports.io/football/teams/755.png,False,1.0,0.0,0.0,0.0,1.0,0.0,,,,,,,
468826,,UTC,2014-05-10T19:20:00+00:00,1399749600,1399749600.0,1399753200.0,207.0,Arena das Dunas,"Natal, Rio Grande do Norte",Match Finished,FT,90.0,72,Serie B,Brazil,https://media.api-sports.io/football/leagues/72.png,https://media.api-sports.io/flags/br.svg,2014,Regular Season - 4,2233,America-RN,https://media.api-sports.io/football/teams/2233.png,,144,Atletico Goianiense,https://media.api-sports.io/football/teams/144.png,,3.0,3.0,1.0,0.0,3.0,3.0,,,,,,,
468827,,UTC,2014-05-11T00:00:00+00:00,1399766400,1399766400.0,1399770000.0,220.0,Estádio Nabi Abi Chedid,"Bragança Paulista, São Paulo",Match Finished,FT,90.0,72,Serie B,Brazil,https://media.api-sports.io/football/leagues/72.png,https://media.api-sports.io/flags/br.svg,2014,Regular Season - 4,794,Bragantino,https://media.api-sports.io/football/teams/794.png,False,125,America Mineiro,https://media.api-sports.io/football/teams/125.png,True,0.0,2.0,0.0,1.0,0.0,2.0,,,,,,,
468828,,UTC,2014-05-11T00:00:00+00:00,1399766400,1399766400.0,1399770000.0,225.0,Estádio Governador Plácido Aderaldo Castelo,"Fortaleza, Ceará",Match Finished,FT,90.0,72,Serie B,Brazil,https://media.api-sports.io/football/leagues/72.png,https://media.api-sports.io/flags/br.svg,2014,Regular Season - 4,129,Ceara,https://media.api-sports.io/football/teams/129.png,True,122,Parana,https://media.api-sports.io/football/teams/122.png,False,2.0,1.0,1.0,0.0,2.0,1.0,,,,,,,
468829,,UTC,2014-06-07T19:20:00+00:00,1402168800,1402168800.0,1402172400.0,,Estádio Governador João Castelo Ribeiro Gonçalves,"São Luís, Maranhão",Match Finished,FT,90.0,72,Serie B,Brazil,https://media.api-sports.io/football/leagues/72.png,https://media.api-sports.io/flags/br.svg,2014,Regular Season - 4,155,Sampaio Correa,https://media.api-sports.io/football/teams/155.png,,145,Avai,https://media.api-sports.io/football/teams/145.png,,1.0,1.0,1.0,0.0,1.0,1.0,,,,,,,
468830,,UTC,2014-05-14T00:50:00+00:00,1400028600,1400028600.0,1400032200.0,,Estádio dos Amaros,"Itápolis, São Paulo",Match Finished,FT,90.0,72,Serie B,Brazil,https://media.api-sports.io/football/leagues/72.png,https://media.api-sports.io/flags/br.svg,2014,Regular Season - 5,143,Oeste,https://media.api-sports.io/football/teams/143.png,,139,Ponte Preta,https://media.api-sports.io/football/teams/139.png,,1.0,1.0,0.0,0.0,1.0,1.0,,,,,,,
468831,,UTC,2014-05-17T00:00:00+00:00,1400284800,1400284800.0,1400288400.0,,Estádio Durival de Brito e Silva,"Curitiba, Paraná",Match Finished,FT,90.0,72,Serie B,Brazil,https://media.api-sports.io/football/leagues/72.png,https://media.api-sports.io/flags/br.svg,2014,Regular Season - 5,122,Parana,https://media.api-sports.io/football/teams/122.png,,153,BOA,https://media.api-sports.io/football/teams/153.png,,0.0,0.0,0.0,0.0,0.0,0.0,,,,,,,
468832,,UTC,2014-05-17T19:20:00+00:00,1400354400,1400354400.0,1400358000.0,2936.0,Estádio Dr. Oswaldo Teixeira Duarte,"São Paulo, São Paulo",Match Finished,FT,90.0,72,Serie B,Brazil,https://media.api-sports.io/football/leagues/72.png,https://media.api-sports.io/flags/br.svg,2014,Regular Season - 5,1214,Portuguesa,https://media.api-sports.io/football/teams/1214.png,False,2233,America-RN,https://media.api-sports.io/football/teams/2233.png,True,1.0,2.0,0.0,0.0,1.0,2.0,,,,,,,
468833,,UTC,2014-05-17T19:20:00+00:00,1400354400,1400354400.0,1400358000.0,2942.0,Estádio Mauro Sampaio,"Juazeiro do Norte, Ceará",Match Finished,FT,90.0,72,Serie B,Brazil,https://media.api-sports.io/football/leagues/72.png,https://media.api-sports.io/flags/br.svg,2014,Regular Season - 5,7874,Icasa,https://media.api-sports.io/football/teams/7874.png,,753,Santa Cruz,https://media.api-sports.io/football/teams/753.png,,1.0,1.0,0.0,0.0,1.0,1.0,,,,,,,
468834,,UTC,2014-05-17T19:20:00+00:00,1400354400,1400354400.0,1400358000.0,214.0,Estádio Aderbal Ramos da Silva,"Florianópolis, Santa Catarina",Match Finished,FT,90.0,72,Serie B,Brazil,https://media.api-sports.io/football/leagues/72.png,https://media.api-sports.io/flags/br.svg,2014,Regular Season - 5,145,Avai,https://media.api-sports.io/football/teams/145.png,,129,Ceara,https://media.api-sports.io/football/teams/129.png,,1.0,1.0,0.0,0.0,1.0,1.0,,,,,,,
468835,,UTC,2014-05-17T19:20:00+00:00,1400354400,1400354400.0,1400358000.0,,Estádio Iberê Ferreira de Souza,"Santa Cruz, Rio Grande do Norte",Match Finished,FT,90.0,72,Serie B,Brazil,https://media.api-sports.io/football/leagues/72.png,https://media.api-sports.io/flags/br.svg,2014,Regular Season - 5,754,ABC,https://media.api-sports.io/football/teams/754.png,True,155,Sampaio Correa,https://media.api-sports.io/football/teams/155.png,False,1.0,0.0,1.0,0.0,1.0,0.0,,,,,,,
468836,,UTC,2014-05-17T19:20:00+00:00,1400354400,1400354400.0,1400358000.0,206.0,Estádio Raimundo Sampaio,"Belo Horizonte, Minas Gerais",Match Finished,FT,90.0,72,Serie B,Brazil,https://media.api-sports.io/football/leagues/72.png,https://media.api-sports.io/flags/br.svg,2014,Regular Season - 5,125,America Mineiro,https://media.api-sports.io/football/teams/125.png,True,142,Vila Nova,https://media.api-sports.io/football/teams/142.png,False,2.0,0.0,2.0,0.0,2.0,0.0,,,,,,,
468837,,UTC,2014-05-18T00:00:00+00:00,1400371200,1400371200.0,1400374800.0,250.0,Estádio Municipal Passo Das Emas,"Lucas do Rio Verde, Mato Grosso",Match Finished,FT,90.0,72,Serie B,Brazil,https://media.api-sports.io/football/leagues/72.png,https://media.api-sports.io/flags/br.svg,2014,Regular Season - 5,752,Luverdense,https://media.api-sports.io/football/teams/752.png,True,794,Bragantino,https://media.api-sports.io/football/teams/794.png,False,2.0,0.0,1.0,0.0,2.0,0.0,,,,,,,
468838,,UTC,2014-05-18T00:00:00+00:00,1400371200,1400371200.0,1400374800.0,,Estádio do Governo do Estado de Goiás,"Goiânia, Goiás",Match Finished,FT,90.0,72,Serie B,Brazil,https://media.api-sports.io/football/leagues/72.png,https://media.api-sports.io/flags/br.svg,2014,Regular Season - 5,144,Atletico Goianiense,https://media.api-sports.io/football/teams/144.png,,795,Joinville,https://media.api-sports.io/football/teams/795.png,,0.0,0.0,0.0,0.0,0.0,0.0,,,,,,,
468839,,UTC,2014-08-13T00:00:00+00:00,1407888000,1407888000.0,1407891600.0,253.0,Itaipava Arena Pernambuco,"Recife, Pernambuco",Match Finished,FT,90.0,72,Serie B,Brazil,https://media.api-sports.io/football/leagues/72.png,https://media.api-sports.io/flags/br.svg,2014,Regular Season - 5,755,Nautico Recife,https://media.api-sports.io/football/teams/755.png,False,133,Vasco DA Gama,https://media.api-sports.io/football/teams/133.png,True,0.0,1.0,0.0,1.0,0.0,1.0,,,,,,,
468840,,UTC,2014-05-20T22:30:00+00:00,1400625000,1400625000.0,1400628600.0,,Estádio dos Amaros,"Itápolis, São Paulo",Match Finished,FT,90.0,72,Serie B,Brazil,https://media.api-sports.io/football/leagues/72.png,https://media.api-sports.io/flags/br.svg,2014,Regular Season - 6,143,Oeste,https://media.api-sports.io/football/teams/143.png,,753,Santa Cruz,https://media.api-sports.io/football/teams/753.png,,1.0,1.0,1.0,1.0,1.0,1.0,,,,,,,
468841,,UTC,2014-05-20T22:30:00+00:00,1400625000,1400625000.0,1400628600.0,261.0,Estádio Moisés Lucarelli,"Campinas, São Paulo",Match Finished,FT,90.0,72,Serie B,Brazil,https://media.api-sports.io/football/leagues/72.png,https://media.api-sports.io/flags/br.svg,2014,Regular Season - 6,139,Ponte Preta,https://media.api-sports.io/football/teams/139.png,True,142,Vila Nova,https://media.api-sports.io/football/teams/142.png,False,1.0,0.0,1.0,0.0,1.0,0.0,,,,,,,
468842,,UTC,2014-05-20T22:30:00+00:00,1400625000,1400625000.0,1400628600.0,214.0,Estádio Aderbal Ramos da Silva,"Florianópolis, Santa Catarina",Match Finished,FT,90.0,72,Serie B,Brazil,https://media.api-sports.io/football/leagues/72.png,https://media.api-sports.io/flags/br.svg,2014,Regular Season - 6,145,Avai,https://media.api-sports.io/football/teams/145.png,True,122,Parana,https://media.api-sports.io/football/teams/122.png,False,2.0,1.0,0.0,0.0,2.0,1.0,,,,,,,
468843,,UTC,2014-05-20T22:30:00+00:00,1400625000,1400625000.0,1400628600.0,,Estádio do Governo do Estado de Goiás,"Goiânia, Goiás",Match Finished,FT,90.0,72,Serie B,Brazil,https://media.api-sports.io/football/leagues/72.png,https://media.api-sports.io/flags/br.svg,2014,Regular Season - 6,144,Atletico Goianiense,https://media.api-sports.io/football/teams/144.png,True,754,ABC,https://media.api-sports.io/football/teams/754.png,False,2.0,0.0,2.0,0.0,2.0,0.0,,,,,,,
468844,,UTC,2014-05-20T22:30:00+00:00,1400625000,1400625000.0,1400628600.0,234.0,Estádio Governador Magalhães Pinto,"Belo Horizonte, Minas Gerais",Match Finished,FT,90.0,72,Serie B,Brazil,https://media.api-sports.io/football/leagues/72.png,https://media.api-sports.io/flags/br.svg,2014,Regular Season - 6,125,America Mineiro,https://media.api-sports.io/football/teams/125.png,True,795,Joinville,https://media.api-sports.io/football/teams/795.png,False,3.0,1.0,1.0,0.0,3.0,1.0,,,,,,,
468845,,UTC,2014-05-21T00:50:00+00:00,1400633400,1400633400.0,1400637000.0,12657.0,Estádio Governador Alberto Tavares Silva,"Teresina, Piauí",Match Finished,FT,90.0,72,Serie B,Brazil,https://media.api-sports.io/football/leagues/72.png,https://media.api-sports.io/flags/br.svg,2014,Regular Season - 6,133,Vasco DA Gama,https://media.api-sports.io/football/teams/133.png,,155,Sampaio Correa,https://media.api-sports.io/football/teams/155.png,,1.0,1.0,0.0,0.0,1.0,1.0,,,,,,,
468846,,UTC,2014-05-21T00:50:00+00:00,1400633400,1400633400.0,1400637000.0,253.0,Itaipava Arena Pernambuco,"Recife, Pernambuco",Match Finished,FT,90.0,72,Serie B,Brazil,https://media.api-sports.io/football/leagues/72.png,https://media.api-sports.io/flags/br.svg,2014,Regular Season - 6,755,Nautico Recife,https://media.api-sports.io/football/teams/755.png,True,1214,Portuguesa,https://media.api-sports.io/football/teams/1214.png,False,2.0,1.0,0.0,1.0,2.0,1.0,,,,,,,
468847,,UTC,2014-05-21T00:50:00+00:00,1400633400,1400633400.0,1400637000.0,250.0,Estádio Municipal Passo Das Emas,"Lucas do Rio Verde, Mato Grosso",Match Finished,FT,90.0,72,Serie B,Brazil,https://media.api-sports.io/football/leagues/72.png,https://media.api-sports.io/flags/br.svg,2014,Regular Season - 6,752,Luverdense,https://media.api-sports.io/football/teams/752.png,True,153,BOA,https://media.api-sports.io/football/teams/153.png,False,4.0,2.0,0.0,1.0,4.0,2.0,,,,,,,
468848,,UTC,2014-05-21T00:50:00+00:00,1400633400,1400633400.0,1400637000.0,2942.0,Estádio Mauro Sampaio,"Juazeiro do Norte, Ceará",Match Finished,FT,90.0,72,Serie B,Brazil,https://media.api-sports.io/football/leagues/72.png,https://media.api-sports.io/flags/br.svg,2014,Regular Season - 6,7874,Icasa,https://media.api-sports.io/football/teams/7874.png,True,794,Bragantino,https://media.api-sports.io/football/teams/794.png,False,3.0,0.0,1.0,0.0,3.0,0.0,,,,,,,
468849,,UTC,2014-05-21T00:50:00+00:00,1400633400,1400633400.0,1400637000.0,207.0,Arena das Dunas,"Natal, Rio Grande do Norte",Match Finished,FT,90.0,72,Serie B,Brazil,https://media.api-sports.io/football/leagues/72.png,https://media.api-sports.io/flags/br.svg,2014,Regular Season - 6,2233,America-RN,https://media.api-sports.io/football/teams/2233.png,False,129,Ceara,https://media.api-sports.io/football/teams/129.png,True,0.0,1.0,0.0,1.0,0.0,1.0,,,,,,,
468850,,UTC,2014-05-23T22:30:00+00:00,1400884200,1400884200.0,1400887800.0,220.0,Estádio Nabi Abi Chedid,"Bragança Paulista, São Paulo",Match Finished,FT,90.0,72,Serie B,Brazil,https://media.api-sports.io/football/leagues/72.png,https://media.api-sports.io/flags/br.svg,2014,Regular Season - 7,794,Bragantino,https://media.api-sports.io/football/teams/794.png,True,143,Oeste,https://media.api-sports.io/football/teams/143.png,False,3.0,0.0,1.0,0.0,3.0,0.0,,,,,,,
468851,,UTC,2014-05-23T22:30:00+00:00,1400884200,1400884200.0,1400887800.0,12670.0,Estádio Eládio de Barros Carvalho,"Recife, Pernambuco",Match Finished,FT,90.0,72,Serie B,Brazil,https://media.api-sports.io/football/leagues/72.png,https://media.api-sports.io/flags/br.svg,2014,Regular Season - 7,753,Santa Cruz,https://media.api-sports.io/football/teams/753.png,,125,America Mineiro,https://media.api-sports.io/football/teams/125.png,,1.0,1.0,0.0,0.0,1.0,1.0,,,,,,,
468852,,UTC,2014-05-23T22:30:00+00:00,1400884200,1400884200.0,1400887800.0,246.0,Estádio Municipal Prefeito Dilzon Luiz de Melo,"Varginha, Minas Gerais",Match Finished,FT,90.0,72,Serie B,Brazil,https://media.api-sports.io/football/leagues/72.png,https://media.api-sports.io/flags/br.svg,2014,Regular Season - 7,153,BOA,https://media.api-sports.io/football/teams/153.png,True,145,Avai,https://media.api-sports.io/football/teams/145.png,False,2.0,0.0,0.0,0.0,2.0,0.0,,,,,,,
468853,,UTC,2014-05-24T00:50:00+00:00,1400892600,1400892600.0,1400896200.0,7831.0,Estádio Olímpico Horácio Domingos de Sousa,"Horizonte, Ceará",Match Finished,FT,90.0,72,Serie B,Brazil,https://media.api-sports.io/football/leagues/72.png,https://media.api-sports.io/flags/br.svg,2014,Regular Season - 7,129,Ceara,https://media.api-sports.io/football/teams/129.png,True,139,Ponte Preta,https://media.api-sports.io/football/teams/139.png,False,3.0,2.0,1.0,1.0,3.0,2.0,,,,,,,
468854,,UTC,2014-05-24T19:20:00+00:00,1400959200,1400959200.0,1400962800.0,2936.0,Estádio Dr. Oswaldo Teixeira Duarte,"São Paulo, São Paulo",Match Finished,FT,90.0,72,Serie B,Brazil,https://media.api-sports.io/football/leagues/72.png,https://media.api-sports.io/flags/br.svg,2014,Regular Season - 7,1214,Portuguesa,https://media.api-sports.io/football/teams/1214.png,True,144,Atletico Goianiense,https://media.api-sports.io/football/teams/144.png,False,2.0,0.0,0.0,0.0,2.0,0.0,,,,,,,
468855,,UTC,2014-05-24T19:20:00+00:00,1400959200,1400959200.0,1400962800.0,,Estádio Governador João Castelo Ribeiro Gonçalves,"São Luís, Maranhão",Match Finished,FT,90.0,72,Serie B,Brazil,https://media.api-sports.io/football/leagues/72.png,https://media.api-sports.io/flags/br.svg,2014,Regular Season - 7,155,Sampaio Correa,https://media.api-sports.io/football/teams/155.png,True,752,Luverdense,https://media.api-sports.io/football/teams/752.png,False,1.0,0.0,1.0,0.0,1.0,0.0,,,,,,,
468856,,UTC,2014-05-24T19:20:00+00:00,1400959200,1400959200.0,1400962800.0,247.0,Arena Joinville,"Joinville, Santa Catarina",Match Finished,FT,90.0,72,Serie B,Brazil,https://media.api-sports.io/football/leagues/72.png,https://media.api-sports.io/flags/br.svg,2014,Regular Season - 7,795,Joinville,https://media.api-sports.io/football/teams/795.png,,133,Vasco DA Gama,https://media.api-sports.io/football/teams/133.png,,0.0,0.0,0.0,0.0,0.0,0.0,,,,,,,
468857,,UTC,2014-05-24T19:20:00+00:00,1400959200,1400959200.0,1400962800.0,,Estádio do Governo do Estado de Goiás,"Goiânia, Goiás",Match Finished,FT,90.0,72,Serie B,Brazil,https://media.api-sports.io/football/leagues/72.png,https://media.api-sports.io/flags/br.svg,2014,Regular Season - 7,142,Vila Nova,https://media.api-sports.io/football/teams/142.png,False,2233,America-RN,https://media.api-sports.io/football/teams/2233.png,True,1.0,3.0,1.0,0.0,1.0,3.0,,,,,,,
468858,,UTC,2014-05-25T00:00:00+00:00,1400976000,1400976000.0,1400979600.0,,Estádio Durival de Brito e Silva,"Curitiba, Paraná",Match Finished,FT,90.0,72,Serie B,Brazil,https://media.api-sports.io/football/leagues/72.png,https://media.api-sports.io/flags/br.svg,2014,Regular Season - 7,122,Parana,https://media.api-sports.io/football/teams/122.png,True,755,Nautico Recife,https://media.api-sports.io/football/teams/755.png,False,2.0,0.0,1.0,0.0,2.0,0.0,,,,,,,
468859,,UTC,2014-05-25T00:00:00+00:00,1400976000,1400976000.0,1400979600.0,,Estádio Iberê Ferreira de Souza,"Santa Cruz, Rio Grande do Norte",Match Finished,FT,90.0,72,Serie B,Brazil,https://media.api-sports.io/football/leagues/72.png,https://media.api-sports.io/flags/br.svg,2014,Regular Season - 7,754,ABC,https://media.api-sports.io/football/teams/754.png,True,7874,Icasa,https://media.api-sports.io/football/teams/7874.png,False,3.0,0.0,1.0,0.0,3.0,0.0,,,,,,,
468860,,UTC,2014-05-27T22:30:00+00:00,1401229800,1401229800.0,1401233400.0,2936.0,Estádio Dr. Oswaldo Teixeira Duarte,"São Paulo, São Paulo",Match Finished,FT,90.0,72,Serie B,Brazil,https://media.api-sports.io/football/leagues/72.png,https://media.api-sports.io/flags/br.svg,2014,Regular Season - 8,1214,Portuguesa,https://media.api-sports.io/football/teams/1214.png,False,155,Sampaio Correa,https://media.api-sports.io/football/teams/155.png,True,1.0,4.0,0.0,2.0,1.0,4.0,,,,,,,
468861,,UTC,2014-05-27T22:30:00+00:00,1401229800,1401229800.0,1401233400.0,,Estádio Durival de Brito e Silva,"Curitiba, Paraná",Match Finished,FT,90.0,72,Serie B,Brazil,https://media.api-sports.io/football/leagues/72.png,https://media.api-sports.io/flags/br.svg,2014,Regular Season - 8,122,Parana,https://media.api-sports.io/football/teams/122.png,False,139,Ponte Preta,https://media.api-sports.io/football/teams/139.png,True,1.0,2.0,0.0,0.0,1.0,2.0,,,,,,,
468862,,UTC,2014-05-27T22:30:00+00:00,1401229800,1401229800.0,1401233400.0,247.0,Arena Joinville,"Joinville, Santa Catarina",Match Finished,FT,90.0,72,Serie B,Brazil,https://media.api-sports.io/football/leagues/72.png,https://media.api-sports.io/flags/br.svg,2014,Regular Season - 8,795,Joinville,https://media.api-sports.io/football/teams/795.png,True,2233,America-RN,https://media.api-sports.io/football/teams/2233.png,False,1.0,0.0,0.0,0.0,1.0,0.0,,,,,,,
468863,,UTC,2014-05-27T22:30:00+00:00,1401229800,1401229800.0,1401233400.0,,Estádio Iberê Ferreira de Souza,"Santa Cruz, Rio Grande do Norte",Match Finished,FT,90.0,72,Serie B,Brazil,https://media.api-sports.io/football/leagues/72.png,https://media.api-sports.io/flags/br.svg,2014,Regular Season - 8,754,ABC,https://media.api-sports.io/football/teams/754.png,False,143,Oeste,https://media.api-sports.io/football/teams/143.png,True,0.0,1.0,0.0,0.0,0.0,1.0,,,,,,,
468864,,UTC,2014-05-27T22:30:00+00:00,1401229800,1401229800.0,1401233400.0,246.0,Estádio Municipal Prefeito Dilzon Luiz de Melo,"Varginha, Minas Gerais",Match Finished,FT,90.0,72,Serie B,Brazil,https://media.api-sports.io/football/leagues/72.png,https://media.api-sports.io/flags/br.svg,2014,Regular Season - 8,153,BOA,https://media.api-sports.io/football/teams/153.png,False,753,Santa Cruz,https://media.api-sports.io/football/teams/753.png,True,0.0,2.0,0.0,1.0,0.0,2.0,,,,,,,
468865,,UTC,2014-05-28T00:50:00+00:00,1401238200,1401238200.0,1401241800.0,220.0,Estádio Nabi Abi Chedid,"Bragança Paulista, São Paulo",Match Finished,FT,90.0,72,Serie B,Brazil,https://media.api-sports.io/football/leagues/72.png,https://media.api-sports.io/flags/br.svg,2014,Regular Season - 8,794,Bragantino,https://media.api-sports.io/football/teams/794.png,,133,Vasco DA Gama,https://media.api-sports.io/football/teams/133.png,,1.0,1.0,0.0,0.0,1.0,1.0,,,,,,,
468866,,UTC,2014-05-28T00:50:00+00:00,1401238200,1401238200.0,1401241800.0,12670.0,Estádio Eládio de Barros Carvalho,"Recife, Pernambuco",Match Finished,FT,90.0,72,Serie B,Brazil,https://media.api-sports.io/football/leagues/72.png,https://media.api-sports.io/flags/br.svg,2014,Regular Season - 8,755,Nautico Recife,https://media.api-sports.io/football/teams/755.png,False,145,Avai,https://media.api-sports.io/football/teams/145.png,True,0.0,1.0,0.0,1.0,0.0,1.0,,,,,,,
468867,,UTC,2014-05-28T00:50:00+00:00,1401238200,1401238200.0,1401241800.0,250.0,Estádio Municipal Passo Das Emas,"Lucas do Rio Verde, Mato Grosso",Match Finished,FT,90.0,72,Serie B,Brazil,https://media.api-sports.io/football/leagues/72.png,https://media.api-sports.io/flags/br.svg,2014,Regular Season - 8,752,Luverdense,https://media.api-sports.io/football/teams/752.png,True,7874,Icasa,https://media.api-sports.io/football/teams/7874.png,False,1.0,0.0,0.0,0.0,1.0,0.0,,,,,,,
468868,,UTC,2014-05-28T00:50:00+00:00,1401238200,1401238200.0,1401241800.0,7831.0,Estádio Olímpico Horácio Domingos de Sousa,"Horizonte, Ceará",Match Finished,FT,90.0,72,Serie B,Brazil,https://media.api-sports.io/football/leagues/72.png,https://media.api-sports.io/flags/br.svg,2014,Regular Season - 8,129,Ceara,https://media.api-sports.io/football/teams/129.png,True,142,Vila Nova,https://media.api-sports.io/football/teams/142.png,False,4.0,0.0,2.0,0.0,4.0,0.0,,,,,,,
468869,,UTC,2014-05-28T00:50:00+00:00,1401238200,1401238200.0,1401241800.0,,Estádio do Governo do Estado de Goiás,"Goiânia, Goiás",Match Finished,FT,90.0,72,Serie B,Brazil,https://media.api-sports.io/football/leagues/72.png,https://media.api-sports.io/flags/br.svg,2014,Regular Season - 8,144,Atletico Goianiense,https://media.api-sports.io/football/teams/144.png,True,125,America Mineiro,https://media.api-sports.io/football/teams/125.png,False,3.0,0.0,2.0,0.0,3.0,0.0,,,,,,,
468870,,UTC,2014-05-30T22:30:00+00:00,1401489000,1401489000.0,1401492600.0,,Estádio dos Amaros,"Itápolis, São Paulo",Match Finished,FT,90.0,72,Serie B,Brazil,https://media.api-sports.io/football/leagues/72.png,https://media.api-sports.io/flags/br.svg,2014,Regular Season - 9,143,Oeste,https://media.api-sports.io/football/teams/143.png,,122,Parana,https://media.api-sports.io/football/teams/122.png,,2.0,2.0,1.0,1.0,2.0,2.0,,,,,,,
468871,,UTC,2014-05-30T22:30:00+00:00,1401489000,1401489000.0,1401492600.0,214.0,Estádio Aderbal Ramos da Silva,"Florianópolis, Santa Catarina",Match Finished,FT,90.0,72,Serie B,Brazil,https://media.api-sports.io/football/leagues/72.png,https://media.api-sports.io/flags/br.svg,2014,Regular Season - 9,145,Avai,https://media.api-sports.io/football/teams/145.png,False,754,ABC,https://media.api-sports.io/football/teams/754.png,True,0.0,1.0,0.0,0.0,0.0,1.0,,,,,,,
468872,,UTC,2014-05-30T22:30:00+00:00,1401489000,1401489000.0,1401492600.0,8265.0,Estádio José Nazareno do Nascimento,"Goianinha, Rio Grande do Norte",Match Finished,FT,90.0,72,Serie B,Brazil,https://media.api-sports.io/football/leagues/72.png,https://media.api-sports.io/flags/br.svg,2014,Regular Season - 9,2233,America-RN,https://media.api-sports.io/football/teams/2233.png,True,752,Luverdense,https://media.api-sports.io/football/teams/752.png,False,2.0,0.0,0.0,0.0,2.0,0.0,,,,,,,
468873,,UTC,2014-05-31T00:50:00+00:00,1401497400,1401497400.0,1401501000.0,12670.0,Estádio Eládio de Barros Carvalho,"Recife, Pernambuco",Match Finished,FT,90.0,72,Serie B,Brazil,https://media.api-sports.io/football/leagues/72.png,https://media.api-sports.io/flags/br.svg,2014,Regular Season - 9,753,Santa Cruz,https://media.api-sports.io/football/teams/753.png,True,795,Joinville,https://media.api-sports.io/football/teams/795.png,False,2.0,0.0,1.0,0.0,2.0,0.0,,,,,,,
468874,,UTC,2014-05-31T19:20:00+00:00,1401564000,1401564000.0,1401567600.0,261.0,Estádio Moisés Lucarelli,"Campinas, São Paulo",Match Finished,FT,90.0,72,Serie B,Brazil,https://media.api-sports.io/football/leagues/72.png,https://media.api-sports.io/flags/br.svg,2014,Regular Season - 9,139,Ponte Preta,https://media.api-sports.io/football/teams/139.png,True,153,BOA,https://media.api-sports.io/football/teams/153.png,False,1.0,0.0,1.0,0.0,1.0,0.0,,,,,,,
468875,,UTC,2014-05-31T19:20:00+00:00,1401564000,1401564000.0,1401567600.0,,Estádio General Sílvio Raulino de Oliveira,"Volta Redonda, Rio de Janeiro",Match Finished,FT,90.0,72,Serie B,Brazil,https://media.api-sports.io/football/leagues/72.png,https://media.api-sports.io/flags/br.svg,2014,Regular Season - 9,133,Vasco DA Gama,https://media.api-sports.io/football/teams/133.png,,1214,Portuguesa,https://media.api-sports.io/football/teams/1214.png,,1.0,1.0,1.0,1.0,1.0,1.0,,,,,,,
468876,,UTC,2014-05-31T19:20:00+00:00,1401564000,1401564000.0,1401567600.0,,Estádio Governador João Castelo Ribeiro Gonçalves,"São Luís, Maranhão",Match Finished,FT,90.0,72,Serie B,Brazil,https://media.api-sports.io/football/leagues/72.png,https://media.api-sports.io/flags/br.svg,2014,Regular Season - 9,155,Sampaio Correa,https://media.api-sports.io/football/teams/155.png,,129,Ceara,https://media.api-sports.io/football/teams/129.png,,2.0,2.0,2.0,2.0,2.0,2.0,,,,,,,
468877,,UTC,2014-05-31T19:20:00+00:00,1401564000,1401564000.0,1401567600.0,8268.0,Estádio Soares de Azevedo,"Muriaé, Minas Gerais",Match Finished,FT,90.0,72,Serie B,Brazil,https://media.api-sports.io/football/leagues/72.png,https://media.api-sports.io/flags/br.svg,2014,Regular Season - 9,125,America Mineiro,https://media.api-sports.io/football/teams/125.png,False,755,Nautico Recife,https://media.api-sports.io/football/teams/755.png,True,1.0,3.0,0.0,2.0,1.0,3.0,,,,,,,
468878,,UTC,2014-06-01T00:00:00+00:00,1401580800,1401580800.0,1401584400.0,2942.0,Estádio Mauro Sampaio,"Juazeiro do Norte, Ceará",Match Finished,FT,90.0,72,Serie B,Brazil,https://media.api-sports.io/football/leagues/72.png,https://media.api-sports.io/flags/br.svg,2014,Regular Season - 9,7874,Icasa,https://media.api-sports.io/football/teams/7874.png,True,144,Atletico Goianiense,https://media.api-sports.io/football/teams/144.png,False,1.0,0.0,0.0,0.0,1.0,0.0,,,,,,,
468879,,UTC,2014-06-01T00:00:00+00:00,1401580800,1401580800.0,1401584400.0,,Estádio do Governo do Estado de Goiás,"Goiânia, Goiás",Match Finished,FT,90.0,72,Serie B,Brazil,https://media.api-sports.io/football/leagues/72.png,https://media.api-sports.io/flags/br.svg,2014,Regular Season - 9,142,Vila Nova,https://media.api-sports.io/football/teams/142.png,,794,Bragantino,https://media.api-sports.io/football/teams/794.png,,1.0,1.0,0.0,1.0,1.0,1.0,,,,,,,
468880,,UTC,2014-06-03T22:30:00+00:00,1401834600,1401834600.0,1401838200.0,220.0,Estádio Nabi Abi Chedid,"Bragança Paulista, São Paulo",Match Finished,FT,90.0,72,Serie B,Brazil,https://media.api-sports.io/football/leagues/72.png,https://media.api-sports.io/flags/br.svg,2014,Regular Season - 10,794,Bragantino,https://media.api-sports.io/football/teams/794.png,False,129,Ceara,https://media.api-sports.io/football/teams/129.png,True,1.0,2.0,1.0,1.0,1.0,2.0,,,,,,,
468881,,UTC,2014-06-03T22:30:00+00:00,1401834600,1401834600.0,1401838200.0,2936.0,Estádio Dr. Oswaldo Teixeira Duarte,"São Paulo, São Paulo",Match Finished,FT,90.0,72,Serie B,Brazil,https://media.api-sports.io/football/leagues/72.png,https://media.api-sports.io/flags/br.svg,2014,Regular Season - 10,1214,Portuguesa,https://media.api-sports.io/football/teams/1214.png,True,125,America Mineiro,https://media.api-sports.io/football/teams/125.png,False,2.0,1.0,1.0,0.0,2.0,1.0,,,,,,,
468882,,UTC,2014-06-03T22:30:00+00:00,1401834600,1401834600.0,1401838200.0,7803.0,Estádio Jóse do Rego Maciel,"Recife, Pernambuco",Match Finished,FT,90.0,72,Serie B,Brazil,https://media.api-sports.io/football/leagues/72.png,https://media.api-sports.io/flags/br.svg,2014,Regular Season - 10,753,Santa Cruz,https://media.api-sports.io/football/teams/753.png,True,139,Ponte Preta,https://media.api-sports.io/football/teams/139.png,False,2.0,1.0,2.0,0.0,2.0,1.0,,,,,,,
468883,,UTC,2014-06-03T22:30:00+00:00,1401834600,1401834600.0,1401838200.0,,Estádio Governador João Castelo Ribeiro Gonçalves,"São Luís, Maranhão",Match Finished,FT,90.0,72,Serie B,Brazil,https://media.api-sports.io/football/leagues/72.png,https://media.api-sports.io/flags/br.svg,2014,Regular Season - 10,155,Sampaio Correa,https://media.api-sports.io/football/teams/155.png,True,2233,America-RN,https://media.api-sports.io/football/teams/2233.png,False,3.0,0.0,0.0,0.0,3.0,0.0,,,,,,,
468884,,UTC,2014-06-04T00:50:00+00:00,1401843000,1401843000.0,1401846600.0,2942.0,Estádio Mauro Sampaio,"Juazeiro do Norte, Ceará",Match Finished,FT,90.0,72,Serie B,Brazil,https://media.api-sports.io/football/leagues/72.png,https://media.api-sports.io/flags/br.svg,2014,Regular Season - 10,7874,Icasa,https://media.api-sports.io/football/teams/7874.png,False,145,Avai,https://media.api-sports.io/football/teams/145.png,True,0.0,2.0,0.0,0.0,0.0,2.0,,,,,,,
468885,,UTC,2014-06-04T00:50:00+00:00,1401843000,1401843000.0,1401846600.0,,Estádio Iberê Ferreira de Souza,"Santa Cruz, Rio Grande do Norte",Match Finished,FT,90.0,72,Serie B,Brazil,https://media.api-sports.io/football/leagues/72.png,https://media.api-sports.io/flags/br.svg,2014,Regular Season - 10,754,ABC,https://media.api-sports.io/football/teams/754.png,,755,Nautico Recife,https://media.api-sports.io/football/teams/755.png,,1.0,1.0,1.0,0.0,1.0,1.0,,,,,,,
468886,,UTC,2014-06-04T00:50:00+00:00,1401843000,1401843000.0,1401846600.0,246.0,Estádio Municipal Prefeito Dilzon Luiz de Melo,"Varginha, Minas Gerais",Match Finished,FT,90.0,72,Serie B,Brazil,https://media.api-sports.io/football/leagues/72.png,https://media.api-sports.io/flags/br.svg,2014,Regular Season - 10,153,BOA,https://media.api-sports.io/football/teams/153.png,False,133,Vasco DA Gama,https://media.api-sports.io/football/teams/133.png,True,0.0,2.0,0.0,0.0,0.0,2.0,,,,,,,
468887,,UTC,2014-06-06T22:30:00+00:00,1402093800,1402093800.0,1402097400.0,,Estádio Durival de Brito e Silva,"Curitiba, Paraná",Match Finished,FT,90.0,72,Serie B,Brazil,https://media.api-sports.io/football/leagues/72.png,https://media.api-sports.io/flags/br.svg,2014,Regular Season - 10,122,Parana,https://media.api-sports.io/football/teams/122.png,False,752,Luverdense,https://media.api-sports.io/football/teams/752.png,True,0.0,2.0,0.0,1.0,0.0,2.0,,,,,,,
468888,,UTC,2014-06-06T22:30:00+00:00,1402093800,1402093800.0,1402097400.0,247.0,Arena Joinville,"Joinville, Santa Catarina",Match Finished,FT,90.0,72,Serie B,Brazil,https://media.api-sports.io/football/leagues/72.png,https://media.api-sports.io/flags/br.svg,2014,Regular Season - 10,795,Joinville,https://media.api-sports.io/football/teams/795.png,True,142,Vila Nova,https://media.api-sports.io/football/teams/142.png,False,1.0,0.0,1.0,0.0,1.0,0.0,,,,,,,
468889,,UTC,2014-07-22T22:30:00+00:00,1406068200,1406068200.0,1406071800.0,,Estádio do Governo do Estado de Goiás,"Goiânia, Goiás",Match Finished,FT,90.0,72,Serie B,Brazil,https://media.api-sports.io/football/leagues/72.png,https://media.api-sports.io/flags/br.svg,2014,Regular Season - 10,144,Atletico Goianiense,https://media.api-sports.io/football/teams/144.png,True,143,Oeste,https://media.api-sports.io/football/teams/143.png,False,4.0,2.0,2.0,0.0,4.0,2.0,,,,,,,
468890,,UTC,2014-07-15T22:30:00+00:00,1405463400,1405463400.0,1405467000.0,261.0,Estádio Moisés Lucarelli,"Campinas, São Paulo",Match Finished,FT,90.0,72,Serie B,Brazil,https://media.api-sports.io/football/leagues/72.png,https://media.api-sports.io/flags/br.svg,2014,Regular Season - 11,139,Ponte Preta,https://media.api-sports.io/football/teams/139.png,,1214,Portuguesa,https://media.api-sports.io/football/teams/1214.png,,0.0,0.0,0.0,0.0,0.0,0.0,,,,,,,
468891,,UTC,2014-07-15T22:30:00+00:00,1405463400,1405463400.0,1405467000.0,253.0,Itaipava Arena Pernambuco,"Recife, Pernambuco",Match Finished,FT,90.0,72,Serie B,Brazil,https://media.api-sports.io/football/leagues/72.png,https://media.api-sports.io/flags/br.svg,2014,Regular Season - 11,755,Nautico Recife,https://media.api-sports.io/football/teams/755.png,True,155,Sampaio Correa,https://media.api-sports.io/football/teams/155.png,False,1.0,0.0,1.0,0.0,1.0,0.0,,,,,,,
468892,,UTC,2014-07-15T22:30:00+00:00,1405463400,1405463400.0,1405467000.0,214.0,Estádio Aderbal Ramos da Silva,"Florianópolis, Santa Catarina",Match Finished,FT,90.0,72,Serie B,Brazil,https://media.api-sports.io/football/leagues/72.png,https://media.api-sports.io/flags/br.svg,2014,Regular Season - 11,145,Avai,https://media.api-sports.io/football/teams/145.png,True,144,Atletico Goianiense,https://media.api-sports.io/football/teams/144.png,False,2.0,1.0,0.0,1.0,2.0,1.0,,,,,,,
468893,,UTC,2014-07-15T22:30:00+00:00,1405463400,1405463400.0,1405467000.0,,Estádio do Governo do Estado de Goiás,"Goiânia, Goiás",Match Finished,FT,90.0,72,Serie B,Brazil,https://media.api-sports.io/football/leagues/72.png,https://media.api-sports.io/flags/br.svg,2014,Regular Season - 11,142,Vila Nova,https://media.api-sports.io/football/teams/142.png,False,153,BOA,https://media.api-sports.io/football/teams/153.png,True,0.0,2.0,0.0,2.0,0.0,2.0,,,,,,,
468894,,UTC,2014-07-15T22:30:00+00:00,1405463400,1405463400.0,1405467000.0,206.0,Estádio Raimundo Sampaio,"Belo Horizonte, Minas Gerais",Match Finished,FT,90.0,72,Serie B,Brazil,https://media.api-sports.io/football/leagues/72.png,https://media.api-sports.io/flags/br.svg,2014,Regular Season - 11,125,America Mineiro,https://media.api-sports.io/football/teams/125.png,True,122,Parana,https://media.api-sports.io/football/teams/122.png,False,1.0,0.0,0.0,0.0,1.0,0.0,,,,,,,
468895,,UTC,2014-07-16T00:50:00+00:00,1405471800,1405471800.0,1405475400.0,,Estádio dos Amaros,"Itápolis, São Paulo",Match Finished,FT,90.0,72,Serie B,Brazil,https://media.api-sports.io/football/leagues/72.png,https://media.api-sports.io/flags/br.svg,2014,Regular Season - 11,143,Oeste,https://media.api-sports.io/football/teams/143.png,,7874,Icasa,https://media.api-sports.io/football/teams/7874.png,,0.0,0.0,0.0,0.0,0.0,0.0,,,,,,,
468896,,UTC,2014-07-16T00:50:00+00:00,1405471800,1405471800.0,1405475400.0,235.0,Arena Pantanal,"Cuiabá, Mato Grosso",Match Finished,FT,90.0,72,Serie B,Brazil,https://media.api-sports.io/football/leagues/72.png,https://media.api-sports.io/flags/br.svg,2014,Regular Season - 11,133,Vasco DA Gama,https://media.api-sports.io/football/teams/133.png,True,753,Santa Cruz,https://media.api-sports.io/football/teams/753.png,False,4.0,1.0,2.0,1.0,4.0,1.0,,,,,,,
468897,,UTC,2014-07-16T00:50:00+00:00,1405471800,1405471800.0,1405475400.0,250.0,Estádio Municipal Passo Das Emas,"Lucas do Rio Verde, Mato Grosso",Match Finished,FT,90.0,72,Serie B,Brazil,https://media.api-sports.io/football/leagues/72.png,https://media.api-sports.io/flags/br.svg,2014,Regular Season - 11,752,Luverdense,https://media.api-sports.io/football/teams/752.png,True,754,ABC,https://media.api-sports.io/football/teams/754.png,False,3.0,1.0,0.0,0.0,3.0,1.0,,,,,,,
468898,,UTC,2014-07-16T00:50:00+00:00,1405471800,1405471800.0,1405475400.0,237.0,Estádio Municipal Presidente Getúlio Vargas,"Fortaleza, Ceará",Match Finished,FT,90.0,72,Serie B,Brazil,https://media.api-sports.io/football/leagues/72.png,https://media.api-sports.io/flags/br.svg,2014,Regular Season - 11,129,Ceara,https://media.api-sports.io/football/teams/129.png,False,795,Joinville,https://media.api-sports.io/football/teams/795.png,True,1.0,3.0,0.0,3.0,1.0,3.0,,,,,,,
468899,,UTC,2014-07-16T00:50:00+00:00,1405471800,1405471800.0,1405475400.0,207.0,Arena das Dunas,"Natal, Rio Grande do Norte",Match Finished,FT,90.0,72,Serie B,Brazil,https://media.api-sports.io/football/leagues/72.png,https://media.api-sports.io/flags/br.svg,2014,Regular Season - 11,2233,America-RN,https://media.api-sports.io/football/teams/2233.png,True,794,Bragantino,https://media.api-sports.io/football/teams/794.png,False,4.0,2.0,1.0,2.0,4.0,2.0,,,,,,,
468900,,UTC,2014-07-18T22:30:00+00:00,1405722600,1405722600.0,1405726200.0,2936.0,Estádio Dr. Oswaldo Teixeira Duarte,"São Paulo, São Paulo",Match Finished,FT,90.0,72,Serie B,Brazil,https://media.api-sports.io/football/leagues/72.png,https://media.api-sports.io/flags/br.svg,2014,Regular Season - 12,1214,Portuguesa,https://media.api-sports.io/football/teams/1214.png,,122,Parana,https://media.api-sports.io/football/teams/122.png,,1.0,1.0,0.0,1.0,1.0,1.0,,,,,,,
468901,,UTC,2014-07-18T22:30:00+00:00,1405722600,1405722600.0,1405726200.0,205.0,Estádio Maria Lamas Farache,"Natal, Rio Grande do Norte",Match Finished,FT,90.0,72,Serie B,Brazil,https://media.api-sports.io/football/leagues/72.png,https://media.api-sports.io/flags/br.svg,2014,Regular Season - 12,754,ABC,https://media.api-sports.io/football/teams/754.png,True,795,Joinville,https://media.api-sports.io/football/teams/795.png,False,2.0,1.0,0.0,1.0,2.0,1.0,,,,,,,
468902,,UTC,2014-07-18T22:30:00+00:00,1405722600,1405722600.0,1405726200.0,206.0,Estádio Raimundo Sampaio,"Belo Horizonte, Minas Gerais",Match Finished,FT,90.0,72,Serie B,Brazil,https://media.api-sports.io/football/leagues/72.png,https://media.api-sports.io/flags/br.svg,2014,Regular Season - 12,125,America Mineiro,https://media.api-sports.io/football/teams/125.png,True,143,Oeste,https://media.api-sports.io/football/teams/143.png,False,3.0,0.0,3.0,0.0,3.0,0.0,,,,,,,
468903,,UTC,2014-07-19T00:50:00+00:00,1405731000,1405731000.0,1405734600.0,214.0,Estádio Aderbal Ramos da Silva,"Florianópolis, Santa Catarina",Match Finished,FT,90.0,72,Serie B,Brazil,https://media.api-sports.io/football/leagues/72.png,https://media.api-sports.io/flags/br.svg,2014,Regular Season - 12,145,Avai,https://media.api-sports.io/football/teams/145.png,True,139,Ponte Preta,https://media.api-sports.io/football/teams/139.png,False,1.0,0.0,0.0,0.0,1.0,0.0,,,,,,,
468904,,UTC,2014-07-19T19:20:00+00:00,1405797600,1405797600.0,1405801200.0,279.0,Estádio Club de Regatas Vasco da Gama,"Rio de Janeiro, Rio de Janeiro",Match Finished,FT,90.0,72,Serie B,Brazil,https://media.api-sports.io/football/leagues/72.png,https://media.api-sports.io/flags/br.svg,2014,Regular Season - 12,133,Vasco DA Gama,https://media.api-sports.io/football/teams/133.png,,2233,America-RN,https://media.api-sports.io/football/teams/2233.png,,1.0,1.0,1.0,0.0,1.0,1.0,,,,,,,
468905,,UTC,2014-07-19T19:20:00+00:00,1405797600,1405797600.0,1405801200.0,250.0,Estádio Municipal Passo Das Emas,"Lucas do Rio Verde, Mato Grosso",Match Finished,FT,90.0,72,Serie B,Brazil,https://media.api-sports.io/football/leagues/72.png,https://media.api-sports.io/flags/br.svg,2014,Regular Season - 12,752,Luverdense,https://media.api-sports.io/football/teams/752.png,False,144,Atletico Goianiense,https://media.api-sports.io/football/teams/144.png,True,0.0,2.0,0.0,1.0,0.0,2.0,,,,,,,
468906,,UTC,2014-07-19T19:20:00+00:00,1405797600,1405797600.0,1405801200.0,225.0,Estádio Governador Plácido Aderaldo Castelo,"Fortaleza, Ceará",Match Finished,FT,90.0,72,Serie B,Brazil,https://media.api-sports.io/football/leagues/72.png,https://media.api-sports.io/flags/br.svg,2014,Regular Season - 12,129,Ceara,https://media.api-sports.io/football/teams/129.png,True,7874,Icasa,https://media.api-sports.io/football/teams/7874.png,False,2.0,1.0,2.0,0.0,2.0,1.0,,,,,,,
468907,,UTC,2014-07-19T19:20:00+00:00,1405797600,1405797600.0,1405801200.0,,Estádio do Governo do Estado de Goiás,"Goiânia, Goiás",Match Finished,FT,90.0,72,Serie B,Brazil,https://media.api-sports.io/football/leagues/72.png,https://media.api-sports.io/flags/br.svg,2014,Regular Season - 12,142,Vila Nova,https://media.api-sports.io/football/teams/142.png,True,753,Santa Cruz,https://media.api-sports.io/football/teams/753.png,False,3.0,2.0,2.0,2.0,3.0,2.0,,,,,,,
468908,,UTC,2014-07-20T00:00:00+00:00,1405814400,1405814400.0,1405818000.0,220.0,Estádio Nabi Abi Chedid,"Bragança Paulista, São Paulo",Match Finished,FT,90.0,72,Serie B,Brazil,https://media.api-sports.io/football/leagues/72.png,https://media.api-sports.io/flags/br.svg,2014,Regular Season - 12,794,Bragantino,https://media.api-sports.io/football/teams/794.png,False,155,Sampaio Correa,https://media.api-sports.io/football/teams/155.png,True,0.0,1.0,0.0,0.0,0.0,1.0,,,,,,,
468909,,UTC,2014-07-20T00:00:00+00:00,1405814400,1405814400.0,1405818000.0,253.0,Itaipava Arena Pernambuco,"Recife, Pernambuco",Match Finished,FT,90.0,72,Serie B,Brazil,https://media.api-sports.io/football/leagues/72.png,https://media.api-sports.io/flags/br.svg,2014,Regular Season - 12,755,Nautico Recife,https://media.api-sports.io/football/teams/755.png,False,153,BOA,https://media.api-sports.io/football/teams/153.png,True,1.0,3.0,0.0,2.0,1.0,3.0,,,,,,,
468910,,UTC,2014-07-22T22:00:00+00:00,1406066400,1406066400.0,1406070000.0,2942.0,Estádio Mauro Sampaio,"Juazeiro do Norte, Ceará",Match Finished,FT,90.0,72,Serie B,Brazil,https://media.api-sports.io/football/leagues/72.png,https://media.api-sports.io/flags/br.svg,2014,Regular Season - 13,7874,Icasa,https://media.api-sports.io/football/teams/7874.png,True,1214,Portuguesa,https://media.api-sports.io/football/teams/1214.png,False,2.0,0.0,0.0,0.0,2.0,0.0,,,,,,,
468911,,UTC,2014-07-25T22:30:00+00:00,1406327400,1406327400.0,1406331000.0,,Estádio dos Amaros,"Itápolis, São Paulo",Match Finished,FT,90.0,72,Serie B,Brazil,https://media.api-sports.io/football/leagues/72.png,https://media.api-sports.io/flags/br.svg,2014,Regular Season - 13,143,Oeste,https://media.api-sports.io/football/teams/143.png,True,752,Luverdense,https://media.api-sports.io/football/teams/752.png,False,2.0,1.0,0.0,1.0,2.0,1.0,,,,,,,
468912,,UTC,2014-07-26T00:00:00+00:00,1406332800,1406332800.0,1406336400.0,207.0,Arena das Dunas,"Natal, Rio Grande do Norte",Match Finished,FT,90.0,72,Serie B,Brazil,https://media.api-sports.io/football/leagues/72.png,https://media.api-sports.io/flags/br.svg,2014,Regular Season - 13,2233,America-RN,https://media.api-sports.io/football/teams/2233.png,True,125,America Mineiro,https://media.api-sports.io/football/teams/125.png,False,1.0,0.0,1.0,0.0,1.0,0.0,,,,,,,
468913,,UTC,2014-07-26T00:00:00+00:00,1406332800,1406332800.0,1406336400.0,246.0,Estádio Municipal Prefeito Dilzon Luiz de Melo,"Varginha, Minas Gerais",Match Finished,FT,90.0,72,Serie B,Brazil,https://media.api-sports.io/football/leagues/72.png,https://media.api-sports.io/flags/br.svg,2014,Regular Season - 13,153,BOA,https://media.api-sports.io/football/teams/153.png,True,794,Bragantino,https://media.api-sports.io/football/teams/794.png,False,2.0,1.0,0.0,0.0,2.0,1.0,,,,,,,
468914,,UTC,2014-07-26T19:20:00+00:00,1406402400,1406402400.0,1406406000.0,261.0,Estádio Moisés Lucarelli,"Campinas, São Paulo",Match Finished,FT,90.0,72,Serie B,Brazil,https://media.api-sports.io/football/leagues/72.png,https://media.api-sports.io/flags/br.svg,2014,Regular Season - 13,139,Ponte Preta,https://media.api-sports.io/football/teams/139.png,,133,Vasco DA Gama,https://media.api-sports.io/football/teams/133.png,,0.0,0.0,0.0,0.0,0.0,0.0,,,,,,,
468915,,UTC,2014-07-26T19:20:00+00:00,1406402400,1406402400.0,1406406000.0,7803.0,Estádio Jóse do Rego Maciel,"Recife, Pernambuco",Match Finished,FT,90.0,72,Serie B,Brazil,https://media.api-sports.io/football/leagues/72.png,https://media.api-sports.io/flags/br.svg,2014,Regular Season - 13,753,Santa Cruz,https://media.api-sports.io/football/teams/753.png,False,129,Ceara,https://media.api-sports.io/football/teams/129.png,True,2.0,3.0,2.0,3.0,2.0,3.0,,,,,,,
468916,,UTC,2014-07-26T19:20:00+00:00,1406402400,1406402400.0,1406406000.0,247.0,Arena Joinville,"Joinville, Santa Catarina",Match Finished,FT,90.0,72,Serie B,Brazil,https://media.api-sports.io/football/leagues/72.png,https://media.api-sports.io/flags/br.svg,2014,Regular Season - 13,795,Joinville,https://media.api-sports.io/football/teams/795.png,False,145,Avai,https://media.api-sports.io/football/teams/145.png,True,0.0,1.0,0.0,0.0,0.0,1.0,,,,,,,
468917,,UTC,2014-07-26T19:20:00+00:00,1406402400,1406402400.0,1406406000.0,,Estádio do Governo do Estado de Goiás,"Goiânia, Goiás",Match Finished,FT,90.0,72,Serie B,Brazil,https://media.api-sports.io/football/leagues/72.png,https://media.api-sports.io/flags/br.svg,2014,Regular Season - 13,144,Atletico Goianiense,https://media.api-sports.io/football/teams/144.png,True,755,Nautico Recife,https://media.api-sports.io/football/teams/755.png,False,2.0,0.0,0.0,0.0,2.0,0.0,,,,,,,
468918,,UTC,2014-07-27T00:00:00+00:00,1406419200,1406419200.0,1406422800.0,,Estádio Durival de Brito e Silva,"Curitiba, Paraná",Match Finished,FT,90.0,72,Serie B,Brazil,https://media.api-sports.io/football/leagues/72.png,https://media.api-sports.io/flags/br.svg,2014,Regular Season - 13,122,Parana,https://media.api-sports.io/football/teams/122.png,True,754,ABC,https://media.api-sports.io/football/teams/754.png,False,1.0,0.0,0.0,0.0,1.0,0.0,,,,,,,
468919,,UTC,2014-07-27T00:00:00+00:00,1406419200,1406419200.0,1406422800.0,,Estádio Governador João Castelo Ribeiro Gonçalves,"São Luís, Maranhão",Match Finished,FT,90.0,72,Serie B,Brazil,https://media.api-sports.io/football/leagues/72.png,https://media.api-sports.io/flags/br.svg,2014,Regular Season - 13,155,Sampaio Correa,https://media.api-sports.io/football/teams/155.png,True,142,Vila Nova,https://media.api-sports.io/football/teams/142.png,False,2.0,0.0,2.0,0.0,2.0,0.0,,,,,,,
468920,,UTC,2014-07-29T22:00:00+00:00,1406671200,1406671200.0,1406674800.0,253.0,Itaipava Arena Pernambuco,"Recife, Pernambuco",Match Finished,FT,90.0,72,Serie B,Brazil,https://media.api-sports.io/football/leagues/72.png,https://media.api-sports.io/flags/br.svg,2014,Regular Season - 14,755,Nautico Recife,https://media.api-sports.io/football/teams/755.png,True,7874,Icasa,https://media.api-sports.io/football/teams/7874.png,False,1.0,0.0,1.0,0.0,1.0,0.0,,,,,,,
468921,,UTC,2014-07-30T00:00:00+00:00,1406678400,1406678400.0,1406682000.0,2936.0,Estádio Dr. Oswaldo Teixeira Duarte,"São Paulo, São Paulo",Match Finished,FT,90.0,72,Serie B,Brazil,https://media.api-sports.io/football/leagues/72.png,https://media.api-sports.io/flags/br.svg,2014,Regular Season - 14,1214,Portuguesa,https://media.api-sports.io/football/teams/1214.png,,143,Oeste,https://media.api-sports.io/football/teams/143.png,,0.0,0.0,0.0,0.0,0.0,0.0,,,,,,,
468922,,UTC,2014-08-02T00:00:00+00:00,1406937600,1406937600.0,1406941200.0,214.0,Estádio Aderbal Ramos da Silva,"Florianópolis, Santa Catarina",Match Finished,FT,90.0,72,Serie B,Brazil,https://media.api-sports.io/football/leagues/72.png,https://media.api-sports.io/flags/br.svg,2014,Regular Season - 14,145,Avai,https://media.api-sports.io/football/teams/145.png,False,752,Luverdense,https://media.api-sports.io/football/teams/752.png,True,1.0,2.0,0.0,1.0,1.0,2.0,,,,,,,
468923,,UTC,2014-08-02T00:00:00+00:00,1406937600,1406937600.0,1406941200.0,,Estádio do Governo do Estado de Goiás,"Goiânia, Goiás",Match Finished,FT,90.0,72,Serie B,Brazil,https://media.api-sports.io/football/leagues/72.png,https://media.api-sports.io/flags/br.svg,2014,Regular Season - 14,142,Vila Nova,https://media.api-sports.io/football/teams/142.png,False,144,Atletico Goianiense,https://media.api-sports.io/football/teams/144.png,True,0.0,2.0,0.0,2.0,0.0,2.0,,,,,,,
468924,,UTC,2014-08-02T19:20:00+00:00,1407007200,1407007200.0,1407010800.0,220.0,Estádio Nabi Abi Chedid,"Bragança Paulista, São Paulo",Match Finished,FT,90.0,72,Serie B,Brazil,https://media.api-sports.io/football/leagues/72.png,https://media.api-sports.io/flags/br.svg,2014,Regular Season - 14,794,Bragantino,https://media.api-sports.io/football/teams/794.png,True,795,Joinville,https://media.api-sports.io/football/teams/795.png,False,1.0,0.0,1.0,0.0,1.0,0.0,,,,,,,
468925,,UTC,2014-08-02T19:20:00+00:00,1407007200,1407007200.0,1407010800.0,279.0,Estádio Club de Regatas Vasco da Gama,"Rio de Janeiro, Rio de Janeiro",Match Finished,FT,90.0,72,Serie B,Brazil,https://media.api-sports.io/football/leagues/72.png,https://media.api-sports.io/flags/br.svg,2014,Regular Season - 14,133,Vasco DA Gama,https://media.api-sports.io/football/teams/133.png,True,122,Parana,https://media.api-sports.io/football/teams/122.png,False,1.0,0.0,1.0,0.0,1.0,0.0,,,,,,,
468926,,UTC,2014-08-02T19:20:00+00:00,1407007200,1407007200.0,1407010800.0,,Estádio Governador João Castelo Ribeiro Gonçalves,"São Luís, Maranhão",Match Finished,FT,90.0,72,Serie B,Brazil,https://media.api-sports.io/football/leagues/72.png,https://media.api-sports.io/flags/br.svg,2014,Regular Season - 14,155,Sampaio Correa,https://media.api-sports.io/football/teams/155.png,,139,Ponte Preta,https://media.api-sports.io/football/teams/139.png,,3.0,3.0,2.0,2.0,3.0,3.0,,,,,,,
468927,,UTC,2014-08-02T19:20:00+00:00,1407007200,1407007200.0,1407010800.0,207.0,Arena das Dunas,"Natal, Rio Grande do Norte",Match Finished,FT,90.0,72,Serie B,Brazil,https://media.api-sports.io/football/leagues/72.png,https://media.api-sports.io/flags/br.svg,2014,Regular Season - 14,2233,America-RN,https://media.api-sports.io/football/teams/2233.png,False,753,Santa Cruz,https://media.api-sports.io/football/teams/753.png,True,0.0,1.0,0.0,1.0,0.0,1.0,,,,,,,
468928,,UTC,2014-08-02T19:20:00+00:00,1407007200,1407007200.0,1407010800.0,206.0,Estádio Raimundo Sampaio,"Belo Horizonte, Minas Gerais",Match Finished,FT,90.0,72,Serie B,Brazil,https://media.api-sports.io/football/leagues/72.png,https://media.api-sports.io/flags/br.svg,2014,Regular Season - 14,125,America Mineiro,https://media.api-sports.io/football/teams/125.png,True,754,ABC,https://media.api-sports.io/football/teams/754.png,False,1.0,0.0,0.0,0.0,1.0,0.0,,,,,,,
468929,,UTC,2014-08-03T00:00:00+00:00,1407024000,1407024000.0,1407027600.0,237.0,Estádio Municipal Presidente Getúlio Vargas,"Fortaleza, Ceará",Match Finished,FT,90.0,72,Serie B,Brazil,https://media.api-sports.io/football/leagues/72.png,https://media.api-sports.io/flags/br.svg,2014,Regular Season - 14,129,Ceara,https://media.api-sports.io/football/teams/129.png,,153,BOA,https://media.api-sports.io/football/teams/153.png,,2.0,2.0,1.0,1.0,2.0,2.0,,,,,,,
468930,,UTC,2014-08-05T22:30:00+00:00,1407277800,1407277800.0,1407281400.0,250.0,Estádio Municipal Passo Das Emas,"Lucas do Rio Verde, Mato Grosso",Match Finished,FT,90.0,72,Serie B,Brazil,https://media.api-sports.io/football/leagues/72.png,https://media.api-sports.io/flags/br.svg,2014,Regular Season - 15,752,Luverdense,https://media.api-sports.io/football/teams/752.png,True,1214,Portuguesa,https://media.api-sports.io/football/teams/1214.png,False,3.0,1.0,0.0,0.0,3.0,1.0,,,,,,,
468931,,UTC,2014-08-06T00:00:00+00:00,1407283200,1407283200.0,1407286800.0,247.0,Arena Joinville,"Joinville, Santa Catarina",Match Finished,FT,90.0,72,Serie B,Brazil,https://media.api-sports.io/football/leagues/72.png,https://media.api-sports.io/flags/br.svg,2014,Regular Season - 15,795,Joinville,https://media.api-sports.io/football/teams/795.png,True,155,Sampaio Correa,https://media.api-sports.io/football/teams/155.png,False,3.0,1.0,2.0,1.0,3.0,1.0,,,,,,,
468932,,UTC,2014-08-08T22:30:00+00:00,1407537000,1407537000.0,1407540600.0,2942.0,Estádio Mauro Sampaio,"Juazeiro do Norte, Ceará",Match Finished,FT,90.0,72,Serie B,Brazil,https://media.api-sports.io/football/leagues/72.png,https://media.api-sports.io/flags/br.svg,2014,Regular Season - 15,7874,Icasa,https://media.api-sports.io/football/teams/7874.png,True,125,America Mineiro,https://media.api-sports.io/football/teams/125.png,False,2.0,0.0,0.0,0.0,2.0,0.0,,,,,,,
468933,,UTC,2014-08-08T22:30:00+00:00,1407537000,1407537000.0,1407540600.0,,Estádio do Governo do Estado de Goiás,"Goiânia, Goiás",Match Finished,FT,90.0,72,Serie B,Brazil,https://media.api-sports.io/football/leagues/72.png,https://media.api-sports.io/flags/br.svg,2014,Regular Season - 15,144,Atletico Goianiense,https://media.api-sports.io/football/teams/144.png,False,129,Ceara,https://media.api-sports.io/football/teams/129.png,True,0.0,2.0,0.0,0.0,0.0,2.0,,,,,,,
468934,,UTC,2014-08-09T00:00:00+00:00,1407542400,1407542400.0,1407546000.0,261.0,Estádio Moisés Lucarelli,"Campinas, São Paulo",Match Finished,FT,90.0,72,Serie B,Brazil,https://media.api-sports.io/football/leagues/72.png,https://media.api-sports.io/flags/br.svg,2014,Regular Season - 15,139,Ponte Preta,https://media.api-sports.io/football/teams/139.png,True,794,Bragantino,https://media.api-sports.io/football/teams/794.png,False,1.0,0.0,0.0,0.0,1.0,0.0,,,,,,,
468935,,UTC,2014-08-09T19:20:00+00:00,1407612000,1407612000.0,1407615600.0,,Estádio Durival de Brito e Silva,"Curitiba, Paraná",Match Finished,FT,90.0,72,Serie B,Brazil,https://media.api-sports.io/football/leagues/72.png,https://media.api-sports.io/flags/br.svg,2014,Regular Season - 15,122,Parana,https://media.api-sports.io/football/teams/122.png,True,142,Vila Nova,https://media.api-sports.io/football/teams/142.png,False,3.0,1.0,1.0,1.0,3.0,1.0,,,,,,,
468936,,UTC,2014-08-09T19:20:00+00:00,1407612000,1407612000.0,1407615600.0,7803.0,Estádio Jóse do Rego Maciel,"Recife, Pernambuco",Match Finished,FT,90.0,72,Serie B,Brazil,https://media.api-sports.io/football/leagues/72.png,https://media.api-sports.io/flags/br.svg,2014,Regular Season - 15,753,Santa Cruz,https://media.api-sports.io/football/teams/753.png,True,755,Nautico Recife,https://media.api-sports.io/football/teams/755.png,False,3.0,0.0,0.0,0.0,3.0,0.0,,,,,,,
468937,,UTC,2014-08-09T19:20:00+00:00,1407612000,1407612000.0,1407615600.0,207.0,Arena das Dunas,"Natal, Rio Grande do Norte",Match Finished,FT,90.0,72,Serie B,Brazil,https://media.api-sports.io/football/leagues/72.png,https://media.api-sports.io/flags/br.svg,2014,Regular Season - 15,754,ABC,https://media.api-sports.io/football/teams/754.png,False,133,Vasco DA Gama,https://media.api-sports.io/football/teams/133.png,True,1.0,2.0,0.0,1.0,1.0,2.0,,,,,,,
468938,,UTC,2014-08-10T00:00:00+00:00,1407628800,1407628800.0,1407632400.0,,Estádio dos Amaros,"Itápolis, São Paulo",Match Finished,FT,90.0,72,Serie B,Brazil,https://media.api-sports.io/football/leagues/72.png,https://media.api-sports.io/flags/br.svg,2014,Regular Season - 15,143,Oeste,https://media.api-sports.io/football/teams/143.png,,145,Avai,https://media.api-sports.io/football/teams/145.png,,0.0,0.0,0.0,0.0,0.0,0.0,,,,,,,
468939,,UTC,2014-08-10T00:00:00+00:00,1407628800,1407628800.0,1407632400.0,246.0,Estádio Municipal Prefeito Dilzon Luiz de Melo,"Varginha, Minas Gerais",Match Finished,FT,90.0,72,Serie B,Brazil,https://media.api-sports.io/football/leagues/72.png,https://media.api-sports.io/flags/br.svg,2014,Regular Season - 15,153,BOA,https://media.api-sports.io/football/teams/153.png,True,2233,America-RN,https://media.api-sports.io/football/teams/2233.png,False,3.0,2.0,2.0,0.0,3.0,2.0,,,,,,,
468940,,UTC,2014-08-12T22:30:00+00:00,1407882600,1407882600.0,1407886200.0,207.0,Arena das Dunas,"Natal, Rio Grande do Norte",Match Finished,FT,90.0,72,Serie B,Brazil,https://media.api-sports.io/football/leagues/72.png,https://media.api-sports.io/flags/br.svg,2014,Regular Season - 16,754,ABC,https://media.api-sports.io/football/teams/754.png,,1214,Portuguesa,https://media.api-sports.io/football/teams/1214.png,,0.0,0.0,0.0,0.0,0.0,0.0,,,,,,,
468941,,UTC,2014-08-13T00:00:00+00:00,1407888000,1407888000.0,1407891600.0,214.0,Estádio Aderbal Ramos da Silva,"Florianópolis, Santa Catarina",Match Finished,FT,90.0,72,Serie B,Brazil,https://media.api-sports.io/football/leagues/72.png,https://media.api-sports.io/flags/br.svg,2014,Regular Season - 16,145,Avai,https://media.api-sports.io/football/teams/145.png,True,125,America Mineiro,https://media.api-sports.io/football/teams/125.png,False,2.0,0.0,1.0,0.0,2.0,0.0,,,,,,,
468942,,UTC,2014-08-15T22:30:00+00:00,1408141800,1408141800.0,1408145400.0,,Estádio do Governo do Estado de Goiás,"Goiânia, Goiás",Match Finished,FT,90.0,72,Serie B,Brazil,https://media.api-sports.io/football/leagues/72.png,https://media.api-sports.io/flags/br.svg,2014,Regular Season - 16,144,Atletico Goianiense,https://media.api-sports.io/football/teams/144.png,True,122,Parana,https://media.api-sports.io/football/teams/122.png,False,2.0,1.0,1.0,0.0,2.0,1.0,,,,,,,
468943,,UTC,2014-08-16T00:00:00+00:00,1408147200,1408147200.0,1408150800.0,261.0,Estádio Moisés Lucarelli,"Campinas, São Paulo",Match Finished,FT,90.0,72,Serie B,Brazil,https://media.api-sports.io/football/leagues/72.png,https://media.api-sports.io/flags/br.svg,2014,Regular Season - 16,139,Ponte Preta,https://media.api-sports.io/football/teams/139.png,True,795,Joinville,https://media.api-sports.io/football/teams/795.png,False,2.0,0.0,1.0,0.0,2.0,0.0,,,,,,,
468944,,UTC,2014-08-16T19:20:00+00:00,1408216800,1408216800.0,1408220400.0,279.0,Estádio Club de Regatas Vasco da Gama,"Rio de Janeiro, Rio de Janeiro",Match Finished,FT,90.0,72,Serie B,Brazil,https://media.api-sports.io/football/leagues/72.png,https://media.api-sports.io/flags/br.svg,2014,Regular Season - 16,133,Vasco DA Gama,https://media.api-sports.io/football/teams/133.png,True,129,Ceara,https://media.api-sports.io/football/teams/129.png,False,2.0,0.0,1.0,0.0,2.0,0.0,,,,,,,
468945,,UTC,2014-08-16T19:20:00+00:00,1408216800,1408216800.0,1408220400.0,235.0,Arena Pantanal,"Cuiabá, Mato Grosso",Match Finished,FT,90.0,72,Serie B,Brazil,https://media.api-sports.io/football/leagues/72.png,https://media.api-sports.io/flags/br.svg,2014,Regular Season - 16,752,Luverdense,https://media.api-sports.io/football/teams/752.png,False,755,Nautico Recife,https://media.api-sports.io/football/teams/755.png,True,0.0,2.0,0.0,1.0,0.0,2.0,,,,,,,
468946,,UTC,2014-08-16T19:20:00+00:00,1408216800,1408216800.0,1408220400.0,2942.0,Estádio Mauro Sampaio,"Juazeiro do Norte, Ceará",Match Finished,FT,90.0,72,Serie B,Brazil,https://media.api-sports.io/football/leagues/72.png,https://media.api-sports.io/flags/br.svg,2014,Regular Season - 16,7874,Icasa,https://media.api-sports.io/football/teams/7874.png,False,2233,America-RN,https://media.api-sports.io/football/teams/2233.png,True,0.0,2.0,0.0,1.0,0.0,2.0,,,,,,,
468947,,UTC,2014-08-17T00:00:00+00:00,1408233600,1408233600.0,1408237200.0,,Estádio dos Amaros,"Itápolis, São Paulo",Match Finished,FT,90.0,72,Serie B,Brazil,https://media.api-sports.io/football/leagues/72.png,https://media.api-sports.io/flags/br.svg,2014,Regular Season - 16,143,Oeste,https://media.api-sports.io/football/teams/143.png,False,142,Vila Nova,https://media.api-sports.io/football/teams/142.png,True,1.0,3.0,1.0,2.0,1.0,3.0,,,,,,,
468948,,UTC,2014-08-17T00:00:00+00:00,1408233600,1408233600.0,1408237200.0,246.0,Estádio Municipal Prefeito Dilzon Luiz de Melo,"Varginha, Minas Gerais",Match Finished,FT,90.0,72,Serie B,Brazil,https://media.api-sports.io/football/leagues/72.png,https://media.api-sports.io/flags/br.svg,2014,Regular Season - 16,153,BOA,https://media.api-sports.io/football/teams/153.png,True,155,Sampaio Correa,https://media.api-sports.io/football/teams/155.png,False,2.0,1.0,0.0,1.0,2.0,1.0,,,,,,,
468949,,UTC,2014-10-14T22:30:00+00:00,1413325800,1413325800.0,1413329400.0,7803.0,Estádio Jóse do Rego Maciel,"Recife, Pernambuco",Match Finished,FT,90.0,72,Serie B,Brazil,https://media.api-sports.io/football/leagues/72.png,https://media.api-sports.io/flags/br.svg,2014,Regular Season - 16,753,Santa Cruz,https://media.api-sports.io/football/teams/753.png,True,794,Bragantino,https://media.api-sports.io/football/teams/794.png,False,2.0,1.0,1.0,0.0,2.0,1.0,,,,,,,
468950,,UTC,2014-08-19T22:30:00+00:00,1408487400,1408487400.0,1408491000.0,,Estádio Durival de Brito e Silva,"Curitiba, Paraná",Match Finished,FT,90.0,72,Serie B,Brazil,https://media.api-sports.io/football/leagues/72.png,https://media.api-sports.io/flags/br.svg,2014,Regular Season - 17,122,Parana,https://media.api-sports.io/football/teams/122.png,True,7874,Icasa,https://media.api-sports.io/football/teams/7874.png,False,1.0,0.0,1.0,0.0,1.0,0.0,,,,,,,
468951,,UTC,2014-08-19T22:30:00+00:00,1408487400,1408487400.0,1408491000.0,253.0,Itaipava Arena Pernambuco,"Recife, Pernambuco",Match Finished,FT,90.0,72,Serie B,Brazil,https://media.api-sports.io/football/leagues/72.png,https://media.api-sports.io/flags/br.svg,2014,Regular Season - 17,755,Nautico Recife,https://media.api-sports.io/football/teams/755.png,True,143,Oeste,https://media.api-sports.io/football/teams/143.png,False,3.0,2.0,2.0,2.0,3.0,2.0,,,,,,,
468952,,UTC,2014-08-19T22:30:00+00:00,1408487400,1408487400.0,1408491000.0,,Estádio Governador João Castelo Ribeiro Gonçalves,"São Luís, Maranhão",Match Finished,FT,90.0,72,Serie B,Brazil,https://media.api-sports.io/football/leagues/72.png,https://media.api-sports.io/flags/br.svg,2014,Regular Season - 17,155,Sampaio Correa,https://media.api-sports.io/football/teams/155.png,,753,Santa Cruz,https://media.api-sports.io/football/teams/753.png,,0.0,0.0,0.0,0.0,0.0,0.0,,,,,,,
468953,,UTC,2014-08-19T22:30:00+00:00,1408487400,1408487400.0,1408491000.0,237.0,Estádio Municipal Presidente Getúlio Vargas,"Fortaleza, Ceará",Match Finished,FT,90.0,72,Serie B,Brazil,https://media.api-sports.io/football/leagues/72.png,https://media.api-sports.io/flags/br.svg,2014,Regular Season - 17,129,Ceara,https://media.api-sports.io/football/teams/129.png,False,754,ABC,https://media.api-sports.io/football/teams/754.png,True,1.0,2.0,1.0,1.0,1.0,2.0,,,,,,,
468954,,UTC,2014-08-19T22:30:00+00:00,1408487400,1408487400.0,1408491000.0,247.0,Arena Joinville,"Joinville, Santa Catarina",Match Finished,FT,90.0,72,Serie B,Brazil,https://media.api-sports.io/football/leagues/72.png,https://media.api-sports.io/flags/br.svg,2014,Regular Season - 17,795,Joinville,https://media.api-sports.io/football/teams/795.png,True,153,BOA,https://media.api-sports.io/football/teams/153.png,False,2.0,1.0,1.0,1.0,2.0,1.0,,,,,,,
468955,,UTC,2014-08-19T22:30:00+00:00,1408487400,1408487400.0,1408491000.0,207.0,Arena das Dunas,"Natal, Rio Grande do Norte",Match Finished,FT,90.0,72,Serie B,Brazil,https://media.api-sports.io/football/leagues/72.png,https://media.api-sports.io/flags/br.svg,2014,Regular Season - 17,2233,America-RN,https://media.api-sports.io/football/teams/2233.png,False,139,Ponte Preta,https://media.api-sports.io/football/teams/139.png,True,0.0,2.0,0.0,0.0,0.0,2.0,,,,,,,
468956,,UTC,2014-08-20T00:50:00+00:00,1408495800,1408495800.0,1408499400.0,220.0,Estádio Nabi Abi Chedid,"Bragança Paulista, São Paulo",Match Finished,FT,90.0,72,Serie B,Brazil,https://media.api-sports.io/football/leagues/72.png,https://media.api-sports.io/flags/br.svg,2014,Regular Season - 17,794,Bragantino,https://media.api-sports.io/football/teams/794.png,True,144,Atletico Goianiense,https://media.api-sports.io/football/teams/144.png,False,2.0,1.0,1.0,1.0,2.0,1.0,,,,,,,
468957,,UTC,2014-08-20T00:50:00+00:00,1408495800,1408495800.0,1408499400.0,2936.0,Estádio Dr. Oswaldo Teixeira Duarte,"São Paulo, São Paulo",Match Finished,FT,90.0,72,Serie B,Brazil,https://media.api-sports.io/football/leagues/72.png,https://media.api-sports.io/flags/br.svg,2014,Regular Season - 17,1214,Portuguesa,https://media.api-sports.io/football/teams/1214.png,False,145,Avai,https://media.api-sports.io/football/teams/145.png,True,1.0,3.0,0.0,0.0,1.0,3.0,,,,,,,
468958,,UTC,2014-08-20T00:50:00+00:00,1408495800,1408495800.0,1408499400.0,,Estádio Nacional de Brasília,"Brasília, Distrito Federal",Match Finished,FT,90.0,72,Serie B,Brazil,https://media.api-sports.io/football/leagues/72.png,https://media.api-sports.io/flags/br.svg,2014,Regular Season - 17,142,Vila Nova,https://media.api-sports.io/football/teams/142.png,True,133,Vasco DA Gama,https://media.api-sports.io/football/teams/133.png,False,2.0,1.0,2.0,1.0,2.0,1.0,,,,,,,
468959,,UTC,2014-08-20T00:50:00+00:00,1408495800,1408495800.0,1408499400.0,206.0,Estádio Raimundo Sampaio,"Belo Horizonte, Minas Gerais",Match Finished,FT,90.0,72,Serie B,Brazil,https://media.api-sports.io/football/leagues/72.png,https://media.api-sports.io/flags/br.svg,2014,Regular Season - 17,125,America Mineiro,https://media.api-sports.io/football/teams/125.png,True,752,Luverdense,https://media.api-sports.io/football/teams/752.png,False,2.0,0.0,1.0,0.0,2.0,0.0,,,,,,,
468960,,UTC,2014-08-22T22:30:00+00:00,1408746600,1408746600.0,1408750200.0,,Estádio dos Amaros,"Itápolis, São Paulo",Match Finished,FT,90.0,72,Serie B,Brazil,https://media.api-sports.io/football/leagues/72.png,https://media.api-sports.io/flags/br.svg,2014,Regular Season - 18,143,Oeste,https://media.api-sports.io/football/teams/143.png,True,153,BOA,https://media.api-sports.io/football/teams/153.png,False,2.0,1.0,1.0,0.0,2.0,1.0,,,,,,,
468961,,UTC,2014-08-22T22:30:00+00:00,1408746600,1408746600.0,1408750200.0,206.0,Estádio Raimundo Sampaio,"Belo Horizonte, Minas Gerais",Match Finished,FT,90.0,72,Serie B,Brazil,https://media.api-sports.io/football/leagues/72.png,https://media.api-sports.io/flags/br.svg,2014,Regular Season - 18,125,America Mineiro,https://media.api-sports.io/football/teams/125.png,True,139,Ponte Preta,https://media.api-sports.io/football/teams/139.png,False,3.0,0.0,1.0,0.0,3.0,0.0,,,,,,,
468962,,UTC,2014-08-23T00:50:00+00:00,1408755000,1408755000.0,1408758600.0,2942.0,Estádio Mauro Sampaio,"Juazeiro do Norte, Ceará",Match Finished,FT,90.0,72,Serie B,Brazil,https://media.api-sports.io/football/leagues/72.png,https://media.api-sports.io/flags/br.svg,2014,Regular Season - 18,7874,Icasa,https://media.api-sports.io/football/teams/7874.png,,133,Vasco DA Gama,https://media.api-sports.io/football/teams/133.png,,1.0,1.0,0.0,1.0,1.0,1.0,,,,,,,
468963,,UTC,2014-08-23T19:10:00+00:00,1408821000,1408821000.0,1408824600.0,2936.0,Estádio Dr. Oswaldo Teixeira Duarte,"São Paulo, São Paulo",Match Finished,FT,90.0,72,Serie B,Brazil,https://media.api-sports.io/football/leagues/72.png,https://media.api-sports.io/flags/br.svg,2014,Regular Season - 18,1214,Portuguesa,https://media.api-sports.io/football/teams/1214.png,,129,Ceara,https://media.api-sports.io/football/teams/129.png,,1.0,1.0,1.0,0.0,1.0,1.0,,,,,,,
468964,,UTC,2014-08-23T19:10:00+00:00,1408821000,1408821000.0,1408824600.0,,Estádio Durival de Brito e Silva,"Curitiba, Paraná",Match Finished,FT,90.0,72,Serie B,Brazil,https://media.api-sports.io/football/leagues/72.png,https://media.api-sports.io/flags/br.svg,2014,Regular Season - 18,122,Parana,https://media.api-sports.io/football/teams/122.png,True,794,Bragantino,https://media.api-sports.io/football/teams/794.png,False,1.0,0.0,1.0,0.0,1.0,0.0,,,,,,,
468965,,UTC,2014-08-23T19:10:00+00:00,1408821000,1408821000.0,1408824600.0,253.0,Itaipava Arena Pernambuco,"Recife, Pernambuco",Match Finished,FT,90.0,72,Serie B,Brazil,https://media.api-sports.io/football/leagues/72.png,https://media.api-sports.io/flags/br.svg,2014,Regular Season - 18,755,Nautico Recife,https://media.api-sports.io/football/teams/755.png,True,2233,America-RN,https://media.api-sports.io/football/teams/2233.png,False,2.0,1.0,1.0,1.0,2.0,1.0,,,,,,,
468966,,UTC,2014-08-23T19:10:00+00:00,1408821000,1408821000.0,1408824600.0,214.0,Estádio Aderbal Ramos da Silva,"Florianópolis, Santa Catarina",Match Finished,FT,90.0,72,Serie B,Brazil,https://media.api-sports.io/football/leagues/72.png,https://media.api-sports.io/flags/br.svg,2014,Regular Season - 18,145,Avai,https://media.api-sports.io/football/teams/145.png,,753,Santa Cruz,https://media.api-sports.io/football/teams/753.png,,0.0,0.0,0.0,0.0,0.0,0.0,,,,,,,
468967,,UTC,2014-08-23T19:10:00+00:00,1408821000,1408821000.0,1408824600.0,,Estádio do Governo do Estado de Goiás,"Goiânia, Goiás",Match Finished,FT,90.0,72,Serie B,Brazil,https://media.api-sports.io/football/leagues/72.png,https://media.api-sports.io/flags/br.svg,2014,Regular Season - 18,144,Atletico Goianiense,https://media.api-sports.io/football/teams/144.png,False,155,Sampaio Correa,https://media.api-sports.io/football/teams/155.png,True,2.0,4.0,1.0,3.0,2.0,4.0,,,,,,,
468968,,UTC,2014-08-24T00:00:00+00:00,1408838400,1408838400.0,1408842000.0,250.0,Estádio Municipal Passo Das Emas,"Lucas do Rio Verde, Mato Grosso",Match Finished,FT,90.0,72,Serie B,Brazil,https://media.api-sports.io/football/leagues/72.png,https://media.api-sports.io/flags/br.svg,2014,Regular Season - 18,752,Luverdense,https://media.api-sports.io/football/teams/752.png,,795,Joinville,https://media.api-sports.io/football/teams/795.png,,2.0,2.0,1.0,1.0,2.0,2.0,,,,,,,
468969,,UTC,2014-08-24T00:00:00+00:00,1408838400,1408838400.0,1408842000.0,205.0,Estádio Maria Lamas Farache,"Natal, Rio Grande do Norte",Match Finished,FT,90.0,72,Serie B,Brazil,https://media.api-sports.io/football/leagues/72.png,https://media.api-sports.io/flags/br.svg,2014,Regular Season - 18,754,ABC,https://media.api-sports.io/football/teams/754.png,False,142,Vila Nova,https://media.api-sports.io/football/teams/142.png,True,0.0,2.0,0.0,2.0,0.0,2.0,,,,,,,
468970,,UTC,2014-08-26T22:30:00+00:00,1409092200,1409092200.0,1409095800.0,246.0,Estádio Municipal Prefeito Dilzon Luiz de Melo,"Varginha, Minas Gerais",Match Finished,FT,90.0,72,Serie B,Brazil,https://media.api-sports.io/football/leagues/72.png,https://media.api-sports.io/flags/br.svg,2014,Regular Season - 19,153,BOA,https://media.api-sports.io/football/teams/153.png,True,7874,Icasa,https://media.api-sports.io/football/teams/7874.png,False,2.0,0.0,0.0,0.0,2.0,0.0,,,,,,,
468971,,UTC,2014-08-27T00:50:00+00:00,1409100600,1409100600.0,1409104200.0,,Estádio do Governo do Estado de Goiás,"Goiânia, Goiás",Match Finished,FT,90.0,72,Serie B,Brazil,https://media.api-sports.io/football/leagues/72.png,https://media.api-sports.io/flags/br.svg,2014,Regular Season - 19,142,Vila Nova,https://media.api-sports.io/football/teams/142.png,False,1214,Portuguesa,https://media.api-sports.io/football/teams/1214.png,True,1.0,2.0,0.0,0.0,1.0,2.0,,,,,,,
468972,,UTC,2014-08-29T23:30:00+00:00,1409355000,1409355000.0,1409358600.0,7803.0,Estádio Jóse do Rego Maciel,"Recife, Pernambuco",Match Finished,FT,90.0,72,Serie B,Brazil,https://media.api-sports.io/football/leagues/72.png,https://media.api-sports.io/flags/br.svg,2014,Regular Season - 19,753,Santa Cruz,https://media.api-sports.io/football/teams/753.png,True,144,Atletico Goianiense,https://media.api-sports.io/football/teams/144.png,False,2.0,0.0,1.0,0.0,2.0,0.0,,,,,,,
468973,,UTC,2014-08-29T23:30:00+00:00,1409355000,1409355000.0,1409358600.0,,Estádio Governador João Castelo Ribeiro Gonçalves,"São Luís, Maranhão",Match Finished,FT,90.0,72,Serie B,Brazil,https://media.api-sports.io/football/leagues/72.png,https://media.api-sports.io/flags/br.svg,2014,Regular Season - 19,155,Sampaio Correa,https://media.api-sports.io/football/teams/155.png,,125,America Mineiro,https://media.api-sports.io/football/teams/125.png,,0.0,0.0,0.0,0.0,0.0,0.0,,,,,,,
468974,,UTC,2014-08-29T23:30:00+00:00,1409355000,1409355000.0,1409358600.0,247.0,Arena Joinville,"Joinville, Santa Catarina",Match Finished,FT,90.0,72,Serie B,Brazil,https://media.api-sports.io/football/leagues/72.png,https://media.api-sports.io/flags/br.svg,2014,Regular Season - 19,795,Joinville,https://media.api-sports.io/football/teams/795.png,True,143,Oeste,https://media.api-sports.io/football/teams/143.png,False,2.0,1.0,1.0,1.0,2.0,1.0,,,,,,,
468975,,UTC,2014-08-30T19:10:00+00:00,1409425800,1409425800.0,1409429400.0,220.0,Estádio Nabi Abi Chedid,"Bragança Paulista, São Paulo",Match Finished,FT,90.0,72,Serie B,Brazil,https://media.api-sports.io/football/leagues/72.png,https://media.api-sports.io/flags/br.svg,2014,Regular Season - 19,794,Bragantino,https://media.api-sports.io/football/teams/794.png,True,754,ABC,https://media.api-sports.io/football/teams/754.png,False,1.0,0.0,0.0,0.0,1.0,0.0,,,,,,,
468976,,UTC,2014-08-30T19:10:00+00:00,1409425800,1409425800.0,1409429400.0,261.0,Estádio Moisés Lucarelli,"Campinas, São Paulo",Match Finished,FT,90.0,72,Serie B,Brazil,https://media.api-sports.io/football/leagues/72.png,https://media.api-sports.io/flags/br.svg,2014,Regular Season - 19,139,Ponte Preta,https://media.api-sports.io/football/teams/139.png,True,755,Nautico Recife,https://media.api-sports.io/football/teams/755.png,False,2.0,0.0,0.0,0.0,2.0,0.0,,,,,,,
468977,,UTC,2014-08-30T19:10:00+00:00,1409425800,1409425800.0,1409429400.0,279.0,Estádio Club de Regatas Vasco da Gama,"Rio de Janeiro, Rio de Janeiro",Match Finished,FT,90.0,72,Serie B,Brazil,https://media.api-sports.io/football/leagues/72.png,https://media.api-sports.io/flags/br.svg,2014,Regular Season - 19,133,Vasco DA Gama,https://media.api-sports.io/football/teams/133.png,False,145,Avai,https://media.api-sports.io/football/teams/145.png,True,0.0,5.0,0.0,2.0,0.0,5.0,,,,,,,
468978,,UTC,2014-08-30T19:10:00+00:00,1409425800,1409425800.0,1409429400.0,207.0,Arena das Dunas,"Natal, Rio Grande do Norte",Match Finished,FT,90.0,72,Serie B,Brazil,https://media.api-sports.io/football/leagues/72.png,https://media.api-sports.io/flags/br.svg,2014,Regular Season - 19,2233,America-RN,https://media.api-sports.io/football/teams/2233.png,False,122,Parana,https://media.api-sports.io/football/teams/122.png,True,2.0,3.0,1.0,2.0,2.0,3.0,,,,,,,
468979,,UTC,2014-08-31T00:00:00+00:00,1409443200,1409443200.0,1409446800.0,225.0,Estádio Governador Plácido Aderaldo Castelo,"Fortaleza, Ceará",Match Finished,FT,90.0,72,Serie B,Brazil,https://media.api-sports.io/football/leagues/72.png,https://media.api-sports.io/flags/br.svg,2014,Regular Season - 19,129,Ceara,https://media.api-sports.io/football/teams/129.png,True,752,Luverdense,https://media.api-sports.io/football/teams/752.png,False,3.0,1.0,2.0,0.0,3.0,1.0,,,,,,,
468980,,UTC,2014-09-02T22:30:00+00:00,1409697000,1409697000.0,1409700600.0,,Estádio Durival de Brito e Silva,"Curitiba, Paraná",Match Finished,FT,90.0,72,Serie B,Brazil,https://media.api-sports.io/football/leagues/72.png,https://media.api-sports.io/flags/br.svg,2014,Regular Season - 20,122,Parana,https://media.api-sports.io/football/teams/122.png,,155,Sampaio Correa,https://media.api-sports.io/football/teams/155.png,,0.0,0.0,0.0,0.0,0.0,0.0,,,,,,,
468981,,UTC,2014-09-02T22:30:00+00:00,1409697000,1409697000.0,1409700600.0,,Estádio do Governo do Estado de Goiás,"Goiânia, Goiás",Match Finished,FT,90.0,72,Serie B,Brazil,https://media.api-sports.io/football/leagues/72.png,https://media.api-sports.io/flags/br.svg,2014,Regular Season - 20,144,Atletico Goianiense,https://media.api-sports.io/football/teams/144.png,False,153,BOA,https://media.api-sports.io/football/teams/153.png,True,0.0,3.0,0.0,1.0,0.0,3.0,,,,,,,
468982,,UTC,2014-09-02T23:30:00+00:00,1409700600,1409700600.0,1409704200.0,2936.0,Estádio Dr. Oswaldo Teixeira Duarte,"São Paulo, São Paulo",Match Finished,FT,90.0,72,Serie B,Brazil,https://media.api-sports.io/football/leagues/72.png,https://media.api-sports.io/flags/br.svg,2014,Regular Season - 20,1214,Portuguesa,https://media.api-sports.io/football/teams/1214.png,False,795,Joinville,https://media.api-sports.io/football/teams/795.png,True,1.0,2.0,0.0,1.0,1.0,2.0,,,,,,,
468983,,UTC,2014-09-05T22:30:00+00:00,1409956200,1409956200.0,1409959800.0,2942.0,Estádio Mauro Sampaio,"Juazeiro do Norte, Ceará",Match Finished,FT,90.0,72,Serie B,Brazil,https://media.api-sports.io/football/leagues/72.png,https://media.api-sports.io/flags/br.svg,2014,Regular Season - 20,7874,Icasa,https://media.api-sports.io/football/teams/7874.png,False,139,Ponte Preta,https://media.api-sports.io/football/teams/139.png,True,0.0,1.0,0.0,1.0,0.0,1.0,,,,,,,
468984,,UTC,2014-09-06T19:10:00+00:00,1410030600,1410030600.0,1410034200.0,253.0,Itaipava Arena Pernambuco,"Recife, Pernambuco",Match Finished,FT,90.0,72,Serie B,Brazil,https://media.api-sports.io/football/leagues/72.png,https://media.api-sports.io/flags/br.svg,2014,Regular Season - 20,755,Nautico Recife,https://media.api-sports.io/football/teams/755.png,,794,Bragantino,https://media.api-sports.io/football/teams/794.png,,0.0,0.0,0.0,0.0,0.0,0.0,,,,,,,
468985,,UTC,2014-09-06T19:10:00+00:00,1410030600,1410030600.0,1410034200.0,214.0,Estádio Aderbal Ramos da Silva,"Florianópolis, Santa Catarina",Match Finished,FT,90.0,72,Serie B,Brazil,https://media.api-sports.io/football/leagues/72.png,https://media.api-sports.io/flags/br.svg,2014,Regular Season - 20,145,Avai,https://media.api-sports.io/football/teams/145.png,,2233,America-RN,https://media.api-sports.io/football/teams/2233.png,,0.0,0.0,0.0,0.0,0.0,0.0,,,,,,,
468986,,UTC,2014-09-06T19:10:00+00:00,1410030600,1410030600.0,1410034200.0,207.0,Arena das Dunas,"Natal, Rio Grande do Norte",Match Finished,FT,90.0,72,Serie B,Brazil,https://media.api-sports.io/football/leagues/72.png,https://media.api-sports.io/flags/br.svg,2014,Regular Season - 20,754,ABC,https://media.api-sports.io/football/teams/754.png,True,753,Santa Cruz,https://media.api-sports.io/football/teams/753.png,False,2.0,1.0,1.0,0.0,2.0,1.0,,,,,,,
468987,,UTC,2014-09-06T19:10:00+00:00,1410030600,1410030600.0,1410034200.0,206.0,Estádio Raimundo Sampaio,"Belo Horizonte, Minas Gerais",Match Finished,FT,90.0,72,Serie B,Brazil,https://media.api-sports.io/football/leagues/72.png,https://media.api-sports.io/flags/br.svg,2014,Regular Season - 20,125,America Mineiro,https://media.api-sports.io/football/teams/125.png,False,133,Vasco DA Gama,https://media.api-sports.io/football/teams/133.png,True,2.0,3.0,2.0,2.0,2.0,3.0,,,,,,,
468988,,UTC,2014-09-07T00:00:00+00:00,1410048000,1410048000.0,1410051600.0,,Estádio dos Amaros,"Itápolis, São Paulo",Match Finished,FT,90.0,72,Serie B,Brazil,https://media.api-sports.io/football/leagues/72.png,https://media.api-sports.io/flags/br.svg,2014,Regular Season - 20,143,Oeste,https://media.api-sports.io/football/teams/143.png,True,129,Ceara,https://media.api-sports.io/football/teams/129.png,False,3.0,1.0,1.0,1.0,3.0,1.0,,,,,,,
468989,,UTC,2014-09-07T00:00:00+00:00,1410048000,1410048000.0,1410051600.0,250.0,Estádio Municipal Passo Das Emas,"Lucas do Rio Verde, Mato Grosso",Match Finished,FT,90.0,72,Serie B,Brazil,https://media.api-sports.io/football/leagues/72.png,https://media.api-sports.io/flags/br.svg,2014,Regular Season - 20,752,Luverdense,https://media.api-sports.io/football/teams/752.png,True,142,Vila Nova,https://media.api-sports.io/football/teams/142.png,False,2.0,0.0,1.0,0.0,2.0,0.0,,,,,,,
468990,,UTC,2014-09-09T00:00:00+00:00,1410220800,1410220800.0,1410224400.0,247.0,Arena Joinville,"Joinville, Santa Catarina",Match Finished,FT,90.0,72,Serie B,Brazil,https://media.api-sports.io/football/leagues/72.png,https://media.api-sports.io/flags/br.svg,2014,Regular Season - 21,795,Joinville,https://media.api-sports.io/football/teams/795.png,True,122,Parana,https://media.api-sports.io/football/teams/122.png,False,3.0,0.0,0.0,0.0,3.0,0.0,,,,,,,
468991,,UTC,2014-09-09T20:00:00+00:00,1410292800,1410292800.0,1410296400.0,261.0,Estádio Moisés Lucarelli,"Campinas, São Paulo",Match Finished,FT,90.0,72,Serie B,Brazil,https://media.api-sports.io/football/leagues/72.png,https://media.api-sports.io/flags/br.svg,2014,Regular Season - 21,139,Ponte Preta,https://media.api-sports.io/football/teams/139.png,False,144,Atletico Goianiense,https://media.api-sports.io/football/teams/144.png,True,3.0,4.0,2.0,1.0,3.0,4.0,,,,,,,
468992,,UTC,2014-09-09T20:00:00+00:00,1410292800,1410292800.0,1410296400.0,246.0,Estádio Municipal Prefeito Dilzon Luiz de Melo,"Varginha, Minas Gerais",Match Finished,FT,90.0,72,Serie B,Brazil,https://media.api-sports.io/football/leagues/72.png,https://media.api-sports.io/flags/br.svg,2014,Regular Season - 21,153,BOA,https://media.api-sports.io/football/teams/153.png,,754,ABC,https://media.api-sports.io/football/teams/754.png,,0.0,0.0,0.0,0.0,0.0,0.0,,,,,,,
468993,,UTC,2014-09-09T22:30:00+00:00,1410301800,1410301800.0,1410305400.0,220.0,Estádio Nabi Abi Chedid,"Bragança Paulista, São Paulo",Match Finished,FT,90.0,72,Serie B,Brazil,https://media.api-sports.io/football/leagues/72.png,https://media.api-sports.io/flags/br.svg,2014,Regular Season - 21,794,Bragantino,https://media.api-sports.io/football/teams/794.png,False,145,Avai,https://media.api-sports.io/football/teams/145.png,True,1.0,4.0,0.0,3.0,1.0,4.0,,,,,,,
468994,,UTC,2014-09-09T22:30:00+00:00,1410301800,1410301800.0,1410305400.0,279.0,Estádio Club de Regatas Vasco da Gama,"Rio de Janeiro, Rio de Janeiro",Match Finished,FT,90.0,72,Serie B,Brazil,https://media.api-sports.io/football/leagues/72.png,https://media.api-sports.io/flags/br.svg,2014,Regular Season - 21,133,Vasco DA Gama,https://media.api-sports.io/football/teams/133.png,True,752,Luverdense,https://media.api-sports.io/football/teams/752.png,False,2.0,0.0,1.0,0.0,2.0,0.0,,,,,,,
468995,,UTC,2014-09-09T22:30:00+00:00,1410301800,1410301800.0,1410305400.0,7803.0,Estádio Jóse do Rego Maciel,"Recife, Pernambuco",Match Finished,FT,90.0,72,Serie B,Brazil,https://media.api-sports.io/football/leagues/72.png,https://media.api-sports.io/flags/br.svg,2014,Regular Season - 21,753,Santa Cruz,https://media.api-sports.io/football/teams/753.png,True,1214,Portuguesa,https://media.api-sports.io/football/teams/1214.png,False,1.0,0.0,0.0,0.0,1.0,0.0,,,,,,,
468996,,UTC,2014-09-09T22:30:00+00:00,1410301800,1410301800.0,1410305400.0,,Estádio Governador João Castelo Ribeiro Gonçalves,"São Luís, Maranhão",Match Finished,FT,90.0,72,Serie B,Brazil,https://media.api-sports.io/football/leagues/72.png,https://media.api-sports.io/flags/br.svg,2014,Regular Season - 21,155,Sampaio Correa,https://media.api-sports.io/football/teams/155.png,True,7874,Icasa,https://media.api-sports.io/football/teams/7874.png,False,3.0,2.0,1.0,2.0,3.0,2.0,,,,,,,
468997,,UTC,2014-09-09T22:30:00+00:00,1410301800,1410301800.0,1410305400.0,225.0,Estádio Governador Plácido Aderaldo Castelo,"Fortaleza, Ceará",Match Finished,FT,90.0,72,Serie B,Brazil,https://media.api-sports.io/football/leagues/72.png,https://media.api-sports.io/flags/br.svg,2014,Regular Season - 21,129,Ceara,https://media.api-sports.io/football/teams/129.png,True,125,America Mineiro,https://media.api-sports.io/football/teams/125.png,False,5.0,2.0,3.0,2.0,5.0,2.0,,,,,,,
468998,,UTC,2014-09-09T22:30:00+00:00,1410301800,1410301800.0,1410305400.0,,Estádio do Governo do Estado de Goiás,"Goiânia, Goiás",Match Finished,FT,90.0,72,Serie B,Brazil,https://media.api-sports.io/football/leagues/72.png,https://media.api-sports.io/flags/br.svg,2014,Regular Season - 21,142,Vila Nova,https://media.api-sports.io/football/teams/142.png,False,755,Nautico Recife,https://media.api-sports.io/football/teams/755.png,True,0.0,1.0,0.0,1.0,0.0,1.0,,,,,,,
468999,,UTC,2014-09-09T22:30:00+00:00,1410301800,1410301800.0,1410305400.0,207.0,Arena das Dunas,"Natal, Rio Grande do Norte",Match Finished,FT,90.0,72,Serie B,Brazil,https://media.api-sports.io/football/leagues/72.png,https://media.api-sports.io/flags/br.svg,2014,Regular Season - 21,2233,America-RN,https://media.api-sports.io/football/teams/2233.png,False,143,Oeste,https://media.api-sports.io/football/teams/143.png,True,0.0,1.0,0.0,0.0,0.0,1.0,,,,,,,
469000,,UTC,2014-09-12T22:30:00+00:00,1410561000,1410561000.0,1410564600.0,,Estádio dos Amaros,"Itápolis, São Paulo",Match Finished,FT,90.0,72,Serie B,Brazil,https://media.api-sports.io/football/leagues/72.png,https://media.api-sports.io/flags/br.svg,2014,Regular Season - 22,143,Oeste,https://media.api-sports.io/football/teams/143.png,,155,Sampaio Correa,https://media.api-sports.io/football/teams/155.png,,0.0,0.0,0.0,0.0,0.0,0.0,,,,,,,
469001,,UTC,2014-09-12T22:30:00+00:00,1410561000,1410561000.0,1410564600.0,253.0,Itaipava Arena Pernambuco,"Recife, Pernambuco",Match Finished,FT,90.0,72,Serie B,Brazil,https://media.api-sports.io/football/leagues/72.png,https://media.api-sports.io/flags/br.svg,2014,Regular Season - 22,755,Nautico Recife,https://media.api-sports.io/football/teams/755.png,True,129,Ceara,https://media.api-sports.io/football/teams/129.png,False,2.0,1.0,2.0,0.0,2.0,1.0,,,,,,,
469002,,UTC,2014-09-12T22:30:00+00:00,1410561000,1410561000.0,1410564600.0,2942.0,Estádio Mauro Sampaio,"Juazeiro do Norte, Ceará",Match Finished,FT,90.0,72,Serie B,Brazil,https://media.api-sports.io/football/leagues/72.png,https://media.api-sports.io/flags/br.svg,2014,Regular Season - 22,7874,Icasa,https://media.api-sports.io/football/teams/7874.png,,795,Joinville,https://media.api-sports.io/football/teams/795.png,,1.0,1.0,1.0,0.0,1.0,1.0,,,,,,,
469003,,UTC,2014-09-13T00:50:00+00:00,1410569400,1410569400.0,1410573000.0,250.0,Estádio Municipal Passo Das Emas,"Lucas do Rio Verde, Mato Grosso",Match Finished,FT,90.0,72,Serie B,Brazil,https://media.api-sports.io/football/leagues/72.png,https://media.api-sports.io/flags/br.svg,2014,Regular Season - 22,752,Luverdense,https://media.api-sports.io/football/teams/752.png,False,139,Ponte Preta,https://media.api-sports.io/football/teams/139.png,True,0.0,1.0,0.0,1.0,0.0,1.0,,,,,,,
469004,,UTC,2014-09-13T19:10:00+00:00,1410635400,1410635400.0,1410639000.0,,Estádio Durival de Brito e Silva,"Curitiba, Paraná",Match Finished,FT,90.0,72,Serie B,Brazil,https://media.api-sports.io/football/leagues/72.png,https://media.api-sports.io/flags/br.svg,2014,Regular Season - 22,122,Parana,https://media.api-sports.io/football/teams/122.png,True,753,Santa Cruz,https://media.api-sports.io/football/teams/753.png,False,3.0,2.0,1.0,1.0,3.0,2.0,,,,,,,
469005,,UTC,2014-09-13T19:10:00+00:00,1410635400,1410635400.0,1410639000.0,,Estádio Nacional de Brasília,"Brasília, Distrito Federal",Match Finished,FT,90.0,72,Serie B,Brazil,https://media.api-sports.io/football/leagues/72.png,https://media.api-sports.io/flags/br.svg,2014,Regular Season - 22,144,Atletico Goianiense,https://media.api-sports.io/football/teams/144.png,,133,Vasco DA Gama,https://media.api-sports.io/football/teams/133.png,,1.0,1.0,0.0,1.0,1.0,1.0,,,,,,,
469006,,UTC,2014-09-13T19:10:00+00:00,1410635400,1410635400.0,1410639000.0,207.0,Arena das Dunas,"Natal, Rio Grande do Norte",Match Finished,FT,90.0,72,Serie B,Brazil,https://media.api-sports.io/football/leagues/72.png,https://media.api-sports.io/flags/br.svg,2014,Regular Season - 22,754,ABC,https://media.api-sports.io/football/teams/754.png,,2233,America-RN,https://media.api-sports.io/football/teams/2233.png,,0.0,0.0,0.0,0.0,0.0,0.0,,,,,,,
469007,,UTC,2014-09-13T19:10:00+00:00,1410635400,1410635400.0,1410639000.0,206.0,Estádio Raimundo Sampaio,"Belo Horizonte, Minas Gerais",Match Finished,FT,90.0,72,Serie B,Brazil,https://media.api-sports.io/football/leagues/72.png,https://media.api-sports.io/flags/br.svg,2014,Regular Season - 22,125,America Mineiro,https://media.api-sports.io/football/teams/125.png,False,153,BOA,https://media.api-sports.io/football/teams/153.png,True,0.0,2.0,0.0,1.0,0.0,2.0,,,,,,,
469008,,UTC,2014-09-14T00:00:00+00:00,1410652800,1410652800.0,1410656400.0,2936.0,Estádio Dr. Oswaldo Teixeira Duarte,"São Paulo, São Paulo",Match Finished,FT,90.0,72,Serie B,Brazil,https://media.api-sports.io/football/leagues/72.png,https://media.api-sports.io/flags/br.svg,2014,Regular Season - 22,1214,Portuguesa,https://media.api-sports.io/football/teams/1214.png,False,794,Bragantino,https://media.api-sports.io/football/teams/794.png,True,1.0,3.0,0.0,2.0,1.0,3.0,,,,,,,
469009,,UTC,2014-09-14T00:00:00+00:00,1410652800,1410652800.0,1410656400.0,214.0,Estádio Aderbal Ramos da Silva,"Florianópolis, Santa Catarina",Match Finished,FT,90.0,72,Serie B,Brazil,https://media.api-sports.io/football/leagues/72.png,https://media.api-sports.io/flags/br.svg,2014,Regular Season - 22,145,Avai,https://media.api-sports.io/football/teams/145.png,True,142,Vila Nova,https://media.api-sports.io/football/teams/142.png,False,2.0,1.0,0.0,0.0,2.0,1.0,,,,,,,
469010,,UTC,2014-09-16T22:30:00+00:00,1410906600,1410906600.0,1410910200.0,2936.0,Estádio Dr. Oswaldo Teixeira Duarte,"São Paulo, São Paulo",Match Finished,FT,90.0,72,Serie B,Brazil,https://media.api-sports.io/football/leagues/72.png,https://media.api-sports.io/flags/br.svg,2014,Regular Season - 23,1214,Portuguesa,https://media.api-sports.io/football/teams/1214.png,,153,BOA,https://media.api-sports.io/football/teams/153.png,,1.0,1.0,0.0,0.0,1.0,1.0,,,,,,,
469011,,UTC,2014-09-16T22:30:00+00:00,1410906600,1410906600.0,1410910200.0,,Estádio Durival de Brito e Silva,"Curitiba, Paraná",Match Finished,FT,90.0,72,Serie B,Brazil,https://media.api-sports.io/football/leagues/72.png,https://media.api-sports.io/flags/br.svg,2014,Regular Season - 23,122,Parana,https://media.api-sports.io/football/teams/122.png,,129,Ceara,https://media.api-sports.io/football/teams/129.png,,0.0,0.0,0.0,0.0,0.0,0.0,,,,,,,
469012,,UTC,2014-09-16T22:30:00+00:00,1410906600,1410906600.0,1410910200.0,253.0,Itaipava Arena Pernambuco,"Recife, Pernambuco",Match Finished,FT,90.0,72,Serie B,Brazil,https://media.api-sports.io/football/leagues/72.png,https://media.api-sports.io/flags/br.svg,2014,Regular Season - 23,755,Nautico Recife,https://media.api-sports.io/football/teams/755.png,False,795,Joinville,https://media.api-sports.io/football/teams/795.png,True,1.0,2.0,1.0,2.0,1.0,2.0,,,,,,,
469013,,UTC,2014-09-16T22:30:00+00:00,1410906600,1410906600.0,1410910200.0,214.0,Estádio Aderbal Ramos da Silva,"Florianópolis, Santa Catarina",Match Finished,FT,90.0,72,Serie B,Brazil,https://media.api-sports.io/football/leagues/72.png,https://media.api-sports.io/flags/br.svg,2014,Regular Season - 23,145,Avai,https://media.api-sports.io/football/teams/145.png,True,155,Sampaio Correa,https://media.api-sports.io/football/teams/155.png,False,3.0,2.0,1.0,1.0,3.0,2.0,,,,,,,
469014,,UTC,2014-09-16T22:30:00+00:00,1410906600,1410906600.0,1410910200.0,,Estádio do Governo do Estado de Goiás,"Goiânia, Goiás",Match Finished,FT,90.0,72,Serie B,Brazil,https://media.api-sports.io/football/leagues/72.png,https://media.api-sports.io/flags/br.svg,2014,Regular Season - 23,144,Atletico Goianiense,https://media.api-sports.io/football/teams/144.png,True,2233,America-RN,https://media.api-sports.io/football/teams/2233.png,False,2.0,0.0,1.0,0.0,2.0,0.0,,,,,,,
469015,,UTC,2014-09-16T22:30:00+00:00,1410906600,1410906600.0,1410910200.0,206.0,Estádio Raimundo Sampaio,"Belo Horizonte, Minas Gerais",Match Finished,FT,90.0,72,Serie B,Brazil,https://media.api-sports.io/football/leagues/72.png,https://media.api-sports.io/flags/br.svg,2014,Regular Season - 23,125,America Mineiro,https://media.api-sports.io/football/teams/125.png,False,794,Bragantino,https://media.api-sports.io/football/teams/794.png,True,0.0,2.0,0.0,1.0,0.0,2.0,,,,,,,
469016,,UTC,2014-09-17T00:50:00+00:00,1410915000,1410915000.0,1410918600.0,,Arena Amazônia,"Manaus, Amazonas",Match Finished,FT,90.0,72,Serie B,Brazil,https://media.api-sports.io/football/leagues/72.png,https://media.api-sports.io/flags/br.svg,2014,Regular Season - 23,143,Oeste,https://media.api-sports.io/football/teams/143.png,,133,Vasco DA Gama,https://media.api-sports.io/football/teams/133.png,,1.0,1.0,1.0,0.0,1.0,1.0,,,,,,,
469017,,UTC,2014-09-17T00:50:00+00:00,1410915000,1410915000.0,1410918600.0,250.0,Estádio Municipal Passo Das Emas,"Lucas do Rio Verde, Mato Grosso",Match Finished,FT,90.0,72,Serie B,Brazil,https://media.api-sports.io/football/leagues/72.png,https://media.api-sports.io/flags/br.svg,2014,Regular Season - 23,752,Luverdense,https://media.api-sports.io/football/teams/752.png,True,753,Santa Cruz,https://media.api-sports.io/football/teams/753.png,False,2.0,1.0,0.0,1.0,2.0,1.0,,,,,,,
469018,,UTC,2014-09-17T00:50:00+00:00,1410915000,1410915000.0,1410918600.0,2942.0,Estádio Mauro Sampaio,"Juazeiro do Norte, Ceará",Match Finished,FT,90.0,72,Serie B,Brazil,https://media.api-sports.io/football/leagues/72.png,https://media.api-sports.io/flags/br.svg,2014,Regular Season - 23,7874,Icasa,https://media.api-sports.io/football/teams/7874.png,False,142,Vila Nova,https://media.api-sports.io/football/teams/142.png,True,0.0,1.0,0.0,0.0,0.0,1.0,,,,,,,
469019,,UTC,2014-09-17T00:50:00+00:00,1410915000,1410915000.0,1410918600.0,207.0,Arena das Dunas,"Natal, Rio Grande do Norte",Match Finished,FT,90.0,72,Serie B,Brazil,https://media.api-sports.io/football/leagues/72.png,https://media.api-sports.io/flags/br.svg,2014,Regular Season - 23,754,ABC,https://media.api-sports.io/football/teams/754.png,False,139,Ponte Preta,https://media.api-sports.io/football/teams/139.png,True,0.0,2.0,0.0,1.0,0.0,2.0,,,,,,,
469020,,UTC,2014-09-19T22:30:00+00:00,1411165800,1411165800.0,1411169400.0,207.0,Arena das Dunas,"Natal, Rio Grande do Norte",Match Finished,FT,90.0,72,Serie B,Brazil,https://media.api-sports.io/football/leagues/72.png,https://media.api-sports.io/flags/br.svg,2014,Regular Season - 24,2233,America-RN,https://media.api-sports.io/football/teams/2233.png,,1214,Portuguesa,https://media.api-sports.io/football/teams/1214.png,,1.0,1.0,0.0,0.0,1.0,1.0,,,,,,,
469021,,UTC,2014-09-20T00:50:00+00:00,1411174200,1411174200.0,1411177800.0,225.0,Estádio Governador Plácido Aderaldo Castelo,"Fortaleza, Ceará",Match Finished,FT,90.0,72,Serie B,Brazil,https://media.api-sports.io/football/leagues/72.png,https://media.api-sports.io/flags/br.svg,2014,Regular Season - 24,129,Ceara,https://media.api-sports.io/football/teams/129.png,,145,Avai,https://media.api-sports.io/football/teams/145.png,,2.0,2.0,1.0,2.0,2.0,2.0,,,,,,,
469022,,UTC,2014-09-20T19:10:00+00:00,1411240200,1411240200.0,1411243800.0,261.0,Estádio Moisés Lucarelli,"Campinas, São Paulo",Match Finished,FT,90.0,72,Serie B,Brazil,https://media.api-sports.io/football/leagues/72.png,https://media.api-sports.io/flags/br.svg,2014,Regular Season - 24,139,Ponte Preta,https://media.api-sports.io/football/teams/139.png,True,143,Oeste,https://media.api-sports.io/football/teams/143.png,False,5.0,1.0,4.0,1.0,5.0,1.0,,,,,,,
469023,,UTC,2014-09-20T19:10:00+00:00,1411240200,1411240200.0,1411243800.0,279.0,Estádio Club de Regatas Vasco da Gama,"Rio de Janeiro, Rio de Janeiro",Match Finished,FT,90.0,72,Serie B,Brazil,https://media.api-sports.io/football/leagues/72.png,https://media.api-sports.io/flags/br.svg,2014,Regular Season - 24,133,Vasco DA Gama,https://media.api-sports.io/football/teams/133.png,True,755,Nautico Recife,https://media.api-sports.io/football/teams/755.png,False,2.0,1.0,0.0,0.0,2.0,1.0,,,,,,,
469024,,UTC,2014-09-20T19:10:00+00:00,1411240200,1411240200.0,1411243800.0,7803.0,Estádio Jóse do Rego Maciel,"Recife, Pernambuco",Match Finished,FT,90.0,72,Serie B,Brazil,https://media.api-sports.io/football/leagues/72.png,https://media.api-sports.io/flags/br.svg,2014,Regular Season - 24,753,Santa Cruz,https://media.api-sports.io/football/teams/753.png,,7874,Icasa,https://media.api-sports.io/football/teams/7874.png,,1.0,1.0,1.0,1.0,1.0,1.0,,,,,,,
469025,,UTC,2014-09-20T19:10:00+00:00,1411240200,1411240200.0,1411243800.0,,Estádio Governador João Castelo Ribeiro Gonçalves,"São Luís, Maranhão",Match Finished,FT,90.0,72,Serie B,Brazil,https://media.api-sports.io/football/leagues/72.png,https://media.api-sports.io/flags/br.svg,2014,Regular Season - 24,155,Sampaio Correa,https://media.api-sports.io/football/teams/155.png,True,754,ABC,https://media.api-sports.io/football/teams/754.png,False,2.0,1.0,1.0,1.0,2.0,1.0,,,,,,,
469026,,UTC,2014-09-20T19:10:00+00:00,1411240200,1411240200.0,1411243800.0,247.0,Arena Joinville,"Joinville, Santa Catarina",Match Finished,FT,90.0,72,Serie B,Brazil,https://media.api-sports.io/football/leagues/72.png,https://media.api-sports.io/flags/br.svg,2014,Regular Season - 24,795,Joinville,https://media.api-sports.io/football/teams/795.png,True,144,Atletico Goianiense,https://media.api-sports.io/football/teams/144.png,False,2.0,0.0,1.0,0.0,2.0,0.0,,,,,,,
469027,,UTC,2014-09-20T19:10:00+00:00,1411240200,1411240200.0,1411243800.0,,Estádio do Governo do Estado de Goiás,"Goiânia, Goiás",Match Finished,FT,90.0,72,Serie B,Brazil,https://media.api-sports.io/football/leagues/72.png,https://media.api-sports.io/flags/br.svg,2014,Regular Season - 24,142,Vila Nova,https://media.api-sports.io/football/teams/142.png,False,125,America Mineiro,https://media.api-sports.io/football/teams/125.png,True,0.0,1.0,0.0,0.0,0.0,1.0,,,,,,,
469028,,UTC,2014-09-21T00:00:00+00:00,1411257600,1411257600.0,1411261200.0,220.0,Estádio Nabi Abi Chedid,"Bragança Paulista, São Paulo",Match Finished,FT,90.0,72,Serie B,Brazil,https://media.api-sports.io/football/leagues/72.png,https://media.api-sports.io/flags/br.svg,2014,Regular Season - 24,794,Bragantino,https://media.api-sports.io/football/teams/794.png,True,752,Luverdense,https://media.api-sports.io/football/teams/752.png,False,2.0,0.0,0.0,0.0,2.0,0.0,,,,,,,
469029,,UTC,2014-09-21T00:00:00+00:00,1411257600,1411257600.0,1411261200.0,246.0,Estádio Municipal Prefeito Dilzon Luiz de Melo,"Varginha, Minas Gerais",Match Finished,FT,90.0,72,Serie B,Brazil,https://media.api-sports.io/football/leagues/72.png,https://media.api-sports.io/flags/br.svg,2014,Regular Season - 24,153,BOA,https://media.api-sports.io/football/teams/153.png,True,122,Parana,https://media.api-sports.io/football/teams/122.png,False,1.0,0.0,1.0,0.0,1.0,0.0,,,,,,,
469030,,UTC,2014-09-23T22:30:00+00:00,1411511400,1411511400.0,1411515000.0,220.0,Estádio Nabi Abi Chedid,"Bragança Paulista, São Paulo",Match Finished,FT,90.0,72,Serie B,Brazil,https://media.api-sports.io/football/leagues/72.png,https://media.api-sports.io/flags/br.svg,2014,Regular Season - 25,794,Bragantino,https://media.api-sports.io/football/teams/794.png,True,7874,Icasa,https://media.api-sports.io/football/teams/7874.png,False,2.0,1.0,0.0,1.0,2.0,1.0,,,,,,,
469031,,UTC,2014-09-23T22:30:00+00:00,1411511400,1411511400.0,1411515000.0,,Estádio Durival de Brito e Silva,"Curitiba, Paraná",Match Finished,FT,90.0,72,Serie B,Brazil,https://media.api-sports.io/football/leagues/72.png,https://media.api-sports.io/flags/br.svg,2014,Regular Season - 25,122,Parana,https://media.api-sports.io/football/teams/122.png,,145,Avai,https://media.api-sports.io/football/teams/145.png,,1.0,1.0,0.0,0.0,1.0,1.0,,,,,,,
469032,,UTC,2014-09-23T22:30:00+00:00,1411511400,1411511400.0,1411515000.0,247.0,Arena Joinville,"Joinville, Santa Catarina",Match Finished,FT,90.0,72,Serie B,Brazil,https://media.api-sports.io/football/leagues/72.png,https://media.api-sports.io/flags/br.svg,2014,Regular Season - 25,795,Joinville,https://media.api-sports.io/football/teams/795.png,,125,America Mineiro,https://media.api-sports.io/football/teams/125.png,,1.0,1.0,0.0,1.0,1.0,1.0,,,,,,,
469033,,UTC,2014-09-23T22:30:00+00:00,1411511400,1411511400.0,1411515000.0,,Estádio do Governo do Estado de Goiás,"Goiânia, Goiás",Match Finished,FT,90.0,72,Serie B,Brazil,https://media.api-sports.io/football/leagues/72.png,https://media.api-sports.io/flags/br.svg,2014,Regular Season - 25,142,Vila Nova,https://media.api-sports.io/football/teams/142.png,False,139,Ponte Preta,https://media.api-sports.io/football/teams/139.png,True,0.0,3.0,0.0,1.0,0.0,3.0,,,,,,,
469034,,UTC,2014-09-23T22:30:00+00:00,1411511400,1411511400.0,1411515000.0,205.0,Estádio Maria Lamas Farache,"Natal, Rio Grande do Norte",Match Finished,FT,90.0,72,Serie B,Brazil,https://media.api-sports.io/football/leagues/72.png,https://media.api-sports.io/flags/br.svg,2014,Regular Season - 25,754,ABC,https://media.api-sports.io/football/teams/754.png,True,144,Atletico Goianiense,https://media.api-sports.io/football/teams/144.png,False,2.0,0.0,1.0,0.0,2.0,0.0,,,,,,,
469035,,UTC,2014-09-23T22:30:00+00:00,1411511400,1411511400.0,1411515000.0,246.0,Estádio Municipal Prefeito Dilzon Luiz de Melo,"Varginha, Minas Gerais",Match Finished,FT,90.0,72,Serie B,Brazil,https://media.api-sports.io/football/leagues/72.png,https://media.api-sports.io/flags/br.svg,2014,Regular Season - 25,153,BOA,https://media.api-sports.io/football/teams/153.png,True,752,Luverdense,https://media.api-sports.io/football/teams/752.png,False,2.0,1.0,1.0,1.0,2.0,1.0,,,,,,,
469036,,UTC,2014-09-24T00:50:00+00:00,1411519800,1411519800.0,1411523400.0,2936.0,Estádio Dr. Oswaldo Teixeira Duarte,"São Paulo, São Paulo",Match Finished,FT,90.0,72,Serie B,Brazil,https://media.api-sports.io/football/leagues/72.png,https://media.api-sports.io/flags/br.svg,2014,Regular Season - 25,1214,Portuguesa,https://media.api-sports.io/football/teams/1214.png,,755,Nautico Recife,https://media.api-sports.io/football/teams/755.png,,0.0,0.0,0.0,0.0,0.0,0.0,,,,,,,
469037,,UTC,2014-09-24T00:50:00+00:00,1411519800,1411519800.0,1411523400.0,7803.0,Estádio Jóse do Rego Maciel,"Recife, Pernambuco",Match Finished,FT,90.0,72,Serie B,Brazil,https://media.api-sports.io/football/leagues/72.png,https://media.api-sports.io/flags/br.svg,2014,Regular Season - 25,753,Santa Cruz,https://media.api-sports.io/football/teams/753.png,True,143,Oeste,https://media.api-sports.io/football/teams/143.png,False,3.0,0.0,1.0,0.0,3.0,0.0,,,,,,,
469038,,UTC,2014-09-24T00:50:00+00:00,1411519800,1411519800.0,1411523400.0,,Estádio Governador João Castelo Ribeiro Gonçalves,"São Luís, Maranhão",Match Finished,FT,90.0,72,Serie B,Brazil,https://media.api-sports.io/football/leagues/72.png,https://media.api-sports.io/flags/br.svg,2014,Regular Season - 25,155,Sampaio Correa,https://media.api-sports.io/football/teams/155.png,,133,Vasco DA Gama,https://media.api-sports.io/football/teams/133.png,,2.0,2.0,1.0,1.0,2.0,2.0,,,,,,,
469039,,UTC,2014-09-24T00:50:00+00:00,1411519800,1411519800.0,1411523400.0,225.0,Estádio Governador Plácido Aderaldo Castelo,"Fortaleza, Ceará",Match Finished,FT,90.0,72,Serie B,Brazil,https://media.api-sports.io/football/leagues/72.png,https://media.api-sports.io/flags/br.svg,2014,Regular Season - 25,129,Ceara,https://media.api-sports.io/football/teams/129.png,True,2233,America-RN,https://media.api-sports.io/football/teams/2233.png,False,2.0,0.0,1.0,0.0,2.0,0.0,,,,,,,
469040,,UTC,2014-09-26T22:30:00+00:00,1411770600,1411770600.0,1411774200.0,253.0,Itaipava Arena Pernambuco,"Recife, Pernambuco",Match Finished,FT,90.0,72,Serie B,Brazil,https://media.api-sports.io/football/leagues/72.png,https://media.api-sports.io/flags/br.svg,2014,Regular Season - 26,755,Nautico Recife,https://media.api-sports.io/football/teams/755.png,True,122,Parana,https://media.api-sports.io/football/teams/122.png,False,3.0,1.0,2.0,0.0,3.0,1.0,,,,,,,
469041,,UTC,2014-09-26T22:30:00+00:00,1411770600,1411770600.0,1411774200.0,250.0,Estádio Municipal Passo Das Emas,"Lucas do Rio Verde, Mato Grosso",Match Finished,FT,90.0,72,Serie B,Brazil,https://media.api-sports.io/football/leagues/72.png,https://media.api-sports.io/flags/br.svg,2014,Regular Season - 26,752,Luverdense,https://media.api-sports.io/football/teams/752.png,False,155,Sampaio Correa,https://media.api-sports.io/football/teams/155.png,True,0.0,1.0,0.0,0.0,0.0,1.0,,,,,,,
469042,,UTC,2014-09-26T22:30:00+00:00,1411770600,1411770600.0,1411774200.0,207.0,Arena das Dunas,"Natal, Rio Grande do Norte",Match Finished,FT,90.0,72,Serie B,Brazil,https://media.api-sports.io/football/leagues/72.png,https://media.api-sports.io/flags/br.svg,2014,Regular Season - 26,2233,America-RN,https://media.api-sports.io/football/teams/2233.png,False,142,Vila Nova,https://media.api-sports.io/football/teams/142.png,True,0.0,1.0,0.0,0.0,0.0,1.0,,,,,,,
469043,,UTC,2014-09-27T00:50:00+00:00,1411779000,1411779000.0,1411782600.0,279.0,Estádio Club de Regatas Vasco da Gama,"Rio de Janeiro, Rio de Janeiro",Match Finished,FT,90.0,72,Serie B,Brazil,https://media.api-sports.io/football/leagues/72.png,https://media.api-sports.io/flags/br.svg,2014,Regular Season - 26,133,Vasco DA Gama,https://media.api-sports.io/football/teams/133.png,True,795,Joinville,https://media.api-sports.io/football/teams/795.png,False,2.0,0.0,1.0,0.0,2.0,0.0,,,,,,,
469044,,UTC,2014-09-27T19:10:00+00:00,1411845000,1411845000.0,1411848600.0,,Estádio dos Amaros,"Itápolis, São Paulo",Match Finished,FT,90.0,72,Serie B,Brazil,https://media.api-sports.io/football/leagues/72.png,https://media.api-sports.io/flags/br.svg,2014,Regular Season - 26,143,Oeste,https://media.api-sports.io/football/teams/143.png,True,794,Bragantino,https://media.api-sports.io/football/teams/794.png,False,4.0,1.0,1.0,1.0,4.0,1.0,,,,,,,
469045,,UTC,2014-09-27T19:10:00+00:00,1411845000,1411845000.0,1411848600.0,261.0,Estádio Moisés Lucarelli,"Campinas, São Paulo",Match Finished,FT,90.0,72,Serie B,Brazil,https://media.api-sports.io/football/leagues/72.png,https://media.api-sports.io/flags/br.svg,2014,Regular Season - 26,139,Ponte Preta,https://media.api-sports.io/football/teams/139.png,True,129,Ceara,https://media.api-sports.io/football/teams/129.png,False,3.0,1.0,2.0,0.0,3.0,1.0,,,,,,,
469046,,UTC,2014-09-27T19:10:00+00:00,1411845000,1411845000.0,1411848600.0,214.0,Estádio Aderbal Ramos da Silva,"Florianópolis, Santa Catarina",Match Finished,FT,90.0,72,Serie B,Brazil,https://media.api-sports.io/football/leagues/72.png,https://media.api-sports.io/flags/br.svg,2014,Regular Season - 26,145,Avai,https://media.api-sports.io/football/teams/145.png,True,153,BOA,https://media.api-sports.io/football/teams/153.png,False,2.0,0.0,1.0,0.0,2.0,0.0,,,,,,,
469047,,UTC,2014-09-27T19:10:00+00:00,1411845000,1411845000.0,1411848600.0,206.0,Estádio Raimundo Sampaio,"Belo Horizonte, Minas Gerais",Match Finished,FT,90.0,72,Serie B,Brazil,https://media.api-sports.io/football/leagues/72.png,https://media.api-sports.io/flags/br.svg,2014,Regular Season - 26,125,America Mineiro,https://media.api-sports.io/football/teams/125.png,True,753,Santa Cruz,https://media.api-sports.io/football/teams/753.png,False,1.0,0.0,1.0,0.0,1.0,0.0,,,,,,,
469048,,UTC,2014-09-28T00:00:00+00:00,1411862400,1411862400.0,1411866000.0,2942.0,Estádio Mauro Sampaio,"Juazeiro do Norte, Ceará",Match Finished,FT,90.0,72,Serie B,Brazil,https://media.api-sports.io/football/leagues/72.png,https://media.api-sports.io/flags/br.svg,2014,Regular Season - 26,7874,Icasa,https://media.api-sports.io/football/teams/7874.png,True,754,ABC,https://media.api-sports.io/football/teams/754.png,False,1.0,0.0,1.0,0.0,1.0,0.0,,,,,,,
469049,,UTC,2014-09-28T00:00:00+00:00,1411862400,1411862400.0,1411866000.0,,Estádio do Governo do Estado de Goiás,"Goiânia, Goiás",Match Finished,FT,90.0,72,Serie B,Brazil,https://media.api-sports.io/football/leagues/72.png,https://media.api-sports.io/flags/br.svg,2014,Regular Season - 26,144,Atletico Goianiense,https://media.api-sports.io/football/teams/144.png,True,1214,Portuguesa,https://media.api-sports.io/football/teams/1214.png,False,2.0,1.0,1.0,1.0,2.0,1.0,,,,,,,
469050,,UTC,2014-09-30T22:30:00+00:00,1412116200,1412116200.0,1412119800.0,,Estádio Governador João Castelo Ribeiro Gonçalves,"São Luís, Maranhão",Match Finished,FT,90.0,72,Serie B,Brazil,https://media.api-sports.io/football/leagues/72.png,https://media.api-sports.io/flags/br.svg,2014,Regular Season - 27,155,Sampaio Correa,https://media.api-sports.io/football/teams/155.png,,1214,Portuguesa,https://media.api-sports.io/football/teams/1214.png,,0.0,0.0,0.0,0.0,0.0,0.0,,,,,,,
469051,,UTC,2014-09-30T22:30:00+00:00,1412116200,1412116200.0,1412119800.0,2942.0,Estádio Mauro Sampaio,"Juazeiro do Norte, Ceará",Match Finished,FT,90.0,72,Serie B,Brazil,https://media.api-sports.io/football/leagues/72.png,https://media.api-sports.io/flags/br.svg,2014,Regular Season - 27,7874,Icasa,https://media.api-sports.io/football/teams/7874.png,True,752,Luverdense,https://media.api-sports.io/football/teams/752.png,False,1.0,0.0,0.0,0.0,1.0,0.0,,,,,,,
469052,,UTC,2014-09-30T22:30:00+00:00,1412116200,1412116200.0,1412119800.0,,Estádio do Governo do Estado de Goiás,"Goiânia, Goiás",Match Finished,FT,90.0,72,Serie B,Brazil,https://media.api-sports.io/football/leagues/72.png,https://media.api-sports.io/flags/br.svg,2014,Regular Season - 27,142,Vila Nova,https://media.api-sports.io/football/teams/142.png,False,129,Ceara,https://media.api-sports.io/football/teams/129.png,True,1.0,5.0,0.0,1.0,1.0,5.0,,,,,,,
469053,,UTC,2014-09-30T23:30:00+00:00,1412119800,1412119800.0,1412123400.0,261.0,Estádio Moisés Lucarelli,"Campinas, São Paulo",Match Finished,FT,90.0,72,Serie B,Brazil,https://media.api-sports.io/football/leagues/72.png,https://media.api-sports.io/flags/br.svg,2014,Regular Season - 27,139,Ponte Preta,https://media.api-sports.io/football/teams/139.png,,122,Parana,https://media.api-sports.io/football/teams/122.png,,2.0,2.0,0.0,2.0,2.0,2.0,,,,,,,
469054,,UTC,2014-10-03T22:30:00+00:00,1412375400,1412375400.0,1412379000.0,253.0,Itaipava Arena Pernambuco,"Recife, Pernambuco",Match Finished,FT,90.0,72,Serie B,Brazil,https://media.api-sports.io/football/leagues/72.png,https://media.api-sports.io/flags/br.svg,2014,Regular Season - 27,753,Santa Cruz,https://media.api-sports.io/football/teams/753.png,True,153,BOA,https://media.api-sports.io/football/teams/153.png,False,3.0,0.0,3.0,0.0,3.0,0.0,,,,,,,
469055,,UTC,2014-10-03T22:30:00+00:00,1412375400,1412375400.0,1412379000.0,206.0,Estádio Raimundo Sampaio,"Belo Horizonte, Minas Gerais",Match Finished,FT,90.0,72,Serie B,Brazil,https://media.api-sports.io/football/leagues/72.png,https://media.api-sports.io/flags/br.svg,2014,Regular Season - 27,125,America Mineiro,https://media.api-sports.io/football/teams/125.png,,144,Atletico Goianiense,https://media.api-sports.io/football/teams/144.png,,1.0,1.0,0.0,1.0,1.0,1.0,,,,,,,
469056,,UTC,2014-10-04T00:00:00+00:00,1412380800,1412380800.0,1412384400.0,279.0,Estádio Club de Regatas Vasco da Gama,"Rio de Janeiro, Rio de Janeiro",Match Finished,FT,90.0,72,Serie B,Brazil,https://media.api-sports.io/football/leagues/72.png,https://media.api-sports.io/flags/br.svg,2014,Regular Season - 27,133,Vasco DA Gama,https://media.api-sports.io/football/teams/133.png,,794,Bragantino,https://media.api-sports.io/football/teams/794.png,,2.0,2.0,0.0,1.0,2.0,2.0,,,,,,,
469057,,UTC,2014-10-04T19:20:00+00:00,1412450400,1412450400.0,1412454000.0,214.0,Estádio Aderbal Ramos da Silva,"Florianópolis, Santa Catarina",Match Finished,FT,90.0,72,Serie B,Brazil,https://media.api-sports.io/football/leagues/72.png,https://media.api-sports.io/flags/br.svg,2014,Regular Season - 27,145,Avai,https://media.api-sports.io/football/teams/145.png,False,755,Nautico Recife,https://media.api-sports.io/football/teams/755.png,True,0.0,2.0,0.0,1.0,0.0,2.0,,,,,,,
469058,,UTC,2014-10-05T00:00:00+00:00,1412467200,1412467200.0,1412470800.0,,Estádio dos Amaros,"Itápolis, São Paulo",Match Finished,FT,90.0,72,Serie B,Brazil,https://media.api-sports.io/football/leagues/72.png,https://media.api-sports.io/flags/br.svg,2014,Regular Season - 27,143,Oeste,https://media.api-sports.io/football/teams/143.png,True,754,ABC,https://media.api-sports.io/football/teams/754.png,False,1.0,0.0,0.0,0.0,1.0,0.0,,,,,,,
469059,,UTC,2014-10-05T00:00:00+00:00,1412467200,1412467200.0,1412470800.0,207.0,Arena das Dunas,"Natal, Rio Grande do Norte",Match Finished,FT,90.0,72,Serie B,Brazil,https://media.api-sports.io/football/leagues/72.png,https://media.api-sports.io/flags/br.svg,2014,Regular Season - 27,2233,America-RN,https://media.api-sports.io/football/teams/2233.png,True,795,Joinville,https://media.api-sports.io/football/teams/795.png,False,1.0,0.0,0.0,0.0,1.0,0.0,,,,,,,
469060,,UTC,2014-10-07T22:30:00+00:00,1412721000,1412721000.0,1412724600.0,220.0,Estádio Nabi Abi Chedid,"Bragança Paulista, São Paulo",Match Finished,FT,90.0,72,Serie B,Brazil,https://media.api-sports.io/football/leagues/72.png,https://media.api-sports.io/flags/br.svg,2014,Regular Season - 28,794,Bragantino,https://media.api-sports.io/football/teams/794.png,False,142,Vila Nova,https://media.api-sports.io/football/teams/142.png,True,1.0,2.0,0.0,1.0,1.0,2.0,,,,,,,
469061,,UTC,2014-10-07T22:30:00+00:00,1412721000,1412721000.0,1412724600.0,,Estádio Durival de Brito e Silva,"Curitiba, Paraná",Match Finished,FT,90.0,72,Serie B,Brazil,https://media.api-sports.io/football/leagues/72.png,https://media.api-sports.io/flags/br.svg,2014,Regular Season - 28,122,Parana,https://media.api-sports.io/football/teams/122.png,,143,Oeste,https://media.api-sports.io/football/teams/143.png,,0.0,0.0,0.0,0.0,0.0,0.0,,,,,,,
469062,,UTC,2014-10-07T22:30:00+00:00,1412721000,1412721000.0,1412724600.0,253.0,Itaipava Arena Pernambuco,"Recife, Pernambuco",Match Finished,FT,90.0,72,Serie B,Brazil,https://media.api-sports.io/football/leagues/72.png,https://media.api-sports.io/flags/br.svg,2014,Regular Season - 28,755,Nautico Recife,https://media.api-sports.io/football/teams/755.png,False,125,America Mineiro,https://media.api-sports.io/football/teams/125.png,True,1.0,4.0,0.0,2.0,1.0,4.0,,,,,,,
469063,,UTC,2014-10-07T22:30:00+00:00,1412721000,1412721000.0,1412724600.0,225.0,Estádio Governador Plácido Aderaldo Castelo,"Fortaleza, Ceará",Match Finished,FT,90.0,72,Serie B,Brazil,https://media.api-sports.io/football/leagues/72.png,https://media.api-sports.io/flags/br.svg,2014,Regular Season - 28,129,Ceara,https://media.api-sports.io/football/teams/129.png,,155,Sampaio Correa,https://media.api-sports.io/football/teams/155.png,,1.0,1.0,1.0,1.0,1.0,1.0,,,,,,,
469064,,UTC,2014-10-07T22:30:00+00:00,1412721000,1412721000.0,1412724600.0,,Estádio do Governo do Estado de Goiás,"Goiânia, Goiás",Match Finished,FT,90.0,72,Serie B,Brazil,https://media.api-sports.io/football/leagues/72.png,https://media.api-sports.io/flags/br.svg,2014,Regular Season - 28,144,Atletico Goianiense,https://media.api-sports.io/football/teams/144.png,,7874,Icasa,https://media.api-sports.io/football/teams/7874.png,,0.0,0.0,0.0,0.0,0.0,0.0,,,,,,,
469065,,UTC,2014-10-07T22:30:00+00:00,1412721000,1412721000.0,1412724600.0,246.0,Estádio Municipal Prefeito Dilzon Luiz de Melo,"Varginha, Minas Gerais",Match Finished,FT,90.0,72,Serie B,Brazil,https://media.api-sports.io/football/leagues/72.png,https://media.api-sports.io/flags/br.svg,2014,Regular Season - 28,153,BOA,https://media.api-sports.io/football/teams/153.png,False,139,Ponte Preta,https://media.api-sports.io/football/teams/139.png,True,0.0,1.0,0.0,0.0,0.0,1.0,,,,,,,
469066,,UTC,2014-10-08T00:50:00+00:00,1412729400,1412729400.0,1412733000.0,2936.0,Estádio Dr. Oswaldo Teixeira Duarte,"São Paulo, São Paulo",Match Finished,FT,90.0,72,Serie B,Brazil,https://media.api-sports.io/football/leagues/72.png,https://media.api-sports.io/flags/br.svg,2014,Regular Season - 28,1214,Portuguesa,https://media.api-sports.io/football/teams/1214.png,False,133,Vasco DA Gama,https://media.api-sports.io/football/teams/133.png,True,0.0,1.0,0.0,1.0,0.0,1.0,,,,,,,
469067,,UTC,2014-10-08T00:50:00+00:00,1412729400,1412729400.0,1412733000.0,250.0,Estádio Municipal Passo Das Emas,"Lucas do Rio Verde, Mato Grosso",Match Finished,FT,90.0,72,Serie B,Brazil,https://media.api-sports.io/football/leagues/72.png,https://media.api-sports.io/flags/br.svg,2014,Regular Season - 28,752,Luverdense,https://media.api-sports.io/football/teams/752.png,True,2233,America-RN,https://media.api-sports.io/football/teams/2233.png,False,2.0,1.0,1.0,0.0,2.0,1.0,,,,,,,
469068,,UTC,2014-10-08T00:50:00+00:00,1412729400,1412729400.0,1412733000.0,247.0,Arena Joinville,"Joinville, Santa Catarina",Match Finished,FT,90.0,72,Serie B,Brazil,https://media.api-sports.io/football/leagues/72.png,https://media.api-sports.io/flags/br.svg,2014,Regular Season - 28,795,Joinville,https://media.api-sports.io/football/teams/795.png,,753,Santa Cruz,https://media.api-sports.io/football/teams/753.png,,1.0,1.0,0.0,0.0,1.0,1.0,,,,,,,
469069,,UTC,2014-10-08T00:50:00+00:00,1412729400,1412729400.0,1412733000.0,205.0,Estádio Maria Lamas Farache,"Natal, Rio Grande do Norte",Match Finished,FT,90.0,72,Serie B,Brazil,https://media.api-sports.io/football/leagues/72.png,https://media.api-sports.io/flags/br.svg,2014,Regular Season - 28,754,ABC,https://media.api-sports.io/football/teams/754.png,True,145,Avai,https://media.api-sports.io/football/teams/145.png,False,2.0,1.0,1.0,1.0,2.0,1.0,,,,,,,
469070,,UTC,2014-10-10T22:30:00+00:00,1412980200,1412980200.0,1412983800.0,,Estádio dos Amaros,"Itápolis, São Paulo",Match Finished,FT,90.0,72,Serie B,Brazil,https://media.api-sports.io/football/leagues/72.png,https://media.api-sports.io/flags/br.svg,2014,Regular Season - 29,143,Oeste,https://media.api-sports.io/football/teams/143.png,False,144,Atletico Goianiense,https://media.api-sports.io/football/teams/144.png,True,1.0,2.0,0.0,1.0,1.0,2.0,,,,,,,
469071,,UTC,2014-10-10T22:30:00+00:00,1412980200,1412980200.0,1412983800.0,279.0,Estádio Club de Regatas Vasco da Gama,"Rio de Janeiro, Rio de Janeiro",Match Finished,FT,90.0,72,Serie B,Brazil,https://media.api-sports.io/football/leagues/72.png,https://media.api-sports.io/flags/br.svg,2014,Regular Season - 29,133,Vasco DA Gama,https://media.api-sports.io/football/teams/133.png,True,153,BOA,https://media.api-sports.io/football/teams/153.png,False,2.0,0.0,0.0,0.0,2.0,0.0,,,,,,,
469072,,UTC,2014-10-10T22:30:00+00:00,1412980200,1412980200.0,1412983800.0,225.0,Estádio Governador Plácido Aderaldo Castelo,"Fortaleza, Ceará",Match Finished,FT,90.0,72,Serie B,Brazil,https://media.api-sports.io/football/leagues/72.png,https://media.api-sports.io/flags/br.svg,2014,Regular Season - 29,129,Ceara,https://media.api-sports.io/football/teams/129.png,True,794,Bragantino,https://media.api-sports.io/football/teams/794.png,False,1.0,0.0,1.0,0.0,1.0,0.0,,,,,,,
469073,,UTC,2014-10-10T22:30:00+00:00,1412980200,1412980200.0,1412983800.0,,Estádio do Governo do Estado de Goiás,"Goiânia, Goiás",Match Finished,FT,90.0,72,Serie B,Brazil,https://media.api-sports.io/football/leagues/72.png,https://media.api-sports.io/flags/br.svg,2014,Regular Season - 29,142,Vila Nova,https://media.api-sports.io/football/teams/142.png,False,795,Joinville,https://media.api-sports.io/football/teams/795.png,True,0.0,1.0,0.0,0.0,0.0,1.0,,,,,,,
469074,,UTC,2014-10-11T19:10:00+00:00,1413054600,1413054600.0,1413058200.0,261.0,Estádio Moisés Lucarelli,"Campinas, São Paulo",Match Finished,FT,90.0,72,Serie B,Brazil,https://media.api-sports.io/football/leagues/72.png,https://media.api-sports.io/flags/br.svg,2014,Regular Season - 29,139,Ponte Preta,https://media.api-sports.io/football/teams/139.png,,753,Santa Cruz,https://media.api-sports.io/football/teams/753.png,,1.0,1.0,0.0,1.0,1.0,1.0,,,,,,,
469075,,UTC,2014-10-11T19:10:00+00:00,1413054600,1413054600.0,1413058200.0,253.0,Itaipava Arena Pernambuco,"Recife, Pernambuco",Match Finished,FT,90.0,72,Serie B,Brazil,https://media.api-sports.io/football/leagues/72.png,https://media.api-sports.io/flags/br.svg,2014,Regular Season - 29,755,Nautico Recife,https://media.api-sports.io/football/teams/755.png,True,754,ABC,https://media.api-sports.io/football/teams/754.png,False,2.0,1.0,1.0,0.0,2.0,1.0,,,,,,,
469076,,UTC,2014-10-11T19:10:00+00:00,1413054600,1413054600.0,1413058200.0,206.0,Estádio Raimundo Sampaio,"Belo Horizonte, Minas Gerais",Match Finished,FT,90.0,72,Serie B,Brazil,https://media.api-sports.io/football/leagues/72.png,https://media.api-sports.io/flags/br.svg,2014,Regular Season - 29,125,America Mineiro,https://media.api-sports.io/football/teams/125.png,True,1214,Portuguesa,https://media.api-sports.io/football/teams/1214.png,False,3.0,1.0,2.0,0.0,3.0,1.0,,,,,,,
469077,,UTC,2014-10-11T19:20:00+00:00,1413055200,1413055200.0,1413058800.0,207.0,Arena das Dunas,"Natal, Rio Grande do Norte",Match Finished,FT,90.0,72,Serie B,Brazil,https://media.api-sports.io/football/leagues/72.png,https://media.api-sports.io/flags/br.svg,2014,Regular Season - 29,2233,America-RN,https://media.api-sports.io/football/teams/2233.png,,155,Sampaio Correa,https://media.api-sports.io/football/teams/155.png,,2.0,2.0,1.0,0.0,2.0,2.0,,,,,,,
469078,,UTC,2014-10-12T00:00:00+00:00,1413072000,1413072000.0,1413075600.0,250.0,Estádio Municipal Passo Das Emas,"Lucas do Rio Verde, Mato Grosso",Match Finished,FT,90.0,72,Serie B,Brazil,https://media.api-sports.io/football/leagues/72.png,https://media.api-sports.io/flags/br.svg,2014,Regular Season - 29,752,Luverdense,https://media.api-sports.io/football/teams/752.png,False,122,Parana,https://media.api-sports.io/football/teams/122.png,True,0.0,2.0,0.0,1.0,0.0,2.0,,,,,,,
469079,,UTC,2014-10-12T00:00:00+00:00,1413072000,1413072000.0,1413075600.0,214.0,Estádio Aderbal Ramos da Silva,"Florianópolis, Santa Catarina",Match Finished,FT,90.0,72,Serie B,Brazil,https://media.api-sports.io/football/leagues/72.png,https://media.api-sports.io/flags/br.svg,2014,Regular Season - 29,145,Avai,https://media.api-sports.io/football/teams/145.png,True,7874,Icasa,https://media.api-sports.io/football/teams/7874.png,False,1.0,0.0,1.0,0.0,1.0,0.0,,,,,,,
469080,,UTC,2014-10-14T22:30:00+00:00,1413325800,1413325800.0,1413329400.0,246.0,Estádio Municipal Prefeito Dilzon Luiz de Melo,"Varginha, Minas Gerais",Match Finished,FT,90.0,72,Serie B,Brazil,https://media.api-sports.io/football/leagues/72.png,https://media.api-sports.io/flags/br.svg,2014,Regular Season - 30,153,BOA,https://media.api-sports.io/football/teams/153.png,True,142,Vila Nova,https://media.api-sports.io/football/teams/142.png,False,3.0,0.0,1.0,0.0,3.0,0.0,,,,,,,
469081,,UTC,2014-10-15T00:00:00+00:00,1413331200,1413331200.0,1413334800.0,,Estádio do Governo do Estado de Goiás,"Goiânia, Goiás",Match Finished,FT,90.0,72,Serie B,Brazil,https://media.api-sports.io/football/leagues/72.png,https://media.api-sports.io/flags/br.svg,2014,Regular Season - 30,144,Atletico Goianiense,https://media.api-sports.io/football/teams/144.png,True,145,Avai,https://media.api-sports.io/football/teams/145.png,False,2.0,0.0,0.0,0.0,2.0,0.0,,,,,,,
469082,,UTC,2014-10-17T22:30:00+00:00,1413585000,1413585000.0,1413588600.0,2936.0,Estádio Dr. Oswaldo Teixeira Duarte,"São Paulo, São Paulo",Match Finished,FT,90.0,72,Serie B,Brazil,https://media.api-sports.io/football/leagues/72.png,https://media.api-sports.io/flags/br.svg,2014,Regular Season - 30,1214,Portuguesa,https://media.api-sports.io/football/teams/1214.png,False,139,Ponte Preta,https://media.api-sports.io/football/teams/139.png,True,0.0,3.0,0.0,0.0,0.0,3.0,,,,,,,
469083,,UTC,2014-10-17T22:30:00+00:00,1413585000,1413585000.0,1413588600.0,2942.0,Estádio Mauro Sampaio,"Juazeiro do Norte, Ceará",Match Finished,FT,90.0,72,Serie B,Brazil,https://media.api-sports.io/football/leagues/72.png,https://media.api-sports.io/flags/br.svg,2014,Regular Season - 30,7874,Icasa,https://media.api-sports.io/football/teams/7874.png,,143,Oeste,https://media.api-sports.io/football/teams/143.png,,0.0,0.0,0.0,0.0,0.0,0.0,,,,,,,
469084,,UTC,2014-10-18T00:50:00+00:00,1413593400,1413593400.0,1413597000.0,,Estádio Durival de Brito e Silva,"Curitiba, Paraná",Match Finished,FT,90.0,72,Serie B,Brazil,https://media.api-sports.io/football/leagues/72.png,https://media.api-sports.io/flags/br.svg,2014,Regular Season - 30,122,Parana,https://media.api-sports.io/football/teams/122.png,,125,America Mineiro,https://media.api-sports.io/football/teams/125.png,,1.0,1.0,0.0,0.0,1.0,1.0,,,,,,,
469085,,UTC,2014-10-18T19:10:00+00:00,1413659400,1413659400.0,1413663000.0,7803.0,Estádio Jóse do Rego Maciel,"Recife, Pernambuco",Match Finished,FT,90.0,72,Serie B,Brazil,https://media.api-sports.io/football/leagues/72.png,https://media.api-sports.io/flags/br.svg,2014,Regular Season - 30,753,Santa Cruz,https://media.api-sports.io/football/teams/753.png,True,133,Vasco DA Gama,https://media.api-sports.io/football/teams/133.png,False,1.0,0.0,0.0,0.0,1.0,0.0,,,,,,,
469086,,UTC,2014-10-18T19:10:00+00:00,1413659400,1413659400.0,1413663000.0,,Estádio Governador João Castelo Ribeiro Gonçalves,"São Luís, Maranhão",Match Finished,FT,90.0,72,Serie B,Brazil,https://media.api-sports.io/football/leagues/72.png,https://media.api-sports.io/flags/br.svg,2014,Regular Season - 30,155,Sampaio Correa,https://media.api-sports.io/football/teams/155.png,,755,Nautico Recife,https://media.api-sports.io/football/teams/755.png,,1.0,1.0,1.0,0.0,1.0,1.0,,,,,,,
469087,,UTC,2014-10-18T19:10:00+00:00,1413659400,1413659400.0,1413663000.0,247.0,Arena Joinville,"Joinville, Santa Catarina",Match Finished,FT,90.0,72,Serie B,Brazil,https://media.api-sports.io/football/leagues/72.png,https://media.api-sports.io/flags/br.svg,2014,Regular Season - 30,795,Joinville,https://media.api-sports.io/football/teams/795.png,True,129,Ceara,https://media.api-sports.io/football/teams/129.png,False,3.0,0.0,2.0,0.0,3.0,0.0,,,,,,,
469088,,UTC,2014-10-18T19:20:00+00:00,1413660000,1413660000.0,1413663600.0,220.0,Estádio Nabi Abi Chedid,"Bragança Paulista, São Paulo",Match Finished,FT,90.0,72,Serie B,Brazil,https://media.api-sports.io/football/leagues/72.png,https://media.api-sports.io/flags/br.svg,2014,Regular Season - 30,794,Bragantino,https://media.api-sports.io/football/teams/794.png,True,2233,America-RN,https://media.api-sports.io/football/teams/2233.png,False,2.0,1.0,1.0,0.0,2.0,1.0,,,,,,,
469089,,UTC,2014-10-19T00:00:00+00:00,1413676800,1413676800.0,1413680400.0,205.0,Estádio Maria Lamas Farache,"Natal, Rio Grande do Norte",Match Finished,FT,90.0,72,Serie B,Brazil,https://media.api-sports.io/football/leagues/72.png,https://media.api-sports.io/flags/br.svg,2014,Regular Season - 30,754,ABC,https://media.api-sports.io/football/teams/754.png,False,752,Luverdense,https://media.api-sports.io/football/teams/752.png,True,0.0,1.0,0.0,1.0,0.0,1.0,,,,,,,
469090,,UTC,2014-10-21T21:30:00+00:00,1413927000,1413927000.0,1413930600.0,,Estádio dos Amaros,"Itápolis, São Paulo",Match Finished,FT,90.0,72,Serie B,Brazil,https://media.api-sports.io/football/leagues/72.png,https://media.api-sports.io/flags/br.svg,2014,Regular Season - 31,143,Oeste,https://media.api-sports.io/football/teams/143.png,False,125,America Mineiro,https://media.api-sports.io/football/teams/125.png,True,1.0,3.0,0.0,1.0,1.0,3.0,,,,,,,
469091,,UTC,2014-10-21T21:30:00+00:00,1413927000,1413927000.0,1413930600.0,261.0,Estádio Moisés Lucarelli,"Campinas, São Paulo",Match Finished,FT,90.0,72,Serie B,Brazil,https://media.api-sports.io/football/leagues/72.png,https://media.api-sports.io/flags/br.svg,2014,Regular Season - 31,139,Ponte Preta,https://media.api-sports.io/football/teams/139.png,True,145,Avai,https://media.api-sports.io/football/teams/145.png,False,3.0,1.0,1.0,1.0,3.0,1.0,,,,,,,
469092,,UTC,2014-10-21T21:30:00+00:00,1413927000,1413927000.0,1413930600.0,,Estádio Durival de Brito e Silva,"Curitiba, Paraná",Match Finished,FT,90.0,72,Serie B,Brazil,https://media.api-sports.io/football/leagues/72.png,https://media.api-sports.io/flags/br.svg,2014,Regular Season - 31,122,Parana,https://media.api-sports.io/football/teams/122.png,True,1214,Portuguesa,https://media.api-sports.io/football/teams/1214.png,False,1.0,0.0,0.0,0.0,1.0,0.0,,,,,,,
469093,,UTC,2014-10-21T21:30:00+00:00,1413927000,1413927000.0,1413930600.0,,Estádio Governador João Castelo Ribeiro Gonçalves,"São Luís, Maranhão",Match Finished,FT,90.0,72,Serie B,Brazil,https://media.api-sports.io/football/leagues/72.png,https://media.api-sports.io/flags/br.svg,2014,Regular Season - 31,155,Sampaio Correa,https://media.api-sports.io/football/teams/155.png,True,794,Bragantino,https://media.api-sports.io/football/teams/794.png,False,3.0,0.0,1.0,0.0,3.0,0.0,,,,,,,
469094,,UTC,2014-10-21T21:30:00+00:00,1413927000,1413927000.0,1413930600.0,2942.0,Estádio Mauro Sampaio,"Juazeiro do Norte, Ceará",Match Finished,FT,90.0,72,Serie B,Brazil,https://media.api-sports.io/football/leagues/72.png,https://media.api-sports.io/flags/br.svg,2014,Regular Season - 31,7874,Icasa,https://media.api-sports.io/football/teams/7874.png,True,129,Ceara,https://media.api-sports.io/football/teams/129.png,False,2.0,1.0,1.0,1.0,2.0,1.0,,,,,,,
469095,,UTC,2014-10-21T21:30:00+00:00,1413927000,1413927000.0,1413930600.0,207.0,Arena das Dunas,"Natal, Rio Grande do Norte",Match Finished,FT,90.0,72,Serie B,Brazil,https://media.api-sports.io/football/leagues/72.png,https://media.api-sports.io/flags/br.svg,2014,Regular Season - 31,2233,America-RN,https://media.api-sports.io/football/teams/2233.png,True,133,Vasco DA Gama,https://media.api-sports.io/football/teams/133.png,False,2.0,0.0,0.0,0.0,2.0,0.0,,,,,,,
469096,,UTC,2014-10-21T23:50:00+00:00,1413935400,1413935400.0,1413939000.0,247.0,Arena Joinville,"Joinville, Santa Catarina",Match Finished,FT,90.0,72,Serie B,Brazil,https://media.api-sports.io/football/leagues/72.png,https://media.api-sports.io/flags/br.svg,2014,Regular Season - 31,795,Joinville,https://media.api-sports.io/football/teams/795.png,True,754,ABC,https://media.api-sports.io/football/teams/754.png,False,3.0,0.0,1.0,0.0,3.0,0.0,,,,,,,
469097,,UTC,2014-10-21T23:50:00+00:00,1413935400,1413935400.0,1413939000.0,,Estádio do Governo do Estado de Goiás,"Goiânia, Goiás",Match Finished,FT,90.0,72,Serie B,Brazil,https://media.api-sports.io/football/leagues/72.png,https://media.api-sports.io/flags/br.svg,2014,Regular Season - 31,144,Atletico Goianiense,https://media.api-sports.io/football/teams/144.png,True,752,Luverdense,https://media.api-sports.io/football/teams/752.png,False,3.0,0.0,3.0,0.0,3.0,0.0,,,,,,,
469098,,UTC,2014-10-21T23:50:00+00:00,1413935400,1413935400.0,1413939000.0,246.0,Estádio Municipal Prefeito Dilzon Luiz de Melo,"Varginha, Minas Gerais",Match Finished,FT,90.0,72,Serie B,Brazil,https://media.api-sports.io/football/leagues/72.png,https://media.api-sports.io/flags/br.svg,2014,Regular Season - 31,153,BOA,https://media.api-sports.io/football/teams/153.png,True,755,Nautico Recife,https://media.api-sports.io/football/teams/755.png,False,1.0,0.0,1.0,0.0,1.0,0.0,,,,,,,
469099,,UTC,2014-10-28T21:30:00+00:00,1414531800,1414531800.0,1414535400.0,253.0,Itaipava Arena Pernambuco,"Recife, Pernambuco",Match Finished,FT,90.0,72,Serie B,Brazil,https://media.api-sports.io/football/leagues/72.png,https://media.api-sports.io/flags/br.svg,2014,Regular Season - 31,753,Santa Cruz,https://media.api-sports.io/football/teams/753.png,True,142,Vila Nova,https://media.api-sports.io/football/teams/142.png,False,5.0,1.0,3.0,0.0,5.0,1.0,,,,,,,
469100,,UTC,2014-10-24T21:30:00+00:00,1414186200,1414186200.0,1414189800.0,2936.0,Estádio Dr. Oswaldo Teixeira Duarte,"São Paulo, São Paulo",Match Finished,FT,90.0,72,Serie B,Brazil,https://media.api-sports.io/football/leagues/72.png,https://media.api-sports.io/flags/br.svg,2014,Regular Season - 32,1214,Portuguesa,https://media.api-sports.io/football/teams/1214.png,False,7874,Icasa,https://media.api-sports.io/football/teams/7874.png,True,1.0,2.0,1.0,2.0,1.0,2.0,,,,,,,
469101,,UTC,2014-10-24T21:30:00+00:00,1414186200,1414186200.0,1414189800.0,214.0,Estádio Aderbal Ramos da Silva,"Florianópolis, Santa Catarina",Match Finished,FT,90.0,72,Serie B,Brazil,https://media.api-sports.io/football/leagues/72.png,https://media.api-sports.io/flags/br.svg,2014,Regular Season - 32,145,Avai,https://media.api-sports.io/football/teams/145.png,False,795,Joinville,https://media.api-sports.io/football/teams/795.png,True,0.0,3.0,0.0,2.0,0.0,3.0,,,,,,,
469102,,UTC,2014-10-24T21:30:00+00:00,1414186200,1414186200.0,1414189800.0,206.0,Estádio Raimundo Sampaio,"Belo Horizonte, Minas Gerais",Match Finished,FT,90.0,72,Serie B,Brazil,https://media.api-sports.io/football/leagues/72.png,https://media.api-sports.io/flags/br.svg,2014,Regular Season - 32,125,America Mineiro,https://media.api-sports.io/football/teams/125.png,True,2233,America-RN,https://media.api-sports.io/football/teams/2233.png,False,2.0,1.0,0.0,1.0,2.0,1.0,,,,,,,
469103,,UTC,2014-10-24T23:50:00+00:00,1414194600,1414194600.0,1414198200.0,225.0,Estádio Governador Plácido Aderaldo Castelo,"Fortaleza, Ceará",Match Finished,FT,90.0,72,Serie B,Brazil,https://media.api-sports.io/football/leagues/72.png,https://media.api-sports.io/flags/br.svg,2014,Regular Season - 32,129,Ceara,https://media.api-sports.io/football/teams/129.png,False,753,Santa Cruz,https://media.api-sports.io/football/teams/753.png,True,0.0,2.0,0.0,1.0,0.0,2.0,,,,,,,
469104,,UTC,2014-10-24T23:50:00+00:00,1414194600,1414194600.0,1414198200.0,205.0,Estádio Maria Lamas Farache,"Natal, Rio Grande do Norte",Match Finished,FT,90.0,72,Serie B,Brazil,https://media.api-sports.io/football/leagues/72.png,https://media.api-sports.io/flags/br.svg,2014,Regular Season - 32,754,ABC,https://media.api-sports.io/football/teams/754.png,True,122,Parana,https://media.api-sports.io/football/teams/122.png,False,2.0,1.0,0.0,0.0,2.0,1.0,,,,,,,
469105,,UTC,2014-10-25T18:20:00+00:00,1414261200,1414261200.0,1414264800.0,220.0,Estádio Nabi Abi Chedid,"Bragança Paulista, São Paulo",Match Finished,FT,90.0,72,Serie B,Brazil,https://media.api-sports.io/football/leagues/72.png,https://media.api-sports.io/flags/br.svg,2014,Regular Season - 32,794,Bragantino,https://media.api-sports.io/football/teams/794.png,True,153,BOA,https://media.api-sports.io/football/teams/153.png,False,4.0,2.0,1.0,1.0,4.0,2.0,,,,,,,
469106,,UTC,2014-10-25T18:20:00+00:00,1414261200,1414261200.0,1414264800.0,279.0,Estádio Club de Regatas Vasco da Gama,"Rio de Janeiro, Rio de Janeiro",Match Finished,FT,90.0,72,Serie B,Brazil,https://media.api-sports.io/football/leagues/72.png,https://media.api-sports.io/flags/br.svg,2014,Regular Season - 32,133,Vasco DA Gama,https://media.api-sports.io/football/teams/133.png,,139,Ponte Preta,https://media.api-sports.io/football/teams/139.png,,1.0,1.0,0.0,0.0,1.0,1.0,,,,,,,
469107,,UTC,2014-10-25T19:20:00+00:00,1414264800,1414264800.0,1414268400.0,253.0,Itaipava Arena Pernambuco,"Recife, Pernambuco",Match Finished,FT,90.0,72,Serie B,Brazil,https://media.api-sports.io/football/leagues/72.png,https://media.api-sports.io/flags/br.svg,2014,Regular Season - 32,755,Nautico Recife,https://media.api-sports.io/football/teams/755.png,False,144,Atletico Goianiense,https://media.api-sports.io/football/teams/144.png,True,1.0,2.0,0.0,1.0,1.0,2.0,,,,,,,
469108,,UTC,2014-10-25T23:00:00+00:00,1414278000,1414278000.0,1414281600.0,250.0,Estádio Municipal Passo Das Emas,"Lucas do Rio Verde, Mato Grosso",Match Finished,FT,90.0,72,Serie B,Brazil,https://media.api-sports.io/football/leagues/72.png,https://media.api-sports.io/flags/br.svg,2014,Regular Season - 32,752,Luverdense,https://media.api-sports.io/football/teams/752.png,True,143,Oeste,https://media.api-sports.io/football/teams/143.png,False,1.0,0.0,0.0,0.0,1.0,0.0,,,,,,,
469109,,UTC,2014-10-25T23:00:00+00:00,1414278000,1414278000.0,1414281600.0,,Estádio do Governo do Estado de Goiás,"Goiânia, Goiás",Match Finished,FT,90.0,72,Serie B,Brazil,https://media.api-sports.io/football/leagues/72.png,https://media.api-sports.io/flags/br.svg,2014,Regular Season - 32,142,Vila Nova,https://media.api-sports.io/football/teams/142.png,True,155,Sampaio Correa,https://media.api-sports.io/football/teams/155.png,False,4.0,1.0,2.0,0.0,4.0,1.0,,,,,,,
469110,,UTC,2014-10-28T21:30:00+00:00,1414531800,1414531800.0,1414535400.0,,Estádio dos Amaros,"Itápolis, São Paulo",Match Finished,FT,90.0,72,Serie B,Brazil,https://media.api-sports.io/football/leagues/72.png,https://media.api-sports.io/flags/br.svg,2014,Regular Season - 33,143,Oeste,https://media.api-sports.io/football/teams/143.png,True,1214,Portuguesa,https://media.api-sports.io/football/teams/1214.png,False,3.0,0.0,1.0,0.0,3.0,0.0,,,,,,,
469111,,UTC,2014-10-28T23:50:00+00:00,1414540200,1414540200.0,1414543800.0,250.0,Estádio Municipal Passo Das Emas,"Lucas do Rio Verde, Mato Grosso",Match Finished,FT,90.0,72,Serie B,Brazil,https://media.api-sports.io/football/leagues/72.png,https://media.api-sports.io/flags/br.svg,2014,Regular Season - 33,752,Luverdense,https://media.api-sports.io/football/teams/752.png,True,145,Avai,https://media.api-sports.io/football/teams/145.png,False,3.0,1.0,3.0,1.0,3.0,1.0,,,,,,,
469112,,UTC,2014-10-28T23:50:00+00:00,1414540200,1414540200.0,1414543800.0,247.0,Arena Joinville,"Joinville, Santa Catarina",Match Finished,FT,90.0,72,Serie B,Brazil,https://media.api-sports.io/football/leagues/72.png,https://media.api-sports.io/flags/br.svg,2014,Regular Season - 33,795,Joinville,https://media.api-sports.io/football/teams/795.png,True,794,Bragantino,https://media.api-sports.io/football/teams/794.png,False,1.0,0.0,1.0,0.0,1.0,0.0,,,,,,,
469113,,UTC,2014-10-31T21:30:00+00:00,1414791000,1414791000.0,1414794600.0,,Estádio do Governo do Estado de Goiás,"Goiânia, Goiás",Match Finished,FT,90.0,72,Serie B,Brazil,https://media.api-sports.io/football/leagues/72.png,https://media.api-sports.io/flags/br.svg,2014,Regular Season - 33,144,Atletico Goianiense,https://media.api-sports.io/football/teams/144.png,True,142,Vila Nova,https://media.api-sports.io/football/teams/142.png,False,3.0,1.0,2.0,1.0,3.0,1.0,,,,,,,
469114,,UTC,2014-10-31T23:50:00+00:00,1414799400,1414799400.0,1414803000.0,,Estádio Durival de Brito e Silva,"Curitiba, Paraná",Match Finished,FT,90.0,72,Serie B,Brazil,https://media.api-sports.io/football/leagues/72.png,https://media.api-sports.io/flags/br.svg,2014,Regular Season - 33,122,Parana,https://media.api-sports.io/football/teams/122.png,,133,Vasco DA Gama,https://media.api-sports.io/football/teams/133.png,,1.0,1.0,0.0,0.0,1.0,1.0,,,,,,,
469115,,UTC,2014-11-01T18:20:00+00:00,1414866000,1414866000.0,1414869600.0,261.0,Estádio Moisés Lucarelli,"Campinas, São Paulo",Match Finished,FT,90.0,72,Serie B,Brazil,https://media.api-sports.io/football/leagues/72.png,https://media.api-sports.io/flags/br.svg,2014,Regular Season - 33,139,Ponte Preta,https://media.api-sports.io/football/teams/139.png,True,155,Sampaio Correa,https://media.api-sports.io/football/teams/155.png,False,1.0,0.0,1.0,0.0,1.0,0.0,,,,,,,
469116,,UTC,2014-11-01T19:20:00+00:00,1414869600,1414869600.0,1414873200.0,253.0,Itaipava Arena Pernambuco,"Recife, Pernambuco",Match Finished,FT,90.0,72,Serie B,Brazil,https://media.api-sports.io/football/leagues/72.png,https://media.api-sports.io/flags/br.svg,2014,Regular Season - 33,753,Santa Cruz,https://media.api-sports.io/football/teams/753.png,False,2233,America-RN,https://media.api-sports.io/football/teams/2233.png,True,0.0,1.0,0.0,0.0,0.0,1.0,,,,,,,
469117,,UTC,2014-11-01T19:20:00+00:00,1414869600,1414869600.0,1414873200.0,2942.0,Estádio Mauro Sampaio,"Juazeiro do Norte, Ceará",Match Finished,FT,90.0,72,Serie B,Brazil,https://media.api-sports.io/football/leagues/72.png,https://media.api-sports.io/flags/br.svg,2014,Regular Season - 33,7874,Icasa,https://media.api-sports.io/football/teams/7874.png,True,755,Nautico Recife,https://media.api-sports.io/football/teams/755.png,False,3.0,1.0,1.0,1.0,3.0,1.0,,,,,,,
469118,,UTC,2014-11-01T19:20:00+00:00,1414869600,1414869600.0,1414873200.0,205.0,Estádio Maria Lamas Farache,"Natal, Rio Grande do Norte",Match Finished,FT,90.0,72,Serie B,Brazil,https://media.api-sports.io/football/leagues/72.png,https://media.api-sports.io/flags/br.svg,2014,Regular Season - 33,754,ABC,https://media.api-sports.io/football/teams/754.png,True,125,America Mineiro,https://media.api-sports.io/football/teams/125.png,False,1.0,0.0,0.0,0.0,1.0,0.0,,,,,,,
469119,,UTC,2014-11-01T23:00:00+00:00,1414882800,1414882800.0,1414886400.0,246.0,Estádio Municipal Prefeito Dilzon Luiz de Melo,"Varginha, Minas Gerais",Match Finished,FT,90.0,72,Serie B,Brazil,https://media.api-sports.io/football/leagues/72.png,https://media.api-sports.io/flags/br.svg,2014,Regular Season - 33,153,BOA,https://media.api-sports.io/football/teams/153.png,True,129,Ceara,https://media.api-sports.io/football/teams/129.png,False,3.0,1.0,2.0,0.0,3.0,1.0,,,,,,,
469120,,UTC,2014-11-04T21:30:00+00:00,1415136600,1415136600.0,1415140200.0,214.0,Estádio Aderbal Ramos da Silva,"Florianópolis, Santa Catarina",Match Finished,FT,90.0,72,Serie B,Brazil,https://media.api-sports.io/football/leagues/72.png,https://media.api-sports.io/flags/br.svg,2014,Regular Season - 34,145,Avai,https://media.api-sports.io/football/teams/145.png,,143,Oeste,https://media.api-sports.io/football/teams/143.png,,0.0,0.0,0.0,0.0,0.0,0.0,,,,,,,
469121,,UTC,2014-11-04T23:50:00+00:00,1415145000,1415145000.0,1415148600.0,,Estádio Governador João Castelo Ribeiro Gonçalves,"São Luís, Maranhão",Match Finished,FT,90.0,72,Serie B,Brazil,https://media.api-sports.io/football/leagues/72.png,https://media.api-sports.io/flags/br.svg,2014,Regular Season - 34,155,Sampaio Correa,https://media.api-sports.io/football/teams/155.png,False,795,Joinville,https://media.api-sports.io/football/teams/795.png,True,1.0,2.0,0.0,2.0,1.0,2.0,,,,,,,
469122,,UTC,2014-11-07T21:30:00+00:00,1415395800,1415395800.0,1415399400.0,207.0,Arena das Dunas,"Natal, Rio Grande do Norte",Match Finished,FT,90.0,72,Serie B,Brazil,https://media.api-sports.io/football/leagues/72.png,https://media.api-sports.io/flags/br.svg,2014,Regular Season - 34,2233,America-RN,https://media.api-sports.io/football/teams/2233.png,False,153,BOA,https://media.api-sports.io/football/teams/153.png,True,1.0,3.0,1.0,1.0,1.0,3.0,,,,,,,
469123,,UTC,2014-11-07T23:00:00+00:00,1415401200,1415401200.0,1415404800.0,225.0,Estádio Governador Plácido Aderaldo Castelo,"Fortaleza, Ceará",Match Finished,FT,90.0,72,Serie B,Brazil,https://media.api-sports.io/football/leagues/72.png,https://media.api-sports.io/flags/br.svg,2014,Regular Season - 34,129,Ceara,https://media.api-sports.io/football/teams/129.png,,144,Atletico Goianiense,https://media.api-sports.io/football/teams/144.png,,0.0,0.0,0.0,0.0,0.0,0.0,,,,,,,
469124,,UTC,2014-11-08T18:20:00+00:00,1415470800,1415470800.0,1415474400.0,220.0,Estádio Nabi Abi Chedid,"Bragança Paulista, São Paulo",Match Finished,FT,90.0,72,Serie B,Brazil,https://media.api-sports.io/football/leagues/72.png,https://media.api-sports.io/flags/br.svg,2014,Regular Season - 34,794,Bragantino,https://media.api-sports.io/football/teams/794.png,False,139,Ponte Preta,https://media.api-sports.io/football/teams/139.png,True,0.0,2.0,0.0,0.0,0.0,2.0,,,,,,,
469125,,UTC,2014-11-08T18:20:00+00:00,1415470800,1415470800.0,1415474400.0,,Estadio Jornalista Mário Filho,"Rio de Janeiro, Rio de Janeiro",Match Finished,FT,90.0,72,Serie B,Brazil,https://media.api-sports.io/football/leagues/72.png,https://media.api-sports.io/flags/br.svg,2014,Regular Season - 34,133,Vasco DA Gama,https://media.api-sports.io/football/teams/133.png,True,754,ABC,https://media.api-sports.io/football/teams/754.png,False,1.0,0.0,1.0,0.0,1.0,0.0,,,,,,,
469126,,UTC,2014-11-08T19:20:00+00:00,1415474400,1415474400.0,1415478000.0,253.0,Itaipava Arena Pernambuco,"Recife, Pernambuco",Match Finished,FT,90.0,72,Serie B,Brazil,https://media.api-sports.io/football/leagues/72.png,https://media.api-sports.io/flags/br.svg,2014,Regular Season - 34,755,Nautico Recife,https://media.api-sports.io/football/teams/755.png,,753,Santa Cruz,https://media.api-sports.io/football/teams/753.png,,0.0,0.0,0.0,0.0,0.0,0.0,,,,,,,
469127,,UTC,2014-11-08T19:20:00+00:00,1415474400,1415474400.0,1415478000.0,206.0,Estádio Raimundo Sampaio,"Belo Horizonte, Minas Gerais",Match Finished,FT,90.0,72,Serie B,Brazil,https://media.api-sports.io/football/leagues/72.png,https://media.api-sports.io/flags/br.svg,2014,Regular Season - 34,125,America Mineiro,https://media.api-sports.io/football/teams/125.png,,7874,Icasa,https://media.api-sports.io/football/teams/7874.png,,1.0,1.0,1.0,0.0,1.0,1.0,,,,,,,
469128,,UTC,2014-11-08T23:00:00+00:00,1415487600,1415487600.0,1415491200.0,2936.0,Estádio Dr. Oswaldo Teixeira Duarte,"São Paulo, São Paulo",Match Finished,FT,90.0,72,Serie B,Brazil,https://media.api-sports.io/football/leagues/72.png,https://media.api-sports.io/flags/br.svg,2014,Regular Season - 34,1214,Portuguesa,https://media.api-sports.io/football/teams/1214.png,True,752,Luverdense,https://media.api-sports.io/football/teams/752.png,False,1.0,0.0,0.0,0.0,1.0,0.0,,,,,,,
469129,,UTC,2014-11-08T23:00:00+00:00,1415487600,1415487600.0,1415491200.0,,Estádio do Governo do Estado de Goiás,"Goiânia, Goiás",Match Finished,FT,90.0,72,Serie B,Brazil,https://media.api-sports.io/football/leagues/72.png,https://media.api-sports.io/flags/br.svg,2014,Regular Season - 34,142,Vila Nova,https://media.api-sports.io/football/teams/142.png,True,122,Parana,https://media.api-sports.io/football/teams/122.png,False,2.0,0.0,1.0,0.0,2.0,0.0,,,,,,,
469130,,UTC,2014-11-11T21:30:00+00:00,1415741400,1415741400.0,1415745000.0,2936.0,Estádio Dr. Oswaldo Teixeira Duarte,"São Paulo, São Paulo",Match Finished,FT,90.0,72,Serie B,Brazil,https://media.api-sports.io/football/leagues/72.png,https://media.api-sports.io/flags/br.svg,2014,Regular Season - 35,1214,Portuguesa,https://media.api-sports.io/football/teams/1214.png,,754,ABC,https://media.api-sports.io/football/teams/754.png,,0.0,0.0,0.0,0.0,0.0,0.0,,,,,,,
469131,,UTC,2014-11-11T23:00:00+00:00,1415746800,1415746800.0,1415750400.0,,Estádio Durival de Brito e Silva,"Curitiba, Paraná",Match Finished,FT,90.0,72,Serie B,Brazil,https://media.api-sports.io/football/leagues/72.png,https://media.api-sports.io/flags/br.svg,2014,Regular Season - 35,122,Parana,https://media.api-sports.io/football/teams/122.png,True,144,Atletico Goianiense,https://media.api-sports.io/football/teams/144.png,False,2.0,0.0,1.0,0.0,2.0,0.0,,,,,,,
469132,,UTC,2014-11-14T21:30:00+00:00,1416000600,1416000600.0,1416004200.0,,Estádio do Governo do Estado de Goiás,"Goiânia, Goiás",Match Finished,FT,90.0,72,Serie B,Brazil,https://media.api-sports.io/football/leagues/72.png,https://media.api-sports.io/flags/br.svg,2014,Regular Season - 35,142,Vila Nova,https://media.api-sports.io/football/teams/142.png,False,143,Oeste,https://media.api-sports.io/football/teams/143.png,True,0.0,1.0,0.0,0.0,0.0,1.0,,,,,,,
469133,,UTC,2014-11-14T23:50:00+00:00,1416009000,1416009000.0,1416012600.0,206.0,Estádio Raimundo Sampaio,"Belo Horizonte, Minas Gerais",Match Finished,FT,90.0,72,Serie B,Brazil,https://media.api-sports.io/football/leagues/72.png,https://media.api-sports.io/flags/br.svg,2014,Regular Season - 35,125,America Mineiro,https://media.api-sports.io/football/teams/125.png,True,145,Avai,https://media.api-sports.io/football/teams/145.png,False,3.0,0.0,0.0,0.0,3.0,0.0,,,,,,,
469134,,UTC,2014-11-15T18:20:00+00:00,1416075600,1416075600.0,1416079200.0,225.0,Estádio Governador Plácido Aderaldo Castelo,"Fortaleza, Ceará",Match Finished,FT,90.0,72,Serie B,Brazil,https://media.api-sports.io/football/leagues/72.png,https://media.api-sports.io/flags/br.svg,2014,Regular Season - 35,129,Ceara,https://media.api-sports.io/football/teams/129.png,True,133,Vasco DA Gama,https://media.api-sports.io/football/teams/133.png,False,2.0,0.0,2.0,0.0,2.0,0.0,,,,,,,
469135,,UTC,2014-11-15T18:20:00+00:00,1416075600,1416075600.0,1416079200.0,247.0,Arena Joinville,"Joinville, Santa Catarina",Match Finished,FT,90.0,72,Serie B,Brazil,https://media.api-sports.io/football/leagues/72.png,https://media.api-sports.io/flags/br.svg,2014,Regular Season - 35,795,Joinville,https://media.api-sports.io/football/teams/795.png,True,139,Ponte Preta,https://media.api-sports.io/football/teams/139.png,False,3.0,1.0,0.0,0.0,3.0,1.0,,,,,,,
469136,,UTC,2014-11-15T19:20:00+00:00,1416079200,1416079200.0,1416082800.0,220.0,Estádio Nabi Abi Chedid,"Bragança Paulista, São Paulo",Match Finished,FT,90.0,72,Serie B,Brazil,https://media.api-sports.io/football/leagues/72.png,https://media.api-sports.io/flags/br.svg,2014,Regular Season - 35,794,Bragantino,https://media.api-sports.io/football/teams/794.png,True,753,Santa Cruz,https://media.api-sports.io/football/teams/753.png,False,2.0,1.0,1.0,1.0,2.0,1.0,,,,,,,
469137,,UTC,2014-11-15T19:20:00+00:00,1416079200,1416079200.0,1416082800.0,253.0,Itaipava Arena Pernambuco,"Recife, Pernambuco",Match Finished,FT,90.0,72,Serie B,Brazil,https://media.api-sports.io/football/leagues/72.png,https://media.api-sports.io/flags/br.svg,2014,Regular Season - 35,755,Nautico Recife,https://media.api-sports.io/football/teams/755.png,True,752,Luverdense,https://media.api-sports.io/football/teams/752.png,False,1.0,0.0,0.0,0.0,1.0,0.0,,,,,,,
469138,,UTC,2014-11-15T23:00:00+00:00,1416092400,1416092400.0,1416096000.0,,Estádio Governador João Castelo Ribeiro Gonçalves,"São Luís, Maranhão",Match Finished,FT,90.0,72,Serie B,Brazil,https://media.api-sports.io/football/leagues/72.png,https://media.api-sports.io/flags/br.svg,2014,Regular Season - 35,155,Sampaio Correa,https://media.api-sports.io/football/teams/155.png,True,153,BOA,https://media.api-sports.io/football/teams/153.png,False,3.0,0.0,2.0,0.0,3.0,0.0,,,,,,,
469139,,UTC,2014-11-15T23:00:00+00:00,1416092400,1416092400.0,1416096000.0,8265.0,Estádio José Nazareno do Nascimento,"Goianinha, Rio Grande do Norte",Match Finished,FT,90.0,72,Serie B,Brazil,https://media.api-sports.io/football/leagues/72.png,https://media.api-sports.io/flags/br.svg,2014,Regular Season - 35,2233,America-RN,https://media.api-sports.io/football/teams/2233.png,True,7874,Icasa,https://media.api-sports.io/football/teams/7874.png,False,2.0,0.0,2.0,0.0,2.0,0.0,,,,,,,
469140,,UTC,2014-11-18T21:30:00+00:00,1416346200,1416346200.0,1416349800.0,,Estádio dos Amaros,"Itápolis, São Paulo",Match Finished,FT,90.0,72,Serie B,Brazil,https://media.api-sports.io/football/leagues/72.png,https://media.api-sports.io/flags/br.svg,2014,Regular Season - 36,143,Oeste,https://media.api-sports.io/football/teams/143.png,True,755,Nautico Recife,https://media.api-sports.io/football/teams/755.png,False,2.0,0.0,1.0,0.0,2.0,0.0,,,,,,,
469141,,UTC,2014-11-18T21:30:00+00:00,1416346200,1416346200.0,1416349800.0,2942.0,Estádio Mauro Sampaio,"Juazeiro do Norte, Ceará",Match Finished,FT,90.0,72,Serie B,Brazil,https://media.api-sports.io/football/leagues/72.png,https://media.api-sports.io/flags/br.svg,2014,Regular Season - 36,7874,Icasa,https://media.api-sports.io/football/teams/7874.png,False,122,Parana,https://media.api-sports.io/football/teams/122.png,True,1.0,2.0,0.0,1.0,1.0,2.0,,,,,,,
469142,,UTC,2014-11-18T21:30:00+00:00,1416346200,1416346200.0,1416349800.0,214.0,Estádio Aderbal Ramos da Silva,"Florianópolis, Santa Catarina",Match Finished,FT,90.0,72,Serie B,Brazil,https://media.api-sports.io/football/leagues/72.png,https://media.api-sports.io/flags/br.svg,2014,Regular Season - 36,145,Avai,https://media.api-sports.io/football/teams/145.png,True,1214,Portuguesa,https://media.api-sports.io/football/teams/1214.png,False,2.0,0.0,0.0,0.0,2.0,0.0,,,,,,,
469143,,UTC,2014-11-18T21:30:00+00:00,1416346200,1416346200.0,1416349800.0,,Estádio do Governo do Estado de Goiás,"Goiânia, Goiás",Match Finished,FT,90.0,72,Serie B,Brazil,https://media.api-sports.io/football/leagues/72.png,https://media.api-sports.io/flags/br.svg,2014,Regular Season - 36,144,Atletico Goianiense,https://media.api-sports.io/football/teams/144.png,True,794,Bragantino,https://media.api-sports.io/football/teams/794.png,False,1.0,0.0,1.0,0.0,1.0,0.0,,,,,,,
469144,,UTC,2014-11-18T23:50:00+00:00,1416354600,1416354600.0,1416358200.0,261.0,Estádio Moisés Lucarelli,"Campinas, São Paulo",Match Finished,FT,90.0,72,Serie B,Brazil,https://media.api-sports.io/football/leagues/72.png,https://media.api-sports.io/flags/br.svg,2014,Regular Season - 36,139,Ponte Preta,https://media.api-sports.io/football/teams/139.png,,2233,America-RN,https://media.api-sports.io/football/teams/2233.png,,2.0,2.0,1.0,1.0,2.0,2.0,,,,,,,
469145,,UTC,2014-11-18T23:50:00+00:00,1416354600,1416354600.0,1416358200.0,279.0,Estádio Club de Regatas Vasco da Gama,"Rio de Janeiro, Rio de Janeiro",Match Finished,FT,90.0,72,Serie B,Brazil,https://media.api-sports.io/football/leagues/72.png,https://media.api-sports.io/flags/br.svg,2014,Regular Season - 36,133,Vasco DA Gama,https://media.api-sports.io/football/teams/133.png,True,142,Vila Nova,https://media.api-sports.io/football/teams/142.png,False,3.0,1.0,1.0,1.0,3.0,1.0,,,,,,,
469146,,UTC,2014-11-18T23:50:00+00:00,1416354600,1416354600.0,1416358200.0,7803.0,Estádio Jóse do Rego Maciel,"Recife, Pernambuco",Match Finished,FT,90.0,72,Serie B,Brazil,https://media.api-sports.io/football/leagues/72.png,https://media.api-sports.io/flags/br.svg,2014,Regular Season - 36,753,Santa Cruz,https://media.api-sports.io/football/teams/753.png,False,155,Sampaio Correa,https://media.api-sports.io/football/teams/155.png,True,0.0,2.0,0.0,0.0,0.0,2.0,,,,,,,
469147,,UTC,2014-11-18T23:50:00+00:00,1416354600,1416354600.0,1416358200.0,250.0,Estádio Municipal Passo Das Emas,"Lucas do Rio Verde, Mato Grosso",Match Finished,FT,90.0,72,Serie B,Brazil,https://media.api-sports.io/football/leagues/72.png,https://media.api-sports.io/flags/br.svg,2014,Regular Season - 36,752,Luverdense,https://media.api-sports.io/football/teams/752.png,False,125,America Mineiro,https://media.api-sports.io/football/teams/125.png,True,1.0,2.0,0.0,0.0,1.0,2.0,,,,,,,
469148,,UTC,2014-11-18T23:50:00+00:00,1416354600,1416354600.0,1416358200.0,207.0,Arena das Dunas,"Natal, Rio Grande do Norte",Match Finished,FT,90.0,72,Serie B,Brazil,https://media.api-sports.io/football/leagues/72.png,https://media.api-sports.io/flags/br.svg,2014,Regular Season - 36,754,ABC,https://media.api-sports.io/football/teams/754.png,True,129,Ceara,https://media.api-sports.io/football/teams/129.png,False,1.0,0.0,0.0,0.0,1.0,0.0,,,,,,,
469149,,UTC,2014-11-18T23:50:00+00:00,1416354600,1416354600.0,1416358200.0,246.0,Estádio Municipal Prefeito Dilzon Luiz de Melo,"Varginha, Minas Gerais",Match Finished,FT,90.0,72,Serie B,Brazil,https://media.api-sports.io/football/leagues/72.png,https://media.api-sports.io/flags/br.svg,2014,Regular Season - 36,153,BOA,https://media.api-sports.io/football/teams/153.png,True,795,Joinville,https://media.api-sports.io/football/teams/795.png,False,1.0,0.0,0.0,0.0,1.0,0.0,,,,,,,
469150,,UTC,2014-11-21T21:30:00+00:00,1416605400,1416605400.0,1416609000.0,207.0,Arena das Dunas,"Natal, Rio Grande do Norte",Match Finished,FT,90.0,72,Serie B,Brazil,https://media.api-sports.io/football/leagues/72.png,https://media.api-sports.io/flags/br.svg,2014,Regular Season - 37,2233,America-RN,https://media.api-sports.io/football/teams/2233.png,True,755,Nautico Recife,https://media.api-sports.io/football/teams/755.png,False,1.0,0.0,1.0,0.0,1.0,0.0,,,,,,,
469151,,UTC,2014-11-21T23:00:00+00:00,1416610800,1416610800.0,1416614400.0,220.0,Estádio Nabi Abi Chedid,"Bragança Paulista, São Paulo",Match Finished,FT,90.0,72,Serie B,Brazil,https://media.api-sports.io/football/leagues/72.png,https://media.api-sports.io/flags/br.svg,2014,Regular Season - 37,794,Bragantino,https://media.api-sports.io/football/teams/794.png,,122,Parana,https://media.api-sports.io/football/teams/122.png,,1.0,1.0,0.0,0.0,1.0,1.0,,,,,,,
469152,,UTC,2014-11-21T23:00:00+00:00,1416610800,1416610800.0,1416614400.0,,Estádio do Governo do Estado de Goiás,"Goiânia, Goiás",Match Finished,FT,90.0,72,Serie B,Brazil,https://media.api-sports.io/football/leagues/72.png,https://media.api-sports.io/flags/br.svg,2014,Regular Season - 37,142,Vila Nova,https://media.api-sports.io/football/teams/142.png,False,754,ABC,https://media.api-sports.io/football/teams/754.png,True,3.0,5.0,1.0,3.0,3.0,5.0,,,,,,,
469153,,UTC,2014-11-22T18:20:00+00:00,1416680400,1416680400.0,1416684000.0,261.0,Estádio Moisés Lucarelli,"Campinas, São Paulo",Match Finished,FT,90.0,72,Serie B,Brazil,https://media.api-sports.io/football/leagues/72.png,https://media.api-sports.io/flags/br.svg,2014,Regular Season - 37,139,Ponte Preta,https://media.api-sports.io/football/teams/139.png,False,125,America Mineiro,https://media.api-sports.io/football/teams/125.png,True,0.0,1.0,0.0,0.0,0.0,1.0,,,,,,,
469154,,UTC,2014-11-22T18:20:00+00:00,1416680400,1416680400.0,1416684000.0,,Estadio Jornalista Mário Filho,"Rio de Janeiro, Rio de Janeiro",Match Finished,FT,90.0,72,Serie B,Brazil,https://media.api-sports.io/football/leagues/72.png,https://media.api-sports.io/flags/br.svg,2014,Regular Season - 37,133,Vasco DA Gama,https://media.api-sports.io/football/teams/133.png,,7874,Icasa,https://media.api-sports.io/football/teams/7874.png,,1.0,1.0,1.0,0.0,1.0,1.0,,,,,,,
469155,,UTC,2014-11-22T18:20:00+00:00,1416680400,1416680400.0,1416684000.0,247.0,Arena Joinville,"Joinville, Santa Catarina",Match Finished,FT,90.0,72,Serie B,Brazil,https://media.api-sports.io/football/leagues/72.png,https://media.api-sports.io/flags/br.svg,2014,Regular Season - 37,795,Joinville,https://media.api-sports.io/football/teams/795.png,,752,Luverdense,https://media.api-sports.io/football/teams/752.png,,1.0,1.0,1.0,1.0,1.0,1.0,,,,,,,
469156,,UTC,2014-11-22T18:20:00+00:00,1416680400,1416680400.0,1416684000.0,246.0,Estádio Municipal Prefeito Dilzon Luiz de Melo,"Varginha, Minas Gerais",Match Finished,FT,90.0,72,Serie B,Brazil,https://media.api-sports.io/football/leagues/72.png,https://media.api-sports.io/flags/br.svg,2014,Regular Season - 37,153,BOA,https://media.api-sports.io/football/teams/153.png,True,143,Oeste,https://media.api-sports.io/football/teams/143.png,False,1.0,0.0,1.0,0.0,1.0,0.0,,,,,,,
469157,,UTC,2014-11-22T19:20:00+00:00,1416684000,1416684000.0,1416687600.0,7803.0,Estádio Jóse do Rego Maciel,"Recife, Pernambuco",Match Finished,FT,90.0,72,Serie B,Brazil,https://media.api-sports.io/football/leagues/72.png,https://media.api-sports.io/flags/br.svg,2014,Regular Season - 37,753,Santa Cruz,https://media.api-sports.io/football/teams/753.png,False,145,Avai,https://media.api-sports.io/football/teams/145.png,True,0.0,1.0,0.0,1.0,0.0,1.0,,,,,,,
469158,,UTC,2014-11-22T23:00:00+00:00,1416697200,1416697200.0,1416700800.0,,Estádio Governador João Castelo Ribeiro Gonçalves,"São Luís, Maranhão",Match Finished,FT,90.0,72,Serie B,Brazil,https://media.api-sports.io/football/leagues/72.png,https://media.api-sports.io/flags/br.svg,2014,Regular Season - 37,155,Sampaio Correa,https://media.api-sports.io/football/teams/155.png,False,144,Atletico Goianiense,https://media.api-sports.io/football/teams/144.png,True,1.0,2.0,1.0,0.0,1.0,2.0,,,,,,,
469159,,UTC,2014-11-22T23:00:00+00:00,1416697200,1416697200.0,1416700800.0,225.0,Estádio Governador Plácido Aderaldo Castelo,"Fortaleza, Ceará",Match Finished,FT,90.0,72,Serie B,Brazil,https://media.api-sports.io/football/leagues/72.png,https://media.api-sports.io/flags/br.svg,2014,Regular Season - 37,129,Ceara,https://media.api-sports.io/football/teams/129.png,True,1214,Portuguesa,https://media.api-sports.io/football/teams/1214.png,False,2.0,1.0,1.0,0.0,2.0,1.0,,,,,,,
469160,,UTC,2014-11-28T21:30:00+00:00,1417210200,1417210200.0,1417213800.0,2936.0,Estádio Dr. Oswaldo Teixeira Duarte,"São Paulo, São Paulo",Match Finished,FT,90.0,72,Serie B,Brazil,https://media.api-sports.io/football/leagues/72.png,https://media.api-sports.io/flags/br.svg,2014,Regular Season - 38,1214,Portuguesa,https://media.api-sports.io/football/teams/1214.png,False,142,Vila Nova,https://media.api-sports.io/football/teams/142.png,True,2.0,3.0,1.0,2.0,2.0,3.0,,,,,,,
469161,,UTC,2014-11-29T18:20:00+00:00,1417285200,1417285200.0,1417288800.0,,Estádio dos Amaros,"Itápolis, São Paulo",Match Finished,FT,90.0,72,Serie B,Brazil,https://media.api-sports.io/football/leagues/72.png,https://media.api-sports.io/flags/br.svg,2014,Regular Season - 38,143,Oeste,https://media.api-sports.io/football/teams/143.png,True,795,Joinville,https://media.api-sports.io/football/teams/795.png,False,1.0,0.0,0.0,0.0,1.0,0.0,,,,,,,
469162,,UTC,2014-11-29T18:20:00+00:00,1417285200,1417285200.0,1417288800.0,,Estádio Durival de Brito e Silva,"Curitiba, Paraná",Match Finished,FT,90.0,72,Serie B,Brazil,https://media.api-sports.io/football/leagues/72.png,https://media.api-sports.io/flags/br.svg,2014,Regular Season - 38,122,Parana,https://media.api-sports.io/football/teams/122.png,True,2233,America-RN,https://media.api-sports.io/football/teams/2233.png,False,4.0,1.0,2.0,0.0,4.0,1.0,,,,,,,
469163,,UTC,2014-11-29T18:20:00+00:00,1417285200,1417285200.0,1417288800.0,253.0,Itaipava Arena Pernambuco,"Recife, Pernambuco",Match Finished,FT,90.0,72,Serie B,Brazil,https://media.api-sports.io/football/leagues/72.png,https://media.api-sports.io/flags/br.svg,2014,Regular Season - 38,755,Nautico Recife,https://media.api-sports.io/football/teams/755.png,,139,Ponte Preta,https://media.api-sports.io/football/teams/139.png,,1.0,1.0,1.0,0.0,1.0,1.0,,,,,,,
469164,,UTC,2014-11-29T18:20:00+00:00,1417285200,1417285200.0,1417288800.0,250.0,Estádio Municipal Passo Das Emas,"Lucas do Rio Verde, Mato Grosso",Match Finished,FT,90.0,72,Serie B,Brazil,https://media.api-sports.io/football/leagues/72.png,https://media.api-sports.io/flags/br.svg,2014,Regular Season - 38,752,Luverdense,https://media.api-sports.io/football/teams/752.png,True,129,Ceara,https://media.api-sports.io/football/teams/129.png,False,1.0,0.0,0.0,0.0,1.0,0.0,,,,,,,
469165,,UTC,2014-11-29T18:20:00+00:00,1417285200,1417285200.0,1417288800.0,2942.0,Estádio Mauro Sampaio,"Juazeiro do Norte, Ceará",Match Finished,FT,90.0,72,Serie B,Brazil,https://media.api-sports.io/football/leagues/72.png,https://media.api-sports.io/flags/br.svg,2014,Regular Season - 38,7874,Icasa,https://media.api-sports.io/football/teams/7874.png,True,153,BOA,https://media.api-sports.io/football/teams/153.png,False,3.0,2.0,0.0,0.0,3.0,2.0,,,,,,,
469166,,UTC,2014-11-29T18:20:00+00:00,1417285200,1417285200.0,1417288800.0,214.0,Estádio Aderbal Ramos da Silva,"Florianópolis, Santa Catarina",Match Finished,FT,90.0,72,Serie B,Brazil,https://media.api-sports.io/football/leagues/72.png,https://media.api-sports.io/flags/br.svg,2014,Regular Season - 38,145,Avai,https://media.api-sports.io/football/teams/145.png,True,133,Vasco DA Gama,https://media.api-sports.io/football/teams/133.png,False,1.0,0.0,1.0,0.0,1.0,0.0,,,,,,,
469167,,UTC,2014-11-29T18:20:00+00:00,1417285200,1417285200.0,1417288800.0,,Estádio do Governo do Estado de Goiás,"Goiânia, Goiás",Match Finished,FT,90.0,72,Serie B,Brazil,https://media.api-sports.io/football/leagues/72.png,https://media.api-sports.io/flags/br.svg,2014,Regular Season - 38,144,Atletico Goianiense,https://media.api-sports.io/football/teams/144.png,False,753,Santa Cruz,https://media.api-sports.io/football/teams/753.png,True,2.0,3.0,0.0,0.0,2.0,3.0,,,,,,,
469168,,UTC,2014-11-29T18:20:00+00:00,1417285200,1417285200.0,1417288800.0,205.0,Estádio Maria Lamas Farache,"Natal, Rio Grande do Norte",Match Finished,FT,90.0,72,Serie B,Brazil,https://media.api-sports.io/football/leagues/72.png,https://media.api-sports.io/flags/br.svg,2014,Regular Season - 38,754,ABC,https://media.api-sports.io/football/teams/754.png,False,794,Bragantino,https://media.api-sports.io/football/teams/794.png,True,0.0,2.0,0.0,0.0,0.0,2.0,,,,,,,
469169,,UTC,2014-11-29T18:20:00+00:00,1417285200,1417285200.0,1417288800.0,206.0,Estádio Raimundo Sampaio,"Belo Horizonte, Minas Gerais",Match Finished,FT,90.0,72,Serie B,Brazil,https://media.api-sports.io/football/leagues/72.png,https://media.api-sports.io/flags/br.svg,2014,Regular Season - 38,125,America Mineiro,https://media.api-sports.io/football/teams/125.png,True,155,Sampaio Correa,https://media.api-sports.io/football/teams/155.png,False,4.0,0.0,3.0,0.0,4.0,0.0,,,,,,,
