fixture_id,fixture_referee,fixture_timezone,fixture_date,fixture_timestamp,fixture_periods_first,fixture_periods_second,fixture_venue_id,fixture_venue_name,fixture_venue_city,fixture_status_long,fixture_status_short,fixture_status_elapsed,league_id,league_name,league_country,league_logo,league_flag,league_season,league_round,teams_home_id,teams_home_name,teams_home_logo,teams_home_winner,teams_away_id,teams_away_name,teams_away_logo,teams_away_winner,goals_home,goals_away,score_halftime_home,score_halftime_away,score_fulltime_home,score_fulltime_away,score_extratime_home,score_extratime_away,score_penalty_home,score_penalty_away,fixture_status_extra,league_standings,chave
468411,,UTC,2015-05-08T22:30:00+00:00,1431124200,1431124200.0,1431127800.0,,Estádio do Governo do Estado de Goiás,"Goiânia, Goiás",Match Finished,FT,90.0,72,Serie B,Brazil,https://media.api-sports.io/football/leagues/72.png,https://media.api-sports.io/flags/br.svg,2015,Regular Season - 1,144,Atletico Goianiense,https://media.api-sports.io/football/teams/144.png,True,153,BOA,https://media.api-sports.io/football/teams/153.png,False,1.0,0.0,0.0,0.0,1.0,0.0,,,,,,,
468410,,UTC,2015-05-08T22:30:00+00:00,1431124200,1431124200.0,1431127800.0,205.0,Estádio Maria Lamas Farache,"Natal, Rio Grande do Norte",Match Finished,FT,90.0,72,Serie B,Brazil,https://media.api-sports.io/football/leagues/72.png,https://media.api-sports.io/flags/br.svg,2015,Regular Season - 1,754,ABC,https://media.api-sports.io/football/teams/754.png,False,143,Oeste,https://media.api-sports.io/football/teams/143.png,True,0.0,1.0,0.0,0.0,0.0,1.0,,,,,,,
468412,,UTC,2015-05-09T00:00:00+00:00,1431129600,1431129600.0,1431133200.0,,Estádio Durival de Brito e Silva,"Curitiba, Paraná",Match Finished,FT,90.0,72,Serie B,Brazil,https://media.api-sports.io/football/leagues/72.png,https://media.api-sports.io/flags/br.svg,2015,Regular Season - 1,122,Parana,https://media.api-sports.io/football/teams/122.png,True,129,Ceara,https://media.api-sports.io/football/teams/129.png,False,1.0,0.0,1.0,0.0,1.0,0.0,,,,,,,
468413,,UTC,2015-05-09T00:50:00+00:00,1431132600,1431132600.0,1431136200.0,,Estádio Romildo Vitor Gomes Ferreira,"Mogi Mirim, São Paulo",Match Finished,FT,90.0,72,Serie B,Brazil,https://media.api-sports.io/football/leagues/72.png,https://media.api-sports.io/flags/br.svg,2015,Regular Season - 1,7816,Mogi Mirim,https://media.api-sports.io/football/teams/7816.png,False,140,Criciuma,https://media.api-sports.io/football/teams/140.png,True,1.0,2.0,0.0,0.0,1.0,2.0,,,,,,,
468416,,UTC,2015-05-09T19:30:00+00:00,1431199800,1431199800.0,1431203400.0,206.0,Estádio Raimundo Sampaio,"Belo Horizonte, Minas Gerais",Match Finished,FT,90.0,72,Serie B,Brazil,https://media.api-sports.io/football/leagues/72.png,https://media.api-sports.io/flags/br.svg,2015,Regular Season - 1,125,America Mineiro,https://media.api-sports.io/football/teams/125.png,,118,Bahia,https://media.api-sports.io/football/teams/118.png,,1.0,1.0,0.0,1.0,1.0,1.0,,,,,,,
468414,,UTC,2015-05-09T19:30:00+00:00,1431199800,1431199800.0,1431203400.0,281.0,Estádio Manoel Barradas,"Salvador, Bahia",Match Finished,FT,90.0,72,Serie B,Brazil,https://media.api-sports.io/football/leagues/72.png,https://media.api-sports.io/flags/br.svg,2015,Regular Season - 1,136,Vitoria,https://media.api-sports.io/football/teams/136.png,False,155,Sampaio Correa,https://media.api-sports.io/football/teams/155.png,True,0.0,2.0,0.0,1.0,0.0,2.0,,,,,,,
468417,,UTC,2015-05-09T19:30:00+00:00,1431199800,1431199800.0,1431203400.0,253.0,Itaipava Arena Pernambuco,"Recife, Pernambuco",Match Finished,FT,90.0,72,Serie B,Brazil,https://media.api-sports.io/football/leagues/72.png,https://media.api-sports.io/flags/br.svg,2015,Regular Season - 1,755,Nautico Recife,https://media.api-sports.io/football/teams/755.png,True,752,Luverdense,https://media.api-sports.io/football/teams/752.png,False,1.0,0.0,1.0,0.0,1.0,0.0,,,,,,,
468415,,UTC,2015-05-09T19:30:00+00:00,1431199800,1431199800.0,1431203400.0,5651.0,Estádio Claúdio Moacir de Azevedo,"Macaé, Rio de Janeiro",Match Finished,FT,90.0,72,Serie B,Brazil,https://media.api-sports.io/football/leagues/72.png,https://media.api-sports.io/flags/br.svg,2015,Regular Season - 1,7815,Macaé,https://media.api-sports.io/football/teams/7815.png,True,13974,Santa Cruz,https://media.api-sports.io/football/teams/13974.png,False,2.0,0.0,1.0,0.0,2.0,0.0,,,,,,,
468419,,UTC,2015-05-10T00:00:00+00:00,1431216000,1431216000.0,1431219600.0,232.0,Estádio Rei Pelé,"Maceió, Alagoas",Match Finished,FT,90.0,72,Serie B,Brazil,https://media.api-sports.io/football/leagues/72.png,https://media.api-sports.io/flags/br.svg,2015,Regular Season - 1,146,CRB,https://media.api-sports.io/football/teams/146.png,True,794,Bragantino,https://media.api-sports.io/football/teams/794.png,False,2.0,0.0,1.0,0.0,2.0,0.0,,,,,,,
468418,,UTC,2015-05-10T00:00:00+00:00,1431216000,1431216000.0,1431219600.0,262.0,Estádio Estadual Jornalista Edgar Augusto Proença,"Belém, Pará",Match Finished,FT,90.0,72,Serie B,Brazil,https://media.api-sports.io/football/leagues/72.png,https://media.api-sports.io/flags/br.svg,2015,Regular Season - 1,149,Paysandu,https://media.api-sports.io/football/teams/149.png,False,120,Botafogo,https://media.api-sports.io/football/teams/120.png,True,0.0,1.0,0.0,0.0,0.0,1.0,,,,,,,
468420,,UTC,2015-05-15T22:30:00+00:00,1431729000,1431729000.0,1431732600.0,11287.0,Estádio Governador Roberto Santos,"Salvador de Bahia, Bahia",Match Finished,FT,90.0,72,Serie B,Brazil,https://media.api-sports.io/football/leagues/72.png,https://media.api-sports.io/flags/br.svg,2015,Regular Season - 2,118,Bahia,https://media.api-sports.io/football/teams/118.png,True,7816,Mogi Mirim,https://media.api-sports.io/football/teams/7816.png,False,4.0,1.0,2.0,1.0,4.0,1.0,,,,,,,
468421,,UTC,2015-05-15T22:30:00+00:00,1431729000,1431729000.0,1431732600.0,,Estádio Governador João Castelo Ribeiro Gonçalves,"São Luís, Maranhão",Match Finished,FT,90.0,72,Serie B,Brazil,https://media.api-sports.io/football/leagues/72.png,https://media.api-sports.io/flags/br.svg,2015,Regular Season - 2,155,Sampaio Correa,https://media.api-sports.io/football/teams/155.png,True,7815,Macaé,https://media.api-sports.io/football/teams/7815.png,False,3.0,1.0,1.0,0.0,3.0,1.0,,,,,,,
468422,,UTC,2015-05-15T22:30:00+00:00,1431729000,1431729000.0,1431732600.0,7803.0,Estádio Jóse do Rego Maciel,"Recife, Pernambuco",Match Finished,FT,90.0,72,Serie B,Brazil,https://media.api-sports.io/football/leagues/72.png,https://media.api-sports.io/flags/br.svg,2015,Regular Season - 2,13974,Santa Cruz,https://media.api-sports.io/football/teams/13974.png,True,122,Parana,https://media.api-sports.io/football/teams/122.png,False,4.0,1.0,1.0,1.0,4.0,1.0,,,,,,,
468423,,UTC,2015-05-16T00:50:00+00:00,1431737400,1431737400.0,1431741000.0,233.0,Estádio Heriberto Hülse,"Criciúma, Santa Catarina",Match Finished,FT,90.0,72,Serie B,Brazil,https://media.api-sports.io/football/leagues/72.png,https://media.api-sports.io/flags/br.svg,2015,Regular Season - 2,140,Criciuma,https://media.api-sports.io/football/teams/140.png,False,754,ABC,https://media.api-sports.io/football/teams/754.png,True,0.0,2.0,0.0,0.0,0.0,2.0,,,,,,,
468424,,UTC,2015-05-16T19:30:00+00:00,1431804600,1431804600.0,1431808200.0,218.0,Estádio Nilton Santos,Rio de Janeiro,Match Finished,FT,90.0,72,Serie B,Brazil,https://media.api-sports.io/football/leagues/72.png,https://media.api-sports.io/flags/br.svg,2015,Regular Season - 2,120,Botafogo,https://media.api-sports.io/football/teams/120.png,True,146,CRB,https://media.api-sports.io/football/teams/146.png,False,4.0,1.0,1.0,0.0,4.0,1.0,,,,,,,
468427,,UTC,2015-05-16T19:30:00+00:00,1431804600,1431804600.0,1431808200.0,2939.0,Estádio Municipal Prefeito José Liberatti,"Osasco, São Paulo",Match Finished,FT,90.0,72,Serie B,Brazil,https://media.api-sports.io/football/leagues/72.png,https://media.api-sports.io/flags/br.svg,2015,Regular Season - 2,143,Oeste,https://media.api-sports.io/football/teams/143.png,False,136,Vitoria,https://media.api-sports.io/football/teams/136.png,True,1.0,2.0,1.0,2.0,1.0,2.0,,,,,,,
468426,,UTC,2015-05-16T19:30:00+00:00,1431804600,1431804600.0,1431808200.0,246.0,Estádio Municipal Prefeito Dilzon Luiz de Melo,"Varginha, Minas Gerais",Match Finished,FT,90.0,72,Serie B,Brazil,https://media.api-sports.io/football/leagues/72.png,https://media.api-sports.io/flags/br.svg,2015,Regular Season - 2,153,BOA,https://media.api-sports.io/football/teams/153.png,False,755,Nautico Recife,https://media.api-sports.io/football/teams/755.png,True,0.0,1.0,0.0,0.0,0.0,1.0,,,,,,,
468425,,UTC,2015-05-16T19:30:00+00:00,1431804600,1431804600.0,1431808200.0,220.0,Estádio Nabi Abi Chedid,"Bragança Paulista, São Paulo",Match Finished,FT,90.0,72,Serie B,Brazil,https://media.api-sports.io/football/leagues/72.png,https://media.api-sports.io/flags/br.svg,2015,Regular Season - 2,794,Bragantino,https://media.api-sports.io/football/teams/794.png,True,149,Paysandu,https://media.api-sports.io/football/teams/149.png,False,1.0,0.0,0.0,0.0,1.0,0.0,,,,,,,
468428,,UTC,2015-05-17T00:00:00+00:00,1431820800,1431820800.0,1431824400.0,237.0,Estádio Municipal Presidente Getúlio Vargas,"Fortaleza, Ceará",Match Finished,FT,90.0,72,Serie B,Brazil,https://media.api-sports.io/football/leagues/72.png,https://media.api-sports.io/flags/br.svg,2015,Regular Season - 2,129,Ceara,https://media.api-sports.io/football/teams/129.png,True,144,Atletico Goianiense,https://media.api-sports.io/football/teams/144.png,False,2.0,0.0,0.0,0.0,2.0,0.0,,,,,,,
468429,,UTC,2015-05-17T00:00:00+00:00,1431820800,1431820800.0,1431824400.0,250.0,Estádio Municipal Passo Das Emas,"Lucas do Rio Verde, Mato Grosso",Match Finished,FT,90.0,72,Serie B,Brazil,https://media.api-sports.io/football/leagues/72.png,https://media.api-sports.io/flags/br.svg,2015,Regular Season - 2,752,Luverdense,https://media.api-sports.io/football/teams/752.png,True,125,America Mineiro,https://media.api-sports.io/football/teams/125.png,False,1.0,0.0,1.0,0.0,1.0,0.0,,,,,,,
468430,,UTC,2015-05-19T22:30:00+00:00,1432074600,1432074600.0,1432078200.0,5651.0,Estádio Claúdio Moacir de Azevedo,"Macaé, Rio de Janeiro",Match Finished,FT,90.0,72,Serie B,Brazil,https://media.api-sports.io/football/leagues/72.png,https://media.api-sports.io/flags/br.svg,2015,Regular Season - 3,7815,Macaé,https://media.api-sports.io/football/teams/7815.png,True,143,Oeste,https://media.api-sports.io/football/teams/143.png,False,4.0,2.0,4.0,0.0,4.0,2.0,,,,,,,
468431,,UTC,2015-05-20T00:50:00+00:00,1432083000,1432083000.0,1432086600.0,253.0,Itaipava Arena Pernambuco,"Recife, Pernambuco",Match Finished,FT,90.0,72,Serie B,Brazil,https://media.api-sports.io/football/leagues/72.png,https://media.api-sports.io/flags/br.svg,2015,Regular Season - 3,755,Nautico Recife,https://media.api-sports.io/football/teams/755.png,True,140,Criciuma,https://media.api-sports.io/football/teams/140.png,False,2.0,0.0,2.0,0.0,2.0,0.0,,,,,,,
468432,,UTC,2015-05-22T22:30:00+00:00,1432333800,1432333800.0,1432337400.0,281.0,Estádio Manoel Barradas,"Salvador, Bahia",Match Finished,FT,90.0,72,Serie B,Brazil,https://media.api-sports.io/football/leagues/72.png,https://media.api-sports.io/flags/br.svg,2015,Regular Season - 3,136,Vitoria,https://media.api-sports.io/football/teams/136.png,True,794,Bragantino,https://media.api-sports.io/football/teams/794.png,False,4.0,1.0,1.0,0.0,4.0,1.0,,,,,,,
468433,,UTC,2015-05-23T00:50:00+00:00,1432342200,1432342200.0,1432345800.0,,Estádio Romildo Vitor Gomes Ferreira,"Mogi Mirim, São Paulo",Match Finished,FT,90.0,72,Serie B,Brazil,https://media.api-sports.io/football/leagues/72.png,https://media.api-sports.io/flags/br.svg,2015,Regular Season - 3,7816,Mogi Mirim,https://media.api-sports.io/football/teams/7816.png,,155,Sampaio Correa,https://media.api-sports.io/football/teams/155.png,,1.0,1.0,0.0,1.0,1.0,1.0,,,,,,,
468435,,UTC,2015-05-23T19:30:00+00:00,1432409400,1432409400.0,1432413000.0,,Estádio Durival de Brito e Silva,"Curitiba, Paraná",Match Finished,FT,90.0,72,Serie B,Brazil,https://media.api-sports.io/football/leagues/72.png,https://media.api-sports.io/flags/br.svg,2015,Regular Season - 3,122,Parana,https://media.api-sports.io/football/teams/122.png,,153,BOA,https://media.api-sports.io/football/teams/153.png,,1.0,1.0,0.0,0.0,1.0,1.0,,,,,,,
468434,,UTC,2015-05-23T19:30:00+00:00,1432409400,1432409400.0,1432413000.0,206.0,Estádio Raimundo Sampaio,"Belo Horizonte, Minas Gerais",Match Finished,FT,90.0,72,Serie B,Brazil,https://media.api-sports.io/football/leagues/72.png,https://media.api-sports.io/flags/br.svg,2015,Regular Season - 3,125,America Mineiro,https://media.api-sports.io/football/teams/125.png,True,13974,Santa Cruz,https://media.api-sports.io/football/teams/13974.png,False,4.0,1.0,4.0,1.0,4.0,1.0,,,,,,,
468437,,UTC,2015-05-23T19:30:00+00:00,1432409400,1432409400.0,1432413000.0,,Estádio Nacional de Brasília,"Brasília, Distrito Federal",Match Finished,FT,90.0,72,Serie B,Brazil,https://media.api-sports.io/football/leagues/72.png,https://media.api-sports.io/flags/br.svg,2015,Regular Season - 3,144,Atletico Goianiense,https://media.api-sports.io/football/teams/144.png,,120,Botafogo,https://media.api-sports.io/football/teams/120.png,,0.0,0.0,0.0,0.0,0.0,0.0,,,,,,,
468436,,UTC,2015-05-23T19:30:00+00:00,1432409400,1432409400.0,1432413000.0,262.0,Estádio Estadual Jornalista Edgar Augusto Proença,"Belém, Pará",Match Finished,FT,90.0,72,Serie B,Brazil,https://media.api-sports.io/football/leagues/72.png,https://media.api-sports.io/flags/br.svg,2015,Regular Season - 3,149,Paysandu,https://media.api-sports.io/football/teams/149.png,True,129,Ceara,https://media.api-sports.io/football/teams/129.png,False,2.0,1.0,1.0,0.0,2.0,1.0,,,,,,,
468439,,UTC,2015-05-24T00:00:00+00:00,1432425600,1432425600.0,1432429200.0,232.0,Estádio Rei Pelé,"Maceió, Alagoas",Match Finished,FT,90.0,72,Serie B,Brazil,https://media.api-sports.io/football/leagues/72.png,https://media.api-sports.io/flags/br.svg,2015,Regular Season - 3,146,CRB,https://media.api-sports.io/football/teams/146.png,False,118,Bahia,https://media.api-sports.io/football/teams/118.png,True,0.0,3.0,0.0,2.0,0.0,3.0,,,,,,,
468438,,UTC,2015-05-24T00:00:00+00:00,1432425600,1432425600.0,1432429200.0,205.0,Estádio Maria Lamas Farache,"Natal, Rio Grande do Norte",Match Finished,FT,90.0,72,Serie B,Brazil,https://media.api-sports.io/football/leagues/72.png,https://media.api-sports.io/flags/br.svg,2015,Regular Season - 3,754,ABC,https://media.api-sports.io/football/teams/754.png,,752,Luverdense,https://media.api-sports.io/football/teams/752.png,,1.0,1.0,1.0,1.0,1.0,1.0,,,,,,,
468440,,UTC,2015-05-26T22:30:00+00:00,1432679400,1432679400.0,1432683000.0,225.0,Estádio Governador Plácido Aderaldo Castelo,"Fortaleza, Ceará",Match Finished,FT,90.0,72,Serie B,Brazil,https://media.api-sports.io/football/leagues/72.png,https://media.api-sports.io/flags/br.svg,2015,Regular Season - 4,129,Ceara,https://media.api-sports.io/football/teams/129.png,,146,CRB,https://media.api-sports.io/football/teams/146.png,,1.0,1.0,1.0,1.0,1.0,1.0,,,,,,,
468441,,UTC,2015-05-29T22:30:00+00:00,1432938600,1432938600.0,1432942200.0,220.0,Estádio Nabi Abi Chedid,"Bragança Paulista, São Paulo",Match Finished,FT,90.0,72,Serie B,Brazil,https://media.api-sports.io/football/leagues/72.png,https://media.api-sports.io/flags/br.svg,2015,Regular Season - 4,794,Bragantino,https://media.api-sports.io/football/teams/794.png,False,125,America Mineiro,https://media.api-sports.io/football/teams/125.png,True,0.0,1.0,0.0,0.0,0.0,1.0,,,,,,,
468442,,UTC,2015-05-29T22:30:00+00:00,1432938600,1432938600.0,1432942200.0,7803.0,Estádio Jóse do Rego Maciel,"Recife, Pernambuco",Match Finished,FT,90.0,72,Serie B,Brazil,https://media.api-sports.io/football/leagues/72.png,https://media.api-sports.io/flags/br.svg,2015,Regular Season - 4,13974,Santa Cruz,https://media.api-sports.io/football/teams/13974.png,False,754,ABC,https://media.api-sports.io/football/teams/754.png,True,0.0,1.0,0.0,1.0,0.0,1.0,,,,,,,
468443,,UTC,2015-05-30T00:50:00+00:00,1432947000,1432947000.0,1432950600.0,216.0,Arena Fonte Nova,"Salvador, Bahia",Match Finished,FT,90.0,72,Serie B,Brazil,https://media.api-sports.io/football/leagues/72.png,https://media.api-sports.io/flags/br.svg,2015,Regular Season - 4,118,Bahia,https://media.api-sports.io/football/teams/118.png,True,122,Parana,https://media.api-sports.io/football/teams/122.png,False,1.0,0.0,1.0,0.0,1.0,0.0,,,,,,,
468444,,UTC,2015-05-30T19:30:00+00:00,1433014200,1433014200.0,1433017800.0,218.0,Estádio Nilton Santos,Rio de Janeiro,Match Finished,FT,90.0,72,Serie B,Brazil,https://media.api-sports.io/football/leagues/72.png,https://media.api-sports.io/flags/br.svg,2015,Regular Season - 4,120,Botafogo,https://media.api-sports.io/football/teams/120.png,True,136,Vitoria,https://media.api-sports.io/football/teams/136.png,False,2.0,0.0,2.0,0.0,2.0,0.0,,,,,,,
468446,,UTC,2015-05-30T19:30:00+00:00,1433014200,1433014200.0,1433017800.0,233.0,Estádio Heriberto Hülse,"Criciúma, Santa Catarina",Match Finished,FT,90.0,72,Serie B,Brazil,https://media.api-sports.io/football/leagues/72.png,https://media.api-sports.io/flags/br.svg,2015,Regular Season - 4,140,Criciuma,https://media.api-sports.io/football/teams/140.png,True,144,Atletico Goianiense,https://media.api-sports.io/football/teams/144.png,False,1.0,0.0,0.0,0.0,1.0,0.0,,,,,,,
468445,,UTC,2015-05-30T19:30:00+00:00,1433014200,1433014200.0,1433017800.0,246.0,Estádio Municipal Prefeito Dilzon Luiz de Melo,"Varginha, Minas Gerais",Match Finished,FT,90.0,72,Serie B,Brazil,https://media.api-sports.io/football/leagues/72.png,https://media.api-sports.io/flags/br.svg,2015,Regular Season - 4,153,BOA,https://media.api-sports.io/football/teams/153.png,False,149,Paysandu,https://media.api-sports.io/football/teams/149.png,True,0.0,1.0,0.0,0.0,0.0,1.0,,,,,,,
468447,,UTC,2015-05-30T19:30:00+00:00,1433014200,1433014200.0,1433017800.0,,Estádio Governador João Castelo Ribeiro Gonçalves,"São Luís, Maranhão",Match Finished,FT,90.0,72,Serie B,Brazil,https://media.api-sports.io/football/leagues/72.png,https://media.api-sports.io/flags/br.svg,2015,Regular Season - 4,155,Sampaio Correa,https://media.api-sports.io/football/teams/155.png,,755,Nautico Recife,https://media.api-sports.io/football/teams/755.png,,1.0,1.0,0.0,0.0,1.0,1.0,,,,,,,
468449,,UTC,2015-05-31T00:00:00+00:00,1433030400,1433030400.0,1433034000.0,2939.0,Estádio Municipal Prefeito José Liberatti,"Osasco, São Paulo",Match Finished,FT,90.0,72,Serie B,Brazil,https://media.api-sports.io/football/leagues/72.png,https://media.api-sports.io/flags/br.svg,2015,Regular Season - 4,143,Oeste,https://media.api-sports.io/football/teams/143.png,,7816,Mogi Mirim,https://media.api-sports.io/football/teams/7816.png,,0.0,0.0,0.0,0.0,0.0,0.0,,,,,,,
468448,,UTC,2015-05-31T00:00:00+00:00,1433030400,1433030400.0,1433034000.0,250.0,Estádio Municipal Passo Das Emas,"Lucas do Rio Verde, Mato Grosso",Match Finished,FT,90.0,72,Serie B,Brazil,https://media.api-sports.io/football/leagues/72.png,https://media.api-sports.io/flags/br.svg,2015,Regular Season - 4,752,Luverdense,https://media.api-sports.io/football/teams/752.png,False,7815,Macaé,https://media.api-sports.io/football/teams/7815.png,True,1.0,2.0,1.0,0.0,1.0,2.0,,,,,,,
468452,,UTC,2015-06-02T22:30:00+00:00,1433284200,1433284200.0,1433287800.0,206.0,Estádio Raimundo Sampaio,"Belo Horizonte, Minas Gerais",Match Finished,FT,90.0,72,Serie B,Brazil,https://media.api-sports.io/football/leagues/72.png,https://media.api-sports.io/flags/br.svg,2015,Regular Season - 5,125,America Mineiro,https://media.api-sports.io/football/teams/125.png,True,155,Sampaio Correa,https://media.api-sports.io/football/teams/155.png,False,1.0,0.0,0.0,0.0,1.0,0.0,,,,,,,
468450,,UTC,2015-06-02T22:30:00+00:00,1433284200,1433284200.0,1433287800.0,281.0,Estádio Manoel Barradas,"Salvador, Bahia",Match Finished,FT,90.0,72,Serie B,Brazil,https://media.api-sports.io/football/leagues/72.png,https://media.api-sports.io/flags/br.svg,2015,Regular Season - 5,136,Vitoria,https://media.api-sports.io/football/teams/136.png,True,140,Criciuma,https://media.api-sports.io/football/teams/140.png,False,2.0,1.0,1.0,0.0,2.0,1.0,,,,,,,
468453,,UTC,2015-06-02T22:30:00+00:00,1433284200,1433284200.0,1433287800.0,260.0,Estádio Leônidas Sodré de Castro,"Belém, Pará",Match Finished,FT,90.0,72,Serie B,Brazil,https://media.api-sports.io/football/leagues/72.png,https://media.api-sports.io/flags/br.svg,2015,Regular Season - 5,149,Paysandu,https://media.api-sports.io/football/teams/149.png,True,13974,Santa Cruz,https://media.api-sports.io/football/teams/13974.png,False,2.0,1.0,1.0,1.0,2.0,1.0,,,,,,,
468455,,UTC,2015-06-02T22:30:00+00:00,1433284200,1433284200.0,1433287800.0,205.0,Estádio Maria Lamas Farache,"Natal, Rio Grande do Norte",Match Finished,FT,90.0,72,Serie B,Brazil,https://media.api-sports.io/football/leagues/72.png,https://media.api-sports.io/flags/br.svg,2015,Regular Season - 5,754,ABC,https://media.api-sports.io/football/teams/754.png,,794,Bragantino,https://media.api-sports.io/football/teams/794.png,,1.0,1.0,1.0,0.0,1.0,1.0,,,,,,,
468454,,UTC,2015-06-02T22:30:00+00:00,1433284200,1433284200.0,1433287800.0,253.0,Itaipava Arena Pernambuco,"Recife, Pernambuco",Match Finished,FT,90.0,72,Serie B,Brazil,https://media.api-sports.io/football/leagues/72.png,https://media.api-sports.io/flags/br.svg,2015,Regular Season - 5,755,Nautico Recife,https://media.api-sports.io/football/teams/755.png,True,129,Ceara,https://media.api-sports.io/football/teams/129.png,False,2.0,0.0,1.0,0.0,2.0,0.0,,,,,,,
468451,,UTC,2015-06-02T22:30:00+00:00,1433284200,1433284200.0,1433287800.0,,Estádio Romildo Vitor Gomes Ferreira,"Mogi Mirim, São Paulo",Match Finished,FT,90.0,72,Serie B,Brazil,https://media.api-sports.io/football/leagues/72.png,https://media.api-sports.io/flags/br.svg,2015,Regular Season - 5,7816,Mogi Mirim,https://media.api-sports.io/football/teams/7816.png,False,153,BOA,https://media.api-sports.io/football/teams/153.png,True,0.0,2.0,0.0,1.0,0.0,2.0,,,,,,,
468457,,UTC,2015-06-03T00:50:00+00:00,1433292600,1433292600.0,1433296200.0,,Estádio Durival de Brito e Silva,"Curitiba, Paraná",Match Finished,FT,90.0,72,Serie B,Brazil,https://media.api-sports.io/football/leagues/72.png,https://media.api-sports.io/flags/br.svg,2015,Regular Season - 5,122,Parana,https://media.api-sports.io/football/teams/122.png,False,120,Botafogo,https://media.api-sports.io/football/teams/120.png,True,1.0,2.0,1.0,1.0,1.0,2.0,,,,,,,
468458,,UTC,2015-06-03T00:50:00+00:00,1433292600,1433292600.0,1433296200.0,,Estádio do Governo do Estado de Goiás,"Goiânia, Goiás",Match Finished,FT,90.0,72,Serie B,Brazil,https://media.api-sports.io/football/leagues/72.png,https://media.api-sports.io/flags/br.svg,2015,Regular Season - 5,144,Atletico Goianiense,https://media.api-sports.io/football/teams/144.png,False,752,Luverdense,https://media.api-sports.io/football/teams/752.png,True,0.0,1.0,0.0,0.0,0.0,1.0,,,,,,,
468459,,UTC,2015-06-03T00:50:00+00:00,1433292600,1433292600.0,1433296200.0,232.0,Estádio Rei Pelé,"Maceió, Alagoas",Match Finished,FT,90.0,72,Serie B,Brazil,https://media.api-sports.io/football/leagues/72.png,https://media.api-sports.io/flags/br.svg,2015,Regular Season - 5,146,CRB,https://media.api-sports.io/football/teams/146.png,True,143,Oeste,https://media.api-sports.io/football/teams/143.png,False,3.0,0.0,1.0,0.0,3.0,0.0,,,,,,,
468456,,UTC,2015-06-03T00:50:00+00:00,1433292600,1433292600.0,1433296200.0,5651.0,Estádio Claúdio Moacir de Azevedo,"Macaé, Rio de Janeiro",Match Finished,FT,90.0,72,Serie B,Brazil,https://media.api-sports.io/football/leagues/72.png,https://media.api-sports.io/flags/br.svg,2015,Regular Season - 5,7815,Macaé,https://media.api-sports.io/football/teams/7815.png,,118,Bahia,https://media.api-sports.io/football/teams/118.png,,0.0,0.0,0.0,0.0,0.0,0.0,,,,,,,
468460,,UTC,2015-06-05T22:30:00+00:00,1433543400,1433543400.0,1433547000.0,281.0,Estádio Manoel Barradas,"Salvador, Bahia",Match Finished,FT,90.0,72,Serie B,Brazil,https://media.api-sports.io/football/leagues/72.png,https://media.api-sports.io/flags/br.svg,2015,Regular Season - 6,136,Vitoria,https://media.api-sports.io/football/teams/136.png,True,144,Atletico Goianiense,https://media.api-sports.io/football/teams/144.png,False,3.0,1.0,1.0,1.0,3.0,1.0,,,,,,,
468461,,UTC,2015-06-05T22:30:00+00:00,1433543400,1433543400.0,1433547000.0,253.0,Itaipava Arena Pernambuco,"Recife, Pernambuco",Match Finished,FT,90.0,72,Serie B,Brazil,https://media.api-sports.io/football/leagues/72.png,https://media.api-sports.io/flags/br.svg,2015,Regular Season - 6,755,Nautico Recife,https://media.api-sports.io/football/teams/755.png,True,125,America Mineiro,https://media.api-sports.io/football/teams/125.png,False,2.0,1.0,1.0,0.0,2.0,1.0,,,,,,,
468462,,UTC,2015-06-06T00:50:00+00:00,1433551800,1433551800.0,1433555400.0,218.0,Estádio Nilton Santos,Rio de Janeiro,Match Finished,FT,90.0,72,Serie B,Brazil,https://media.api-sports.io/football/leagues/72.png,https://media.api-sports.io/flags/br.svg,2015,Regular Season - 6,120,Botafogo,https://media.api-sports.io/football/teams/120.png,True,7816,Mogi Mirim,https://media.api-sports.io/football/teams/7816.png,False,3.0,0.0,1.0,0.0,3.0,0.0,,,,,,,
468465,,UTC,2015-06-06T19:30:00+00:00,1433619000,1433619000.0,1433622600.0,237.0,Estádio Municipal Presidente Getúlio Vargas,"Fortaleza, Ceará",Match Finished,FT,90.0,72,Serie B,Brazil,https://media.api-sports.io/football/leagues/72.png,https://media.api-sports.io/flags/br.svg,2015,Regular Season - 6,129,Ceara,https://media.api-sports.io/football/teams/129.png,False,155,Sampaio Correa,https://media.api-sports.io/football/teams/155.png,True,1.0,3.0,1.0,1.0,1.0,3.0,,,,,,,
468464,,UTC,2015-06-06T19:30:00+00:00,1433619000,1433619000.0,1433622600.0,233.0,Estádio Heriberto Hülse,"Criciúma, Santa Catarina",Match Finished,FT,90.0,72,Serie B,Brazil,https://media.api-sports.io/football/leagues/72.png,https://media.api-sports.io/flags/br.svg,2015,Regular Season - 6,140,Criciuma,https://media.api-sports.io/football/teams/140.png,False,7815,Macaé,https://media.api-sports.io/football/teams/7815.png,True,0.0,3.0,0.0,0.0,0.0,3.0,,,,,,,
468466,,UTC,2015-06-06T19:30:00+00:00,1433619000,1433619000.0,1433622600.0,250.0,Estádio Municipal Passo Das Emas,"Lucas do Rio Verde, Mato Grosso",Match Finished,FT,90.0,72,Serie B,Brazil,https://media.api-sports.io/football/leagues/72.png,https://media.api-sports.io/flags/br.svg,2015,Regular Season - 6,752,Luverdense,https://media.api-sports.io/football/teams/752.png,,13974,Santa Cruz,https://media.api-sports.io/football/teams/13974.png,,2.0,2.0,2.0,1.0,2.0,2.0,,,,,,,
468463,,UTC,2015-06-06T19:30:00+00:00,1433619000,1433619000.0,1433622600.0,220.0,Estádio Nabi Abi Chedid,"Bragança Paulista, São Paulo",Match Finished,FT,90.0,72,Serie B,Brazil,https://media.api-sports.io/football/leagues/72.png,https://media.api-sports.io/flags/br.svg,2015,Regular Season - 6,794,Bragantino,https://media.api-sports.io/football/teams/794.png,True,118,Bahia,https://media.api-sports.io/football/teams/118.png,False,2.0,0.0,1.0,0.0,2.0,0.0,,,,,,,
468469,,UTC,2015-06-07T00:00:00+00:00,1433635200,1433635200.0,1433638800.0,232.0,Estádio Rei Pelé,"Maceió, Alagoas",Match Finished,FT,90.0,72,Serie B,Brazil,https://media.api-sports.io/football/leagues/72.png,https://media.api-sports.io/flags/br.svg,2015,Regular Season - 6,146,CRB,https://media.api-sports.io/football/teams/146.png,False,754,ABC,https://media.api-sports.io/football/teams/754.png,True,0.0,1.0,0.0,0.0,0.0,1.0,,,,,,,
468468,,UTC,2015-06-07T00:00:00+00:00,1433635200,1433635200.0,1433638800.0,262.0,Estádio Estadual Jornalista Edgar Augusto Proença,"Belém, Pará",Match Finished,FT,90.0,72,Serie B,Brazil,https://media.api-sports.io/football/leagues/72.png,https://media.api-sports.io/flags/br.svg,2015,Regular Season - 6,149,Paysandu,https://media.api-sports.io/football/teams/149.png,True,122,Parana,https://media.api-sports.io/football/teams/122.png,False,2.0,1.0,0.0,0.0,2.0,1.0,,,,,,,
468467,,UTC,2015-06-07T00:00:00+00:00,1433635200,1433635200.0,1433638800.0,246.0,Estádio Municipal Prefeito Dilzon Luiz de Melo,"Varginha, Minas Gerais",Match Finished,FT,90.0,72,Serie B,Brazil,https://media.api-sports.io/football/leagues/72.png,https://media.api-sports.io/flags/br.svg,2015,Regular Season - 6,153,BOA,https://media.api-sports.io/football/teams/153.png,False,143,Oeste,https://media.api-sports.io/football/teams/143.png,True,1.0,2.0,1.0,1.0,1.0,2.0,,,,,,,
468470,,UTC,2015-06-09T22:30:00+00:00,1433889000,1433889000.0,1433892600.0,,Estádio Durival de Brito e Silva,"Curitiba, Paraná",Match Finished,FT,90.0,72,Serie B,Brazil,https://media.api-sports.io/football/leagues/72.png,https://media.api-sports.io/flags/br.svg,2015,Regular Season - 7,122,Parana,https://media.api-sports.io/football/teams/122.png,True,752,Luverdense,https://media.api-sports.io/football/teams/752.png,False,1.0,0.0,0.0,0.0,1.0,0.0,,,,,,,
468471,,UTC,2015-06-10T00:50:00+00:00,1433897400,1433897400.0,1433901000.0,2939.0,Estádio Municipal Prefeito José Liberatti,"Osasco, São Paulo",Match Finished,FT,90.0,72,Serie B,Brazil,https://media.api-sports.io/football/leagues/72.png,https://media.api-sports.io/flags/br.svg,2015,Regular Season - 7,143,Oeste,https://media.api-sports.io/football/teams/143.png,False,120,Botafogo,https://media.api-sports.io/football/teams/120.png,True,0.0,1.0,0.0,0.0,0.0,1.0,,,,,,,
468472,,UTC,2015-06-12T22:30:00+00:00,1434148200,1434148200.0,1434151800.0,,Estádio Governador João Castelo Ribeiro Gonçalves,"São Luís, Maranhão",Match Finished,FT,90.0,72,Serie B,Brazil,https://media.api-sports.io/football/leagues/72.png,https://media.api-sports.io/flags/br.svg,2015,Regular Season - 7,155,Sampaio Correa,https://media.api-sports.io/football/teams/155.png,True,140,Criciuma,https://media.api-sports.io/football/teams/140.png,False,3.0,1.0,1.0,1.0,3.0,1.0,,,,,,,
468473,,UTC,2015-06-12T22:30:00+00:00,1434148200,1434148200.0,1434151800.0,205.0,Estádio Maria Lamas Farache,"Natal, Rio Grande do Norte",Match Finished,FT,90.0,72,Serie B,Brazil,https://media.api-sports.io/football/leagues/72.png,https://media.api-sports.io/flags/br.svg,2015,Regular Season - 7,754,ABC,https://media.api-sports.io/football/teams/754.png,False,149,Paysandu,https://media.api-sports.io/football/teams/149.png,True,0.0,2.0,0.0,2.0,0.0,2.0,,,,,,,
468474,,UTC,2015-06-13T00:50:00+00:00,1434156600,1434156600.0,1434160200.0,7803.0,Estádio Jóse do Rego Maciel,"Recife, Pernambuco",Match Finished,FT,90.0,72,Serie B,Brazil,https://media.api-sports.io/football/leagues/72.png,https://media.api-sports.io/flags/br.svg,2015,Regular Season - 7,13974,Santa Cruz,https://media.api-sports.io/football/teams/13974.png,,153,BOA,https://media.api-sports.io/football/teams/153.png,,0.0,0.0,0.0,0.0,0.0,0.0,,,,,,,
468475,,UTC,2015-06-13T19:30:00+00:00,1434223800,1434223800.0,1434227400.0,216.0,Arena Fonte Nova,"Salvador, Bahia",Match Finished,FT,90.0,72,Serie B,Brazil,https://media.api-sports.io/football/leagues/72.png,https://media.api-sports.io/flags/br.svg,2015,Regular Season - 7,118,Bahia,https://media.api-sports.io/football/teams/118.png,True,129,Ceara,https://media.api-sports.io/football/teams/129.png,False,1.0,0.0,0.0,0.0,1.0,0.0,,,,,,,
468477,,UTC,2015-06-13T19:30:00+00:00,1434223800,1434223800.0,1434227400.0,,Estádio do Governo do Estado de Goiás,"Goiânia, Goiás",Match Finished,FT,90.0,72,Serie B,Brazil,https://media.api-sports.io/football/leagues/72.png,https://media.api-sports.io/flags/br.svg,2015,Regular Season - 7,144,Atletico Goianiense,https://media.api-sports.io/football/teams/144.png,True,755,Nautico Recife,https://media.api-sports.io/football/teams/755.png,False,2.0,0.0,1.0,0.0,2.0,0.0,,,,,,,
468476,,UTC,2015-06-13T19:30:00+00:00,1434223800,1434223800.0,1434227400.0,,Estádio Romildo Vitor Gomes Ferreira,"Mogi Mirim, São Paulo",Match Finished,FT,90.0,72,Serie B,Brazil,https://media.api-sports.io/football/leagues/72.png,https://media.api-sports.io/flags/br.svg,2015,Regular Season - 7,7816,Mogi Mirim,https://media.api-sports.io/football/teams/7816.png,,136,Vitoria,https://media.api-sports.io/football/teams/136.png,,1.0,1.0,0.0,1.0,1.0,1.0,,,,,,,
468479,,UTC,2015-06-14T00:00:00+00:00,1434240000,1434240000.0,1434243600.0,206.0,Estádio Raimundo Sampaio,"Belo Horizonte, Minas Gerais",Match Finished,FT,90.0,72,Serie B,Brazil,https://media.api-sports.io/football/leagues/72.png,https://media.api-sports.io/flags/br.svg,2015,Regular Season - 7,125,America Mineiro,https://media.api-sports.io/football/teams/125.png,True,146,CRB,https://media.api-sports.io/football/teams/146.png,False,1.0,0.0,1.0,0.0,1.0,0.0,,,,,,,
468478,,UTC,2015-06-14T00:00:00+00:00,1434240000,1434240000.0,1434243600.0,5651.0,Estádio Claúdio Moacir de Azevedo,"Macaé, Rio de Janeiro",Match Finished,FT,90.0,72,Serie B,Brazil,https://media.api-sports.io/football/leagues/72.png,https://media.api-sports.io/flags/br.svg,2015,Regular Season - 7,7815,Macaé,https://media.api-sports.io/football/teams/7815.png,False,794,Bragantino,https://media.api-sports.io/football/teams/794.png,True,2.0,5.0,1.0,1.0,2.0,5.0,,,,,,,
468480,,UTC,2015-06-16T22:30:00+00:00,1434493800,1434493800.0,1434497400.0,253.0,Itaipava Arena Pernambuco,"Recife, Pernambuco",Match Finished,FT,90.0,72,Serie B,Brazil,https://media.api-sports.io/football/leagues/72.png,https://media.api-sports.io/flags/br.svg,2015,Regular Season - 8,755,Nautico Recife,https://media.api-sports.io/football/teams/755.png,,149,Paysandu,https://media.api-sports.io/football/teams/149.png,,1.0,1.0,1.0,0.0,1.0,1.0,,,,,,,
468481,,UTC,2015-06-17T00:50:00+00:00,1434502200,1434502200.0,1434505800.0,250.0,Estádio Municipal Passo Das Emas,"Lucas do Rio Verde, Mato Grosso",Match Finished,FT,90.0,72,Serie B,Brazil,https://media.api-sports.io/football/leagues/72.png,https://media.api-sports.io/flags/br.svg,2015,Regular Season - 8,752,Luverdense,https://media.api-sports.io/football/teams/752.png,False,140,Criciuma,https://media.api-sports.io/football/teams/140.png,True,0.0,1.0,0.0,1.0,0.0,1.0,,,,,,,
468482,,UTC,2015-06-19T22:30:00+00:00,1434753000,1434753000.0,1434756600.0,,Estádio Durival de Brito e Silva,"Curitiba, Paraná",Match Finished,FT,90.0,72,Serie B,Brazil,https://media.api-sports.io/football/leagues/72.png,https://media.api-sports.io/flags/br.svg,2015,Regular Season - 8,122,Parana,https://media.api-sports.io/football/teams/122.png,True,7816,Mogi Mirim,https://media.api-sports.io/football/teams/7816.png,False,3.0,1.0,0.0,1.0,3.0,1.0,,,,,,,
468483,,UTC,2015-06-19T22:30:00+00:00,1434753000,1434753000.0,1434756600.0,,Estádio Governador João Castelo Ribeiro Gonçalves,"São Luís, Maranhão",Match Finished,FT,90.0,72,Serie B,Brazil,https://media.api-sports.io/football/leagues/72.png,https://media.api-sports.io/flags/br.svg,2015,Regular Season - 8,155,Sampaio Correa,https://media.api-sports.io/football/teams/155.png,,118,Bahia,https://media.api-sports.io/football/teams/118.png,,0.0,0.0,0.0,0.0,0.0,0.0,,,,,,,
468484,,UTC,2015-06-20T00:50:00+00:00,1434761400,1434761400.0,1434765000.0,218.0,Estádio Nilton Santos,Rio de Janeiro,Match Finished,FT,90.0,72,Serie B,Brazil,https://media.api-sports.io/football/leagues/72.png,https://media.api-sports.io/flags/br.svg,2015,Regular Season - 8,120,Botafogo,https://media.api-sports.io/football/teams/120.png,,153,BOA,https://media.api-sports.io/football/teams/153.png,,1.0,1.0,1.0,1.0,1.0,1.0,,,,,,,
468486,,UTC,2015-06-20T19:30:00+00:00,1434828600,1434828600.0,1434832200.0,206.0,Estádio Raimundo Sampaio,"Belo Horizonte, Minas Gerais",Match Finished,FT,90.0,72,Serie B,Brazil,https://media.api-sports.io/football/leagues/72.png,https://media.api-sports.io/flags/br.svg,2015,Regular Season - 8,125,America Mineiro,https://media.api-sports.io/football/teams/125.png,True,144,Atletico Goianiense,https://media.api-sports.io/football/teams/144.png,False,1.0,0.0,1.0,0.0,1.0,0.0,,,,,,,
468487,,UTC,2015-06-20T19:30:00+00:00,1434828600,1434828600.0,1434832200.0,225.0,Estádio Governador Plácido Aderaldo Castelo,"Fortaleza, Ceará",Match Finished,FT,90.0,72,Serie B,Brazil,https://media.api-sports.io/football/leagues/72.png,https://media.api-sports.io/flags/br.svg,2015,Regular Season - 8,129,Ceara,https://media.api-sports.io/football/teams/129.png,,13974,Santa Cruz,https://media.api-sports.io/football/teams/13974.png,,3.0,3.0,1.0,1.0,3.0,3.0,,,,,,,
468485,,UTC,2015-06-20T19:30:00+00:00,1434828600,1434828600.0,1434832200.0,281.0,Estádio Manoel Barradas,"Salvador, Bahia",Match Finished,FT,90.0,72,Serie B,Brazil,https://media.api-sports.io/football/leagues/72.png,https://media.api-sports.io/flags/br.svg,2015,Regular Season - 8,136,Vitoria,https://media.api-sports.io/football/teams/136.png,True,754,ABC,https://media.api-sports.io/football/teams/754.png,False,2.0,0.0,2.0,0.0,2.0,0.0,,,,,,,
468489,,UTC,2015-06-21T00:00:00+00:00,1434844800,1434844800.0,1434848400.0,232.0,Estádio Rei Pelé,"Maceió, Alagoas",Match Finished,FT,90.0,72,Serie B,Brazil,https://media.api-sports.io/football/leagues/72.png,https://media.api-sports.io/flags/br.svg,2015,Regular Season - 8,146,CRB,https://media.api-sports.io/football/teams/146.png,True,7815,Macaé,https://media.api-sports.io/football/teams/7815.png,False,3.0,1.0,2.0,0.0,3.0,1.0,,,,,,,
468488,,UTC,2015-06-21T00:00:00+00:00,1434844800,1434844800.0,1434848400.0,220.0,Estádio Nabi Abi Chedid,"Bragança Paulista, São Paulo",Match Finished,FT,90.0,72,Serie B,Brazil,https://media.api-sports.io/football/leagues/72.png,https://media.api-sports.io/flags/br.svg,2015,Regular Season - 8,794,Bragantino,https://media.api-sports.io/football/teams/794.png,True,143,Oeste,https://media.api-sports.io/football/teams/143.png,False,3.0,1.0,2.0,0.0,3.0,1.0,,,,,,,
468490,,UTC,2015-06-23T22:30:00+00:00,1435098600,1435098600.0,1435102200.0,233.0,Estádio Heriberto Hülse,"Criciúma, Santa Catarina",Match Finished,FT,90.0,72,Serie B,Brazil,https://media.api-sports.io/football/leagues/72.png,https://media.api-sports.io/flags/br.svg,2015,Regular Season - 9,140,Criciuma,https://media.api-sports.io/football/teams/140.png,,125,America Mineiro,https://media.api-sports.io/football/teams/125.png,,2.0,2.0,2.0,1.0,2.0,2.0,,,,,,,
468491,,UTC,2015-06-24T00:50:00+00:00,1435107000,1435107000.0,1435110600.0,262.0,Estádio Estadual Jornalista Edgar Augusto Proença,"Belém, Pará",Match Finished,FT,90.0,72,Serie B,Brazil,https://media.api-sports.io/football/leagues/72.png,https://media.api-sports.io/flags/br.svg,2015,Regular Season - 9,149,Paysandu,https://media.api-sports.io/football/teams/149.png,True,136,Vitoria,https://media.api-sports.io/football/teams/136.png,False,1.0,0.0,0.0,0.0,1.0,0.0,,,,,,,
468493,,UTC,2015-06-27T00:00:00+00:00,1435363200,1435363200.0,1435366800.0,2939.0,Estádio Municipal Prefeito José Liberatti,"Osasco, São Paulo",Match Finished,FT,90.0,72,Serie B,Brazil,https://media.api-sports.io/football/leagues/72.png,https://media.api-sports.io/flags/br.svg,2015,Regular Season - 9,143,Oeste,https://media.api-sports.io/football/teams/143.png,True,129,Ceara,https://media.api-sports.io/football/teams/129.png,False,2.0,0.0,0.0,0.0,2.0,0.0,,,,,,,
468492,,UTC,2015-06-27T00:00:00+00:00,1435363200,1435363200.0,1435366800.0,,Estádio do Governo do Estado de Goiás,"Goiânia, Goiás",Match Finished,FT,90.0,72,Serie B,Brazil,https://media.api-sports.io/football/leagues/72.png,https://media.api-sports.io/flags/br.svg,2015,Regular Season - 9,144,Atletico Goianiense,https://media.api-sports.io/football/teams/144.png,,122,Parana,https://media.api-sports.io/football/teams/122.png,,1.0,1.0,1.0,1.0,1.0,1.0,,,,,,,
468494,,UTC,2015-06-27T19:30:00+00:00,1435433400,1435433400.0,1435437000.0,216.0,Arena Fonte Nova,"Salvador, Bahia",Match Finished,FT,90.0,72,Serie B,Brazil,https://media.api-sports.io/football/leagues/72.png,https://media.api-sports.io/flags/br.svg,2015,Regular Season - 9,118,Bahia,https://media.api-sports.io/football/teams/118.png,True,752,Luverdense,https://media.api-sports.io/football/teams/752.png,False,1.0,0.0,0.0,0.0,1.0,0.0,,,,,,,
468498,,UTC,2015-06-27T19:30:00+00:00,1435433400,1435433400.0,1435437000.0,205.0,Estádio Maria Lamas Farache,"Natal, Rio Grande do Norte",Match Finished,FT,90.0,72,Serie B,Brazil,https://media.api-sports.io/football/leagues/72.png,https://media.api-sports.io/flags/br.svg,2015,Regular Season - 9,754,ABC,https://media.api-sports.io/football/teams/754.png,,755,Nautico Recife,https://media.api-sports.io/football/teams/755.png,,3.0,3.0,1.0,2.0,3.0,3.0,,,,,,,
468495,,UTC,2015-06-27T19:30:00+00:00,1435433400,1435433400.0,1435437000.0,5651.0,Estádio Claúdio Moacir de Azevedo,"Macaé, Rio de Janeiro",Match Finished,FT,90.0,72,Serie B,Brazil,https://media.api-sports.io/football/leagues/72.png,https://media.api-sports.io/flags/br.svg,2015,Regular Season - 9,7815,Macaé,https://media.api-sports.io/football/teams/7815.png,True,120,Botafogo,https://media.api-sports.io/football/teams/120.png,False,4.0,2.0,3.0,0.0,4.0,2.0,,,,,,,
468496,,UTC,2015-06-27T19:30:00+00:00,1435433400,1435433400.0,1435437000.0,,Estádio Romildo Vitor Gomes Ferreira,"Mogi Mirim, São Paulo",Match Finished,FT,90.0,72,Serie B,Brazil,https://media.api-sports.io/football/leagues/72.png,https://media.api-sports.io/flags/br.svg,2015,Regular Season - 9,7816,Mogi Mirim,https://media.api-sports.io/football/teams/7816.png,False,146,CRB,https://media.api-sports.io/football/teams/146.png,True,0.0,1.0,0.0,0.0,0.0,1.0,,,,,,,
468497,,UTC,2015-06-27T19:30:00+00:00,1435433400,1435433400.0,1435437000.0,7803.0,Estádio Jóse do Rego Maciel,"Recife, Pernambuco",Match Finished,FT,90.0,72,Serie B,Brazil,https://media.api-sports.io/football/leagues/72.png,https://media.api-sports.io/flags/br.svg,2015,Regular Season - 9,13974,Santa Cruz,https://media.api-sports.io/football/teams/13974.png,True,155,Sampaio Correa,https://media.api-sports.io/football/teams/155.png,False,1.0,0.0,0.0,0.0,1.0,0.0,,,,,,,
468499,,UTC,2015-06-28T00:00:00+00:00,1435449600,1435449600.0,1435453200.0,246.0,Estádio Municipal Prefeito Dilzon Luiz de Melo,"Varginha, Minas Gerais",Match Finished,FT,90.0,72,Serie B,Brazil,https://media.api-sports.io/football/leagues/72.png,https://media.api-sports.io/flags/br.svg,2015,Regular Season - 9,153,BOA,https://media.api-sports.io/football/teams/153.png,True,794,Bragantino,https://media.api-sports.io/football/teams/794.png,False,3.0,0.0,1.0,0.0,3.0,0.0,,,,,,,
468500,,UTC,2015-06-30T21:30:00+00:00,1435699800,1435699800.0,1435703400.0,262.0,Estádio Estadual Jornalista Edgar Augusto Proença,"Belém, Pará",Match Finished,FT,90.0,72,Serie B,Brazil,https://media.api-sports.io/football/leagues/72.png,https://media.api-sports.io/flags/br.svg,2015,Regular Season - 10,149,Paysandu,https://media.api-sports.io/football/teams/149.png,True,144,Atletico Goianiense,https://media.api-sports.io/football/teams/144.png,False,2.0,0.0,1.0,0.0,2.0,0.0,,,,,,,
468501,,UTC,2015-07-01T01:30:00+00:00,1435714200,1435714200.0,1435717800.0,250.0,Estádio Municipal Passo Das Emas,"Lucas do Rio Verde, Mato Grosso",Match Finished,FT,90.0,72,Serie B,Brazil,https://media.api-sports.io/football/leagues/72.png,https://media.api-sports.io/flags/br.svg,2015,Regular Season - 10,752,Luverdense,https://media.api-sports.io/football/teams/752.png,True,129,Ceara,https://media.api-sports.io/football/teams/129.png,False,3.0,0.0,1.0,0.0,3.0,0.0,,,,,,,
468502,,UTC,2015-07-03T22:30:00+00:00,1435962600,1435962600.0,1435966200.0,,Estádio Durival de Brito e Silva,"Curitiba, Paraná",Match Finished,FT,90.0,72,Serie B,Brazil,https://media.api-sports.io/football/leagues/72.png,https://media.api-sports.io/flags/br.svg,2015,Regular Season - 10,122,Parana,https://media.api-sports.io/football/teams/122.png,,140,Criciuma,https://media.api-sports.io/football/teams/140.png,,0.0,0.0,0.0,0.0,0.0,0.0,,,,,,,
468503,,UTC,2015-07-04T00:50:00+00:00,1435971000,1435971000.0,1435974600.0,218.0,Estádio Nilton Santos,Rio de Janeiro,Match Finished,FT,90.0,72,Serie B,Brazil,https://media.api-sports.io/football/leagues/72.png,https://media.api-sports.io/flags/br.svg,2015,Regular Season - 10,120,Botafogo,https://media.api-sports.io/football/teams/120.png,True,155,Sampaio Correa,https://media.api-sports.io/football/teams/155.png,False,5.0,0.0,3.0,0.0,5.0,0.0,,,,,,,
468504,,UTC,2015-07-04T19:30:00+00:00,1436038200,1436038200.0,1436041800.0,281.0,Estádio Manoel Barradas,"Salvador, Bahia",Match Finished,FT,90.0,72,Serie B,Brazil,https://media.api-sports.io/football/leagues/72.png,https://media.api-sports.io/flags/br.svg,2015,Regular Season - 10,136,Vitoria,https://media.api-sports.io/football/teams/136.png,True,118,Bahia,https://media.api-sports.io/football/teams/118.png,False,4.0,1.0,1.0,0.0,4.0,1.0,,,,,,,
468507,,UTC,2015-07-04T19:30:00+00:00,1436038200,1436038200.0,1436041800.0,205.0,Estádio Maria Lamas Farache,"Natal, Rio Grande do Norte",Match Finished,FT,90.0,72,Serie B,Brazil,https://media.api-sports.io/football/leagues/72.png,https://media.api-sports.io/flags/br.svg,2015,Regular Season - 10,754,ABC,https://media.api-sports.io/football/teams/754.png,,7815,Macaé,https://media.api-sports.io/football/teams/7815.png,,1.0,1.0,0.0,1.0,1.0,1.0,,,,,,,
468506,,UTC,2015-07-04T19:30:00+00:00,1436038200,1436038200.0,1436041800.0,253.0,Itaipava Arena Pernambuco,"Recife, Pernambuco",Match Finished,FT,90.0,72,Serie B,Brazil,https://media.api-sports.io/football/leagues/72.png,https://media.api-sports.io/flags/br.svg,2015,Regular Season - 10,755,Nautico Recife,https://media.api-sports.io/football/teams/755.png,True,143,Oeste,https://media.api-sports.io/football/teams/143.png,False,2.0,1.0,0.0,0.0,2.0,1.0,,,,,,,
468505,,UTC,2015-07-04T19:30:00+00:00,1436038200,1436038200.0,1436041800.0,220.0,Estádio Nabi Abi Chedid,"Bragança Paulista, São Paulo",Match Finished,FT,90.0,72,Serie B,Brazil,https://media.api-sports.io/football/leagues/72.png,https://media.api-sports.io/flags/br.svg,2015,Regular Season - 10,794,Bragantino,https://media.api-sports.io/football/teams/794.png,False,13974,Santa Cruz,https://media.api-sports.io/football/teams/13974.png,True,1.0,2.0,0.0,0.0,1.0,2.0,,,,,,,
468508,,UTC,2015-07-05T00:00:00+00:00,1436054400,1436054400.0,1436058000.0,206.0,Estádio Raimundo Sampaio,"Belo Horizonte, Minas Gerais",Match Finished,FT,90.0,72,Serie B,Brazil,https://media.api-sports.io/football/leagues/72.png,https://media.api-sports.io/flags/br.svg,2015,Regular Season - 10,125,America Mineiro,https://media.api-sports.io/football/teams/125.png,True,7816,Mogi Mirim,https://media.api-sports.io/football/teams/7816.png,False,3.0,1.0,1.0,1.0,3.0,1.0,,,,,,,
468509,,UTC,2015-07-05T00:00:00+00:00,1436054400,1436054400.0,1436058000.0,232.0,Estádio Rei Pelé,"Maceió, Alagoas",Match Finished,FT,90.0,72,Serie B,Brazil,https://media.api-sports.io/football/leagues/72.png,https://media.api-sports.io/flags/br.svg,2015,Regular Season - 10,146,CRB,https://media.api-sports.io/football/teams/146.png,,153,BOA,https://media.api-sports.io/football/teams/153.png,,1.0,1.0,0.0,0.0,1.0,1.0,,,,,,,
468510,,UTC,2015-07-07T22:30:00+00:00,1436308200,1436308200.0,1436311800.0,216.0,Arena Fonte Nova,"Salvador, Bahia",Match Finished,FT,90.0,72,Serie B,Brazil,https://media.api-sports.io/football/leagues/72.png,https://media.api-sports.io/flags/br.svg,2015,Regular Season - 11,118,Bahia,https://media.api-sports.io/football/teams/118.png,True,149,Paysandu,https://media.api-sports.io/football/teams/149.png,False,2.0,0.0,1.0,0.0,2.0,0.0,,,,,,,
468514,,UTC,2015-07-07T22:30:00+00:00,1436308200,1436308200.0,1436311800.0,233.0,Estádio Heriberto Hülse,"Criciúma, Santa Catarina",Match Finished,FT,90.0,72,Serie B,Brazil,https://media.api-sports.io/football/leagues/72.png,https://media.api-sports.io/flags/br.svg,2015,Regular Season - 11,140,Criciuma,https://media.api-sports.io/football/teams/140.png,True,794,Bragantino,https://media.api-sports.io/football/teams/794.png,False,1.0,0.0,1.0,0.0,1.0,0.0,,,,,,,
468517,,UTC,2015-07-07T22:30:00+00:00,1436308200,1436308200.0,1436311800.0,2939.0,Estádio Municipal Prefeito José Liberatti,"Osasco, São Paulo",Match Finished,FT,90.0,72,Serie B,Brazil,https://media.api-sports.io/football/leagues/72.png,https://media.api-sports.io/flags/br.svg,2015,Regular Season - 11,143,Oeste,https://media.api-sports.io/football/teams/143.png,True,122,Parana,https://media.api-sports.io/football/teams/122.png,False,1.0,0.0,0.0,0.0,1.0,0.0,,,,,,,
468516,,UTC,2015-07-07T22:30:00+00:00,1436308200,1436308200.0,1436311800.0,,Estádio do Governo do Estado de Goiás,"Goiânia, Goiás",Match Finished,FT,90.0,72,Serie B,Brazil,https://media.api-sports.io/football/leagues/72.png,https://media.api-sports.io/flags/br.svg,2015,Regular Season - 11,144,Atletico Goianiense,https://media.api-sports.io/football/teams/144.png,False,754,ABC,https://media.api-sports.io/football/teams/754.png,True,1.0,2.0,1.0,1.0,1.0,2.0,,,,,,,
468513,,UTC,2015-07-07T22:30:00+00:00,1436308200,1436308200.0,1436311800.0,246.0,Estádio Municipal Prefeito Dilzon Luiz de Melo,"Varginha, Minas Gerais",Match Finished,FT,90.0,72,Serie B,Brazil,https://media.api-sports.io/football/leagues/72.png,https://media.api-sports.io/flags/br.svg,2015,Regular Season - 11,153,BOA,https://media.api-sports.io/football/teams/153.png,,136,Vitoria,https://media.api-sports.io/football/teams/136.png,,0.0,0.0,0.0,0.0,0.0,0.0,,,,,,,
468515,,UTC,2015-07-07T22:30:00+00:00,1436308200,1436308200.0,1436311800.0,,Estádio Governador João Castelo Ribeiro Gonçalves,"São Luís, Maranhão",Match Finished,FT,90.0,72,Serie B,Brazil,https://media.api-sports.io/football/leagues/72.png,https://media.api-sports.io/flags/br.svg,2015,Regular Season - 11,155,Sampaio Correa,https://media.api-sports.io/football/teams/155.png,True,752,Luverdense,https://media.api-sports.io/football/teams/752.png,False,3.0,1.0,1.0,0.0,3.0,1.0,,,,,,,
468511,,UTC,2015-07-07T22:30:00+00:00,1436308200,1436308200.0,1436311800.0,5651.0,Estádio Claúdio Moacir de Azevedo,"Macaé, Rio de Janeiro",Match Finished,FT,90.0,72,Serie B,Brazil,https://media.api-sports.io/football/leagues/72.png,https://media.api-sports.io/flags/br.svg,2015,Regular Season - 11,7815,Macaé,https://media.api-sports.io/football/teams/7815.png,,125,America Mineiro,https://media.api-sports.io/football/teams/125.png,,1.0,1.0,1.0,0.0,1.0,1.0,,,,,,,
468512,,UTC,2015-07-07T22:30:00+00:00,1436308200,1436308200.0,1436311800.0,,Estádio Romildo Vitor Gomes Ferreira,"Mogi Mirim, São Paulo",Match Finished,FT,90.0,72,Serie B,Brazil,https://media.api-sports.io/football/leagues/72.png,https://media.api-sports.io/flags/br.svg,2015,Regular Season - 11,7816,Mogi Mirim,https://media.api-sports.io/football/teams/7816.png,True,755,Nautico Recife,https://media.api-sports.io/football/teams/755.png,False,2.0,1.0,0.0,1.0,2.0,1.0,,,,,,,
468519,,UTC,2015-07-08T00:50:00+00:00,1436316600,1436316600.0,1436320200.0,225.0,Estádio Governador Plácido Aderaldo Castelo,"Fortaleza, Ceará",Match Finished,FT,90.0,72,Serie B,Brazil,https://media.api-sports.io/football/leagues/72.png,https://media.api-sports.io/flags/br.svg,2015,Regular Season - 11,129,Ceara,https://media.api-sports.io/football/teams/129.png,,120,Botafogo,https://media.api-sports.io/football/teams/120.png,,0.0,0.0,0.0,0.0,0.0,0.0,,,,,,,
468518,,UTC,2015-07-08T00:50:00+00:00,1436316600,1436316600.0,1436320200.0,7803.0,Estádio Jóse do Rego Maciel,"Recife, Pernambuco",Match Finished,FT,90.0,72,Serie B,Brazil,https://media.api-sports.io/football/leagues/72.png,https://media.api-sports.io/flags/br.svg,2015,Regular Season - 11,13974,Santa Cruz,https://media.api-sports.io/football/teams/13974.png,True,146,CRB,https://media.api-sports.io/football/teams/146.png,False,2.0,1.0,0.0,1.0,2.0,1.0,,,,,,,
468521,,UTC,2015-07-10T22:30:00+00:00,1436567400,1436567400.0,1436571000.0,225.0,Estádio Governador Plácido Aderaldo Castelo,"Fortaleza, Ceará",Match Finished,FT,90.0,72,Serie B,Brazil,https://media.api-sports.io/football/leagues/72.png,https://media.api-sports.io/flags/br.svg,2015,Regular Season - 12,129,Ceara,https://media.api-sports.io/football/teams/129.png,,140,Criciuma,https://media.api-sports.io/football/teams/140.png,,1.0,1.0,1.0,1.0,1.0,1.0,,,,,,,
468522,,UTC,2015-07-10T22:30:00+00:00,1436567400,1436567400.0,1436571000.0,,Estádio do Governo do Estado de Goiás,"Goiânia, Goiás",Match Finished,FT,90.0,72,Serie B,Brazil,https://media.api-sports.io/football/leagues/72.png,https://media.api-sports.io/flags/br.svg,2015,Regular Season - 12,144,Atletico Goianiense,https://media.api-sports.io/football/teams/144.png,,7816,Mogi Mirim,https://media.api-sports.io/football/teams/7816.png,,1.0,1.0,0.0,0.0,1.0,1.0,,,,,,,
468520,,UTC,2015-07-10T22:30:00+00:00,1436567400,1436567400.0,1436571000.0,5651.0,Estádio Claúdio Moacir de Azevedo,"Macaé, Rio de Janeiro",Match Finished,FT,90.0,72,Serie B,Brazil,https://media.api-sports.io/football/leagues/72.png,https://media.api-sports.io/flags/br.svg,2015,Regular Season - 12,7815,Macaé,https://media.api-sports.io/football/teams/7815.png,True,149,Paysandu,https://media.api-sports.io/football/teams/149.png,False,2.0,1.0,0.0,1.0,2.0,1.0,,,,,,,
468523,,UTC,2015-07-11T00:50:00+00:00,1436575800,1436575800.0,1436579400.0,220.0,Estádio Nabi Abi Chedid,"Bragança Paulista, São Paulo",Match Finished,FT,90.0,72,Serie B,Brazil,https://media.api-sports.io/football/leagues/72.png,https://media.api-sports.io/flags/br.svg,2015,Regular Season - 12,794,Bragantino,https://media.api-sports.io/football/teams/794.png,True,120,Botafogo,https://media.api-sports.io/football/teams/120.png,False,1.0,0.0,1.0,0.0,1.0,0.0,,,,,,,
468525,,UTC,2015-07-11T19:30:00+00:00,1436643000,1436643000.0,1436646600.0,,Estádio Durival de Brito e Silva,"Curitiba, Paraná",Match Finished,FT,90.0,72,Serie B,Brazil,https://media.api-sports.io/football/leagues/72.png,https://media.api-sports.io/flags/br.svg,2015,Regular Season - 12,122,Parana,https://media.api-sports.io/football/teams/122.png,False,136,Vitoria,https://media.api-sports.io/football/teams/136.png,True,0.0,1.0,0.0,0.0,0.0,1.0,,,,,,,
468524,,UTC,2015-07-11T19:30:00+00:00,1436643000,1436643000.0,1436646600.0,206.0,Estádio Raimundo Sampaio,"Belo Horizonte, Minas Gerais",Match Finished,FT,90.0,72,Serie B,Brazil,https://media.api-sports.io/football/leagues/72.png,https://media.api-sports.io/flags/br.svg,2015,Regular Season - 12,125,America Mineiro,https://media.api-sports.io/football/teams/125.png,True,754,ABC,https://media.api-sports.io/football/teams/754.png,False,2.0,1.0,0.0,1.0,2.0,1.0,,,,,,,
468528,,UTC,2015-07-11T19:30:00+00:00,1436643000,1436643000.0,1436646600.0,232.0,Estádio Rei Pelé,"Maceió, Alagoas",Match Finished,FT,90.0,72,Serie B,Brazil,https://media.api-sports.io/football/leagues/72.png,https://media.api-sports.io/flags/br.svg,2015,Regular Season - 12,146,CRB,https://media.api-sports.io/football/teams/146.png,,752,Luverdense,https://media.api-sports.io/football/teams/752.png,,0.0,0.0,0.0,0.0,0.0,0.0,,,,,,,
468526,,UTC,2015-07-11T19:30:00+00:00,1436643000,1436643000.0,1436646600.0,,Estádio Governador João Castelo Ribeiro Gonçalves,"São Luís, Maranhão",Match Finished,FT,90.0,72,Serie B,Brazil,https://media.api-sports.io/football/leagues/72.png,https://media.api-sports.io/flags/br.svg,2015,Regular Season - 12,155,Sampaio Correa,https://media.api-sports.io/football/teams/155.png,True,153,BOA,https://media.api-sports.io/football/teams/153.png,False,3.0,0.0,0.0,0.0,3.0,0.0,,,,,,,
468527,,UTC,2015-07-11T19:30:00+00:00,1436643000,1436643000.0,1436646600.0,253.0,Itaipava Arena Pernambuco,"Recife, Pernambuco",Match Finished,FT,90.0,72,Serie B,Brazil,https://media.api-sports.io/football/leagues/72.png,https://media.api-sports.io/flags/br.svg,2015,Regular Season - 12,755,Nautico Recife,https://media.api-sports.io/football/teams/755.png,True,13974,Santa Cruz,https://media.api-sports.io/football/teams/13974.png,False,2.0,1.0,0.0,0.0,2.0,1.0,,,,,,,
468529,,UTC,2015-07-12T00:00:00+00:00,1436659200,1436659200.0,1436662800.0,216.0,Arena Fonte Nova,"Salvador, Bahia",Match Finished,FT,90.0,72,Serie B,Brazil,https://media.api-sports.io/football/leagues/72.png,https://media.api-sports.io/flags/br.svg,2015,Regular Season - 12,118,Bahia,https://media.api-sports.io/football/teams/118.png,True,143,Oeste,https://media.api-sports.io/football/teams/143.png,False,1.0,0.0,1.0,0.0,1.0,0.0,,,,,,,
468531,,UTC,2015-07-14T22:30:00+00:00,1436913000,1436913000.0,1436916600.0,205.0,Estádio Maria Lamas Farache,"Natal, Rio Grande do Norte",Match Finished,FT,90.0,72,Serie B,Brazil,https://media.api-sports.io/football/leagues/72.png,https://media.api-sports.io/flags/br.svg,2015,Regular Season - 13,754,ABC,https://media.api-sports.io/football/teams/754.png,False,122,Parana,https://media.api-sports.io/football/teams/122.png,True,1.0,4.0,1.0,0.0,1.0,4.0,,,,,,,
468530,,UTC,2015-07-14T22:30:00+00:00,1436913000,1436913000.0,1436916600.0,,Estádio Romildo Vitor Gomes Ferreira,"Mogi Mirim, São Paulo",Match Finished,FT,90.0,72,Serie B,Brazil,https://media.api-sports.io/football/leagues/72.png,https://media.api-sports.io/flags/br.svg,2015,Regular Season - 13,7816,Mogi Mirim,https://media.api-sports.io/football/teams/7816.png,True,7815,Macaé,https://media.api-sports.io/football/teams/7815.png,False,3.0,1.0,3.0,0.0,3.0,1.0,,,,,,,
468532,,UTC,2015-07-18T00:50:00+00:00,1437180600,1437180600.0,1437184200.0,281.0,Estádio Manoel Barradas,"Salvador, Bahia",Match Finished,FT,90.0,72,Serie B,Brazil,https://media.api-sports.io/football/leagues/72.png,https://media.api-sports.io/flags/br.svg,2015,Regular Season - 13,136,Vitoria,https://media.api-sports.io/football/teams/136.png,True,146,CRB,https://media.api-sports.io/football/teams/146.png,False,3.0,1.0,3.0,0.0,3.0,1.0,,,,,,,
468533,,UTC,2015-07-18T00:50:00+00:00,1437180600,1437180600.0,1437184200.0,250.0,Estádio Municipal Passo Das Emas,"Lucas do Rio Verde, Mato Grosso",Match Finished,FT,90.0,72,Serie B,Brazil,https://media.api-sports.io/football/leagues/72.png,https://media.api-sports.io/flags/br.svg,2015,Regular Season - 13,752,Luverdense,https://media.api-sports.io/football/teams/752.png,True,794,Bragantino,https://media.api-sports.io/football/teams/794.png,False,2.0,1.0,0.0,0.0,2.0,1.0,,,,,,,
468534,,UTC,2015-07-18T19:30:00+00:00,1437247800,1437247800.0,1437251400.0,218.0,Estádio Nilton Santos,Rio de Janeiro,Match Finished,FT,90.0,72,Serie B,Brazil,https://media.api-sports.io/football/leagues/72.png,https://media.api-sports.io/flags/br.svg,2015,Regular Season - 13,120,Botafogo,https://media.api-sports.io/football/teams/120.png,True,755,Nautico Recife,https://media.api-sports.io/football/teams/755.png,False,1.0,0.0,0.0,0.0,1.0,0.0,,,,,,,
468535,,UTC,2015-07-18T19:30:00+00:00,1437247800,1437247800.0,1437251400.0,233.0,Estádio Heriberto Hülse,"Criciúma, Santa Catarina",Match Finished,FT,90.0,72,Serie B,Brazil,https://media.api-sports.io/football/leagues/72.png,https://media.api-sports.io/flags/br.svg,2015,Regular Season - 13,140,Criciuma,https://media.api-sports.io/football/teams/140.png,True,118,Bahia,https://media.api-sports.io/football/teams/118.png,False,2.0,1.0,1.0,0.0,2.0,1.0,,,,,,,
468536,,UTC,2015-07-18T19:30:00+00:00,1437247800,1437247800.0,1437251400.0,262.0,Estádio Estadual Jornalista Edgar Augusto Proença,"Belém, Pará",Match Finished,FT,90.0,72,Serie B,Brazil,https://media.api-sports.io/football/leagues/72.png,https://media.api-sports.io/flags/br.svg,2015,Regular Season - 13,149,Paysandu,https://media.api-sports.io/football/teams/149.png,,155,Sampaio Correa,https://media.api-sports.io/football/teams/155.png,,1.0,1.0,0.0,0.0,1.0,1.0,,,,,,,
468537,,UTC,2015-07-18T19:30:00+00:00,1437247800,1437247800.0,1437251400.0,7803.0,Estádio Jóse do Rego Maciel,"Recife, Pernambuco",Match Finished,FT,90.0,72,Serie B,Brazil,https://media.api-sports.io/football/leagues/72.png,https://media.api-sports.io/flags/br.svg,2015,Regular Season - 13,13974,Santa Cruz,https://media.api-sports.io/football/teams/13974.png,True,144,Atletico Goianiense,https://media.api-sports.io/football/teams/144.png,False,3.0,0.0,1.0,0.0,3.0,0.0,,,,,,,
468539,,UTC,2015-07-19T00:00:00+00:00,1437264000,1437264000.0,1437267600.0,2939.0,Estádio Municipal Prefeito José Liberatti,"Osasco, São Paulo",Match Finished,FT,90.0,72,Serie B,Brazil,https://media.api-sports.io/football/leagues/72.png,https://media.api-sports.io/flags/br.svg,2015,Regular Season - 13,143,Oeste,https://media.api-sports.io/football/teams/143.png,True,125,America Mineiro,https://media.api-sports.io/football/teams/125.png,False,3.0,1.0,1.0,1.0,3.0,1.0,,,,,,,
468538,,UTC,2015-07-19T00:00:00+00:00,1437264000,1437264000.0,1437267600.0,246.0,Estádio Municipal Prefeito Dilzon Luiz de Melo,"Varginha, Minas Gerais",Match Finished,FT,90.0,72,Serie B,Brazil,https://media.api-sports.io/football/leagues/72.png,https://media.api-sports.io/flags/br.svg,2015,Regular Season - 13,153,BOA,https://media.api-sports.io/football/teams/153.png,,129,Ceara,https://media.api-sports.io/football/teams/129.png,,0.0,0.0,0.0,0.0,0.0,0.0,,,,,,,
468540,,UTC,2015-07-21T22:30:00+00:00,1437517800,1437517800.0,1437521400.0,5651.0,Estádio Claúdio Moacir de Azevedo,"Macaé, Rio de Janeiro",Match Finished,FT,90.0,72,Serie B,Brazil,https://media.api-sports.io/football/leagues/72.png,https://media.api-sports.io/flags/br.svg,2015,Regular Season - 14,7815,Macaé,https://media.api-sports.io/football/teams/7815.png,,122,Parana,https://media.api-sports.io/football/teams/122.png,,0.0,0.0,0.0,0.0,0.0,0.0,,,,,,,
468541,,UTC,2015-07-24T22:30:00+00:00,1437777000,1437777000.0,1437780600.0,206.0,Estádio Raimundo Sampaio,"Belo Horizonte, Minas Gerais",Match Finished,FT,90.0,72,Serie B,Brazil,https://media.api-sports.io/football/leagues/72.png,https://media.api-sports.io/flags/br.svg,2015,Regular Season - 14,125,America Mineiro,https://media.api-sports.io/football/teams/125.png,True,153,BOA,https://media.api-sports.io/football/teams/153.png,False,2.0,0.0,1.0,0.0,2.0,0.0,,,,,,,
468542,,UTC,2015-07-25T00:50:00+00:00,1437785400,1437785400.0,1437789000.0,220.0,Estádio Nabi Abi Chedid,"Bragança Paulista, São Paulo",Match Finished,FT,90.0,72,Serie B,Brazil,https://media.api-sports.io/football/leagues/72.png,https://media.api-sports.io/flags/br.svg,2015,Regular Season - 14,794,Bragantino,https://media.api-sports.io/football/teams/794.png,False,144,Atletico Goianiense,https://media.api-sports.io/football/teams/144.png,True,0.0,1.0,0.0,0.0,0.0,1.0,,,,,,,
468543,,UTC,2015-07-25T19:30:00+00:00,1437852600,1437852600.0,1437856200.0,216.0,Arena Fonte Nova,"Salvador, Bahia",Match Finished,FT,90.0,72,Serie B,Brazil,https://media.api-sports.io/football/leagues/72.png,https://media.api-sports.io/flags/br.svg,2015,Regular Season - 14,118,Bahia,https://media.api-sports.io/football/teams/118.png,,120,Botafogo,https://media.api-sports.io/football/teams/120.png,,1.0,1.0,0.0,1.0,1.0,1.0,,,,,,,
468544,,UTC,2015-07-25T19:30:00+00:00,1437852600,1437852600.0,1437856200.0,233.0,Estádio Heriberto Hülse,"Criciúma, Santa Catarina",Match Finished,FT,90.0,72,Serie B,Brazil,https://media.api-sports.io/football/leagues/72.png,https://media.api-sports.io/flags/br.svg,2015,Regular Season - 14,140,Criciuma,https://media.api-sports.io/football/teams/140.png,,13974,Santa Cruz,https://media.api-sports.io/football/teams/13974.png,,0.0,0.0,0.0,0.0,0.0,0.0,,,,,,,
468547,,UTC,2015-07-25T19:30:00+00:00,1437852600,1437852600.0,1437856200.0,232.0,Estádio Rei Pelé,"Maceió, Alagoas",Match Finished,FT,90.0,72,Serie B,Brazil,https://media.api-sports.io/football/leagues/72.png,https://media.api-sports.io/flags/br.svg,2015,Regular Season - 14,146,CRB,https://media.api-sports.io/football/teams/146.png,True,149,Paysandu,https://media.api-sports.io/football/teams/149.png,False,3.0,0.0,2.0,0.0,3.0,0.0,,,,,,,
468545,,UTC,2015-07-25T19:30:00+00:00,1437852600,1437852600.0,1437856200.0,,Estádio Governador João Castelo Ribeiro Gonçalves,"São Luís, Maranhão",Match Finished,FT,90.0,72,Serie B,Brazil,https://media.api-sports.io/football/leagues/72.png,https://media.api-sports.io/flags/br.svg,2015,Regular Season - 14,155,Sampaio Correa,https://media.api-sports.io/football/teams/155.png,True,754,ABC,https://media.api-sports.io/football/teams/754.png,False,3.0,2.0,1.0,1.0,3.0,2.0,,,,,,,
468546,,UTC,2015-07-25T19:30:00+00:00,1437852600,1437852600.0,1437856200.0,253.0,Itaipava Arena Pernambuco,"Recife, Pernambuco",Match Finished,FT,90.0,72,Serie B,Brazil,https://media.api-sports.io/football/leagues/72.png,https://media.api-sports.io/flags/br.svg,2015,Regular Season - 14,755,Nautico Recife,https://media.api-sports.io/football/teams/755.png,True,136,Vitoria,https://media.api-sports.io/football/teams/136.png,False,2.0,1.0,0.0,1.0,2.0,1.0,,,,,,,
468548,,UTC,2015-07-26T00:00:00+00:00,1437868800,1437868800.0,1437872400.0,225.0,Estádio Governador Plácido Aderaldo Castelo,"Fortaleza, Ceará",Match Finished,FT,90.0,72,Serie B,Brazil,https://media.api-sports.io/football/leagues/72.png,https://media.api-sports.io/flags/br.svg,2015,Regular Season - 14,129,Ceara,https://media.api-sports.io/football/teams/129.png,False,7816,Mogi Mirim,https://media.api-sports.io/football/teams/7816.png,True,2.0,3.0,0.0,1.0,2.0,3.0,,,,,,,
468549,,UTC,2015-07-26T00:00:00+00:00,1437868800,1437868800.0,1437872400.0,250.0,Estádio Municipal Passo Das Emas,"Lucas do Rio Verde, Mato Grosso",Match Finished,FT,90.0,72,Serie B,Brazil,https://media.api-sports.io/football/leagues/72.png,https://media.api-sports.io/flags/br.svg,2015,Regular Season - 14,752,Luverdense,https://media.api-sports.io/football/teams/752.png,,143,Oeste,https://media.api-sports.io/football/teams/143.png,,1.0,1.0,0.0,0.0,1.0,1.0,,,,,,,
468553,,UTC,2015-07-28T22:30:00+00:00,1438122600,1438122600.0,1438126200.0,,Estádio Durival de Brito e Silva,"Curitiba, Paraná",Match Finished,FT,90.0,72,Serie B,Brazil,https://media.api-sports.io/football/leagues/72.png,https://media.api-sports.io/flags/br.svg,2015,Regular Season - 15,122,Parana,https://media.api-sports.io/football/teams/122.png,True,755,Nautico Recife,https://media.api-sports.io/football/teams/755.png,False,2.0,0.0,2.0,0.0,2.0,0.0,,,,,,,
468550,,UTC,2015-07-28T22:30:00+00:00,1438122600,1438122600.0,1438126200.0,281.0,Estádio Manoel Barradas,"Salvador, Bahia",Match Finished,FT,90.0,72,Serie B,Brazil,https://media.api-sports.io/football/leagues/72.png,https://media.api-sports.io/flags/br.svg,2015,Regular Season - 15,136,Vitoria,https://media.api-sports.io/football/teams/136.png,,7815,Macaé,https://media.api-sports.io/football/teams/7815.png,,0.0,0.0,0.0,0.0,0.0,0.0,,,,,,,
468557,,UTC,2015-07-28T22:30:00+00:00,1438122600,1438122600.0,1438126200.0,2939.0,Estádio Municipal Prefeito José Liberatti,"Osasco, São Paulo",Match Finished,FT,90.0,72,Serie B,Brazil,https://media.api-sports.io/football/leagues/72.png,https://media.api-sports.io/flags/br.svg,2015,Regular Season - 15,143,Oeste,https://media.api-sports.io/football/teams/143.png,True,155,Sampaio Correa,https://media.api-sports.io/football/teams/155.png,False,1.0,0.0,0.0,0.0,1.0,0.0,,,,,,,
468554,,UTC,2015-07-28T22:30:00+00:00,1438122600,1438122600.0,1438126200.0,262.0,Estádio Estadual Jornalista Edgar Augusto Proença,"Belém, Pará",Match Finished,FT,90.0,72,Serie B,Brazil,https://media.api-sports.io/football/leagues/72.png,https://media.api-sports.io/flags/br.svg,2015,Regular Season - 15,149,Paysandu,https://media.api-sports.io/football/teams/149.png,True,125,America Mineiro,https://media.api-sports.io/football/teams/125.png,False,2.0,0.0,1.0,0.0,2.0,0.0,,,,,,,
468552,,UTC,2015-07-28T22:30:00+00:00,1438122600,1438122600.0,1438126200.0,246.0,Estádio Municipal Prefeito Dilzon Luiz de Melo,"Varginha, Minas Gerais",Match Finished,FT,90.0,72,Serie B,Brazil,https://media.api-sports.io/football/leagues/72.png,https://media.api-sports.io/flags/br.svg,2015,Regular Season - 15,153,BOA,https://media.api-sports.io/football/teams/153.png,True,752,Luverdense,https://media.api-sports.io/football/teams/752.png,False,2.0,1.0,0.0,0.0,2.0,1.0,,,,,,,
468556,,UTC,2015-07-28T22:30:00+00:00,1438122600,1438122600.0,1438126200.0,205.0,Estádio Maria Lamas Farache,"Natal, Rio Grande do Norte",Match Finished,FT,90.0,72,Serie B,Brazil,https://media.api-sports.io/football/leagues/72.png,https://media.api-sports.io/flags/br.svg,2015,Regular Season - 15,754,ABC,https://media.api-sports.io/football/teams/754.png,False,129,Ceara,https://media.api-sports.io/football/teams/129.png,True,0.0,1.0,0.0,0.0,0.0,1.0,,,,,,,
468551,,UTC,2015-07-28T22:30:00+00:00,1438122600,1438122600.0,1438126200.0,,Estádio Romildo Vitor Gomes Ferreira,"Mogi Mirim, São Paulo",Match Finished,FT,90.0,72,Serie B,Brazil,https://media.api-sports.io/football/leagues/72.png,https://media.api-sports.io/flags/br.svg,2015,Regular Season - 15,7816,Mogi Mirim,https://media.api-sports.io/football/teams/7816.png,False,794,Bragantino,https://media.api-sports.io/football/teams/794.png,True,2.0,3.0,0.0,1.0,2.0,3.0,,,,,,,
468555,,UTC,2015-07-28T22:30:00+00:00,1438122600,1438122600.0,1438126200.0,7803.0,Estádio Jóse do Rego Maciel,"Recife, Pernambuco",Match Finished,FT,90.0,72,Serie B,Brazil,https://media.api-sports.io/football/leagues/72.png,https://media.api-sports.io/flags/br.svg,2015,Regular Season - 15,13974,Santa Cruz,https://media.api-sports.io/football/teams/13974.png,True,118,Bahia,https://media.api-sports.io/football/teams/118.png,False,3.0,1.0,1.0,1.0,3.0,1.0,,,,,,,
468558,,UTC,2015-07-29T00:50:00+00:00,1438131000,1438131000.0,1438134600.0,218.0,Estádio Nilton Santos,Rio de Janeiro,Match Finished,FT,90.0,72,Serie B,Brazil,https://media.api-sports.io/football/leagues/72.png,https://media.api-sports.io/flags/br.svg,2015,Regular Season - 15,120,Botafogo,https://media.api-sports.io/football/teams/120.png,,140,Criciuma,https://media.api-sports.io/football/teams/140.png,,0.0,0.0,0.0,0.0,0.0,0.0,,,,,,,
468559,,UTC,2015-07-29T00:50:00+00:00,1438131000,1438131000.0,1438134600.0,,Estádio do Governo do Estado de Goiás,"Goiânia, Goiás",Match Finished,FT,90.0,72,Serie B,Brazil,https://media.api-sports.io/football/leagues/72.png,https://media.api-sports.io/flags/br.svg,2015,Regular Season - 15,144,Atletico Goianiense,https://media.api-sports.io/football/teams/144.png,True,146,CRB,https://media.api-sports.io/football/teams/146.png,False,1.0,0.0,0.0,0.0,1.0,0.0,,,,,,,
468560,,UTC,2015-07-31T22:00:00+00:00,1438380000,1438380000.0,1438383600.0,246.0,Estádio Municipal Prefeito Dilzon Luiz de Melo,"Varginha, Minas Gerais",Match Finished,FT,90.0,72,Serie B,Brazil,https://media.api-sports.io/football/leagues/72.png,https://media.api-sports.io/flags/br.svg,2015,Regular Season - 16,153,BOA,https://media.api-sports.io/football/teams/153.png,,140,Criciuma,https://media.api-sports.io/football/teams/140.png,,1.0,1.0,1.0,0.0,1.0,1.0,,,,,,,
468561,,UTC,2015-08-01T00:30:00+00:00,1438389000,1438389000.0,1438392600.0,262.0,Estádio Estadual Jornalista Edgar Augusto Proença,"Belém, Pará",Match Finished,FT,90.0,72,Serie B,Brazil,https://media.api-sports.io/football/leagues/72.png,https://media.api-sports.io/flags/br.svg,2015,Regular Season - 16,149,Paysandu,https://media.api-sports.io/football/teams/149.png,,7816,Mogi Mirim,https://media.api-sports.io/football/teams/7816.png,,1.0,1.0,1.0,1.0,1.0,1.0,,,,,,,
468562,,UTC,2015-08-01T00:30:00+00:00,1438389000,1438389000.0,1438392600.0,205.0,Estádio Maria Lamas Farache,"Natal, Rio Grande do Norte",Match Finished,FT,90.0,72,Serie B,Brazil,https://media.api-sports.io/football/leagues/72.png,https://media.api-sports.io/flags/br.svg,2015,Regular Season - 16,754,ABC,https://media.api-sports.io/football/teams/754.png,False,118,Bahia,https://media.api-sports.io/football/teams/118.png,True,0.0,3.0,0.0,2.0,0.0,3.0,,,,,,,
468564,,UTC,2015-08-01T19:30:00+00:00,1438457400,1438457400.0,1438461000.0,218.0,Estádio Nilton Santos,Rio de Janeiro,Match Finished,FT,90.0,72,Serie B,Brazil,https://media.api-sports.io/football/leagues/72.png,https://media.api-sports.io/flags/br.svg,2015,Regular Season - 16,120,Botafogo,https://media.api-sports.io/football/teams/120.png,,752,Luverdense,https://media.api-sports.io/football/teams/752.png,,0.0,0.0,0.0,0.0,0.0,0.0,,,,,,,
468565,,UTC,2015-08-01T19:30:00+00:00,1438457400,1438457400.0,1438461000.0,,Estádio Durival de Brito e Silva,"Curitiba, Paraná",Match Finished,FT,90.0,72,Serie B,Brazil,https://media.api-sports.io/football/leagues/72.png,https://media.api-sports.io/flags/br.svg,2015,Regular Season - 16,122,Parana,https://media.api-sports.io/football/teams/122.png,,146,CRB,https://media.api-sports.io/football/teams/146.png,,0.0,0.0,0.0,0.0,0.0,0.0,,,,,,,
468563,,UTC,2015-08-01T19:30:00+00:00,1438457400,1438457400.0,1438461000.0,281.0,Estádio Manoel Barradas,"Salvador, Bahia",Match Finished,FT,90.0,72,Serie B,Brazil,https://media.api-sports.io/football/leagues/72.png,https://media.api-sports.io/flags/br.svg,2015,Regular Season - 16,136,Vitoria,https://media.api-sports.io/football/teams/136.png,,125,America Mineiro,https://media.api-sports.io/football/teams/125.png,,1.0,1.0,0.0,0.0,1.0,1.0,,,,,,,
468568,,UTC,2015-08-01T19:30:00+00:00,1438457400,1438457400.0,1438461000.0,2939.0,Estádio Municipal Prefeito José Liberatti,"Osasco, São Paulo",Match Finished,FT,90.0,72,Serie B,Brazil,https://media.api-sports.io/football/leagues/72.png,https://media.api-sports.io/flags/br.svg,2015,Regular Season - 16,143,Oeste,https://media.api-sports.io/football/teams/143.png,True,13974,Santa Cruz,https://media.api-sports.io/football/teams/13974.png,False,1.0,0.0,0.0,0.0,1.0,0.0,,,,,,,
468567,,UTC,2015-08-01T19:30:00+00:00,1438457400,1438457400.0,1438461000.0,,Estádio do Governo do Estado de Goiás,"Goiânia, Goiás",Match Finished,FT,90.0,72,Serie B,Brazil,https://media.api-sports.io/football/leagues/72.png,https://media.api-sports.io/flags/br.svg,2015,Regular Season - 16,144,Atletico Goianiense,https://media.api-sports.io/football/teams/144.png,True,155,Sampaio Correa,https://media.api-sports.io/football/teams/155.png,False,3.0,1.0,3.0,0.0,3.0,1.0,,,,,,,
468566,,UTC,2015-08-01T19:30:00+00:00,1438457400,1438457400.0,1438461000.0,253.0,Itaipava Arena Pernambuco,"Recife, Pernambuco",Match Finished,FT,90.0,72,Serie B,Brazil,https://media.api-sports.io/football/leagues/72.png,https://media.api-sports.io/flags/br.svg,2015,Regular Season - 16,755,Nautico Recife,https://media.api-sports.io/football/teams/755.png,,7815,Macaé,https://media.api-sports.io/football/teams/7815.png,,1.0,1.0,1.0,0.0,1.0,1.0,,,,,,,
468569,,UTC,2015-08-02T00:00:00+00:00,1438473600,1438473600.0,1438477200.0,220.0,Estádio Nabi Abi Chedid,"Bragança Paulista, São Paulo",Match Finished,FT,90.0,72,Serie B,Brazil,https://media.api-sports.io/football/leagues/72.png,https://media.api-sports.io/flags/br.svg,2015,Regular Season - 16,794,Bragantino,https://media.api-sports.io/football/teams/794.png,True,129,Ceara,https://media.api-sports.io/football/teams/129.png,False,3.0,0.0,0.0,0.0,3.0,0.0,,,,,,,
468570,,UTC,2015-08-05T00:00:00+00:00,1438732800,1438732800.0,1438736400.0,206.0,Estádio Raimundo Sampaio,"Belo Horizonte, Minas Gerais",Match Finished,FT,90.0,72,Serie B,Brazil,https://media.api-sports.io/football/leagues/72.png,https://media.api-sports.io/flags/br.svg,2015,Regular Season - 17,125,America Mineiro,https://media.api-sports.io/football/teams/125.png,True,122,Parana,https://media.api-sports.io/football/teams/122.png,False,2.0,0.0,2.0,0.0,2.0,0.0,,,,,,,
468571,,UTC,2015-08-05T00:00:00+00:00,1438732800,1438732800.0,1438736400.0,,Estádio Governador João Castelo Ribeiro Gonçalves,"São Luís, Maranhão",Match Finished,FT,90.0,72,Serie B,Brazil,https://media.api-sports.io/football/leagues/72.png,https://media.api-sports.io/flags/br.svg,2015,Regular Season - 17,155,Sampaio Correa,https://media.api-sports.io/football/teams/155.png,True,794,Bragantino,https://media.api-sports.io/football/teams/794.png,False,2.0,0.0,1.0,0.0,2.0,0.0,,,,,,,
468572,,UTC,2015-08-07T22:30:00+00:00,1438986600,1438986600.0,1438990200.0,233.0,Estádio Heriberto Hülse,"Criciúma, Santa Catarina",Match Finished,FT,90.0,72,Serie B,Brazil,https://media.api-sports.io/football/leagues/72.png,https://media.api-sports.io/flags/br.svg,2015,Regular Season - 17,140,Criciuma,https://media.api-sports.io/football/teams/140.png,True,143,Oeste,https://media.api-sports.io/football/teams/143.png,False,3.0,2.0,2.0,0.0,3.0,2.0,,,,,,,
468573,,UTC,2015-08-07T23:30:00+00:00,1438990200,1438990200.0,1438993800.0,250.0,Estádio Municipal Passo Das Emas,"Lucas do Rio Verde, Mato Grosso",Match Finished,FT,90.0,72,Serie B,Brazil,https://media.api-sports.io/football/leagues/72.png,https://media.api-sports.io/flags/br.svg,2015,Regular Season - 17,752,Luverdense,https://media.api-sports.io/football/teams/752.png,True,149,Paysandu,https://media.api-sports.io/football/teams/149.png,False,1.0,0.0,1.0,0.0,1.0,0.0,,,,,,,
468574,"Eduardo Tomaz de Aquino Valadao, Brazil",UTC,2015-08-08T00:00:00+00:00,1438992000,1438992000.0,1438995600.0,216.0,Arena Fonte Nova,"Salvador, Bahia",Match Finished,FT,90.0,72,Serie B,Brazil,https://media.api-sports.io/football/leagues/72.png,https://media.api-sports.io/flags/br.svg,2015,Regular Season - 17,118,Bahia,https://media.api-sports.io/football/teams/118.png,True,153,BOA,https://media.api-sports.io/football/teams/153.png,False,4.0,1.0,3.0,1.0,4.0,1.0,,,,,,,
468577,,UTC,2015-08-08T19:30:00+00:00,1439062200,1439062200.0,1439065800.0,225.0,Estádio Governador Plácido Aderaldo Castelo,"Fortaleza, Ceará",Match Finished,FT,90.0,72,Serie B,Brazil,https://media.api-sports.io/football/leagues/72.png,https://media.api-sports.io/flags/br.svg,2015,Regular Season - 17,129,Ceara,https://media.api-sports.io/football/teams/129.png,False,136,Vitoria,https://media.api-sports.io/football/teams/136.png,True,1.0,2.0,0.0,2.0,1.0,2.0,,,,,,,
468578,,UTC,2015-08-08T19:30:00+00:00,1439062200,1439062200.0,1439065800.0,232.0,Estádio Rei Pelé,"Maceió, Alagoas",Match Finished,FT,90.0,72,Serie B,Brazil,https://media.api-sports.io/football/leagues/72.png,https://media.api-sports.io/flags/br.svg,2015,Regular Season - 17,146,CRB,https://media.api-sports.io/football/teams/146.png,True,755,Nautico Recife,https://media.api-sports.io/football/teams/755.png,False,1.0,0.0,0.0,0.0,1.0,0.0,,,,,,,
468575,,UTC,2015-08-08T19:30:00+00:00,1439062200,1439062200.0,1439065800.0,5651.0,Estádio Claúdio Moacir de Azevedo,"Macaé, Rio de Janeiro",Match Finished,FT,90.0,72,Serie B,Brazil,https://media.api-sports.io/football/leagues/72.png,https://media.api-sports.io/flags/br.svg,2015,Regular Season - 17,7815,Macaé,https://media.api-sports.io/football/teams/7815.png,False,144,Atletico Goianiense,https://media.api-sports.io/football/teams/144.png,True,0.0,1.0,0.0,0.0,0.0,1.0,,,,,,,
468576,,UTC,2015-08-08T19:30:00+00:00,1439062200,1439062200.0,1439065800.0,7803.0,Estádio Jóse do Rego Maciel,"Recife, Pernambuco",Match Finished,FT,90.0,72,Serie B,Brazil,https://media.api-sports.io/football/leagues/72.png,https://media.api-sports.io/flags/br.svg,2015,Regular Season - 17,13974,Santa Cruz,https://media.api-sports.io/football/teams/13974.png,True,120,Botafogo,https://media.api-sports.io/football/teams/120.png,False,1.0,0.0,0.0,0.0,1.0,0.0,,,,,,,
468579,,UTC,2015-08-09T00:00:00+00:00,1439078400,1439078400.0,1439082000.0,,Estádio Romildo Vitor Gomes Ferreira,"Mogi Mirim, São Paulo",Match Finished,FT,90.0,72,Serie B,Brazil,https://media.api-sports.io/football/leagues/72.png,https://media.api-sports.io/flags/br.svg,2015,Regular Season - 17,7816,Mogi Mirim,https://media.api-sports.io/football/teams/7816.png,,754,ABC,https://media.api-sports.io/football/teams/754.png,,2.0,2.0,1.0,1.0,2.0,2.0,,,,,,,
468580,,UTC,2015-08-11T22:00:00+00:00,1439330400,1439330400.0,1439334000.0,216.0,Arena Fonte Nova,"Salvador, Bahia",Match Finished,FT,90.0,72,Serie B,Brazil,https://media.api-sports.io/football/leagues/72.png,https://media.api-sports.io/flags/br.svg,2015,Regular Season - 18,118,Bahia,https://media.api-sports.io/football/teams/118.png,,755,Nautico Recife,https://media.api-sports.io/football/teams/755.png,,1.0,1.0,0.0,1.0,1.0,1.0,,,,,,,
468584,,UTC,2015-08-11T22:00:00+00:00,1439330400,1439330400.0,1439334000.0,225.0,Estádio Governador Plácido Aderaldo Castelo,"Fortaleza, Ceará",Match Finished,FT,90.0,72,Serie B,Brazil,https://media.api-sports.io/football/leagues/72.png,https://media.api-sports.io/flags/br.svg,2015,Regular Season - 18,129,Ceara,https://media.api-sports.io/football/teams/129.png,False,125,America Mineiro,https://media.api-sports.io/football/teams/125.png,True,0.0,2.0,0.0,0.0,0.0,2.0,,,,,,,
468581,,UTC,2015-08-11T22:00:00+00:00,1439330400,1439330400.0,1439334000.0,233.0,Estádio Heriberto Hülse,"Criciúma, Santa Catarina",Match Finished,FT,90.0,72,Serie B,Brazil,https://media.api-sports.io/football/leagues/72.png,https://media.api-sports.io/flags/br.svg,2015,Regular Season - 18,140,Criciuma,https://media.api-sports.io/football/teams/140.png,True,149,Paysandu,https://media.api-sports.io/football/teams/149.png,False,1.0,0.0,0.0,0.0,1.0,0.0,,,,,,,
468585,,UTC,2015-08-11T22:00:00+00:00,1439330400,1439330400.0,1439334000.0,2939.0,Estádio Municipal Prefeito José Liberatti,"Osasco, São Paulo",Match Finished,FT,90.0,72,Serie B,Brazil,https://media.api-sports.io/football/leagues/72.png,https://media.api-sports.io/flags/br.svg,2015,Regular Season - 18,143,Oeste,https://media.api-sports.io/football/teams/143.png,,144,Atletico Goianiense,https://media.api-sports.io/football/teams/144.png,,0.0,0.0,0.0,0.0,0.0,0.0,,,,,,,
468582,,UTC,2015-08-11T22:00:00+00:00,1439330400,1439330400.0,1439334000.0,,Estádio Governador João Castelo Ribeiro Gonçalves,"São Luís, Maranhão",Match Finished,FT,90.0,72,Serie B,Brazil,https://media.api-sports.io/football/leagues/72.png,https://media.api-sports.io/flags/br.svg,2015,Regular Season - 18,155,Sampaio Correa,https://media.api-sports.io/football/teams/155.png,True,146,CRB,https://media.api-sports.io/football/teams/146.png,False,1.0,0.0,0.0,0.0,1.0,0.0,,,,,,,
468583,,UTC,2015-08-11T22:00:00+00:00,1439330400,1439330400.0,1439334000.0,7803.0,Estádio Jóse do Rego Maciel,"Recife, Pernambuco",Match Finished,FT,90.0,72,Serie B,Brazil,https://media.api-sports.io/football/leagues/72.png,https://media.api-sports.io/flags/br.svg,2015,Regular Season - 18,13974,Santa Cruz,https://media.api-sports.io/football/teams/13974.png,True,7816,Mogi Mirim,https://media.api-sports.io/football/teams/7816.png,False,2.0,1.0,2.0,1.0,2.0,1.0,,,,,,,
468586,,UTC,2015-08-11T23:30:00+00:00,1439335800,1439335800.0,1439339400.0,235.0,Arena Pantanal,"Cuiabá, Mato Grosso",Match Finished,FT,90.0,72,Serie B,Brazil,https://media.api-sports.io/football/leagues/72.png,https://media.api-sports.io/flags/br.svg,2015,Regular Season - 18,752,Luverdense,https://media.api-sports.io/football/teams/752.png,False,136,Vitoria,https://media.api-sports.io/football/teams/136.png,True,0.0,2.0,0.0,0.0,0.0,2.0,,,,,,,
468587,,UTC,2015-08-12T00:30:00+00:00,1439339400,1439339400.0,1439343000.0,218.0,Estádio Nilton Santos,Rio de Janeiro,Match Finished,FT,90.0,72,Serie B,Brazil,https://media.api-sports.io/football/leagues/72.png,https://media.api-sports.io/flags/br.svg,2015,Regular Season - 18,120,Botafogo,https://media.api-sports.io/football/teams/120.png,True,754,ABC,https://media.api-sports.io/football/teams/754.png,False,3.0,1.0,2.0,1.0,3.0,1.0,,,,,,,
468589,,UTC,2015-08-12T00:30:00+00:00,1439339400,1439339400.0,1439343000.0,246.0,Estádio Municipal Prefeito Dilzon Luiz de Melo,"Varginha, Minas Gerais",Match Finished,FT,90.0,72,Serie B,Brazil,https://media.api-sports.io/football/leagues/72.png,https://media.api-sports.io/flags/br.svg,2015,Regular Season - 18,153,BOA,https://media.api-sports.io/football/teams/153.png,True,7815,Macaé,https://media.api-sports.io/football/teams/7815.png,False,2.0,1.0,0.0,0.0,2.0,1.0,,,,,,,
468588,,UTC,2015-08-12T00:30:00+00:00,1439339400,1439339400.0,1439343000.0,220.0,Estádio Nabi Abi Chedid,"Bragança Paulista, São Paulo",Match Finished,FT,90.0,72,Serie B,Brazil,https://media.api-sports.io/football/leagues/72.png,https://media.api-sports.io/flags/br.svg,2015,Regular Season - 18,794,Bragantino,https://media.api-sports.io/football/teams/794.png,True,122,Parana,https://media.api-sports.io/football/teams/122.png,False,2.0,1.0,1.0,0.0,2.0,1.0,,,,,,,
468591,,UTC,2015-08-14T22:00:00+00:00,1439589600,1439589600.0,1439593200.0,,Estádio Durival de Brito e Silva,"Curitiba, Paraná",Match Finished,FT,90.0,72,Serie B,Brazil,https://media.api-sports.io/football/leagues/72.png,https://media.api-sports.io/flags/br.svg,2015,Regular Season - 19,122,Parana,https://media.api-sports.io/football/teams/122.png,True,155,Sampaio Correa,https://media.api-sports.io/football/teams/155.png,False,1.0,0.0,1.0,0.0,1.0,0.0,,,,,,,
468590,,UTC,2015-08-14T22:00:00+00:00,1439589600,1439589600.0,1439593200.0,281.0,Estádio Manoel Barradas,"Salvador, Bahia",Match Finished,FT,90.0,72,Serie B,Brazil,https://media.api-sports.io/football/leagues/72.png,https://media.api-sports.io/flags/br.svg,2015,Regular Season - 19,136,Vitoria,https://media.api-sports.io/football/teams/136.png,True,13974,Santa Cruz,https://media.api-sports.io/football/teams/13974.png,False,2.0,1.0,2.0,0.0,2.0,1.0,,,,,,,
468592,,UTC,2015-08-15T00:30:00+00:00,1439598600,1439598600.0,1439602200.0,,Estádio do Governo do Estado de Goiás,"Goiânia, Goiás",Match Finished,FT,90.0,72,Serie B,Brazil,https://media.api-sports.io/football/leagues/72.png,https://media.api-sports.io/flags/br.svg,2015,Regular Season - 19,144,Atletico Goianiense,https://media.api-sports.io/football/teams/144.png,,118,Bahia,https://media.api-sports.io/football/teams/118.png,,1.0,1.0,0.0,1.0,1.0,1.0,,,,,,,
468593,,UTC,2015-08-15T19:30:00+00:00,1439667000,1439667000.0,1439670600.0,206.0,Estádio Raimundo Sampaio,"Belo Horizonte, Minas Gerais",Match Finished,FT,90.0,72,Serie B,Brazil,https://media.api-sports.io/football/leagues/72.png,https://media.api-sports.io/flags/br.svg,2015,Regular Season - 19,125,America Mineiro,https://media.api-sports.io/football/teams/125.png,False,120,Botafogo,https://media.api-sports.io/football/teams/120.png,True,1.0,2.0,1.0,1.0,1.0,2.0,,,,,,,
468597,,UTC,2015-08-15T19:30:00+00:00,1439667000,1439667000.0,1439670600.0,232.0,Estádio Rei Pelé,"Maceió, Alagoas",Match Finished,FT,90.0,72,Serie B,Brazil,https://media.api-sports.io/football/leagues/72.png,https://media.api-sports.io/flags/br.svg,2015,Regular Season - 19,146,CRB,https://media.api-sports.io/football/teams/146.png,True,140,Criciuma,https://media.api-sports.io/football/teams/140.png,False,3.0,1.0,1.0,1.0,3.0,1.0,,,,,,,
468594,,UTC,2015-08-15T19:30:00+00:00,1439667000,1439667000.0,1439670600.0,262.0,Estádio Estadual Jornalista Edgar Augusto Proença,"Belém, Pará",Match Finished,FT,90.0,72,Serie B,Brazil,https://media.api-sports.io/football/leagues/72.png,https://media.api-sports.io/flags/br.svg,2015,Regular Season - 19,149,Paysandu,https://media.api-sports.io/football/teams/149.png,True,143,Oeste,https://media.api-sports.io/football/teams/143.png,False,3.0,1.0,1.0,0.0,3.0,1.0,,,,,,,
468596,,UTC,2015-08-15T19:30:00+00:00,1439667000,1439667000.0,1439670600.0,205.0,Estádio Maria Lamas Farache,"Natal, Rio Grande do Norte",Match Finished,FT,90.0,72,Serie B,Brazil,https://media.api-sports.io/football/leagues/72.png,https://media.api-sports.io/flags/br.svg,2015,Regular Season - 19,754,ABC,https://media.api-sports.io/football/teams/754.png,False,153,BOA,https://media.api-sports.io/football/teams/153.png,True,0.0,1.0,0.0,0.0,0.0,1.0,,,,,,,
468595,,UTC,2015-08-15T19:30:00+00:00,1439667000,1439667000.0,1439670600.0,253.0,Itaipava Arena Pernambuco,"Recife, Pernambuco",Match Finished,FT,90.0,72,Serie B,Brazil,https://media.api-sports.io/football/leagues/72.png,https://media.api-sports.io/flags/br.svg,2015,Regular Season - 19,755,Nautico Recife,https://media.api-sports.io/football/teams/755.png,True,794,Bragantino,https://media.api-sports.io/football/teams/794.png,False,3.0,1.0,1.0,0.0,3.0,1.0,,,,,,,
468598,,UTC,2015-08-16T00:00:00+00:00,1439683200,1439683200.0,1439686800.0,5651.0,Estádio Claúdio Moacir de Azevedo,"Macaé, Rio de Janeiro",Match Finished,FT,90.0,72,Serie B,Brazil,https://media.api-sports.io/football/leagues/72.png,https://media.api-sports.io/flags/br.svg,2015,Regular Season - 19,7815,Macaé,https://media.api-sports.io/football/teams/7815.png,False,129,Ceara,https://media.api-sports.io/football/teams/129.png,True,1.0,2.0,1.0,1.0,1.0,2.0,,,,,,,
468599,,UTC,2015-08-16T00:00:00+00:00,1439683200,1439683200.0,1439686800.0,,Estádio Romildo Vitor Gomes Ferreira,"Mogi Mirim, São Paulo",Match Finished,FT,90.0,72,Serie B,Brazil,https://media.api-sports.io/football/leagues/72.png,https://media.api-sports.io/flags/br.svg,2015,Regular Season - 19,7816,Mogi Mirim,https://media.api-sports.io/football/teams/7816.png,,752,Luverdense,https://media.api-sports.io/football/teams/752.png,,1.0,1.0,0.0,1.0,1.0,1.0,,,,,,,
468600,,UTC,2015-08-21T22:00:00+00:00,1440194400,1440194400.0,1440198000.0,233.0,Estádio Heriberto Hülse,"Criciúma, Santa Catarina",Match Finished,FT,90.0,72,Serie B,Brazil,https://media.api-sports.io/football/leagues/72.png,https://media.api-sports.io/flags/br.svg,2015,Regular Season - 20,140,Criciuma,https://media.api-sports.io/football/teams/140.png,,7816,Mogi Mirim,https://media.api-sports.io/football/teams/7816.png,,0.0,0.0,0.0,0.0,0.0,0.0,,,,,,,
468601,,UTC,2015-08-22T00:30:00+00:00,1440203400,1440203400.0,1440207000.0,7803.0,Estádio Jóse do Rego Maciel,"Recife, Pernambuco",Match Finished,FT,90.0,72,Serie B,Brazil,https://media.api-sports.io/football/leagues/72.png,https://media.api-sports.io/flags/br.svg,2015,Regular Season - 20,13974,Santa Cruz,https://media.api-sports.io/football/teams/13974.png,True,7815,Macaé,https://media.api-sports.io/football/teams/7815.png,False,1.0,0.0,0.0,0.0,1.0,0.0,,,,,,,
468602,,UTC,2015-08-22T19:30:00+00:00,1440271800,1440271800.0,1440275400.0,216.0,Arena Fonte Nova,"Salvador, Bahia",Match Finished,FT,90.0,72,Serie B,Brazil,https://media.api-sports.io/football/leagues/72.png,https://media.api-sports.io/flags/br.svg,2015,Regular Season - 20,118,Bahia,https://media.api-sports.io/football/teams/118.png,,125,America Mineiro,https://media.api-sports.io/football/teams/125.png,,1.0,1.0,1.0,0.0,1.0,1.0,,,,,,,
468607,,UTC,2015-08-22T19:30:00+00:00,1440271800,1440271800.0,1440275400.0,2939.0,Estádio Municipal Prefeito José Liberatti,"Osasco, São Paulo",Match Finished,FT,90.0,72,Serie B,Brazil,https://media.api-sports.io/football/leagues/72.png,https://media.api-sports.io/flags/br.svg,2015,Regular Season - 20,143,Oeste,https://media.api-sports.io/football/teams/143.png,,754,ABC,https://media.api-sports.io/football/teams/754.png,,1.0,1.0,0.0,1.0,1.0,1.0,,,,,,,
468604,,UTC,2015-08-22T19:30:00+00:00,1440271800,1440271800.0,1440275400.0,246.0,Estádio Municipal Prefeito Dilzon Luiz de Melo,"Varginha, Minas Gerais",Match Finished,FT,90.0,72,Serie B,Brazil,https://media.api-sports.io/football/leagues/72.png,https://media.api-sports.io/flags/br.svg,2015,Regular Season - 20,153,BOA,https://media.api-sports.io/football/teams/153.png,,144,Atletico Goianiense,https://media.api-sports.io/football/teams/144.png,,2.0,2.0,2.0,1.0,2.0,2.0,,,,,,,
468605,,UTC,2015-08-22T19:30:00+00:00,1440271800,1440271800.0,1440275400.0,,Estádio Governador João Castelo Ribeiro Gonçalves,"São Luís, Maranhão",Match Finished,FT,90.0,72,Serie B,Brazil,https://media.api-sports.io/football/leagues/72.png,https://media.api-sports.io/flags/br.svg,2015,Regular Season - 20,155,Sampaio Correa,https://media.api-sports.io/football/teams/155.png,True,136,Vitoria,https://media.api-sports.io/football/teams/136.png,False,1.0,0.0,1.0,0.0,1.0,0.0,,,,,,,
468606,,UTC,2015-08-22T19:30:00+00:00,1440271800,1440271800.0,1440275400.0,250.0,Estádio Municipal Passo Das Emas,"Lucas do Rio Verde, Mato Grosso",Match Finished,FT,90.0,72,Serie B,Brazil,https://media.api-sports.io/football/leagues/72.png,https://media.api-sports.io/flags/br.svg,2015,Regular Season - 20,752,Luverdense,https://media.api-sports.io/football/teams/752.png,True,755,Nautico Recife,https://media.api-sports.io/football/teams/755.png,False,5.0,1.0,2.0,0.0,5.0,1.0,,,,,,,
468603,,UTC,2015-08-22T19:30:00+00:00,1440271800,1440271800.0,1440275400.0,220.0,Estádio Nabi Abi Chedid,"Bragança Paulista, São Paulo",Match Finished,FT,90.0,72,Serie B,Brazil,https://media.api-sports.io/football/leagues/72.png,https://media.api-sports.io/flags/br.svg,2015,Regular Season - 20,794,Bragantino,https://media.api-sports.io/football/teams/794.png,True,146,CRB,https://media.api-sports.io/football/teams/146.png,False,2.0,1.0,0.0,1.0,2.0,1.0,,,,,,,
468608,,UTC,2015-08-23T14:00:00+00:00,1440338400,1440338400.0,1440342000.0,218.0,Estádio Nilton Santos,Rio de Janeiro,Match Finished,FT,90.0,72,Serie B,Brazil,https://media.api-sports.io/football/leagues/72.png,https://media.api-sports.io/flags/br.svg,2015,Regular Season - 20,120,Botafogo,https://media.api-sports.io/football/teams/120.png,False,149,Paysandu,https://media.api-sports.io/football/teams/149.png,True,2.0,3.0,0.0,2.0,2.0,3.0,,,,,,,
468609,,UTC,2015-08-23T19:00:00+00:00,1440356400,1440356400.0,1440360000.0,225.0,Estádio Governador Plácido Aderaldo Castelo,"Fortaleza, Ceará",Match Finished,FT,90.0,72,Serie B,Brazil,https://media.api-sports.io/football/leagues/72.png,https://media.api-sports.io/flags/br.svg,2015,Regular Season - 20,129,Ceara,https://media.api-sports.io/football/teams/129.png,True,122,Parana,https://media.api-sports.io/football/teams/122.png,False,4.0,3.0,2.0,1.0,4.0,3.0,,,,,,,
468610,,UTC,2015-08-25T22:00:00+00:00,1440540000,1440540000.0,1440543600.0,281.0,Estádio Manoel Barradas,"Salvador, Bahia",Match Finished,FT,90.0,72,Serie B,Brazil,https://media.api-sports.io/football/leagues/72.png,https://media.api-sports.io/flags/br.svg,2015,Regular Season - 21,136,Vitoria,https://media.api-sports.io/football/teams/136.png,,143,Oeste,https://media.api-sports.io/football/teams/143.png,,1.0,1.0,0.0,0.0,1.0,1.0,,,,,,,
468611,,UTC,2015-08-26T00:30:00+00:00,1440549000,1440549000.0,1440552600.0,205.0,Estádio Maria Lamas Farache,"Natal, Rio Grande do Norte",Match Finished,FT,90.0,72,Serie B,Brazil,https://media.api-sports.io/football/leagues/72.png,https://media.api-sports.io/flags/br.svg,2015,Regular Season - 21,754,ABC,https://media.api-sports.io/football/teams/754.png,,140,Criciuma,https://media.api-sports.io/football/teams/140.png,,2.0,2.0,1.0,0.0,2.0,2.0,,,,,,,
468612,,UTC,2015-08-28T22:30:00+00:00,1440801000,1440801000.0,1440804600.0,206.0,Estádio Raimundo Sampaio,"Belo Horizonte, Minas Gerais",Match Finished,FT,90.0,72,Serie B,Brazil,https://media.api-sports.io/football/leagues/72.png,https://media.api-sports.io/flags/br.svg,2015,Regular Season - 21,125,America Mineiro,https://media.api-sports.io/football/teams/125.png,False,752,Luverdense,https://media.api-sports.io/football/teams/752.png,True,1.0,2.0,0.0,1.0,1.0,2.0,,,,,,,
468613,,UTC,2015-08-29T00:00:00+00:00,1440806400,1440806400.0,1440810000.0,232.0,Estádio Rei Pelé,"Maceió, Alagoas",Match Finished,FT,90.0,72,Serie B,Brazil,https://media.api-sports.io/football/leagues/72.png,https://media.api-sports.io/flags/br.svg,2015,Regular Season - 21,146,CRB,https://media.api-sports.io/football/teams/146.png,True,120,Botafogo,https://media.api-sports.io/football/teams/120.png,False,2.0,1.0,2.0,1.0,2.0,1.0,,,,,,,
468615,,UTC,2015-08-29T19:30:00+00:00,1440876600,1440876600.0,1440880200.0,,Estádio Durival de Brito e Silva,"Curitiba, Paraná",Match Finished,FT,90.0,72,Serie B,Brazil,https://media.api-sports.io/football/leagues/72.png,https://media.api-sports.io/flags/br.svg,2015,Regular Season - 21,122,Parana,https://media.api-sports.io/football/teams/122.png,True,13974,Santa Cruz,https://media.api-sports.io/football/teams/13974.png,False,3.0,2.0,1.0,1.0,3.0,2.0,,,,,,,
468618,,UTC,2015-08-29T19:30:00+00:00,1440876600,1440876600.0,1440880200.0,,Estádio do Governo do Estado de Goiás,"Goiânia, Goiás",Match Finished,FT,90.0,72,Serie B,Brazil,https://media.api-sports.io/football/leagues/72.png,https://media.api-sports.io/flags/br.svg,2015,Regular Season - 21,144,Atletico Goianiense,https://media.api-sports.io/football/teams/144.png,True,129,Ceara,https://media.api-sports.io/football/teams/129.png,False,3.0,2.0,1.0,1.0,3.0,2.0,,,,,,,
468616,,UTC,2015-08-29T19:30:00+00:00,1440876600,1440876600.0,1440880200.0,262.0,Estádio Estadual Jornalista Edgar Augusto Proença,"Belém, Pará",Match Finished,FT,90.0,72,Serie B,Brazil,https://media.api-sports.io/football/leagues/72.png,https://media.api-sports.io/flags/br.svg,2015,Regular Season - 21,149,Paysandu,https://media.api-sports.io/football/teams/149.png,True,794,Bragantino,https://media.api-sports.io/football/teams/794.png,False,2.0,0.0,0.0,0.0,2.0,0.0,,,,,,,
468617,,UTC,2015-08-29T19:30:00+00:00,1440876600,1440876600.0,1440880200.0,253.0,Itaipava Arena Pernambuco,"Recife, Pernambuco",Match Finished,FT,90.0,72,Serie B,Brazil,https://media.api-sports.io/football/leagues/72.png,https://media.api-sports.io/flags/br.svg,2015,Regular Season - 21,755,Nautico Recife,https://media.api-sports.io/football/teams/755.png,True,153,BOA,https://media.api-sports.io/football/teams/153.png,False,1.0,0.0,0.0,0.0,1.0,0.0,,,,,,,
468614,,UTC,2015-08-29T19:30:00+00:00,1440876600,1440876600.0,1440880200.0,5651.0,Estádio Claúdio Moacir de Azevedo,"Macaé, Rio de Janeiro",Match Finished,FT,90.0,72,Serie B,Brazil,https://media.api-sports.io/football/leagues/72.png,https://media.api-sports.io/flags/br.svg,2015,Regular Season - 21,7815,Macaé,https://media.api-sports.io/football/teams/7815.png,,155,Sampaio Correa,https://media.api-sports.io/football/teams/155.png,,1.0,1.0,1.0,1.0,1.0,1.0,,,,,,,
468619,,UTC,2015-08-30T00:00:00+00:00,1440892800,1440892800.0,1440896400.0,,Estádio Romildo Vitor Gomes Ferreira,"Mogi Mirim, São Paulo",Match Finished,FT,90.0,72,Serie B,Brazil,https://media.api-sports.io/football/leagues/72.png,https://media.api-sports.io/flags/br.svg,2015,Regular Season - 21,7816,Mogi Mirim,https://media.api-sports.io/football/teams/7816.png,,118,Bahia,https://media.api-sports.io/football/teams/118.png,,1.0,1.0,0.0,0.0,1.0,1.0,,,,,,,
468621,,UTC,2015-09-01T22:00:00+00:00,1441144800,1441144800.0,1441148400.0,225.0,Estádio Governador Plácido Aderaldo Castelo,"Fortaleza, Ceará",Match Finished,FT,90.0,72,Serie B,Brazil,https://media.api-sports.io/football/leagues/72.png,https://media.api-sports.io/flags/br.svg,2015,Regular Season - 22,129,Ceara,https://media.api-sports.io/football/teams/129.png,,149,Paysandu,https://media.api-sports.io/football/teams/149.png,,0.0,0.0,0.0,0.0,0.0,0.0,,,,,,,
468620,,UTC,2015-09-01T22:00:00+00:00,1441144800,1441144800.0,1441148400.0,233.0,Estádio Heriberto Hülse,"Criciúma, Santa Catarina",Match Finished,FT,90.0,72,Serie B,Brazil,https://media.api-sports.io/football/leagues/72.png,https://media.api-sports.io/flags/br.svg,2015,Regular Season - 22,140,Criciuma,https://media.api-sports.io/football/teams/140.png,True,755,Nautico Recife,https://media.api-sports.io/football/teams/755.png,False,1.0,0.0,1.0,0.0,1.0,0.0,,,,,,,
468622,,UTC,2015-09-01T23:30:00+00:00,1441150200,1441150200.0,1441153800.0,216.0,Arena Fonte Nova,"Salvador, Bahia",Match Finished,FT,90.0,72,Serie B,Brazil,https://media.api-sports.io/football/leagues/72.png,https://media.api-sports.io/flags/br.svg,2015,Regular Season - 22,118,Bahia,https://media.api-sports.io/football/teams/118.png,True,146,CRB,https://media.api-sports.io/football/teams/146.png,False,3.0,2.0,1.0,0.0,3.0,2.0,,,,,,,
468624,,UTC,2015-09-01T23:30:00+00:00,1441150200,1441150200.0,1441153800.0,246.0,Estádio Municipal Prefeito Dilzon Luiz de Melo,"Varginha, Minas Gerais",Match Finished,FT,90.0,72,Serie B,Brazil,https://media.api-sports.io/football/leagues/72.png,https://media.api-sports.io/flags/br.svg,2015,Regular Season - 22,153,BOA,https://media.api-sports.io/football/teams/153.png,False,122,Parana,https://media.api-sports.io/football/teams/122.png,True,1.0,2.0,1.0,0.0,1.0,2.0,,,,,,,
468625,,UTC,2015-09-01T23:30:00+00:00,1441150200,1441150200.0,1441153800.0,,Estádio Governador João Castelo Ribeiro Gonçalves,"São Luís, Maranhão",Match Finished,FT,90.0,72,Serie B,Brazil,https://media.api-sports.io/football/leagues/72.png,https://media.api-sports.io/flags/br.svg,2015,Regular Season - 22,155,Sampaio Correa,https://media.api-sports.io/football/teams/155.png,True,7816,Mogi Mirim,https://media.api-sports.io/football/teams/7816.png,False,3.0,1.0,1.0,0.0,3.0,1.0,,,,,,,
468627,,UTC,2015-09-01T23:30:00+00:00,1441150200,1441150200.0,1441153800.0,250.0,Estádio Municipal Passo Das Emas,"Lucas do Rio Verde, Mato Grosso",Match Finished,FT,90.0,72,Serie B,Brazil,https://media.api-sports.io/football/leagues/72.png,https://media.api-sports.io/flags/br.svg,2015,Regular Season - 22,752,Luverdense,https://media.api-sports.io/football/teams/752.png,,754,ABC,https://media.api-sports.io/football/teams/754.png,,1.0,1.0,0.0,0.0,1.0,1.0,,,,,,,
468623,,UTC,2015-09-01T23:30:00+00:00,1441150200,1441150200.0,1441153800.0,220.0,Estádio Nabi Abi Chedid,"Bragança Paulista, São Paulo",Match Finished,FT,90.0,72,Serie B,Brazil,https://media.api-sports.io/football/leagues/72.png,https://media.api-sports.io/flags/br.svg,2015,Regular Season - 22,794,Bragantino,https://media.api-sports.io/football/teams/794.png,True,136,Vitoria,https://media.api-sports.io/football/teams/136.png,False,2.0,1.0,0.0,1.0,2.0,1.0,,,,,,,
468626,,UTC,2015-09-01T23:30:00+00:00,1441150200,1441150200.0,1441153800.0,7803.0,Estádio Jóse do Rego Maciel,"Recife, Pernambuco",Match Finished,FT,90.0,72,Serie B,Brazil,https://media.api-sports.io/football/leagues/72.png,https://media.api-sports.io/flags/br.svg,2015,Regular Season - 22,13974,Santa Cruz,https://media.api-sports.io/football/teams/13974.png,True,125,America Mineiro,https://media.api-sports.io/football/teams/125.png,False,2.0,1.0,1.0,0.0,2.0,1.0,,,,,,,
468628,,UTC,2015-09-02T00:30:00+00:00,1441153800,1441153800.0,1441157400.0,218.0,Estádio Nilton Santos,Rio de Janeiro,Match Finished,FT,90.0,72,Serie B,Brazil,https://media.api-sports.io/football/leagues/72.png,https://media.api-sports.io/flags/br.svg,2015,Regular Season - 22,120,Botafogo,https://media.api-sports.io/football/teams/120.png,True,144,Atletico Goianiense,https://media.api-sports.io/football/teams/144.png,False,4.0,0.0,2.0,0.0,4.0,0.0,,,,,,,
468629,,UTC,2015-09-02T00:30:00+00:00,1441153800,1441153800.0,1441157400.0,2939.0,Estádio Municipal Prefeito José Liberatti,"Osasco, São Paulo",Match Finished,FT,90.0,72,Serie B,Brazil,https://media.api-sports.io/football/leagues/72.png,https://media.api-sports.io/flags/br.svg,2015,Regular Season - 22,143,Oeste,https://media.api-sports.io/football/teams/143.png,False,7815,Macaé,https://media.api-sports.io/football/teams/7815.png,True,1.0,2.0,0.0,2.0,1.0,2.0,,,,,,,
468633,,UTC,2015-09-04T22:00:00+00:00,1441404000,1441404000.0,1441407600.0,232.0,Estádio Rei Pelé,"Maceió, Alagoas",Match Finished,FT,90.0,72,Serie B,Brazil,https://media.api-sports.io/football/leagues/72.png,https://media.api-sports.io/flags/br.svg,2015,Regular Season - 23,146,CRB,https://media.api-sports.io/football/teams/146.png,False,129,Ceara,https://media.api-sports.io/football/teams/129.png,True,1.0,3.0,0.0,1.0,1.0,3.0,,,,,,,
468632,,UTC,2015-09-04T22:00:00+00:00,1441404000,1441404000.0,1441407600.0,205.0,Estádio Maria Lamas Farache,"Natal, Rio Grande do Norte",Match Finished,FT,90.0,72,Serie B,Brazil,https://media.api-sports.io/football/leagues/72.png,https://media.api-sports.io/flags/br.svg,2015,Regular Season - 23,754,ABC,https://media.api-sports.io/football/teams/754.png,,13974,Santa Cruz,https://media.api-sports.io/football/teams/13974.png,,1.0,1.0,1.0,1.0,1.0,1.0,,,,,,,
468631,,UTC,2015-09-04T22:00:00+00:00,1441404000,1441404000.0,1441407600.0,253.0,Itaipava Arena Pernambuco,"Recife, Pernambuco",Match Finished,FT,90.0,72,Serie B,Brazil,https://media.api-sports.io/football/leagues/72.png,https://media.api-sports.io/flags/br.svg,2015,Regular Season - 23,755,Nautico Recife,https://media.api-sports.io/football/teams/755.png,,155,Sampaio Correa,https://media.api-sports.io/football/teams/155.png,,1.0,1.0,1.0,1.0,1.0,1.0,,,,,,,
468630,,UTC,2015-09-04T22:00:00+00:00,1441404000,1441404000.0,1441407600.0,,Estádio Romildo Vitor Gomes Ferreira,"Mogi Mirim, São Paulo",Match Finished,FT,90.0,72,Serie B,Brazil,https://media.api-sports.io/football/leagues/72.png,https://media.api-sports.io/flags/br.svg,2015,Regular Season - 23,7816,Mogi Mirim,https://media.api-sports.io/football/teams/7816.png,,143,Oeste,https://media.api-sports.io/football/teams/143.png,,0.0,0.0,0.0,0.0,0.0,0.0,,,,,,,
468635,,UTC,2015-09-05T00:30:00+00:00,1441413000,1441413000.0,1441416600.0,,Estádio Durival de Brito e Silva,"Curitiba, Paraná",Match Finished,FT,90.0,72,Serie B,Brazil,https://media.api-sports.io/football/leagues/72.png,https://media.api-sports.io/flags/br.svg,2015,Regular Season - 23,122,Parana,https://media.api-sports.io/football/teams/122.png,True,118,Bahia,https://media.api-sports.io/football/teams/118.png,False,1.0,0.0,1.0,0.0,1.0,0.0,,,,,,,
468634,,UTC,2015-09-05T00:30:00+00:00,1441413000,1441413000.0,1441416600.0,5651.0,Estádio Claúdio Moacir de Azevedo,"Macaé, Rio de Janeiro",Match Finished,FT,90.0,72,Serie B,Brazil,https://media.api-sports.io/football/leagues/72.png,https://media.api-sports.io/flags/br.svg,2015,Regular Season - 23,7815,Macaé,https://media.api-sports.io/football/teams/7815.png,False,752,Luverdense,https://media.api-sports.io/football/teams/752.png,True,1.0,3.0,1.0,1.0,1.0,3.0,,,,,,,
468636,,UTC,2015-09-05T18:00:00+00:00,1441476000,1441476000.0,1441479600.0,281.0,Estádio Manoel Barradas,"Salvador, Bahia",Match Finished,FT,90.0,72,Serie B,Brazil,https://media.api-sports.io/football/leagues/72.png,https://media.api-sports.io/flags/br.svg,2015,Regular Season - 23,136,Vitoria,https://media.api-sports.io/football/teams/136.png,False,120,Botafogo,https://media.api-sports.io/football/teams/120.png,True,1.0,2.0,0.0,0.0,1.0,2.0,,,,,,,
468637,,UTC,2015-09-06T00:00:00+00:00,1441497600,1441497600.0,1441501200.0,206.0,Estádio Raimundo Sampaio,"Belo Horizonte, Minas Gerais",Match Finished,FT,90.0,72,Serie B,Brazil,https://media.api-sports.io/football/leagues/72.png,https://media.api-sports.io/flags/br.svg,2015,Regular Season - 23,125,America Mineiro,https://media.api-sports.io/football/teams/125.png,False,794,Bragantino,https://media.api-sports.io/football/teams/794.png,True,1.0,2.0,1.0,1.0,1.0,2.0,,,,,,,
468638,,UTC,2015-09-06T00:00:00+00:00,1441497600,1441497600.0,1441501200.0,262.0,Estádio Estadual Jornalista Edgar Augusto Proença,"Belém, Pará",Match Finished,FT,90.0,72,Serie B,Brazil,https://media.api-sports.io/football/leagues/72.png,https://media.api-sports.io/flags/br.svg,2015,Regular Season - 23,149,Paysandu,https://media.api-sports.io/football/teams/149.png,True,153,BOA,https://media.api-sports.io/football/teams/153.png,False,3.0,0.0,0.0,0.0,3.0,0.0,,,,,,,
468640,,UTC,2015-09-07T19:00:00+00:00,1441652400,1441652400.0,1441656000.0,2939.0,Estádio Municipal Prefeito José Liberatti,"Osasco, São Paulo",Match Finished,FT,90.0,72,Serie B,Brazil,https://media.api-sports.io/football/leagues/72.png,https://media.api-sports.io/flags/br.svg,2015,Regular Season - 24,143,Oeste,https://media.api-sports.io/football/teams/143.png,,146,CRB,https://media.api-sports.io/football/teams/146.png,,0.0,0.0,0.0,0.0,0.0,0.0,,,,,,,
468641,,UTC,2015-09-07T22:00:00+00:00,1441663200,1441663200.0,1441666800.0,225.0,Estádio Governador Plácido Aderaldo Castelo,"Fortaleza, Ceará",Match Finished,FT,90.0,72,Serie B,Brazil,https://media.api-sports.io/football/leagues/72.png,https://media.api-sports.io/flags/br.svg,2015,Regular Season - 24,129,Ceara,https://media.api-sports.io/football/teams/129.png,True,755,Nautico Recife,https://media.api-sports.io/football/teams/755.png,False,1.0,0.0,0.0,0.0,1.0,0.0,,,,,,,
468642,,UTC,2015-09-08T19:30:00+00:00,1441740600,1441740600.0,1441744200.0,,Estádio Governador João Castelo Ribeiro Gonçalves,"São Luís, Maranhão",Match Finished,FT,90.0,72,Serie B,Brazil,https://media.api-sports.io/football/leagues/72.png,https://media.api-sports.io/flags/br.svg,2015,Regular Season - 24,155,Sampaio Correa,https://media.api-sports.io/football/teams/155.png,False,125,America Mineiro,https://media.api-sports.io/football/teams/125.png,True,0.0,2.0,0.0,1.0,0.0,2.0,,,,,,,
468643,,UTC,2015-09-08T22:00:00+00:00,1441749600,1441749600.0,1441753200.0,216.0,Arena Fonte Nova,"Salvador, Bahia",Match Finished,FT,90.0,72,Serie B,Brazil,https://media.api-sports.io/football/leagues/72.png,https://media.api-sports.io/flags/br.svg,2015,Regular Season - 24,118,Bahia,https://media.api-sports.io/football/teams/118.png,True,7815,Macaé,https://media.api-sports.io/football/teams/7815.png,False,1.0,0.0,0.0,0.0,1.0,0.0,,,,,,,
468644,,UTC,2015-09-08T22:00:00+00:00,1441749600,1441749600.0,1441753200.0,218.0,Estádio Nilton Santos,Rio de Janeiro,Match Finished,FT,90.0,72,Serie B,Brazil,https://media.api-sports.io/football/leagues/72.png,https://media.api-sports.io/flags/br.svg,2015,Regular Season - 24,120,Botafogo,https://media.api-sports.io/football/teams/120.png,True,122,Parana,https://media.api-sports.io/football/teams/122.png,False,2.0,1.0,0.0,1.0,2.0,1.0,,,,,,,
468647,,UTC,2015-09-08T22:00:00+00:00,1441749600,1441749600.0,1441753200.0,233.0,Estádio Heriberto Hülse,"Criciúma, Santa Catarina",Match Finished,FT,90.0,72,Serie B,Brazil,https://media.api-sports.io/football/leagues/72.png,https://media.api-sports.io/flags/br.svg,2015,Regular Season - 24,140,Criciuma,https://media.api-sports.io/football/teams/140.png,False,136,Vitoria,https://media.api-sports.io/football/teams/136.png,True,2.0,3.0,0.0,2.0,2.0,3.0,,,,,,,
468646,,UTC,2015-09-08T22:00:00+00:00,1441749600,1441749600.0,1441753200.0,246.0,Estádio Municipal Prefeito Dilzon Luiz de Melo,"Varginha, Minas Gerais",Match Finished,FT,90.0,72,Serie B,Brazil,https://media.api-sports.io/football/leagues/72.png,https://media.api-sports.io/flags/br.svg,2015,Regular Season - 24,153,BOA,https://media.api-sports.io/football/teams/153.png,False,7816,Mogi Mirim,https://media.api-sports.io/football/teams/7816.png,True,0.0,1.0,0.0,1.0,0.0,1.0,,,,,,,
468645,,UTC,2015-09-08T22:00:00+00:00,1441749600,1441749600.0,1441753200.0,220.0,Estádio Nabi Abi Chedid,"Bragança Paulista, São Paulo",Match Finished,FT,90.0,72,Serie B,Brazil,https://media.api-sports.io/football/leagues/72.png,https://media.api-sports.io/flags/br.svg,2015,Regular Season - 24,794,Bragantino,https://media.api-sports.io/football/teams/794.png,True,754,ABC,https://media.api-sports.io/football/teams/754.png,False,3.0,1.0,1.0,0.0,3.0,1.0,,,,,,,
468648,,UTC,2015-09-08T22:00:00+00:00,1441749600,1441749600.0,1441753200.0,7803.0,Estádio Jóse do Rego Maciel,"Recife, Pernambuco",Match Finished,FT,90.0,72,Serie B,Brazil,https://media.api-sports.io/football/leagues/72.png,https://media.api-sports.io/flags/br.svg,2015,Regular Season - 24,13974,Santa Cruz,https://media.api-sports.io/football/teams/13974.png,False,149,Paysandu,https://media.api-sports.io/football/teams/149.png,True,1.0,2.0,0.0,1.0,1.0,2.0,,,,,,,
468649,,UTC,2015-09-08T22:30:00+00:00,1441751400,1441751400.0,1441755000.0,250.0,Estádio Municipal Passo Das Emas,"Lucas do Rio Verde, Mato Grosso",Match Finished,FT,90.0,72,Serie B,Brazil,https://media.api-sports.io/football/leagues/72.png,https://media.api-sports.io/flags/br.svg,2015,Regular Season - 24,752,Luverdense,https://media.api-sports.io/football/teams/752.png,,144,Atletico Goianiense,https://media.api-sports.io/football/teams/144.png,,1.0,1.0,1.0,0.0,1.0,1.0,,,,,,,
468650,,UTC,2015-09-11T22:00:00+00:00,1442008800,1442008800.0,1442012400.0,216.0,Arena Fonte Nova,"Salvador, Bahia",Match Finished,FT,90.0,72,Serie B,Brazil,https://media.api-sports.io/football/leagues/72.png,https://media.api-sports.io/flags/br.svg,2015,Regular Season - 25,118,Bahia,https://media.api-sports.io/football/teams/118.png,True,794,Bragantino,https://media.api-sports.io/football/teams/794.png,False,3.0,2.0,1.0,1.0,3.0,2.0,,,,,,,
468651,,UTC,2015-09-11T23:30:00+00:00,1442014200,1442014200.0,1442017800.0,,Estádio Durival de Brito e Silva,"Curitiba, Paraná",Match Finished,FT,90.0,72,Serie B,Brazil,https://media.api-sports.io/football/leagues/72.png,https://media.api-sports.io/flags/br.svg,2015,Regular Season - 25,122,Parana,https://media.api-sports.io/football/teams/122.png,,149,Paysandu,https://media.api-sports.io/football/teams/149.png,,1.0,1.0,1.0,0.0,1.0,1.0,,,,,,,
468652,,UTC,2015-09-11T23:30:00+00:00,1442014200,1442014200.0,1442017800.0,2939.0,Estádio Municipal Prefeito José Liberatti,"Osasco, São Paulo",Match Finished,FT,90.0,72,Serie B,Brazil,https://media.api-sports.io/football/leagues/72.png,https://media.api-sports.io/flags/br.svg,2015,Regular Season - 25,143,Oeste,https://media.api-sports.io/football/teams/143.png,True,153,BOA,https://media.api-sports.io/football/teams/153.png,False,2.0,1.0,1.0,1.0,2.0,1.0,,,,,,,
468653,,UTC,2015-09-12T00:30:00+00:00,1442017800,1442017800.0,1442021400.0,20691.0,Estádio Kleber José de Andrade,"Cariacica, Espírito Santo",Match Finished,FT,90.0,72,Serie B,Brazil,https://media.api-sports.io/football/leagues/72.png,https://media.api-sports.io/flags/br.svg,2015,Regular Season - 25,7816,Mogi Mirim,https://media.api-sports.io/football/teams/7816.png,False,120,Botafogo,https://media.api-sports.io/football/teams/120.png,True,0.0,3.0,0.0,1.0,0.0,3.0,,,,,,,
468654,,UTC,2015-09-12T19:30:00+00:00,1442086200,1442086200.0,1442089800.0,206.0,Estádio Raimundo Sampaio,"Belo Horizonte, Minas Gerais",Match Finished,FT,90.0,72,Serie B,Brazil,https://media.api-sports.io/football/leagues/72.png,https://media.api-sports.io/flags/br.svg,2015,Regular Season - 25,125,America Mineiro,https://media.api-sports.io/football/teams/125.png,True,755,Nautico Recife,https://media.api-sports.io/football/teams/755.png,False,2.0,1.0,1.0,0.0,2.0,1.0,,,,,,,
468658,,UTC,2015-09-12T19:30:00+00:00,1442086200,1442086200.0,1442089800.0,,Estádio do Governo do Estado de Goiás,"Goiânia, Goiás",Match Finished,FT,90.0,72,Serie B,Brazil,https://media.api-sports.io/football/leagues/72.png,https://media.api-sports.io/flags/br.svg,2015,Regular Season - 25,144,Atletico Goianiense,https://media.api-sports.io/football/teams/144.png,,136,Vitoria,https://media.api-sports.io/football/teams/136.png,,0.0,0.0,0.0,0.0,0.0,0.0,,,,,,,
468655,,UTC,2015-09-12T19:30:00+00:00,1442086200,1442086200.0,1442089800.0,,Estádio Governador João Castelo Ribeiro Gonçalves,"São Luís, Maranhão",Match Finished,FT,90.0,72,Serie B,Brazil,https://media.api-sports.io/football/leagues/72.png,https://media.api-sports.io/flags/br.svg,2015,Regular Season - 25,155,Sampaio Correa,https://media.api-sports.io/football/teams/155.png,True,129,Ceara,https://media.api-sports.io/football/teams/129.png,False,1.0,0.0,1.0,0.0,1.0,0.0,,,,,,,
468657,,UTC,2015-09-12T19:30:00+00:00,1442086200,1442086200.0,1442089800.0,207.0,Arena das Dunas,"Natal, Rio Grande do Norte",Match Finished,FT,90.0,72,Serie B,Brazil,https://media.api-sports.io/football/leagues/72.png,https://media.api-sports.io/flags/br.svg,2015,Regular Season - 25,754,ABC,https://media.api-sports.io/football/teams/754.png,,146,CRB,https://media.api-sports.io/football/teams/146.png,,0.0,0.0,0.0,0.0,0.0,0.0,,,,,,,
468656,,UTC,2015-09-12T19:30:00+00:00,1442086200,1442086200.0,1442089800.0,7803.0,Estádio Jóse do Rego Maciel,"Recife, Pernambuco",Match Finished,FT,90.0,72,Serie B,Brazil,https://media.api-sports.io/football/leagues/72.png,https://media.api-sports.io/flags/br.svg,2015,Regular Season - 25,13974,Santa Cruz,https://media.api-sports.io/football/teams/13974.png,True,752,Luverdense,https://media.api-sports.io/football/teams/752.png,False,2.0,0.0,1.0,0.0,2.0,0.0,,,,,,,
468659,,UTC,2015-09-13T00:00:00+00:00,1442102400,1442102400.0,1442106000.0,5651.0,Estádio Claúdio Moacir de Azevedo,"Macaé, Rio de Janeiro",Match Finished,FT,90.0,72,Serie B,Brazil,https://media.api-sports.io/football/leagues/72.png,https://media.api-sports.io/flags/br.svg,2015,Regular Season - 25,7815,Macaé,https://media.api-sports.io/football/teams/7815.png,,140,Criciuma,https://media.api-sports.io/football/teams/140.png,,1.0,1.0,1.0,0.0,1.0,1.0,,,,,,,
468661,,UTC,2015-09-15T22:00:00+00:00,1442354400,1442354400.0,1442358000.0,225.0,Estádio Governador Plácido Aderaldo Castelo,"Fortaleza, Ceará",Match Finished,FT,90.0,72,Serie B,Brazil,https://media.api-sports.io/football/leagues/72.png,https://media.api-sports.io/flags/br.svg,2015,Regular Season - 26,129,Ceara,https://media.api-sports.io/football/teams/129.png,,118,Bahia,https://media.api-sports.io/football/teams/118.png,,2.0,2.0,1.0,1.0,2.0,2.0,,,,,,,
468660,,UTC,2015-09-15T22:00:00+00:00,1442354400,1442354400.0,1442358000.0,220.0,Estádio Nabi Abi Chedid,"Bragança Paulista, São Paulo",Match Finished,FT,90.0,72,Serie B,Brazil,https://media.api-sports.io/football/leagues/72.png,https://media.api-sports.io/flags/br.svg,2015,Regular Season - 26,794,Bragantino,https://media.api-sports.io/football/teams/794.png,,7815,Macaé,https://media.api-sports.io/football/teams/7815.png,,2.0,2.0,1.0,0.0,2.0,2.0,,,,,,,
468662,,UTC,2015-09-15T23:30:00+00:00,1442359800,1442359800.0,1442363400.0,216.0,Arena Fonte Nova,"Salvador, Bahia",Match Finished,FT,90.0,72,Serie B,Brazil,https://media.api-sports.io/football/leagues/72.png,https://media.api-sports.io/flags/br.svg,2015,Regular Season - 26,136,Vitoria,https://media.api-sports.io/football/teams/136.png,True,7816,Mogi Mirim,https://media.api-sports.io/football/teams/7816.png,False,4.0,1.0,2.0,0.0,4.0,1.0,,,,,,,
468663,,UTC,2015-09-15T23:30:00+00:00,1442359800,1442359800.0,1442363400.0,233.0,Estádio Heriberto Hülse,"Criciúma, Santa Catarina",Match Finished,FT,90.0,72,Serie B,Brazil,https://media.api-sports.io/football/leagues/72.png,https://media.api-sports.io/flags/br.svg,2015,Regular Season - 26,140,Criciuma,https://media.api-sports.io/football/teams/140.png,,155,Sampaio Correa,https://media.api-sports.io/football/teams/155.png,,1.0,1.0,0.0,1.0,1.0,1.0,,,,,,,
468667,,UTC,2015-09-15T23:30:00+00:00,1442359800,1442359800.0,1442363400.0,232.0,Estádio Rei Pelé,"Maceió, Alagoas",Match Finished,FT,90.0,72,Serie B,Brazil,https://media.api-sports.io/football/leagues/72.png,https://media.api-sports.io/flags/br.svg,2015,Regular Season - 26,146,CRB,https://media.api-sports.io/football/teams/146.png,True,125,America Mineiro,https://media.api-sports.io/football/teams/125.png,False,1.0,0.0,0.0,0.0,1.0,0.0,,,,,,,
468664,,UTC,2015-09-15T23:30:00+00:00,1442359800,1442359800.0,1442363400.0,262.0,Estádio Estadual Jornalista Edgar Augusto Proença,"Belém, Pará",Match Finished,FT,90.0,72,Serie B,Brazil,https://media.api-sports.io/football/leagues/72.png,https://media.api-sports.io/flags/br.svg,2015,Regular Season - 26,149,Paysandu,https://media.api-sports.io/football/teams/149.png,True,754,ABC,https://media.api-sports.io/football/teams/754.png,False,3.0,2.0,2.0,1.0,3.0,2.0,,,,,,,
468666,,UTC,2015-09-15T23:30:00+00:00,1442359800,1442359800.0,1442363400.0,250.0,Estádio Municipal Passo Das Emas,"Lucas do Rio Verde, Mato Grosso",Match Finished,FT,90.0,72,Serie B,Brazil,https://media.api-sports.io/football/leagues/72.png,https://media.api-sports.io/flags/br.svg,2015,Regular Season - 26,752,Luverdense,https://media.api-sports.io/football/teams/752.png,True,122,Parana,https://media.api-sports.io/football/teams/122.png,False,2.0,0.0,0.0,0.0,2.0,0.0,,,,,,,
468665,,UTC,2015-09-15T23:30:00+00:00,1442359800,1442359800.0,1442363400.0,253.0,Itaipava Arena Pernambuco,"Recife, Pernambuco",Match Finished,FT,90.0,72,Serie B,Brazil,https://media.api-sports.io/football/leagues/72.png,https://media.api-sports.io/flags/br.svg,2015,Regular Season - 26,755,Nautico Recife,https://media.api-sports.io/football/teams/755.png,,144,Atletico Goianiense,https://media.api-sports.io/football/teams/144.png,,1.0,1.0,0.0,0.0,1.0,1.0,,,,,,,
468668,,UTC,2015-09-16T00:30:00+00:00,1442363400,1442363400.0,1442367000.0,218.0,Estádio Nilton Santos,Rio de Janeiro,Match Finished,FT,90.0,72,Serie B,Brazil,https://media.api-sports.io/football/leagues/72.png,https://media.api-sports.io/flags/br.svg,2015,Regular Season - 26,120,Botafogo,https://media.api-sports.io/football/teams/120.png,,143,Oeste,https://media.api-sports.io/football/teams/143.png,,1.0,1.0,0.0,0.0,1.0,1.0,,,,,,,
468669,,UTC,2015-09-16T00:30:00+00:00,1442363400,1442363400.0,1442367000.0,246.0,Estádio Municipal Prefeito Dilzon Luiz de Melo,"Varginha, Minas Gerais",Match Finished,FT,90.0,72,Serie B,Brazil,https://media.api-sports.io/football/leagues/72.png,https://media.api-sports.io/flags/br.svg,2015,Regular Season - 26,153,BOA,https://media.api-sports.io/football/teams/153.png,False,13974,Santa Cruz,https://media.api-sports.io/football/teams/13974.png,True,1.0,3.0,0.0,1.0,1.0,3.0,,,,,,,
468670,,UTC,2015-09-18T22:00:00+00:00,1442613600,1442613600.0,1442617200.0,207.0,Arena das Dunas,"Natal, Rio Grande do Norte",Match Finished,FT,90.0,72,Serie B,Brazil,https://media.api-sports.io/football/leagues/72.png,https://media.api-sports.io/flags/br.svg,2015,Regular Season - 27,754,ABC,https://media.api-sports.io/football/teams/754.png,,136,Vitoria,https://media.api-sports.io/football/teams/136.png,,0.0,0.0,0.0,0.0,0.0,0.0,,,,,,,
468671,,UTC,2015-09-18T23:30:00+00:00,1442619000,1442619000.0,1442622600.0,,Estádio do Governo do Estado de Goiás,"Goiânia, Goiás",Match Finished,FT,90.0,72,Serie B,Brazil,https://media.api-sports.io/football/leagues/72.png,https://media.api-sports.io/flags/br.svg,2015,Regular Season - 27,144,Atletico Goianiense,https://media.api-sports.io/football/teams/144.png,,125,America Mineiro,https://media.api-sports.io/football/teams/125.png,,1.0,1.0,0.0,0.0,1.0,1.0,,,,,,,
468672,,UTC,2015-09-19T00:30:00+00:00,1442622600,1442622600.0,1442626200.0,246.0,Estádio Municipal Prefeito Dilzon Luiz de Melo,"Varginha, Minas Gerais",Match Finished,FT,90.0,72,Serie B,Brazil,https://media.api-sports.io/football/leagues/72.png,https://media.api-sports.io/flags/br.svg,2015,Regular Season - 27,153,BOA,https://media.api-sports.io/football/teams/153.png,False,120,Botafogo,https://media.api-sports.io/football/teams/120.png,True,0.0,1.0,0.0,1.0,0.0,1.0,,,,,,,
468673,,UTC,2015-09-19T19:30:00+00:00,1442691000,1442691000.0,1442694600.0,216.0,Arena Fonte Nova,"Salvador, Bahia",Match Finished,FT,90.0,72,Serie B,Brazil,https://media.api-sports.io/football/leagues/72.png,https://media.api-sports.io/flags/br.svg,2015,Regular Season - 27,118,Bahia,https://media.api-sports.io/football/teams/118.png,,155,Sampaio Correa,https://media.api-sports.io/football/teams/155.png,,1.0,1.0,1.0,0.0,1.0,1.0,,,,,,,
468677,,UTC,2015-09-19T19:30:00+00:00,1442691000,1442691000.0,1442694600.0,2939.0,Estádio Municipal Prefeito José Liberatti,"Osasco, São Paulo",Match Finished,FT,90.0,72,Serie B,Brazil,https://media.api-sports.io/football/leagues/72.png,https://media.api-sports.io/flags/br.svg,2015,Regular Season - 27,143,Oeste,https://media.api-sports.io/football/teams/143.png,,794,Bragantino,https://media.api-sports.io/football/teams/794.png,,1.0,1.0,0.0,0.0,1.0,1.0,,,,,,,
468675,,UTC,2015-09-19T19:30:00+00:00,1442691000,1442691000.0,1442694600.0,262.0,Estádio Estadual Jornalista Edgar Augusto Proença,"Belém, Pará",Match Finished,FT,90.0,72,Serie B,Brazil,https://media.api-sports.io/football/leagues/72.png,https://media.api-sports.io/flags/br.svg,2015,Regular Season - 27,149,Paysandu,https://media.api-sports.io/football/teams/149.png,False,755,Nautico Recife,https://media.api-sports.io/football/teams/755.png,True,0.0,1.0,0.0,0.0,0.0,1.0,,,,,,,
468674,,UTC,2015-09-19T19:30:00+00:00,1442691000,1442691000.0,1442694600.0,,Estádio Romildo Vitor Gomes Ferreira,"Mogi Mirim, São Paulo",Match Finished,FT,90.0,72,Serie B,Brazil,https://media.api-sports.io/football/leagues/72.png,https://media.api-sports.io/flags/br.svg,2015,Regular Season - 27,7816,Mogi Mirim,https://media.api-sports.io/football/teams/7816.png,False,122,Parana,https://media.api-sports.io/football/teams/122.png,True,1.0,2.0,0.0,0.0,1.0,2.0,,,,,,,
468676,,UTC,2015-09-19T19:30:00+00:00,1442691000,1442691000.0,1442694600.0,253.0,Itaipava Arena Pernambuco,"Recife, Pernambuco",Match Finished,FT,90.0,72,Serie B,Brazil,https://media.api-sports.io/football/leagues/72.png,https://media.api-sports.io/flags/br.svg,2015,Regular Season - 27,13974,Santa Cruz,https://media.api-sports.io/football/teams/13974.png,True,129,Ceara,https://media.api-sports.io/football/teams/129.png,False,2.0,1.0,0.0,0.0,2.0,1.0,,,,,,,
468679,,UTC,2015-09-20T00:00:00+00:00,1442707200,1442707200.0,1442710800.0,233.0,Estádio Heriberto Hülse,"Criciúma, Santa Catarina",Match Finished,FT,90.0,72,Serie B,Brazil,https://media.api-sports.io/football/leagues/72.png,https://media.api-sports.io/flags/br.svg,2015,Regular Season - 27,140,Criciuma,https://media.api-sports.io/football/teams/140.png,False,752,Luverdense,https://media.api-sports.io/football/teams/752.png,True,0.0,1.0,0.0,0.0,0.0,1.0,,,,,,,
468678,,UTC,2015-09-20T00:00:00+00:00,1442707200,1442707200.0,1442710800.0,5651.0,Estádio Claúdio Moacir de Azevedo,"Macaé, Rio de Janeiro",Match Finished,FT,90.0,72,Serie B,Brazil,https://media.api-sports.io/football/leagues/72.png,https://media.api-sports.io/flags/br.svg,2015,Regular Season - 27,7815,Macaé,https://media.api-sports.io/football/teams/7815.png,,146,CRB,https://media.api-sports.io/football/teams/146.png,,0.0,0.0,0.0,0.0,0.0,0.0,,,,,,,
468680,,UTC,2015-09-22T22:00:00+00:00,1442959200,1442959200.0,1442962800.0,218.0,Estádio Nilton Santos,Rio de Janeiro,Match Finished,FT,90.0,72,Serie B,Brazil,https://media.api-sports.io/football/leagues/72.png,https://media.api-sports.io/flags/br.svg,2015,Regular Season - 28,120,Botafogo,https://media.api-sports.io/football/teams/120.png,True,7815,Macaé,https://media.api-sports.io/football/teams/7815.png,False,2.0,1.0,2.0,1.0,2.0,1.0,,,,,,,
468639,,UTC,2015-09-22T22:30:00+00:00,1442961000,1442961000.0,1442964600.0,,Estádio do Governo do Estado de Goiás,"Goiânia, Goiás",Match Finished,FT,90.0,72,Serie B,Brazil,https://media.api-sports.io/football/leagues/72.png,https://media.api-sports.io/flags/br.svg,2015,Regular Season - 23,144,Atletico Goianiense,https://media.api-sports.io/football/teams/144.png,,140,Criciuma,https://media.api-sports.io/football/teams/140.png,,0.0,0.0,0.0,0.0,0.0,0.0,,,,,,,
468681,,UTC,2015-09-22T23:30:00+00:00,1442964600,1442964600.0,1442968200.0,220.0,Estádio Nabi Abi Chedid,"Bragança Paulista, São Paulo",Match Finished,FT,90.0,72,Serie B,Brazil,https://media.api-sports.io/football/leagues/72.png,https://media.api-sports.io/flags/br.svg,2015,Regular Season - 28,794,Bragantino,https://media.api-sports.io/football/teams/794.png,True,153,BOA,https://media.api-sports.io/football/teams/153.png,False,2.0,1.0,1.0,0.0,2.0,1.0,,,,,,,
468682,,UTC,2015-09-26T00:00:00+00:00,1443225600,1443225600.0,1443229200.0,206.0,Estádio Raimundo Sampaio,"Belo Horizonte, Minas Gerais",Match Finished,FT,90.0,72,Serie B,Brazil,https://media.api-sports.io/football/leagues/72.png,https://media.api-sports.io/flags/br.svg,2015,Regular Season - 28,125,America Mineiro,https://media.api-sports.io/football/teams/125.png,True,140,Criciuma,https://media.api-sports.io/football/teams/140.png,False,2.0,1.0,1.0,1.0,2.0,1.0,,,,,,,
468686,,UTC,2015-09-26T19:30:00+00:00,1443295800,1443295800.0,1443299400.0,225.0,Estádio Governador Plácido Aderaldo Castelo,"Fortaleza, Ceará",Match Finished,FT,90.0,72,Serie B,Brazil,https://media.api-sports.io/football/leagues/72.png,https://media.api-sports.io/flags/br.svg,2015,Regular Season - 28,129,Ceara,https://media.api-sports.io/football/teams/129.png,,143,Oeste,https://media.api-sports.io/football/teams/143.png,,1.0,1.0,1.0,1.0,1.0,1.0,,,,,,,
468683,,UTC,2015-09-26T19:30:00+00:00,1443295800,1443295800.0,1443299400.0,216.0,Arena Fonte Nova,"Salvador, Bahia",Match Finished,FT,90.0,72,Serie B,Brazil,https://media.api-sports.io/football/leagues/72.png,https://media.api-sports.io/flags/br.svg,2015,Regular Season - 28,136,Vitoria,https://media.api-sports.io/football/teams/136.png,True,149,Paysandu,https://media.api-sports.io/football/teams/149.png,False,3.0,1.0,1.0,0.0,3.0,1.0,,,,,,,
468687,,UTC,2015-09-26T19:30:00+00:00,1443295800,1443295800.0,1443299400.0,232.0,Estádio Rei Pelé,"Maceió, Alagoas",Match Finished,FT,90.0,72,Serie B,Brazil,https://media.api-sports.io/football/leagues/72.png,https://media.api-sports.io/flags/br.svg,2015,Regular Season - 28,146,CRB,https://media.api-sports.io/football/teams/146.png,True,7816,Mogi Mirim,https://media.api-sports.io/football/teams/7816.png,False,2.0,1.0,0.0,0.0,2.0,1.0,,,,,,,
468684,,UTC,2015-09-26T19:30:00+00:00,1443295800,1443295800.0,1443299400.0,,Estádio Governador João Castelo Ribeiro Gonçalves,"São Luís, Maranhão",Match Finished,FT,90.0,72,Serie B,Brazil,https://media.api-sports.io/football/leagues/72.png,https://media.api-sports.io/flags/br.svg,2015,Regular Season - 28,155,Sampaio Correa,https://media.api-sports.io/football/teams/155.png,,13974,Santa Cruz,https://media.api-sports.io/football/teams/13974.png,,0.0,0.0,0.0,0.0,0.0,0.0,,,,,,,
468685,,UTC,2015-09-26T19:30:00+00:00,1443295800,1443295800.0,1443299400.0,253.0,Itaipava Arena Pernambuco,"Recife, Pernambuco",Match Finished,FT,90.0,72,Serie B,Brazil,https://media.api-sports.io/football/leagues/72.png,https://media.api-sports.io/flags/br.svg,2015,Regular Season - 28,755,Nautico Recife,https://media.api-sports.io/football/teams/755.png,True,754,ABC,https://media.api-sports.io/football/teams/754.png,False,3.0,0.0,0.0,0.0,3.0,0.0,,,,,,,
468688,,UTC,2015-09-27T00:00:00+00:00,1443312000,1443312000.0,1443315600.0,,Estádio Durival de Brito e Silva,"Curitiba, Paraná",Match Finished,FT,90.0,72,Serie B,Brazil,https://media.api-sports.io/football/leagues/72.png,https://media.api-sports.io/flags/br.svg,2015,Regular Season - 28,122,Parana,https://media.api-sports.io/football/teams/122.png,False,144,Atletico Goianiense,https://media.api-sports.io/football/teams/144.png,True,1.0,2.0,1.0,2.0,1.0,2.0,,,,,,,
468689,,UTC,2015-09-27T00:00:00+00:00,1443312000,1443312000.0,1443315600.0,250.0,Estádio Municipal Passo Das Emas,"Lucas do Rio Verde, Mato Grosso",Match Finished,FT,90.0,72,Serie B,Brazil,https://media.api-sports.io/football/leagues/72.png,https://media.api-sports.io/flags/br.svg,2015,Regular Season - 28,752,Luverdense,https://media.api-sports.io/football/teams/752.png,,118,Bahia,https://media.api-sports.io/football/teams/118.png,,2.0,2.0,0.0,1.0,2.0,2.0,,,,,,,
468691,,UTC,2015-09-30T00:00:00+00:00,1443571200,1443571200.0,1443574800.0,225.0,Estádio Governador Plácido Aderaldo Castelo,"Fortaleza, Ceará",Match Finished,FT,90.0,72,Serie B,Brazil,https://media.api-sports.io/football/leagues/72.png,https://media.api-sports.io/flags/br.svg,2015,Regular Season - 29,129,Ceara,https://media.api-sports.io/football/teams/129.png,False,752,Luverdense,https://media.api-sports.io/football/teams/752.png,True,0.0,1.0,0.0,0.0,0.0,1.0,,,,,,,
468690,,UTC,2015-09-30T00:00:00+00:00,1443571200,1443571200.0,1443574800.0,7803.0,Estádio Jóse do Rego Maciel,"Recife, Pernambuco",Match Finished,FT,90.0,72,Serie B,Brazil,https://media.api-sports.io/football/leagues/72.png,https://media.api-sports.io/flags/br.svg,2015,Regular Season - 29,13974,Santa Cruz,https://media.api-sports.io/football/teams/13974.png,True,794,Bragantino,https://media.api-sports.io/football/teams/794.png,False,3.0,1.0,1.0,0.0,3.0,1.0,,,,,,,
468692,,UTC,2015-10-02T22:30:00+00:00,1443825000,1443825000.0,1443828600.0,233.0,Estádio Heriberto Hülse,"Criciúma, Santa Catarina",Match Finished,FT,90.0,72,Serie B,Brazil,https://media.api-sports.io/football/leagues/72.png,https://media.api-sports.io/flags/br.svg,2015,Regular Season - 29,140,Criciuma,https://media.api-sports.io/football/teams/140.png,,122,Parana,https://media.api-sports.io/football/teams/122.png,,0.0,0.0,0.0,0.0,0.0,0.0,,,,,,,
468693,,UTC,2015-10-03T00:00:00+00:00,1443830400,1443830400.0,1443834000.0,,Estádio Governador João Castelo Ribeiro Gonçalves,"São Luís, Maranhão",Match Finished,FT,90.0,72,Serie B,Brazil,https://media.api-sports.io/football/leagues/72.png,https://media.api-sports.io/flags/br.svg,2015,Regular Season - 29,155,Sampaio Correa,https://media.api-sports.io/football/teams/155.png,,120,Botafogo,https://media.api-sports.io/football/teams/120.png,,2.0,2.0,0.0,1.0,2.0,2.0,,,,,,,
468694,,UTC,2015-10-03T19:30:00+00:00,1443900600,1443900600.0,1443904200.0,216.0,Arena Fonte Nova,"Salvador, Bahia",Match Finished,FT,90.0,72,Serie B,Brazil,https://media.api-sports.io/football/leagues/72.png,https://media.api-sports.io/flags/br.svg,2015,Regular Season - 29,118,Bahia,https://media.api-sports.io/football/teams/118.png,False,136,Vitoria,https://media.api-sports.io/football/teams/136.png,True,1.0,3.0,1.0,1.0,1.0,3.0,,,,,,,
468698,,UTC,2015-10-03T19:30:00+00:00,1443900600,1443900600.0,1443904200.0,2939.0,Estádio Municipal Prefeito José Liberatti,"Osasco, São Paulo",Match Finished,FT,90.0,72,Serie B,Brazil,https://media.api-sports.io/football/leagues/72.png,https://media.api-sports.io/flags/br.svg,2015,Regular Season - 29,143,Oeste,https://media.api-sports.io/football/teams/143.png,True,755,Nautico Recife,https://media.api-sports.io/football/teams/755.png,False,2.0,0.0,1.0,0.0,2.0,0.0,,,,,,,
468697,,UTC,2015-10-03T19:30:00+00:00,1443900600,1443900600.0,1443904200.0,,Estádio do Governo do Estado de Goiás,"Goiânia, Goiás",Match Finished,FT,90.0,72,Serie B,Brazil,https://media.api-sports.io/football/leagues/72.png,https://media.api-sports.io/flags/br.svg,2015,Regular Season - 29,144,Atletico Goianiense,https://media.api-sports.io/football/teams/144.png,True,149,Paysandu,https://media.api-sports.io/football/teams/149.png,False,2.0,1.0,1.0,0.0,2.0,1.0,,,,,,,
468696,,UTC,2015-10-03T19:30:00+00:00,1443900600,1443900600.0,1443904200.0,246.0,Estádio Municipal Prefeito Dilzon Luiz de Melo,"Varginha, Minas Gerais",Match Finished,FT,90.0,72,Serie B,Brazil,https://media.api-sports.io/football/leagues/72.png,https://media.api-sports.io/flags/br.svg,2015,Regular Season - 29,153,BOA,https://media.api-sports.io/football/teams/153.png,False,146,CRB,https://media.api-sports.io/football/teams/146.png,True,1.0,3.0,0.0,2.0,1.0,3.0,,,,,,,
468695,,UTC,2015-10-03T19:30:00+00:00,1443900600,1443900600.0,1443904200.0,5651.0,Estádio Claúdio Moacir de Azevedo,"Macaé, Rio de Janeiro",Match Finished,FT,90.0,72,Serie B,Brazil,https://media.api-sports.io/football/leagues/72.png,https://media.api-sports.io/flags/br.svg,2015,Regular Season - 29,7815,Macaé,https://media.api-sports.io/football/teams/7815.png,True,754,ABC,https://media.api-sports.io/football/teams/754.png,False,3.0,1.0,0.0,1.0,3.0,1.0,,,,,,,
468699,,UTC,2015-10-04T00:00:00+00:00,1443916800,1443916800.0,1443920400.0,,Estádio Romildo Vitor Gomes Ferreira,"Mogi Mirim, São Paulo",Match Finished,FT,90.0,72,Serie B,Brazil,https://media.api-sports.io/football/leagues/72.png,https://media.api-sports.io/flags/br.svg,2015,Regular Season - 29,7816,Mogi Mirim,https://media.api-sports.io/football/teams/7816.png,False,125,America Mineiro,https://media.api-sports.io/football/teams/125.png,True,1.0,2.0,1.0,0.0,1.0,2.0,,,,,,,
468700,,UTC,2015-10-06T22:00:00+00:00,1444168800,1444168800.0,1444172400.0,220.0,Estádio Nabi Abi Chedid,"Bragança Paulista, São Paulo",Match Finished,FT,90.0,72,Serie B,Brazil,https://media.api-sports.io/football/leagues/72.png,https://media.api-sports.io/flags/br.svg,2015,Regular Season - 30,794,Bragantino,https://media.api-sports.io/football/teams/794.png,True,140,Criciuma,https://media.api-sports.io/football/teams/140.png,False,2.0,0.0,1.0,0.0,2.0,0.0,,,,,,,
468702,,UTC,2015-10-06T23:30:00+00:00,1444174200,1444174200.0,1444177800.0,,Estádio Durival de Brito e Silva,"Curitiba, Paraná",Match Finished,FT,90.0,72,Serie B,Brazil,https://media.api-sports.io/football/leagues/72.png,https://media.api-sports.io/flags/br.svg,2015,Regular Season - 30,122,Parana,https://media.api-sports.io/football/teams/122.png,,143,Oeste,https://media.api-sports.io/football/teams/143.png,,1.0,1.0,1.0,0.0,1.0,1.0,,,,,,,
468701,,UTC,2015-10-06T23:30:00+00:00,1444174200,1444174200.0,1444177800.0,206.0,Estádio Raimundo Sampaio,"Belo Horizonte, Minas Gerais",Match Finished,FT,90.0,72,Serie B,Brazil,https://media.api-sports.io/football/leagues/72.png,https://media.api-sports.io/flags/br.svg,2015,Regular Season - 30,125,America Mineiro,https://media.api-sports.io/football/teams/125.png,True,7815,Macaé,https://media.api-sports.io/football/teams/7815.png,False,1.0,0.0,1.0,0.0,1.0,0.0,,,,,,,
468705,,UTC,2015-10-06T23:30:00+00:00,1444174200,1444174200.0,1444177800.0,232.0,Estádio Rei Pelé,"Maceió, Alagoas",Match Finished,FT,90.0,72,Serie B,Brazil,https://media.api-sports.io/football/leagues/72.png,https://media.api-sports.io/flags/br.svg,2015,Regular Season - 30,146,CRB,https://media.api-sports.io/football/teams/146.png,True,13974,Santa Cruz,https://media.api-sports.io/football/teams/13974.png,False,3.0,2.0,1.0,1.0,3.0,2.0,,,,,,,
468704,,UTC,2015-10-06T23:30:00+00:00,1444174200,1444174200.0,1444177800.0,207.0,Arena das Dunas,"Natal, Rio Grande do Norte",Match Finished,FT,90.0,72,Serie B,Brazil,https://media.api-sports.io/football/leagues/72.png,https://media.api-sports.io/flags/br.svg,2015,Regular Season - 30,754,ABC,https://media.api-sports.io/football/teams/754.png,,144,Atletico Goianiense,https://media.api-sports.io/football/teams/144.png,,1.0,1.0,0.0,1.0,1.0,1.0,,,,,,,
468703,,UTC,2015-10-06T23:30:00+00:00,1444174200,1444174200.0,1444177800.0,253.0,Itaipava Arena Pernambuco,"Recife, Pernambuco",Match Finished,FT,90.0,72,Serie B,Brazil,https://media.api-sports.io/football/leagues/72.png,https://media.api-sports.io/flags/br.svg,2015,Regular Season - 30,755,Nautico Recife,https://media.api-sports.io/football/teams/755.png,True,7816,Mogi Mirim,https://media.api-sports.io/football/teams/7816.png,False,1.0,0.0,1.0,0.0,1.0,0.0,,,,,,,
468706,,UTC,2015-10-07T00:30:00+00:00,1444177800,1444177800.0,1444181400.0,262.0,Estádio Estadual Jornalista Edgar Augusto Proença,"Belém, Pará",Match Finished,FT,90.0,72,Serie B,Brazil,https://media.api-sports.io/football/leagues/72.png,https://media.api-sports.io/flags/br.svg,2015,Regular Season - 30,149,Paysandu,https://media.api-sports.io/football/teams/149.png,,118,Bahia,https://media.api-sports.io/football/teams/118.png,,0.0,0.0,0.0,0.0,0.0,0.0,,,,,,,
468707,,UTC,2015-10-07T00:30:00+00:00,1444177800,1444177800.0,1444181400.0,250.0,Estádio Municipal Passo Das Emas,"Lucas do Rio Verde, Mato Grosso",Match Finished,FT,90.0,72,Serie B,Brazil,https://media.api-sports.io/football/leagues/72.png,https://media.api-sports.io/flags/br.svg,2015,Regular Season - 30,752,Luverdense,https://media.api-sports.io/football/teams/752.png,True,155,Sampaio Correa,https://media.api-sports.io/football/teams/155.png,False,2.0,1.0,0.0,0.0,2.0,1.0,,,,,,,
468708,,UTC,2015-10-10T19:30:00+00:00,1444505400,1444505400.0,1444509000.0,281.0,Estádio Manoel Barradas,"Salvador, Bahia",Match Finished,FT,90.0,72,Serie B,Brazil,https://media.api-sports.io/football/leagues/72.png,https://media.api-sports.io/flags/br.svg,2015,Regular Season - 30,136,Vitoria,https://media.api-sports.io/football/teams/136.png,True,153,BOA,https://media.api-sports.io/football/teams/153.png,False,2.0,1.0,1.0,0.0,2.0,1.0,,,,,,,
468710,,UTC,2015-10-16T22:30:00+00:00,1445034600,1445034600.0,1445038200.0,246.0,Estádio Municipal Prefeito Dilzon Luiz de Melo,"Varginha, Minas Gerais",Match Finished,FT,90.0,72,Serie B,Brazil,https://media.api-sports.io/football/leagues/72.png,https://media.api-sports.io/flags/br.svg,2015,Regular Season - 31,153,BOA,https://media.api-sports.io/football/teams/153.png,,155,Sampaio Correa,https://media.api-sports.io/football/teams/155.png,,2.0,2.0,2.0,0.0,2.0,2.0,,,,,,,
468711,,UTC,2015-10-17T00:30:00+00:00,1445041800,1445041800.0,1445045400.0,216.0,Arena Fonte Nova,"Salvador, Bahia",Match Finished,FT,90.0,72,Serie B,Brazil,https://media.api-sports.io/football/leagues/72.png,https://media.api-sports.io/flags/br.svg,2015,Regular Season - 31,136,Vitoria,https://media.api-sports.io/football/teams/136.png,,122,Parana,https://media.api-sports.io/football/teams/122.png,,1.0,1.0,1.0,0.0,1.0,1.0,,,,,,,
468712,,UTC,2015-10-17T19:00:00+00:00,1445108400,1445108400.0,1445112000.0,218.0,Estádio Nilton Santos,Rio de Janeiro,Match Finished,FT,90.0,72,Serie B,Brazil,https://media.api-sports.io/football/leagues/72.png,https://media.api-sports.io/flags/br.svg,2015,Regular Season - 31,120,Botafogo,https://media.api-sports.io/football/teams/120.png,True,794,Bragantino,https://media.api-sports.io/football/teams/794.png,False,4.0,0.0,1.0,0.0,4.0,0.0,,,,,,,
468714,,UTC,2015-10-17T19:30:00+00:00,1445110200,1445110200.0,1445113800.0,233.0,Estádio Heriberto Hülse,"Criciúma, Santa Catarina",Match Finished,FT,90.0,72,Serie B,Brazil,https://media.api-sports.io/football/leagues/72.png,https://media.api-sports.io/flags/br.svg,2015,Regular Season - 31,140,Criciuma,https://media.api-sports.io/football/teams/140.png,True,129,Ceara,https://media.api-sports.io/football/teams/129.png,False,3.0,0.0,2.0,0.0,3.0,0.0,,,,,,,
468717,,UTC,2015-10-17T19:30:00+00:00,1445110200,1445110200.0,1445113800.0,2939.0,Estádio Municipal Prefeito José Liberatti,"Osasco, São Paulo",Match Finished,FT,90.0,72,Serie B,Brazil,https://media.api-sports.io/football/leagues/72.png,https://media.api-sports.io/flags/br.svg,2015,Regular Season - 31,143,Oeste,https://media.api-sports.io/football/teams/143.png,False,118,Bahia,https://media.api-sports.io/football/teams/118.png,True,0.0,1.0,0.0,1.0,0.0,1.0,,,,,,,
468716,,UTC,2015-10-17T19:30:00+00:00,1445110200,1445110200.0,1445113800.0,205.0,Estádio Maria Lamas Farache,"Natal, Rio Grande do Norte",Match Finished,FT,90.0,72,Serie B,Brazil,https://media.api-sports.io/football/leagues/72.png,https://media.api-sports.io/flags/br.svg,2015,Regular Season - 31,754,ABC,https://media.api-sports.io/football/teams/754.png,True,125,America Mineiro,https://media.api-sports.io/football/teams/125.png,False,4.0,2.0,2.0,1.0,4.0,2.0,,,,,,,
468713,,UTC,2015-10-17T19:30:00+00:00,1445110200,1445110200.0,1445113800.0,,Estádio Romildo Vitor Gomes Ferreira,"Mogi Mirim, São Paulo",Match Finished,FT,90.0,72,Serie B,Brazil,https://media.api-sports.io/football/leagues/72.png,https://media.api-sports.io/flags/br.svg,2015,Regular Season - 31,7816,Mogi Mirim,https://media.api-sports.io/football/teams/7816.png,False,144,Atletico Goianiense,https://media.api-sports.io/football/teams/144.png,True,0.0,2.0,0.0,1.0,0.0,2.0,,,,,,,
468715,,UTC,2015-10-17T19:30:00+00:00,1445110200,1445110200.0,1445113800.0,7803.0,Estádio Jóse do Rego Maciel,"Recife, Pernambuco",Match Finished,FT,90.0,72,Serie B,Brazil,https://media.api-sports.io/football/leagues/72.png,https://media.api-sports.io/flags/br.svg,2015,Regular Season - 31,13974,Santa Cruz,https://media.api-sports.io/football/teams/13974.png,False,755,Nautico Recife,https://media.api-sports.io/football/teams/755.png,True,1.0,3.0,1.0,1.0,1.0,3.0,,,,,,,
468718,,UTC,2015-10-18T00:00:00+00:00,1445126400,1445126400.0,1445130000.0,262.0,Estádio Estadual Jornalista Edgar Augusto Proença,"Belém, Pará",Match Finished,FT,90.0,72,Serie B,Brazil,https://media.api-sports.io/football/leagues/72.png,https://media.api-sports.io/flags/br.svg,2015,Regular Season - 31,149,Paysandu,https://media.api-sports.io/football/teams/149.png,,7815,Macaé,https://media.api-sports.io/football/teams/7815.png,,1.0,1.0,1.0,0.0,1.0,1.0,,,,,,,
468719,,UTC,2015-10-18T00:00:00+00:00,1445126400,1445126400.0,1445130000.0,250.0,Estádio Municipal Passo Das Emas,"Lucas do Rio Verde, Mato Grosso",Match Finished,FT,90.0,72,Serie B,Brazil,https://media.api-sports.io/football/leagues/72.png,https://media.api-sports.io/flags/br.svg,2015,Regular Season - 31,752,Luverdense,https://media.api-sports.io/football/teams/752.png,True,146,CRB,https://media.api-sports.io/football/teams/146.png,False,2.0,0.0,0.0,0.0,2.0,0.0,,,,,,,
468720,,UTC,2015-10-20T23:00:00+00:00,1445382000,1445382000.0,1445385600.0,216.0,Arena Fonte Nova,"Salvador, Bahia",Match Finished,FT,90.0,72,Serie B,Brazil,https://media.api-sports.io/football/leagues/72.png,https://media.api-sports.io/flags/br.svg,2015,Regular Season - 32,118,Bahia,https://media.api-sports.io/football/teams/118.png,True,140,Criciuma,https://media.api-sports.io/football/teams/140.png,False,1.0,0.0,0.0,0.0,1.0,0.0,,,,,,,
468709,,UTC,2015-10-20T23:00:00+00:00,1445382000,1445382000.0,1445385600.0,218.0,Estádio Nilton Santos,Rio de Janeiro,Match Finished,FT,90.0,72,Serie B,Brazil,https://media.api-sports.io/football/leagues/72.png,https://media.api-sports.io/flags/br.svg,2015,Regular Season - 30,120,Botafogo,https://media.api-sports.io/football/teams/120.png,False,129,Ceara,https://media.api-sports.io/football/teams/129.png,True,0.0,1.0,0.0,0.0,0.0,1.0,,,,,,,
468722,,UTC,2015-10-23T23:00:00+00:00,1445641200,1445641200.0,1445644800.0,206.0,Estádio Raimundo Sampaio,"Belo Horizonte, Minas Gerais",Match Finished,FT,90.0,72,Serie B,Brazil,https://media.api-sports.io/football/leagues/72.png,https://media.api-sports.io/flags/br.svg,2015,Regular Season - 32,125,America Mineiro,https://media.api-sports.io/football/teams/125.png,True,143,Oeste,https://media.api-sports.io/football/teams/143.png,False,2.0,1.0,0.0,0.0,2.0,1.0,,,,,,,
468721,,UTC,2015-10-23T23:00:00+00:00,1445641200,1445641200.0,1445644800.0,5651.0,Estádio Claúdio Moacir de Azevedo,"Macaé, Rio de Janeiro",Match Finished,FT,90.0,72,Serie B,Brazil,https://media.api-sports.io/football/leagues/72.png,https://media.api-sports.io/flags/br.svg,2015,Regular Season - 32,7815,Macaé,https://media.api-sports.io/football/teams/7815.png,True,7816,Mogi Mirim,https://media.api-sports.io/football/teams/7816.png,False,1.0,0.0,1.0,0.0,1.0,0.0,,,,,,,
468725,,UTC,2015-10-24T19:30:00+00:00,1445715000,1445715000.0,1445718600.0,,Estádio do Governo do Estado de Goiás,"Goiânia, Goiás",Match Finished,FT,90.0,72,Serie B,Brazil,https://media.api-sports.io/football/leagues/72.png,https://media.api-sports.io/flags/br.svg,2015,Regular Season - 32,144,Atletico Goianiense,https://media.api-sports.io/football/teams/144.png,,13974,Santa Cruz,https://media.api-sports.io/football/teams/13974.png,,0.0,0.0,0.0,0.0,0.0,0.0,,,,,,,
468726,,UTC,2015-10-24T19:30:00+00:00,1445715000,1445715000.0,1445718600.0,232.0,Estádio Rei Pelé,"Maceió, Alagoas",Match Finished,FT,90.0,72,Serie B,Brazil,https://media.api-sports.io/football/leagues/72.png,https://media.api-sports.io/flags/br.svg,2015,Regular Season - 32,146,CRB,https://media.api-sports.io/football/teams/146.png,,136,Vitoria,https://media.api-sports.io/football/teams/136.png,,0.0,0.0,0.0,0.0,0.0,0.0,,,,,,,
468723,,UTC,2015-10-24T19:30:00+00:00,1445715000,1445715000.0,1445718600.0,,Estádio Governador João Castelo Ribeiro Gonçalves,"São Luís, Maranhão",Match Finished,FT,90.0,72,Serie B,Brazil,https://media.api-sports.io/football/leagues/72.png,https://media.api-sports.io/flags/br.svg,2015,Regular Season - 32,155,Sampaio Correa,https://media.api-sports.io/football/teams/155.png,True,149,Paysandu,https://media.api-sports.io/football/teams/149.png,False,2.0,0.0,1.0,0.0,2.0,0.0,,,,,,,
468724,,UTC,2015-10-24T19:30:00+00:00,1445715000,1445715000.0,1445718600.0,253.0,Itaipava Arena Pernambuco,"Recife, Pernambuco",Match Finished,FT,90.0,72,Serie B,Brazil,https://media.api-sports.io/football/leagues/72.png,https://media.api-sports.io/flags/br.svg,2015,Regular Season - 32,755,Nautico Recife,https://media.api-sports.io/football/teams/755.png,False,120,Botafogo,https://media.api-sports.io/football/teams/120.png,True,1.0,4.0,0.0,1.0,1.0,4.0,,,,,,,
468728,,UTC,2015-10-24T23:00:00+00:00,1445727600,1445727600.0,1445731200.0,237.0,Estádio Municipal Presidente Getúlio Vargas,"Fortaleza, Ceará",Match Finished,FT,90.0,72,Serie B,Brazil,https://media.api-sports.io/football/leagues/72.png,https://media.api-sports.io/flags/br.svg,2015,Regular Season - 32,129,Ceara,https://media.api-sports.io/football/teams/129.png,True,153,BOA,https://media.api-sports.io/football/teams/153.png,False,2.0,1.0,2.0,1.0,2.0,1.0,,,,,,,
468727,,UTC,2015-10-24T23:00:00+00:00,1445727600,1445727600.0,1445731200.0,220.0,Estádio Nabi Abi Chedid,"Bragança Paulista, São Paulo",Match Finished,FT,90.0,72,Serie B,Brazil,https://media.api-sports.io/football/leagues/72.png,https://media.api-sports.io/flags/br.svg,2015,Regular Season - 32,794,Bragantino,https://media.api-sports.io/football/teams/794.png,True,752,Luverdense,https://media.api-sports.io/football/teams/752.png,False,3.0,2.0,1.0,0.0,3.0,2.0,,,,,,,
468730,,UTC,2015-10-27T21:00:00+00:00,1445979600,1445979600.0,1445983200.0,246.0,Estádio Municipal Prefeito Dilzon Luiz de Melo,"Varginha, Minas Gerais",Match Finished,FT,90.0,72,Serie B,Brazil,https://media.api-sports.io/football/leagues/72.png,https://media.api-sports.io/flags/br.svg,2015,Regular Season - 33,153,BOA,https://media.api-sports.io/football/teams/153.png,False,125,America Mineiro,https://media.api-sports.io/football/teams/125.png,True,1.0,2.0,1.0,1.0,1.0,2.0,,,,,,,
468729,,UTC,2015-10-27T23:00:00+00:00,1445986800,1445986800.0,1445990400.0,,Estádio Durival de Brito e Silva,"Curitiba, Paraná",Match Finished,FT,90.0,72,Serie B,Brazil,https://media.api-sports.io/football/leagues/72.png,https://media.api-sports.io/flags/br.svg,2015,Regular Season - 32,122,Parana,https://media.api-sports.io/football/teams/122.png,,754,ABC,https://media.api-sports.io/football/teams/754.png,,0.0,0.0,0.0,0.0,0.0,0.0,,,,,,,
468731,,UTC,2015-10-27T23:00:00+00:00,1445986800,1445986800.0,1445990400.0,2939.0,Estádio Municipal Prefeito José Liberatti,"Osasco, São Paulo",Match Finished,FT,90.0,72,Serie B,Brazil,https://media.api-sports.io/football/leagues/72.png,https://media.api-sports.io/flags/br.svg,2015,Regular Season - 33,143,Oeste,https://media.api-sports.io/football/teams/143.png,True,752,Luverdense,https://media.api-sports.io/football/teams/752.png,False,1.0,0.0,1.0,0.0,1.0,0.0,,,,,,,
468732,,UTC,2015-10-27T23:30:00+00:00,1445988600,1445988600.0,1445992200.0,7803.0,Estádio Jóse do Rego Maciel,"Recife, Pernambuco",Match Finished,FT,90.0,72,Serie B,Brazil,https://media.api-sports.io/football/leagues/72.png,https://media.api-sports.io/flags/br.svg,2015,Regular Season - 33,13974,Santa Cruz,https://media.api-sports.io/football/teams/13974.png,True,140,Criciuma,https://media.api-sports.io/football/teams/140.png,False,2.0,0.0,1.0,0.0,2.0,0.0,,,,,,,
468733,,UTC,2015-10-30T23:00:00+00:00,1446246000,1446246000.0,1446249600.0,,Estádio Durival de Brito e Silva,"Curitiba, Paraná",Match Finished,FT,90.0,72,Serie B,Brazil,https://media.api-sports.io/football/leagues/72.png,https://media.api-sports.io/flags/br.svg,2015,Regular Season - 33,122,Parana,https://media.api-sports.io/football/teams/122.png,True,7815,Macaé,https://media.api-sports.io/football/teams/7815.png,False,3.0,0.0,0.0,0.0,3.0,0.0,,,,,,,
468734,,UTC,2015-10-30T23:00:00+00:00,1446246000,1446246000.0,1446249600.0,,Estádio do Governo do Estado de Goiás,"Goiânia, Goiás",Match Finished,FT,90.0,72,Serie B,Brazil,https://media.api-sports.io/football/leagues/72.png,https://media.api-sports.io/flags/br.svg,2015,Regular Season - 33,144,Atletico Goianiense,https://media.api-sports.io/football/teams/144.png,False,794,Bragantino,https://media.api-sports.io/football/teams/794.png,True,0.0,1.0,0.0,1.0,0.0,1.0,,,,,,,
468736,,UTC,2015-10-31T19:10:00+00:00,1446318600,1446318600.0,1446322200.0,218.0,Estádio Nilton Santos,Rio de Janeiro,Match Finished,FT,90.0,72,Serie B,Brazil,https://media.api-sports.io/football/leagues/72.png,https://media.api-sports.io/flags/br.svg,2015,Regular Season - 33,120,Botafogo,https://media.api-sports.io/football/teams/120.png,True,118,Bahia,https://media.api-sports.io/football/teams/118.png,False,1.0,0.0,0.0,0.0,1.0,0.0,,,,,,,
468735,,UTC,2015-10-31T19:10:00+00:00,1446318600,1446318600.0,1446322200.0,281.0,Estádio Manoel Barradas,"Salvador, Bahia",Match Finished,FT,90.0,72,Serie B,Brazil,https://media.api-sports.io/football/leagues/72.png,https://media.api-sports.io/flags/br.svg,2015,Regular Season - 33,136,Vitoria,https://media.api-sports.io/football/teams/136.png,False,755,Nautico Recife,https://media.api-sports.io/football/teams/755.png,True,2.0,3.0,1.0,0.0,2.0,3.0,,,,,,,
468738,,UTC,2015-10-31T19:30:00+00:00,1446319800,1446319800.0,1446323400.0,262.0,Estádio Estadual Jornalista Edgar Augusto Proença,"Belém, Pará",Match Finished,FT,90.0,72,Serie B,Brazil,https://media.api-sports.io/football/leagues/72.png,https://media.api-sports.io/flags/br.svg,2015,Regular Season - 33,149,Paysandu,https://media.api-sports.io/football/teams/149.png,True,146,CRB,https://media.api-sports.io/football/teams/146.png,False,5.0,1.0,1.0,1.0,5.0,1.0,,,,,,,
468737,,UTC,2015-10-31T19:30:00+00:00,1446319800,1446319800.0,1446323400.0,,Estádio Romildo Vitor Gomes Ferreira,"Mogi Mirim, São Paulo",Match Finished,FT,90.0,72,Serie B,Brazil,https://media.api-sports.io/football/leagues/72.png,https://media.api-sports.io/flags/br.svg,2015,Regular Season - 33,7816,Mogi Mirim,https://media.api-sports.io/football/teams/7816.png,False,129,Ceara,https://media.api-sports.io/football/teams/129.png,True,0.0,2.0,0.0,0.0,0.0,2.0,,,,,,,
468739,,UTC,2015-10-31T23:00:00+00:00,1446332400,1446332400.0,1446336000.0,205.0,Estádio Maria Lamas Farache,"Natal, Rio Grande do Norte",Match Finished,FT,90.0,72,Serie B,Brazil,https://media.api-sports.io/football/leagues/72.png,https://media.api-sports.io/flags/br.svg,2015,Regular Season - 33,754,ABC,https://media.api-sports.io/football/teams/754.png,False,155,Sampaio Correa,https://media.api-sports.io/football/teams/155.png,True,2.0,3.0,0.0,1.0,2.0,3.0,,,,,,,
468740,,UTC,2015-11-03T21:00:00+00:00,1446584400,1446584400.0,1446588000.0,220.0,Estádio Nabi Abi Chedid,"Bragança Paulista, São Paulo",Match Finished,FT,90.0,72,Serie B,Brazil,https://media.api-sports.io/football/leagues/72.png,https://media.api-sports.io/flags/br.svg,2015,Regular Season - 34,794,Bragantino,https://media.api-sports.io/football/teams/794.png,True,7816,Mogi Mirim,https://media.api-sports.io/football/teams/7816.png,False,3.0,1.0,1.0,1.0,3.0,1.0,,,,,,,
468741,,UTC,2015-11-03T23:30:00+00:00,1446593400,1446593400.0,1446597000.0,206.0,Estádio Raimundo Sampaio,"Belo Horizonte, Minas Gerais",Match Finished,FT,90.0,72,Serie B,Brazil,https://media.api-sports.io/football/leagues/72.png,https://media.api-sports.io/flags/br.svg,2015,Regular Season - 34,125,America Mineiro,https://media.api-sports.io/football/teams/125.png,True,149,Paysandu,https://media.api-sports.io/football/teams/149.png,False,3.0,1.0,1.0,0.0,3.0,1.0,,,,,,,
468742,,UTC,2015-11-06T23:00:00+00:00,1446850800,1446850800.0,1446854400.0,237.0,Estádio Municipal Presidente Getúlio Vargas,"Fortaleza, Ceará",Match Finished,FT,90.0,72,Serie B,Brazil,https://media.api-sports.io/football/leagues/72.png,https://media.api-sports.io/flags/br.svg,2015,Regular Season - 34,129,Ceara,https://media.api-sports.io/football/teams/129.png,True,754,ABC,https://media.api-sports.io/football/teams/754.png,False,3.0,0.0,2.0,0.0,3.0,0.0,,,,,,,
468743,,UTC,2015-11-06T23:00:00+00:00,1446850800,1446850800.0,1446854400.0,250.0,Estádio Municipal Passo Das Emas,"Lucas do Rio Verde, Mato Grosso",Match Finished,FT,90.0,72,Serie B,Brazil,https://media.api-sports.io/football/leagues/72.png,https://media.api-sports.io/flags/br.svg,2015,Regular Season - 34,752,Luverdense,https://media.api-sports.io/football/teams/752.png,True,153,BOA,https://media.api-sports.io/football/teams/153.png,False,2.0,0.0,2.0,0.0,2.0,0.0,,,,,,,
468744,,UTC,2015-11-07T19:30:00+00:00,1446924600,1446924600.0,1446928200.0,216.0,Arena Fonte Nova,"Salvador, Bahia",Match Finished,FT,90.0,72,Serie B,Brazil,https://media.api-sports.io/football/leagues/72.png,https://media.api-sports.io/flags/br.svg,2015,Regular Season - 34,118,Bahia,https://media.api-sports.io/football/teams/118.png,False,13974,Santa Cruz,https://media.api-sports.io/football/teams/13974.png,True,1.0,2.0,0.0,0.0,1.0,2.0,,,,,,,
468746,,UTC,2015-11-07T19:30:00+00:00,1446924600,1446924600.0,1446928200.0,233.0,Estádio Heriberto Hülse,"Criciúma, Santa Catarina",Match Finished,FT,90.0,72,Serie B,Brazil,https://media.api-sports.io/football/leagues/72.png,https://media.api-sports.io/flags/br.svg,2015,Regular Season - 34,140,Criciuma,https://media.api-sports.io/football/teams/140.png,True,120,Botafogo,https://media.api-sports.io/football/teams/120.png,False,1.0,0.0,0.0,0.0,1.0,0.0,,,,,,,
468747,,UTC,2015-11-07T19:30:00+00:00,1446924600,1446924600.0,1446928200.0,253.0,Itaipava Arena Pernambuco,"Recife, Pernambuco",Match Finished,FT,90.0,72,Serie B,Brazil,https://media.api-sports.io/football/leagues/72.png,https://media.api-sports.io/flags/br.svg,2015,Regular Season - 34,755,Nautico Recife,https://media.api-sports.io/football/teams/755.png,True,122,Parana,https://media.api-sports.io/football/teams/122.png,False,2.0,0.0,2.0,0.0,2.0,0.0,,,,,,,
468745,,UTC,2015-11-07T19:30:00+00:00,1446924600,1446924600.0,1446928200.0,5651.0,Estádio Claúdio Moacir de Azevedo,"Macaé, Rio de Janeiro",Match Finished,FT,90.0,72,Serie B,Brazil,https://media.api-sports.io/football/leagues/72.png,https://media.api-sports.io/flags/br.svg,2015,Regular Season - 34,7815,Macaé,https://media.api-sports.io/football/teams/7815.png,False,136,Vitoria,https://media.api-sports.io/football/teams/136.png,True,0.0,2.0,0.0,1.0,0.0,2.0,,,,,,,
468749,,UTC,2015-11-07T23:00:00+00:00,1446937200,1446937200.0,1446940800.0,232.0,Estádio Rei Pelé,"Maceió, Alagoas",Match Finished,FT,90.0,72,Serie B,Brazil,https://media.api-sports.io/football/leagues/72.png,https://media.api-sports.io/flags/br.svg,2015,Regular Season - 34,146,CRB,https://media.api-sports.io/football/teams/146.png,True,144,Atletico Goianiense,https://media.api-sports.io/football/teams/144.png,False,4.0,1.0,1.0,0.0,4.0,1.0,,,,,,,
468748,,UTC,2015-11-07T23:00:00+00:00,1446937200,1446937200.0,1446940800.0,,Estádio Governador João Castelo Ribeiro Gonçalves,"São Luís, Maranhão",Match Finished,FT,90.0,72,Serie B,Brazil,https://media.api-sports.io/football/leagues/72.png,https://media.api-sports.io/flags/br.svg,2015,Regular Season - 34,155,Sampaio Correa,https://media.api-sports.io/football/teams/155.png,,143,Oeste,https://media.api-sports.io/football/teams/143.png,,1.0,1.0,1.0,0.0,1.0,1.0,,,,,,,
468752,,UTC,2015-11-10T21:00:00+00:00,1447189200,1447189200.0,1447192800.0,206.0,Estádio Raimundo Sampaio,"Belo Horizonte, Minas Gerais",Match Finished,FT,90.0,72,Serie B,Brazil,https://media.api-sports.io/football/leagues/72.png,https://media.api-sports.io/flags/br.svg,2015,Regular Season - 35,125,America Mineiro,https://media.api-sports.io/football/teams/125.png,True,136,Vitoria,https://media.api-sports.io/football/teams/136.png,False,4.0,0.0,2.0,0.0,4.0,0.0,,,,,,,
468753,,UTC,2015-11-10T21:00:00+00:00,1447189200,1447189200.0,1447192800.0,233.0,Estádio Heriberto Hülse,"Criciúma, Santa Catarina",Match Finished,FT,90.0,72,Serie B,Brazil,https://media.api-sports.io/football/leagues/72.png,https://media.api-sports.io/flags/br.svg,2015,Regular Season - 35,140,Criciuma,https://media.api-sports.io/football/teams/140.png,True,153,BOA,https://media.api-sports.io/football/teams/153.png,False,3.0,0.0,3.0,0.0,3.0,0.0,,,,,,,
468750,,UTC,2015-11-10T21:00:00+00:00,1447189200,1447189200.0,1447192800.0,5651.0,Estádio Claúdio Moacir de Azevedo,"Macaé, Rio de Janeiro",Match Finished,FT,90.0,72,Serie B,Brazil,https://media.api-sports.io/football/leagues/72.png,https://media.api-sports.io/flags/br.svg,2015,Regular Season - 35,7815,Macaé,https://media.api-sports.io/football/teams/7815.png,,755,Nautico Recife,https://media.api-sports.io/football/teams/755.png,,1.0,1.0,1.0,1.0,1.0,1.0,,,,,,,
468751,,UTC,2015-11-10T21:00:00+00:00,1447189200,1447189200.0,1447192800.0,,Estádio Romildo Vitor Gomes Ferreira,"Mogi Mirim, São Paulo",Match Finished,FT,90.0,72,Serie B,Brazil,https://media.api-sports.io/football/leagues/72.png,https://media.api-sports.io/flags/br.svg,2015,Regular Season - 35,7816,Mogi Mirim,https://media.api-sports.io/football/teams/7816.png,,149,Paysandu,https://media.api-sports.io/football/teams/149.png,,1.0,1.0,0.0,1.0,1.0,1.0,,,,,,,
468754,,UTC,2015-11-10T23:30:00+00:00,1447198200,1447198200.0,1447201800.0,216.0,Arena Fonte Nova,"Salvador, Bahia",Match Finished,FT,90.0,72,Serie B,Brazil,https://media.api-sports.io/football/leagues/72.png,https://media.api-sports.io/flags/br.svg,2015,Regular Season - 35,118,Bahia,https://media.api-sports.io/football/teams/118.png,,754,ABC,https://media.api-sports.io/football/teams/754.png,,2.0,2.0,2.0,2.0,2.0,2.0,,,,,,,
468757,,UTC,2015-11-10T23:30:00+00:00,1447198200,1447198200.0,1447201800.0,237.0,Estádio Municipal Presidente Getúlio Vargas,"Fortaleza, Ceará",Match Finished,FT,90.0,72,Serie B,Brazil,https://media.api-sports.io/football/leagues/72.png,https://media.api-sports.io/flags/br.svg,2015,Regular Season - 35,129,Ceara,https://media.api-sports.io/football/teams/129.png,True,794,Bragantino,https://media.api-sports.io/football/teams/794.png,False,3.0,0.0,1.0,0.0,3.0,0.0,,,,,,,
468759,,UTC,2015-11-10T23:30:00+00:00,1447198200,1447198200.0,1447201800.0,232.0,Estádio Rei Pelé,"Maceió, Alagoas",Match Finished,FT,90.0,72,Serie B,Brazil,https://media.api-sports.io/football/leagues/72.png,https://media.api-sports.io/flags/br.svg,2015,Regular Season - 35,146,CRB,https://media.api-sports.io/football/teams/146.png,True,122,Parana,https://media.api-sports.io/football/teams/122.png,False,2.0,0.0,1.0,0.0,2.0,0.0,,,,,,,
468755,,UTC,2015-11-10T23:30:00+00:00,1447198200,1447198200.0,1447201800.0,,Estádio Governador João Castelo Ribeiro Gonçalves,"São Luís, Maranhão",Match Finished,FT,90.0,72,Serie B,Brazil,https://media.api-sports.io/football/leagues/72.png,https://media.api-sports.io/flags/br.svg,2015,Regular Season - 35,155,Sampaio Correa,https://media.api-sports.io/football/teams/155.png,True,144,Atletico Goianiense,https://media.api-sports.io/football/teams/144.png,False,2.0,0.0,1.0,0.0,2.0,0.0,,,,,,,
468758,,UTC,2015-11-10T23:30:00+00:00,1447198200,1447198200.0,1447201800.0,250.0,Estádio Municipal Passo Das Emas,"Lucas do Rio Verde, Mato Grosso",Match Finished,FT,90.0,72,Serie B,Brazil,https://media.api-sports.io/football/leagues/72.png,https://media.api-sports.io/flags/br.svg,2015,Regular Season - 35,752,Luverdense,https://media.api-sports.io/football/teams/752.png,False,120,Botafogo,https://media.api-sports.io/football/teams/120.png,True,0.0,1.0,0.0,1.0,0.0,1.0,,,,,,,
468756,,UTC,2015-11-10T23:30:00+00:00,1447198200,1447198200.0,1447201800.0,7803.0,Estádio Jóse do Rego Maciel,"Recife, Pernambuco",Match Finished,FT,90.0,72,Serie B,Brazil,https://media.api-sports.io/football/leagues/72.png,https://media.api-sports.io/flags/br.svg,2015,Regular Season - 35,13974,Santa Cruz,https://media.api-sports.io/football/teams/13974.png,True,143,Oeste,https://media.api-sports.io/football/teams/143.png,False,3.0,1.0,2.0,0.0,3.0,1.0,,,,,,,
468762,,UTC,2015-11-13T23:00:00+00:00,1447455600,1447455600.0,1447459200.0,2939.0,Estádio Municipal Prefeito José Liberatti,"Osasco, São Paulo",Match Finished,FT,90.0,72,Serie B,Brazil,https://media.api-sports.io/football/leagues/72.png,https://media.api-sports.io/flags/br.svg,2015,Regular Season - 36,143,Oeste,https://media.api-sports.io/football/teams/143.png,,140,Criciuma,https://media.api-sports.io/football/teams/140.png,,1.0,1.0,1.0,0.0,1.0,1.0,,,,,,,
468760,,UTC,2015-11-13T23:00:00+00:00,1447455600,1447455600.0,1447459200.0,262.0,Estádio Estadual Jornalista Edgar Augusto Proença,"Belém, Pará",Match Finished,FT,90.0,72,Serie B,Brazil,https://media.api-sports.io/football/leagues/72.png,https://media.api-sports.io/flags/br.svg,2015,Regular Season - 36,149,Paysandu,https://media.api-sports.io/football/teams/149.png,True,752,Luverdense,https://media.api-sports.io/football/teams/752.png,False,3.0,2.0,2.0,1.0,3.0,2.0,,,,,,,
468761,,UTC,2015-11-13T23:00:00+00:00,1447455600,1447455600.0,1447459200.0,205.0,Estádio Maria Lamas Farache,"Natal, Rio Grande do Norte",Match Finished,FT,90.0,72,Serie B,Brazil,https://media.api-sports.io/football/leagues/72.png,https://media.api-sports.io/flags/br.svg,2015,Regular Season - 36,754,ABC,https://media.api-sports.io/football/teams/754.png,True,7816,Mogi Mirim,https://media.api-sports.io/football/teams/7816.png,False,3.0,1.0,1.0,0.0,3.0,1.0,,,,,,,
468764,,UTC,2015-11-14T19:30:00+00:00,1447529400,1447529400.0,1447533000.0,218.0,Estádio Nilton Santos,Rio de Janeiro,Match Finished,FT,90.0,72,Serie B,Brazil,https://media.api-sports.io/football/leagues/72.png,https://media.api-sports.io/flags/br.svg,2015,Regular Season - 36,120,Botafogo,https://media.api-sports.io/football/teams/120.png,False,13974,Santa Cruz,https://media.api-sports.io/football/teams/13974.png,True,0.0,3.0,0.0,0.0,0.0,3.0,,,,,,,
468763,,UTC,2015-11-14T19:30:00+00:00,1447529400,1447529400.0,1447533000.0,281.0,Estádio Manoel Barradas,"Salvador, Bahia",Match Finished,FT,90.0,72,Serie B,Brazil,https://media.api-sports.io/football/leagues/72.png,https://media.api-sports.io/flags/br.svg,2015,Regular Season - 36,136,Vitoria,https://media.api-sports.io/football/teams/136.png,True,129,Ceara,https://media.api-sports.io/football/teams/129.png,False,1.0,0.0,1.0,0.0,1.0,0.0,,,,,,,
468766,,UTC,2015-11-14T19:30:00+00:00,1447529400,1447529400.0,1447533000.0,246.0,Estádio Municipal Prefeito Dilzon Luiz de Melo,"Varginha, Minas Gerais",Match Finished,FT,90.0,72,Serie B,Brazil,https://media.api-sports.io/football/leagues/72.png,https://media.api-sports.io/flags/br.svg,2015,Regular Season - 36,153,BOA,https://media.api-sports.io/football/teams/153.png,True,118,Bahia,https://media.api-sports.io/football/teams/118.png,False,3.0,0.0,1.0,0.0,3.0,0.0,,,,,,,
468767,,UTC,2015-11-14T19:30:00+00:00,1447529400,1447529400.0,1447533000.0,253.0,Itaipava Arena Pernambuco,"Recife, Pernambuco",Match Finished,FT,90.0,72,Serie B,Brazil,https://media.api-sports.io/football/leagues/72.png,https://media.api-sports.io/flags/br.svg,2015,Regular Season - 36,755,Nautico Recife,https://media.api-sports.io/football/teams/755.png,,146,CRB,https://media.api-sports.io/football/teams/146.png,,1.0,1.0,1.0,1.0,1.0,1.0,,,,,,,
468765,,UTC,2015-11-14T19:30:00+00:00,1447529400,1447529400.0,1447533000.0,220.0,Estádio Nabi Abi Chedid,"Bragança Paulista, São Paulo",Match Finished,FT,90.0,72,Serie B,Brazil,https://media.api-sports.io/football/leagues/72.png,https://media.api-sports.io/flags/br.svg,2015,Regular Season - 36,794,Bragantino,https://media.api-sports.io/football/teams/794.png,True,155,Sampaio Correa,https://media.api-sports.io/football/teams/155.png,False,3.0,0.0,0.0,0.0,3.0,0.0,,,,,,,
468768,,UTC,2015-11-14T23:00:00+00:00,1447542000,1447542000.0,1447545600.0,,Estádio Durival de Brito e Silva,"Curitiba, Paraná",Match Finished,FT,90.0,72,Serie B,Brazil,https://media.api-sports.io/football/leagues/72.png,https://media.api-sports.io/flags/br.svg,2015,Regular Season - 36,122,Parana,https://media.api-sports.io/football/teams/122.png,True,125,America Mineiro,https://media.api-sports.io/football/teams/125.png,False,1.0,0.0,1.0,0.0,1.0,0.0,,,,,,,
468769,,UTC,2015-11-14T23:00:00+00:00,1447542000,1447542000.0,1447545600.0,,Estádio do Governo do Estado de Goiás,"Goiânia, Goiás",Match Finished,FT,90.0,72,Serie B,Brazil,https://media.api-sports.io/football/leagues/72.png,https://media.api-sports.io/flags/br.svg,2015,Regular Season - 36,144,Atletico Goianiense,https://media.api-sports.io/football/teams/144.png,False,7815,Macaé,https://media.api-sports.io/football/teams/7815.png,True,3.0,4.0,1.0,1.0,3.0,4.0,,,,,,,
468770,,UTC,2015-11-20T21:00:00+00:00,1448053200,1448053200.0,1448056800.0,,Estádio do Governo do Estado de Goiás,"Goiânia, Goiás",Match Finished,FT,90.0,72,Serie B,Brazil,https://media.api-sports.io/football/leagues/72.png,https://media.api-sports.io/flags/br.svg,2015,Regular Season - 37,144,Atletico Goianiense,https://media.api-sports.io/football/teams/144.png,True,143,Oeste,https://media.api-sports.io/football/teams/143.png,False,3.0,1.0,1.0,1.0,3.0,1.0,,,,,,,
468771,,UTC,2015-11-20T22:30:00+00:00,1448058600,1448058600.0,1448062200.0,5651.0,Estádio Claúdio Moacir de Azevedo,"Macaé, Rio de Janeiro",Match Finished,FT,90.0,72,Serie B,Brazil,https://media.api-sports.io/football/leagues/72.png,https://media.api-sports.io/flags/br.svg,2015,Regular Season - 37,7815,Macaé,https://media.api-sports.io/football/teams/7815.png,,153,BOA,https://media.api-sports.io/football/teams/153.png,,1.0,1.0,0.0,1.0,1.0,1.0,,,,,,,
468772,,UTC,2015-11-20T23:30:00+00:00,1448062200,1448062200.0,1448065800.0,,Estádio Nacional de Brasília,"Brasília, Distrito Federal",Match Finished,FT,90.0,72,Serie B,Brazil,https://media.api-sports.io/football/leagues/72.png,https://media.api-sports.io/flags/br.svg,2015,Regular Season - 37,754,ABC,https://media.api-sports.io/football/teams/754.png,False,120,Botafogo,https://media.api-sports.io/football/teams/120.png,True,1.0,2.0,1.0,2.0,1.0,2.0,,,,,,,
468776,,UTC,2015-11-21T19:30:00+00:00,1448134200,1448134200.0,1448137800.0,,Estádio Durival de Brito e Silva,"Curitiba, Paraná",Match Finished,FT,90.0,72,Serie B,Brazil,https://media.api-sports.io/football/leagues/72.png,https://media.api-sports.io/flags/br.svg,2015,Regular Season - 37,122,Parana,https://media.api-sports.io/football/teams/122.png,False,794,Bragantino,https://media.api-sports.io/football/teams/794.png,True,0.0,2.0,0.0,1.0,0.0,2.0,,,,,,,
468775,,UTC,2015-11-21T19:30:00+00:00,1448134200,1448134200.0,1448137800.0,206.0,Estádio Raimundo Sampaio,"Belo Horizonte, Minas Gerais",Match Finished,FT,90.0,72,Serie B,Brazil,https://media.api-sports.io/football/leagues/72.png,https://media.api-sports.io/flags/br.svg,2015,Regular Season - 37,125,America Mineiro,https://media.api-sports.io/football/teams/125.png,,129,Ceara,https://media.api-sports.io/football/teams/129.png,,1.0,1.0,1.0,1.0,1.0,1.0,,,,,,,
468773,,UTC,2015-11-21T19:30:00+00:00,1448134200,1448134200.0,1448137800.0,216.0,Arena Fonte Nova,"Salvador, Bahia",Match Finished,FT,90.0,72,Serie B,Brazil,https://media.api-sports.io/football/leagues/72.png,https://media.api-sports.io/flags/br.svg,2015,Regular Season - 37,136,Vitoria,https://media.api-sports.io/football/teams/136.png,True,752,Luverdense,https://media.api-sports.io/football/teams/752.png,False,3.0,0.0,0.0,0.0,3.0,0.0,,,,,,,
468779,,UTC,2015-11-21T19:30:00+00:00,1448134200,1448134200.0,1448137800.0,232.0,Estádio Rei Pelé,"Maceió, Alagoas",Match Finished,FT,90.0,72,Serie B,Brazil,https://media.api-sports.io/football/leagues/72.png,https://media.api-sports.io/flags/br.svg,2015,Regular Season - 37,146,CRB,https://media.api-sports.io/football/teams/146.png,True,155,Sampaio Correa,https://media.api-sports.io/football/teams/155.png,False,2.0,1.0,0.0,0.0,2.0,1.0,,,,,,,
468777,,UTC,2015-11-21T19:30:00+00:00,1448134200,1448134200.0,1448137800.0,262.0,Estádio Estadual Jornalista Edgar Augusto Proença,"Belém, Pará",Match Finished,FT,90.0,72,Serie B,Brazil,https://media.api-sports.io/football/leagues/72.png,https://media.api-sports.io/flags/br.svg,2015,Regular Season - 37,149,Paysandu,https://media.api-sports.io/football/teams/149.png,True,140,Criciuma,https://media.api-sports.io/football/teams/140.png,False,1.0,0.0,0.0,0.0,1.0,0.0,,,,,,,
468778,,UTC,2015-11-21T19:30:00+00:00,1448134200,1448134200.0,1448137800.0,253.0,Itaipava Arena Pernambuco,"Recife, Pernambuco",Match Finished,FT,90.0,72,Serie B,Brazil,https://media.api-sports.io/football/leagues/72.png,https://media.api-sports.io/flags/br.svg,2015,Regular Season - 37,755,Nautico Recife,https://media.api-sports.io/football/teams/755.png,True,118,Bahia,https://media.api-sports.io/football/teams/118.png,False,1.0,0.0,1.0,0.0,1.0,0.0,,,,,,,
468774,,UTC,2015-11-21T19:30:00+00:00,1448134200,1448134200.0,1448137800.0,5632.0,Estádio Municipal Dr. Novelli Júnior,"Itu, São Paulo",Match Finished,FT,90.0,72,Serie B,Brazil,https://media.api-sports.io/football/leagues/72.png,https://media.api-sports.io/flags/br.svg,2015,Regular Season - 37,7816,Mogi Mirim,https://media.api-sports.io/football/teams/7816.png,False,13974,Santa Cruz,https://media.api-sports.io/football/teams/13974.png,True,0.0,3.0,0.0,0.0,0.0,3.0,,,,,,,
468780,,UTC,2015-11-24T22:30:00+00:00,1448404200,1448404200.0,1448407800.0,246.0,Estádio Municipal Prefeito Dilzon Luiz de Melo,"Varginha, Minas Gerais",Match Finished,FT,90.0,72,Serie B,Brazil,https://media.api-sports.io/football/leagues/72.png,https://media.api-sports.io/flags/br.svg,2015,Regular Season - 38,153,BOA,https://media.api-sports.io/football/teams/153.png,True,754,ABC,https://media.api-sports.io/football/teams/754.png,False,2.0,0.0,1.0,0.0,2.0,0.0,,,,,,,
468781,,UTC,2015-11-27T22:30:00+00:00,1448663400,1448663400.0,1448667000.0,233.0,Estádio Heriberto Hülse,"Criciúma, Santa Catarina",Match Finished,FT,90.0,72,Serie B,Brazil,https://media.api-sports.io/football/leagues/72.png,https://media.api-sports.io/flags/br.svg,2015,Regular Season - 38,140,Criciuma,https://media.api-sports.io/football/teams/140.png,True,146,CRB,https://media.api-sports.io/football/teams/146.png,False,2.0,1.0,2.0,0.0,2.0,1.0,,,,,,,
468782,,UTC,2015-11-27T23:30:00+00:00,1448667000,1448667000.0,1448670600.0,250.0,Estádio Municipal Passo Das Emas,"Lucas do Rio Verde, Mato Grosso",Match Finished,FT,90.0,72,Serie B,Brazil,https://media.api-sports.io/football/leagues/72.png,https://media.api-sports.io/flags/br.svg,2015,Regular Season - 38,752,Luverdense,https://media.api-sports.io/football/teams/752.png,True,7816,Mogi Mirim,https://media.api-sports.io/football/teams/7816.png,False,2.0,0.0,0.0,0.0,2.0,0.0,,,,,,,
468783,,UTC,2015-11-28T19:30:00+00:00,1448739000,1448739000.0,1448742600.0,216.0,Arena Fonte Nova,"Salvador, Bahia",Match Finished,FT,90.0,72,Serie B,Brazil,https://media.api-sports.io/football/leagues/72.png,https://media.api-sports.io/flags/br.svg,2015,Regular Season - 38,118,Bahia,https://media.api-sports.io/football/teams/118.png,True,144,Atletico Goianiense,https://media.api-sports.io/football/teams/144.png,False,1.0,0.0,1.0,0.0,1.0,0.0,,,,,,,
468784,,UTC,2015-11-28T19:30:00+00:00,1448739000,1448739000.0,1448742600.0,218.0,Estádio Nilton Santos,Rio de Janeiro,Match Finished,FT,90.0,72,Serie B,Brazil,https://media.api-sports.io/football/leagues/72.png,https://media.api-sports.io/flags/br.svg,2015,Regular Season - 38,120,Botafogo,https://media.api-sports.io/football/teams/120.png,,125,America Mineiro,https://media.api-sports.io/football/teams/125.png,,0.0,0.0,0.0,0.0,0.0,0.0,,,,,,,
468788,,UTC,2015-11-28T19:30:00+00:00,1448739000,1448739000.0,1448742600.0,225.0,Estádio Governador Plácido Aderaldo Castelo,"Fortaleza, Ceará",Match Finished,FT,90.0,72,Serie B,Brazil,https://media.api-sports.io/football/leagues/72.png,https://media.api-sports.io/flags/br.svg,2015,Regular Season - 38,129,Ceara,https://media.api-sports.io/football/teams/129.png,True,7815,Macaé,https://media.api-sports.io/football/teams/7815.png,False,1.0,0.0,1.0,0.0,1.0,0.0,,,,,,,
468789,,UTC,2015-11-28T19:30:00+00:00,1448739000,1448739000.0,1448742600.0,2939.0,Estádio Municipal Prefeito José Liberatti,"Osasco, São Paulo",Match Finished,FT,90.0,72,Serie B,Brazil,https://media.api-sports.io/football/leagues/72.png,https://media.api-sports.io/flags/br.svg,2015,Regular Season - 38,143,Oeste,https://media.api-sports.io/football/teams/143.png,,149,Paysandu,https://media.api-sports.io/football/teams/149.png,,0.0,0.0,0.0,0.0,0.0,0.0,,,,,,,
468786,,UTC,2015-11-28T19:30:00+00:00,1448739000,1448739000.0,1448742600.0,,Estádio Governador João Castelo Ribeiro Gonçalves,"São Luís, Maranhão",Match Finished,FT,90.0,72,Serie B,Brazil,https://media.api-sports.io/football/leagues/72.png,https://media.api-sports.io/flags/br.svg,2015,Regular Season - 38,155,Sampaio Correa,https://media.api-sports.io/football/teams/155.png,,122,Parana,https://media.api-sports.io/football/teams/122.png,,1.0,1.0,0.0,1.0,1.0,1.0,,,,,,,
468785,,UTC,2015-11-28T19:30:00+00:00,1448739000,1448739000.0,1448742600.0,220.0,Estádio Nabi Abi Chedid,"Bragança Paulista, São Paulo",Match Finished,FT,90.0,72,Serie B,Brazil,https://media.api-sports.io/football/leagues/72.png,https://media.api-sports.io/flags/br.svg,2015,Regular Season - 38,794,Bragantino,https://media.api-sports.io/football/teams/794.png,False,755,Nautico Recife,https://media.api-sports.io/football/teams/755.png,True,0.0,2.0,0.0,1.0,0.0,2.0,,,,,,,
468787,,UTC,2015-11-28T19:30:00+00:00,1448739000,1448739000.0,1448742600.0,7803.0,Estádio Jóse do Rego Maciel,"Recife, Pernambuco",Match Finished,FT,90.0,72,Serie B,Brazil,https://media.api-sports.io/football/leagues/72.png,https://media.api-sports.io/flags/br.svg,2015,Regular Season - 38,13974,Santa Cruz,https://media.api-sports.io/football/teams/13974.png,True,136,Vitoria,https://media.api-sports.io/football/teams/136.png,False,3.0,1.0,1.0,0.0,3.0,1.0,,,,,,,
