fixture_id,fixture_referee,fixture_timezone,fixture_date,fixture_timestamp,fixture_periods_first,fixture_periods_second,fixture_venue_id,fixture_venue_name,fixture_venue_city,fixture_status_long,fixture_status_short,fixture_status_elapsed,league_id,league_name,league_country,league_logo,league_flag,league_season,league_round,teams_home_id,teams_home_name,teams_home_logo,teams_home_winner,teams_away_id,teams_away_name,teams_away_logo,teams_away_winner,goals_home,goals_away,score_halftime_home,score_halftime_away,score_fulltime_home,score_fulltime_away,score_extratime_home,score_extratime_away,score_penalty_home,score_penalty_away,fixture_status_extra,league_standings,chave
13703,,UTC,2017-05-12T22:15:00+00:00,1494627300,1494627300.0,1494630900.0,,Estádio Rei Pelé,Maceio,Match Finished,FT,90.0,72,Serie B,Brazil,https://media.api-sports.io/football/leagues/72.png,https://media.api-sports.io/flags/br.svg,2017,Regular Season - 1,146,CRB,https://media.api-sports.io/football/teams/146.png,True,129,Ceara,https://media.api-sports.io/football/teams/129.png,False,1.0,0.0,1.0,0.0,1.0,0.0,,,,,,,
13701,,UTC,2017-05-12T23:30:00+00:00,1494631800,1494631800.0,1494635400.0,,Estádio Brinco de Ouro da Princesa,Campinas,Match Finished,FT,90.0,72,Serie B,Brazil,https://media.api-sports.io/football/leagues/72.png,https://media.api-sports.io/flags/br.svg,2017,Regular Season - 1,138,Guarani Campinas,https://media.api-sports.io/football/teams/138.png,True,141,Brasil DE Pelotas,https://media.api-sports.io/football/teams/141.png,False,2.0,0.0,1.0,0.0,2.0,0.0,,,,,,,
13702,,UTC,2017-05-12T23:30:00+00:00,1494631800,1494631800.0,1494635400.0,,Estádio Alfredo Jaconi,Caxias do Sul,Match Finished,FT,90.0,72,Serie B,Brazil,https://media.api-sports.io/football/leagues/72.png,https://media.api-sports.io/flags/br.svg,2017,Regular Season - 1,152,Juventude,https://media.api-sports.io/football/teams/152.png,True,752,Luverdense,https://media.api-sports.io/football/teams/752.png,False,2.0,1.0,0.0,0.0,2.0,1.0,,,,,,,
13700,,UTC,2017-05-13T00:30:00+00:00,1494635400,1494635400.0,1494639000.0,,Arena De Pernambuco,Sao Lourenco da Mata,Match Finished,FT,90.0,72,Serie B,Brazil,https://media.api-sports.io/football/leagues/72.png,https://media.api-sports.io/flags/br.svg,2017,Regular Season - 1,755,Nautico Recife,https://media.api-sports.io/football/teams/755.png,,125,America Mineiro,https://media.api-sports.io/football/teams/125.png,,0.0,0.0,0.0,0.0,0.0,0.0,,,,,,,
13698,,UTC,2017-05-13T19:30:00+00:00,1494703800,1494703800.0,1494707400.0,,Estadio Heriberto Hülse,Criciuma,Match Finished,FT,90.0,72,Serie B,Brazil,https://media.api-sports.io/football/leagues/72.png,https://media.api-sports.io/flags/br.svg,2017,Regular Season - 1,140,Criciuma,https://media.api-sports.io/football/teams/140.png,False,753,Santa Cruz,https://media.api-sports.io/football/teams/753.png,True,1.0,2.0,1.0,0.0,1.0,2.0,,,,,,,
13699,,UTC,2017-05-13T19:30:00+00:00,1494703800,1494703800.0,1494707400.0,,"Estádio Municipal Jacy Scaff (Londrina, Paraná)",,Match Finished,FT,90.0,72,Serie B,Brazil,https://media.api-sports.io/football/leagues/72.png,https://media.api-sports.io/flags/br.svg,2017,Regular Season - 1,148,Londrina,https://media.api-sports.io/football/teams/148.png,False,119,Internacional,https://media.api-sports.io/football/teams/119.png,True,0.0,3.0,0.0,2.0,0.0,3.0,,,,,,,
13697,,UTC,2017-05-13T19:30:00+00:00,1494703800,1494703800.0,1494707400.0,,Melão,Varginha,Match Finished,FT,90.0,72,Serie B,Brazil,https://media.api-sports.io/football/leagues/72.png,https://media.api-sports.io/flags/br.svg,2017,Regular Season - 1,153,BOA,https://media.api-sports.io/football/teams/153.png,False,142,Vila Nova,https://media.api-sports.io/football/teams/142.png,True,0.0,1.0,0.0,1.0,0.0,1.0,,,,,,,
13696,,UTC,2017-05-13T19:30:00+00:00,1494703800,1494703800.0,1494707400.0,,Frasqueirão,Natal,Match Finished,FT,90.0,72,Serie B,Brazil,https://media.api-sports.io/football/leagues/72.png,https://media.api-sports.io/flags/br.svg,2017,Regular Season - 1,754,ABC,https://media.api-sports.io/football/teams/754.png,,122,Parana,https://media.api-sports.io/football/teams/122.png,,0.0,0.0,0.0,0.0,0.0,0.0,,,,,,,
13695,,UTC,2017-05-13T22:00:00+00:00,1494712800,1494712800.0,1494716400.0,,Serra Dourada,Goiania,Match Finished,FT,90.0,72,Serie B,Brazil,https://media.api-sports.io/football/leagues/72.png,https://media.api-sports.io/flags/br.svg,2017,Regular Season - 1,151,Goias,https://media.api-sports.io/football/teams/151.png,False,137,Figueirense,https://media.api-sports.io/football/teams/137.png,True,0.0,1.0,0.0,1.0,0.0,1.0,,,,,,,
13694,,UTC,2017-05-14T00:00:00+00:00,1494720000,1494720000.0,1494723600.0,,Estádio Leônidas Castro,Belem,Match Finished,FT,90.0,72,Serie B,Brazil,https://media.api-sports.io/football/leagues/72.png,https://media.api-sports.io/flags/br.svg,2017,Regular Season - 1,149,Paysandu,https://media.api-sports.io/football/teams/149.png,True,143,Oeste,https://media.api-sports.io/football/teams/143.png,False,2.0,0.0,0.0,0.0,2.0,0.0,,,,,,,
13693,,UTC,2017-05-16T22:15:00+00:00,1494972900,1494972900.0,1494976500.0,,Bento Mendes de Freitas,Pelotas,Match Finished,FT,90.0,72,Serie B,Brazil,https://media.api-sports.io/football/leagues/72.png,https://media.api-sports.io/flags/br.svg,2017,Regular Season - 2,141,Brasil DE Pelotas,https://media.api-sports.io/football/teams/141.png,,148,Londrina,https://media.api-sports.io/football/teams/148.png,,1.0,1.0,1.0,0.0,1.0,1.0,,,,,,,
13692,,UTC,2017-05-17T00:30:00+00:00,1494981000,1494981000.0,1494984600.0,,Durival Britto e Silva,Curitiba,Match Finished,FT,90.0,72,Serie B,Brazil,https://media.api-sports.io/football/leagues/72.png,https://media.api-sports.io/flags/br.svg,2017,Regular Season - 4,122,Parana,https://media.api-sports.io/football/teams/122.png,True,151,Goias,https://media.api-sports.io/football/teams/151.png,False,2.0,0.0,1.0,0.0,2.0,0.0,,,,,,,
13691,,UTC,2017-05-17T00:30:00+00:00,1494981000,1494981000.0,1494984600.0,,Arena Castelão,Fortaleza,Match Finished,FT,90.0,72,Serie B,Brazil,https://media.api-sports.io/football/leagues/72.png,https://media.api-sports.io/flags/br.svg,2017,Regular Season - 2,129,Ceara,https://media.api-sports.io/football/teams/129.png,,153,BOA,https://media.api-sports.io/football/teams/153.png,,0.0,0.0,0.0,0.0,0.0,0.0,,,,,,,
13690,,UTC,2017-05-19T22:15:00+00:00,1495232100,1495232100.0,1495235700.0,,Durival Britto e Silva,Curitiba,Match Finished,FT,90.0,72,Serie B,Brazil,https://media.api-sports.io/football/leagues/72.png,https://media.api-sports.io/flags/br.svg,2017,Regular Season - 2,122,Parana,https://media.api-sports.io/football/teams/122.png,,149,Paysandu,https://media.api-sports.io/football/teams/149.png,,0.0,0.0,0.0,0.0,0.0,0.0,,,,,,,
13689,,UTC,2017-05-19T23:30:00+00:00,1495236600,1495236600.0,1495240200.0,,Serra Dourada,Goiania,Match Finished,FT,90.0,72,Serie B,Brazil,https://media.api-sports.io/football/leagues/72.png,https://media.api-sports.io/flags/br.svg,2017,Regular Season - 2,142,Vila Nova,https://media.api-sports.io/football/teams/142.png,,152,Juventude,https://media.api-sports.io/football/teams/152.png,,0.0,0.0,0.0,0.0,0.0,0.0,,,,,,,
13688,,UTC,2017-05-20T00:30:00+00:00,1495240200,1495240200.0,1495243800.0,,Arena Independência,Belo Horizonte,Match Finished,FT,90.0,72,Serie B,Brazil,https://media.api-sports.io/football/leagues/72.png,https://media.api-sports.io/flags/br.svg,2017,Regular Season - 2,125,America Mineiro,https://media.api-sports.io/football/teams/125.png,,151,Goias,https://media.api-sports.io/football/teams/151.png,,1.0,1.0,0.0,0.0,1.0,1.0,,,,,,,
13684,,UTC,2017-05-20T19:30:00+00:00,1495308600,1495308600.0,1495312200.0,,Orlando Scarpelli,Florianopolis,Match Finished,FT,90.0,72,Serie B,Brazil,https://media.api-sports.io/football/leagues/72.png,https://media.api-sports.io/flags/br.svg,2017,Regular Season - 2,137,Figueirense,https://media.api-sports.io/football/teams/137.png,True,755,Nautico Recife,https://media.api-sports.io/football/teams/755.png,False,3.0,0.0,2.0,0.0,3.0,0.0,,,,,,,
13686,,UTC,2017-05-20T19:30:00+00:00,1495308600,1495308600.0,1495312200.0,,Estadio Municipal dos Amaros,Itapolis,Match Finished,FT,90.0,72,Serie B,Brazil,https://media.api-sports.io/football/leagues/72.png,https://media.api-sports.io/flags/br.svg,2017,Regular Season - 2,143,Oeste,https://media.api-sports.io/football/teams/143.png,True,140,Criciuma,https://media.api-sports.io/football/teams/140.png,False,1.0,0.0,0.0,0.0,1.0,0.0,,,,,,,
13685,,UTC,2017-05-20T19:30:00+00:00,1495308600,1495308600.0,1495312200.0,,Estadio Municipal Passo das Emas,Lucas do Rio Verde,Match Finished,FT,90.0,72,Serie B,Brazil,https://media.api-sports.io/football/leagues/72.png,https://media.api-sports.io/flags/br.svg,2017,Regular Season - 2,752,Luverdense,https://media.api-sports.io/football/teams/752.png,,146,CRB,https://media.api-sports.io/football/teams/146.png,,1.0,1.0,1.0,1.0,1.0,1.0,,,,,,,
13687,,UTC,2017-05-20T19:30:00+00:00,1495308600,1495308600.0,1495312200.0,,Estádio do Arruda,Recife,Match Finished,FT,90.0,72,Serie B,Brazil,https://media.api-sports.io/football/leagues/72.png,https://media.api-sports.io/flags/br.svg,2017,Regular Season - 2,753,Santa Cruz,https://media.api-sports.io/football/teams/753.png,True,138,Guarani Campinas,https://media.api-sports.io/football/teams/138.png,False,2.0,1.0,1.0,0.0,2.0,1.0,,,,,,,
13683,,UTC,2017-05-20T22:00:00+00:00,1495317600,1495317600.0,1495321200.0,,Estádio Beira Rio,Porto Alegre,Match Finished,FT,90.0,72,Serie B,Brazil,https://media.api-sports.io/football/leagues/72.png,https://media.api-sports.io/flags/br.svg,2017,Regular Season - 2,119,Internacional,https://media.api-sports.io/football/teams/119.png,,754,ABC,https://media.api-sports.io/football/teams/754.png,,1.0,1.0,1.0,0.0,1.0,1.0,,,,,,,
13682,,UTC,2017-05-23T22:15:00+00:00,1495577700,1495577700.0,1495581300.0,,Estádio Rei Pelé,Maceio,Match Finished,FT,90.0,72,Serie B,Brazil,https://media.api-sports.io/football/leagues/72.png,https://media.api-sports.io/flags/br.svg,2017,Regular Season - 3,146,CRB,https://media.api-sports.io/football/teams/146.png,True,753,Santa Cruz,https://media.api-sports.io/football/teams/753.png,False,1.0,0.0,0.0,0.0,1.0,0.0,,,,,,,
13681,,UTC,2017-05-24T00:30:00+00:00,1495585800,1495585800.0,1495589400.0,,Estádio Brinco de Ouro da Princesa,Campinas,Match Finished,FT,90.0,72,Serie B,Brazil,https://media.api-sports.io/football/leagues/72.png,https://media.api-sports.io/flags/br.svg,2017,Regular Season - 3,138,Guarani Campinas,https://media.api-sports.io/football/teams/138.png,True,137,Figueirense,https://media.api-sports.io/football/teams/137.png,False,2.0,0.0,1.0,0.0,2.0,0.0,,,,,,,
13680,,UTC,2017-05-26T22:15:00+00:00,1495836900,1495836900.0,1495840500.0,,Estadio Heriberto Hülse,Criciuma,Match Finished,FT,90.0,72,Serie B,Brazil,https://media.api-sports.io/football/leagues/72.png,https://media.api-sports.io/flags/br.svg,2017,Regular Season - 3,140,Criciuma,https://media.api-sports.io/football/teams/140.png,False,125,America Mineiro,https://media.api-sports.io/football/teams/125.png,True,1.0,3.0,0.0,0.0,1.0,3.0,,,,,,,
13679,,UTC,2017-05-26T23:30:00+00:00,1495841400,1495841400.0,1495845000.0,,Melão,Varginha,Match Finished,FT,90.0,72,Serie B,Brazil,https://media.api-sports.io/football/leagues/72.png,https://media.api-sports.io/flags/br.svg,2017,Regular Season - 3,153,BOA,https://media.api-sports.io/football/teams/153.png,,143,Oeste,https://media.api-sports.io/football/teams/143.png,,1.0,1.0,1.0,0.0,1.0,1.0,,,,,,,
13678,,UTC,2017-05-27T00:30:00+00:00,1495845000,1495845000.0,1495848600.0,,Serra Dourada,Goiania,Match Finished,FT,90.0,72,Serie B,Brazil,https://media.api-sports.io/football/leagues/72.png,https://media.api-sports.io/flags/br.svg,2017,Regular Season - 3,151,Goias,https://media.api-sports.io/football/teams/151.png,,141,Brasil DE Pelotas,https://media.api-sports.io/football/teams/141.png,,1.0,1.0,1.0,1.0,1.0,1.0,,,,,,,
13675,,UTC,2017-05-27T19:30:00+00:00,1495913400,1495913400.0,1495917000.0,,"Estádio Municipal Jacy Scaff (Londrina, Paraná)",,Match Finished,FT,90.0,72,Serie B,Brazil,https://media.api-sports.io/football/leagues/72.png,https://media.api-sports.io/flags/br.svg,2017,Regular Season - 3,148,Londrina,https://media.api-sports.io/football/teams/148.png,True,752,Luverdense,https://media.api-sports.io/football/teams/752.png,False,3.0,1.0,1.0,0.0,3.0,1.0,,,,,,,
13677,,UTC,2017-05-27T19:30:00+00:00,1495913400,1495913400.0,1495917000.0,,Estádio Leônidas Castro,Belem,Match Finished,FT,90.0,72,Serie B,Brazil,https://media.api-sports.io/football/leagues/72.png,https://media.api-sports.io/flags/br.svg,2017,Regular Season - 3,149,Paysandu,https://media.api-sports.io/football/teams/149.png,True,119,Internacional,https://media.api-sports.io/football/teams/119.png,False,1.0,0.0,0.0,0.0,1.0,0.0,,,,,,,
13674,,UTC,2017-05-27T19:30:00+00:00,1495913400,1495913400.0,1495917000.0,,Frasqueirão,Natal,Match Finished,FT,90.0,72,Serie B,Brazil,https://media.api-sports.io/football/leagues/72.png,https://media.api-sports.io/flags/br.svg,2017,Regular Season - 3,754,ABC,https://media.api-sports.io/football/teams/754.png,True,142,Vila Nova,https://media.api-sports.io/football/teams/142.png,False,1.0,0.0,1.0,0.0,1.0,0.0,,,,,,,
13676,,UTC,2017-05-27T19:30:00+00:00,1495913400,1495913400.0,1495917000.0,,Arena De Pernambuco,Sao Lourenco da Mata,Match Finished,FT,90.0,72,Serie B,Brazil,https://media.api-sports.io/football/leagues/72.png,https://media.api-sports.io/flags/br.svg,2017,Regular Season - 3,755,Nautico Recife,https://media.api-sports.io/football/teams/755.png,False,129,Ceara,https://media.api-sports.io/football/teams/129.png,True,0.0,2.0,0.0,0.0,0.0,2.0,,,,,,,
13673,,UTC,2017-05-27T22:00:00+00:00,1495922400,1495922400.0,1495926000.0,,Estádio Alfredo Jaconi,Caxias do Sul,Match Finished,FT,90.0,72,Serie B,Brazil,https://media.api-sports.io/football/leagues/72.png,https://media.api-sports.io/flags/br.svg,2017,Regular Season - 3,152,Juventude,https://media.api-sports.io/football/teams/152.png,True,122,Parana,https://media.api-sports.io/football/teams/122.png,False,2.0,1.0,0.0,0.0,2.0,1.0,,,,,,,
13672,,UTC,2017-05-30T22:15:00+00:00,1496182500,1496182500.0,1496186100.0,,Orlando Scarpelli,Florianopolis,Match Finished,FT,90.0,72,Serie B,Brazil,https://media.api-sports.io/football/leagues/72.png,https://media.api-sports.io/flags/br.svg,2017,Regular Season - 4,137,Figueirense,https://media.api-sports.io/football/teams/137.png,False,153,BOA,https://media.api-sports.io/football/teams/153.png,True,0.0,2.0,0.0,2.0,0.0,2.0,,,,,,,
13671,,UTC,2017-05-31T00:30:00+00:00,1496190600,1496190600.0,1496194200.0,,Bento Mendes de Freitas,Pelotas,Match Finished,FT,90.0,72,Serie B,Brazil,https://media.api-sports.io/football/leagues/72.png,https://media.api-sports.io/flags/br.svg,2017,Regular Season - 4,141,Brasil DE Pelotas,https://media.api-sports.io/football/teams/141.png,True,755,Nautico Recife,https://media.api-sports.io/football/teams/755.png,False,2.0,0.0,1.0,0.0,2.0,0.0,,,,,,,
13670,,UTC,2017-06-02T22:15:00+00:00,1496441700,1496441700.0,1496445300.0,,Arena Independência,Belo Horizonte,Match Finished,FT,90.0,72,Serie B,Brazil,https://media.api-sports.io/football/leagues/72.png,https://media.api-sports.io/flags/br.svg,2017,Regular Season - 4,125,America Mineiro,https://media.api-sports.io/football/teams/125.png,False,149,Paysandu,https://media.api-sports.io/football/teams/149.png,True,0.0,2.0,0.0,1.0,0.0,2.0,,,,,,,
13669,,UTC,2017-06-02T23:30:00+00:00,1496446200,1496446200.0,1496449800.0,,Estadio Municipal dos Amaros,Itapolis,Match Finished,FT,90.0,72,Serie B,Brazil,https://media.api-sports.io/football/leagues/72.png,https://media.api-sports.io/flags/br.svg,2017,Regular Season - 4,143,Oeste,https://media.api-sports.io/football/teams/143.png,True,146,CRB,https://media.api-sports.io/football/teams/146.png,False,2.0,0.0,1.0,0.0,2.0,0.0,,,,,,,
13668,,UTC,2017-06-03T00:30:00+00:00,1496449800,1496449800.0,1496453400.0,,Arena Castelão,Fortaleza,Match Finished,FT,90.0,72,Serie B,Brazil,https://media.api-sports.io/football/leagues/72.png,https://media.api-sports.io/flags/br.svg,2017,Regular Season - 4,129,Ceara,https://media.api-sports.io/football/teams/129.png,True,148,Londrina,https://media.api-sports.io/football/teams/148.png,False,1.0,0.0,0.0,0.0,1.0,0.0,,,,,,,
13667,,UTC,2017-06-03T19:30:00+00:00,1496518200,1496518200.0,1496521800.0,,Serra Dourada,Goiania,Match Finished,FT,90.0,72,Serie B,Brazil,https://media.api-sports.io/football/leagues/72.png,https://media.api-sports.io/flags/br.svg,2017,Regular Season - 4,142,Vila Nova,https://media.api-sports.io/football/teams/142.png,True,138,Guarani Campinas,https://media.api-sports.io/football/teams/138.png,False,3.0,1.0,2.0,0.0,3.0,1.0,,,,,,,
13665,,UTC,2017-06-03T19:30:00+00:00,1496518200,1496518200.0,1496521800.0,,Estadio Municipal Passo das Emas,Lucas do Rio Verde,Match Finished,FT,90.0,72,Serie B,Brazil,https://media.api-sports.io/football/leagues/72.png,https://media.api-sports.io/flags/br.svg,2017,Regular Season - 4,752,Luverdense,https://media.api-sports.io/football/teams/752.png,,140,Criciuma,https://media.api-sports.io/football/teams/140.png,,0.0,0.0,0.0,0.0,0.0,0.0,,,,,,,
13666,,UTC,2017-06-03T19:30:00+00:00,1496518200,1496518200.0,1496521800.0,,Estádio do Arruda,Recife,Match Finished,FT,90.0,72,Serie B,Brazil,https://media.api-sports.io/football/leagues/72.png,https://media.api-sports.io/flags/br.svg,2017,Regular Season - 4,753,Santa Cruz,https://media.api-sports.io/football/teams/753.png,True,754,ABC,https://media.api-sports.io/football/teams/754.png,False,2.0,1.0,1.0,1.0,2.0,1.0,,,,,,,
13664,,UTC,2017-06-03T22:00:00+00:00,1496527200,1496527200.0,1496530800.0,,Estádio Beira Rio,Porto Alegre,Match Finished,FT,90.0,72,Serie B,Brazil,https://media.api-sports.io/football/leagues/72.png,https://media.api-sports.io/flags/br.svg,2017,Regular Season - 4,119,Internacional,https://media.api-sports.io/football/teams/119.png,,152,Juventude,https://media.api-sports.io/football/teams/152.png,,1.0,1.0,0.0,0.0,1.0,1.0,,,,,,,
13662,,UTC,2017-06-06T22:15:00+00:00,1496787300,1496787300.0,1496790900.0,,Estádio Brinco de Ouro da Princesa,Campinas,Match Finished,FT,90.0,72,Serie B,Brazil,https://media.api-sports.io/football/leagues/72.png,https://media.api-sports.io/flags/br.svg,2017,Regular Season - 5,138,Guarani Campinas,https://media.api-sports.io/football/teams/138.png,True,153,BOA,https://media.api-sports.io/football/teams/153.png,False,2.0,1.0,1.0,0.0,2.0,1.0,,,,,,,
13663,,UTC,2017-06-06T22:15:00+00:00,1496787300,1496787300.0,1496790900.0,,Estádio Alfredo Jaconi,Caxias do Sul,Match Finished,FT,90.0,72,Serie B,Brazil,https://media.api-sports.io/football/leagues/72.png,https://media.api-sports.io/flags/br.svg,2017,Regular Season - 5,152,Juventude,https://media.api-sports.io/football/teams/152.png,True,140,Criciuma,https://media.api-sports.io/football/teams/140.png,False,1.0,0.0,0.0,0.0,1.0,0.0,,,,,,,
13661,,UTC,2017-06-06T22:15:00+00:00,1496787300,1496787300.0,1496790900.0,,Frasqueirão,Natal,Match Finished,FT,90.0,72,Serie B,Brazil,https://media.api-sports.io/football/leagues/72.png,https://media.api-sports.io/flags/br.svg,2017,Regular Season - 5,754,ABC,https://media.api-sports.io/football/teams/754.png,True,149,Paysandu,https://media.api-sports.io/football/teams/149.png,False,2.0,1.0,2.0,1.0,2.0,1.0,,,,,,,
13657,,UTC,2017-06-06T23:30:00+00:00,1496791800,1496791800.0,1496795400.0,,Orlando Scarpelli,Florianopolis,Match Finished,FT,90.0,72,Serie B,Brazil,https://media.api-sports.io/football/leagues/72.png,https://media.api-sports.io/flags/br.svg,2017,Regular Season - 5,137,Figueirense,https://media.api-sports.io/football/teams/137.png,False,119,Internacional,https://media.api-sports.io/football/teams/119.png,True,1.0,2.0,1.0,1.0,1.0,2.0,,,,,,,
13659,,UTC,2017-06-06T23:30:00+00:00,1496791800,1496791800.0,1496795400.0,,"Estádio Municipal Jacy Scaff (Londrina, Paraná)",,Match Finished,FT,90.0,72,Serie B,Brazil,https://media.api-sports.io/football/leagues/72.png,https://media.api-sports.io/flags/br.svg,2017,Regular Season - 5,148,Londrina,https://media.api-sports.io/football/teams/148.png,,122,Parana,https://media.api-sports.io/football/teams/122.png,,1.0,1.0,0.0,1.0,1.0,1.0,,,,,,,
13658,,UTC,2017-06-06T23:30:00+00:00,1496791800,1496791800.0,1496795400.0,,Serra Dourada,Goiania,Match Finished,FT,90.0,72,Serie B,Brazil,https://media.api-sports.io/football/leagues/72.png,https://media.api-sports.io/flags/br.svg,2017,Regular Season - 5,151,Goias,https://media.api-sports.io/football/teams/151.png,True,753,Santa Cruz,https://media.api-sports.io/football/teams/753.png,False,2.0,1.0,1.0,1.0,2.0,1.0,,,,,,,
13660,,UTC,2017-06-06T23:30:00+00:00,1496791800,1496791800.0,1496795400.0,,Arena De Pernambuco,Sao Lourenco da Mata,Match Finished,FT,90.0,72,Serie B,Brazil,https://media.api-sports.io/football/leagues/72.png,https://media.api-sports.io/flags/br.svg,2017,Regular Season - 5,755,Nautico Recife,https://media.api-sports.io/football/teams/755.png,,143,Oeste,https://media.api-sports.io/football/teams/143.png,,1.0,1.0,0.0,0.0,1.0,1.0,,,,,,,
13654,,UTC,2017-06-07T00:30:00+00:00,1496795400,1496795400.0,1496799000.0,,Arena Independência,Belo Horizonte,Match Finished,FT,90.0,72,Serie B,Brazil,https://media.api-sports.io/football/leagues/72.png,https://media.api-sports.io/flags/br.svg,2017,Regular Season - 5,125,America Mineiro,https://media.api-sports.io/football/teams/125.png,True,129,Ceara,https://media.api-sports.io/football/teams/129.png,False,1.0,0.0,1.0,0.0,1.0,0.0,,,,,,,
13655,,UTC,2017-06-07T00:30:00+00:00,1496795400,1496795400.0,1496799000.0,,Estádio Rei Pelé,Maceio,Match Finished,FT,90.0,72,Serie B,Brazil,https://media.api-sports.io/football/leagues/72.png,https://media.api-sports.io/flags/br.svg,2017,Regular Season - 5,146,CRB,https://media.api-sports.io/football/teams/146.png,False,141,Brasil DE Pelotas,https://media.api-sports.io/football/teams/141.png,True,0.0,1.0,0.0,0.0,0.0,1.0,,,,,,,
13656,,UTC,2017-06-07T00:30:00+00:00,1496795400,1496795400.0,1496799000.0,,Estadio Municipal Passo das Emas,Lucas do Rio Verde,Match Finished,FT,90.0,72,Serie B,Brazil,https://media.api-sports.io/football/leagues/72.png,https://media.api-sports.io/flags/br.svg,2017,Regular Season - 5,752,Luverdense,https://media.api-sports.io/football/teams/752.png,,142,Vila Nova,https://media.api-sports.io/football/teams/142.png,,1.0,1.0,0.0,0.0,1.0,1.0,,,,,,,
13653,,UTC,2017-06-09T22:15:00+00:00,1497046500,1497046500.0,1497050100.0,,Estadio Heriberto Hülse,Criciuma,Match Finished,FT,90.0,72,Serie B,Brazil,https://media.api-sports.io/football/leagues/72.png,https://media.api-sports.io/flags/br.svg,2017,Regular Season - 6,140,Criciuma,https://media.api-sports.io/football/teams/140.png,True,146,CRB,https://media.api-sports.io/football/teams/146.png,False,1.0,0.0,1.0,0.0,1.0,0.0,,,,,,,
13652,,UTC,2017-06-09T23:30:00+00:00,1497051000,1497051000.0,1497054600.0,,Serra Dourada,Goiania,Match Finished,FT,90.0,72,Serie B,Brazil,https://media.api-sports.io/football/leagues/72.png,https://media.api-sports.io/flags/br.svg,2017,Regular Season - 6,142,Vila Nova,https://media.api-sports.io/football/teams/142.png,True,125,America Mineiro,https://media.api-sports.io/football/teams/125.png,False,2.0,0.0,1.0,0.0,2.0,0.0,,,,,,,
13651,,UTC,2017-06-09T23:30:00+00:00,1497051000,1497051000.0,1497054600.0,,Estádio do Arruda,Recife,Match Finished,FT,90.0,72,Serie B,Brazil,https://media.api-sports.io/football/leagues/72.png,https://media.api-sports.io/flags/br.svg,2017,Regular Season - 6,753,Santa Cruz,https://media.api-sports.io/football/teams/753.png,False,148,Londrina,https://media.api-sports.io/football/teams/148.png,True,1.0,3.0,0.0,1.0,1.0,3.0,,,,,,,
13650,,UTC,2017-06-10T00:30:00+00:00,1497054600,1497054600.0,1497058200.0,,Estádio Leônidas Castro,Belem,Match Finished,FT,90.0,72,Serie B,Brazil,https://media.api-sports.io/football/leagues/72.png,https://media.api-sports.io/flags/br.svg,2017,Regular Season - 6,149,Paysandu,https://media.api-sports.io/football/teams/149.png,False,151,Goias,https://media.api-sports.io/football/teams/151.png,True,0.0,1.0,0.0,0.0,0.0,1.0,,,,,,,
13648,,UTC,2017-06-10T19:30:00+00:00,1497123000,1497123000.0,1497126600.0,,Estádio Beira Rio,Porto Alegre,Match Finished,FT,90.0,72,Serie B,Brazil,https://media.api-sports.io/football/leagues/72.png,https://media.api-sports.io/flags/br.svg,2017,Regular Season - 6,119,Internacional,https://media.api-sports.io/football/teams/119.png,True,755,Nautico Recife,https://media.api-sports.io/football/teams/755.png,False,4.0,2.0,1.0,1.0,4.0,2.0,,,,,,,
13649,,UTC,2017-06-10T19:30:00+00:00,1497123000,1497123000.0,1497126600.0,,Durival Britto e Silva,Curitiba,Match Finished,FT,90.0,72,Serie B,Brazil,https://media.api-sports.io/football/leagues/72.png,https://media.api-sports.io/flags/br.svg,2017,Regular Season - 6,122,Parana,https://media.api-sports.io/football/teams/122.png,False,138,Guarani Campinas,https://media.api-sports.io/football/teams/138.png,True,0.0,1.0,0.0,0.0,0.0,1.0,,,,,,,
13647,,UTC,2017-06-10T19:30:00+00:00,1497123000,1497123000.0,1497126600.0,,Bento Mendes de Freitas,Pelotas,Match Finished,FT,90.0,72,Serie B,Brazil,https://media.api-sports.io/football/leagues/72.png,https://media.api-sports.io/flags/br.svg,2017,Regular Season - 6,141,Brasil DE Pelotas,https://media.api-sports.io/football/teams/141.png,False,129,Ceara,https://media.api-sports.io/football/teams/129.png,True,2.0,3.0,0.0,1.0,2.0,3.0,,,,,,,
13646,,UTC,2017-06-10T19:30:00+00:00,1497123000,1497123000.0,1497126600.0,,Melão,Varginha,Match Finished,FT,90.0,72,Serie B,Brazil,https://media.api-sports.io/football/leagues/72.png,https://media.api-sports.io/flags/br.svg,2017,Regular Season - 6,153,BOA,https://media.api-sports.io/football/teams/153.png,False,152,Juventude,https://media.api-sports.io/football/teams/152.png,True,0.0,2.0,0.0,0.0,0.0,2.0,,,,,,,
13645,,UTC,2017-06-10T22:00:00+00:00,1497132000,1497132000.0,1497135600.0,,Frasqueirão,Natal,Match Finished,FT,90.0,72,Serie B,Brazil,https://media.api-sports.io/football/leagues/72.png,https://media.api-sports.io/flags/br.svg,2017,Regular Season - 6,754,ABC,https://media.api-sports.io/football/teams/754.png,,137,Figueirense,https://media.api-sports.io/football/teams/137.png,,2.0,2.0,1.0,2.0,2.0,2.0,,,,,,,
13644,,UTC,2017-06-11T00:00:00+00:00,1497139200,1497139200.0,1497142800.0,,Estadio Municipal dos Amaros,Itapolis,Match Finished,FT,90.0,72,Serie B,Brazil,https://media.api-sports.io/football/leagues/72.png,https://media.api-sports.io/flags/br.svg,2017,Regular Season - 6,143,Oeste,https://media.api-sports.io/football/teams/143.png,,752,Luverdense,https://media.api-sports.io/football/teams/752.png,,0.0,0.0,0.0,0.0,0.0,0.0,,,,,,,
13641,,UTC,2017-06-13T22:15:00+00:00,1497392100,1497392100.0,1497395700.0,,Estádio Brinco de Ouro da Princesa,Campinas,Match Finished,FT,90.0,72,Serie B,Brazil,https://media.api-sports.io/football/leagues/72.png,https://media.api-sports.io/flags/br.svg,2017,Regular Season - 7,138,Guarani Campinas,https://media.api-sports.io/football/teams/138.png,True,149,Paysandu,https://media.api-sports.io/football/teams/149.png,False,2.0,0.0,1.0,0.0,2.0,0.0,,,,,,,
13642,,UTC,2017-06-13T22:15:00+00:00,1497392100,1497392100.0,1497395700.0,,"Estádio Municipal Jacy Scaff (Londrina, Paraná)",,Match Finished,FT,90.0,72,Serie B,Brazil,https://media.api-sports.io/football/leagues/72.png,https://media.api-sports.io/flags/br.svg,2017,Regular Season - 7,148,Londrina,https://media.api-sports.io/football/teams/148.png,,143,Oeste,https://media.api-sports.io/football/teams/143.png,,1.0,1.0,1.0,0.0,1.0,1.0,,,,,,,
13643,,UTC,2017-06-13T22:15:00+00:00,1497392100,1497392100.0,1497395700.0,,Arena De Pernambuco,Sao Lourenco da Mata,Match Finished,FT,90.0,72,Serie B,Brazil,https://media.api-sports.io/football/leagues/72.png,https://media.api-sports.io/flags/br.svg,2017,Regular Season - 7,755,Nautico Recife,https://media.api-sports.io/football/teams/755.png,False,122,Parana,https://media.api-sports.io/football/teams/122.png,True,1.0,2.0,1.0,1.0,1.0,2.0,,,,,,,
13638,,UTC,2017-06-13T23:30:00+00:00,1497396600,1497396600.0,1497400200.0,,Orlando Scarpelli,Florianopolis,Match Finished,FT,90.0,72,Serie B,Brazil,https://media.api-sports.io/football/leagues/72.png,https://media.api-sports.io/flags/br.svg,2017,Regular Season - 7,137,Figueirense,https://media.api-sports.io/football/teams/137.png,,140,Criciuma,https://media.api-sports.io/football/teams/140.png,,2.0,2.0,0.0,1.0,2.0,2.0,,,,,,,
13637,,UTC,2017-06-13T23:30:00+00:00,1497396600,1497396600.0,1497400200.0,,Estádio Rei Pelé,Maceio,Match Finished,FT,90.0,72,Serie B,Brazil,https://media.api-sports.io/football/leagues/72.png,https://media.api-sports.io/flags/br.svg,2017,Regular Season - 7,146,CRB,https://media.api-sports.io/football/teams/146.png,False,142,Vila Nova,https://media.api-sports.io/football/teams/142.png,True,1.0,2.0,0.0,1.0,1.0,2.0,,,,,,,
13639,,UTC,2017-06-13T23:30:00+00:00,1497396600,1497396600.0,1497400200.0,,Serra Dourada,Goiania,Match Finished,FT,90.0,72,Serie B,Brazil,https://media.api-sports.io/football/leagues/72.png,https://media.api-sports.io/flags/br.svg,2017,Regular Season - 7,151,Goias,https://media.api-sports.io/football/teams/151.png,True,153,BOA,https://media.api-sports.io/football/teams/153.png,False,4.0,1.0,3.0,1.0,4.0,1.0,,,,,,,
13640,,UTC,2017-06-13T23:30:00+00:00,1497396600,1497396600.0,1497400200.0,,Estádio Alfredo Jaconi,Caxias do Sul,Match Finished,FT,90.0,72,Serie B,Brazil,https://media.api-sports.io/football/leagues/72.png,https://media.api-sports.io/flags/br.svg,2017,Regular Season - 7,152,Juventude,https://media.api-sports.io/football/teams/152.png,True,754,ABC,https://media.api-sports.io/football/teams/754.png,False,3.0,0.0,3.0,0.0,3.0,0.0,,,,,,,
13634,,UTC,2017-06-14T00:30:00+00:00,1497400200,1497400200.0,1497403800.0,,Arena Independência,Belo Horizonte,Match Finished,FT,90.0,72,Serie B,Brazil,https://media.api-sports.io/football/leagues/72.png,https://media.api-sports.io/flags/br.svg,2017,Regular Season - 7,125,America Mineiro,https://media.api-sports.io/football/teams/125.png,,119,Internacional,https://media.api-sports.io/football/teams/119.png,,1.0,1.0,0.0,1.0,1.0,1.0,,,,,,,
13635,,UTC,2017-06-14T00:30:00+00:00,1497400200,1497400200.0,1497403800.0,,Arena Castelão,Fortaleza,Match Finished,FT,90.0,72,Serie B,Brazil,https://media.api-sports.io/football/leagues/72.png,https://media.api-sports.io/flags/br.svg,2017,Regular Season - 7,129,Ceara,https://media.api-sports.io/football/teams/129.png,False,753,Santa Cruz,https://media.api-sports.io/football/teams/753.png,True,1.0,3.0,1.0,0.0,1.0,3.0,,,,,,,
13636,,UTC,2017-06-14T00:30:00+00:00,1497400200,1497400200.0,1497403800.0,,Estadio Municipal Passo das Emas,Lucas do Rio Verde,Match Finished,FT,90.0,72,Serie B,Brazil,https://media.api-sports.io/football/leagues/72.png,https://media.api-sports.io/flags/br.svg,2017,Regular Season - 7,752,Luverdense,https://media.api-sports.io/football/teams/752.png,True,141,Brasil DE Pelotas,https://media.api-sports.io/football/teams/141.png,False,4.0,0.0,0.0,0.0,4.0,0.0,,,,,,,
13633,"Renan Roberto De Souza, Brazil",UTC,2017-06-16T22:15:00+00:00,1497651300,1497651300.0,1497654900.0,,Estadio Heriberto Hülse,Criciuma,Match Finished,FT,90.0,72,Serie B,Brazil,https://media.api-sports.io/football/leagues/72.png,https://media.api-sports.io/flags/br.svg,2017,Regular Season - 8,140,Criciuma,https://media.api-sports.io/football/teams/140.png,True,138,Guarani Campinas,https://media.api-sports.io/football/teams/138.png,False,3.0,2.0,2.0,1.0,3.0,2.0,,,,,,,
13632,"Luiz Cesar de Oliveira Magalhaes, Brazil",UTC,2017-06-16T23:30:00+00:00,1497655800,1497655800.0,1497659400.0,,Durival Britto e Silva,Curitiba,Match Finished,FT,90.0,72,Serie B,Brazil,https://media.api-sports.io/football/leagues/72.png,https://media.api-sports.io/flags/br.svg,2017,Regular Season - 8,122,Parana,https://media.api-sports.io/football/teams/122.png,True,137,Figueirense,https://media.api-sports.io/football/teams/137.png,False,1.0,0.0,0.0,0.0,1.0,0.0,,,,,,,
13631,"Thiago Duarte Peixoto, Brazil",UTC,2017-06-16T23:30:00+00:00,1497655800,1497655800.0,1497659400.0,,Arena Castelão,Fortaleza,Match Finished,FT,90.0,72,Serie B,Brazil,https://media.api-sports.io/football/leagues/72.png,https://media.api-sports.io/flags/br.svg,2017,Regular Season - 8,129,Ceara,https://media.api-sports.io/football/teams/129.png,,752,Luverdense,https://media.api-sports.io/football/teams/752.png,,1.0,1.0,1.0,0.0,1.0,1.0,,,,,,,
13630,"Paulo Roberto Alves Junior, Brazil",UTC,2017-06-17T00:30:00+00:00,1497659400,1497659400.0,1497663000.0,,Serra Dourada,Goiania,Match Finished,FT,90.0,72,Serie B,Brazil,https://media.api-sports.io/football/leagues/72.png,https://media.api-sports.io/flags/br.svg,2017,Regular Season - 8,151,Goias,https://media.api-sports.io/football/teams/151.png,False,754,ABC,https://media.api-sports.io/football/teams/754.png,True,1.0,2.0,1.0,1.0,1.0,2.0,,,,,,,
13627,"Daniel Nobre Bins, Brazil",UTC,2017-06-17T19:30:00+00:00,1497727800,1497727800.0,1497731400.0,,Estádio Rei Pelé,Maceio,Match Finished,FT,90.0,72,Serie B,Brazil,https://media.api-sports.io/football/leagues/72.png,https://media.api-sports.io/flags/br.svg,2017,Regular Season - 8,146,CRB,https://media.api-sports.io/football/teams/146.png,False,148,Londrina,https://media.api-sports.io/football/teams/148.png,True,0.0,3.0,0.0,3.0,0.0,3.0,,,,,,,
13628,"Marielson Alves Silva, Brazil",UTC,2017-06-17T19:30:00+00:00,1497727800,1497727800.0,1497731400.0,,Estádio Leônidas Castro,Belem,Match Finished,FT,90.0,72,Serie B,Brazil,https://media.api-sports.io/football/leagues/72.png,https://media.api-sports.io/flags/br.svg,2017,Regular Season - 8,149,Paysandu,https://media.api-sports.io/football/teams/149.png,,152,Juventude,https://media.api-sports.io/football/teams/152.png,,0.0,0.0,0.0,0.0,0.0,0.0,,,,,,,
13626,"Bruno Rezende Silva, Brazil",UTC,2017-06-17T19:30:00+00:00,1497727800,1497727800.0,1497731400.0,,Melão,Varginha,Match Finished,FT,90.0,72,Serie B,Brazil,https://media.api-sports.io/football/leagues/72.png,https://media.api-sports.io/flags/br.svg,2017,Regular Season - 8,153,BOA,https://media.api-sports.io/football/teams/153.png,True,755,Nautico Recife,https://media.api-sports.io/football/teams/755.png,False,2.0,1.0,2.0,1.0,2.0,1.0,,,,,,,
13629,"Rodrigo D'Alonso Ferreira, Brazil",UTC,2017-06-17T19:30:00+00:00,1497727800,1497727800.0,1497731400.0,,Estádio do Arruda,Recife,Match Finished,FT,90.0,72,Serie B,Brazil,https://media.api-sports.io/football/leagues/72.png,https://media.api-sports.io/flags/br.svg,2017,Regular Season - 8,753,Santa Cruz,https://media.api-sports.io/football/teams/753.png,,119,Internacional,https://media.api-sports.io/football/teams/119.png,,0.0,0.0,0.0,0.0,0.0,0.0,,,,,,,
13625,"Rodrigo Batista Raposo, Brazil",UTC,2017-06-17T22:00:00+00:00,1497736800,1497736800.0,1497740400.0,,Bento Mendes de Freitas,Pelotas,Match Finished,FT,90.0,72,Serie B,Brazil,https://media.api-sports.io/football/leagues/72.png,https://media.api-sports.io/flags/br.svg,2017,Regular Season - 8,141,Brasil DE Pelotas,https://media.api-sports.io/football/teams/141.png,True,142,Vila Nova,https://media.api-sports.io/football/teams/142.png,False,3.0,0.0,1.0,0.0,3.0,0.0,,,,,,,
13624,"Rodrigo Carvalhaes de Miranda, Brazil",UTC,2017-06-18T00:00:00+00:00,1497744000,1497744000.0,1497747600.0,,Estadio Municipal dos Amaros,Itapolis,Match Finished,FT,90.0,72,Serie B,Brazil,https://media.api-sports.io/football/leagues/72.png,https://media.api-sports.io/flags/br.svg,2017,Regular Season - 8,143,Oeste,https://media.api-sports.io/football/teams/143.png,,125,America Mineiro,https://media.api-sports.io/football/teams/125.png,,0.0,0.0,0.0,0.0,0.0,0.0,,,,,,,
13621,,UTC,2017-06-20T22:15:00+00:00,1497996900,1497996900.0,1498000500.0,,Arena Independência,Belo Horizonte,Match Finished,FT,90.0,72,Serie B,Brazil,https://media.api-sports.io/football/leagues/72.png,https://media.api-sports.io/flags/br.svg,2017,Regular Season - 9,125,America Mineiro,https://media.api-sports.io/football/teams/125.png,True,753,Santa Cruz,https://media.api-sports.io/football/teams/753.png,False,1.0,0.0,0.0,0.0,1.0,0.0,,,,,,,
13622,,UTC,2017-06-20T22:15:00+00:00,1497996900,1497996900.0,1498000500.0,,Estádio Alfredo Jaconi,Caxias do Sul,Match Finished,FT,90.0,72,Serie B,Brazil,https://media.api-sports.io/football/leagues/72.png,https://media.api-sports.io/flags/br.svg,2017,Regular Season - 9,152,Juventude,https://media.api-sports.io/football/teams/152.png,False,141,Brasil DE Pelotas,https://media.api-sports.io/football/teams/141.png,True,1.0,2.0,0.0,1.0,1.0,2.0,,,,,,,
13623,,UTC,2017-06-20T22:15:00+00:00,1497996900,1497996900.0,1498000500.0,,Arena De Pernambuco,Sao Lourenco da Mata,Match Finished,FT,90.0,72,Serie B,Brazil,https://media.api-sports.io/football/leagues/72.png,https://media.api-sports.io/flags/br.svg,2017,Regular Season - 9,755,Nautico Recife,https://media.api-sports.io/football/teams/755.png,False,151,Goias,https://media.api-sports.io/football/teams/151.png,True,2.0,3.0,1.0,1.0,2.0,3.0,,,,,,,
13618,,UTC,2017-06-20T23:30:00+00:00,1498001400,1498001400.0,1498005000.0,,Orlando Scarpelli,Florianopolis,Match Finished,FT,90.0,72,Serie B,Brazil,https://media.api-sports.io/football/leagues/72.png,https://media.api-sports.io/flags/br.svg,2017,Regular Season - 9,137,Figueirense,https://media.api-sports.io/football/teams/137.png,False,752,Luverdense,https://media.api-sports.io/football/teams/752.png,True,2.0,3.0,2.0,3.0,2.0,3.0,,,,,,,
13619,,UTC,2017-06-20T23:30:00+00:00,1498001400,1498001400.0,1498005000.0,,"Estádio Municipal Jacy Scaff (Londrina, Paraná)",,Match Finished,FT,90.0,72,Serie B,Brazil,https://media.api-sports.io/football/leagues/72.png,https://media.api-sports.io/flags/br.svg,2017,Regular Season - 9,148,Londrina,https://media.api-sports.io/football/teams/148.png,False,140,Criciuma,https://media.api-sports.io/football/teams/140.png,True,0.0,1.0,0.0,0.0,0.0,1.0,,,,,,,
13620,,UTC,2017-06-20T23:30:00+00:00,1498001400,1498001400.0,1498005000.0,,Estádio Leônidas Castro,Belem,Match Finished,FT,90.0,72,Serie B,Brazil,https://media.api-sports.io/football/leagues/72.png,https://media.api-sports.io/flags/br.svg,2017,Regular Season - 9,149,Paysandu,https://media.api-sports.io/football/teams/149.png,,153,BOA,https://media.api-sports.io/football/teams/153.png,,0.0,0.0,0.0,0.0,0.0,0.0,,,,,,,
13617,,UTC,2017-06-20T23:30:00+00:00,1498001400,1498001400.0,1498005000.0,,Frasqueirão,Natal,Match Finished,FT,90.0,72,Serie B,Brazil,https://media.api-sports.io/football/leagues/72.png,https://media.api-sports.io/flags/br.svg,2017,Regular Season - 9,754,ABC,https://media.api-sports.io/football/teams/754.png,False,146,CRB,https://media.api-sports.io/football/teams/146.png,True,1.0,3.0,0.0,1.0,1.0,3.0,,,,,,,
13615,,UTC,2017-06-21T00:30:00+00:00,1498005000,1498005000.0,1498008600.0,,Estádio Beira Rio,Porto Alegre,Match Finished,FT,90.0,72,Serie B,Brazil,https://media.api-sports.io/football/leagues/72.png,https://media.api-sports.io/flags/br.svg,2017,Regular Season - 9,119,Internacional,https://media.api-sports.io/football/teams/119.png,,122,Parana,https://media.api-sports.io/football/teams/122.png,,0.0,0.0,0.0,0.0,0.0,0.0,,,,,,,
13614,,UTC,2017-06-21T00:30:00+00:00,1498005000,1498005000.0,1498008600.0,,Estádio Brinco de Ouro da Princesa,Campinas,Match Finished,FT,90.0,72,Serie B,Brazil,https://media.api-sports.io/football/leagues/72.png,https://media.api-sports.io/flags/br.svg,2017,Regular Season - 9,138,Guarani Campinas,https://media.api-sports.io/football/teams/138.png,,143,Oeste,https://media.api-sports.io/football/teams/143.png,,0.0,0.0,0.0,0.0,0.0,0.0,,,,,,,
13616,,UTC,2017-06-21T00:30:00+00:00,1498005000,1498005000.0,1498008600.0,,Serra Dourada,Goiania,Match Finished,FT,90.0,72,Serie B,Brazil,https://media.api-sports.io/football/leagues/72.png,https://media.api-sports.io/flags/br.svg,2017,Regular Season - 9,142,Vila Nova,https://media.api-sports.io/football/teams/142.png,,129,Ceara,https://media.api-sports.io/football/teams/129.png,,1.0,1.0,1.0,0.0,1.0,1.0,,,,,,,
13613,,UTC,2017-06-23T22:15:00+00:00,1498256100,1498256100.0,1498259700.0,,Estádio Rei Pelé,Maceio,Match Finished,FT,90.0,72,Serie B,Brazil,https://media.api-sports.io/football/leagues/72.png,https://media.api-sports.io/flags/br.svg,2017,Regular Season - 10,146,CRB,https://media.api-sports.io/football/teams/146.png,True,149,Paysandu,https://media.api-sports.io/football/teams/149.png,False,2.0,1.0,0.0,1.0,2.0,1.0,,,,,,,
13612,,UTC,2017-06-23T23:30:00+00:00,1498260600,1498260600.0,1498264200.0,,Melão,Varginha,Match Finished,FT,90.0,72,Serie B,Brazil,https://media.api-sports.io/football/leagues/72.png,https://media.api-sports.io/flags/br.svg,2017,Regular Season - 10,153,BOA,https://media.api-sports.io/football/teams/153.png,True,754,ABC,https://media.api-sports.io/football/teams/754.png,False,2.0,1.0,1.0,1.0,2.0,1.0,,,,,,,
13610,,UTC,2017-06-24T00:30:00+00:00,1498264200,1498264200.0,1498267800.0,,Estadio Heriberto Hülse,Criciuma,Match Finished,FT,90.0,72,Serie B,Brazil,https://media.api-sports.io/football/leagues/72.png,https://media.api-sports.io/flags/br.svg,2017,Regular Season - 10,140,Criciuma,https://media.api-sports.io/football/teams/140.png,True,122,Parana,https://media.api-sports.io/football/teams/122.png,False,2.0,1.0,1.0,0.0,2.0,1.0,,,,,,,
13611,,UTC,2017-06-24T00:30:00+00:00,1498264200,1498264200.0,1498267800.0,,Estadio Municipal Passo das Emas,Lucas do Rio Verde,Match Finished,FT,90.0,72,Serie B,Brazil,https://media.api-sports.io/football/leagues/72.png,https://media.api-sports.io/flags/br.svg,2017,Regular Season - 10,752,Luverdense,https://media.api-sports.io/football/teams/752.png,False,125,America Mineiro,https://media.api-sports.io/football/teams/125.png,True,0.0,3.0,0.0,2.0,0.0,3.0,,,,,,,
13606,,UTC,2017-06-24T19:30:00+00:00,1498332600,1498332600.0,1498336200.0,,Arena Castelão,Fortaleza,Match Finished,FT,90.0,72,Serie B,Brazil,https://media.api-sports.io/football/leagues/72.png,https://media.api-sports.io/flags/br.svg,2017,Regular Season - 10,129,Ceara,https://media.api-sports.io/football/teams/129.png,True,143,Oeste,https://media.api-sports.io/football/teams/143.png,False,3.0,0.0,3.0,0.0,3.0,0.0,,,,,,,
13605,,UTC,2017-06-24T19:30:00+00:00,1498332600,1498332600.0,1498336200.0,,Bento Mendes de Freitas,Pelotas,Match Finished,FT,90.0,72,Serie B,Brazil,https://media.api-sports.io/football/leagues/72.png,https://media.api-sports.io/flags/br.svg,2017,Regular Season - 10,141,Brasil DE Pelotas,https://media.api-sports.io/football/teams/141.png,False,119,Internacional,https://media.api-sports.io/football/teams/119.png,True,0.0,1.0,0.0,1.0,0.0,1.0,,,,,,,
13608,,UTC,2017-06-24T19:30:00+00:00,1498332600,1498332600.0,1498336200.0,,"Estádio Municipal Jacy Scaff (Londrina, Paraná)",,Match Finished,FT,90.0,72,Serie B,Brazil,https://media.api-sports.io/football/leagues/72.png,https://media.api-sports.io/flags/br.svg,2017,Regular Season - 10,148,Londrina,https://media.api-sports.io/football/teams/148.png,,152,Juventude,https://media.api-sports.io/football/teams/152.png,,2.0,2.0,0.0,0.0,2.0,2.0,,,,,,,
13607,,UTC,2017-06-24T19:30:00+00:00,1498332600,1498332600.0,1498336200.0,,Serra Dourada,Goiania,Match Finished,FT,90.0,72,Serie B,Brazil,https://media.api-sports.io/football/leagues/72.png,https://media.api-sports.io/flags/br.svg,2017,Regular Season - 10,151,Goias,https://media.api-sports.io/football/teams/151.png,False,142,Vila Nova,https://media.api-sports.io/football/teams/142.png,True,0.0,2.0,0.0,2.0,0.0,2.0,,,,,,,
13609,,UTC,2017-06-24T19:30:00+00:00,1498332600,1498332600.0,1498336200.0,,Estádio do Arruda,Recife,Match Finished,FT,90.0,72,Serie B,Brazil,https://media.api-sports.io/football/leagues/72.png,https://media.api-sports.io/flags/br.svg,2017,Regular Season - 10,753,Santa Cruz,https://media.api-sports.io/football/teams/753.png,,137,Figueirense,https://media.api-sports.io/football/teams/137.png,,1.0,1.0,0.0,1.0,1.0,1.0,,,,,,,
13604,,UTC,2017-06-24T22:00:00+00:00,1498341600,1498341600.0,1498345200.0,,Estádio Brinco de Ouro da Princesa,Campinas,Match Finished,FT,90.0,72,Serie B,Brazil,https://media.api-sports.io/football/leagues/72.png,https://media.api-sports.io/flags/br.svg,2017,Regular Season - 10,138,Guarani Campinas,https://media.api-sports.io/football/teams/138.png,True,755,Nautico Recife,https://media.api-sports.io/football/teams/755.png,False,2.0,1.0,2.0,1.0,2.0,1.0,,,,,,,
13603,,UTC,2017-06-27T22:15:00+00:00,1498601700,1498601700.0,1498605300.0,,Estádio Alfredo Jaconi,Caxias do Sul,Match Finished,FT,90.0,72,Serie B,Brazil,https://media.api-sports.io/football/leagues/72.png,https://media.api-sports.io/flags/br.svg,2017,Regular Season - 11,152,Juventude,https://media.api-sports.io/football/teams/152.png,True,151,Goias,https://media.api-sports.io/football/teams/151.png,False,3.0,0.0,2.0,0.0,3.0,0.0,,,,,,,
13602,,UTC,2017-06-28T00:30:00+00:00,1498609800,1498609800.0,1498613400.0,,Orlando Scarpelli,Florianopolis,Match Finished,FT,90.0,72,Serie B,Brazil,https://media.api-sports.io/football/leagues/72.png,https://media.api-sports.io/flags/br.svg,2017,Regular Season - 11,137,Figueirense,https://media.api-sports.io/football/teams/137.png,True,148,Londrina,https://media.api-sports.io/football/teams/148.png,False,3.0,1.0,1.0,0.0,3.0,1.0,,,,,,,
13601,,UTC,2017-06-30T22:15:00+00:00,1498860900,1498860900.0,1498864500.0,,Estádio Leônidas Castro,Belem,Match Finished,FT,90.0,72,Serie B,Brazil,https://media.api-sports.io/football/leagues/72.png,https://media.api-sports.io/flags/br.svg,2017,Regular Season - 11,149,Paysandu,https://media.api-sports.io/football/teams/149.png,,752,Luverdense,https://media.api-sports.io/football/teams/752.png,,1.0,1.0,1.0,0.0,1.0,1.0,,,,,,,
13600,,UTC,2017-06-30T23:30:00+00:00,1498865400,1498865400.0,1498869000.0,,Serra Dourada,Goiania,Match Finished,FT,90.0,72,Serie B,Brazil,https://media.api-sports.io/football/leagues/72.png,https://media.api-sports.io/flags/br.svg,2017,Regular Season - 11,142,Vila Nova,https://media.api-sports.io/football/teams/142.png,,140,Criciuma,https://media.api-sports.io/football/teams/140.png,,0.0,0.0,0.0,0.0,0.0,0.0,,,,,,,
13599,,UTC,2017-07-01T00:30:00+00:00,1498869000,1498869000.0,1498872600.0,,Arena De Pernambuco,Sao Lourenco da Mata,Match Finished,FT,90.0,72,Serie B,Brazil,https://media.api-sports.io/football/leagues/72.png,https://media.api-sports.io/flags/br.svg,2017,Regular Season - 11,755,Nautico Recife,https://media.api-sports.io/football/teams/755.png,False,146,CRB,https://media.api-sports.io/football/teams/146.png,True,0.0,1.0,0.0,0.0,0.0,1.0,,,,,,,
13596,,UTC,2017-07-01T19:30:00+00:00,1498937400,1498937400.0,1498941000.0,,Estádio Beira Rio,Porto Alegre,Match Finished,FT,90.0,72,Serie B,Brazil,https://media.api-sports.io/football/leagues/72.png,https://media.api-sports.io/flags/br.svg,2017,Regular Season - 11,119,Internacional,https://media.api-sports.io/football/teams/119.png,False,153,BOA,https://media.api-sports.io/football/teams/153.png,True,0.0,1.0,0.0,0.0,0.0,1.0,,,,,,,
13598,,UTC,2017-07-01T19:30:00+00:00,1498937400,1498937400.0,1498941000.0,,Durival Britto e Silva,Curitiba,Match Finished,FT,90.0,72,Serie B,Brazil,https://media.api-sports.io/football/leagues/72.png,https://media.api-sports.io/flags/br.svg,2017,Regular Season - 11,122,Parana,https://media.api-sports.io/football/teams/122.png,True,129,Ceara,https://media.api-sports.io/football/teams/129.png,False,1.0,0.0,0.0,0.0,1.0,0.0,,,,,,,
13597,,UTC,2017-07-01T19:30:00+00:00,1498937400,1498937400.0,1498941000.0,,Estadio Municipal dos Amaros,Itapolis,Match Finished,FT,90.0,72,Serie B,Brazil,https://media.api-sports.io/football/leagues/72.png,https://media.api-sports.io/flags/br.svg,2017,Regular Season - 11,143,Oeste,https://media.api-sports.io/football/teams/143.png,True,753,Santa Cruz,https://media.api-sports.io/football/teams/753.png,False,2.0,0.0,1.0,0.0,2.0,0.0,,,,,,,
13595,,UTC,2017-07-01T22:00:00+00:00,1498946400,1498946400.0,1498950000.0,,Arena Independência,Belo Horizonte,Match Finished,FT,90.0,72,Serie B,Brazil,https://media.api-sports.io/football/leagues/72.png,https://media.api-sports.io/flags/br.svg,2017,Regular Season - 11,125,America Mineiro,https://media.api-sports.io/football/teams/125.png,True,141,Brasil DE Pelotas,https://media.api-sports.io/football/teams/141.png,False,3.0,0.0,1.0,0.0,3.0,0.0,,,,,,,
13594,,UTC,2017-07-01T22:00:00+00:00,1498946400,1498946400.0,1498950000.0,,Frasqueirão,Natal,Match Finished,FT,90.0,72,Serie B,Brazil,https://media.api-sports.io/football/leagues/72.png,https://media.api-sports.io/flags/br.svg,2017,Regular Season - 11,754,ABC,https://media.api-sports.io/football/teams/754.png,False,138,Guarani Campinas,https://media.api-sports.io/football/teams/138.png,True,0.0,1.0,0.0,0.0,0.0,1.0,,,,,,,
13593,,UTC,2017-07-04T22:15:00+00:00,1499206500,1499206500.0,1499210100.0,,Estádio Leônidas Castro,Belem,Match Finished,FT,90.0,72,Serie B,Brazil,https://media.api-sports.io/football/leagues/72.png,https://media.api-sports.io/flags/br.svg,2017,Regular Season - 12,149,Paysandu,https://media.api-sports.io/football/teams/149.png,False,148,Londrina,https://media.api-sports.io/football/teams/148.png,True,1.0,2.0,0.0,1.0,1.0,2.0,,,,,,,
13592,,UTC,2017-07-05T00:30:00+00:00,1499214600,1499214600.0,1499218200.0,,Frasqueirão,Natal,Match Finished,FT,90.0,72,Serie B,Brazil,https://media.api-sports.io/football/leagues/72.png,https://media.api-sports.io/flags/br.svg,2017,Regular Season - 12,754,ABC,https://media.api-sports.io/football/teams/754.png,False,755,Nautico Recife,https://media.api-sports.io/football/teams/755.png,True,0.0,1.0,0.0,0.0,0.0,1.0,,,,,,,
13591,,UTC,2017-07-07T22:15:00+00:00,1499465700,1499465700.0,1499469300.0,,Estádio do Arruda,Recife,Match Finished,FT,90.0,72,Serie B,Brazil,https://media.api-sports.io/football/leagues/72.png,https://media.api-sports.io/flags/br.svg,2017,Regular Season - 12,753,Santa Cruz,https://media.api-sports.io/football/teams/753.png,True,141,Brasil DE Pelotas,https://media.api-sports.io/football/teams/141.png,False,3.0,0.0,2.0,0.0,3.0,0.0,,,,,,,
13590,,UTC,2017-07-07T23:30:00+00:00,1499470200,1499470200.0,1499473800.0,,Serra Dourada,Goiania,Match Finished,FT,90.0,72,Serie B,Brazil,https://media.api-sports.io/football/leagues/72.png,https://media.api-sports.io/flags/br.svg,2017,Regular Season - 12,151,Goias,https://media.api-sports.io/football/teams/151.png,True,752,Luverdense,https://media.api-sports.io/football/teams/752.png,False,3.0,1.0,1.0,0.0,3.0,1.0,,,,,,,
13589,,UTC,2017-07-08T00:30:00+00:00,1499473800,1499473800.0,1499477400.0,,Durival Britto e Silva,Curitiba,Match Finished,FT,90.0,72,Serie B,Brazil,https://media.api-sports.io/football/leagues/72.png,https://media.api-sports.io/flags/br.svg,2017,Regular Season - 12,122,Parana,https://media.api-sports.io/football/teams/122.png,,125,America Mineiro,https://media.api-sports.io/football/teams/125.png,,1.0,1.0,0.0,1.0,1.0,1.0,,,,,,,
13588,,UTC,2017-07-08T19:30:00+00:00,1499542200,1499542200.0,1499545800.0,,Estádio Beira Rio,Porto Alegre,Match Finished,FT,90.0,72,Serie B,Brazil,https://media.api-sports.io/football/leagues/72.png,https://media.api-sports.io/flags/br.svg,2017,Regular Season - 12,119,Internacional,https://media.api-sports.io/football/teams/119.png,,140,Criciuma,https://media.api-sports.io/football/teams/140.png,,1.0,1.0,0.0,1.0,1.0,1.0,,,,,,,
13587,,UTC,2017-07-08T19:30:00+00:00,1499542200,1499542200.0,1499545800.0,,Orlando Scarpelli,Florianopolis,Match Finished,FT,90.0,72,Serie B,Brazil,https://media.api-sports.io/football/leagues/72.png,https://media.api-sports.io/flags/br.svg,2017,Regular Season - 12,137,Figueirense,https://media.api-sports.io/football/teams/137.png,False,129,Ceara,https://media.api-sports.io/football/teams/129.png,True,0.0,2.0,0.0,1.0,0.0,2.0,,,,,,,
13586,,UTC,2017-07-08T22:00:00+00:00,1499551200,1499551200.0,1499554800.0,,Estadio Municipal dos Amaros,Itapolis,Match Finished,FT,90.0,72,Serie B,Brazil,https://media.api-sports.io/football/leagues/72.png,https://media.api-sports.io/flags/br.svg,2017,Regular Season - 12,143,Oeste,https://media.api-sports.io/football/teams/143.png,,142,Vila Nova,https://media.api-sports.io/football/teams/142.png,,2.0,2.0,1.0,0.0,2.0,2.0,,,,,,,
13585,,UTC,2017-07-08T22:00:00+00:00,1499551200,1499551200.0,1499554800.0,,Estádio Alfredo Jaconi,Caxias do Sul,Match Finished,FT,90.0,72,Serie B,Brazil,https://media.api-sports.io/football/leagues/72.png,https://media.api-sports.io/flags/br.svg,2017,Regular Season - 12,152,Juventude,https://media.api-sports.io/football/teams/152.png,True,138,Guarani Campinas,https://media.api-sports.io/football/teams/138.png,False,2.0,0.0,1.0,0.0,2.0,0.0,,,,,,,
13584,,UTC,2017-07-08T22:00:00+00:00,1499551200,1499551200.0,1499554800.0,,Melão,Varginha,Match Finished,FT,90.0,72,Serie B,Brazil,https://media.api-sports.io/football/leagues/72.png,https://media.api-sports.io/flags/br.svg,2017,Regular Season - 12,153,BOA,https://media.api-sports.io/football/teams/153.png,,146,CRB,https://media.api-sports.io/football/teams/146.png,,0.0,0.0,0.0,0.0,0.0,0.0,,,,,,,
13582,,UTC,2017-07-11T22:15:00+00:00,1499811300,1499811300.0,1499814900.0,,Estadio Heriberto Hülse,Criciuma,Match Finished,FT,90.0,72,Serie B,Brazil,https://media.api-sports.io/football/leagues/72.png,https://media.api-sports.io/flags/br.svg,2017,Regular Season - 13,140,Criciuma,https://media.api-sports.io/football/teams/140.png,,149,Paysandu,https://media.api-sports.io/football/teams/149.png,,1.0,1.0,0.0,0.0,1.0,1.0,,,,,,,
13581,,UTC,2017-07-11T22:15:00+00:00,1499811300,1499811300.0,1499814900.0,,Bento Mendes de Freitas,Pelotas,Match Finished,FT,90.0,72,Serie B,Brazil,https://media.api-sports.io/football/leagues/72.png,https://media.api-sports.io/flags/br.svg,2017,Regular Season - 13,141,Brasil DE Pelotas,https://media.api-sports.io/football/teams/141.png,True,143,Oeste,https://media.api-sports.io/football/teams/143.png,False,3.0,1.0,1.0,1.0,3.0,1.0,,,,,,,
13583,,UTC,2017-07-11T22:15:00+00:00,1499811300,1499811300.0,1499814900.0,,"Estádio Municipal Jacy Scaff (Londrina, Paraná)",,Match Finished,FT,90.0,72,Serie B,Brazil,https://media.api-sports.io/football/leagues/72.png,https://media.api-sports.io/flags/br.svg,2017,Regular Season - 13,148,Londrina,https://media.api-sports.io/football/teams/148.png,True,754,ABC,https://media.api-sports.io/football/teams/754.png,False,3.0,1.0,3.0,1.0,3.0,1.0,,,,,,,
13577,,UTC,2017-07-11T23:30:00+00:00,1499815800,1499815800.0,1499819400.0,,Arena Independência,Belo Horizonte,Match Finished,FT,90.0,72,Serie B,Brazil,https://media.api-sports.io/football/leagues/72.png,https://media.api-sports.io/flags/br.svg,2017,Regular Season - 13,125,America Mineiro,https://media.api-sports.io/football/teams/125.png,True,153,BOA,https://media.api-sports.io/football/teams/153.png,False,2.0,0.0,1.0,0.0,2.0,0.0,,,,,,,
13578,,UTC,2017-07-11T23:30:00+00:00,1499815800,1499815800.0,1499819400.0,,Arena Castelão,Fortaleza,Match Finished,FT,90.0,72,Serie B,Brazil,https://media.api-sports.io/football/leagues/72.png,https://media.api-sports.io/flags/br.svg,2017,Regular Season - 13,129,Ceara,https://media.api-sports.io/football/teams/129.png,False,119,Internacional,https://media.api-sports.io/football/teams/119.png,True,0.0,2.0,0.0,2.0,0.0,2.0,,,,,,,
13579,,UTC,2017-07-11T23:30:00+00:00,1499815800,1499815800.0,1499819400.0,,Estádio Brinco de Ouro da Princesa,Campinas,Match Finished,FT,90.0,72,Serie B,Brazil,https://media.api-sports.io/football/leagues/72.png,https://media.api-sports.io/flags/br.svg,2017,Regular Season - 13,138,Guarani Campinas,https://media.api-sports.io/football/teams/138.png,True,151,Goias,https://media.api-sports.io/football/teams/151.png,False,1.0,0.0,0.0,0.0,1.0,0.0,,,,,,,
13580,,UTC,2017-07-11T23:30:00+00:00,1499815800,1499815800.0,1499819400.0,,Serra Dourada,Goiania,Match Finished,FT,90.0,72,Serie B,Brazil,https://media.api-sports.io/football/leagues/72.png,https://media.api-sports.io/flags/br.svg,2017,Regular Season - 13,142,Vila Nova,https://media.api-sports.io/football/teams/142.png,True,122,Parana,https://media.api-sports.io/football/teams/122.png,False,3.0,2.0,2.0,0.0,3.0,2.0,,,,,,,
13574,,UTC,2017-07-12T00:30:00+00:00,1499819400,1499819400.0,1499823000.0,,Estádio Rei Pelé,Maceio,Match Finished,FT,90.0,72,Serie B,Brazil,https://media.api-sports.io/football/leagues/72.png,https://media.api-sports.io/flags/br.svg,2017,Regular Season - 13,146,CRB,https://media.api-sports.io/football/teams/146.png,True,137,Figueirense,https://media.api-sports.io/football/teams/137.png,False,2.0,1.0,2.0,0.0,2.0,1.0,,,,,,,
13575,,UTC,2017-07-12T00:30:00+00:00,1499819400,1499819400.0,1499823000.0,,Estadio Municipal Passo das Emas,Lucas do Rio Verde,Match Finished,FT,90.0,72,Serie B,Brazil,https://media.api-sports.io/football/leagues/72.png,https://media.api-sports.io/flags/br.svg,2017,Regular Season - 13,752,Luverdense,https://media.api-sports.io/football/teams/752.png,,753,Santa Cruz,https://media.api-sports.io/football/teams/753.png,,2.0,2.0,1.0,0.0,2.0,2.0,,,,,,,
13576,,UTC,2017-07-12T00:30:00+00:00,1499819400,1499819400.0,1499823000.0,,Arena De Pernambuco,Sao Lourenco da Mata,Match Finished,FT,90.0,72,Serie B,Brazil,https://media.api-sports.io/football/leagues/72.png,https://media.api-sports.io/flags/br.svg,2017,Regular Season - 13,755,Nautico Recife,https://media.api-sports.io/football/teams/755.png,,152,Juventude,https://media.api-sports.io/football/teams/152.png,,1.0,1.0,1.0,0.0,1.0,1.0,,,,,,,
13573,,UTC,2017-07-14T22:15:00+00:00,1500070500,1500070500.0,1500074100.0,,Bento Mendes de Freitas,Pelotas,Match Finished,FT,90.0,72,Serie B,Brazil,https://media.api-sports.io/football/leagues/72.png,https://media.api-sports.io/flags/br.svg,2017,Regular Season - 14,141,Brasil DE Pelotas,https://media.api-sports.io/football/teams/141.png,False,137,Figueirense,https://media.api-sports.io/football/teams/137.png,True,1.0,2.0,1.0,2.0,1.0,2.0,,,,,,,
13572,,UTC,2017-07-14T23:30:00+00:00,1500075000,1500075000.0,1500078600.0,,Estadio Municipal dos Amaros,Itapolis,Match Finished,FT,90.0,72,Serie B,Brazil,https://media.api-sports.io/football/leagues/72.png,https://media.api-sports.io/flags/br.svg,2017,Regular Season - 14,143,Oeste,https://media.api-sports.io/football/teams/143.png,True,122,Parana,https://media.api-sports.io/football/teams/122.png,False,2.0,0.0,2.0,0.0,2.0,0.0,,,,,,,
13571,,UTC,2017-07-15T00:30:00+00:00,1500078600,1500078600.0,1500082200.0,,Estadio Heriberto Hülse,Criciuma,Match Finished,FT,90.0,72,Serie B,Brazil,https://media.api-sports.io/football/leagues/72.png,https://media.api-sports.io/flags/br.svg,2017,Regular Season - 14,140,Criciuma,https://media.api-sports.io/football/teams/140.png,True,151,Goias,https://media.api-sports.io/football/teams/151.png,False,1.0,0.0,0.0,0.0,1.0,0.0,,,,,,,
13567,,UTC,2017-07-15T19:30:00+00:00,1500147000,1500147000.0,1500150600.0,,Arena Independência,Belo Horizonte,Match Finished,FT,90.0,72,Serie B,Brazil,https://media.api-sports.io/football/leagues/72.png,https://media.api-sports.io/flags/br.svg,2017,Regular Season - 14,125,America Mineiro,https://media.api-sports.io/football/teams/125.png,,138,Guarani Campinas,https://media.api-sports.io/football/teams/138.png,,0.0,0.0,0.0,0.0,0.0,0.0,,,,,,,
13570,,UTC,2017-07-15T19:30:00+00:00,1500147000,1500147000.0,1500150600.0,,Serra Dourada,Goiania,Match Finished,FT,90.0,72,Serie B,Brazil,https://media.api-sports.io/football/leagues/72.png,https://media.api-sports.io/flags/br.svg,2017,Regular Season - 14,142,Vila Nova,https://media.api-sports.io/football/teams/142.png,False,149,Paysandu,https://media.api-sports.io/football/teams/149.png,True,1.0,2.0,1.0,0.0,1.0,2.0,,,,,,,
13568,,UTC,2017-07-15T19:30:00+00:00,1500147000,1500147000.0,1500150600.0,,Estádio Rei Pelé,Maceio,Match Finished,FT,90.0,72,Serie B,Brazil,https://media.api-sports.io/football/leagues/72.png,https://media.api-sports.io/flags/br.svg,2017,Regular Season - 14,146,CRB,https://media.api-sports.io/football/teams/146.png,True,119,Internacional,https://media.api-sports.io/football/teams/119.png,False,2.0,0.0,1.0,0.0,2.0,0.0,,,,,,,
13569,,UTC,2017-07-15T19:30:00+00:00,1500147000,1500147000.0,1500150600.0,,Arena De Pernambuco,Sao Lourenco da Mata,Match Finished,FT,90.0,72,Serie B,Brazil,https://media.api-sports.io/football/leagues/72.png,https://media.api-sports.io/flags/br.svg,2017,Regular Season - 14,755,Nautico Recife,https://media.api-sports.io/football/teams/755.png,,753,Santa Cruz,https://media.api-sports.io/football/teams/753.png,,0.0,0.0,0.0,0.0,0.0,0.0,,,,,,,
13565,,UTC,2017-07-15T22:00:00+00:00,1500156000,1500156000.0,1500159600.0,,Arena Castelão,Fortaleza,Match Finished,FT,90.0,72,Serie B,Brazil,https://media.api-sports.io/football/leagues/72.png,https://media.api-sports.io/flags/br.svg,2017,Regular Season - 14,129,Ceara,https://media.api-sports.io/football/teams/129.png,True,152,Juventude,https://media.api-sports.io/football/teams/152.png,False,2.0,0.0,2.0,0.0,2.0,0.0,,,,,,,
13566,,UTC,2017-07-15T22:00:00+00:00,1500156000,1500156000.0,1500159600.0,,"Estádio Municipal Jacy Scaff (Londrina, Paraná)",,Match Finished,FT,90.0,72,Serie B,Brazil,https://media.api-sports.io/football/leagues/72.png,https://media.api-sports.io/flags/br.svg,2017,Regular Season - 14,148,Londrina,https://media.api-sports.io/football/teams/148.png,,153,BOA,https://media.api-sports.io/football/teams/153.png,,2.0,2.0,1.0,1.0,2.0,2.0,,,,,,,
13564,,UTC,2017-07-16T00:00:00+00:00,1500163200,1500163200.0,1500166800.0,,Estadio Municipal Passo das Emas,Lucas do Rio Verde,Match Finished,FT,90.0,72,Serie B,Brazil,https://media.api-sports.io/football/leagues/72.png,https://media.api-sports.io/flags/br.svg,2017,Regular Season - 14,752,Luverdense,https://media.api-sports.io/football/teams/752.png,True,754,ABC,https://media.api-sports.io/football/teams/754.png,False,1.0,0.0,0.0,0.0,1.0,0.0,,,,,,,
13562,,UTC,2017-07-18T22:15:00+00:00,1500416100,1500416100.0,1500419700.0,,Durival Britto e Silva,Curitiba,Match Finished,FT,90.0,72,Serie B,Brazil,https://media.api-sports.io/football/leagues/72.png,https://media.api-sports.io/flags/br.svg,2017,Regular Season - 15,122,Parana,https://media.api-sports.io/football/teams/122.png,True,141,Brasil DE Pelotas,https://media.api-sports.io/football/teams/141.png,False,4.0,1.0,1.0,1.0,4.0,1.0,,,,,,,
13560,,UTC,2017-07-18T22:15:00+00:00,1500416100,1500416100.0,1500419700.0,,Orlando Scarpelli,Florianopolis,Match Finished,FT,90.0,72,Serie B,Brazil,https://media.api-sports.io/football/leagues/72.png,https://media.api-sports.io/flags/br.svg,2017,Regular Season - 15,137,Figueirense,https://media.api-sports.io/football/teams/137.png,,143,Oeste,https://media.api-sports.io/football/teams/143.png,,0.0,0.0,0.0,0.0,0.0,0.0,,,,,,,
13563,,UTC,2017-07-18T22:15:00+00:00,1500416100,1500416100.0,1500419700.0,,Estádio Leônidas Castro,Belem,Match Finished,FT,90.0,72,Serie B,Brazil,https://media.api-sports.io/football/leagues/72.png,https://media.api-sports.io/flags/br.svg,2017,Regular Season - 15,149,Paysandu,https://media.api-sports.io/football/teams/149.png,True,755,Nautico Recife,https://media.api-sports.io/football/teams/755.png,False,1.0,0.0,0.0,0.0,1.0,0.0,,,,,,,
13561,,UTC,2017-07-18T22:15:00+00:00,1500416100,1500416100.0,1500419700.0,,Estádio Alfredo Jaconi,Caxias do Sul,Match Finished,FT,90.0,72,Serie B,Brazil,https://media.api-sports.io/football/leagues/72.png,https://media.api-sports.io/flags/br.svg,2017,Regular Season - 15,152,Juventude,https://media.api-sports.io/football/teams/152.png,,146,CRB,https://media.api-sports.io/football/teams/146.png,,1.0,1.0,1.0,1.0,1.0,1.0,,,,,,,
13558,,UTC,2017-07-18T23:30:00+00:00,1500420600,1500420600.0,1500424200.0,,Estádio Brinco de Ouro da Princesa,Campinas,Match Finished,FT,90.0,72,Serie B,Brazil,https://media.api-sports.io/football/leagues/72.png,https://media.api-sports.io/flags/br.svg,2017,Regular Season - 15,138,Guarani Campinas,https://media.api-sports.io/football/teams/138.png,,129,Ceara,https://media.api-sports.io/football/teams/129.png,,2.0,2.0,2.0,1.0,2.0,2.0,,,,,,,
13557,,UTC,2017-07-18T23:30:00+00:00,1500420600,1500420600.0,1500424200.0,,Serra Dourada,Goiania,Match Finished,FT,90.0,72,Serie B,Brazil,https://media.api-sports.io/football/leagues/72.png,https://media.api-sports.io/flags/br.svg,2017,Regular Season - 15,151,Goias,https://media.api-sports.io/football/teams/151.png,False,148,Londrina,https://media.api-sports.io/football/teams/148.png,True,0.0,1.0,0.0,0.0,0.0,1.0,,,,,,,
13559,,UTC,2017-07-18T23:30:00+00:00,1500420600,1500420600.0,1500424200.0,,Estádio do Arruda,Recife,Match Finished,FT,90.0,72,Serie B,Brazil,https://media.api-sports.io/football/leagues/72.png,https://media.api-sports.io/flags/br.svg,2017,Regular Season - 15,753,Santa Cruz,https://media.api-sports.io/football/teams/753.png,True,142,Vila Nova,https://media.api-sports.io/football/teams/142.png,False,1.0,0.0,0.0,0.0,1.0,0.0,,,,,,,
13556,,UTC,2017-07-18T23:30:00+00:00,1500420600,1500420600.0,1500424200.0,,Frasqueirão,Natal,Match Finished,FT,90.0,72,Serie B,Brazil,https://media.api-sports.io/football/leagues/72.png,https://media.api-sports.io/flags/br.svg,2017,Regular Season - 15,754,ABC,https://media.api-sports.io/football/teams/754.png,False,125,America Mineiro,https://media.api-sports.io/football/teams/125.png,True,0.0,1.0,0.0,0.0,0.0,1.0,,,,,,,
13555,,UTC,2017-07-19T00:30:00+00:00,1500424200,1500424200.0,1500427800.0,,Estádio Beira Rio,Porto Alegre,Match Finished,FT,90.0,72,Serie B,Brazil,https://media.api-sports.io/football/leagues/72.png,https://media.api-sports.io/flags/br.svg,2017,Regular Season - 15,119,Internacional,https://media.api-sports.io/football/teams/119.png,True,752,Luverdense,https://media.api-sports.io/football/teams/752.png,False,1.0,0.0,0.0,0.0,1.0,0.0,,,,,,,
13554,,UTC,2017-07-19T00:30:00+00:00,1500424200,1500424200.0,1500427800.0,,Melão,Varginha,Match Finished,FT,90.0,72,Serie B,Brazil,https://media.api-sports.io/football/leagues/72.png,https://media.api-sports.io/flags/br.svg,2017,Regular Season - 15,153,BOA,https://media.api-sports.io/football/teams/153.png,True,140,Criciuma,https://media.api-sports.io/football/teams/140.png,False,2.0,0.0,1.0,0.0,2.0,0.0,,,,,,,
13553,,UTC,2017-07-21T22:15:00+00:00,1500675300,1500675300.0,1500678900.0,,Arena Independência,Belo Horizonte,Match Finished,FT,90.0,72,Serie B,Brazil,https://media.api-sports.io/football/leagues/72.png,https://media.api-sports.io/flags/br.svg,2017,Regular Season - 16,125,America Mineiro,https://media.api-sports.io/football/teams/125.png,True,137,Figueirense,https://media.api-sports.io/football/teams/137.png,False,4.0,2.0,3.0,0.0,4.0,2.0,,,,,,,
13551,,UTC,2017-07-21T23:30:00+00:00,1500679800,1500679800.0,1500683400.0,,Estadio Municipal Passo das Emas,Lucas do Rio Verde,Match Finished,FT,90.0,72,Serie B,Brazil,https://media.api-sports.io/football/leagues/72.png,https://media.api-sports.io/flags/br.svg,2017,Regular Season - 16,752,Luverdense,https://media.api-sports.io/football/teams/752.png,,122,Parana,https://media.api-sports.io/football/teams/122.png,,1.0,1.0,1.0,0.0,1.0,1.0,,,,,,,
13552,,UTC,2017-07-21T23:30:00+00:00,1500679800,1500679800.0,1500683400.0,,Estádio do Arruda,Recife,Match Finished,FT,90.0,72,Serie B,Brazil,https://media.api-sports.io/football/leagues/72.png,https://media.api-sports.io/flags/br.svg,2017,Regular Season - 16,753,Santa Cruz,https://media.api-sports.io/football/teams/753.png,,153,BOA,https://media.api-sports.io/football/teams/153.png,,1.0,1.0,1.0,0.0,1.0,1.0,,,,,,,
13550,,UTC,2017-07-22T00:30:00+00:00,1500683400,1500683400.0,1500687000.0,,Arena Castelão,Fortaleza,Match Finished,FT,90.0,72,Serie B,Brazil,https://media.api-sports.io/football/leagues/72.png,https://media.api-sports.io/flags/br.svg,2017,Regular Season - 16,129,Ceara,https://media.api-sports.io/football/teams/129.png,False,151,Goias,https://media.api-sports.io/football/teams/151.png,True,0.0,1.0,0.0,0.0,0.0,1.0,,,,,,,
13547,,UTC,2017-07-22T19:30:00+00:00,1500751800,1500751800.0,1500755400.0,,Estadio Heriberto Hülse,Criciuma,Match Finished,FT,90.0,72,Serie B,Brazil,https://media.api-sports.io/football/leagues/72.png,https://media.api-sports.io/flags/br.svg,2017,Regular Season - 16,140,Criciuma,https://media.api-sports.io/football/teams/140.png,True,754,ABC,https://media.api-sports.io/football/teams/754.png,False,2.0,1.0,1.0,0.0,2.0,1.0,,,,,,,
13549,,UTC,2017-07-22T19:30:00+00:00,1500751800,1500751800.0,1500755400.0,,Serra Dourada,Goiania,Match Finished,FT,90.0,72,Serie B,Brazil,https://media.api-sports.io/football/leagues/72.png,https://media.api-sports.io/flags/br.svg,2017,Regular Season - 16,142,Vila Nova,https://media.api-sports.io/football/teams/142.png,True,119,Internacional,https://media.api-sports.io/football/teams/119.png,False,2.0,1.0,0.0,0.0,2.0,1.0,,,,,,,
13548,,UTC,2017-07-22T19:30:00+00:00,1500751800,1500751800.0,1500755400.0,,"Estádio Municipal Jacy Scaff (Londrina, Paraná)",,Match Finished,FT,90.0,72,Serie B,Brazil,https://media.api-sports.io/football/leagues/72.png,https://media.api-sports.io/flags/br.svg,2017,Regular Season - 16,148,Londrina,https://media.api-sports.io/football/teams/148.png,,755,Nautico Recife,https://media.api-sports.io/football/teams/755.png,,0.0,0.0,0.0,0.0,0.0,0.0,,,,,,,
13544,,UTC,2017-07-22T22:00:00+00:00,1500760800,1500760800.0,1500764400.0,,Bento Mendes de Freitas,Pelotas,Match Finished,FT,90.0,72,Serie B,Brazil,https://media.api-sports.io/football/leagues/72.png,https://media.api-sports.io/flags/br.svg,2017,Regular Season - 16,141,Brasil DE Pelotas,https://media.api-sports.io/football/teams/141.png,True,149,Paysandu,https://media.api-sports.io/football/teams/149.png,False,2.0,1.0,1.0,0.0,2.0,1.0,,,,,,,
13546,,UTC,2017-07-22T22:00:00+00:00,1500760800,1500760800.0,1500764400.0,,Estadio Municipal dos Amaros,Itapolis,Match Finished,FT,90.0,72,Serie B,Brazil,https://media.api-sports.io/football/leagues/72.png,https://media.api-sports.io/flags/br.svg,2017,Regular Season - 16,143,Oeste,https://media.api-sports.io/football/teams/143.png,True,152,Juventude,https://media.api-sports.io/football/teams/152.png,False,3.0,0.0,2.0,0.0,3.0,0.0,,,,,,,
13545,,UTC,2017-07-22T22:00:00+00:00,1500760800,1500760800.0,1500764400.0,,Estádio Rei Pelé,Maceio,Match Finished,FT,90.0,72,Serie B,Brazil,https://media.api-sports.io/football/leagues/72.png,https://media.api-sports.io/flags/br.svg,2017,Regular Season - 16,146,CRB,https://media.api-sports.io/football/teams/146.png,,138,Guarani Campinas,https://media.api-sports.io/football/teams/138.png,,1.0,1.0,0.0,0.0,1.0,1.0,,,,,,,
13543,,UTC,2017-07-25T22:15:00+00:00,1501020900,1501020900.0,1501024500.0,,Frasqueirão,Natal,Match Finished,FT,90.0,72,Serie B,Brazil,https://media.api-sports.io/football/leagues/72.png,https://media.api-sports.io/flags/br.svg,2017,Regular Season - 17,754,ABC,https://media.api-sports.io/football/teams/754.png,True,141,Brasil DE Pelotas,https://media.api-sports.io/football/teams/141.png,False,1.0,0.0,1.0,0.0,1.0,0.0,,,,,,,
13542,,UTC,2017-07-26T00:30:00+00:00,1501029000,1501029000.0,1501032600.0,,Estádio Beira Rio,Porto Alegre,Match Finished,FT,90.0,72,Serie B,Brazil,https://media.api-sports.io/football/leagues/72.png,https://media.api-sports.io/flags/br.svg,2017,Regular Season - 17,119,Internacional,https://media.api-sports.io/football/teams/119.png,True,143,Oeste,https://media.api-sports.io/football/teams/143.png,False,2.0,0.0,1.0,0.0,2.0,0.0,,,,,,,
13541,,UTC,2017-07-28T22:15:00+00:00,1501280100,1501280100.0,1501283700.0,,Estádio Alfredo Jaconi,Caxias do Sul,Match Finished,FT,90.0,72,Serie B,Brazil,https://media.api-sports.io/football/leagues/72.png,https://media.api-sports.io/flags/br.svg,2017,Regular Season - 17,152,Juventude,https://media.api-sports.io/football/teams/152.png,False,125,America Mineiro,https://media.api-sports.io/football/teams/125.png,True,0.0,1.0,0.0,1.0,0.0,1.0,,,,,,,
13540,,UTC,2017-07-29T00:30:00+00:00,1501288200,1501288200.0,1501291800.0,,Estádio Leônidas Castro,Belem,Match Finished,FT,90.0,72,Serie B,Brazil,https://media.api-sports.io/football/leagues/72.png,https://media.api-sports.io/flags/br.svg,2017,Regular Season - 17,149,Paysandu,https://media.api-sports.io/football/teams/149.png,False,129,Ceara,https://media.api-sports.io/football/teams/129.png,True,1.0,2.0,0.0,1.0,1.0,2.0,,,,,,,
13539,,UTC,2017-07-29T19:30:00+00:00,1501356600,1501356600.0,1501360200.0,,Durival Britto e Silva,Curitiba,Match Finished,FT,90.0,72,Serie B,Brazil,https://media.api-sports.io/football/leagues/72.png,https://media.api-sports.io/flags/br.svg,2017,Regular Season - 17,122,Parana,https://media.api-sports.io/football/teams/122.png,True,753,Santa Cruz,https://media.api-sports.io/football/teams/753.png,False,4.0,0.0,2.0,0.0,4.0,0.0,,,,,,,
13536,,UTC,2017-07-29T19:30:00+00:00,1501356600,1501356600.0,1501360200.0,,Orlando Scarpelli,Florianopolis,Match Finished,FT,90.0,72,Serie B,Brazil,https://media.api-sports.io/football/leagues/72.png,https://media.api-sports.io/flags/br.svg,2017,Regular Season - 17,137,Figueirense,https://media.api-sports.io/football/teams/137.png,False,142,Vila Nova,https://media.api-sports.io/football/teams/142.png,True,0.0,1.0,0.0,0.0,0.0,1.0,,,,,,,
13538,,UTC,2017-07-29T19:30:00+00:00,1501356600,1501356600.0,1501360200.0,,Estádio Brinco de Ouro da Princesa,Campinas,Match Finished,FT,90.0,72,Serie B,Brazil,https://media.api-sports.io/football/leagues/72.png,https://media.api-sports.io/flags/br.svg,2017,Regular Season - 17,138,Guarani Campinas,https://media.api-sports.io/football/teams/138.png,False,148,Londrina,https://media.api-sports.io/football/teams/148.png,True,2.0,3.0,2.0,1.0,2.0,3.0,,,,,,,
13537,,UTC,2017-07-29T19:30:00+00:00,1501356600,1501356600.0,1501360200.0,,Serra Dourada,Goiania,Match Finished,FT,90.0,72,Serie B,Brazil,https://media.api-sports.io/football/leagues/72.png,https://media.api-sports.io/flags/br.svg,2017,Regular Season - 17,151,Goias,https://media.api-sports.io/football/teams/151.png,True,146,CRB,https://media.api-sports.io/football/teams/146.png,False,3.0,0.0,2.0,0.0,3.0,0.0,,,,,,,
13534,,UTC,2017-07-29T22:00:00+00:00,1501365600,1501365600.0,1501369200.0,,Melão,Varginha,Match Finished,FT,90.0,72,Serie B,Brazil,https://media.api-sports.io/football/leagues/72.png,https://media.api-sports.io/flags/br.svg,2017,Regular Season - 17,153,BOA,https://media.api-sports.io/football/teams/153.png,True,752,Luverdense,https://media.api-sports.io/football/teams/752.png,False,1.0,0.0,0.0,0.0,1.0,0.0,,,,,,,
13535,,UTC,2017-07-29T22:00:00+00:00,1501365600,1501365600.0,1501369200.0,,Arena De Pernambuco,Sao Lourenco da Mata,Match Finished,FT,90.0,72,Serie B,Brazil,https://media.api-sports.io/football/leagues/72.png,https://media.api-sports.io/flags/br.svg,2017,Regular Season - 17,755,Nautico Recife,https://media.api-sports.io/football/teams/755.png,False,140,Criciuma,https://media.api-sports.io/football/teams/140.png,True,1.0,2.0,0.0,1.0,1.0,2.0,,,,,,,
13533,"Marielson Alves Silva, Brazil",UTC,2017-08-01T22:15:00+00:00,1501625700,1501625700.0,1501629300.0,,Durival Britto e Silva,Curitiba,Match Finished,FT,90.0,72,Serie B,Brazil,https://media.api-sports.io/football/leagues/72.png,https://media.api-sports.io/flags/br.svg,2017,Regular Season - 18,122,Parana,https://media.api-sports.io/football/teams/122.png,True,146,CRB,https://media.api-sports.io/football/teams/146.png,False,4.0,1.0,1.0,1.0,4.0,1.0,,,,,,,
13532,"Thiago Duarte Peixoto, Brazil",UTC,2017-08-01T22:15:00+00:00,1501625700,1501625700.0,1501629300.0,,Orlando Scarpelli,Florianopolis,Match Finished,FT,90.0,72,Serie B,Brazil,https://media.api-sports.io/football/leagues/72.png,https://media.api-sports.io/flags/br.svg,2017,Regular Season - 18,137,Figueirense,https://media.api-sports.io/football/teams/137.png,,152,Juventude,https://media.api-sports.io/football/teams/152.png,,2.0,2.0,1.0,0.0,2.0,2.0,,,,,,,
13531,"Caio Max Augusto Vieira, Brazil",UTC,2017-08-01T22:15:00+00:00,1501625700,1501625700.0,1501629300.0,,Bento Mendes de Freitas,Pelotas,Match Finished,FT,90.0,72,Serie B,Brazil,https://media.api-sports.io/football/leagues/72.png,https://media.api-sports.io/flags/br.svg,2017,Regular Season - 18,141,Brasil DE Pelotas,https://media.api-sports.io/football/teams/141.png,,153,BOA,https://media.api-sports.io/football/teams/153.png,,0.0,0.0,0.0,0.0,0.0,0.0,,,,,,,
13527,"Luiz Cesar de Oliveira Magalhaes, Brazil",UTC,2017-08-01T23:30:00+00:00,1501630200,1501630200.0,1501633800.0,,Arena Independência,Belo Horizonte,Match Finished,FT,90.0,72,Serie B,Brazil,https://media.api-sports.io/football/leagues/72.png,https://media.api-sports.io/flags/br.svg,2017,Regular Season - 18,125,America Mineiro,https://media.api-sports.io/football/teams/125.png,True,148,Londrina,https://media.api-sports.io/football/teams/148.png,False,3.0,2.0,1.0,1.0,3.0,2.0,,,,,,,
13530,"Felipe Gomes Da Silva, Brazil",UTC,2017-08-01T23:30:00+00:00,1501630200,1501630200.0,1501633800.0,,Serra Dourada,Goiania,Match Finished,FT,90.0,72,Serie B,Brazil,https://media.api-sports.io/football/leagues/72.png,https://media.api-sports.io/flags/br.svg,2017,Regular Season - 18,142,Vila Nova,https://media.api-sports.io/football/teams/142.png,False,755,Nautico Recife,https://media.api-sports.io/football/teams/755.png,True,0.0,1.0,0.0,1.0,0.0,1.0,,,,,,,
13528,"Dyorgines Jose Padovani de Andrade, Brazil",UTC,2017-08-01T23:30:00+00:00,1501630200,1501630200.0,1501633800.0,,Arena Barueri,Barueri,Match Finished,FT,90.0,72,Serie B,Brazil,https://media.api-sports.io/football/leagues/72.png,https://media.api-sports.io/flags/br.svg,2017,Regular Season - 18,143,Oeste,https://media.api-sports.io/football/teams/143.png,,754,ABC,https://media.api-sports.io/football/teams/754.png,,1.0,1.0,0.0,0.0,1.0,1.0,,,,,,,
13529,"Pablo Dos Santos Alves, Brazil",UTC,2017-08-01T23:30:00+00:00,1501630200,1501630200.0,1501633800.0,,Estádio do Arruda,Recife,Match Finished,FT,90.0,72,Serie B,Brazil,https://media.api-sports.io/football/leagues/72.png,https://media.api-sports.io/flags/br.svg,2017,Regular Season - 18,753,Santa Cruz,https://media.api-sports.io/football/teams/753.png,False,149,Paysandu,https://media.api-sports.io/football/teams/149.png,True,1.0,2.0,1.0,0.0,1.0,2.0,,,,,,,
13525,"Paulo Roberto Alves Junior, Brazil",UTC,2017-08-02T00:30:00+00:00,1501633800,1501633800.0,1501637400.0,,Estádio Beira Rio,Porto Alegre,Match Finished,FT,90.0,72,Serie B,Brazil,https://media.api-sports.io/football/leagues/72.png,https://media.api-sports.io/flags/br.svg,2017,Regular Season - 18,119,Internacional,https://media.api-sports.io/football/teams/119.png,True,151,Goias,https://media.api-sports.io/football/teams/151.png,False,3.0,0.0,0.0,0.0,3.0,0.0,,,,,,,
13524,"Grazianni Maciel Rocha, Brazil",UTC,2017-08-02T00:30:00+00:00,1501633800,1501633800.0,1501637400.0,,Arena Castelão,Fortaleza,Match Finished,FT,90.0,72,Serie B,Brazil,https://media.api-sports.io/football/leagues/72.png,https://media.api-sports.io/flags/br.svg,2017,Regular Season - 18,129,Ceara,https://media.api-sports.io/football/teams/129.png,True,140,Criciuma,https://media.api-sports.io/football/teams/140.png,False,3.0,1.0,3.0,0.0,3.0,1.0,,,,,,,
13526,"Andrey da Silva E Silva, Brazil",UTC,2017-08-02T00:30:00+00:00,1501633800,1501633800.0,1501637400.0,,Estadio Municipal Passo das Emas,Lucas do Rio Verde,Match Finished,FT,90.0,72,Serie B,Brazil,https://media.api-sports.io/football/leagues/72.png,https://media.api-sports.io/flags/br.svg,2017,Regular Season - 18,752,Luverdense,https://media.api-sports.io/football/teams/752.png,True,138,Guarani Campinas,https://media.api-sports.io/football/teams/138.png,False,1.0,0.0,0.0,0.0,1.0,0.0,,,,,,,
13523,,UTC,2017-08-04T22:15:00+00:00,1501884900,1501884900.0,1501888500.0,,Estadio Heriberto Hülse,Criciuma,Match Finished,FT,90.0,72,Serie B,Brazil,https://media.api-sports.io/football/leagues/72.png,https://media.api-sports.io/flags/br.svg,2017,Regular Season - 19,140,Criciuma,https://media.api-sports.io/football/teams/140.png,False,141,Brasil DE Pelotas,https://media.api-sports.io/football/teams/141.png,True,1.0,2.0,0.0,1.0,1.0,2.0,,,,,,,
13521,,UTC,2017-08-04T23:30:00+00:00,1501889400,1501889400.0,1501893000.0,,Serra Dourada,Goiania,Match Finished,FT,90.0,72,Serie B,Brazil,https://media.api-sports.io/football/leagues/72.png,https://media.api-sports.io/flags/br.svg,2017,Regular Season - 19,151,Goias,https://media.api-sports.io/football/teams/151.png,False,143,Oeste,https://media.api-sports.io/football/teams/143.png,True,0.0,2.0,0.0,1.0,0.0,2.0,,,,,,,
13522,,UTC,2017-08-04T23:30:00+00:00,1501889400,1501889400.0,1501893000.0,,Arena De Pernambuco,Sao Lourenco da Mata,Match Finished,FT,90.0,72,Serie B,Brazil,https://media.api-sports.io/football/leagues/72.png,https://media.api-sports.io/flags/br.svg,2017,Regular Season - 19,755,Nautico Recife,https://media.api-sports.io/football/teams/755.png,True,752,Luverdense,https://media.api-sports.io/football/teams/752.png,False,1.0,0.0,0.0,0.0,1.0,0.0,,,,,,,
13520,,UTC,2017-08-05T00:30:00+00:00,1501893000,1501893000.0,1501896600.0,,Estádio Rei Pelé,Maceio,Match Finished,FT,90.0,72,Serie B,Brazil,https://media.api-sports.io/football/leagues/72.png,https://media.api-sports.io/flags/br.svg,2017,Regular Season - 19,146,CRB,https://media.api-sports.io/football/teams/146.png,True,125,America Mineiro,https://media.api-sports.io/football/teams/125.png,False,2.0,1.0,2.0,0.0,2.0,1.0,,,,,,,
13518,,UTC,2017-08-05T19:30:00+00:00,1501961400,1501961400.0,1501965000.0,,Estádio Brinco de Ouro da Princesa,Campinas,Match Finished,FT,90.0,72,Serie B,Brazil,https://media.api-sports.io/football/leagues/72.png,https://media.api-sports.io/flags/br.svg,2017,Regular Season - 19,138,Guarani Campinas,https://media.api-sports.io/football/teams/138.png,False,119,Internacional,https://media.api-sports.io/football/teams/119.png,True,0.0,2.0,0.0,1.0,0.0,2.0,,,,,,,
13519,,UTC,2017-08-05T19:30:00+00:00,1501961400,1501961400.0,1501965000.0,,Estádio Alfredo Jaconi,Caxias do Sul,Match Finished,FT,90.0,72,Serie B,Brazil,https://media.api-sports.io/football/leagues/72.png,https://media.api-sports.io/flags/br.svg,2017,Regular Season - 19,152,Juventude,https://media.api-sports.io/football/teams/152.png,True,753,Santa Cruz,https://media.api-sports.io/football/teams/753.png,False,2.0,1.0,0.0,0.0,2.0,1.0,,,,,,,
13517,,UTC,2017-08-05T19:30:00+00:00,1501961400,1501961400.0,1501965000.0,,Frasqueirão,Natal,Match Finished,FT,90.0,72,Serie B,Brazil,https://media.api-sports.io/football/leagues/72.png,https://media.api-sports.io/flags/br.svg,2017,Regular Season - 19,754,ABC,https://media.api-sports.io/football/teams/754.png,False,129,Ceara,https://media.api-sports.io/football/teams/129.png,True,0.0,1.0,0.0,0.0,0.0,1.0,,,,,,,
13516,,UTC,2017-08-05T22:00:00+00:00,1501970400,1501970400.0,1501974000.0,,Estádio Leônidas Castro,Belem,Match Finished,FT,90.0,72,Serie B,Brazil,https://media.api-sports.io/football/leagues/72.png,https://media.api-sports.io/flags/br.svg,2017,Regular Season - 19,149,Paysandu,https://media.api-sports.io/football/teams/149.png,False,137,Figueirense,https://media.api-sports.io/football/teams/137.png,True,0.0,1.0,0.0,1.0,0.0,1.0,,,,,,,
13515,,UTC,2017-08-05T22:00:00+00:00,1501970400,1501970400.0,1501974000.0,,Melão,Varginha,Match Finished,FT,90.0,72,Serie B,Brazil,https://media.api-sports.io/football/leagues/72.png,https://media.api-sports.io/flags/br.svg,2017,Regular Season - 19,153,BOA,https://media.api-sports.io/football/teams/153.png,True,122,Parana,https://media.api-sports.io/football/teams/122.png,False,2.0,1.0,1.0,0.0,2.0,1.0,,,,,,,
13514,,UTC,2017-08-07T23:00:00+00:00,1502146800,1502146800.0,1502150400.0,,"Estádio Municipal Jacy Scaff (Londrina, Paraná)",,Match Finished,FT,90.0,72,Serie B,Brazil,https://media.api-sports.io/football/leagues/72.png,https://media.api-sports.io/flags/br.svg,2017,Regular Season - 19,148,Londrina,https://media.api-sports.io/football/teams/148.png,False,142,Vila Nova,https://media.api-sports.io/football/teams/142.png,True,0.0,1.0,0.0,0.0,0.0,1.0,,,,,,,
13513,,UTC,2017-08-08T22:15:00+00:00,1502230500,1502230500.0,1502234100.0,,Estádio do Arruda,Recife,Match Finished,FT,90.0,72,Serie B,Brazil,https://media.api-sports.io/football/leagues/72.png,https://media.api-sports.io/flags/br.svg,2017,Regular Season - 20,753,Santa Cruz,https://media.api-sports.io/football/teams/753.png,False,140,Criciuma,https://media.api-sports.io/football/teams/140.png,True,1.0,2.0,1.0,0.0,1.0,2.0,,,,,,,
13512,,UTC,2017-08-09T00:30:00+00:00,1502238600,1502238600.0,1502242200.0,,Estadio Municipal Passo das Emas,Lucas do Rio Verde,Match Finished,FT,90.0,72,Serie B,Brazil,https://media.api-sports.io/football/leagues/72.png,https://media.api-sports.io/flags/br.svg,2017,Regular Season - 20,752,Luverdense,https://media.api-sports.io/football/teams/752.png,True,152,Juventude,https://media.api-sports.io/football/teams/152.png,False,1.0,0.0,1.0,0.0,1.0,0.0,,,,,,,
13511,,UTC,2017-08-11T22:15:00+00:00,1502489700,1502489700.0,1502493300.0,,Bento Mendes de Freitas,Pelotas,Match Finished,FT,90.0,72,Serie B,Brazil,https://media.api-sports.io/football/leagues/72.png,https://media.api-sports.io/flags/br.svg,2017,Regular Season - 20,141,Brasil DE Pelotas,https://media.api-sports.io/football/teams/141.png,True,138,Guarani Campinas,https://media.api-sports.io/football/teams/138.png,False,1.0,0.0,0.0,0.0,1.0,0.0,,,,,,,
13510,,UTC,2017-08-11T23:30:00+00:00,1502494200,1502494200.0,1502497800.0,,Serra Dourada,Goiania,Match Finished,FT,90.0,72,Serie B,Brazil,https://media.api-sports.io/football/leagues/72.png,https://media.api-sports.io/flags/br.svg,2017,Regular Season - 20,142,Vila Nova,https://media.api-sports.io/football/teams/142.png,True,153,BOA,https://media.api-sports.io/football/teams/153.png,False,1.0,0.0,0.0,0.0,1.0,0.0,,,,,,,
13509,,UTC,2017-08-12T00:30:00+00:00,1502497800,1502497800.0,1502501400.0,,Arena Independência,Belo Horizonte,Match Finished,FT,90.0,72,Serie B,Brazil,https://media.api-sports.io/football/leagues/72.png,https://media.api-sports.io/flags/br.svg,2017,Regular Season - 20,125,America Mineiro,https://media.api-sports.io/football/teams/125.png,True,755,Nautico Recife,https://media.api-sports.io/football/teams/755.png,False,1.0,0.0,1.0,0.0,1.0,0.0,,,,,,,
13507,,UTC,2017-08-12T19:30:00+00:00,1502566200,1502566200.0,1502569800.0,,Estádio Beira Rio,Porto Alegre,Match Finished,FT,90.0,72,Serie B,Brazil,https://media.api-sports.io/football/leagues/72.png,https://media.api-sports.io/flags/br.svg,2017,Regular Season - 20,119,Internacional,https://media.api-sports.io/football/teams/119.png,True,148,Londrina,https://media.api-sports.io/football/teams/148.png,False,3.0,1.0,0.0,0.0,3.0,1.0,,,,,,,
13508,,UTC,2017-08-12T19:30:00+00:00,1502566200,1502566200.0,1502569800.0,,Durival Britto e Silva,Curitiba,Match Finished,FT,90.0,72,Serie B,Brazil,https://media.api-sports.io/football/leagues/72.png,https://media.api-sports.io/flags/br.svg,2017,Regular Season - 20,122,Parana,https://media.api-sports.io/football/teams/122.png,True,754,ABC,https://media.api-sports.io/football/teams/754.png,False,1.0,0.0,1.0,0.0,1.0,0.0,,,,,,,
13506,,UTC,2017-08-12T19:30:00+00:00,1502566200,1502566200.0,1502569800.0,,Arena Castelão,Fortaleza,Match Finished,FT,90.0,72,Serie B,Brazil,https://media.api-sports.io/football/leagues/72.png,https://media.api-sports.io/flags/br.svg,2017,Regular Season - 20,129,Ceara,https://media.api-sports.io/football/teams/129.png,True,146,CRB,https://media.api-sports.io/football/teams/146.png,False,1.0,0.0,0.0,0.0,1.0,0.0,,,,,,,
13504,,UTC,2017-08-12T22:00:00+00:00,1502575200,1502575200.0,1502578800.0,,Orlando Scarpelli,Florianopolis,Match Finished,FT,90.0,72,Serie B,Brazil,https://media.api-sports.io/football/leagues/72.png,https://media.api-sports.io/flags/br.svg,2017,Regular Season - 20,137,Figueirense,https://media.api-sports.io/football/teams/137.png,,151,Goias,https://media.api-sports.io/football/teams/151.png,,1.0,1.0,0.0,0.0,1.0,1.0,,,,,,,
13505,,UTC,2017-08-12T22:00:00+00:00,1502575200,1502575200.0,1502578800.0,,Arena Barueri,Barueri,Match Finished,FT,90.0,72,Serie B,Brazil,https://media.api-sports.io/football/leagues/72.png,https://media.api-sports.io/flags/br.svg,2017,Regular Season - 20,143,Oeste,https://media.api-sports.io/football/teams/143.png,False,149,Paysandu,https://media.api-sports.io/football/teams/149.png,True,1.0,3.0,0.0,2.0,1.0,3.0,,,,,,,
13503,,UTC,2017-08-15T22:15:00+00:00,1502835300,1502835300.0,1502838900.0,,"Estádio Municipal Jacy Scaff (Londrina, Paraná)",,Match Finished,FT,90.0,72,Serie B,Brazil,https://media.api-sports.io/football/leagues/72.png,https://media.api-sports.io/flags/br.svg,2017,Regular Season - 21,148,Londrina,https://media.api-sports.io/football/teams/148.png,True,141,Brasil DE Pelotas,https://media.api-sports.io/football/teams/141.png,False,4.0,1.0,2.0,1.0,4.0,1.0,,,,,,,
13502,,UTC,2017-08-16T00:30:00+00:00,1502843400,1502843400.0,1502847000.0,,Arena De Pernambuco,Sao Lourenco da Mata,Match Finished,FT,90.0,72,Serie B,Brazil,https://media.api-sports.io/football/leagues/72.png,https://media.api-sports.io/flags/br.svg,2017,Regular Season - 21,755,Nautico Recife,https://media.api-sports.io/football/teams/755.png,True,137,Figueirense,https://media.api-sports.io/football/teams/137.png,False,2.0,0.0,2.0,0.0,2.0,0.0,,,,,,,
13501,,UTC,2017-08-18T22:15:00+00:00,1503094500,1503094500.0,1503098100.0,,Estádio Alfredo Jaconi,Caxias do Sul,Match Finished,FT,90.0,72,Serie B,Brazil,https://media.api-sports.io/football/leagues/72.png,https://media.api-sports.io/flags/br.svg,2017,Regular Season - 21,152,Juventude,https://media.api-sports.io/football/teams/152.png,True,142,Vila Nova,https://media.api-sports.io/football/teams/142.png,False,1.0,0.0,0.0,0.0,1.0,0.0,,,,,,,
13500,,UTC,2017-08-18T23:30:00+00:00,1503099000,1503099000.0,1503102600.0,,Estadio Heriberto Hülse,Criciuma,Match Finished,FT,90.0,72,Serie B,Brazil,https://media.api-sports.io/football/leagues/72.png,https://media.api-sports.io/flags/br.svg,2017,Regular Season - 21,140,Criciuma,https://media.api-sports.io/football/teams/140.png,,143,Oeste,https://media.api-sports.io/football/teams/143.png,,1.0,1.0,0.0,0.0,1.0,1.0,,,,,,,
13499,,UTC,2017-08-19T00:30:00+00:00,1503102600,1503102600.0,1503106200.0,,Serra Dourada,Goiania,Match Finished,FT,90.0,72,Serie B,Brazil,https://media.api-sports.io/football/leagues/72.png,https://media.api-sports.io/flags/br.svg,2017,Regular Season - 21,151,Goias,https://media.api-sports.io/football/teams/151.png,,125,America Mineiro,https://media.api-sports.io/football/teams/125.png,,1.0,1.0,1.0,1.0,1.0,1.0,,,,,,,
13498,,UTC,2017-08-19T19:30:00+00:00,1503171000,1503171000.0,1503174600.0,,Estádio Brinco de Ouro da Princesa,Campinas,Match Finished,FT,90.0,72,Serie B,Brazil,https://media.api-sports.io/football/leagues/72.png,https://media.api-sports.io/flags/br.svg,2017,Regular Season - 21,138,Guarani Campinas,https://media.api-sports.io/football/teams/138.png,True,753,Santa Cruz,https://media.api-sports.io/football/teams/753.png,False,2.0,0.0,2.0,0.0,2.0,0.0,,,,,,,
13497,,UTC,2017-08-19T19:30:00+00:00,1503171000,1503171000.0,1503174600.0,,Estádio Rei Pelé,Maceio,Match Finished,FT,90.0,72,Serie B,Brazil,https://media.api-sports.io/football/leagues/72.png,https://media.api-sports.io/flags/br.svg,2017,Regular Season - 21,146,CRB,https://media.api-sports.io/football/teams/146.png,,752,Luverdense,https://media.api-sports.io/football/teams/752.png,,2.0,2.0,2.0,1.0,2.0,2.0,,,,,,,
13496,,UTC,2017-08-19T19:30:00+00:00,1503171000,1503171000.0,1503174600.0,,Melão,Varginha,Match Finished,FT,90.0,72,Serie B,Brazil,https://media.api-sports.io/football/leagues/72.png,https://media.api-sports.io/flags/br.svg,2017,Regular Season - 21,153,BOA,https://media.api-sports.io/football/teams/153.png,True,129,Ceara,https://media.api-sports.io/football/teams/129.png,False,4.0,1.0,1.0,0.0,4.0,1.0,,,,,,,
13495,,UTC,2017-08-19T19:30:00+00:00,1503171000,1503171000.0,1503174600.0,,Frasqueirão,Natal,Match Finished,FT,90.0,72,Serie B,Brazil,https://media.api-sports.io/football/leagues/72.png,https://media.api-sports.io/flags/br.svg,2017,Regular Season - 21,754,ABC,https://media.api-sports.io/football/teams/754.png,False,119,Internacional,https://media.api-sports.io/football/teams/119.png,True,0.0,3.0,0.0,2.0,0.0,3.0,,,,,,,
13494,,UTC,2017-08-19T22:00:00+00:00,1503180000,1503180000.0,1503183600.0,,Estádio Leônidas Castro,Belem,Match Finished,FT,90.0,72,Serie B,Brazil,https://media.api-sports.io/football/leagues/72.png,https://media.api-sports.io/flags/br.svg,2017,Regular Season - 21,149,Paysandu,https://media.api-sports.io/football/teams/149.png,,122,Parana,https://media.api-sports.io/football/teams/122.png,,0.0,0.0,0.0,0.0,0.0,0.0,,,,,,,
13493,"Pericles Bassols Pegado Cortez, Brazil",UTC,2017-08-22T22:15:00+00:00,1503440100,1503440100.0,1503443700.0,,Bento Mendes de Freitas,Pelotas,Match Finished,FT,90.0,72,Serie B,Brazil,https://media.api-sports.io/football/leagues/72.png,https://media.api-sports.io/flags/br.svg,2017,Regular Season - 22,141,Brasil DE Pelotas,https://media.api-sports.io/football/teams/141.png,True,151,Goias,https://media.api-sports.io/football/teams/151.png,False,2.0,1.0,1.0,1.0,2.0,1.0,,,,,,,
13492,,UTC,2017-08-23T00:30:00+00:00,1503448200,1503448200.0,1503451800.0,,Arena Independência,Belo Horizonte,Match Finished,FT,90.0,72,Serie B,Brazil,https://media.api-sports.io/football/leagues/72.png,https://media.api-sports.io/flags/br.svg,2017,Regular Season - 22,125,America Mineiro,https://media.api-sports.io/football/teams/125.png,,140,Criciuma,https://media.api-sports.io/football/teams/140.png,,0.0,0.0,0.0,0.0,0.0,0.0,,,,,,,
13491,,UTC,2017-08-25T22:15:00+00:00,1503699300,1503699300.0,1503702900.0,,Arena Castelão,Fortaleza,Match Finished,FT,90.0,72,Serie B,Brazil,https://media.api-sports.io/football/leagues/72.png,https://media.api-sports.io/flags/br.svg,2017,Regular Season - 22,129,Ceara,https://media.api-sports.io/football/teams/129.png,True,755,Nautico Recife,https://media.api-sports.io/football/teams/755.png,False,1.0,0.0,1.0,0.0,1.0,0.0,,,,,,,
13490,,UTC,2017-08-25T23:30:00+00:00,1503703800,1503703800.0,1503707400.0,,Durival Britto e Silva,Curitiba,Match Finished,FT,90.0,72,Serie B,Brazil,https://media.api-sports.io/football/leagues/72.png,https://media.api-sports.io/flags/br.svg,2017,Regular Season - 22,122,Parana,https://media.api-sports.io/football/teams/122.png,True,152,Juventude,https://media.api-sports.io/football/teams/152.png,False,2.0,0.0,0.0,0.0,2.0,0.0,,,,,,,
13489,,UTC,2017-08-26T00:30:00+00:00,1503707400,1503707400.0,1503711000.0,,Estádio Beira Rio,Porto Alegre,Match Finished,FT,90.0,72,Serie B,Brazil,https://media.api-sports.io/football/leagues/72.png,https://media.api-sports.io/flags/br.svg,2017,Regular Season - 22,119,Internacional,https://media.api-sports.io/football/teams/119.png,True,149,Paysandu,https://media.api-sports.io/football/teams/149.png,False,3.0,2.0,2.0,1.0,3.0,2.0,,,,,,,
13488,,UTC,2017-08-26T19:30:00+00:00,1503775800,1503775800.0,1503779400.0,,Serra Dourada,Goiania,Match Finished,FT,90.0,72,Serie B,Brazil,https://media.api-sports.io/football/leagues/72.png,https://media.api-sports.io/flags/br.svg,2017,Regular Season - 22,142,Vila Nova,https://media.api-sports.io/football/teams/142.png,True,754,ABC,https://media.api-sports.io/football/teams/754.png,False,2.0,0.0,1.0,0.0,2.0,0.0,,,,,,,
13486,,UTC,2017-08-26T19:30:00+00:00,1503775800,1503775800.0,1503779400.0,,Arena Barueri,Barueri,Match Finished,FT,90.0,72,Serie B,Brazil,https://media.api-sports.io/football/leagues/72.png,https://media.api-sports.io/flags/br.svg,2017,Regular Season - 22,143,Oeste,https://media.api-sports.io/football/teams/143.png,True,153,BOA,https://media.api-sports.io/football/teams/153.png,False,4.0,1.0,3.0,1.0,4.0,1.0,,,,,,,
13487,,UTC,2017-08-26T19:30:00+00:00,1503775800,1503775800.0,1503779400.0,,Estádio do Arruda,Recife,Match Finished,FT,90.0,72,Serie B,Brazil,https://media.api-sports.io/football/leagues/72.png,https://media.api-sports.io/flags/br.svg,2017,Regular Season - 22,753,Santa Cruz,https://media.api-sports.io/football/teams/753.png,False,146,CRB,https://media.api-sports.io/football/teams/146.png,True,1.0,2.0,1.0,0.0,1.0,2.0,,,,,,,
13484,,UTC,2017-08-26T22:00:00+00:00,1503784800,1503784800.0,1503788400.0,,Orlando Scarpelli,Florianopolis,Match Finished,FT,90.0,72,Serie B,Brazil,https://media.api-sports.io/football/leagues/72.png,https://media.api-sports.io/flags/br.svg,2017,Regular Season - 22,137,Figueirense,https://media.api-sports.io/football/teams/137.png,True,138,Guarani Campinas,https://media.api-sports.io/football/teams/138.png,False,2.0,1.0,1.0,0.0,2.0,1.0,,,,,,,
13485,,UTC,2017-08-26T22:00:00+00:00,1503784800,1503784800.0,1503788400.0,,Estadio Municipal Passo das Emas,Lucas do Rio Verde,Match Finished,FT,90.0,72,Serie B,Brazil,https://media.api-sports.io/football/leagues/72.png,https://media.api-sports.io/flags/br.svg,2017,Regular Season - 22,752,Luverdense,https://media.api-sports.io/football/teams/752.png,True,148,Londrina,https://media.api-sports.io/football/teams/148.png,False,1.0,0.0,0.0,0.0,1.0,0.0,,,,,,,
13483,,UTC,2017-09-04T23:00:00+00:00,1504566000,1504566000.0,1504569600.0,,Estádio Brinco de Ouro da Princesa,Campinas,Match Finished,FT,90.0,72,Serie B,Brazil,https://media.api-sports.io/football/leagues/72.png,https://media.api-sports.io/flags/br.svg,2017,Regular Season - 23,138,Guarani Campinas,https://media.api-sports.io/football/teams/138.png,,142,Vila Nova,https://media.api-sports.io/football/teams/142.png,,0.0,0.0,0.0,0.0,0.0,0.0,,,,,,,
13482,,UTC,2017-09-06T22:30:00+00:00,1504737000,1504737000.0,1504740600.0,,Serra Dourada,Goiania,Match Finished,FT,90.0,72,Serie B,Brazil,https://media.api-sports.io/football/leagues/72.png,https://media.api-sports.io/flags/br.svg,2017,Regular Season - 23,151,Goias,https://media.api-sports.io/football/teams/151.png,False,122,Parana,https://media.api-sports.io/football/teams/122.png,True,0.0,1.0,0.0,1.0,0.0,1.0,,,,,,,
13481,,UTC,2017-09-07T00:45:00+00:00,1504745100,1504745100.0,1504748700.0,,Arena De Pernambuco,Sao Lourenco da Mata,Match Finished,FT,90.0,72,Serie B,Brazil,https://media.api-sports.io/football/leagues/72.png,https://media.api-sports.io/flags/br.svg,2017,Regular Season - 23,755,Nautico Recife,https://media.api-sports.io/football/teams/755.png,True,141,Brasil DE Pelotas,https://media.api-sports.io/football/teams/141.png,False,1.0,0.0,0.0,0.0,1.0,0.0,,,,,,,
13480,,UTC,2017-09-08T22:15:00+00:00,1504908900,1504908900.0,1504912500.0,,Melão,Varginha,Match Finished,FT,90.0,72,Serie B,Brazil,https://media.api-sports.io/football/leagues/72.png,https://media.api-sports.io/flags/br.svg,2017,Regular Season - 23,153,BOA,https://media.api-sports.io/football/teams/153.png,,137,Figueirense,https://media.api-sports.io/football/teams/137.png,,1.0,1.0,0.0,1.0,1.0,1.0,,,,,,,
13479,,UTC,2017-09-09T00:30:00+00:00,1504917000,1504917000.0,1504920600.0,,Estádio Leônidas Castro,Belem,Match Finished,FT,90.0,72,Serie B,Brazil,https://media.api-sports.io/football/leagues/72.png,https://media.api-sports.io/flags/br.svg,2017,Regular Season - 23,149,Paysandu,https://media.api-sports.io/football/teams/149.png,False,125,America Mineiro,https://media.api-sports.io/football/teams/125.png,True,0.0,1.0,0.0,1.0,0.0,1.0,,,,,,,
13476,,UTC,2017-09-09T19:30:00+00:00,1504985400,1504985400.0,1504989000.0,,Estadio Heriberto Hülse,Criciuma,Match Finished,FT,90.0,72,Serie B,Brazil,https://media.api-sports.io/football/leagues/72.png,https://media.api-sports.io/flags/br.svg,2017,Regular Season - 23,140,Criciuma,https://media.api-sports.io/football/teams/140.png,True,752,Luverdense,https://media.api-sports.io/football/teams/752.png,False,2.0,1.0,0.0,0.0,2.0,1.0,,,,,,,
13478,,UTC,2017-09-09T19:30:00+00:00,1504985400,1504985400.0,1504989000.0,,"Estádio Municipal Jacy Scaff (Londrina, Paraná)",,Match Finished,FT,90.0,72,Serie B,Brazil,https://media.api-sports.io/football/leagues/72.png,https://media.api-sports.io/flags/br.svg,2017,Regular Season - 23,148,Londrina,https://media.api-sports.io/football/teams/148.png,True,129,Ceara,https://media.api-sports.io/football/teams/129.png,False,3.0,2.0,2.0,1.0,3.0,2.0,,,,,,,
13477,,UTC,2017-09-09T19:30:00+00:00,1504985400,1504985400.0,1504989000.0,,Estádio Alfredo Jaconi,Caxias do Sul,Match Finished,FT,90.0,72,Serie B,Brazil,https://media.api-sports.io/football/leagues/72.png,https://media.api-sports.io/flags/br.svg,2017,Regular Season - 23,152,Juventude,https://media.api-sports.io/football/teams/152.png,True,119,Internacional,https://media.api-sports.io/football/teams/119.png,False,2.0,1.0,1.0,1.0,2.0,1.0,,,,,,,
13475,,UTC,2017-09-09T22:00:00+00:00,1504994400,1504994400.0,1504998000.0,,Estádio Rei Pelé,Maceio,Match Finished,FT,90.0,72,Serie B,Brazil,https://media.api-sports.io/football/leagues/72.png,https://media.api-sports.io/flags/br.svg,2017,Regular Season - 23,146,CRB,https://media.api-sports.io/football/teams/146.png,False,143,Oeste,https://media.api-sports.io/football/teams/143.png,True,0.0,1.0,0.0,1.0,0.0,1.0,,,,,,,
13474,,UTC,2017-09-09T22:00:00+00:00,1504994400,1504994400.0,1504998000.0,,Frasqueirão,Natal,Match Finished,FT,90.0,72,Serie B,Brazil,https://media.api-sports.io/football/leagues/72.png,https://media.api-sports.io/flags/br.svg,2017,Regular Season - 23,754,ABC,https://media.api-sports.io/football/teams/754.png,,753,Santa Cruz,https://media.api-sports.io/football/teams/753.png,,0.0,0.0,0.0,0.0,0.0,0.0,,,,,,,
13473,,UTC,2017-09-12T22:15:00+00:00,1505254500,1505254500.0,1505258100.0,,Melão,Varginha,Match Finished,FT,90.0,72,Serie B,Brazil,https://media.api-sports.io/football/leagues/72.png,https://media.api-sports.io/flags/br.svg,2017,Regular Season - 24,153,BOA,https://media.api-sports.io/football/teams/153.png,,138,Guarani Campinas,https://media.api-sports.io/football/teams/138.png,,2.0,2.0,1.0,0.0,2.0,2.0,,,,,,,
13472,,UTC,2017-09-13T00:30:00+00:00,1505262600,1505262600.0,1505266200.0,,Estadio Heriberto Hülse,Criciuma,Match Finished,FT,90.0,72,Serie B,Brazil,https://media.api-sports.io/football/leagues/72.png,https://media.api-sports.io/flags/br.svg,2017,Regular Season - 24,140,Criciuma,https://media.api-sports.io/football/teams/140.png,False,152,Juventude,https://media.api-sports.io/football/teams/152.png,True,1.0,2.0,0.0,1.0,1.0,2.0,,,,,,,
13471,,UTC,2017-09-15T22:15:00+00:00,1505513700,1505513700.0,1505517300.0,,Estádio do Arruda,Recife,Match Finished,FT,90.0,72,Serie B,Brazil,https://media.api-sports.io/football/leagues/72.png,https://media.api-sports.io/flags/br.svg,2017,Regular Season - 24,753,Santa Cruz,https://media.api-sports.io/football/teams/753.png,True,151,Goias,https://media.api-sports.io/football/teams/151.png,False,3.0,0.0,1.0,0.0,3.0,0.0,,,,,,,
13470,,UTC,2017-09-16T00:30:00+00:00,1505521800,1505521800.0,1505525400.0,,Arena Castelão,Fortaleza,Match Finished,FT,90.0,72,Serie B,Brazil,https://media.api-sports.io/football/leagues/72.png,https://media.api-sports.io/flags/br.svg,2017,Regular Season - 24,129,Ceara,https://media.api-sports.io/football/teams/129.png,,125,America Mineiro,https://media.api-sports.io/football/teams/125.png,,1.0,1.0,1.0,0.0,1.0,1.0,,,,,,,
13466,,UTC,2017-09-16T19:30:00+00:00,1505590200,1505590200.0,1505593800.0,,Estádio Beira Rio,Porto Alegre,Match Finished,FT,90.0,72,Serie B,Brazil,https://media.api-sports.io/football/leagues/72.png,https://media.api-sports.io/flags/br.svg,2017,Regular Season - 24,119,Internacional,https://media.api-sports.io/football/teams/119.png,True,137,Figueirense,https://media.api-sports.io/football/teams/137.png,False,3.0,0.0,1.0,0.0,3.0,0.0,,,,,,,
13465,,UTC,2017-09-16T19:30:00+00:00,1505590200,1505590200.0,1505593800.0,,Bento Mendes de Freitas,Pelotas,Match Finished,FT,90.0,72,Serie B,Brazil,https://media.api-sports.io/football/leagues/72.png,https://media.api-sports.io/flags/br.svg,2017,Regular Season - 24,141,Brasil DE Pelotas,https://media.api-sports.io/football/teams/141.png,True,146,CRB,https://media.api-sports.io/football/teams/146.png,False,2.0,0.0,1.0,0.0,2.0,0.0,,,,,,,
13469,,UTC,2017-09-16T19:30:00+00:00,1505590200,1505590200.0,1505593800.0,,Serra Dourada,Goiania,Match Finished,FT,90.0,72,Serie B,Brazil,https://media.api-sports.io/football/leagues/72.png,https://media.api-sports.io/flags/br.svg,2017,Regular Season - 24,142,Vila Nova,https://media.api-sports.io/football/teams/142.png,True,752,Luverdense,https://media.api-sports.io/football/teams/752.png,False,2.0,1.0,1.0,0.0,2.0,1.0,,,,,,,
13467,,UTC,2017-09-16T19:30:00+00:00,1505590200,1505590200.0,1505593800.0,,Arena Barueri,Barueri,Match Finished,FT,90.0,72,Serie B,Brazil,https://media.api-sports.io/football/leagues/72.png,https://media.api-sports.io/flags/br.svg,2017,Regular Season - 24,143,Oeste,https://media.api-sports.io/football/teams/143.png,True,755,Nautico Recife,https://media.api-sports.io/football/teams/755.png,False,1.0,0.0,0.0,0.0,1.0,0.0,,,,,,,
13468,,UTC,2017-09-16T19:30:00+00:00,1505590200,1505590200.0,1505593800.0,,Estádio Leônidas Castro,Belem,Match Finished,FT,90.0,72,Serie B,Brazil,https://media.api-sports.io/football/leagues/72.png,https://media.api-sports.io/flags/br.svg,2017,Regular Season - 24,149,Paysandu,https://media.api-sports.io/football/teams/149.png,True,754,ABC,https://media.api-sports.io/football/teams/754.png,False,2.0,0.0,1.0,0.0,2.0,0.0,,,,,,,
13464,,UTC,2017-09-16T22:00:00+00:00,1505599200,1505599200.0,1505602800.0,,Durival Britto e Silva,Curitiba,Match Finished,FT,90.0,72,Serie B,Brazil,https://media.api-sports.io/football/leagues/72.png,https://media.api-sports.io/flags/br.svg,2017,Regular Season - 24,122,Parana,https://media.api-sports.io/football/teams/122.png,True,148,Londrina,https://media.api-sports.io/football/teams/148.png,False,2.0,1.0,1.0,1.0,2.0,1.0,,,,,,,
13463,,UTC,2017-09-19T22:15:00+00:00,1505859300,1505859300.0,1505862900.0,,Arena Independência,Belo Horizonte,Match Finished,FT,90.0,72,Serie B,Brazil,https://media.api-sports.io/football/leagues/72.png,https://media.api-sports.io/flags/br.svg,2017,Regular Season - 25,125,America Mineiro,https://media.api-sports.io/football/teams/125.png,True,142,Vila Nova,https://media.api-sports.io/football/teams/142.png,False,1.0,0.0,1.0,0.0,1.0,0.0,,,,,,,
13462,,UTC,2017-09-20T00:30:00+00:00,1505867400,1505867400.0,1505871000.0,,Estádio Brinco de Ouro da Princesa,Campinas,Match Finished,FT,90.0,72,Serie B,Brazil,https://media.api-sports.io/football/leagues/72.png,https://media.api-sports.io/flags/br.svg,2017,Regular Season - 25,138,Guarani Campinas,https://media.api-sports.io/football/teams/138.png,False,122,Parana,https://media.api-sports.io/football/teams/122.png,True,0.0,4.0,0.0,3.0,0.0,4.0,,,,,,,
13461,,UTC,2017-09-22T22:15:00+00:00,1506118500,1506118500.0,1506122100.0,,Estádio Alfredo Jaconi,Caxias do Sul,Match Finished,FT,90.0,72,Serie B,Brazil,https://media.api-sports.io/football/leagues/72.png,https://media.api-sports.io/flags/br.svg,2017,Regular Season - 25,152,Juventude,https://media.api-sports.io/football/teams/152.png,,153,BOA,https://media.api-sports.io/football/teams/153.png,,0.0,0.0,0.0,0.0,0.0,0.0,,,,,,,
13459,,UTC,2017-09-23T00:30:00+00:00,1506126600,1506126600.0,1506130200.0,,"Estádio Municipal Jacy Scaff (Londrina, Paraná)",,Match Finished,FT,90.0,72,Serie B,Brazil,https://media.api-sports.io/football/leagues/72.png,https://media.api-sports.io/flags/br.svg,2017,Regular Season - 25,148,Londrina,https://media.api-sports.io/football/teams/148.png,,753,Santa Cruz,https://media.api-sports.io/football/teams/753.png,,1.0,1.0,0.0,0.0,1.0,1.0,,,,,,,
13460,,UTC,2017-09-23T00:30:00+00:00,1506126600,1506126600.0,1506130200.0,,Estadio Municipal Passo das Emas,Lucas do Rio Verde,Match Finished,FT,90.0,72,Serie B,Brazil,https://media.api-sports.io/football/leagues/72.png,https://media.api-sports.io/flags/br.svg,2017,Regular Season - 25,752,Luverdense,https://media.api-sports.io/football/teams/752.png,,143,Oeste,https://media.api-sports.io/football/teams/143.png,,0.0,0.0,0.0,0.0,0.0,0.0,,,,,,,
13456,,UTC,2017-09-23T19:30:00+00:00,1506195000,1506195000.0,1506198600.0,,Orlando Scarpelli,Florianopolis,Match Finished,FT,90.0,72,Serie B,Brazil,https://media.api-sports.io/football/leagues/72.png,https://media.api-sports.io/flags/br.svg,2017,Regular Season - 25,137,Figueirense,https://media.api-sports.io/football/teams/137.png,True,754,ABC,https://media.api-sports.io/football/teams/754.png,False,2.0,0.0,1.0,0.0,2.0,0.0,,,,,,,
13455,,UTC,2017-09-23T19:30:00+00:00,1506195000,1506195000.0,1506198600.0,,Estádio Rei Pelé,Maceio,Match Finished,FT,90.0,72,Serie B,Brazil,https://media.api-sports.io/football/leagues/72.png,https://media.api-sports.io/flags/br.svg,2017,Regular Season - 25,146,CRB,https://media.api-sports.io/football/teams/146.png,False,140,Criciuma,https://media.api-sports.io/football/teams/140.png,True,1.0,2.0,1.0,1.0,1.0,2.0,,,,,,,
13457,,UTC,2017-09-23T19:30:00+00:00,1506195000,1506195000.0,1506198600.0,,Serra Dourada,Goiania,Match Finished,FT,90.0,72,Serie B,Brazil,https://media.api-sports.io/football/leagues/72.png,https://media.api-sports.io/flags/br.svg,2017,Regular Season - 25,151,Goias,https://media.api-sports.io/football/teams/151.png,True,149,Paysandu,https://media.api-sports.io/football/teams/149.png,False,2.0,1.0,0.0,0.0,2.0,1.0,,,,,,,
13458,,UTC,2017-09-23T19:30:00+00:00,1506195000,1506195000.0,1506198600.0,,Arena De Pernambuco,Sao Lourenco da Mata,Match Finished,FT,90.0,72,Serie B,Brazil,https://media.api-sports.io/football/leagues/72.png,https://media.api-sports.io/flags/br.svg,2017,Regular Season - 25,755,Nautico Recife,https://media.api-sports.io/football/teams/755.png,False,119,Internacional,https://media.api-sports.io/football/teams/119.png,True,0.0,1.0,0.0,0.0,0.0,1.0,,,,,,,
13454,,UTC,2017-09-23T22:00:00+00:00,1506204000,1506204000.0,1506207600.0,,Arena Castelão,Fortaleza,Match Finished,FT,90.0,72,Serie B,Brazil,https://media.api-sports.io/football/leagues/72.png,https://media.api-sports.io/flags/br.svg,2017,Regular Season - 25,129,Ceara,https://media.api-sports.io/football/teams/129.png,True,141,Brasil DE Pelotas,https://media.api-sports.io/football/teams/141.png,False,2.0,1.0,0.0,1.0,2.0,1.0,,,,,,,
13452,,UTC,2017-09-26T22:15:00+00:00,1506464100,1506464100.0,1506467700.0,,Estadio Heriberto Hülse,Criciuma,Match Finished,FT,90.0,72,Serie B,Brazil,https://media.api-sports.io/football/leagues/72.png,https://media.api-sports.io/flags/br.svg,2017,Regular Season - 26,140,Criciuma,https://media.api-sports.io/football/teams/140.png,,137,Figueirense,https://media.api-sports.io/football/teams/137.png,,1.0,1.0,1.0,0.0,1.0,1.0,,,,,,,
13451,,UTC,2017-09-26T22:15:00+00:00,1506464100,1506464100.0,1506467700.0,,Bento Mendes de Freitas,Pelotas,Match Finished,FT,90.0,72,Serie B,Brazil,https://media.api-sports.io/football/leagues/72.png,https://media.api-sports.io/flags/br.svg,2017,Regular Season - 26,141,Brasil DE Pelotas,https://media.api-sports.io/football/teams/141.png,False,752,Luverdense,https://media.api-sports.io/football/teams/752.png,True,0.0,1.0,0.0,0.0,0.0,1.0,,,,,,,
13453,,UTC,2017-09-26T22:15:00+00:00,1506464100,1506464100.0,1506467700.0,,Estádio do Arruda,Recife,Match Finished,FT,90.0,72,Serie B,Brazil,https://media.api-sports.io/football/leagues/72.png,https://media.api-sports.io/flags/br.svg,2017,Regular Season - 26,753,Santa Cruz,https://media.api-sports.io/football/teams/753.png,,129,Ceara,https://media.api-sports.io/football/teams/129.png,,0.0,0.0,0.0,0.0,0.0,0.0,,,,,,,
13449,,UTC,2017-09-26T23:30:00+00:00,1506468600,1506468600.0,1506472200.0,,Durival Britto e Silva,Curitiba,Match Finished,FT,90.0,72,Serie B,Brazil,https://media.api-sports.io/football/leagues/72.png,https://media.api-sports.io/flags/br.svg,2017,Regular Season - 26,122,Parana,https://media.api-sports.io/football/teams/122.png,True,755,Nautico Recife,https://media.api-sports.io/football/teams/755.png,False,3.0,0.0,0.0,0.0,3.0,0.0,,,,,,,
13450,,UTC,2017-09-26T23:30:00+00:00,1506468600,1506468600.0,1506472200.0,,Serra Dourada,Goiania,Match Finished,FT,90.0,72,Serie B,Brazil,https://media.api-sports.io/football/leagues/72.png,https://media.api-sports.io/flags/br.svg,2017,Regular Season - 26,142,Vila Nova,https://media.api-sports.io/football/teams/142.png,True,146,CRB,https://media.api-sports.io/football/teams/146.png,False,3.0,0.0,2.0,0.0,3.0,0.0,,,,,,,
13448,,UTC,2017-09-26T23:30:00+00:00,1506468600,1506468600.0,1506472200.0,,Arena Barueri,Barueri,Match Finished,FT,90.0,72,Serie B,Brazil,https://media.api-sports.io/football/leagues/72.png,https://media.api-sports.io/flags/br.svg,2017,Regular Season - 26,143,Oeste,https://media.api-sports.io/football/teams/143.png,True,148,Londrina,https://media.api-sports.io/football/teams/148.png,False,4.0,1.0,1.0,1.0,4.0,1.0,,,,,,,
13447,,UTC,2017-09-26T23:30:00+00:00,1506468600,1506468600.0,1506472200.0,,Melão,Varginha,Match Finished,FT,90.0,72,Serie B,Brazil,https://media.api-sports.io/football/leagues/72.png,https://media.api-sports.io/flags/br.svg,2017,Regular Season - 26,153,BOA,https://media.api-sports.io/football/teams/153.png,True,151,Goias,https://media.api-sports.io/football/teams/151.png,False,2.0,0.0,0.0,0.0,2.0,0.0,,,,,,,
13446,,UTC,2017-09-27T00:30:00+00:00,1506472200,1506472200.0,1506475800.0,,Estádio Leônidas Castro,Belem,Match Finished,FT,90.0,72,Serie B,Brazil,https://media.api-sports.io/football/leagues/72.png,https://media.api-sports.io/flags/br.svg,2017,Regular Season - 26,149,Paysandu,https://media.api-sports.io/football/teams/149.png,True,138,Guarani Campinas,https://media.api-sports.io/football/teams/138.png,False,2.0,1.0,1.0,1.0,2.0,1.0,,,,,,,
13445,,UTC,2017-09-27T00:30:00+00:00,1506472200,1506472200.0,1506475800.0,,Frasqueirão,Natal,Match Finished,FT,90.0,72,Serie B,Brazil,https://media.api-sports.io/football/leagues/72.png,https://media.api-sports.io/flags/br.svg,2017,Regular Season - 26,754,ABC,https://media.api-sports.io/football/teams/754.png,,152,Juventude,https://media.api-sports.io/football/teams/152.png,,1.0,1.0,0.0,1.0,1.0,1.0,,,,,,,
13444,,UTC,2017-09-27T22:30:00+00:00,1506551400,1506551400.0,1506555000.0,,Estádio Beira Rio,Porto Alegre,Match Finished,FT,90.0,72,Serie B,Brazil,https://media.api-sports.io/football/leagues/72.png,https://media.api-sports.io/flags/br.svg,2017,Regular Season - 26,119,Internacional,https://media.api-sports.io/football/teams/119.png,True,125,America Mineiro,https://media.api-sports.io/football/teams/125.png,False,2.0,1.0,1.0,1.0,2.0,1.0,,,,,,,
13443,,UTC,2017-09-29T22:15:00+00:00,1506723300,1506723300.0,1506726900.0,,Orlando Scarpelli,Florianopolis,Match Finished,FT,90.0,72,Serie B,Brazil,https://media.api-sports.io/football/leagues/72.png,https://media.api-sports.io/flags/br.svg,2017,Regular Season - 27,137,Figueirense,https://media.api-sports.io/football/teams/137.png,True,122,Parana,https://media.api-sports.io/football/teams/122.png,False,1.0,0.0,1.0,0.0,1.0,0.0,,,,,,,
13442,,UTC,2017-09-29T23:30:00+00:00,1506727800,1506727800.0,1506731400.0,,"Estádio Municipal Jacy Scaff (Londrina, Paraná)",,Match Finished,FT,90.0,72,Serie B,Brazil,https://media.api-sports.io/football/leagues/72.png,https://media.api-sports.io/flags/br.svg,2017,Regular Season - 27,148,Londrina,https://media.api-sports.io/football/teams/148.png,True,146,CRB,https://media.api-sports.io/football/teams/146.png,False,4.0,1.0,1.0,0.0,4.0,1.0,,,,,,,
13441,,UTC,2017-09-29T23:30:00+00:00,1506727800,1506727800.0,1506731400.0,,Frasqueirão,Natal,Match Finished,FT,90.0,72,Serie B,Brazil,https://media.api-sports.io/football/leagues/72.png,https://media.api-sports.io/flags/br.svg,2017,Regular Season - 27,754,ABC,https://media.api-sports.io/football/teams/754.png,False,151,Goias,https://media.api-sports.io/football/teams/151.png,True,0.0,1.0,0.0,0.0,0.0,1.0,,,,,,,
13440,,UTC,2017-09-30T00:30:00+00:00,1506731400,1506731400.0,1506735000.0,,Estádio Alfredo Jaconi,Caxias do Sul,Match Finished,FT,90.0,72,Serie B,Brazil,https://media.api-sports.io/football/leagues/72.png,https://media.api-sports.io/flags/br.svg,2017,Regular Season - 27,152,Juventude,https://media.api-sports.io/football/teams/152.png,True,149,Paysandu,https://media.api-sports.io/football/teams/149.png,False,1.0,0.0,0.0,0.0,1.0,0.0,,,,,,,
13437,,UTC,2017-09-30T19:30:00+00:00,1506799800,1506799800.0,1506803400.0,,Estádio Beira Rio,Porto Alegre,Match Finished,FT,90.0,72,Serie B,Brazil,https://media.api-sports.io/football/leagues/72.png,https://media.api-sports.io/flags/br.svg,2017,Regular Season - 27,119,Internacional,https://media.api-sports.io/football/teams/119.png,True,753,Santa Cruz,https://media.api-sports.io/football/teams/753.png,False,2.0,0.0,1.0,0.0,2.0,0.0,,,,,,,
13439,,UTC,2017-09-30T19:30:00+00:00,1506799800,1506799800.0,1506803400.0,,Serra Dourada,Goiania,Match Finished,FT,90.0,72,Serie B,Brazil,https://media.api-sports.io/football/leagues/72.png,https://media.api-sports.io/flags/br.svg,2017,Regular Season - 27,142,Vila Nova,https://media.api-sports.io/football/teams/142.png,,141,Brasil DE Pelotas,https://media.api-sports.io/football/teams/141.png,,1.0,1.0,0.0,1.0,1.0,1.0,,,,,,,
13438,,UTC,2017-09-30T19:30:00+00:00,1506799800,1506799800.0,1506803400.0,,Arena De Pernambuco,Sao Lourenco da Mata,Match Finished,FT,90.0,72,Serie B,Brazil,https://media.api-sports.io/football/leagues/72.png,https://media.api-sports.io/flags/br.svg,2017,Regular Season - 27,755,Nautico Recife,https://media.api-sports.io/football/teams/755.png,True,153,BOA,https://media.api-sports.io/football/teams/153.png,False,2.0,0.0,1.0,0.0,2.0,0.0,,,,,,,
13435,,UTC,2017-09-30T22:00:00+00:00,1506808800,1506808800.0,1506812400.0,,Estádio Brinco de Ouro da Princesa,Campinas,Match Finished,FT,90.0,72,Serie B,Brazil,https://media.api-sports.io/football/leagues/72.png,https://media.api-sports.io/flags/br.svg,2017,Regular Season - 27,138,Guarani Campinas,https://media.api-sports.io/football/teams/138.png,,140,Criciuma,https://media.api-sports.io/football/teams/140.png,,0.0,0.0,0.0,0.0,0.0,0.0,,,,,,,
13436,,UTC,2017-09-30T22:00:00+00:00,1506808800,1506808800.0,1506812400.0,,Estadio Municipal Passo das Emas,Lucas do Rio Verde,Match Finished,FT,90.0,72,Serie B,Brazil,https://media.api-sports.io/football/leagues/72.png,https://media.api-sports.io/flags/br.svg,2017,Regular Season - 27,752,Luverdense,https://media.api-sports.io/football/teams/752.png,False,129,Ceara,https://media.api-sports.io/football/teams/129.png,True,0.0,1.0,0.0,1.0,0.0,1.0,,,,,,,
13434,,UTC,2017-10-01T14:00:00+00:00,1506866400,1506866400.0,1506870000.0,,Arena Independência,Belo Horizonte,Match Finished,FT,90.0,72,Serie B,Brazil,https://media.api-sports.io/football/leagues/72.png,https://media.api-sports.io/flags/br.svg,2017,Regular Season - 27,125,America Mineiro,https://media.api-sports.io/football/teams/125.png,False,143,Oeste,https://media.api-sports.io/football/teams/143.png,True,1.0,2.0,0.0,0.0,1.0,2.0,,,,,,,
13433,,UTC,2017-10-03T22:15:00+00:00,1507068900,1507068900.0,1507072500.0,,Arena Castelão,Fortaleza,Match Finished,FT,90.0,72,Serie B,Brazil,https://media.api-sports.io/football/leagues/72.png,https://media.api-sports.io/flags/br.svg,2017,Regular Season - 28,129,Ceara,https://media.api-sports.io/football/teams/129.png,True,142,Vila Nova,https://media.api-sports.io/football/teams/142.png,False,2.0,0.0,1.0,0.0,2.0,0.0,,,,,,,
13432,,UTC,2017-10-03T23:30:00+00:00,1507073400,1507073400.0,1507077000.0,,Durival Britto e Silva,Curitiba,Match Finished,FT,90.0,72,Serie B,Brazil,https://media.api-sports.io/football/leagues/72.png,https://media.api-sports.io/flags/br.svg,2017,Regular Season - 28,122,Parana,https://media.api-sports.io/football/teams/122.png,True,119,Internacional,https://media.api-sports.io/football/teams/119.png,False,1.0,0.0,1.0,0.0,1.0,0.0,,,,,,,
13431,,UTC,2017-10-04T00:30:00+00:00,1507077000,1507077000.0,1507080600.0,,Bento Mendes de Freitas,Pelotas,Match Finished,FT,90.0,72,Serie B,Brazil,https://media.api-sports.io/football/leagues/72.png,https://media.api-sports.io/flags/br.svg,2017,Regular Season - 28,141,Brasil DE Pelotas,https://media.api-sports.io/football/teams/141.png,True,152,Juventude,https://media.api-sports.io/football/teams/152.png,False,1.0,0.0,0.0,0.0,1.0,0.0,,,,,,,
13430,,UTC,2017-10-06T22:15:00+00:00,1507328100,1507328100.0,1507331700.0,,Melão,Varginha,Match Finished,FT,90.0,72,Serie B,Brazil,https://media.api-sports.io/football/leagues/72.png,https://media.api-sports.io/flags/br.svg,2017,Regular Season - 28,153,BOA,https://media.api-sports.io/football/teams/153.png,False,149,Paysandu,https://media.api-sports.io/football/teams/149.png,True,1.0,2.0,1.0,0.0,1.0,2.0,,,,,,,
13429,,UTC,2017-10-06T23:30:00+00:00,1507332600,1507332600.0,1507336200.0,,Estádio Rei Pelé,Maceio,Match Finished,FT,90.0,72,Serie B,Brazil,https://media.api-sports.io/football/leagues/72.png,https://media.api-sports.io/flags/br.svg,2017,Regular Season - 28,146,CRB,https://media.api-sports.io/football/teams/146.png,True,754,ABC,https://media.api-sports.io/football/teams/754.png,False,1.0,0.0,1.0,0.0,1.0,0.0,,,,,,,
13428,,UTC,2017-10-07T00:30:00+00:00,1507336200,1507336200.0,1507339800.0,,Serra Dourada,Goiania,Match Finished,FT,90.0,72,Serie B,Brazil,https://media.api-sports.io/football/leagues/72.png,https://media.api-sports.io/flags/br.svg,2017,Regular Season - 28,151,Goias,https://media.api-sports.io/football/teams/151.png,True,755,Nautico Recife,https://media.api-sports.io/football/teams/755.png,False,2.0,0.0,1.0,0.0,2.0,0.0,,,,,,,
13426,,UTC,2017-10-07T19:30:00+00:00,1507404600,1507404600.0,1507408200.0,,Estadio Heriberto Hülse,Criciuma,Match Finished,FT,90.0,72,Serie B,Brazil,https://media.api-sports.io/football/leagues/72.png,https://media.api-sports.io/flags/br.svg,2017,Regular Season - 28,140,Criciuma,https://media.api-sports.io/football/teams/140.png,True,148,Londrina,https://media.api-sports.io/football/teams/148.png,False,2.0,1.0,1.0,1.0,2.0,1.0,,,,,,,
13427,,UTC,2017-10-07T19:30:00+00:00,1507404600,1507404600.0,1507408200.0,,Arena Barueri,Barueri,Match Finished,FT,90.0,72,Serie B,Brazil,https://media.api-sports.io/football/leagues/72.png,https://media.api-sports.io/flags/br.svg,2017,Regular Season - 28,143,Oeste,https://media.api-sports.io/football/teams/143.png,True,138,Guarani Campinas,https://media.api-sports.io/football/teams/138.png,False,3.0,0.0,1.0,0.0,3.0,0.0,,,,,,,
13424,,UTC,2017-10-07T22:00:00+00:00,1507413600,1507413600.0,1507417200.0,,Estadio Municipal Passo das Emas,Lucas do Rio Verde,Match Finished,FT,90.0,72,Serie B,Brazil,https://media.api-sports.io/football/leagues/72.png,https://media.api-sports.io/flags/br.svg,2017,Regular Season - 28,752,Luverdense,https://media.api-sports.io/football/teams/752.png,True,137,Figueirense,https://media.api-sports.io/football/teams/137.png,False,3.0,0.0,1.0,0.0,3.0,0.0,,,,,,,
13425,,UTC,2017-10-07T22:00:00+00:00,1507413600,1507413600.0,1507417200.0,,Estádio do Arruda,Recife,Match Finished,FT,90.0,72,Serie B,Brazil,https://media.api-sports.io/football/leagues/72.png,https://media.api-sports.io/flags/br.svg,2017,Regular Season - 28,753,Santa Cruz,https://media.api-sports.io/football/teams/753.png,False,125,America Mineiro,https://media.api-sports.io/football/teams/125.png,True,0.0,1.0,0.0,0.0,0.0,1.0,,,,,,,
13423,,UTC,2017-10-09T23:00:00+00:00,1507590000,1507590000.0,1507593600.0,,Estádio Beira Rio,Porto Alegre,Match Finished,FT,90.0,72,Serie B,Brazil,https://media.api-sports.io/football/leagues/72.png,https://media.api-sports.io/flags/br.svg,2017,Regular Season - 29,119,Internacional,https://media.api-sports.io/football/teams/119.png,True,141,Brasil DE Pelotas,https://media.api-sports.io/football/teams/141.png,False,1.0,0.0,1.0,0.0,1.0,0.0,,,,,,,
13422,,UTC,2017-10-13T22:15:00+00:00,1507932900,1507932900.0,1507936500.0,,Estádio Leônidas Castro,Belem,Match Finished,FT,90.0,72,Serie B,Brazil,https://media.api-sports.io/football/leagues/72.png,https://media.api-sports.io/flags/br.svg,2017,Regular Season - 29,149,Paysandu,https://media.api-sports.io/football/teams/149.png,,146,CRB,https://media.api-sports.io/football/teams/146.png,,0.0,0.0,0.0,0.0,0.0,0.0,,,,,,,
13421,,UTC,2017-10-13T23:30:00+00:00,1507937400,1507937400.0,1507941000.0,,Durival Britto e Silva,Curitiba,Match Finished,FT,90.0,72,Serie B,Brazil,https://media.api-sports.io/football/leagues/72.png,https://media.api-sports.io/flags/br.svg,2017,Regular Season - 29,122,Parana,https://media.api-sports.io/football/teams/122.png,True,140,Criciuma,https://media.api-sports.io/football/teams/140.png,False,2.0,1.0,1.0,1.0,2.0,1.0,,,,,,,
13420,,UTC,2017-10-14T00:30:00+00:00,1507941000,1507941000.0,1507944600.0,,Estádio Alfredo Jaconi,Caxias do Sul,Match Finished,FT,90.0,72,Serie B,Brazil,https://media.api-sports.io/football/leagues/72.png,https://media.api-sports.io/flags/br.svg,2017,Regular Season - 29,152,Juventude,https://media.api-sports.io/football/teams/152.png,False,148,Londrina,https://media.api-sports.io/football/teams/148.png,True,0.0,2.0,0.0,1.0,0.0,2.0,,,,,,,
13417,,UTC,2017-10-14T19:30:00+00:00,1508009400,1508009400.0,1508013000.0,,Arena Independência,Belo Horizonte,Match Finished,FT,90.0,72,Serie B,Brazil,https://media.api-sports.io/football/leagues/72.png,https://media.api-sports.io/flags/br.svg,2017,Regular Season - 29,125,America Mineiro,https://media.api-sports.io/football/teams/125.png,True,752,Luverdense,https://media.api-sports.io/football/teams/752.png,False,2.0,1.0,2.0,1.0,2.0,1.0,,,,,,,
13418,,UTC,2017-10-14T19:30:00+00:00,1508009400,1508009400.0,1508013000.0,,Orlando Scarpelli,Florianopolis,Match Finished,FT,90.0,72,Serie B,Brazil,https://media.api-sports.io/football/leagues/72.png,https://media.api-sports.io/flags/br.svg,2017,Regular Season - 29,137,Figueirense,https://media.api-sports.io/football/teams/137.png,True,753,Santa Cruz,https://media.api-sports.io/football/teams/753.png,False,2.0,1.0,2.0,0.0,2.0,1.0,,,,,,,
13419,,UTC,2017-10-14T19:30:00+00:00,1508009400,1508009400.0,1508013000.0,,Serra Dourada,Goiania,Match Finished,FT,90.0,72,Serie B,Brazil,https://media.api-sports.io/football/leagues/72.png,https://media.api-sports.io/flags/br.svg,2017,Regular Season - 29,142,Vila Nova,https://media.api-sports.io/football/teams/142.png,,151,Goias,https://media.api-sports.io/football/teams/151.png,,0.0,0.0,0.0,0.0,0.0,0.0,,,,,,,
13416,,UTC,2017-10-14T19:30:00+00:00,1508009400,1508009400.0,1508013000.0,,Frasqueirão,Natal,Match Finished,FT,90.0,72,Serie B,Brazil,https://media.api-sports.io/football/leagues/72.png,https://media.api-sports.io/flags/br.svg,2017,Regular Season - 29,754,ABC,https://media.api-sports.io/football/teams/754.png,True,153,BOA,https://media.api-sports.io/football/teams/153.png,False,1.0,0.0,0.0,0.0,1.0,0.0,,,,,,,
13415,,UTC,2017-10-14T22:00:00+00:00,1508018400,1508018400.0,1508022000.0,,Arena Barueri,Barueri,Match Finished,FT,90.0,72,Serie B,Brazil,https://media.api-sports.io/football/leagues/72.png,https://media.api-sports.io/flags/br.svg,2017,Regular Season - 29,143,Oeste,https://media.api-sports.io/football/teams/143.png,False,129,Ceara,https://media.api-sports.io/football/teams/129.png,True,0.0,1.0,0.0,0.0,0.0,1.0,,,,,,,
13414,,UTC,2017-10-14T22:00:00+00:00,1508018400,1508018400.0,1508022000.0,,Arena De Pernambuco,Sao Lourenco da Mata,Match Finished,FT,90.0,72,Serie B,Brazil,https://media.api-sports.io/football/leagues/72.png,https://media.api-sports.io/flags/br.svg,2017,Regular Season - 29,755,Nautico Recife,https://media.api-sports.io/football/teams/755.png,True,138,Guarani Campinas,https://media.api-sports.io/football/teams/138.png,False,2.0,0.0,1.0,0.0,2.0,0.0,,,,,,,
13412,,UTC,2017-10-17T21:15:00+00:00,1508274900,1508274900.0,1508278500.0,,Estádio Brinco de Ouro da Princesa,Campinas,Match Finished,FT,90.0,72,Serie B,Brazil,https://media.api-sports.io/football/leagues/72.png,https://media.api-sports.io/flags/br.svg,2017,Regular Season - 30,138,Guarani Campinas,https://media.api-sports.io/football/teams/138.png,,754,ABC,https://media.api-sports.io/football/teams/754.png,,1.0,1.0,1.0,1.0,1.0,1.0,,,,,,,
13413,,UTC,2017-10-17T21:15:00+00:00,1508274900,1508274900.0,1508278500.0,,"Estádio Municipal Jacy Scaff (Londrina, Paraná)",,Match Finished,FT,90.0,72,Serie B,Brazil,https://media.api-sports.io/football/leagues/72.png,https://media.api-sports.io/flags/br.svg,2017,Regular Season - 30,148,Londrina,https://media.api-sports.io/football/teams/148.png,True,137,Figueirense,https://media.api-sports.io/football/teams/137.png,False,1.0,0.0,1.0,0.0,1.0,0.0,,,,,,,
13411,,UTC,2017-10-17T21:15:00+00:00,1508274900,1508274900.0,1508278500.0,,Melão,Varginha,Match Finished,FT,90.0,72,Serie B,Brazil,https://media.api-sports.io/football/leagues/72.png,https://media.api-sports.io/flags/br.svg,2017,Regular Season - 30,153,BOA,https://media.api-sports.io/football/teams/153.png,,119,Internacional,https://media.api-sports.io/football/teams/119.png,,0.0,0.0,0.0,0.0,0.0,0.0,,,,,,,
13408,,UTC,2017-10-17T22:30:00+00:00,1508279400,1508279400.0,1508283000.0,,Arena Castelão,Fortaleza,Match Finished,FT,90.0,72,Serie B,Brazil,https://media.api-sports.io/football/leagues/72.png,https://media.api-sports.io/flags/br.svg,2017,Regular Season - 30,129,Ceara,https://media.api-sports.io/football/teams/129.png,True,122,Parana,https://media.api-sports.io/football/teams/122.png,False,1.0,0.0,1.0,0.0,1.0,0.0,,,,,,,
13409,,UTC,2017-10-17T22:30:00+00:00,1508279400,1508279400.0,1508283000.0,,Estadio Heriberto Hülse,Criciuma,Match Finished,FT,90.0,72,Serie B,Brazil,https://media.api-sports.io/football/leagues/72.png,https://media.api-sports.io/flags/br.svg,2017,Regular Season - 30,140,Criciuma,https://media.api-sports.io/football/teams/140.png,False,142,Vila Nova,https://media.api-sports.io/football/teams/142.png,True,0.0,1.0,0.0,1.0,0.0,1.0,,,,,,,
13407,,UTC,2017-10-17T22:30:00+00:00,1508279400,1508279400.0,1508283000.0,,Bento Mendes de Freitas,Pelotas,Match Finished,FT,90.0,72,Serie B,Brazil,https://media.api-sports.io/football/leagues/72.png,https://media.api-sports.io/flags/br.svg,2017,Regular Season - 30,141,Brasil DE Pelotas,https://media.api-sports.io/football/teams/141.png,,125,America Mineiro,https://media.api-sports.io/football/teams/125.png,,0.0,0.0,0.0,0.0,0.0,0.0,,,,,,,
13410,,UTC,2017-10-17T22:30:00+00:00,1508279400,1508279400.0,1508283000.0,,Estádio do Arruda,Recife,Match Finished,FT,90.0,72,Serie B,Brazil,https://media.api-sports.io/football/leagues/72.png,https://media.api-sports.io/flags/br.svg,2017,Regular Season - 30,753,Santa Cruz,https://media.api-sports.io/football/teams/753.png,,143,Oeste,https://media.api-sports.io/football/teams/143.png,,2.0,2.0,0.0,1.0,2.0,2.0,,,,,,,
13404,,UTC,2017-10-17T23:30:00+00:00,1508283000,1508283000.0,1508286600.0,,Estádio Rei Pelé,Maceio,Match Finished,FT,90.0,72,Serie B,Brazil,https://media.api-sports.io/football/leagues/72.png,https://media.api-sports.io/flags/br.svg,2017,Regular Season - 30,146,CRB,https://media.api-sports.io/football/teams/146.png,,755,Nautico Recife,https://media.api-sports.io/football/teams/755.png,,2.0,2.0,1.0,1.0,2.0,2.0,,,,,,,
13405,,UTC,2017-10-17T23:30:00+00:00,1508283000,1508283000.0,1508286600.0,,Serra Dourada,Goiania,Match Finished,FT,90.0,72,Serie B,Brazil,https://media.api-sports.io/football/leagues/72.png,https://media.api-sports.io/flags/br.svg,2017,Regular Season - 30,151,Goias,https://media.api-sports.io/football/teams/151.png,True,152,Juventude,https://media.api-sports.io/football/teams/152.png,False,1.0,0.0,0.0,0.0,1.0,0.0,,,,,,,
13406,,UTC,2017-10-17T23:30:00+00:00,1508283000,1508283000.0,1508286600.0,,Estadio Municipal Passo das Emas,Lucas do Rio Verde,Match Finished,FT,90.0,72,Serie B,Brazil,https://media.api-sports.io/football/leagues/72.png,https://media.api-sports.io/flags/br.svg,2017,Regular Season - 30,752,Luverdense,https://media.api-sports.io/football/teams/752.png,,149,Paysandu,https://media.api-sports.io/football/teams/149.png,,1.0,1.0,1.0,1.0,1.0,1.0,,,,,,,
13403,,UTC,2017-10-20T21:15:00+00:00,1508534100,1508534100.0,1508537700.0,,Estádio Brinco de Ouro da Princesa,Campinas,Match Finished,FT,90.0,72,Serie B,Brazil,https://media.api-sports.io/football/leagues/72.png,https://media.api-sports.io/flags/br.svg,2017,Regular Season - 31,138,Guarani Campinas,https://media.api-sports.io/football/teams/138.png,True,152,Juventude,https://media.api-sports.io/football/teams/152.png,False,2.0,0.0,1.0,0.0,2.0,0.0,,,,,,,
13401,,UTC,2017-10-20T22:30:00+00:00,1508538600,1508538600.0,1508542200.0,,Estádio Rei Pelé,Maceio,Match Finished,FT,90.0,72,Serie B,Brazil,https://media.api-sports.io/football/leagues/72.png,https://media.api-sports.io/flags/br.svg,2017,Regular Season - 31,146,CRB,https://media.api-sports.io/football/teams/146.png,,153,BOA,https://media.api-sports.io/football/teams/153.png,,1.0,1.0,1.0,1.0,1.0,1.0,,,,,,,
13402,,UTC,2017-10-20T22:30:00+00:00,1508538600,1508538600.0,1508542200.0,,Arena De Pernambuco,Sao Lourenco da Mata,Match Finished,FT,90.0,72,Serie B,Brazil,https://media.api-sports.io/football/leagues/72.png,https://media.api-sports.io/flags/br.svg,2017,Regular Season - 31,755,Nautico Recife,https://media.api-sports.io/football/teams/755.png,False,754,ABC,https://media.api-sports.io/football/teams/754.png,True,1.0,2.0,0.0,1.0,1.0,2.0,,,,,,,
13400,,UTC,2017-10-20T23:30:00+00:00,1508542200,1508542200.0,1508545800.0,,Arena Castelão,Fortaleza,Match Finished,FT,90.0,72,Serie B,Brazil,https://media.api-sports.io/football/leagues/72.png,https://media.api-sports.io/flags/br.svg,2017,Regular Season - 31,129,Ceara,https://media.api-sports.io/football/teams/129.png,,137,Figueirense,https://media.api-sports.io/football/teams/137.png,,2.0,2.0,1.0,1.0,2.0,2.0,,,,,,,
13399,,UTC,2017-10-21T18:30:00+00:00,1508610600,1508610600.0,1508614200.0,,Estadio Heriberto Hülse,Criciuma,Match Finished,FT,90.0,72,Serie B,Brazil,https://media.api-sports.io/football/leagues/72.png,https://media.api-sports.io/flags/br.svg,2017,Regular Season - 31,140,Criciuma,https://media.api-sports.io/football/teams/140.png,False,119,Internacional,https://media.api-sports.io/football/teams/119.png,True,2.0,3.0,1.0,2.0,2.0,3.0,,,,,,,
13396,,UTC,2017-10-21T19:30:00+00:00,1508614200,1508614200.0,1508617800.0,,Bento Mendes de Freitas,Pelotas,Match Finished,FT,90.0,72,Serie B,Brazil,https://media.api-sports.io/football/leagues/72.png,https://media.api-sports.io/flags/br.svg,2017,Regular Season - 31,141,Brasil DE Pelotas,https://media.api-sports.io/football/teams/141.png,,753,Santa Cruz,https://media.api-sports.io/football/teams/753.png,,1.0,1.0,0.0,1.0,1.0,1.0,,,,,,,
13398,,UTC,2017-10-21T19:30:00+00:00,1508614200,1508614200.0,1508617800.0,,Serra Dourada,Goiania,Match Finished,FT,90.0,72,Serie B,Brazil,https://media.api-sports.io/football/leagues/72.png,https://media.api-sports.io/flags/br.svg,2017,Regular Season - 31,142,Vila Nova,https://media.api-sports.io/football/teams/142.png,,143,Oeste,https://media.api-sports.io/football/teams/143.png,,0.0,0.0,0.0,0.0,0.0,0.0,,,,,,,
13397,,UTC,2017-10-21T19:30:00+00:00,1508614200,1508614200.0,1508617800.0,,"Estádio Municipal Jacy Scaff (Londrina, Paraná)",,Match Finished,FT,90.0,72,Serie B,Brazil,https://media.api-sports.io/football/leagues/72.png,https://media.api-sports.io/flags/br.svg,2017,Regular Season - 31,148,Londrina,https://media.api-sports.io/football/teams/148.png,True,149,Paysandu,https://media.api-sports.io/football/teams/149.png,False,2.0,0.0,2.0,0.0,2.0,0.0,,,,,,,
13395,,UTC,2017-10-21T21:00:00+00:00,1508619600,1508619600.0,1508623200.0,,Arena Independência,Belo Horizonte,Match Finished,FT,90.0,72,Serie B,Brazil,https://media.api-sports.io/football/leagues/72.png,https://media.api-sports.io/flags/br.svg,2017,Regular Season - 31,125,America Mineiro,https://media.api-sports.io/football/teams/125.png,,122,Parana,https://media.api-sports.io/football/teams/122.png,,1.0,1.0,0.0,1.0,1.0,1.0,,,,,,,
13394,,UTC,2017-10-21T23:00:00+00:00,1508626800,1508626800.0,1508630400.0,,Estadio Municipal Passo das Emas,Lucas do Rio Verde,Match Finished,FT,90.0,72,Serie B,Brazil,https://media.api-sports.io/football/leagues/72.png,https://media.api-sports.io/flags/br.svg,2017,Regular Season - 31,752,Luverdense,https://media.api-sports.io/football/teams/752.png,False,151,Goias,https://media.api-sports.io/football/teams/151.png,True,1.0,2.0,1.0,2.0,1.0,2.0,,,,,,,
13393,,UTC,2017-10-24T21:15:00+00:00,1508879700,1508879700.0,1508883300.0,,Estádio Alfredo Jaconi,Caxias do Sul,Match Finished,FT,90.0,72,Serie B,Brazil,https://media.api-sports.io/football/leagues/72.png,https://media.api-sports.io/flags/br.svg,2017,Regular Season - 32,152,Juventude,https://media.api-sports.io/football/teams/152.png,,755,Nautico Recife,https://media.api-sports.io/football/teams/755.png,,0.0,0.0,0.0,0.0,0.0,0.0,,,,,,,
13392,,UTC,2017-10-24T23:30:00+00:00,1508887800,1508887800.0,1508891400.0,,Durival Britto e Silva,Curitiba,Match Finished,FT,90.0,72,Serie B,Brazil,https://media.api-sports.io/football/leagues/72.png,https://media.api-sports.io/flags/br.svg,2017,Regular Season - 32,122,Parana,https://media.api-sports.io/football/teams/122.png,True,142,Vila Nova,https://media.api-sports.io/football/teams/142.png,False,1.0,0.0,0.0,0.0,1.0,0.0,,,,,,,
13391,,UTC,2017-10-27T21:15:00+00:00,1509138900,1509138900.0,1509142500.0,,Orlando Scarpelli,Florianopolis,Match Finished,FT,90.0,72,Serie B,Brazil,https://media.api-sports.io/football/leagues/72.png,https://media.api-sports.io/flags/br.svg,2017,Regular Season - 32,137,Figueirense,https://media.api-sports.io/football/teams/137.png,True,146,CRB,https://media.api-sports.io/football/teams/146.png,False,3.0,1.0,1.0,0.0,3.0,1.0,,,,,,,
13390,,UTC,2017-10-27T22:30:00+00:00,1509143400,1509143400.0,1509147000.0,,Arena Barueri,Barueri,Match Finished,FT,90.0,72,Serie B,Brazil,https://media.api-sports.io/football/leagues/72.png,https://media.api-sports.io/flags/br.svg,2017,Regular Season - 32,143,Oeste,https://media.api-sports.io/football/teams/143.png,True,141,Brasil DE Pelotas,https://media.api-sports.io/football/teams/141.png,False,1.0,0.0,0.0,0.0,1.0,0.0,,,,,,,
13389,,UTC,2017-10-27T23:30:00+00:00,1509147000,1509147000.0,1509150600.0,,Estádio Leônidas Castro,Belem,Match Finished,FT,90.0,72,Serie B,Brazil,https://media.api-sports.io/football/leagues/72.png,https://media.api-sports.io/flags/br.svg,2017,Regular Season - 32,149,Paysandu,https://media.api-sports.io/football/teams/149.png,True,140,Criciuma,https://media.api-sports.io/football/teams/140.png,False,1.0,0.0,1.0,0.0,1.0,0.0,,,,,,,
13388,,UTC,2017-10-28T18:30:00+00:00,1509215400,1509215400.0,1509219000.0,,Melão,Varginha,Match Finished,FT,90.0,72,Serie B,Brazil,https://media.api-sports.io/football/leagues/72.png,https://media.api-sports.io/flags/br.svg,2017,Regular Season - 32,153,BOA,https://media.api-sports.io/football/teams/153.png,,125,America Mineiro,https://media.api-sports.io/football/teams/125.png,,2.0,2.0,0.0,0.0,2.0,2.0,,,,,,,
13386,,UTC,2017-10-28T19:30:00+00:00,1509219000,1509219000.0,1509222600.0,,Estádio Beira Rio,Porto Alegre,Match Finished,FT,90.0,72,Serie B,Brazil,https://media.api-sports.io/football/leagues/72.png,https://media.api-sports.io/flags/br.svg,2017,Regular Season - 32,119,Internacional,https://media.api-sports.io/football/teams/119.png,False,129,Ceara,https://media.api-sports.io/football/teams/129.png,True,0.0,1.0,0.0,0.0,0.0,1.0,,,,,,,
13387,,UTC,2017-10-28T19:30:00+00:00,1509219000,1509219000.0,1509222600.0,,Estádio do Arruda,Recife,Match Finished,FT,90.0,72,Serie B,Brazil,https://media.api-sports.io/football/leagues/72.png,https://media.api-sports.io/flags/br.svg,2017,Regular Season - 32,753,Santa Cruz,https://media.api-sports.io/football/teams/753.png,,752,Luverdense,https://media.api-sports.io/football/teams/752.png,,0.0,0.0,0.0,0.0,0.0,0.0,,,,,,,
13385,,UTC,2017-10-28T19:30:00+00:00,1509219000,1509219000.0,1509222600.0,,Frasqueirão,Natal,Match Finished,FT,90.0,72,Serie B,Brazil,https://media.api-sports.io/football/leagues/72.png,https://media.api-sports.io/flags/br.svg,2017,Regular Season - 32,754,ABC,https://media.api-sports.io/football/teams/754.png,True,148,Londrina,https://media.api-sports.io/football/teams/148.png,False,3.0,0.0,1.0,0.0,3.0,0.0,,,,,,,
13384,,UTC,2017-10-28T21:00:00+00:00,1509224400,1509224400.0,1509228000.0,,Serra Dourada,Goiania,Match Finished,FT,90.0,72,Serie B,Brazil,https://media.api-sports.io/football/leagues/72.png,https://media.api-sports.io/flags/br.svg,2017,Regular Season - 32,151,Goias,https://media.api-sports.io/football/teams/151.png,,138,Guarani Campinas,https://media.api-sports.io/football/teams/138.png,,1.0,1.0,1.0,0.0,1.0,1.0,,,,,,,
13383,,UTC,2017-10-31T21:30:00+00:00,1509485400,1509485400.0,1509489000.0,,Serra Dourada,Goiania,Match Finished,FT,90.0,72,Serie B,Brazil,https://media.api-sports.io/football/leagues/72.png,https://media.api-sports.io/flags/br.svg,2017,Regular Season - 33,151,Goias,https://media.api-sports.io/football/teams/151.png,,140,Criciuma,https://media.api-sports.io/football/teams/140.png,,1.0,1.0,0.0,0.0,1.0,1.0,,,,,,,
13382,,UTC,2017-10-31T23:30:00+00:00,1509492600,1509492600.0,1509496200.0,,Durival Britto e Silva,Curitiba,Match Finished,FT,90.0,72,Serie B,Brazil,https://media.api-sports.io/football/leagues/72.png,https://media.api-sports.io/flags/br.svg,2017,Regular Season - 33,122,Parana,https://media.api-sports.io/football/teams/122.png,False,143,Oeste,https://media.api-sports.io/football/teams/143.png,True,1.0,2.0,1.0,0.0,1.0,2.0,,,,,,,
13380,,UTC,2017-11-03T21:15:00+00:00,1509743700,1509743700.0,1509747300.0,,Estádio Beira Rio,Porto Alegre,Match Finished,FT,90.0,72,Serie B,Brazil,https://media.api-sports.io/football/leagues/72.png,https://media.api-sports.io/flags/br.svg,2017,Regular Season - 33,119,Internacional,https://media.api-sports.io/football/teams/119.png,,146,CRB,https://media.api-sports.io/football/teams/146.png,,0.0,0.0,0.0,0.0,0.0,0.0,,,,,,,
13381,,UTC,2017-11-03T21:15:00+00:00,1509743700,1509743700.0,1509747300.0,,Estádio Alfredo Jaconi,Caxias do Sul,Match Finished,FT,90.0,72,Serie B,Brazil,https://media.api-sports.io/football/leagues/72.png,https://media.api-sports.io/flags/br.svg,2017,Regular Season - 33,152,Juventude,https://media.api-sports.io/football/teams/152.png,True,129,Ceara,https://media.api-sports.io/football/teams/129.png,False,1.0,0.0,0.0,0.0,1.0,0.0,,,,,,,
13379,,UTC,2017-11-03T23:30:00+00:00,1509751800,1509751800.0,1509755400.0,,Estádio Leônidas Castro,Belem,Match Finished,FT,90.0,72,Serie B,Brazil,https://media.api-sports.io/football/leagues/72.png,https://media.api-sports.io/flags/br.svg,2017,Regular Season - 33,149,Paysandu,https://media.api-sports.io/football/teams/149.png,,142,Vila Nova,https://media.api-sports.io/football/teams/142.png,,1.0,1.0,1.0,1.0,1.0,1.0,,,,,,,
13378,,UTC,2017-11-03T23:30:00+00:00,1509751800,1509751800.0,1509755400.0,,Frasqueirão,Natal,Match Finished,FT,90.0,72,Serie B,Brazil,https://media.api-sports.io/football/leagues/72.png,https://media.api-sports.io/flags/br.svg,2017,Regular Season - 33,754,ABC,https://media.api-sports.io/football/teams/754.png,False,752,Luverdense,https://media.api-sports.io/football/teams/752.png,True,0.0,1.0,0.0,1.0,0.0,1.0,,,,,,,
13377,,UTC,2017-11-04T18:30:00+00:00,1509820200,1509820200.0,1509823800.0,,Orlando Scarpelli,Florianopolis,Match Finished,FT,90.0,72,Serie B,Brazil,https://media.api-sports.io/football/leagues/72.png,https://media.api-sports.io/flags/br.svg,2017,Regular Season - 33,137,Figueirense,https://media.api-sports.io/football/teams/137.png,True,141,Brasil DE Pelotas,https://media.api-sports.io/football/teams/141.png,False,2.0,0.0,1.0,0.0,2.0,0.0,,,,,,,
13375,,UTC,2017-11-04T19:30:00+00:00,1509823800,1509823800.0,1509827400.0,,Estádio Brinco de Ouro da Princesa,Campinas,Match Finished,FT,90.0,72,Serie B,Brazil,https://media.api-sports.io/football/leagues/72.png,https://media.api-sports.io/flags/br.svg,2017,Regular Season - 33,138,Guarani Campinas,https://media.api-sports.io/football/teams/138.png,False,125,America Mineiro,https://media.api-sports.io/football/teams/125.png,True,0.0,1.0,0.0,1.0,0.0,1.0,,,,,,,
13374,,UTC,2017-11-04T19:30:00+00:00,1509823800,1509823800.0,1509827400.0,,Melão,Varginha,Match Finished,FT,90.0,72,Serie B,Brazil,https://media.api-sports.io/football/leagues/72.png,https://media.api-sports.io/flags/br.svg,2017,Regular Season - 33,153,BOA,https://media.api-sports.io/football/teams/153.png,False,148,Londrina,https://media.api-sports.io/football/teams/148.png,True,0.0,1.0,0.0,1.0,0.0,1.0,,,,,,,
13376,,UTC,2017-11-04T19:30:00+00:00,1509823800,1509823800.0,1509827400.0,,Estádio do Arruda,Recife,Match Finished,FT,90.0,72,Serie B,Brazil,https://media.api-sports.io/football/leagues/72.png,https://media.api-sports.io/flags/br.svg,2017,Regular Season - 33,753,Santa Cruz,https://media.api-sports.io/football/teams/753.png,False,755,Nautico Recife,https://media.api-sports.io/football/teams/755.png,True,2.0,3.0,1.0,1.0,2.0,3.0,,,,,,,
13373,,UTC,2017-11-06T22:00:00+00:00,1510005600,1510005600.0,1510009200.0,,Estadio Municipal Passo das Emas,Lucas do Rio Verde,Match Finished,FT,90.0,72,Serie B,Brazil,https://media.api-sports.io/football/leagues/72.png,https://media.api-sports.io/flags/br.svg,2017,Regular Season - 34,752,Luverdense,https://media.api-sports.io/football/teams/752.png,,119,Internacional,https://media.api-sports.io/football/teams/119.png,,2.0,2.0,1.0,1.0,2.0,2.0,,,,,,,
13370,,UTC,2017-11-07T21:15:00+00:00,1510089300,1510089300.0,1510092900.0,,Arena Independência,Belo Horizonte,Match Finished,FT,90.0,72,Serie B,Brazil,https://media.api-sports.io/football/leagues/72.png,https://media.api-sports.io/flags/br.svg,2017,Regular Season - 34,125,America Mineiro,https://media.api-sports.io/football/teams/125.png,True,754,ABC,https://media.api-sports.io/football/teams/754.png,False,2.0,0.0,1.0,0.0,2.0,0.0,,,,,,,
13371,,UTC,2017-11-07T21:15:00+00:00,1510089300,1510089300.0,1510092900.0,,Estadio Heriberto Hülse,Criciuma,Match Finished,FT,90.0,72,Serie B,Brazil,https://media.api-sports.io/football/leagues/72.png,https://media.api-sports.io/flags/br.svg,2017,Regular Season - 34,140,Criciuma,https://media.api-sports.io/football/teams/140.png,True,153,BOA,https://media.api-sports.io/football/teams/153.png,False,2.0,0.0,1.0,0.0,2.0,0.0,,,,,,,
13372,,UTC,2017-11-07T21:15:00+00:00,1510089300,1510089300.0,1510092900.0,,Serra Dourada,Goiania,Match Finished,FT,90.0,72,Serie B,Brazil,https://media.api-sports.io/football/leagues/72.png,https://media.api-sports.io/flags/br.svg,2017,Regular Season - 34,142,Vila Nova,https://media.api-sports.io/football/teams/142.png,,753,Santa Cruz,https://media.api-sports.io/football/teams/753.png,,1.0,1.0,1.0,0.0,1.0,1.0,,,,,,,
13366,,UTC,2017-11-07T22:30:00+00:00,1510093800,1510093800.0,1510097400.0,,Bento Mendes de Freitas,Pelotas,Match Finished,FT,90.0,72,Serie B,Brazil,https://media.api-sports.io/football/leagues/72.png,https://media.api-sports.io/flags/br.svg,2017,Regular Season - 34,141,Brasil DE Pelotas,https://media.api-sports.io/football/teams/141.png,True,122,Parana,https://media.api-sports.io/football/teams/122.png,False,2.0,0.0,0.0,0.0,2.0,0.0,,,,,,,
13369,,UTC,2017-11-07T22:30:00+00:00,1510093800,1510093800.0,1510097400.0,,Arena Barueri,Barueri,Match Finished,FT,90.0,72,Serie B,Brazil,https://media.api-sports.io/football/leagues/72.png,https://media.api-sports.io/flags/br.svg,2017,Regular Season - 34,143,Oeste,https://media.api-sports.io/football/teams/143.png,,137,Figueirense,https://media.api-sports.io/football/teams/137.png,,1.0,1.0,0.0,0.0,1.0,1.0,,,,,,,
13367,,UTC,2017-11-07T22:30:00+00:00,1510093800,1510093800.0,1510097400.0,,"Estádio Municipal Jacy Scaff (Londrina, Paraná)",,Match Finished,FT,90.0,72,Serie B,Brazil,https://media.api-sports.io/football/leagues/72.png,https://media.api-sports.io/flags/br.svg,2017,Regular Season - 34,148,Londrina,https://media.api-sports.io/football/teams/148.png,True,151,Goias,https://media.api-sports.io/football/teams/151.png,False,2.0,0.0,0.0,0.0,2.0,0.0,,,,,,,
13368,,UTC,2017-11-07T22:30:00+00:00,1510093800,1510093800.0,1510097400.0,,Arena De Pernambuco,Sao Lourenco da Mata,Match Finished,FT,90.0,72,Serie B,Brazil,https://media.api-sports.io/football/leagues/72.png,https://media.api-sports.io/flags/br.svg,2017,Regular Season - 34,755,Nautico Recife,https://media.api-sports.io/football/teams/755.png,False,149,Paysandu,https://media.api-sports.io/football/teams/149.png,True,1.0,3.0,1.0,1.0,1.0,3.0,,,,,,,
13364,,UTC,2017-11-07T23:30:00+00:00,1510097400,1510097400.0,1510101000.0,,Arena Castelão,Fortaleza,Match Finished,FT,90.0,72,Serie B,Brazil,https://media.api-sports.io/football/leagues/72.png,https://media.api-sports.io/flags/br.svg,2017,Regular Season - 34,129,Ceara,https://media.api-sports.io/football/teams/129.png,,138,Guarani Campinas,https://media.api-sports.io/football/teams/138.png,,2.0,2.0,1.0,1.0,2.0,2.0,,,,,,,
13365,,UTC,2017-11-07T23:30:00+00:00,1510097400,1510097400.0,1510101000.0,,Estádio Rei Pelé,Maceio,Match Finished,FT,90.0,72,Serie B,Brazil,https://media.api-sports.io/football/leagues/72.png,https://media.api-sports.io/flags/br.svg,2017,Regular Season - 34,146,CRB,https://media.api-sports.io/football/teams/146.png,True,152,Juventude,https://media.api-sports.io/football/teams/152.png,False,2.0,0.0,1.0,0.0,2.0,0.0,,,,,,,
13363,,UTC,2017-11-10T21:15:00+00:00,1510348500,1510348500.0,1510352100.0,,Estádio Alfredo Jaconi,Caxias do Sul,Match Finished,FT,90.0,72,Serie B,Brazil,https://media.api-sports.io/football/leagues/72.png,https://media.api-sports.io/flags/br.svg,2017,Regular Season - 35,152,Juventude,https://media.api-sports.io/football/teams/152.png,,143,Oeste,https://media.api-sports.io/football/teams/143.png,,0.0,0.0,0.0,0.0,0.0,0.0,,,,,,,
13362,,UTC,2017-11-10T23:30:00+00:00,1510356600,1510356600.0,1510360200.0,,Durival Britto e Silva,Curitiba,Match Finished,FT,90.0,72,Serie B,Brazil,https://media.api-sports.io/football/leagues/72.png,https://media.api-sports.io/flags/br.svg,2017,Regular Season - 35,122,Parana,https://media.api-sports.io/football/teams/122.png,True,752,Luverdense,https://media.api-sports.io/football/teams/752.png,False,2.0,0.0,1.0,0.0,2.0,0.0,,,,,,,
13361,,UTC,2017-11-10T23:30:00+00:00,1510356600,1510356600.0,1510360200.0,,Frasqueirão,Natal,Match Finished,FT,90.0,72,Serie B,Brazil,https://media.api-sports.io/football/leagues/72.png,https://media.api-sports.io/flags/br.svg,2017,Regular Season - 35,754,ABC,https://media.api-sports.io/football/teams/754.png,True,140,Criciuma,https://media.api-sports.io/football/teams/140.png,False,3.0,1.0,0.0,1.0,3.0,1.0,,,,,,,
13360,,UTC,2017-11-11T18:30:00+00:00,1510425000,1510425000.0,1510428600.0,,Estádio Beira Rio,Porto Alegre,Match Finished,FT,90.0,72,Serie B,Brazil,https://media.api-sports.io/football/leagues/72.png,https://media.api-sports.io/flags/br.svg,2017,Regular Season - 35,119,Internacional,https://media.api-sports.io/football/teams/119.png,,142,Vila Nova,https://media.api-sports.io/football/teams/142.png,,1.0,1.0,1.0,0.0,1.0,1.0,,,,,,,
13357,,UTC,2017-11-11T19:30:00+00:00,1510428600,1510428600.0,1510432200.0,,Orlando Scarpelli,Florianopolis,Match Finished,FT,90.0,72,Serie B,Brazil,https://media.api-sports.io/football/leagues/72.png,https://media.api-sports.io/flags/br.svg,2017,Regular Season - 35,137,Figueirense,https://media.api-sports.io/football/teams/137.png,False,125,America Mineiro,https://media.api-sports.io/football/teams/125.png,True,1.0,2.0,1.0,2.0,1.0,2.0,,,,,,,
13358,,UTC,2017-11-11T19:30:00+00:00,1510428600,1510428600.0,1510432200.0,,Serra Dourada,Goiania,Match Finished,FT,90.0,72,Serie B,Brazil,https://media.api-sports.io/football/leagues/72.png,https://media.api-sports.io/flags/br.svg,2017,Regular Season - 35,151,Goias,https://media.api-sports.io/football/teams/151.png,,129,Ceara,https://media.api-sports.io/football/teams/129.png,,0.0,0.0,0.0,0.0,0.0,0.0,,,,,,,
13356,,UTC,2017-11-11T19:30:00+00:00,1510428600,1510428600.0,1510432200.0,,Melão,Varginha,Match Finished,FT,90.0,72,Serie B,Brazil,https://media.api-sports.io/football/leagues/72.png,https://media.api-sports.io/flags/br.svg,2017,Regular Season - 35,153,BOA,https://media.api-sports.io/football/teams/153.png,True,753,Santa Cruz,https://media.api-sports.io/football/teams/753.png,False,4.0,2.0,1.0,1.0,4.0,2.0,,,,,,,
13359,,UTC,2017-11-11T19:30:00+00:00,1510428600,1510428600.0,1510432200.0,,Arena De Pernambuco,Sao Lourenco da Mata,Match Finished,FT,90.0,72,Serie B,Brazil,https://media.api-sports.io/football/leagues/72.png,https://media.api-sports.io/flags/br.svg,2017,Regular Season - 35,755,Nautico Recife,https://media.api-sports.io/football/teams/755.png,False,148,Londrina,https://media.api-sports.io/football/teams/148.png,True,1.0,2.0,0.0,1.0,1.0,2.0,,,,,,,
13354,,UTC,2017-11-11T21:00:00+00:00,1510434000,1510434000.0,1510437600.0,,Estádio Brinco de Ouro da Princesa,Campinas,Match Finished,FT,90.0,72,Serie B,Brazil,https://media.api-sports.io/football/leagues/72.png,https://media.api-sports.io/flags/br.svg,2017,Regular Season - 35,138,Guarani Campinas,https://media.api-sports.io/football/teams/138.png,True,146,CRB,https://media.api-sports.io/football/teams/146.png,False,2.0,1.0,1.0,1.0,2.0,1.0,,,,,,,
13355,,UTC,2017-11-11T21:00:00+00:00,1510434000,1510434000.0,1510437600.0,,Estádio Leônidas Castro,Belem,Match Finished,FT,90.0,72,Serie B,Brazil,https://media.api-sports.io/football/leagues/72.png,https://media.api-sports.io/flags/br.svg,2017,Regular Season - 35,149,Paysandu,https://media.api-sports.io/football/teams/149.png,False,141,Brasil DE Pelotas,https://media.api-sports.io/football/teams/141.png,True,2.0,3.0,1.0,1.0,2.0,3.0,,,,,,,
13352,,UTC,2017-11-14T21:15:00+00:00,1510694100,1510694100.0,1510697700.0,,Estadio Heriberto Hülse,Criciuma,Match Finished,FT,90.0,72,Serie B,Brazil,https://media.api-sports.io/football/leagues/72.png,https://media.api-sports.io/flags/br.svg,2017,Regular Season - 36,140,Criciuma,https://media.api-sports.io/football/teams/140.png,,755,Nautico Recife,https://media.api-sports.io/football/teams/755.png,,0.0,0.0,0.0,0.0,0.0,0.0,,,,,,,
13353,,UTC,2017-11-14T21:15:00+00:00,1510694100,1510694100.0,1510697700.0,,"Estádio Municipal Jacy Scaff (Londrina, Paraná)",,Match Finished,FT,90.0,72,Serie B,Brazil,https://media.api-sports.io/football/leagues/72.png,https://media.api-sports.io/flags/br.svg,2017,Regular Season - 36,148,Londrina,https://media.api-sports.io/football/teams/148.png,True,138,Guarani Campinas,https://media.api-sports.io/football/teams/138.png,False,1.0,0.0,1.0,0.0,1.0,0.0,,,,,,,
13349,,UTC,2017-11-14T22:30:00+00:00,1510698600,1510698600.0,1510702200.0,,Bento Mendes de Freitas,Pelotas,Match Finished,FT,90.0,72,Serie B,Brazil,https://media.api-sports.io/football/leagues/72.png,https://media.api-sports.io/flags/br.svg,2017,Regular Season - 36,141,Brasil DE Pelotas,https://media.api-sports.io/football/teams/141.png,True,754,ABC,https://media.api-sports.io/football/teams/754.png,False,3.0,0.0,1.0,0.0,3.0,0.0,,,,,,,
13351,,UTC,2017-11-14T22:30:00+00:00,1510698600,1510698600.0,1510702200.0,,Serra Dourada,Goiania,Match Finished,FT,90.0,72,Serie B,Brazil,https://media.api-sports.io/football/leagues/72.png,https://media.api-sports.io/flags/br.svg,2017,Regular Season - 36,142,Vila Nova,https://media.api-sports.io/football/teams/142.png,,137,Figueirense,https://media.api-sports.io/football/teams/137.png,,1.0,1.0,1.0,1.0,1.0,1.0,,,,,,,
13350,,UTC,2017-11-14T22:30:00+00:00,1510698600,1510698600.0,1510702200.0,,Arena Barueri,Barueri,Match Finished,FT,90.0,72,Serie B,Brazil,https://media.api-sports.io/football/leagues/72.png,https://media.api-sports.io/flags/br.svg,2017,Regular Season - 36,143,Oeste,https://media.api-sports.io/football/teams/143.png,,119,Internacional,https://media.api-sports.io/football/teams/119.png,,0.0,0.0,0.0,0.0,0.0,0.0,,,,,,,
13344,,UTC,2017-11-14T23:30:00+00:00,1510702200,1510702200.0,1510705800.0,,Arena Independência,Belo Horizonte,Match Finished,FT,90.0,72,Serie B,Brazil,https://media.api-sports.io/football/leagues/72.png,https://media.api-sports.io/flags/br.svg,2017,Regular Season - 36,125,America Mineiro,https://media.api-sports.io/football/teams/125.png,True,152,Juventude,https://media.api-sports.io/football/teams/152.png,False,1.0,0.0,0.0,0.0,1.0,0.0,,,,,,,
13345,,UTC,2017-11-14T23:30:00+00:00,1510702200,1510702200.0,1510705800.0,,Arena Castelão,Fortaleza,Match Finished,FT,90.0,72,Serie B,Brazil,https://media.api-sports.io/football/leagues/72.png,https://media.api-sports.io/flags/br.svg,2017,Regular Season - 36,129,Ceara,https://media.api-sports.io/football/teams/129.png,True,149,Paysandu,https://media.api-sports.io/football/teams/149.png,False,2.0,0.0,1.0,0.0,2.0,0.0,,,,,,,
13346,,UTC,2017-11-14T23:30:00+00:00,1510702200,1510702200.0,1510705800.0,,Estádio Rei Pelé,Maceio,Match Finished,FT,90.0,72,Serie B,Brazil,https://media.api-sports.io/football/leagues/72.png,https://media.api-sports.io/flags/br.svg,2017,Regular Season - 36,146,CRB,https://media.api-sports.io/football/teams/146.png,True,151,Goias,https://media.api-sports.io/football/teams/151.png,False,2.0,1.0,2.0,0.0,2.0,1.0,,,,,,,
13347,,UTC,2017-11-14T23:30:00+00:00,1510702200,1510702200.0,1510705800.0,,Estadio Municipal Passo das Emas,Lucas do Rio Verde,Match Finished,FT,90.0,72,Serie B,Brazil,https://media.api-sports.io/football/leagues/72.png,https://media.api-sports.io/flags/br.svg,2017,Regular Season - 36,752,Luverdense,https://media.api-sports.io/football/teams/752.png,False,153,BOA,https://media.api-sports.io/football/teams/153.png,True,0.0,1.0,0.0,1.0,0.0,1.0,,,,,,,
13348,,UTC,2017-11-14T23:30:00+00:00,1510702200,1510702200.0,1510705800.0,,Estádio do Arruda,Recife,Match Finished,FT,90.0,72,Serie B,Brazil,https://media.api-sports.io/football/leagues/72.png,https://media.api-sports.io/flags/br.svg,2017,Regular Season - 36,753,Santa Cruz,https://media.api-sports.io/football/teams/753.png,,122,Parana,https://media.api-sports.io/football/teams/122.png,,0.0,0.0,0.0,0.0,0.0,0.0,,,,,,,
13343,,UTC,2017-11-17T21:15:00+00:00,1510953300,1510953300.0,1510956900.0,,Estádio Brinco de Ouro da Princesa,Campinas,Match Finished,FT,90.0,72,Serie B,Brazil,https://media.api-sports.io/football/leagues/72.png,https://media.api-sports.io/flags/br.svg,2017,Regular Season - 37,138,Guarani Campinas,https://media.api-sports.io/football/teams/138.png,,752,Luverdense,https://media.api-sports.io/football/teams/752.png,,0.0,0.0,0.0,0.0,0.0,0.0,,,,,,,
13342,,UTC,2017-11-17T23:30:00+00:00,1510961400,1510961400.0,1510965000.0,,Estádio Alfredo Jaconi,Caxias do Sul,Match Finished,FT,90.0,72,Serie B,Brazil,https://media.api-sports.io/football/leagues/72.png,https://media.api-sports.io/flags/br.svg,2017,Regular Season - 37,152,Juventude,https://media.api-sports.io/football/teams/152.png,,137,Figueirense,https://media.api-sports.io/football/teams/137.png,,0.0,0.0,0.0,0.0,0.0,0.0,,,,,,,
13341,,UTC,2017-11-18T19:00:00+00:00,1511031600,1511031600.0,1511035200.0,,"Estádio Municipal Jacy Scaff (Londrina, Paraná)",,Match Finished,FT,90.0,72,Serie B,Brazil,https://media.api-sports.io/football/leagues/72.png,https://media.api-sports.io/flags/br.svg,2017,Regular Season - 37,148,Londrina,https://media.api-sports.io/football/teams/148.png,,125,America Mineiro,https://media.api-sports.io/football/teams/125.png,,0.0,0.0,0.0,0.0,0.0,0.0,,,,,,,
13340,,UTC,2017-11-18T19:00:00+00:00,1511031600,1511031600.0,1511035200.0,,Serra Dourada,Goiania,Match Finished,FT,90.0,72,Serie B,Brazil,https://media.api-sports.io/football/leagues/72.png,https://media.api-sports.io/flags/br.svg,2017,Regular Season - 37,151,Goias,https://media.api-sports.io/football/teams/151.png,False,119,Internacional,https://media.api-sports.io/football/teams/119.png,True,0.0,2.0,0.0,0.0,0.0,2.0,,,,,,,
13337,,UTC,2017-11-18T19:30:00+00:00,1511033400,1511033400.0,1511037000.0,,Estádio Rei Pelé,Maceio,Match Finished,FT,90.0,72,Serie B,Brazil,https://media.api-sports.io/football/leagues/72.png,https://media.api-sports.io/flags/br.svg,2017,Regular Season - 37,146,CRB,https://media.api-sports.io/football/teams/146.png,False,122,Parana,https://media.api-sports.io/football/teams/122.png,True,0.0,1.0,0.0,0.0,0.0,1.0,,,,,,,
13339,,UTC,2017-11-18T19:30:00+00:00,1511033400,1511033400.0,1511037000.0,,Estádio Leônidas Castro,Belem,Match Finished,FT,90.0,72,Serie B,Brazil,https://media.api-sports.io/football/leagues/72.png,https://media.api-sports.io/flags/br.svg,2017,Regular Season - 37,149,Paysandu,https://media.api-sports.io/football/teams/149.png,True,753,Santa Cruz,https://media.api-sports.io/football/teams/753.png,False,4.0,2.0,2.0,0.0,4.0,2.0,,,,,,,
13336,,UTC,2017-11-18T19:30:00+00:00,1511033400,1511033400.0,1511037000.0,,Melão,Varginha,Match Finished,FT,90.0,72,Serie B,Brazil,https://media.api-sports.io/football/leagues/72.png,https://media.api-sports.io/flags/br.svg,2017,Regular Season - 37,153,BOA,https://media.api-sports.io/football/teams/153.png,True,141,Brasil DE Pelotas,https://media.api-sports.io/football/teams/141.png,False,2.0,1.0,0.0,0.0,2.0,1.0,,,,,,,
13335,,UTC,2017-11-18T19:30:00+00:00,1511033400,1511033400.0,1511037000.0,,Frasqueirão,Natal,Match Finished,FT,90.0,72,Serie B,Brazil,https://media.api-sports.io/football/leagues/72.png,https://media.api-sports.io/flags/br.svg,2017,Regular Season - 37,754,ABC,https://media.api-sports.io/football/teams/754.png,True,143,Oeste,https://media.api-sports.io/football/teams/143.png,False,2.0,0.0,1.0,0.0,2.0,0.0,,,,,,,
13338,,UTC,2017-11-18T19:30:00+00:00,1511033400,1511033400.0,1511037000.0,,Arena De Pernambuco,Sao Lourenco da Mata,Match Finished,FT,90.0,72,Serie B,Brazil,https://media.api-sports.io/football/leagues/72.png,https://media.api-sports.io/flags/br.svg,2017,Regular Season - 37,755,Nautico Recife,https://media.api-sports.io/football/teams/755.png,False,142,Vila Nova,https://media.api-sports.io/football/teams/142.png,True,1.0,2.0,0.0,0.0,1.0,2.0,,,,,,,
13334,,UTC,2017-11-18T21:30:00+00:00,1511040600,1511040600.0,1511044200.0,,Estadio Heriberto Hülse,Criciuma,Match Finished,FT,90.0,72,Serie B,Brazil,https://media.api-sports.io/football/leagues/72.png,https://media.api-sports.io/flags/br.svg,2017,Regular Season - 37,140,Criciuma,https://media.api-sports.io/football/teams/140.png,,129,Ceara,https://media.api-sports.io/football/teams/129.png,,1.0,1.0,0.0,0.0,1.0,1.0,,,,,,,
13333,,UTC,2017-11-21T22:00:00+00:00,1511301600,1511301600.0,1511305200.0,,Estádio do Arruda,Recife,Match Finished,FT,90.0,72,Serie B,Brazil,https://media.api-sports.io/football/leagues/72.png,https://media.api-sports.io/flags/br.svg,2017,Regular Season - 38,753,Santa Cruz,https://media.api-sports.io/football/teams/753.png,True,152,Juventude,https://media.api-sports.io/football/teams/152.png,False,5.0,2.0,2.0,0.0,5.0,2.0,,,,,,,
13332,,UTC,2017-11-24T21:15:00+00:00,1511558100,1511558100.0,1511561700.0,,Bento Mendes de Freitas,Pelotas,Match Finished,FT,90.0,72,Serie B,Brazil,https://media.api-sports.io/football/leagues/72.png,https://media.api-sports.io/flags/br.svg,2017,Regular Season - 38,141,Brasil DE Pelotas,https://media.api-sports.io/football/teams/141.png,True,140,Criciuma,https://media.api-sports.io/football/teams/140.png,False,3.0,2.0,0.0,2.0,3.0,2.0,,,,,,,
13331,,UTC,2017-11-24T23:30:00+00:00,1511566200,1511566200.0,1511569800.0,,Orlando Scarpelli,Florianopolis,Match Finished,FT,90.0,72,Serie B,Brazil,https://media.api-sports.io/football/leagues/72.png,https://media.api-sports.io/flags/br.svg,2017,Regular Season - 38,137,Figueirense,https://media.api-sports.io/football/teams/137.png,True,149,Paysandu,https://media.api-sports.io/football/teams/149.png,False,1.0,0.0,1.0,0.0,1.0,0.0,,,,,,,
13326,,UTC,2017-11-25T19:30:00+00:00,1511638200,1511638200.0,1511641800.0,,Estádio Beira Rio,Porto Alegre,Match Finished,FT,90.0,72,Serie B,Brazil,https://media.api-sports.io/football/leagues/72.png,https://media.api-sports.io/flags/br.svg,2017,Regular Season - 38,119,Internacional,https://media.api-sports.io/football/teams/119.png,True,138,Guarani Campinas,https://media.api-sports.io/football/teams/138.png,False,2.0,0.0,2.0,0.0,2.0,0.0,,,,,,,
13329,,UTC,2017-11-25T19:30:00+00:00,1511638200,1511638200.0,1511641800.0,,Durival Britto e Silva,Curitiba,Match Finished,FT,90.0,72,Serie B,Brazil,https://media.api-sports.io/football/leagues/72.png,https://media.api-sports.io/flags/br.svg,2017,Regular Season - 38,122,Parana,https://media.api-sports.io/football/teams/122.png,,153,BOA,https://media.api-sports.io/football/teams/153.png,,1.0,1.0,0.0,0.0,1.0,1.0,,,,,,,
13324,,UTC,2017-11-25T19:30:00+00:00,1511638200,1511638200.0,1511641800.0,,Arena Independência,Belo Horizonte,Match Finished,FT,90.0,72,Serie B,Brazil,https://media.api-sports.io/football/leagues/72.png,https://media.api-sports.io/flags/br.svg,2017,Regular Season - 38,125,America Mineiro,https://media.api-sports.io/football/teams/125.png,True,146,CRB,https://media.api-sports.io/football/teams/146.png,False,1.0,0.0,0.0,0.0,1.0,0.0,,,,,,,
13325,,UTC,2017-11-25T19:30:00+00:00,1511638200,1511638200.0,1511641800.0,,Estadio Castelão,Fortaleza,Match Finished,FT,90.0,72,Serie B,Brazil,https://media.api-sports.io/football/leagues/72.png,https://media.api-sports.io/flags/br.svg,2017,Regular Season - 38,129,Ceara,https://media.api-sports.io/football/teams/129.png,True,754,ABC,https://media.api-sports.io/football/teams/754.png,False,1.0,0.0,0.0,0.0,1.0,0.0,,,,,,,
13330,,UTC,2017-11-25T19:30:00+00:00,1511638200,1511638200.0,1511641800.0,,Serra Dourada,Goiania,Match Finished,FT,90.0,72,Serie B,Brazil,https://media.api-sports.io/football/leagues/72.png,https://media.api-sports.io/flags/br.svg,2017,Regular Season - 38,142,Vila Nova,https://media.api-sports.io/football/teams/142.png,False,148,Londrina,https://media.api-sports.io/football/teams/148.png,True,0.0,1.0,0.0,1.0,0.0,1.0,,,,,,,
13328,,UTC,2017-11-25T19:30:00+00:00,1511638200,1511638200.0,1511641800.0,,Arena Barueri,Barueri,Match Finished,FT,90.0,72,Serie B,Brazil,https://media.api-sports.io/football/leagues/72.png,https://media.api-sports.io/flags/br.svg,2017,Regular Season - 38,143,Oeste,https://media.api-sports.io/football/teams/143.png,,151,Goias,https://media.api-sports.io/football/teams/151.png,,1.0,1.0,0.0,0.0,1.0,1.0,,,,,,,
13327,,UTC,2017-11-25T19:30:00+00:00,1511638200,1511638200.0,1511641800.0,,Estadio Municipal Passo das Emas,Lucas do Rio Verde,Match Finished,FT,90.0,72,Serie B,Brazil,https://media.api-sports.io/football/leagues/72.png,https://media.api-sports.io/flags/br.svg,2017,Regular Season - 38,752,Luverdense,https://media.api-sports.io/football/teams/752.png,True,755,Nautico Recife,https://media.api-sports.io/football/teams/755.png,False,3.0,0.0,1.0,0.0,3.0,0.0,,,,,,,
