fixture_id,fixture_referee,fixture_timezone,fixture_date,fixture_timestamp,fixture_periods_first,fixture_periods_second,fixture_venue_id,fixture_venue_name,fixture_venue_city,fixture_status_long,fixture_status_short,fixture_status_elapsed,league_id,league_name,league_country,league_logo,league_flag,league_season,league_round,teams_home_id,teams_home_name,teams_home_logo,teams_home_winner,teams_away_id,teams_away_name,teams_away_logo,teams_away_winner,goals_home,goals_away,score_halftime_home,score_halftime_away,score_fulltime_home,score_fulltime_away,score_extratime_home,score_extratime_away,score_penalty_home,score_penalty_away,fixture_status_extra,league_standings,chave
2306,,UTC,2018-04-13T22:15:00+00:00,1523657700,1523657700.0,1523661300.0,,Estadio Castelão,Fortaleza,Match Finished,FT,90.0,72,Serie B,Brazil,https://media.api-sports.io/football/leagues/72.png,https://media.api-sports.io/flags/br.svg,2018,Regular Season - 1,154,Fortaleza EC,https://media.api-sports.io/football/teams/154.png,True,138,Guarani Campinas,https://media.api-sports.io/football/teams/138.png,False,2.0,1.0,0.0,0.0,2.0,1.0,,,,,,,
2305,,UTC,2018-04-13T23:30:00+00:00,1523662200,1523662200.0,1523665800.0,,Arena Barueri,Barueri,Match Finished,FT,90.0,72,Serie B,Brazil,https://media.api-sports.io/football/leagues/72.png,https://media.api-sports.io/flags/br.svg,2018,Regular Season - 1,143,Oeste,https://media.api-sports.io/football/teams/143.png,True,146,CRB,https://media.api-sports.io/football/teams/146.png,False,2.0,0.0,1.0,0.0,2.0,0.0,,,,,,,
2304,,UTC,2018-04-13T23:30:00+00:00,1523662200,1523662200.0,1523665800.0,,Serra Dourada,Goiania,Match Finished,FT,90.0,72,Serie B,Brazil,https://media.api-sports.io/football/leagues/72.png,https://media.api-sports.io/flags/br.svg,2018,Regular Season - 1,144,Atletico Goianiense,https://media.api-sports.io/football/teams/144.png,True,140,Criciuma,https://media.api-sports.io/football/teams/140.png,False,3.0,2.0,1.0,1.0,3.0,2.0,,,,,,,
2303,,UTC,2018-04-14T00:30:00+00:00,1523665800,1523665800.0,1523669400.0,,"Estádio Orlando Scarpelli (Florianópolis, Santa Catarina)",,Match Finished,FT,90.0,72,Serie B,Brazil,https://media.api-sports.io/football/leagues/72.png,https://media.api-sports.io/flags/br.svg,2018,Regular Season - 1,137,Figueirense,https://media.api-sports.io/football/teams/137.png,True,152,Juventude,https://media.api-sports.io/football/teams/152.png,False,2.0,1.0,2.0,0.0,2.0,1.0,,,,,,,
2299,,UTC,2018-04-14T19:30:00+00:00,1523734200,1523734200.0,1523737800.0,,"Estádio Bento da Silva Freitas (Pelotas, Rio Grande do Sul)",,Match Finished,FT,90.0,72,Serie B,Brazil,https://media.api-sports.io/football/leagues/72.png,https://media.api-sports.io/flags/br.svg,2018,Regular Season - 1,141,Brasil DE Pelotas,https://media.api-sports.io/football/teams/141.png,,156,Sao Bento,https://media.api-sports.io/football/teams/156.png,,1.0,1.0,1.0,1.0,1.0,1.0,,,,,,,
2302,,UTC,2018-04-14T19:30:00+00:00,1523734200,1523734200.0,1523737800.0,,"Estádio do Governo do Estado de Goiás (Serra Dourada) (Goiânia, Goiás)",,Match Finished,FT,90.0,72,Serie B,Brazil,https://media.api-sports.io/football/leagues/72.png,https://media.api-sports.io/flags/br.svg,2018,Regular Season - 1,142,Vila Nova,https://media.api-sports.io/football/teams/142.png,True,145,Avai,https://media.api-sports.io/football/teams/145.png,False,1.0,0.0,0.0,0.0,1.0,0.0,,,,,,,
2301,,UTC,2018-04-14T19:30:00+00:00,1523734200,1523734200.0,1523737800.0,,"Estádio Municipal Jacy Scaff (Londrina, Paraná)",,Match Finished,FT,90.0,72,Serie B,Brazil,https://media.api-sports.io/football/leagues/72.png,https://media.api-sports.io/flags/br.svg,2018,Regular Season - 1,148,Londrina,https://media.api-sports.io/football/teams/148.png,True,153,BOA,https://media.api-sports.io/football/teams/153.png,False,1.0,0.0,0.0,0.0,1.0,0.0,,,,,,,
2300,,UTC,2018-04-14T19:30:00+00:00,1523734200,1523734200.0,1523737800.0,,"Estádio Rei Pelé (Maceió, Alagoas)",,Match Finished,FT,90.0,72,Serie B,Brazil,https://media.api-sports.io/football/leagues/72.png,https://media.api-sports.io/flags/br.svg,2018,Regular Season - 1,150,CSA,https://media.api-sports.io/football/teams/150.png,True,151,Goias,https://media.api-sports.io/football/teams/151.png,False,2.0,1.0,0.0,0.0,2.0,1.0,,,,,,,
2298,,UTC,2018-04-14T22:00:00+00:00,1523743200,1523743200.0,1523746800.0,,"Estádio Governador João Castelo Ribeiro Gonçalves (São Luís, Maranhão)",,Match Finished,FT,90.0,72,Serie B,Brazil,https://media.api-sports.io/football/leagues/72.png,https://media.api-sports.io/flags/br.svg,2018,Regular Season - 1,155,Sampaio Correa,https://media.api-sports.io/football/teams/155.png,True,147,Coritiba,https://media.api-sports.io/football/teams/147.png,False,2.0,0.0,1.0,0.0,2.0,0.0,,,,,,,
2297,,UTC,2018-04-15T00:00:00+00:00,1523750400,1523750400.0,1523754000.0,,Moisés Lucarelli,Campinas,Match Finished,FT,90.0,72,Serie B,Brazil,https://media.api-sports.io/football/leagues/72.png,https://media.api-sports.io/flags/br.svg,2018,Regular Season - 1,139,Ponte Preta,https://media.api-sports.io/football/teams/139.png,False,149,Paysandu,https://media.api-sports.io/football/teams/149.png,True,0.0,1.0,0.0,1.0,0.0,1.0,,,,,,,
2296,,UTC,2018-04-17T22:15:00+00:00,1524003300,1524003300.0,1524006900.0,,Melão,Varginha,Match Finished,FT,90.0,72,Serie B,Brazil,https://media.api-sports.io/football/leagues/72.png,https://media.api-sports.io/flags/br.svg,2018,Regular Season - 2,153,BOA,https://media.api-sports.io/football/teams/153.png,False,154,Fortaleza EC,https://media.api-sports.io/football/teams/154.png,True,0.0,2.0,0.0,0.0,0.0,2.0,,,,,,,
2295,,UTC,2018-04-18T00:30:00+00:00,1524011400,1524011400.0,1524015000.0,,Estádio Couto Pereira,Curitiba,Match Finished,FT,90.0,72,Serie B,Brazil,https://media.api-sports.io/football/leagues/72.png,https://media.api-sports.io/flags/br.svg,2018,Regular Season - 2,147,Coritiba,https://media.api-sports.io/football/teams/147.png,True,144,Atletico Goianiense,https://media.api-sports.io/football/teams/144.png,False,1.0,0.0,0.0,0.0,1.0,0.0,,,,,,,
2294,"Alinor Silva da Paixao, Brazil",UTC,2018-04-20T22:15:00+00:00,1524262500,1524262500.0,1524266100.0,,Estádio Alfredo Jaconi,Caxias do Sul,Match Finished,FT,90.0,72,Serie B,Brazil,https://media.api-sports.io/football/leagues/72.png,https://media.api-sports.io/flags/br.svg,2018,Regular Season - 2,152,Juventude,https://media.api-sports.io/football/teams/152.png,,143,Oeste,https://media.api-sports.io/football/teams/143.png,,1.0,1.0,1.0,0.0,1.0,1.0,,,,,,,
2293,"Diego Pombo Lopez, Brazil",UTC,2018-04-20T23:30:00+00:00,1524267000,1524267000.0,1524270600.0,,Estádio Municipal Walter Ribeiro,Sorocaba,Match Finished,FT,90.0,72,Serie B,Brazil,https://media.api-sports.io/football/leagues/72.png,https://media.api-sports.io/flags/br.svg,2018,Regular Season - 2,156,Sao Bento,https://media.api-sports.io/football/teams/156.png,True,150,CSA,https://media.api-sports.io/football/teams/150.png,False,2.0,1.0,0.0,1.0,2.0,1.0,,,,,,,
2292,,UTC,2018-04-21T00:30:00+00:00,1524270600,1524270600.0,1524274200.0,,"Estádio Leônidas Sodré de Castro (Belém, Pará)",,Match Finished,FT,90.0,72,Serie B,Brazil,https://media.api-sports.io/football/leagues/72.png,https://media.api-sports.io/flags/br.svg,2018,Regular Season - 2,149,Paysandu,https://media.api-sports.io/football/teams/149.png,True,148,Londrina,https://media.api-sports.io/football/teams/148.png,False,1.0,0.0,1.0,0.0,1.0,0.0,,,,,,,
2291,,UTC,2018-04-21T19:30:00+00:00,1524339000,1524339000.0,1524342600.0,,"Estádio Brinco de Ouro da Princesa (Campinas, São Paulo)",,Match Finished,FT,90.0,72,Serie B,Brazil,https://media.api-sports.io/football/leagues/72.png,https://media.api-sports.io/flags/br.svg,2018,Regular Season - 2,138,Guarani Campinas,https://media.api-sports.io/football/teams/138.png,True,155,Sampaio Correa,https://media.api-sports.io/football/teams/155.png,False,2.0,0.0,1.0,0.0,2.0,0.0,,,,,,,
2288,,UTC,2018-04-21T19:30:00+00:00,1524339000,1524339000.0,1524342600.0,,"Estádio Aderbal Ramos da Silva (Florianópolis, Santa Catarina)",,Match Finished,FT,90.0,72,Serie B,Brazil,https://media.api-sports.io/football/leagues/72.png,https://media.api-sports.io/flags/br.svg,2018,Regular Season - 2,145,Avai,https://media.api-sports.io/football/teams/145.png,,141,Brasil DE Pelotas,https://media.api-sports.io/football/teams/141.png,,2.0,2.0,1.0,1.0,2.0,2.0,,,,,,,
2289,,UTC,2018-04-21T19:30:00+00:00,1524339000,1524339000.0,1524342600.0,,"Estádio Rei Pelé (Maceió, Alagoas)",,Match Finished,FT,90.0,72,Serie B,Brazil,https://media.api-sports.io/football/leagues/72.png,https://media.api-sports.io/flags/br.svg,2018,Regular Season - 2,146,CRB,https://media.api-sports.io/football/teams/146.png,False,142,Vila Nova,https://media.api-sports.io/football/teams/142.png,True,0.0,1.0,0.0,1.0,0.0,1.0,,,,,,,
2290,,UTC,2018-04-21T19:30:00+00:00,1524339000,1524339000.0,1524342600.0,,"Estádio do Governo do Estado de Goiás (Serra Dourada) (Goiânia, Goiás)",,Match Finished,FT,90.0,72,Serie B,Brazil,https://media.api-sports.io/football/leagues/72.png,https://media.api-sports.io/flags/br.svg,2018,Regular Season - 2,151,Goias,https://media.api-sports.io/football/teams/151.png,False,137,Figueirense,https://media.api-sports.io/football/teams/137.png,True,0.0,2.0,0.0,1.0,0.0,2.0,,,,,,,
2287,,UTC,2018-04-21T22:00:00+00:00,1524348000,1524348000.0,1524351600.0,,"Estádio Heriberto Hülse (Criciúma, Santa Catarina)",,Match Finished,FT,90.0,72,Serie B,Brazil,https://media.api-sports.io/football/leagues/72.png,https://media.api-sports.io/flags/br.svg,2018,Regular Season - 2,140,Criciuma,https://media.api-sports.io/football/teams/140.png,False,139,Ponte Preta,https://media.api-sports.io/football/teams/139.png,True,0.0,1.0,0.0,1.0,0.0,1.0,,,,,,,
2286,,UTC,2018-04-24T22:15:00+00:00,1524608100,1524608100.0,1524611700.0,,Serra Dourada,Goiania,Match Finished,FT,90.0,72,Serie B,Brazil,https://media.api-sports.io/football/leagues/72.png,https://media.api-sports.io/flags/br.svg,2018,Regular Season - 3,144,Atletico Goianiense,https://media.api-sports.io/football/teams/144.png,True,138,Guarani Campinas,https://media.api-sports.io/football/teams/138.png,False,3.0,2.0,2.0,0.0,3.0,2.0,,,,,,,
2285,,UTC,2018-04-25T00:30:00+00:00,1524616200,1524616200.0,1524619800.0,,Estadio Castelão,Fortaleza,Match Finished,FT,90.0,72,Serie B,Brazil,https://media.api-sports.io/football/leagues/72.png,https://media.api-sports.io/flags/br.svg,2018,Regular Season - 3,154,Fortaleza EC,https://media.api-sports.io/football/teams/154.png,True,146,CRB,https://media.api-sports.io/football/teams/146.png,False,3.0,1.0,1.0,0.0,3.0,1.0,,,,,,,
2284,,UTC,2018-04-27T22:15:00+00:00,1524867300,1524867300.0,1524870900.0,,"Estádio Orlando Scarpelli (Florianópolis, Santa Catarina)",,Match Finished,FT,90.0,72,Serie B,Brazil,https://media.api-sports.io/football/leagues/72.png,https://media.api-sports.io/flags/br.svg,2018,Regular Season - 3,137,Figueirense,https://media.api-sports.io/football/teams/137.png,True,153,BOA,https://media.api-sports.io/football/teams/153.png,False,2.0,0.0,1.0,0.0,2.0,0.0,,,,,,,
2283,,UTC,2018-04-27T23:30:00+00:00,1524871800,1524871800.0,1524875400.0,,"Estádio Rei Pelé (Maceió, Alagoas)",,Match Finished,FT,90.0,72,Serie B,Brazil,https://media.api-sports.io/football/leagues/72.png,https://media.api-sports.io/flags/br.svg,2018,Regular Season - 3,150,CSA,https://media.api-sports.io/football/teams/150.png,True,143,Oeste,https://media.api-sports.io/football/teams/143.png,False,5.0,1.0,3.0,1.0,5.0,1.0,,,,,,,
2282,,UTC,2018-04-28T00:30:00+00:00,1524875400,1524875400.0,1524879000.0,,"Estádio Major Antônio Couto Pereira (Curitiba, Paraná)",,Match Finished,FT,90.0,72,Serie B,Brazil,https://media.api-sports.io/football/leagues/72.png,https://media.api-sports.io/flags/br.svg,2018,Regular Season - 3,147,Coritiba,https://media.api-sports.io/football/teams/147.png,True,140,Criciuma,https://media.api-sports.io/football/teams/140.png,False,2.0,1.0,1.0,1.0,2.0,1.0,,,,,,,
2281,,UTC,2018-04-28T19:30:00+00:00,1524943800,1524943800.0,1524947400.0,,"Estádio do Governo do Estado de Goiás (Serra Dourada) (Goiânia, Goiás)",,Match Finished,FT,90.0,72,Serie B,Brazil,https://media.api-sports.io/football/leagues/72.png,https://media.api-sports.io/flags/br.svg,2018,Regular Season - 3,142,Vila Nova,https://media.api-sports.io/football/teams/142.png,True,155,Sampaio Correa,https://media.api-sports.io/football/teams/155.png,False,3.0,1.0,1.0,1.0,3.0,1.0,,,,,,,
2280,,UTC,2018-04-28T19:30:00+00:00,1524943800,1524943800.0,1524947400.0,,"Estádio Leônidas Sodré de Castro (Belém, Pará)",,Match Finished,FT,90.0,72,Serie B,Brazil,https://media.api-sports.io/football/leagues/72.png,https://media.api-sports.io/flags/br.svg,2018,Regular Season - 3,149,Paysandu,https://media.api-sports.io/football/teams/149.png,True,141,Brasil DE Pelotas,https://media.api-sports.io/football/teams/141.png,False,2.0,1.0,2.0,1.0,2.0,1.0,,,,,,,
2279,,UTC,2018-04-28T19:30:00+00:00,1524943800,1524943800.0,1524947400.0,,"Estádio Alfredo Jaconi (Caxias do Sul, Rio Grande do Sul)",,Match Finished,FT,90.0,72,Serie B,Brazil,https://media.api-sports.io/football/leagues/72.png,https://media.api-sports.io/flags/br.svg,2018,Regular Season - 3,152,Juventude,https://media.api-sports.io/football/teams/152.png,False,145,Avai,https://media.api-sports.io/football/teams/145.png,True,1.0,3.0,1.0,1.0,1.0,3.0,,,,,,,
2278,,UTC,2018-04-28T22:00:00+00:00,1524952800,1524952800.0,1524956400.0,,"Estádio Moisés Lucarelli (Campinas, São Paulo)",,Match Finished,FT,90.0,72,Serie B,Brazil,https://media.api-sports.io/football/leagues/72.png,https://media.api-sports.io/flags/br.svg,2018,Regular Season - 3,139,Ponte Preta,https://media.api-sports.io/football/teams/139.png,False,148,Londrina,https://media.api-sports.io/football/teams/148.png,True,0.0,1.0,0.0,0.0,0.0,1.0,,,,,,,
2277,,UTC,2018-04-29T00:00:00+00:00,1524960000,1524960000.0,1524963600.0,,"Centro de Integração Comunitário Walter Ribeiro (Sorocaba, São Paulo)",,Match Finished,FT,90.0,72,Serie B,Brazil,https://media.api-sports.io/football/leagues/72.png,https://media.api-sports.io/flags/br.svg,2018,Regular Season - 3,156,Sao Bento,https://media.api-sports.io/football/teams/156.png,,151,Goias,https://media.api-sports.io/football/teams/151.png,,1.0,1.0,0.0,1.0,1.0,1.0,,,,,,,
2276,,UTC,2018-05-01T19:00:00+00:00,1525201200,1525201200.0,1525204800.0,,"Estádio Heriberto Hülse (Criciúma, Santa Catarina)",,Match Finished,FT,90.0,72,Serie B,Brazil,https://media.api-sports.io/football/leagues/72.png,https://media.api-sports.io/flags/br.svg,2018,Regular Season - 4,140,Criciuma,https://media.api-sports.io/football/teams/140.png,False,150,CSA,https://media.api-sports.io/football/teams/150.png,True,1.0,3.0,0.0,1.0,1.0,3.0,,,,,,,
2275,,UTC,2018-05-01T19:00:00+00:00,1525201200,1525201200.0,1525204800.0,,"Estádio Municipal Prefeito Dilzon Luiz de Melo (Varginha, Minas Gerais)",,Match Finished,FT,90.0,72,Serie B,Brazil,https://media.api-sports.io/football/leagues/72.png,https://media.api-sports.io/flags/br.svg,2018,Regular Season - 4,153,BOA,https://media.api-sports.io/football/teams/153.png,False,152,Juventude,https://media.api-sports.io/football/teams/152.png,True,1.0,2.0,0.0,0.0,1.0,2.0,,,,,,,
2273,,UTC,2018-05-01T19:30:00+00:00,1525203000,1525203000.0,1525206600.0,,"Estádio Bento da Silva Freitas (Pelotas, Rio Grande do Sul)",,Match Finished,FT,90.0,72,Serie B,Brazil,https://media.api-sports.io/football/leagues/72.png,https://media.api-sports.io/flags/br.svg,2018,Regular Season - 4,141,Brasil DE Pelotas,https://media.api-sports.io/football/teams/141.png,True,137,Figueirense,https://media.api-sports.io/football/teams/137.png,False,1.0,0.0,1.0,0.0,1.0,0.0,,,,,,,
2274,,UTC,2018-05-01T19:30:00+00:00,1525203000,1525203000.0,1525206600.0,,"Estádio Municipal Jacy Scaff (Londrina, Paraná)",,Match Finished,FT,90.0,72,Serie B,Brazil,https://media.api-sports.io/football/leagues/72.png,https://media.api-sports.io/flags/br.svg,2018,Regular Season - 4,148,Londrina,https://media.api-sports.io/football/teams/148.png,,154,Fortaleza EC,https://media.api-sports.io/football/teams/154.png,,1.0,1.0,1.0,1.0,1.0,1.0,,,,,,,
2272,,UTC,2018-05-04T22:15:00+00:00,1525472100,1525472100.0,1525475700.0,,"Estádio Governador João Castelo Ribeiro Gonçalves (São Luís, Maranhão)",,Match Finished,FT,90.0,72,Serie B,Brazil,https://media.api-sports.io/football/leagues/72.png,https://media.api-sports.io/flags/br.svg,2018,Regular Season - 4,155,Sampaio Correa,https://media.api-sports.io/football/teams/155.png,,149,Paysandu,https://media.api-sports.io/football/teams/149.png,,1.0,1.0,1.0,1.0,1.0,1.0,,,,,,,
2271,,UTC,2018-05-04T23:30:00+00:00,1525476600,1525476600.0,1525480200.0,,"Estádio Rei Pelé (Maceió, Alagoas)",,Match Finished,FT,90.0,72,Serie B,Brazil,https://media.api-sports.io/football/leagues/72.png,https://media.api-sports.io/flags/br.svg,2018,Regular Season - 4,146,CRB,https://media.api-sports.io/football/teams/146.png,True,144,Atletico Goianiense,https://media.api-sports.io/football/teams/144.png,False,3.0,1.0,3.0,0.0,3.0,1.0,,,,,,,
2270,,UTC,2018-05-05T00:30:00+00:00,1525480200,1525480200.0,1525483800.0,,Arena Barueri,Barueri,Match Finished,FT,90.0,72,Serie B,Brazil,https://media.api-sports.io/football/leagues/72.png,https://media.api-sports.io/flags/br.svg,2018,Regular Season - 4,143,Oeste,https://media.api-sports.io/football/teams/143.png,,147,Coritiba,https://media.api-sports.io/football/teams/147.png,,1.0,1.0,0.0,0.0,1.0,1.0,,,,,,,
2268,,UTC,2018-05-05T19:30:00+00:00,1525548600,1525548600.0,1525552200.0,,Estádio da Ressacada,Florianopolis,Match Finished,FT,90.0,72,Serie B,Brazil,https://media.api-sports.io/football/leagues/72.png,https://media.api-sports.io/flags/br.svg,2018,Regular Season - 4,145,Avai,https://media.api-sports.io/football/teams/145.png,,156,Sao Bento,https://media.api-sports.io/football/teams/156.png,,1.0,1.0,1.0,1.0,1.0,1.0,,,,,,,
2269,,UTC,2018-05-05T19:30:00+00:00,1525548600,1525548600.0,1525552200.0,,Serra Dourada,Goiania,Match Finished,FT,90.0,72,Serie B,Brazil,https://media.api-sports.io/football/leagues/72.png,https://media.api-sports.io/flags/br.svg,2018,Regular Season - 4,151,Goias,https://media.api-sports.io/football/teams/151.png,False,142,Vila Nova,https://media.api-sports.io/football/teams/142.png,True,1.0,3.0,1.0,1.0,1.0,3.0,,,,,,,
2267,,UTC,2018-05-05T22:00:00+00:00,1525557600,1525557600.0,1525561200.0,,Estádio Brinco de Ouro da Princesa,Campinas,Match Finished,FT,90.0,72,Serie B,Brazil,https://media.api-sports.io/football/leagues/72.png,https://media.api-sports.io/flags/br.svg,2018,Regular Season - 4,138,Guarani Campinas,https://media.api-sports.io/football/teams/138.png,False,139,Ponte Preta,https://media.api-sports.io/football/teams/139.png,True,2.0,3.0,1.0,2.0,2.0,3.0,,,,,,,
2266,,UTC,2018-05-07T23:30:00+00:00,1525735800,1525735800.0,1525739400.0,,Estadio Governador João Castelo,Sao Luis,Match Finished,FT,90.0,72,Serie B,Brazil,https://media.api-sports.io/football/leagues/72.png,https://media.api-sports.io/flags/br.svg,2018,Regular Season - 5,155,Sampaio Correa,https://media.api-sports.io/football/teams/155.png,False,146,CRB,https://media.api-sports.io/football/teams/146.png,True,2.0,3.0,1.0,1.0,2.0,3.0,,,,,,,
2265,,UTC,2018-05-08T22:15:00+00:00,1525817700,1525817700.0,1525821300.0,,Estádio Brinco de Ouro da Princesa,Campinas,Match Finished,FT,90.0,72,Serie B,Brazil,https://media.api-sports.io/football/leagues/72.png,https://media.api-sports.io/flags/br.svg,2018,Regular Season - 5,138,Guarani Campinas,https://media.api-sports.io/football/teams/138.png,True,140,Criciuma,https://media.api-sports.io/football/teams/140.png,False,1.0,0.0,1.0,0.0,1.0,0.0,,,,,,,
2264,,UTC,2018-05-09T00:30:00+00:00,1525825800,1525825800.0,1525829400.0,,Estádio Couto Pereira,Curitiba,Match Finished,FT,90.0,72,Serie B,Brazil,https://media.api-sports.io/football/leagues/72.png,https://media.api-sports.io/flags/br.svg,2018,Regular Season - 5,147,Coritiba,https://media.api-sports.io/football/teams/147.png,True,141,Brasil DE Pelotas,https://media.api-sports.io/football/teams/141.png,False,1.0,0.0,0.0,0.0,1.0,0.0,,,,,,,
2263,,UTC,2018-05-11T22:15:00+00:00,1526076900,1526076900.0,1526080500.0,,Estádio Alfredo Jaconi,Caxias do Sul,Match Finished,FT,90.0,72,Serie B,Brazil,https://media.api-sports.io/football/leagues/72.png,https://media.api-sports.io/flags/br.svg,2018,Regular Season - 5,152,Juventude,https://media.api-sports.io/football/teams/152.png,,149,Paysandu,https://media.api-sports.io/football/teams/149.png,,1.0,1.0,0.0,1.0,1.0,1.0,,,,,,,
2262,,UTC,2018-05-12T00:30:00+00:00,1526085000,1526085000.0,1526088600.0,,"Estádio Olímpico Pedro Ludovico Teixeira (Goiânia, Goiás)",,Match Finished,FT,90.0,72,Serie B,Brazil,https://media.api-sports.io/football/leagues/72.png,https://media.api-sports.io/flags/br.svg,2018,Regular Season - 5,144,Atletico Goianiense,https://media.api-sports.io/football/teams/144.png,,148,Londrina,https://media.api-sports.io/football/teams/148.png,,0.0,0.0,0.0,0.0,0.0,0.0,,,,,,,
2260,,UTC,2018-05-12T19:30:00+00:00,1526153400,1526153400.0,1526157000.0,,"Estádio Orlando Scarpelli (Florianópolis, Santa Catarina)",,Match Finished,FT,90.0,72,Serie B,Brazil,https://media.api-sports.io/football/leagues/72.png,https://media.api-sports.io/flags/br.svg,2018,Regular Season - 5,137,Figueirense,https://media.api-sports.io/football/teams/137.png,False,145,Avai,https://media.api-sports.io/football/teams/145.png,True,0.0,1.0,0.0,0.0,0.0,1.0,,,,,,,
2259,,UTC,2018-05-12T19:30:00+00:00,1526153400,1526153400.0,1526157000.0,,"Estádio Rei Pelé (Maceió, Alagoas)",,Match Finished,FT,90.0,72,Serie B,Brazil,https://media.api-sports.io/football/leagues/72.png,https://media.api-sports.io/flags/br.svg,2018,Regular Season - 5,150,CSA,https://media.api-sports.io/football/teams/150.png,True,153,BOA,https://media.api-sports.io/football/teams/153.png,False,1.0,0.0,0.0,0.0,1.0,0.0,,,,,,,
2261,,UTC,2018-05-12T19:30:00+00:00,1526153400,1526153400.0,1526157000.0,,"Centro de Integração Comunitário Walter Ribeiro (Sorocaba, São Paulo)",,Match Finished,FT,90.0,72,Serie B,Brazil,https://media.api-sports.io/football/leagues/72.png,https://media.api-sports.io/flags/br.svg,2018,Regular Season - 5,156,Sao Bento,https://media.api-sports.io/football/teams/156.png,True,143,Oeste,https://media.api-sports.io/football/teams/143.png,False,1.0,0.0,0.0,0.0,1.0,0.0,,,,,,,
2258,,UTC,2018-05-12T22:00:00+00:00,1526162400,1526162400.0,1526166000.0,,"Estádio Governador Plácido Aderaldo Castelo (Fortaleza, Ceará)",,Match Finished,FT,90.0,72,Serie B,Brazil,https://media.api-sports.io/football/leagues/72.png,https://media.api-sports.io/flags/br.svg,2018,Regular Season - 5,154,Fortaleza EC,https://media.api-sports.io/football/teams/154.png,True,151,Goias,https://media.api-sports.io/football/teams/151.png,False,3.0,0.0,0.0,0.0,3.0,0.0,,,,,,,
2257,,UTC,2018-05-13T19:00:00+00:00,1526238000,1526238000.0,1526241600.0,,Serra Dourada,Goiania,Match Finished,FT,90.0,72,Serie B,Brazil,https://media.api-sports.io/football/leagues/72.png,https://media.api-sports.io/flags/br.svg,2018,Regular Season - 5,142,Vila Nova,https://media.api-sports.io/football/teams/142.png,,139,Ponte Preta,https://media.api-sports.io/football/teams/139.png,,0.0,0.0,0.0,0.0,0.0,0.0,,,,,,,
2256,,UTC,2018-05-15T22:15:00+00:00,1526422500,1526422500.0,1526426100.0,,Estádio Rei Pelé,Maceio,Match Finished,FT,90.0,72,Serie B,Brazil,https://media.api-sports.io/football/leagues/72.png,https://media.api-sports.io/flags/br.svg,2018,Regular Season - 6,146,CRB,https://media.api-sports.io/football/teams/146.png,False,145,Avai,https://media.api-sports.io/football/teams/145.png,True,0.0,4.0,0.0,3.0,0.0,4.0,,,,,,,
2255,,UTC,2018-05-16T00:30:00+00:00,1526430600,1526430600.0,1526434200.0,,Estadio Heriberto Hülse,Criciuma,Match Finished,FT,90.0,72,Serie B,Brazil,https://media.api-sports.io/football/leagues/72.png,https://media.api-sports.io/flags/br.svg,2018,Regular Season - 6,140,Criciuma,https://media.api-sports.io/football/teams/140.png,,152,Juventude,https://media.api-sports.io/football/teams/152.png,,0.0,0.0,0.0,0.0,0.0,0.0,,,,,,,
2254,,UTC,2018-05-18T22:15:00+00:00,1526681700,1526681700.0,1526685300.0,,Serra Dourada,Goiania,Match Finished,FT,90.0,72,Serie B,Brazil,https://media.api-sports.io/football/leagues/72.png,https://media.api-sports.io/flags/br.svg,2018,Regular Season - 6,151,Goias,https://media.api-sports.io/football/teams/151.png,,138,Guarani Campinas,https://media.api-sports.io/football/teams/138.png,,1.0,1.0,0.0,0.0,1.0,1.0,,,,,,,
2253,,UTC,2018-05-19T00:30:00+00:00,1526689800,1526689800.0,1526693400.0,,"Estádio Orlando Scarpelli (Florianópolis, Santa Catarina)",,Match Finished,FT,90.0,72,Serie B,Brazil,https://media.api-sports.io/football/leagues/72.png,https://media.api-sports.io/flags/br.svg,2018,Regular Season - 6,137,Figueirense,https://media.api-sports.io/football/teams/137.png,False,154,Fortaleza EC,https://media.api-sports.io/football/teams/154.png,True,1.0,3.0,1.0,2.0,1.0,3.0,,,,,,,
2252,,UTC,2018-05-19T19:30:00+00:00,1526758200,1526758200.0,1526761800.0,,"Estádio Nabi Abi Chedid (Bragança Paulista, São Paulo)",,Match Finished,FT,90.0,72,Serie B,Brazil,https://media.api-sports.io/football/leagues/72.png,https://media.api-sports.io/flags/br.svg,2018,Regular Season - 6,139,Ponte Preta,https://media.api-sports.io/football/teams/139.png,False,144,Atletico Goianiense,https://media.api-sports.io/football/teams/144.png,True,1.0,3.0,1.0,0.0,1.0,3.0,,,,,,,
2250,,UTC,2018-05-19T19:30:00+00:00,1526758200,1526758200.0,1526761800.0,,"Arena Barueri (Barueri, São Paulo)",,Match Finished,FT,90.0,72,Serie B,Brazil,https://media.api-sports.io/football/leagues/72.png,https://media.api-sports.io/flags/br.svg,2018,Regular Season - 6,143,Oeste,https://media.api-sports.io/football/teams/143.png,True,142,Vila Nova,https://media.api-sports.io/football/teams/142.png,False,2.0,0.0,1.0,0.0,2.0,0.0,,,,,,,
2249,,UTC,2018-05-19T19:30:00+00:00,1526758200,1526758200.0,1526761800.0,,"Estádio Municipal Jacy Scaff (Londrina, Paraná)",,Match Finished,FT,90.0,72,Serie B,Brazil,https://media.api-sports.io/football/leagues/72.png,https://media.api-sports.io/flags/br.svg,2018,Regular Season - 6,148,Londrina,https://media.api-sports.io/football/teams/148.png,False,150,CSA,https://media.api-sports.io/football/teams/150.png,True,1.0,2.0,1.0,1.0,1.0,2.0,,,,,,,
2251,,UTC,2018-05-19T19:30:00+00:00,1526758200,1526758200.0,1526761800.0,,"Estádio Leônidas Sodré de Castro (Belém, Pará)",,Match Finished,FT,90.0,72,Serie B,Brazil,https://media.api-sports.io/football/leagues/72.png,https://media.api-sports.io/flags/br.svg,2018,Regular Season - 6,149,Paysandu,https://media.api-sports.io/football/teams/149.png,,156,Sao Bento,https://media.api-sports.io/football/teams/156.png,,1.0,1.0,0.0,1.0,1.0,1.0,,,,,,,
2248,,UTC,2018-05-19T22:00:00+00:00,1526767200,1526767200.0,1526770800.0,,"Estádio Municipal Prefeito Dilzon Luiz de Melo (Varginha, Minas Gerais)",,Match Finished,FT,90.0,72,Serie B,Brazil,https://media.api-sports.io/football/leagues/72.png,https://media.api-sports.io/flags/br.svg,2018,Regular Season - 6,153,BOA,https://media.api-sports.io/football/teams/153.png,,147,Coritiba,https://media.api-sports.io/football/teams/147.png,,1.0,1.0,1.0,1.0,1.0,1.0,,,,,,,
2247,,UTC,2018-05-20T00:00:00+00:00,1526774400,1526774400.0,1526778000.0,,Bento Mendes de Freitas,Pelotas,Match Finished,FT,90.0,72,Serie B,Brazil,https://media.api-sports.io/football/leagues/72.png,https://media.api-sports.io/flags/br.svg,2018,Regular Season - 6,141,Brasil DE Pelotas,https://media.api-sports.io/football/teams/141.png,False,155,Sampaio Correa,https://media.api-sports.io/football/teams/155.png,True,1.0,2.0,0.0,2.0,1.0,2.0,,,,,,,
2246,,UTC,2018-05-22T22:15:00+00:00,1527027300,1527027300.0,1527030900.0,,"Estádio Rei Pelé (Maceió, Alagoas)",,Match Finished,FT,90.0,72,Serie B,Brazil,https://media.api-sports.io/football/leagues/72.png,https://media.api-sports.io/flags/br.svg,2018,Regular Season - 7,150,CSA,https://media.api-sports.io/football/teams/150.png,False,137,Figueirense,https://media.api-sports.io/football/teams/137.png,True,1.0,4.0,1.0,1.0,1.0,4.0,,,,,,,
2245,,UTC,2018-05-23T00:30:00+00:00,1527035400,1527035400.0,1527039000.0,,"Estádio Governador Plácido Aderaldo Castelo (Fortaleza, Ceará)",,Match Finished,FT,90.0,72,Serie B,Brazil,https://media.api-sports.io/football/leagues/72.png,https://media.api-sports.io/flags/br.svg,2018,Regular Season - 7,154,Fortaleza EC,https://media.api-sports.io/football/teams/154.png,True,140,Criciuma,https://media.api-sports.io/football/teams/140.png,False,2.0,0.0,1.0,0.0,2.0,0.0,,,,,,,
2243,,UTC,2018-05-25T22:15:00+00:00,1527286500,1527286500.0,1527290100.0,,"Estádio Olímpico Pedro Ludovico Teixeira (Goiânia, Goiás)",,Match Finished,FT,90.0,72,Serie B,Brazil,https://media.api-sports.io/football/leagues/72.png,https://media.api-sports.io/flags/br.svg,2018,Regular Season - 7,144,Atletico Goianiense,https://media.api-sports.io/football/teams/144.png,,143,Oeste,https://media.api-sports.io/football/teams/143.png,,2.0,2.0,2.0,1.0,2.0,2.0,,,,,,,
2244,,UTC,2018-05-25T22:15:00+00:00,1527286500,1527286500.0,1527290100.0,,"Estádio Aderbal Ramos da Silva (Florianópolis, Santa Catarina)",,Match Finished,FT,90.0,72,Serie B,Brazil,https://media.api-sports.io/football/leagues/72.png,https://media.api-sports.io/flags/br.svg,2018,Regular Season - 7,145,Avai,https://media.api-sports.io/football/teams/145.png,True,149,Paysandu,https://media.api-sports.io/football/teams/149.png,False,3.0,1.0,1.0,0.0,3.0,1.0,,,,,,,
2242,,UTC,2018-05-26T00:30:00+00:00,1527294600,1527294600.0,1527298200.0,,"Estádio Major Antônio Couto Pereira (Curitiba, Paraná)",,Match Finished,FT,90.0,72,Serie B,Brazil,https://media.api-sports.io/football/leagues/72.png,https://media.api-sports.io/flags/br.svg,2018,Regular Season - 7,147,Coritiba,https://media.api-sports.io/football/teams/147.png,True,142,Vila Nova,https://media.api-sports.io/football/teams/142.png,False,2.0,0.0,1.0,0.0,2.0,0.0,,,,,,,
2239,,UTC,2018-05-26T19:30:00+00:00,1527363000,1527363000.0,1527366600.0,,"Estádio Bento da Silva Freitas (Pelotas, Rio Grande do Sul)",,Match Finished,FT,90.0,72,Serie B,Brazil,https://media.api-sports.io/football/leagues/72.png,https://media.api-sports.io/flags/br.svg,2018,Regular Season - 7,141,Brasil DE Pelotas,https://media.api-sports.io/football/teams/141.png,True,148,Londrina,https://media.api-sports.io/football/teams/148.png,False,3.0,0.0,0.0,0.0,3.0,0.0,,,,,,,
2240,,UTC,2018-05-26T19:30:00+00:00,1527363000,1527363000.0,1527366600.0,,"Estádio do Governo do Estado de Goiás (Serra Dourada) (Goiânia, Goiás)",,Match Finished,FT,90.0,72,Serie B,Brazil,https://media.api-sports.io/football/leagues/72.png,https://media.api-sports.io/flags/br.svg,2018,Regular Season - 7,151,Goias,https://media.api-sports.io/football/teams/151.png,False,153,BOA,https://media.api-sports.io/football/teams/153.png,True,1.0,2.0,0.0,1.0,1.0,2.0,,,,,,,
2241,,UTC,2018-05-26T19:30:00+00:00,1527363000,1527363000.0,1527366600.0,,"Centro de Integração Comunitário Walter Ribeiro (Sorocaba, São Paulo)",,Match Finished,FT,90.0,72,Serie B,Brazil,https://media.api-sports.io/football/leagues/72.png,https://media.api-sports.io/flags/br.svg,2018,Regular Season - 7,156,Sao Bento,https://media.api-sports.io/football/teams/156.png,,152,Juventude,https://media.api-sports.io/football/teams/152.png,,2.0,2.0,0.0,2.0,2.0,2.0,,,,,,,
2238,,UTC,2018-05-27T00:00:00+00:00,1527379200,1527379200.0,1527382800.0,,"Estádio Brinco de Ouro da Princesa (Campinas, São Paulo)",,Match Finished,FT,90.0,72,Serie B,Brazil,https://media.api-sports.io/football/leagues/72.png,https://media.api-sports.io/flags/br.svg,2018,Regular Season - 7,138,Guarani Campinas,https://media.api-sports.io/football/teams/138.png,True,146,CRB,https://media.api-sports.io/football/teams/146.png,False,2.0,0.0,1.0,0.0,2.0,0.0,,,,,,,
2237,,UTC,2018-05-28T23:00:00+00:00,1527548400,1527548400.0,1527552000.0,,"Estádio Governador João Castelo Ribeiro Gonçalves (São Luís, Maranhão)",,Match Finished,FT,90.0,72,Serie B,Brazil,https://media.api-sports.io/football/leagues/72.png,https://media.api-sports.io/flags/br.svg,2018,Regular Season - 7,155,Sampaio Correa,https://media.api-sports.io/football/teams/155.png,True,139,Ponte Preta,https://media.api-sports.io/football/teams/139.png,False,1.0,0.0,1.0,0.0,1.0,0.0,,,,,,,
2236,,UTC,2018-05-29T22:15:00+00:00,1527632100,1527632100.0,1527635700.0,,"Centro de Integração Comunitário Walter Ribeiro (Sorocaba, São Paulo)",,Match Finished,FT,90.0,72,Serie B,Brazil,https://media.api-sports.io/football/leagues/72.png,https://media.api-sports.io/flags/br.svg,2018,Regular Season - 8,156,Sao Bento,https://media.api-sports.io/football/teams/156.png,,137,Figueirense,https://media.api-sports.io/football/teams/137.png,,1.0,1.0,0.0,0.0,1.0,1.0,,,,,,,
2235,,UTC,2018-05-30T00:30:00+00:00,1527640200,1527640200.0,1527643800.0,,"Estádio Municipal Jacy Scaff (Londrina, Paraná)",,Match Finished,FT,90.0,72,Serie B,Brazil,https://media.api-sports.io/football/leagues/72.png,https://media.api-sports.io/flags/br.svg,2018,Regular Season - 8,148,Londrina,https://media.api-sports.io/football/teams/148.png,True,147,Coritiba,https://media.api-sports.io/football/teams/147.png,False,3.0,2.0,1.0,1.0,3.0,2.0,,,,,,,
2234,,UTC,2018-06-01T22:15:00+00:00,1527891300,1527891300.0,1527894900.0,,Estádio Alfredo Jaconi,Caxias do Sul,Match Finished,FT,90.0,72,Serie B,Brazil,https://media.api-sports.io/football/leagues/72.png,https://media.api-sports.io/flags/br.svg,2018,Regular Season - 8,152,Juventude,https://media.api-sports.io/football/teams/152.png,True,138,Guarani Campinas,https://media.api-sports.io/football/teams/138.png,False,1.0,0.0,1.0,0.0,1.0,0.0,,,,,,,
2233,,UTC,2018-06-01T23:30:00+00:00,1527895800,1527895800.0,1527899400.0,,Serra Dourada,Goiania,Match Finished,FT,90.0,72,Serie B,Brazil,https://media.api-sports.io/football/leagues/72.png,https://media.api-sports.io/flags/br.svg,2018,Regular Season - 8,142,Vila Nova,https://media.api-sports.io/football/teams/142.png,False,150,CSA,https://media.api-sports.io/football/teams/150.png,True,0.0,1.0,0.0,0.0,0.0,1.0,,,,,,,
2231,,UTC,2018-06-02T00:30:00+00:00,1527899400,1527899400.0,1527903000.0,,Estádio da Ressacada,Florianopolis,Match Finished,FT,90.0,72,Serie B,Brazil,https://media.api-sports.io/football/leagues/72.png,https://media.api-sports.io/flags/br.svg,2018,Regular Season - 8,145,Avai,https://media.api-sports.io/football/teams/145.png,False,140,Criciuma,https://media.api-sports.io/football/teams/140.png,True,0.0,1.0,0.0,0.0,0.0,1.0,,,,,,,
2232,,UTC,2018-06-02T00:30:00+00:00,1527899400,1527899400.0,1527903000.0,,Estádio Leônidas Castro,Belem,Match Finished,FT,90.0,72,Serie B,Brazil,https://media.api-sports.io/football/leagues/72.png,https://media.api-sports.io/flags/br.svg,2018,Regular Season - 8,149,Paysandu,https://media.api-sports.io/football/teams/149.png,True,153,BOA,https://media.api-sports.io/football/teams/153.png,False,2.0,0.0,2.0,0.0,2.0,0.0,,,,,,,
2228,,UTC,2018-06-02T19:30:00+00:00,1527967800,1527967800.0,1527971400.0,,Serra Dourada,Goiania,Match Finished,FT,90.0,72,Serie B,Brazil,https://media.api-sports.io/football/leagues/72.png,https://media.api-sports.io/flags/br.svg,2018,Regular Season - 8,144,Atletico Goianiense,https://media.api-sports.io/football/teams/144.png,False,151,Goias,https://media.api-sports.io/football/teams/151.png,True,1.0,3.0,1.0,1.0,1.0,3.0,,,,,,,
2229,,UTC,2018-06-02T19:30:00+00:00,1527967800,1527967800.0,1527971400.0,,Estádio Rei Pelé,Maceio,Match Finished,FT,90.0,72,Serie B,Brazil,https://media.api-sports.io/football/leagues/72.png,https://media.api-sports.io/flags/br.svg,2018,Regular Season - 8,146,CRB,https://media.api-sports.io/football/teams/146.png,,141,Brasil DE Pelotas,https://media.api-sports.io/football/teams/141.png,,1.0,1.0,1.0,1.0,1.0,1.0,,,,,,,
2230,,UTC,2018-06-02T19:30:00+00:00,1527967800,1527967800.0,1527971400.0,,Estadio Castelão,Fortaleza,Match Finished,FT,90.0,72,Serie B,Brazil,https://media.api-sports.io/football/leagues/72.png,https://media.api-sports.io/flags/br.svg,2018,Regular Season - 8,154,Fortaleza EC,https://media.api-sports.io/football/teams/154.png,True,155,Sampaio Correa,https://media.api-sports.io/football/teams/155.png,False,1.0,0.0,0.0,0.0,1.0,0.0,,,,,,,
2227,,UTC,2018-06-02T22:00:00+00:00,1527976800,1527976800.0,1527980400.0,,Moisés Lucarelli,Campinas,Match Finished,FT,90.0,72,Serie B,Brazil,https://media.api-sports.io/football/leagues/72.png,https://media.api-sports.io/flags/br.svg,2018,Regular Season - 8,139,Ponte Preta,https://media.api-sports.io/football/teams/139.png,,143,Oeste,https://media.api-sports.io/football/teams/143.png,,1.0,1.0,0.0,1.0,1.0,1.0,,,,,,,
2225,,UTC,2018-06-05T22:15:00+00:00,1528236900,1528236900.0,1528240500.0,,"Estádio Orlando Scarpelli (Florianópolis, Santa Catarina)",,Match Finished,FT,90.0,72,Serie B,Brazil,https://media.api-sports.io/football/leagues/72.png,https://media.api-sports.io/flags/br.svg,2018,Regular Season - 9,137,Figueirense,https://media.api-sports.io/football/teams/137.png,,148,Londrina,https://media.api-sports.io/football/teams/148.png,,1.0,1.0,1.0,1.0,1.0,1.0,,,,,,,
2224,,UTC,2018-06-05T22:15:00+00:00,1528236900,1528236900.0,1528240500.0,,"Estádio Heriberto Hülse (Criciúma, Santa Catarina)",,Match Finished,FT,90.0,72,Serie B,Brazil,https://media.api-sports.io/football/leagues/72.png,https://media.api-sports.io/flags/br.svg,2018,Regular Season - 9,140,Criciuma,https://media.api-sports.io/football/teams/140.png,True,149,Paysandu,https://media.api-sports.io/football/teams/149.png,False,4.0,1.0,2.0,0.0,4.0,1.0,,,,,,,
2223,,UTC,2018-06-05T22:15:00+00:00,1528236900,1528236900.0,1528240500.0,,"Estádio Major Antônio Couto Pereira (Curitiba, Paraná)",,Match Finished,FT,90.0,72,Serie B,Brazil,https://media.api-sports.io/football/leagues/72.png,https://media.api-sports.io/flags/br.svg,2018,Regular Season - 9,147,Coritiba,https://media.api-sports.io/football/teams/147.png,True,146,CRB,https://media.api-sports.io/football/teams/146.png,False,1.0,0.0,1.0,0.0,1.0,0.0,,,,,,,
2226,,UTC,2018-06-05T22:15:00+00:00,1528236900,1528236900.0,1528240500.0,,"Estádio Alfredo Jaconi (Caxias do Sul, Rio Grande do Sul)",,Match Finished,FT,90.0,72,Serie B,Brazil,https://media.api-sports.io/football/leagues/72.png,https://media.api-sports.io/flags/br.svg,2018,Regular Season - 9,152,Juventude,https://media.api-sports.io/football/teams/152.png,,144,Atletico Goianiense,https://media.api-sports.io/football/teams/144.png,,2.0,2.0,0.0,1.0,2.0,2.0,,,,,,,
2221,,UTC,2018-06-05T23:30:00+00:00,1528241400,1528241400.0,1528245000.0,,"Estádio Rei Pelé (Maceió, Alagoas)",,Match Finished,FT,90.0,72,Serie B,Brazil,https://media.api-sports.io/football/leagues/72.png,https://media.api-sports.io/flags/br.svg,2018,Regular Season - 9,150,CSA,https://media.api-sports.io/football/teams/150.png,False,138,Guarani Campinas,https://media.api-sports.io/football/teams/138.png,True,1.0,2.0,1.0,0.0,1.0,2.0,,,,,,,
2220,,UTC,2018-06-05T23:30:00+00:00,1528241400,1528241400.0,1528245000.0,,"Estádio Municipal Prefeito Dilzon Luiz de Melo (Varginha, Minas Gerais)",,Match Finished,FT,90.0,72,Serie B,Brazil,https://media.api-sports.io/football/leagues/72.png,https://media.api-sports.io/flags/br.svg,2018,Regular Season - 9,153,BOA,https://media.api-sports.io/football/teams/153.png,,156,Sao Bento,https://media.api-sports.io/football/teams/156.png,,2.0,2.0,1.0,1.0,2.0,2.0,,,,,,,
2222,,UTC,2018-06-05T23:30:00+00:00,1528241400,1528241400.0,1528245000.0,,"Estádio Governador João Castelo Ribeiro Gonçalves (São Luís, Maranhão)",,Match Finished,FT,90.0,72,Serie B,Brazil,https://media.api-sports.io/football/leagues/72.png,https://media.api-sports.io/flags/br.svg,2018,Regular Season - 9,155,Sampaio Correa,https://media.api-sports.io/football/teams/155.png,,145,Avai,https://media.api-sports.io/football/teams/145.png,,1.0,1.0,0.0,0.0,1.0,1.0,,,,,,,
2218,,UTC,2018-06-06T00:30:00+00:00,1528245000,1528245000.0,1528248600.0,,"Estádio Moisés Lucarelli (Campinas, São Paulo)",,Match Finished,FT,90.0,72,Serie B,Brazil,https://media.api-sports.io/football/leagues/72.png,https://media.api-sports.io/flags/br.svg,2018,Regular Season - 9,139,Ponte Preta,https://media.api-sports.io/football/teams/139.png,True,151,Goias,https://media.api-sports.io/football/teams/151.png,False,2.0,1.0,1.0,1.0,2.0,1.0,,,,,,,
2219,,UTC,2018-06-06T00:30:00+00:00,1528245000,1528245000.0,1528248600.0,,"Estádio do Governo do Estado de Goiás (Serra Dourada) (Goiânia, Goiás)",,Match Finished,FT,90.0,72,Serie B,Brazil,https://media.api-sports.io/football/leagues/72.png,https://media.api-sports.io/flags/br.svg,2018,Regular Season - 9,142,Vila Nova,https://media.api-sports.io/football/teams/142.png,,154,Fortaleza EC,https://media.api-sports.io/football/teams/154.png,,0.0,0.0,0.0,0.0,0.0,0.0,,,,,,,
2217,,UTC,2018-06-06T00:30:00+00:00,1528245000,1528245000.0,1528248600.0,,"Arena Barueri (Barueri, São Paulo)",,Match Finished,FT,90.0,72,Serie B,Brazil,https://media.api-sports.io/football/leagues/72.png,https://media.api-sports.io/flags/br.svg,2018,Regular Season - 9,143,Oeste,https://media.api-sports.io/football/teams/143.png,,141,Brasil DE Pelotas,https://media.api-sports.io/football/teams/141.png,,0.0,0.0,0.0,0.0,0.0,0.0,,,,,,,
2216,,UTC,2018-06-08T22:15:00+00:00,1528496100,1528496100.0,1528499700.0,,"Estádio Municipal Jacy Scaff (Londrina, Paraná)",,Match Finished,FT,90.0,72,Serie B,Brazil,https://media.api-sports.io/football/leagues/72.png,https://media.api-sports.io/flags/br.svg,2018,Regular Season - 10,148,Londrina,https://media.api-sports.io/football/teams/148.png,False,152,Juventude,https://media.api-sports.io/football/teams/152.png,True,0.0,1.0,0.0,1.0,0.0,1.0,,,,,,,
2215,,UTC,2018-06-08T23:30:00+00:00,1528500600,1528500600.0,1528504200.0,,"Estádio Olímpico Pedro Ludovico Teixeira (Goiânia, Goiás)",,Match Finished,FT,90.0,72,Serie B,Brazil,https://media.api-sports.io/football/leagues/72.png,https://media.api-sports.io/flags/br.svg,2018,Regular Season - 10,151,Goias,https://media.api-sports.io/football/teams/151.png,True,149,Paysandu,https://media.api-sports.io/football/teams/149.png,False,2.0,1.0,2.0,1.0,2.0,1.0,,,,,,,
2214,,UTC,2018-06-09T00:30:00+00:00,1528504200,1528504200.0,1528507800.0,,"Estádio Aderbal Ramos da Silva (Florianópolis, Santa Catarina)",,Match Finished,FT,90.0,72,Serie B,Brazil,https://media.api-sports.io/football/leagues/72.png,https://media.api-sports.io/flags/br.svg,2018,Regular Season - 10,145,Avai,https://media.api-sports.io/football/teams/145.png,True,147,Coritiba,https://media.api-sports.io/football/teams/147.png,False,2.0,0.0,0.0,0.0,2.0,0.0,,,,,,,
2211,,UTC,2018-06-09T19:30:00+00:00,1528572600,1528572600.0,1528576200.0,,"Estádio Brinco de Ouro da Princesa (Campinas, São Paulo)",,Match Finished,FT,90.0,72,Serie B,Brazil,https://media.api-sports.io/football/leagues/72.png,https://media.api-sports.io/flags/br.svg,2018,Regular Season - 10,138,Guarani Campinas,https://media.api-sports.io/football/teams/138.png,,142,Vila Nova,https://media.api-sports.io/football/teams/142.png,,1.0,1.0,0.0,0.0,1.0,1.0,,,,,,,
2209,,UTC,2018-06-09T19:30:00+00:00,1528572600,1528572600.0,1528576200.0,,"Estádio Heriberto Hülse (Criciúma, Santa Catarina)",,Match Finished,FT,90.0,72,Serie B,Brazil,https://media.api-sports.io/football/leagues/72.png,https://media.api-sports.io/flags/br.svg,2018,Regular Season - 10,140,Criciuma,https://media.api-sports.io/football/teams/140.png,,153,BOA,https://media.api-sports.io/football/teams/153.png,,1.0,1.0,1.0,1.0,1.0,1.0,,,,,,,
2210,,UTC,2018-06-09T19:30:00+00:00,1528572600,1528572600.0,1528576200.0,,"Estádio Rei Pelé (Maceió, Alagoas)",,Match Finished,FT,90.0,72,Serie B,Brazil,https://media.api-sports.io/football/leagues/72.png,https://media.api-sports.io/flags/br.svg,2018,Regular Season - 10,150,CSA,https://media.api-sports.io/football/teams/150.png,,146,CRB,https://media.api-sports.io/football/teams/146.png,,0.0,0.0,0.0,0.0,0.0,0.0,,,,,,,
2212,,UTC,2018-06-09T19:30:00+00:00,1528572600,1528572600.0,1528576200.0,,"Estádio Governador João Castelo Ribeiro Gonçalves (São Luís, Maranhão)",,Match Finished,FT,90.0,72,Serie B,Brazil,https://media.api-sports.io/football/leagues/72.png,https://media.api-sports.io/flags/br.svg,2018,Regular Season - 10,155,Sampaio Correa,https://media.api-sports.io/football/teams/155.png,True,143,Oeste,https://media.api-sports.io/football/teams/143.png,False,2.0,0.0,2.0,0.0,2.0,0.0,,,,,,,
2213,,UTC,2018-06-09T19:30:00+00:00,1528572600,1528572600.0,1528576200.0,,"Centro de Integração Comunitário Walter Ribeiro (Sorocaba, São Paulo)",,Match Finished,FT,90.0,72,Serie B,Brazil,https://media.api-sports.io/football/leagues/72.png,https://media.api-sports.io/flags/br.svg,2018,Regular Season - 10,156,Sao Bento,https://media.api-sports.io/football/teams/156.png,True,154,Fortaleza EC,https://media.api-sports.io/football/teams/154.png,False,2.0,1.0,0.0,0.0,2.0,1.0,,,,,,,
2208,,UTC,2018-06-09T22:00:00+00:00,1528581600,1528581600.0,1528585200.0,,"Estádio Olímpico Pedro Ludovico Teixeira (Goiânia, Goiás)",,Match Finished,FT,90.0,72,Serie B,Brazil,https://media.api-sports.io/football/leagues/72.png,https://media.api-sports.io/flags/br.svg,2018,Regular Season - 10,144,Atletico Goianiense,https://media.api-sports.io/football/teams/144.png,False,137,Figueirense,https://media.api-sports.io/football/teams/137.png,True,3.0,4.0,2.0,3.0,3.0,4.0,,,,,,,
2207,,UTC,2018-06-10T00:00:00+00:00,1528588800,1528588800.0,1528592400.0,,"Estádio Bento da Silva Freitas (Pelotas, Rio Grande do Sul)",,Match Finished,FT,90.0,72,Serie B,Brazil,https://media.api-sports.io/football/leagues/72.png,https://media.api-sports.io/flags/br.svg,2018,Regular Season - 10,141,Brasil DE Pelotas,https://media.api-sports.io/football/teams/141.png,False,139,Ponte Preta,https://media.api-sports.io/football/teams/139.png,True,0.0,2.0,0.0,1.0,0.0,2.0,,,,,,,
2206,,UTC,2018-06-11T21:00:00+00:00,1528750800,1528750800.0,1528754400.0,,"Estádio Alfredo Jaconi (Caxias do Sul, Rio Grande do Sul)",,Match Finished,FT,90.0,72,Serie B,Brazil,https://media.api-sports.io/football/leagues/72.png,https://media.api-sports.io/flags/br.svg,2018,Regular Season - 11,152,Juventude,https://media.api-sports.io/football/teams/152.png,,147,Coritiba,https://media.api-sports.io/football/teams/147.png,,1.0,1.0,0.0,0.0,1.0,1.0,,,,,,,
2205,,UTC,2018-06-12T21:00:00+00:00,1528837200,1528837200.0,1528840800.0,,Estadio do Cafe,Londrina,Match Finished,FT,90.0,72,Serie B,Brazil,https://media.api-sports.io/football/leagues/72.png,https://media.api-sports.io/flags/br.svg,2018,Regular Season - 11,148,Londrina,https://media.api-sports.io/football/teams/148.png,False,151,Goias,https://media.api-sports.io/football/teams/151.png,True,1.0,3.0,0.0,1.0,1.0,3.0,,,,,,,
2204,,UTC,2018-06-12T23:30:00+00:00,1528846200,1528846200.0,1528849800.0,,"Estádio Orlando Scarpelli (Florianópolis, Santa Catarina)",,Match Finished,FT,90.0,72,Serie B,Brazil,https://media.api-sports.io/football/leagues/72.png,https://media.api-sports.io/flags/br.svg,2018,Regular Season - 11,137,Figueirense,https://media.api-sports.io/football/teams/137.png,True,155,Sampaio Correa,https://media.api-sports.io/football/teams/155.png,False,1.0,0.0,1.0,0.0,1.0,0.0,,,,,,,
2203,,UTC,2018-06-15T00:00:00+00:00,1529020800,1529020800.0,1529024400.0,,"Estádio Brinco de Ouro da Princesa (Campinas, São Paulo)",,Match Finished,FT,90.0,72,Serie B,Brazil,https://media.api-sports.io/football/leagues/72.png,https://media.api-sports.io/flags/br.svg,2018,Regular Season - 11,138,Guarani Campinas,https://media.api-sports.io/football/teams/138.png,,156,Sao Bento,https://media.api-sports.io/football/teams/156.png,,0.0,0.0,0.0,0.0,0.0,0.0,,,,,,,
2202,,UTC,2018-06-15T22:15:00+00:00,1529100900,1529100900.0,1529104500.0,,Estadio Castelão,Fortaleza,Match Finished,FT,90.0,72,Serie B,Brazil,https://media.api-sports.io/football/leagues/72.png,https://media.api-sports.io/flags/br.svg,2018,Regular Season - 11,154,Fortaleza EC,https://media.api-sports.io/football/teams/154.png,True,141,Brasil DE Pelotas,https://media.api-sports.io/football/teams/141.png,False,2.0,0.0,2.0,0.0,2.0,0.0,,,,,,,
2201,,UTC,2018-06-15T23:30:00+00:00,1529105400,1529105400.0,1529109000.0,,Melão,Varginha,Match Finished,FT,90.0,72,Serie B,Brazil,https://media.api-sports.io/football/leagues/72.png,https://media.api-sports.io/flags/br.svg,2018,Regular Season - 11,153,BOA,https://media.api-sports.io/football/teams/153.png,False,145,Avai,https://media.api-sports.io/football/teams/145.png,True,0.0,2.0,0.0,2.0,0.0,2.0,,,,,,,
2200,,UTC,2018-06-16T00:30:00+00:00,1529109000,1529109000.0,1529112600.0,,"Estádio Rei Pelé (Maceió, Alagoas)",,Match Finished,FT,90.0,72,Serie B,Brazil,https://media.api-sports.io/football/leagues/72.png,https://media.api-sports.io/flags/br.svg,2018,Regular Season - 11,146,CRB,https://media.api-sports.io/football/teams/146.png,True,139,Ponte Preta,https://media.api-sports.io/football/teams/139.png,False,2.0,0.0,1.0,0.0,2.0,0.0,,,,,,,
2199,,UTC,2018-06-16T21:30:00+00:00,1529184600,1529184600.0,1529188200.0,,Serra Dourada,Goiania,Match Finished,FT,90.0,72,Serie B,Brazil,https://media.api-sports.io/football/leagues/72.png,https://media.api-sports.io/flags/br.svg,2018,Regular Season - 11,142,Vila Nova,https://media.api-sports.io/football/teams/142.png,,144,Atletico Goianiense,https://media.api-sports.io/football/teams/144.png,,0.0,0.0,0.0,0.0,0.0,0.0,,,,,,,
2198,,UTC,2018-06-16T22:00:00+00:00,1529186400,1529186400.0,1529190000.0,,Arena Barueri,Barueri,Match Finished,FT,90.0,72,Serie B,Brazil,https://media.api-sports.io/football/leagues/72.png,https://media.api-sports.io/flags/br.svg,2018,Regular Season - 11,143,Oeste,https://media.api-sports.io/football/teams/143.png,,140,Criciuma,https://media.api-sports.io/football/teams/140.png,,2.0,2.0,1.0,1.0,2.0,2.0,,,,,,,
2197,,UTC,2018-06-17T00:00:00+00:00,1529193600,1529193600.0,1529197200.0,,Estádio Leônidas Castro,Belem,Match Finished,FT,90.0,72,Serie B,Brazil,https://media.api-sports.io/football/leagues/72.png,https://media.api-sports.io/flags/br.svg,2018,Regular Season - 11,149,Paysandu,https://media.api-sports.io/football/teams/149.png,,150,CSA,https://media.api-sports.io/football/teams/150.png,,0.0,0.0,0.0,0.0,0.0,0.0,,,,,,,
2196,,UTC,2018-06-19T22:15:00+00:00,1529446500,1529446500.0,1529450100.0,,Moisés Lucarelli,Campinas,Match Finished,FT,90.0,72,Serie B,Brazil,https://media.api-sports.io/football/leagues/72.png,https://media.api-sports.io/flags/br.svg,2018,Regular Season - 12,139,Ponte Preta,https://media.api-sports.io/football/teams/139.png,,150,CSA,https://media.api-sports.io/football/teams/150.png,,1.0,1.0,1.0,0.0,1.0,1.0,,,,,,,
2195,,UTC,2018-06-20T00:30:00+00:00,1529454600,1529454600.0,1529458200.0,,Estádio da Ressacada,Florianopolis,Match Finished,FT,90.0,72,Serie B,Brazil,https://media.api-sports.io/football/leagues/72.png,https://media.api-sports.io/flags/br.svg,2018,Regular Season - 12,145,Avai,https://media.api-sports.io/football/teams/145.png,,138,Guarani Campinas,https://media.api-sports.io/football/teams/138.png,,3.0,3.0,2.0,0.0,3.0,3.0,,,,,,,
2194,,UTC,2018-06-21T22:15:00+00:00,1529619300,1529619300.0,1529622900.0,,Bento Mendes de Freitas,Pelotas,Match Finished,FT,90.0,72,Serie B,Brazil,https://media.api-sports.io/football/leagues/72.png,https://media.api-sports.io/flags/br.svg,2018,Regular Season - 12,141,Brasil DE Pelotas,https://media.api-sports.io/football/teams/141.png,True,140,Criciuma,https://media.api-sports.io/football/teams/140.png,False,1.0,0.0,1.0,0.0,1.0,0.0,,,,,,,
2193,,UTC,2018-06-22T00:30:00+00:00,1529627400,1529627400.0,1529631000.0,,Serra Dourada,Goiania,Match Finished,FT,90.0,72,Serie B,Brazil,https://media.api-sports.io/football/leagues/72.png,https://media.api-sports.io/flags/br.svg,2018,Regular Season - 12,151,Goias,https://media.api-sports.io/football/teams/151.png,,152,Juventude,https://media.api-sports.io/football/teams/152.png,,1.0,1.0,1.0,1.0,1.0,1.0,,,,,,,
2192,,UTC,2018-06-23T21:30:00+00:00,1529789400,1529789400.0,1529793000.0,,"Estádio Major Antônio Couto Pereira (Curitiba, Paraná)",,Match Finished,FT,90.0,72,Serie B,Brazil,https://media.api-sports.io/football/leagues/72.png,https://media.api-sports.io/flags/br.svg,2018,Regular Season - 12,147,Coritiba,https://media.api-sports.io/football/teams/147.png,,137,Figueirense,https://media.api-sports.io/football/teams/137.png,,1.0,1.0,1.0,0.0,1.0,1.0,,,,,,,
2188,,UTC,2018-06-23T22:00:00+00:00,1529791200,1529791200.0,1529794800.0,,Melão,Varginha,Match Finished,FT,90.0,72,Serie B,Brazil,https://media.api-sports.io/football/leagues/72.png,https://media.api-sports.io/flags/br.svg,2018,Regular Season - 12,153,BOA,https://media.api-sports.io/football/teams/153.png,False,142,Vila Nova,https://media.api-sports.io/football/teams/142.png,True,0.0,2.0,0.0,1.0,0.0,2.0,,,,,,,
2189,,UTC,2018-06-23T22:00:00+00:00,1529791200,1529791200.0,1529794800.0,,Estadio Castelão,Fortaleza,Match Finished,FT,90.0,72,Serie B,Brazil,https://media.api-sports.io/football/leagues/72.png,https://media.api-sports.io/flags/br.svg,2018,Regular Season - 12,154,Fortaleza EC,https://media.api-sports.io/football/teams/154.png,False,143,Oeste,https://media.api-sports.io/football/teams/143.png,True,1.0,2.0,0.0,1.0,1.0,2.0,,,,,,,
2190,,UTC,2018-06-23T22:00:00+00:00,1529791200,1529791200.0,1529794800.0,,Estadio Governador João Castelo,Sao Luis,Match Finished,FT,90.0,72,Serie B,Brazil,https://media.api-sports.io/football/leagues/72.png,https://media.api-sports.io/flags/br.svg,2018,Regular Season - 12,155,Sampaio Correa,https://media.api-sports.io/football/teams/155.png,False,144,Atletico Goianiense,https://media.api-sports.io/football/teams/144.png,True,2.0,3.0,1.0,2.0,2.0,3.0,,,,,,,
2191,,UTC,2018-06-23T22:00:00+00:00,1529791200,1529791200.0,1529794800.0,,Estádio Municipal Walter Ribeiro,Sorocaba,Match Finished,FT,90.0,72,Serie B,Brazil,https://media.api-sports.io/football/leagues/72.png,https://media.api-sports.io/flags/br.svg,2018,Regular Season - 12,156,Sao Bento,https://media.api-sports.io/football/teams/156.png,False,148,Londrina,https://media.api-sports.io/football/teams/148.png,True,0.0,1.0,0.0,0.0,0.0,1.0,,,,,,,
2187,,UTC,2018-06-24T00:00:00+00:00,1529798400,1529798400.0,1529802000.0,,Estádio Rei Pelé,Maceio,Match Finished,FT,90.0,72,Serie B,Brazil,https://media.api-sports.io/football/leagues/72.png,https://media.api-sports.io/flags/br.svg,2018,Regular Season - 12,146,CRB,https://media.api-sports.io/football/teams/146.png,,149,Paysandu,https://media.api-sports.io/football/teams/149.png,,1.0,1.0,0.0,0.0,1.0,1.0,,,,,,,
2186,,UTC,2018-06-26T22:15:00+00:00,1530051300,1530051300.0,1530054900.0,,Estádio Alfredo Jaconi,Caxias do Sul,Match Finished,FT,90.0,72,Serie B,Brazil,https://media.api-sports.io/football/leagues/72.png,https://media.api-sports.io/flags/br.svg,2018,Regular Season - 13,152,Juventude,https://media.api-sports.io/football/teams/152.png,False,142,Vila Nova,https://media.api-sports.io/football/teams/142.png,True,0.0,1.0,0.0,1.0,0.0,1.0,,,,,,,
2185,,UTC,2018-06-26T23:30:00+00:00,1530055800,1530055800.0,1530059400.0,,Arena Barueri,Barueri,Match Finished,FT,90.0,72,Serie B,Brazil,https://media.api-sports.io/football/leagues/72.png,https://media.api-sports.io/flags/br.svg,2018,Regular Season - 13,143,Oeste,https://media.api-sports.io/football/teams/143.png,True,145,Avai,https://media.api-sports.io/football/teams/145.png,False,1.0,0.0,1.0,0.0,1.0,0.0,,,,,,,
2184,,UTC,2018-06-27T00:30:00+00:00,1530059400,1530059400.0,1530063000.0,,Serra Dourada,Goiania,Match Finished,FT,90.0,72,Serie B,Brazil,https://media.api-sports.io/football/leagues/72.png,https://media.api-sports.io/flags/br.svg,2018,Regular Season - 13,151,Goias,https://media.api-sports.io/football/teams/151.png,True,146,CRB,https://media.api-sports.io/football/teams/146.png,False,2.0,1.0,0.0,0.0,2.0,1.0,,,,,,,
2183,,UTC,2018-06-29T21:00:00+00:00,1530306000,1530306000.0,1530309600.0,,Estadio Gustavo Paiva,Maceio,Match Finished,FT,90.0,72,Serie B,Brazil,https://media.api-sports.io/football/leagues/72.png,https://media.api-sports.io/flags/br.svg,2018,Regular Season - 13,150,CSA,https://media.api-sports.io/football/teams/150.png,,147,Coritiba,https://media.api-sports.io/football/teams/147.png,,2.0,2.0,0.0,0.0,2.0,2.0,,,,,,,
2182,,UTC,2018-06-29T22:15:00+00:00,1530310500,1530310500.0,1530314100.0,,Serra Dourada,Goiania,Match Finished,FT,90.0,72,Serie B,Brazil,https://media.api-sports.io/football/leagues/72.png,https://media.api-sports.io/flags/br.svg,2018,Regular Season - 13,144,Atletico Goianiense,https://media.api-sports.io/football/teams/144.png,True,141,Brasil DE Pelotas,https://media.api-sports.io/football/teams/141.png,False,2.0,1.0,1.0,1.0,2.0,1.0,,,,,,,
2181,,UTC,2018-06-30T00:30:00+00:00,1530318600,1530318600.0,1530322200.0,,"Estádio Brinco de Ouro da Princesa (Campinas, São Paulo)",,Match Finished,FT,90.0,72,Serie B,Brazil,https://media.api-sports.io/football/leagues/72.png,https://media.api-sports.io/flags/br.svg,2018,Regular Season - 13,138,Guarani Campinas,https://media.api-sports.io/football/teams/138.png,,153,BOA,https://media.api-sports.io/football/teams/153.png,,1.0,1.0,0.0,0.0,1.0,1.0,,,,,,,
2180,,UTC,2018-06-30T21:00:00+00:00,1530392400,1530392400.0,1530396000.0,,"Estádio Orlando Scarpelli (Florianópolis, Santa Catarina)",,Match Finished,FT,90.0,72,Serie B,Brazil,https://media.api-sports.io/football/leagues/72.png,https://media.api-sports.io/flags/br.svg,2018,Regular Season - 13,137,Figueirense,https://media.api-sports.io/football/teams/137.png,False,139,Ponte Preta,https://media.api-sports.io/football/teams/139.png,True,0.0,2.0,0.0,1.0,0.0,2.0,,,,,,,
2179,,UTC,2018-06-30T21:00:00+00:00,1530392400,1530392400.0,1530396000.0,,Estadio Heriberto Hülse,Criciuma,Match Finished,FT,90.0,72,Serie B,Brazil,https://media.api-sports.io/football/leagues/72.png,https://media.api-sports.io/flags/br.svg,2018,Regular Season - 13,140,Criciuma,https://media.api-sports.io/football/teams/140.png,True,156,Sao Bento,https://media.api-sports.io/football/teams/156.png,False,1.0,0.0,0.0,0.0,1.0,0.0,,,,,,,
2178,,UTC,2018-06-30T23:30:00+00:00,1530401400,1530401400.0,1530405000.0,,Estádio Leônidas Castro,Belem,Match Finished,FT,90.0,72,Serie B,Brazil,https://media.api-sports.io/football/leagues/72.png,https://media.api-sports.io/flags/br.svg,2018,Regular Season - 13,149,Paysandu,https://media.api-sports.io/football/teams/149.png,False,154,Fortaleza EC,https://media.api-sports.io/football/teams/154.png,True,0.0,1.0,0.0,1.0,0.0,1.0,,,,,,,
2177,,UTC,2018-07-01T21:00:00+00:00,1530478800,1530478800.0,1530482400.0,,Estadio do Cafe,Londrina,Match Finished,FT,90.0,72,Serie B,Brazil,https://media.api-sports.io/football/leagues/72.png,https://media.api-sports.io/flags/br.svg,2018,Regular Season - 13,148,Londrina,https://media.api-sports.io/football/teams/148.png,,155,Sampaio Correa,https://media.api-sports.io/football/teams/155.png,,1.0,1.0,0.0,0.0,1.0,1.0,,,,,,,
2176,,UTC,2018-07-04T21:00:00+00:00,1530738000,1530738000.0,1530741600.0,,Estadio Couto Pereira,Curitiba,Match Finished,FT,90.0,72,Serie B,Brazil,https://media.api-sports.io/football/leagues/72.png,https://media.api-sports.io/flags/br.svg,2018,Regular Season - 14,147,Coritiba,https://media.api-sports.io/football/teams/147.png,True,149,Paysandu,https://media.api-sports.io/football/teams/149.png,False,2.0,0.0,1.0,0.0,2.0,0.0,,,,,,,
2173,,UTC,2018-07-04T23:30:00+00:00,1530747000,1530747000.0,1530750600.0,,Serra Dourada,Goiania,Match Finished,FT,90.0,72,Serie B,Brazil,https://media.api-sports.io/football/leagues/72.png,https://media.api-sports.io/flags/br.svg,2018,Regular Season - 14,144,Atletico Goianiense,https://media.api-sports.io/football/teams/144.png,True,153,BOA,https://media.api-sports.io/football/teams/153.png,False,2.0,0.0,0.0,0.0,2.0,0.0,,,,,,,
2174,,UTC,2018-07-04T23:30:00+00:00,1530747000,1530747000.0,1530750600.0,,Estádio da Ressacada,Florianopolis,Match Finished,FT,90.0,72,Serie B,Brazil,https://media.api-sports.io/football/leagues/72.png,https://media.api-sports.io/flags/br.svg,2018,Regular Season - 14,145,Avai,https://media.api-sports.io/football/teams/145.png,False,151,Goias,https://media.api-sports.io/football/teams/151.png,True,0.0,1.0,0.0,1.0,0.0,1.0,,,,,,,
2175,,UTC,2018-07-04T23:30:00+00:00,1530747000,1530747000.0,1530750600.0,,Estádio Rei Pelé,Maceio,Match Finished,FT,90.0,72,Serie B,Brazil,https://media.api-sports.io/football/leagues/72.png,https://media.api-sports.io/flags/br.svg,2018,Regular Season - 14,146,CRB,https://media.api-sports.io/football/teams/146.png,True,156,Sao Bento,https://media.api-sports.io/football/teams/156.png,False,1.0,0.0,0.0,0.0,1.0,0.0,,,,,,,
2172,,UTC,2018-07-05T21:00:00+00:00,1530824400,1530824400.0,1530828000.0,,Arena Barueri,Barueri,Match Finished,FT,90.0,72,Serie B,Brazil,https://media.api-sports.io/football/leagues/72.png,https://media.api-sports.io/flags/br.svg,2018,Regular Season - 14,143,Oeste,https://media.api-sports.io/football/teams/143.png,False,138,Guarani Campinas,https://media.api-sports.io/football/teams/138.png,True,0.0,1.0,0.0,1.0,0.0,1.0,,,,,,,
2170,,UTC,2018-07-05T23:30:00+00:00,1530833400,1530833400.0,1530837000.0,,Bento Mendes de Freitas,Pelotas,Match Finished,FT,90.0,72,Serie B,Brazil,https://media.api-sports.io/football/leagues/72.png,https://media.api-sports.io/flags/br.svg,2018,Regular Season - 14,141,Brasil DE Pelotas,https://media.api-sports.io/football/teams/141.png,False,150,CSA,https://media.api-sports.io/football/teams/150.png,True,0.0,2.0,0.0,2.0,0.0,2.0,,,,,,,
2171,,UTC,2018-07-05T23:30:00+00:00,1530833400,1530833400.0,1530837000.0,,Serra Dourada,Goiania,Match Finished,FT,90.0,72,Serie B,Brazil,https://media.api-sports.io/football/leagues/72.png,https://media.api-sports.io/flags/br.svg,2018,Regular Season - 14,142,Vila Nova,https://media.api-sports.io/football/teams/142.png,,148,Londrina,https://media.api-sports.io/football/teams/148.png,,1.0,1.0,1.0,0.0,1.0,1.0,,,,,,,
2169,,UTC,2018-07-06T00:00:00+00:00,1530835200,1530835200.0,1530838800.0,,"Estádio Heriberto Hülse (Criciúma, Santa Catarina)",,Match Finished,FT,90.0,72,Serie B,Brazil,https://media.api-sports.io/football/leagues/72.png,https://media.api-sports.io/flags/br.svg,2018,Regular Season - 14,140,Criciuma,https://media.api-sports.io/football/teams/140.png,,137,Figueirense,https://media.api-sports.io/football/teams/137.png,,1.0,1.0,1.0,0.0,1.0,1.0,,,,,,,
2168,,UTC,2018-07-08T21:00:00+00:00,1531083600,1531083600.0,1531087200.0,,Moisés Lucarelli,Campinas,Match Finished,FT,90.0,72,Serie B,Brazil,https://media.api-sports.io/football/leagues/72.png,https://media.api-sports.io/flags/br.svg,2018,Regular Season - 14,139,Ponte Preta,https://media.api-sports.io/football/teams/139.png,True,154,Fortaleza EC,https://media.api-sports.io/football/teams/154.png,False,2.0,0.0,2.0,0.0,2.0,0.0,,,,,,,
2167,,UTC,2018-07-09T21:00:00+00:00,1531170000,1531170000.0,1531173600.0,,Estádio Brinco de Ouro,Campinas,Match Finished,FT,90.0,72,Serie B,Brazil,https://media.api-sports.io/football/leagues/72.png,https://media.api-sports.io/flags/br.svg,2018,Regular Season - 15,138,Guarani Campinas,https://media.api-sports.io/football/teams/138.png,True,147,Coritiba,https://media.api-sports.io/football/teams/147.png,False,2.0,1.0,1.0,1.0,2.0,1.0,,,,,,,
2166,,UTC,2018-07-09T23:30:00+00:00,1531179000,1531179000.0,1531182600.0,,"Estádio Orlando Scarpelli (Florianópolis, Santa Catarina)",,Match Finished,FT,90.0,72,Serie B,Brazil,https://media.api-sports.io/football/leagues/72.png,https://media.api-sports.io/flags/br.svg,2018,Regular Season - 15,137,Figueirense,https://media.api-sports.io/football/teams/137.png,False,143,Oeste,https://media.api-sports.io/football/teams/143.png,True,1.0,2.0,1.0,1.0,1.0,2.0,,,,,,,
2165,,UTC,2018-07-12T21:00:00+00:00,1531429200,1531429200.0,1531432800.0,,Estadio do Cafe,Londrina,Match Finished,FT,90.0,72,Serie B,Brazil,https://media.api-sports.io/football/leagues/72.png,https://media.api-sports.io/flags/br.svg,2018,Regular Season - 15,148,Londrina,https://media.api-sports.io/football/teams/148.png,False,145,Avai,https://media.api-sports.io/football/teams/145.png,True,1.0,2.0,0.0,2.0,1.0,2.0,,,,,,,
2164,,UTC,2018-07-12T23:30:00+00:00,1531438200,1531438200.0,1531441800.0,,Estádio Leônidas Castro,Belem,Match Finished,FT,90.0,72,Serie B,Brazil,https://media.api-sports.io/football/leagues/72.png,https://media.api-sports.io/flags/br.svg,2018,Regular Season - 15,149,Paysandu,https://media.api-sports.io/football/teams/149.png,False,142,Vila Nova,https://media.api-sports.io/football/teams/142.png,True,1.0,2.0,0.0,0.0,1.0,2.0,,,,,,,
2163,,UTC,2018-07-13T21:00:00+00:00,1531515600,1531515600.0,1531519200.0,,Bento Mendes de Freitas,Pelotas,Match Finished,FT,90.0,72,Serie B,Brazil,https://media.api-sports.io/football/leagues/72.png,https://media.api-sports.io/flags/br.svg,2018,Regular Season - 15,141,Brasil DE Pelotas,https://media.api-sports.io/football/teams/141.png,,152,Juventude,https://media.api-sports.io/football/teams/152.png,,1.0,1.0,1.0,1.0,1.0,1.0,,,,,,,
2162,,UTC,2018-07-13T23:30:00+00:00,1531524600,1531524600.0,1531528200.0,,Serra Dourada,Goiania,Match Finished,FT,90.0,72,Serie B,Brazil,https://media.api-sports.io/football/leagues/72.png,https://media.api-sports.io/flags/br.svg,2018,Regular Season - 15,151,Goias,https://media.api-sports.io/football/teams/151.png,True,140,Criciuma,https://media.api-sports.io/football/teams/140.png,False,2.0,1.0,1.0,1.0,2.0,1.0,,,,,,,
2161,,UTC,2018-07-13T23:30:00+00:00,1531524600,1531524600.0,1531528200.0,,Melão,Varginha,Match Finished,FT,90.0,72,Serie B,Brazil,https://media.api-sports.io/football/leagues/72.png,https://media.api-sports.io/flags/br.svg,2018,Regular Season - 15,153,BOA,https://media.api-sports.io/football/teams/153.png,False,146,CRB,https://media.api-sports.io/football/teams/146.png,True,0.0,1.0,0.0,0.0,0.0,1.0,,,,,,,
2160,,UTC,2018-07-14T00:30:00+00:00,1531528200,1531528200.0,1531531800.0,,"Estádio Rei Pelé (Maceió, Alagoas)",,Match Finished,FT,90.0,72,Serie B,Brazil,https://media.api-sports.io/football/leagues/72.png,https://media.api-sports.io/flags/br.svg,2018,Regular Season - 15,150,CSA,https://media.api-sports.io/football/teams/150.png,True,155,Sampaio Correa,https://media.api-sports.io/football/teams/155.png,False,1.0,0.0,1.0,0.0,1.0,0.0,,,,,,,
2159,,UTC,2018-07-14T19:00:00+00:00,1531594800,1531594800.0,1531598400.0,,Estadio Castelão,Fortaleza,Match Finished,FT,90.0,72,Serie B,Brazil,https://media.api-sports.io/football/leagues/72.png,https://media.api-sports.io/flags/br.svg,2018,Regular Season - 15,154,Fortaleza EC,https://media.api-sports.io/football/teams/154.png,False,144,Atletico Goianiense,https://media.api-sports.io/football/teams/144.png,True,0.0,1.0,0.0,1.0,0.0,1.0,,,,,,,
2158,,UTC,2018-07-14T21:00:00+00:00,1531602000,1531602000.0,1531605600.0,,Estádio Municipal Walter Ribeiro,Sorocaba,Match Finished,FT,90.0,72,Serie B,Brazil,https://media.api-sports.io/football/leagues/72.png,https://media.api-sports.io/flags/br.svg,2018,Regular Season - 15,156,Sao Bento,https://media.api-sports.io/football/teams/156.png,False,139,Ponte Preta,https://media.api-sports.io/football/teams/139.png,True,0.0,2.0,0.0,1.0,0.0,2.0,,,,,,,
2157,,UTC,2018-07-17T22:15:00+00:00,1531865700,1531865700.0,1531869300.0,,Estádio da Ressacada,Florianopolis,Match Finished,FT,90.0,72,Serie B,Brazil,https://media.api-sports.io/football/leagues/72.png,https://media.api-sports.io/flags/br.svg,2018,Regular Season - 16,145,Avai,https://media.api-sports.io/football/teams/145.png,,144,Atletico Goianiense,https://media.api-sports.io/football/teams/144.png,,0.0,0.0,0.0,0.0,0.0,0.0,,,,,,,
2156,,UTC,2018-07-17T23:30:00+00:00,1531870200,1531870200.0,1531873800.0,,Serra Dourada,Goiania,Match Finished,FT,90.0,72,Serie B,Brazil,https://media.api-sports.io/football/leagues/72.png,https://media.api-sports.io/flags/br.svg,2018,Regular Season - 16,142,Vila Nova,https://media.api-sports.io/football/teams/142.png,,141,Brasil DE Pelotas,https://media.api-sports.io/football/teams/141.png,,0.0,0.0,0.0,0.0,0.0,0.0,,,,,,,
2155,,UTC,2018-07-17T23:30:00+00:00,1531870200,1531870200.0,1531873800.0,,Estadio Governador João Castelo,Sao Luis,Match Finished,FT,90.0,72,Serie B,Brazil,https://media.api-sports.io/football/leagues/72.png,https://media.api-sports.io/flags/br.svg,2018,Regular Season - 14,155,Sampaio Correa,https://media.api-sports.io/football/teams/155.png,,152,Juventude,https://media.api-sports.io/football/teams/152.png,,0.0,0.0,0.0,0.0,0.0,0.0,,,,,,,
2154,,UTC,2018-07-18T00:30:00+00:00,1531873800,1531873800.0,1531877400.0,,"Estádio Brinco de Ouro da Princesa (Campinas, São Paulo)",,Match Finished,FT,90.0,72,Serie B,Brazil,https://media.api-sports.io/football/leagues/72.png,https://media.api-sports.io/flags/br.svg,2018,Regular Season - 16,138,Guarani Campinas,https://media.api-sports.io/football/teams/138.png,False,137,Figueirense,https://media.api-sports.io/football/teams/137.png,True,2.0,3.0,2.0,2.0,2.0,3.0,,,,,,,
2153,,UTC,2018-07-20T22:15:00+00:00,1532124900,1532124900.0,1532128500.0,,Estadio Heriberto Hülse,Criciuma,Match Finished,FT,90.0,72,Serie B,Brazil,https://media.api-sports.io/football/leagues/72.png,https://media.api-sports.io/flags/br.svg,2018,Regular Season - 16,140,Criciuma,https://media.api-sports.io/football/teams/140.png,True,148,Londrina,https://media.api-sports.io/football/teams/148.png,False,2.0,1.0,1.0,1.0,2.0,1.0,,,,,,,
2152,,UTC,2018-07-20T23:30:00+00:00,1532129400,1532129400.0,1532133000.0,,Estadio Governador João Castelo,Sao Luis,Match Finished,FT,90.0,72,Serie B,Brazil,https://media.api-sports.io/football/leagues/72.png,https://media.api-sports.io/flags/br.svg,2018,Regular Season - 16,155,Sampaio Correa,https://media.api-sports.io/football/teams/155.png,False,151,Goias,https://media.api-sports.io/football/teams/151.png,True,1.0,3.0,1.0,0.0,1.0,3.0,,,,,,,
2151,,UTC,2018-07-21T00:30:00+00:00,1532133000,1532133000.0,1532136600.0,,"Estádio Rei Pelé (Maceió, Alagoas)",,Match Finished,FT,90.0,72,Serie B,Brazil,https://media.api-sports.io/football/leagues/72.png,https://media.api-sports.io/flags/br.svg,2018,Regular Season - 16,150,CSA,https://media.api-sports.io/football/teams/150.png,,154,Fortaleza EC,https://media.api-sports.io/football/teams/154.png,,0.0,0.0,0.0,0.0,0.0,0.0,,,,,,,
2149,,UTC,2018-07-21T19:30:00+00:00,1532201400,1532201400.0,1532205000.0,,Estadio Couto Pereira,Curitiba,Match Finished,FT,90.0,72,Serie B,Brazil,https://media.api-sports.io/football/leagues/72.png,https://media.api-sports.io/flags/br.svg,2018,Regular Season - 16,147,Coritiba,https://media.api-sports.io/football/teams/147.png,,156,Sao Bento,https://media.api-sports.io/football/teams/156.png,,2.0,2.0,2.0,1.0,2.0,2.0,,,,,,,
2150,,UTC,2018-07-21T19:30:00+00:00,1532201400,1532201400.0,1532205000.0,,Estádio Alfredo Jaconi,Caxias do Sul,Match Finished,FT,90.0,72,Serie B,Brazil,https://media.api-sports.io/football/leagues/72.png,https://media.api-sports.io/flags/br.svg,2018,Regular Season - 16,152,Juventude,https://media.api-sports.io/football/teams/152.png,True,146,CRB,https://media.api-sports.io/football/teams/146.png,False,1.0,0.0,0.0,0.0,1.0,0.0,,,,,,,
2148,,UTC,2018-07-21T22:00:00+00:00,1532210400,1532210400.0,1532214000.0,,Arena Barueri,Barueri,Match Finished,FT,90.0,72,Serie B,Brazil,https://media.api-sports.io/football/leagues/72.png,https://media.api-sports.io/flags/br.svg,2018,Regular Season - 16,143,Oeste,https://media.api-sports.io/football/teams/143.png,,149,Paysandu,https://media.api-sports.io/football/teams/149.png,,2.0,2.0,1.0,2.0,2.0,2.0,,,,,,,
2147,,UTC,2018-07-21T22:00:00+00:00,1532210400,1532210400.0,1532214000.0,,Melão,Varginha,Match Finished,FT,90.0,72,Serie B,Brazil,https://media.api-sports.io/football/leagues/72.png,https://media.api-sports.io/flags/br.svg,2018,Regular Season - 16,153,BOA,https://media.api-sports.io/football/teams/153.png,True,139,Ponte Preta,https://media.api-sports.io/football/teams/139.png,False,2.0,1.0,2.0,0.0,2.0,1.0,,,,,,,
2146,,UTC,2018-07-23T23:00:00+00:00,1532386800,1532386800.0,1532390400.0,,Serra Dourada,Goiania,Match Finished,FT,90.0,72,Serie B,Brazil,https://media.api-sports.io/football/leagues/72.png,https://media.api-sports.io/flags/br.svg,2018,Regular Season - 17,144,Atletico Goianiense,https://media.api-sports.io/football/teams/144.png,,150,CSA,https://media.api-sports.io/football/teams/150.png,,2.0,2.0,1.0,2.0,2.0,2.0,,,,,,,
2143,,UTC,2018-07-24T22:15:00+00:00,1532470500,1532470500.0,1532474100.0,,"Estádio Orlando Scarpelli (Florianópolis, Santa Catarina)",,Match Finished,FT,90.0,72,Serie B,Brazil,https://media.api-sports.io/football/leagues/72.png,https://media.api-sports.io/flags/br.svg,2018,Regular Season - 17,137,Figueirense,https://media.api-sports.io/football/teams/137.png,True,142,Vila Nova,https://media.api-sports.io/football/teams/142.png,False,2.0,1.0,2.0,0.0,2.0,1.0,,,,,,,
2142,,UTC,2018-07-24T22:15:00+00:00,1532470500,1532470500.0,1532474100.0,,Bento Mendes de Freitas,Pelotas,Match Finished,FT,90.0,72,Serie B,Brazil,https://media.api-sports.io/football/leagues/72.png,https://media.api-sports.io/flags/br.svg,2018,Regular Season - 17,141,Brasil DE Pelotas,https://media.api-sports.io/football/teams/141.png,True,153,BOA,https://media.api-sports.io/football/teams/153.png,False,2.0,0.0,0.0,0.0,2.0,0.0,,,,,,,
2145,,UTC,2018-07-24T22:15:00+00:00,1532470500,1532470500.0,1532474100.0,,Estadio do Cafe,Londrina,Match Finished,FT,90.0,72,Serie B,Brazil,https://media.api-sports.io/football/leagues/72.png,https://media.api-sports.io/flags/br.svg,2018,Regular Season - 17,148,Londrina,https://media.api-sports.io/football/teams/148.png,True,143,Oeste,https://media.api-sports.io/football/teams/143.png,False,3.0,0.0,2.0,0.0,3.0,0.0,,,,,,,
2144,,UTC,2018-07-24T22:15:00+00:00,1532470500,1532470500.0,1532474100.0,,Serra Dourada,Goiania,Match Finished,FT,90.0,72,Serie B,Brazil,https://media.api-sports.io/football/leagues/72.png,https://media.api-sports.io/flags/br.svg,2018,Regular Season - 17,151,Goias,https://media.api-sports.io/football/teams/151.png,False,147,Coritiba,https://media.api-sports.io/football/teams/147.png,True,0.0,1.0,0.0,0.0,0.0,1.0,,,,,,,
2141,,UTC,2018-07-24T23:30:00+00:00,1532475000,1532475000.0,1532478600.0,,Moisés Lucarelli,Campinas,Match Finished,FT,90.0,72,Serie B,Brazil,https://media.api-sports.io/football/leagues/72.png,https://media.api-sports.io/flags/br.svg,2018,Regular Season - 17,139,Ponte Preta,https://media.api-sports.io/football/teams/139.png,False,152,Juventude,https://media.api-sports.io/football/teams/152.png,True,0.0,1.0,0.0,1.0,0.0,1.0,,,,,,,
2139,,UTC,2018-07-24T23:30:00+00:00,1532475000,1532475000.0,1532478600.0,,Estádio Rei Pelé,Maceio,Match Finished,FT,90.0,72,Serie B,Brazil,https://media.api-sports.io/football/leagues/72.png,https://media.api-sports.io/flags/br.svg,2018,Regular Season - 17,146,CRB,https://media.api-sports.io/football/teams/146.png,,140,Criciuma,https://media.api-sports.io/football/teams/140.png,,0.0,0.0,0.0,0.0,0.0,0.0,,,,,,,
2140,,UTC,2018-07-24T23:30:00+00:00,1532475000,1532475000.0,1532478600.0,,Estádio Leônidas Castro,Belem,Match Finished,FT,90.0,72,Serie B,Brazil,https://media.api-sports.io/football/leagues/72.png,https://media.api-sports.io/flags/br.svg,2018,Regular Season - 17,149,Paysandu,https://media.api-sports.io/football/teams/149.png,True,138,Guarani Campinas,https://media.api-sports.io/football/teams/138.png,False,1.0,0.0,0.0,0.0,1.0,0.0,,,,,,,
2137,,UTC,2018-07-25T00:30:00+00:00,1532478600,1532478600.0,1532482200.0,,Estadio Castelão,Fortaleza,Match Finished,FT,90.0,72,Serie B,Brazil,https://media.api-sports.io/football/leagues/72.png,https://media.api-sports.io/flags/br.svg,2018,Regular Season - 17,154,Fortaleza EC,https://media.api-sports.io/football/teams/154.png,,145,Avai,https://media.api-sports.io/football/teams/145.png,,1.0,1.0,1.0,0.0,1.0,1.0,,,,,,,
2138,,UTC,2018-07-25T00:30:00+00:00,1532478600,1532478600.0,1532482200.0,,Estádio Municipal Walter Ribeiro,Sorocaba,Match Finished,FT,90.0,72,Serie B,Brazil,https://media.api-sports.io/football/leagues/72.png,https://media.api-sports.io/flags/br.svg,2018,Regular Season - 17,156,Sao Bento,https://media.api-sports.io/football/teams/156.png,True,155,Sampaio Correa,https://media.api-sports.io/football/teams/155.png,False,2.0,1.0,2.0,0.0,2.0,1.0,,,,,,,
2307,,UTC,2018-07-27T22:15:00+00:00,1532729700,1532729700.0,1532733300.0,,Estádio da Ressacada,Florianopolis,Match Finished,FT,90.0,72,Serie B,Brazil,https://media.api-sports.io/football/leagues/72.png,https://media.api-sports.io/flags/br.svg,2018,Regular Season - 18,145,Avai,https://media.api-sports.io/football/teams/145.png,,150,CSA,https://media.api-sports.io/football/teams/150.png,,0.0,0.0,0.0,0.0,0.0,0.0,,,,,,,
2308,,UTC,2018-07-28T00:30:00+00:00,1532737800,1532737800.0,1532741400.0,,"Estádio Leônidas Sodré de Castro (Belém, Pará)",,Match Finished,FT,90.0,72,Serie B,Brazil,https://media.api-sports.io/football/leagues/72.png,https://media.api-sports.io/flags/br.svg,2018,Regular Season - 18,149,Paysandu,https://media.api-sports.io/football/teams/149.png,True,137,Figueirense,https://media.api-sports.io/football/teams/137.png,False,2.0,0.0,0.0,0.0,2.0,0.0,,,,,,,
2311,,UTC,2018-07-28T19:30:00+00:00,1532806200,1532806200.0,1532809800.0,,Estádio Brinco de Ouro da Princesa,Campinas,Match Finished,FT,90.0,72,Serie B,Brazil,https://media.api-sports.io/football/leagues/72.png,https://media.api-sports.io/flags/br.svg,2018,Regular Season - 18,138,Guarani Campinas,https://media.api-sports.io/football/teams/138.png,True,141,Brasil DE Pelotas,https://media.api-sports.io/football/teams/141.png,False,2.0,1.0,1.0,0.0,2.0,1.0,,,,,,,
2309,,UTC,2018-07-28T19:30:00+00:00,1532806200,1532806200.0,1532809800.0,,Estádio Rei Pelé,Maceio,Match Finished,FT,90.0,72,Serie B,Brazil,https://media.api-sports.io/football/leagues/72.png,https://media.api-sports.io/flags/br.svg,2018,Regular Season - 18,146,CRB,https://media.api-sports.io/football/teams/146.png,,148,Londrina,https://media.api-sports.io/football/teams/148.png,,1.0,1.0,1.0,1.0,1.0,1.0,,,,,,,
2310,,UTC,2018-07-28T19:30:00+00:00,1532806200,1532806200.0,1532809800.0,,Serra Dourada,Goiania,Match Finished,FT,90.0,72,Serie B,Brazil,https://media.api-sports.io/football/leagues/72.png,https://media.api-sports.io/flags/br.svg,2018,Regular Season - 18,151,Goias,https://media.api-sports.io/football/teams/151.png,True,143,Oeste,https://media.api-sports.io/football/teams/143.png,False,1.0,0.0,0.0,0.0,1.0,0.0,,,,,,,
2312,,UTC,2018-07-28T19:30:00+00:00,1532806200,1532806200.0,1532809800.0,,Estádio Alfredo Jaconi,Caxias do Sul,Match Finished,FT,90.0,72,Serie B,Brazil,https://media.api-sports.io/football/leagues/72.png,https://media.api-sports.io/flags/br.svg,2018,Regular Season - 18,152,Juventude,https://media.api-sports.io/football/teams/152.png,False,154,Fortaleza EC,https://media.api-sports.io/football/teams/154.png,True,0.0,3.0,0.0,2.0,0.0,3.0,,,,,,,
2313,,UTC,2018-07-28T19:30:00+00:00,1532806200,1532806200.0,1532809800.0,,Estádio Municipal Walter Ribeiro,Sorocaba,Match Finished,FT,90.0,72,Serie B,Brazil,https://media.api-sports.io/football/leagues/72.png,https://media.api-sports.io/flags/br.svg,2018,Regular Season - 18,156,Sao Bento,https://media.api-sports.io/football/teams/156.png,True,144,Atletico Goianiense,https://media.api-sports.io/football/teams/144.png,False,2.0,1.0,1.0,0.0,2.0,1.0,,,,,,,
2315,,UTC,2018-07-28T22:00:00+00:00,1532815200,1532815200.0,1532818800.0,,Estadio Heriberto Hülse,Criciuma,Match Finished,FT,90.0,72,Serie B,Brazil,https://media.api-sports.io/football/leagues/72.png,https://media.api-sports.io/flags/br.svg,2018,Regular Season - 18,140,Criciuma,https://media.api-sports.io/football/teams/140.png,True,142,Vila Nova,https://media.api-sports.io/football/teams/142.png,False,1.0,0.0,0.0,0.0,1.0,0.0,,,,,,,
2314,,UTC,2018-07-28T22:00:00+00:00,1532815200,1532815200.0,1532818800.0,,Estadio Couto Pereira,Curitiba,Match Finished,FT,90.0,72,Serie B,Brazil,https://media.api-sports.io/football/leagues/72.png,https://media.api-sports.io/flags/br.svg,2018,Regular Season - 18,147,Coritiba,https://media.api-sports.io/football/teams/147.png,,139,Ponte Preta,https://media.api-sports.io/football/teams/139.png,,0.0,0.0,0.0,0.0,0.0,0.0,,,,,,,
2316,,UTC,2018-07-29T00:00:00+00:00,1532822400,1532822400.0,1532826000.0,,Melão,Varginha,Match Finished,FT,90.0,72,Serie B,Brazil,https://media.api-sports.io/football/leagues/72.png,https://media.api-sports.io/flags/br.svg,2018,Regular Season - 18,153,BOA,https://media.api-sports.io/football/teams/153.png,True,155,Sampaio Correa,https://media.api-sports.io/football/teams/155.png,False,3.0,1.0,1.0,1.0,3.0,1.0,,,,,,,
2317,,UTC,2018-07-31T22:15:00+00:00,1533075300,1533075300.0,1533078900.0,,"Estádio Orlando Scarpelli (Florianópolis, Santa Catarina)",,Match Finished,FT,90.0,72,Serie B,Brazil,https://media.api-sports.io/football/leagues/72.png,https://media.api-sports.io/flags/br.svg,2018,Regular Season - 19,137,Figueirense,https://media.api-sports.io/football/teams/137.png,,146,CRB,https://media.api-sports.io/football/teams/146.png,,0.0,0.0,0.0,0.0,0.0,0.0,,,,,,,
2318,,UTC,2018-08-01T00:30:00+00:00,1533083400,1533083400.0,1533087000.0,,Serra Dourada,Goiania,Match Finished,FT,90.0,72,Serie B,Brazil,https://media.api-sports.io/football/leagues/72.png,https://media.api-sports.io/flags/br.svg,2018,Regular Season - 19,144,Atletico Goianiense,https://media.api-sports.io/football/teams/144.png,True,149,Paysandu,https://media.api-sports.io/football/teams/149.png,False,1.0,0.0,0.0,0.0,1.0,0.0,,,,,,,
2319,,UTC,2018-08-03T22:15:00+00:00,1533334500,1533334500.0,1533338100.0,,Estadio do Cafe,Londrina,Match Finished,FT,90.0,72,Serie B,Brazil,https://media.api-sports.io/football/leagues/72.png,https://media.api-sports.io/flags/br.svg,2018,Regular Season - 19,148,Londrina,https://media.api-sports.io/football/teams/148.png,False,138,Guarani Campinas,https://media.api-sports.io/football/teams/138.png,True,1.0,2.0,0.0,1.0,1.0,2.0,,,,,,,
2320,,UTC,2018-08-03T23:30:00+00:00,1533339000,1533339000.0,1533342600.0,,"Arena Barueri (Barueri, São Paulo)",,Match Finished,FT,90.0,72,Serie B,Brazil,https://media.api-sports.io/football/leagues/72.png,https://media.api-sports.io/flags/br.svg,2018,Regular Season - 19,143,Oeste,https://media.api-sports.io/football/teams/143.png,,153,BOA,https://media.api-sports.io/football/teams/153.png,,1.0,1.0,1.0,0.0,1.0,1.0,,,,,,,
2321,,UTC,2018-08-04T00:30:00+00:00,1533342600,1533342600.0,1533346200.0,,"Estádio Rei Pelé (Maceió, Alagoas)",,Match Finished,FT,90.0,72,Serie B,Brazil,https://media.api-sports.io/football/leagues/72.png,https://media.api-sports.io/flags/br.svg,2018,Regular Season - 19,150,CSA,https://media.api-sports.io/football/teams/150.png,True,152,Juventude,https://media.api-sports.io/football/teams/152.png,False,1.0,0.0,0.0,0.0,1.0,0.0,,,,,,,
2322,,UTC,2018-08-04T19:30:00+00:00,1533411000,1533411000.0,1533414600.0,,Bento Mendes de Freitas,Pelotas,Match Finished,FT,90.0,72,Serie B,Brazil,https://media.api-sports.io/football/leagues/72.png,https://media.api-sports.io/flags/br.svg,2018,Regular Season - 19,141,Brasil DE Pelotas,https://media.api-sports.io/football/teams/141.png,True,151,Goias,https://media.api-sports.io/football/teams/151.png,False,1.0,0.0,0.0,0.0,1.0,0.0,,,,,,,
2324,,UTC,2018-08-04T19:30:00+00:00,1533411000,1533411000.0,1533414600.0,,Serra Dourada,Goiania,Match Finished,FT,90.0,72,Serie B,Brazil,https://media.api-sports.io/football/leagues/72.png,https://media.api-sports.io/flags/br.svg,2018,Regular Season - 19,142,Vila Nova,https://media.api-sports.io/football/teams/142.png,True,156,Sao Bento,https://media.api-sports.io/football/teams/156.png,False,1.0,0.0,0.0,0.0,1.0,0.0,,,,,,,
2323,,UTC,2018-08-04T19:30:00+00:00,1533411000,1533411000.0,1533414600.0,,Estadio Castelão,Fortaleza,Match Finished,FT,90.0,72,Serie B,Brazil,https://media.api-sports.io/football/leagues/72.png,https://media.api-sports.io/flags/br.svg,2018,Regular Season - 19,154,Fortaleza EC,https://media.api-sports.io/football/teams/154.png,True,147,Coritiba,https://media.api-sports.io/football/teams/147.png,False,2.0,1.0,0.0,0.0,2.0,1.0,,,,,,,
2325,,UTC,2018-08-04T22:00:00+00:00,1533420000,1533420000.0,1533423600.0,,Moisés Lucarelli,Campinas,Match Finished,FT,90.0,72,Serie B,Brazil,https://media.api-sports.io/football/leagues/72.png,https://media.api-sports.io/flags/br.svg,2018,Regular Season - 19,139,Ponte Preta,https://media.api-sports.io/football/teams/139.png,,145,Avai,https://media.api-sports.io/football/teams/145.png,,2.0,2.0,1.0,1.0,2.0,2.0,,,,,,,
2326,,UTC,2018-08-05T00:00:00+00:00,1533427200,1533427200.0,1533430800.0,,Estadio Governador João Castelo,Sao Luis,Match Finished,FT,90.0,72,Serie B,Brazil,https://media.api-sports.io/football/leagues/72.png,https://media.api-sports.io/flags/br.svg,2018,Regular Season - 19,155,Sampaio Correa,https://media.api-sports.io/football/teams/155.png,False,140,Criciuma,https://media.api-sports.io/football/teams/140.png,True,0.0,1.0,0.0,0.0,0.0,1.0,,,,,,,
2327,,UTC,2018-08-07T22:15:00+00:00,1533680100,1533680100.0,1533683700.0,,Estádio da Ressacada,Florianopolis,Match Finished,FT,90.0,72,Serie B,Brazil,https://media.api-sports.io/football/leagues/72.png,https://media.api-sports.io/flags/br.svg,2018,Regular Season - 20,145,Avai,https://media.api-sports.io/football/teams/145.png,True,142,Vila Nova,https://media.api-sports.io/football/teams/142.png,False,1.0,0.0,0.0,0.0,1.0,0.0,,,,,,,
2335,,UTC,2018-08-08T00:30:00+00:00,1533688200,1533688200.0,1533691800.0,,Estádio Leônidas Castro,Belem,Match Finished,FT,90.0,72,Serie B,Brazil,https://media.api-sports.io/football/leagues/72.png,https://media.api-sports.io/flags/br.svg,2018,Regular Season - 20,149,Paysandu,https://media.api-sports.io/football/teams/149.png,False,139,Ponte Preta,https://media.api-sports.io/football/teams/139.png,True,0.0,4.0,0.0,2.0,0.0,4.0,,,,,,,
2332,,UTC,2018-08-10T22:15:00+00:00,1533939300,1533939300.0,1533942900.0,,Serra Dourada,Goiania,Match Finished,FT,90.0,72,Serie B,Brazil,https://media.api-sports.io/football/leagues/72.png,https://media.api-sports.io/flags/br.svg,2018,Regular Season - 20,151,Goias,https://media.api-sports.io/football/teams/151.png,True,150,CSA,https://media.api-sports.io/football/teams/150.png,False,3.0,0.0,1.0,0.0,3.0,0.0,,,,,,,
2328,,UTC,2018-08-10T23:30:00+00:00,1533943800,1533943800.0,1533947400.0,,Melão,Varginha,Match Finished,FT,90.0,72,Serie B,Brazil,https://media.api-sports.io/football/leagues/72.png,https://media.api-sports.io/flags/br.svg,2018,Regular Season - 20,153,BOA,https://media.api-sports.io/football/teams/153.png,True,148,Londrina,https://media.api-sports.io/football/teams/148.png,False,1.0,0.0,0.0,0.0,1.0,0.0,,,,,,,
2329,,UTC,2018-08-11T00:30:00+00:00,1533947400,1533947400.0,1533951000.0,,"Estádio Major Antônio Couto Pereira (Curitiba, Paraná)",,Match Finished,FT,90.0,72,Serie B,Brazil,https://media.api-sports.io/football/leagues/72.png,https://media.api-sports.io/flags/br.svg,2018,Regular Season - 20,147,Coritiba,https://media.api-sports.io/football/teams/147.png,,155,Sampaio Correa,https://media.api-sports.io/football/teams/155.png,,0.0,0.0,0.0,0.0,0.0,0.0,,,,,,,
2333,,UTC,2018-08-11T19:30:00+00:00,1534015800,1534015800.0,1534019400.0,,Estádio Brinco de Ouro da Princesa,Campinas,Match Finished,FT,90.0,72,Serie B,Brazil,https://media.api-sports.io/football/leagues/72.png,https://media.api-sports.io/flags/br.svg,2018,Regular Season - 20,138,Guarani Campinas,https://media.api-sports.io/football/teams/138.png,False,154,Fortaleza EC,https://media.api-sports.io/football/teams/154.png,True,2.0,3.0,2.0,0.0,2.0,3.0,,,,,,,
2331,,UTC,2018-08-11T19:30:00+00:00,1534015800,1534015800.0,1534019400.0,,Estadio Heriberto Hülse,Criciuma,Match Finished,FT,90.0,72,Serie B,Brazil,https://media.api-sports.io/football/leagues/72.png,https://media.api-sports.io/flags/br.svg,2018,Regular Season - 20,140,Criciuma,https://media.api-sports.io/football/teams/140.png,,144,Atletico Goianiense,https://media.api-sports.io/football/teams/144.png,,1.0,1.0,0.0,0.0,1.0,1.0,,,,,,,
2330,,UTC,2018-08-11T19:30:00+00:00,1534015800,1534015800.0,1534019400.0,,Estádio Rei Pelé,Maceio,Match Finished,FT,90.0,72,Serie B,Brazil,https://media.api-sports.io/football/leagues/72.png,https://media.api-sports.io/flags/br.svg,2018,Regular Season - 20,146,CRB,https://media.api-sports.io/football/teams/146.png,False,143,Oeste,https://media.api-sports.io/football/teams/143.png,True,0.0,1.0,0.0,0.0,0.0,1.0,,,,,,,
2336,,UTC,2018-08-11T19:30:00+00:00,1534015800,1534015800.0,1534019400.0,,Estádio Municipal Walter Ribeiro,Sorocaba,Match Finished,FT,90.0,72,Serie B,Brazil,https://media.api-sports.io/football/leagues/72.png,https://media.api-sports.io/flags/br.svg,2018,Regular Season - 20,156,Sao Bento,https://media.api-sports.io/football/teams/156.png,,141,Brasil DE Pelotas,https://media.api-sports.io/football/teams/141.png,,1.0,1.0,1.0,0.0,1.0,1.0,,,,,,,
2334,,UTC,2018-08-11T22:00:00+00:00,1534024800,1534024800.0,1534028400.0,,"Estádio Alfredo Jaconi (Caxias do Sul, Rio Grande do Sul)",,Match Finished,FT,90.0,72,Serie B,Brazil,https://media.api-sports.io/football/leagues/72.png,https://media.api-sports.io/flags/br.svg,2018,Regular Season - 20,152,Juventude,https://media.api-sports.io/football/teams/152.png,,137,Figueirense,https://media.api-sports.io/football/teams/137.png,,0.0,0.0,0.0,0.0,0.0,0.0,,,,,,,
2338,,UTC,2018-08-14T22:15:00+00:00,1534284900,1534284900.0,1534288500.0,,Bento Mendes de Freitas,Pelotas,Match Finished,FT,90.0,72,Serie B,Brazil,https://media.api-sports.io/football/leagues/72.png,https://media.api-sports.io/flags/br.svg,2018,Regular Season - 21,141,Brasil DE Pelotas,https://media.api-sports.io/football/teams/141.png,,145,Avai,https://media.api-sports.io/football/teams/145.png,,1.0,1.0,0.0,1.0,1.0,1.0,,,,,,,
2344,,UTC,2018-08-15T00:30:00+00:00,1534293000,1534293000.0,1534296600.0,,Moisés Lucarelli,Campinas,Match Finished,FT,90.0,72,Serie B,Brazil,https://media.api-sports.io/football/leagues/72.png,https://media.api-sports.io/flags/br.svg,2018,Regular Season - 21,139,Ponte Preta,https://media.api-sports.io/football/teams/139.png,True,140,Criciuma,https://media.api-sports.io/football/teams/140.png,False,3.0,1.0,2.0,1.0,3.0,1.0,,,,,,,
2342,,UTC,2018-08-17T22:15:00+00:00,1534544100,1534544100.0,1534547700.0,,Estadio do Cafe,Londrina,Match Finished,FT,90.0,72,Serie B,Brazil,https://media.api-sports.io/football/leagues/72.png,https://media.api-sports.io/flags/br.svg,2018,Regular Season - 21,148,Londrina,https://media.api-sports.io/football/teams/148.png,True,149,Paysandu,https://media.api-sports.io/football/teams/149.png,False,2.0,1.0,1.0,1.0,2.0,1.0,,,,,,,
2346,,UTC,2018-08-17T23:30:00+00:00,1534548600,1534548600.0,1534552200.0,,Serra Dourada,Goiania,Match Finished,FT,90.0,72,Serie B,Brazil,https://media.api-sports.io/football/leagues/72.png,https://media.api-sports.io/flags/br.svg,2018,Regular Season - 21,142,Vila Nova,https://media.api-sports.io/football/teams/142.png,,146,CRB,https://media.api-sports.io/football/teams/146.png,,0.0,0.0,0.0,0.0,0.0,0.0,,,,,,,
2340,,UTC,2018-08-18T00:30:00+00:00,1534552200,1534552200.0,1534555800.0,,"Estádio Orlando Scarpelli (Florianópolis, Santa Catarina)",,Match Finished,FT,90.0,72,Serie B,Brazil,https://media.api-sports.io/football/leagues/72.png,https://media.api-sports.io/flags/br.svg,2018,Regular Season - 21,137,Figueirense,https://media.api-sports.io/football/teams/137.png,False,151,Goias,https://media.api-sports.io/football/teams/151.png,True,1.0,2.0,1.0,1.0,1.0,2.0,,,,,,,
2343,,UTC,2018-08-18T19:30:00+00:00,1534620600,1534620600.0,1534624200.0,,Arena Barueri,Barueri,Match Finished,FT,90.0,72,Serie B,Brazil,https://media.api-sports.io/football/leagues/72.png,https://media.api-sports.io/flags/br.svg,2018,Regular Season - 21,143,Oeste,https://media.api-sports.io/football/teams/143.png,,152,Juventude,https://media.api-sports.io/football/teams/152.png,,0.0,0.0,0.0,0.0,0.0,0.0,,,,,,,
2337,,UTC,2018-08-18T19:30:00+00:00,1534620600,1534620600.0,1534624200.0,,Serra Dourada,Goiania,Match Finished,FT,90.0,72,Serie B,Brazil,https://media.api-sports.io/football/leagues/72.png,https://media.api-sports.io/flags/br.svg,2018,Regular Season - 21,144,Atletico Goianiense,https://media.api-sports.io/football/teams/144.png,True,147,Coritiba,https://media.api-sports.io/football/teams/147.png,False,1.0,0.0,1.0,0.0,1.0,0.0,,,,,,,
2341,,UTC,2018-08-18T19:30:00+00:00,1534620600,1534620600.0,1534624200.0,,Estadio Castelão,Fortaleza,Match Finished,FT,90.0,72,Serie B,Brazil,https://media.api-sports.io/football/leagues/72.png,https://media.api-sports.io/flags/br.svg,2018,Regular Season - 21,154,Fortaleza EC,https://media.api-sports.io/football/teams/154.png,True,153,BOA,https://media.api-sports.io/football/teams/153.png,False,2.0,1.0,0.0,0.0,2.0,1.0,,,,,,,
2345,,UTC,2018-08-18T22:00:00+00:00,1534629600,1534629600.0,1534633200.0,,Estadio Governador João Castelo,Sao Luis,Match Finished,FT,90.0,72,Serie B,Brazil,https://media.api-sports.io/football/leagues/72.png,https://media.api-sports.io/flags/br.svg,2018,Regular Season - 21,155,Sampaio Correa,https://media.api-sports.io/football/teams/155.png,False,138,Guarani Campinas,https://media.api-sports.io/football/teams/138.png,True,0.0,2.0,0.0,1.0,0.0,2.0,,,,,,,
2339,,UTC,2018-08-19T00:00:00+00:00,1534636800,1534636800.0,1534640400.0,,Estadio Gustavo Paiva,Maceio,Match Finished,FT,90.0,72,Serie B,Brazil,https://media.api-sports.io/football/leagues/72.png,https://media.api-sports.io/flags/br.svg,2018,Regular Season - 21,150,CSA,https://media.api-sports.io/football/teams/150.png,True,156,Sao Bento,https://media.api-sports.io/football/teams/156.png,False,1.0,0.0,0.0,0.0,1.0,0.0,,,,,,,
2351,,UTC,2018-08-21T22:15:00+00:00,1534889700,1534889700.0,1534893300.0,,Estadio Heriberto Hülse,Criciuma,Match Finished,FT,90.0,72,Serie B,Brazil,https://media.api-sports.io/football/leagues/72.png,https://media.api-sports.io/flags/br.svg,2018,Regular Season - 22,140,Criciuma,https://media.api-sports.io/football/teams/140.png,,147,Coritiba,https://media.api-sports.io/football/teams/147.png,,2.0,2.0,2.0,1.0,2.0,2.0,,,,,,,
2349,,UTC,2018-08-21T22:15:00+00:00,1534889700,1534889700.0,1534893300.0,,Bento Mendes de Freitas,Pelotas,Match Finished,FT,90.0,72,Serie B,Brazil,https://media.api-sports.io/football/leagues/72.png,https://media.api-sports.io/flags/br.svg,2018,Regular Season - 22,141,Brasil DE Pelotas,https://media.api-sports.io/football/teams/141.png,,149,Paysandu,https://media.api-sports.io/football/teams/149.png,,0.0,0.0,0.0,0.0,0.0,0.0,,,,,,,
2347,,UTC,2018-08-21T22:15:00+00:00,1534889700,1534889700.0,1534893300.0,,Estádio da Ressacada,Florianopolis,Match Finished,FT,90.0,72,Serie B,Brazil,https://media.api-sports.io/football/leagues/72.png,https://media.api-sports.io/flags/br.svg,2018,Regular Season - 22,145,Avai,https://media.api-sports.io/football/teams/145.png,True,152,Juventude,https://media.api-sports.io/football/teams/152.png,False,1.0,0.0,0.0,0.0,1.0,0.0,,,,,,,
2354,,UTC,2018-08-21T22:15:00+00:00,1534889700,1534889700.0,1534893300.0,,Estadio do Cafe,Londrina,Match Finished,FT,90.0,72,Serie B,Brazil,https://media.api-sports.io/football/leagues/72.png,https://media.api-sports.io/flags/br.svg,2018,Regular Season - 22,148,Londrina,https://media.api-sports.io/football/teams/148.png,True,139,Ponte Preta,https://media.api-sports.io/football/teams/139.png,False,1.0,0.0,0.0,0.0,1.0,0.0,,,,,,,
2350,"Rodrigo Carvalhaes de Miranda, Brazil",UTC,2018-08-21T23:30:00+00:00,1534894200,1534894200.0,1534897800.0,,Estádio Rei Pelé,Maceio,Match Finished,FT,90.0,72,Serie B,Brazil,https://media.api-sports.io/football/leagues/72.png,https://media.api-sports.io/flags/br.svg,2018,Regular Season - 22,146,CRB,https://media.api-sports.io/football/teams/146.png,True,154,Fortaleza EC,https://media.api-sports.io/football/teams/154.png,False,2.0,1.0,0.0,0.0,2.0,1.0,,,,,,,
2352,"Francisco Carlos Do Nascimento, Brazil",UTC,2018-08-21T23:30:00+00:00,1534894200,1534894200.0,1534897800.0,,Estádio Olimpico Pedro Ludovico,Goiania,Match Finished,FT,90.0,72,Serie B,Brazil,https://media.api-sports.io/football/leagues/72.png,https://media.api-sports.io/flags/br.svg,2018,Regular Season - 22,151,Goias,https://media.api-sports.io/football/teams/151.png,True,156,Sao Bento,https://media.api-sports.io/football/teams/156.png,False,2.0,1.0,1.0,1.0,2.0,1.0,,,,,,,
2348,,UTC,2018-08-21T23:30:00+00:00,1534894200,1534894200.0,1534897800.0,,"Estádio Municipal Prefeito Dilzon Luiz de Melo (Varginha, Minas Gerais)",,Match Finished,FT,90.0,72,Serie B,Brazil,https://media.api-sports.io/football/leagues/72.png,https://media.api-sports.io/flags/br.svg,2018,Regular Season - 22,153,BOA,https://media.api-sports.io/football/teams/153.png,False,137,Figueirense,https://media.api-sports.io/football/teams/137.png,True,0.0,2.0,0.0,2.0,0.0,2.0,,,,,,,
2353,,UTC,2018-08-22T00:30:00+00:00,1534897800,1534897800.0,1534901400.0,,Estádio Brinco de Ouro da Princesa,Campinas,Match Finished,FT,90.0,72,Serie B,Brazil,https://media.api-sports.io/football/leagues/72.png,https://media.api-sports.io/flags/br.svg,2018,Regular Season - 22,138,Guarani Campinas,https://media.api-sports.io/football/teams/138.png,True,144,Atletico Goianiense,https://media.api-sports.io/football/teams/144.png,False,2.0,0.0,1.0,0.0,2.0,0.0,,,,,,,
2355,,UTC,2018-08-22T00:30:00+00:00,1534897800,1534897800.0,1534901400.0,,Arena Barueri,Barueri,Match Finished,FT,90.0,72,Serie B,Brazil,https://media.api-sports.io/football/leagues/72.png,https://media.api-sports.io/flags/br.svg,2018,Regular Season - 22,143,Oeste,https://media.api-sports.io/football/teams/143.png,True,150,CSA,https://media.api-sports.io/football/teams/150.png,False,2.0,1.0,1.0,1.0,2.0,1.0,,,,,,,
2356,,UTC,2018-08-22T00:30:00+00:00,1534897800,1534897800.0,1534901400.0,,Estadio Governador João Castelo,Sao Luis,Match Finished,FT,90.0,72,Serie B,Brazil,https://media.api-sports.io/football/leagues/72.png,https://media.api-sports.io/flags/br.svg,2018,Regular Season - 22,155,Sampaio Correa,https://media.api-sports.io/football/teams/155.png,,142,Vila Nova,https://media.api-sports.io/football/teams/142.png,,0.0,0.0,0.0,0.0,0.0,0.0,,,,,,,
2360,,UTC,2018-08-24T22:15:00+00:00,1535148900,1535148900.0,1535152500.0,,"Estádio Orlando Scarpelli (Florianópolis, Santa Catarina)",,Match Finished,FT,90.0,72,Serie B,Brazil,https://media.api-sports.io/football/leagues/72.png,https://media.api-sports.io/flags/br.svg,2018,Regular Season - 23,137,Figueirense,https://media.api-sports.io/football/teams/137.png,,141,Brasil DE Pelotas,https://media.api-sports.io/football/teams/141.png,,1.0,1.0,1.0,1.0,1.0,1.0,,,,,,,
2358,,UTC,2018-08-24T22:15:00+00:00,1535148900,1535148900.0,1535152500.0,,Estadio Couto Pereira,Curitiba,Match Finished,FT,90.0,72,Serie B,Brazil,https://media.api-sports.io/football/leagues/72.png,https://media.api-sports.io/flags/br.svg,2018,Regular Season - 23,147,Coritiba,https://media.api-sports.io/football/teams/147.png,False,143,Oeste,https://media.api-sports.io/football/teams/143.png,True,0.0,2.0,0.0,2.0,0.0,2.0,,,,,,,
2357,,UTC,2018-08-25T00:30:00+00:00,1535157000,1535157000.0,1535160600.0,,"Estádio Antônio Accioly (Goiânia, Goiás)",,Match Finished,FT,90.0,72,Serie B,Brazil,https://media.api-sports.io/football/leagues/72.png,https://media.api-sports.io/flags/br.svg,2018,Regular Season - 23,144,Atletico Goianiense,https://media.api-sports.io/football/teams/144.png,True,146,CRB,https://media.api-sports.io/football/teams/146.png,False,1.0,0.0,0.0,0.0,1.0,0.0,,,,,,,
2364,,UTC,2018-08-25T19:30:00+00:00,1535225400,1535225400.0,1535229000.0,,Moisés Lucarelli,Campinas,Match Finished,FT,90.0,72,Serie B,Brazil,https://media.api-sports.io/football/leagues/72.png,https://media.api-sports.io/flags/br.svg,2018,Regular Season - 23,139,Ponte Preta,https://media.api-sports.io/football/teams/139.png,,138,Guarani Campinas,https://media.api-sports.io/football/teams/138.png,,0.0,0.0,0.0,0.0,0.0,0.0,,,,,,,
2366,,UTC,2018-08-25T19:30:00+00:00,1535225400,1535225400.0,1535229000.0,,Serra Dourada,Goiania,Match Finished,FT,90.0,72,Serie B,Brazil,https://media.api-sports.io/football/leagues/72.png,https://media.api-sports.io/flags/br.svg,2018,Regular Season - 23,142,Vila Nova,https://media.api-sports.io/football/teams/142.png,True,151,Goias,https://media.api-sports.io/football/teams/151.png,False,3.0,0.0,1.0,0.0,3.0,0.0,,,,,,,
2363,,UTC,2018-08-25T19:30:00+00:00,1535225400,1535225400.0,1535229000.0,,Estádio Leônidas Castro,Belem,Match Finished,FT,90.0,72,Serie B,Brazil,https://media.api-sports.io/football/leagues/72.png,https://media.api-sports.io/flags/br.svg,2018,Regular Season - 23,149,Paysandu,https://media.api-sports.io/football/teams/149.png,False,155,Sampaio Correa,https://media.api-sports.io/football/teams/155.png,True,0.0,1.0,0.0,0.0,0.0,1.0,,,,,,,
2359,,UTC,2018-08-25T19:30:00+00:00,1535225400,1535225400.0,1535229000.0,,Estadio Gustavo Paiva,Maceio,Match Finished,FT,90.0,72,Serie B,Brazil,https://media.api-sports.io/football/leagues/72.png,https://media.api-sports.io/flags/br.svg,2018,Regular Season - 23,150,CSA,https://media.api-sports.io/football/teams/150.png,True,140,Criciuma,https://media.api-sports.io/football/teams/140.png,False,3.0,0.0,1.0,0.0,3.0,0.0,,,,,,,
2365,,UTC,2018-08-25T19:30:00+00:00,1535225400,1535225400.0,1535229000.0,,Estádio Municipal Walter Ribeiro,Sorocaba,Match Finished,FT,90.0,72,Serie B,Brazil,https://media.api-sports.io/football/leagues/72.png,https://media.api-sports.io/flags/br.svg,2018,Regular Season - 23,156,Sao Bento,https://media.api-sports.io/football/teams/156.png,False,145,Avai,https://media.api-sports.io/football/teams/145.png,True,0.0,1.0,0.0,1.0,0.0,1.0,,,,,,,
2361,,UTC,2018-08-25T22:00:00+00:00,1535234400,1535234400.0,1535238000.0,,Estadio Castelão,Fortaleza,Match Finished,FT,90.0,72,Serie B,Brazil,https://media.api-sports.io/football/leagues/72.png,https://media.api-sports.io/flags/br.svg,2018,Regular Season - 23,154,Fortaleza EC,https://media.api-sports.io/football/teams/154.png,True,148,Londrina,https://media.api-sports.io/football/teams/148.png,False,2.0,1.0,0.0,1.0,2.0,1.0,,,,,,,
2362,,UTC,2018-08-26T00:00:00+00:00,1535241600,1535241600.0,1535245200.0,,Estádio Alfredo Jaconi,Caxias do Sul,Match Finished,FT,90.0,72,Serie B,Brazil,https://media.api-sports.io/football/leagues/72.png,https://media.api-sports.io/flags/br.svg,2018,Regular Season - 23,152,Juventude,https://media.api-sports.io/football/teams/152.png,,153,BOA,https://media.api-sports.io/football/teams/153.png,,0.0,0.0,0.0,0.0,0.0,0.0,,,,,,,
2369,,UTC,2018-08-27T23:00:00+00:00,1535410800,1535410800.0,1535414400.0,,Bento Mendes de Freitas,Pelotas,Match Finished,FT,90.0,72,Serie B,Brazil,https://media.api-sports.io/football/leagues/72.png,https://media.api-sports.io/flags/br.svg,2018,Regular Season - 24,141,Brasil DE Pelotas,https://media.api-sports.io/football/teams/141.png,False,147,Coritiba,https://media.api-sports.io/football/teams/147.png,True,0.0,1.0,0.0,1.0,0.0,1.0,,,,,,,
2371,,UTC,2018-08-28T22:15:00+00:00,1535494500,1535494500.0,1535498100.0,,Estadio Heriberto Hülse,Criciuma,Match Finished,FT,90.0,72,Serie B,Brazil,https://media.api-sports.io/football/leagues/72.png,https://media.api-sports.io/flags/br.svg,2018,Regular Season - 24,140,Criciuma,https://media.api-sports.io/football/teams/140.png,,138,Guarani Campinas,https://media.api-sports.io/football/teams/138.png,,0.0,0.0,0.0,0.0,0.0,0.0,,,,,,,
2374,,UTC,2018-08-28T23:30:00+00:00,1535499000,1535499000.0,1535502600.0,,Arena Barueri,Barueri,Match Finished,FT,90.0,72,Serie B,Brazil,https://media.api-sports.io/football/leagues/72.png,https://media.api-sports.io/flags/br.svg,2018,Regular Season - 24,143,Oeste,https://media.api-sports.io/football/teams/143.png,False,156,Sao Bento,https://media.api-sports.io/football/teams/156.png,True,0.0,1.0,0.0,0.0,0.0,1.0,,,,,,,
2373,,UTC,2018-08-31T22:15:00+00:00,1535753700,1535753700.0,1535757300.0,,Estadio do Cafe,Londrina,Match Finished,FT,90.0,72,Serie B,Brazil,https://media.api-sports.io/football/leagues/72.png,https://media.api-sports.io/flags/br.svg,2018,Regular Season - 24,148,Londrina,https://media.api-sports.io/football/teams/148.png,True,144,Atletico Goianiense,https://media.api-sports.io/football/teams/144.png,False,4.0,1.0,2.0,0.0,4.0,1.0,,,,,,,
2375,,UTC,2018-08-31T22:15:00+00:00,1535753700,1535753700.0,1535757300.0,,Estádio Leônidas Castro,Belem,Match Finished,FT,90.0,72,Serie B,Brazil,https://media.api-sports.io/football/leagues/72.png,https://media.api-sports.io/flags/br.svg,2018,Regular Season - 24,149,Paysandu,https://media.api-sports.io/football/teams/149.png,,152,Juventude,https://media.api-sports.io/football/teams/152.png,,3.0,3.0,1.0,1.0,3.0,3.0,,,,,,,
2376,,UTC,2018-09-01T00:30:00+00:00,1535761800,1535761800.0,1535765400.0,,"Estádio Moisés Lucarelli (Campinas, São Paulo)",,Match Finished,FT,90.0,72,Serie B,Brazil,https://media.api-sports.io/football/leagues/72.png,https://media.api-sports.io/flags/br.svg,2018,Regular Season - 24,139,Ponte Preta,https://media.api-sports.io/football/teams/139.png,,142,Vila Nova,https://media.api-sports.io/football/teams/142.png,,1.0,1.0,1.0,0.0,1.0,1.0,,,,,,,
2370,,UTC,2018-09-01T00:30:00+00:00,1535761800,1535761800.0,1535765400.0,,"Estádio Rei Pelé (Maceió, Alagoas)",,Match Finished,FT,90.0,72,Serie B,Brazil,https://media.api-sports.io/football/leagues/72.png,https://media.api-sports.io/flags/br.svg,2018,Regular Season - 24,146,CRB,https://media.api-sports.io/football/teams/146.png,True,155,Sampaio Correa,https://media.api-sports.io/football/teams/155.png,False,2.0,1.0,1.0,0.0,2.0,1.0,,,,,,,
2367,,UTC,2018-09-01T19:30:00+00:00,1535830200,1535830200.0,1535833800.0,,"Estádio Aderbal Ramos da Silva (Florianópolis, Santa Catarina)",,Match Finished,FT,90.0,72,Serie B,Brazil,https://media.api-sports.io/football/leagues/72.png,https://media.api-sports.io/flags/br.svg,2018,Regular Season - 24,145,Avai,https://media.api-sports.io/football/teams/145.png,False,137,Figueirense,https://media.api-sports.io/football/teams/137.png,True,0.0,1.0,0.0,1.0,0.0,1.0,,,,,,,
2372,,UTC,2018-09-01T22:00:00+00:00,1535839200,1535839200.0,1535842800.0,,Serra Dourada,Goiania,Match Finished,FT,90.0,72,Serie B,Brazil,https://media.api-sports.io/football/leagues/72.png,https://media.api-sports.io/flags/br.svg,2018,Regular Season - 24,151,Goias,https://media.api-sports.io/football/teams/151.png,True,154,Fortaleza EC,https://media.api-sports.io/football/teams/154.png,False,3.0,1.0,2.0,0.0,3.0,1.0,,,,,,,
2368,,UTC,2018-09-02T00:00:00+00:00,1535846400,1535846400.0,1535850000.0,,Melão,Varginha,Match Finished,FT,90.0,72,Serie B,Brazil,https://media.api-sports.io/football/leagues/72.png,https://media.api-sports.io/flags/br.svg,2018,Regular Season - 24,153,BOA,https://media.api-sports.io/football/teams/153.png,True,150,CSA,https://media.api-sports.io/football/teams/150.png,False,3.0,0.0,0.0,0.0,3.0,0.0,,,,,,,
2386,,UTC,2018-09-03T23:00:00+00:00,1536015600,1536015600.0,1536019200.0,,Serra Dourada,Goiania,Match Finished,FT,90.0,72,Serie B,Brazil,https://media.api-sports.io/football/leagues/72.png,https://media.api-sports.io/flags/br.svg,2018,Regular Season - 25,142,Vila Nova,https://media.api-sports.io/football/teams/142.png,,143,Oeste,https://media.api-sports.io/football/teams/143.png,,1.0,1.0,0.0,0.0,1.0,1.0,,,,,,,
2382,,UTC,2018-09-04T22:15:00+00:00,1536099300,1536099300.0,1536102900.0,,Estádio Brinco de Ouro da Princesa,Campinas,Match Finished,FT,90.0,72,Serie B,Brazil,https://media.api-sports.io/football/leagues/72.png,https://media.api-sports.io/flags/br.svg,2018,Regular Season - 25,138,Guarani Campinas,https://media.api-sports.io/football/teams/138.png,False,151,Goias,https://media.api-sports.io/football/teams/151.png,True,0.0,2.0,0.0,1.0,0.0,2.0,,,,,,,
2377,,UTC,2018-09-04T22:15:00+00:00,1536099300,1536099300.0,1536102900.0,,Serra Dourada,Goiania,Match Finished,FT,90.0,72,Serie B,Brazil,https://media.api-sports.io/football/leagues/72.png,https://media.api-sports.io/flags/br.svg,2018,Regular Season - 25,144,Atletico Goianiense,https://media.api-sports.io/football/teams/144.png,True,139,Ponte Preta,https://media.api-sports.io/football/teams/139.png,False,2.0,0.0,1.0,0.0,2.0,0.0,,,,,,,
2378,,UTC,2018-09-04T22:15:00+00:00,1536099300,1536099300.0,1536102900.0,,Estádio da Ressacada,Florianopolis,Match Finished,FT,90.0,72,Serie B,Brazil,https://media.api-sports.io/football/leagues/72.png,https://media.api-sports.io/flags/br.svg,2018,Regular Season - 25,145,Avai,https://media.api-sports.io/football/teams/145.png,True,146,CRB,https://media.api-sports.io/football/teams/146.png,False,1.0,0.0,1.0,0.0,1.0,0.0,,,,,,,
2379,,UTC,2018-09-04T22:15:00+00:00,1536099300,1536099300.0,1536102900.0,,Estadio Couto Pereira,Curitiba,Match Finished,FT,90.0,72,Serie B,Brazil,https://media.api-sports.io/football/leagues/72.png,https://media.api-sports.io/flags/br.svg,2018,Regular Season - 25,147,Coritiba,https://media.api-sports.io/football/teams/147.png,True,153,BOA,https://media.api-sports.io/football/teams/153.png,False,2.0,1.0,1.0,1.0,2.0,1.0,,,,,,,
2380,,UTC,2018-09-04T23:30:00+00:00,1536103800,1536103800.0,1536107400.0,,Estadio Gustavo Paiva,Maceio,Match Finished,FT,90.0,72,Serie B,Brazil,https://media.api-sports.io/football/leagues/72.png,https://media.api-sports.io/flags/br.svg,2018,Regular Season - 25,150,CSA,https://media.api-sports.io/football/teams/150.png,True,148,Londrina,https://media.api-sports.io/football/teams/148.png,False,4.0,1.0,2.0,1.0,4.0,1.0,,,,,,,
2383,,UTC,2018-09-04T23:30:00+00:00,1536103800,1536103800.0,1536107400.0,,Estádio Alfredo Jaconi,Caxias do Sul,Match Finished,FT,90.0,72,Serie B,Brazil,https://media.api-sports.io/football/leagues/72.png,https://media.api-sports.io/flags/br.svg,2018,Regular Season - 25,152,Juventude,https://media.api-sports.io/football/teams/152.png,False,140,Criciuma,https://media.api-sports.io/football/teams/140.png,True,0.0,1.0,0.0,0.0,0.0,1.0,,,,,,,
2385,,UTC,2018-09-04T23:30:00+00:00,1536103800,1536103800.0,1536107400.0,,Estádio Municipal Walter Ribeiro,Sorocaba,Match Finished,FT,90.0,72,Serie B,Brazil,https://media.api-sports.io/football/leagues/72.png,https://media.api-sports.io/flags/br.svg,2018,Regular Season - 25,156,Sao Bento,https://media.api-sports.io/football/teams/156.png,True,149,Paysandu,https://media.api-sports.io/football/teams/149.png,False,1.0,0.0,0.0,0.0,1.0,0.0,,,,,,,
2381,,UTC,2018-09-05T00:30:00+00:00,1536107400,1536107400.0,1536111000.0,,"Estádio Governador Plácido Aderaldo Castelo (Fortaleza, Ceará)",,Match Finished,FT,90.0,72,Serie B,Brazil,https://media.api-sports.io/football/leagues/72.png,https://media.api-sports.io/flags/br.svg,2018,Regular Season - 25,154,Fortaleza EC,https://media.api-sports.io/football/teams/154.png,,137,Figueirense,https://media.api-sports.io/football/teams/137.png,,2.0,2.0,1.0,1.0,2.0,2.0,,,,,,,
2384,,UTC,2018-09-05T00:30:00+00:00,1536107400,1536107400.0,1536111000.0,,Estadio Governador João Castelo,Sao Luis,Match Finished,FT,90.0,72,Serie B,Brazil,https://media.api-sports.io/football/leagues/72.png,https://media.api-sports.io/flags/br.svg,2018,Regular Season - 25,155,Sampaio Correa,https://media.api-sports.io/football/teams/155.png,False,141,Brasil DE Pelotas,https://media.api-sports.io/football/teams/141.png,True,1.0,2.0,0.0,1.0,1.0,2.0,,,,,,,
2393,,UTC,2018-09-07T19:00:00+00:00,1536346800,1536346800.0,1536350400.0,,Arena Barueri,Barueri,Match Finished,FT,90.0,72,Serie B,Brazil,https://media.api-sports.io/football/leagues/72.png,https://media.api-sports.io/flags/br.svg,2018,Regular Season - 26,143,Oeste,https://media.api-sports.io/football/teams/143.png,False,144,Atletico Goianiense,https://media.api-sports.io/football/teams/144.png,True,1.0,2.0,1.0,1.0,1.0,2.0,,,,,,,
2388,,UTC,2018-09-07T19:00:00+00:00,1536346800,1536346800.0,1536350400.0,,Estádio Rei Pelé,Maceio,Match Finished,FT,90.0,72,Serie B,Brazil,https://media.api-sports.io/football/leagues/72.png,https://media.api-sports.io/flags/br.svg,2018,Regular Season - 26,146,CRB,https://media.api-sports.io/football/teams/146.png,,138,Guarani Campinas,https://media.api-sports.io/football/teams/138.png,,1.0,1.0,0.0,0.0,1.0,1.0,,,,,,,
2387,,UTC,2018-09-07T19:00:00+00:00,1536346800,1536346800.0,1536350400.0,,Melão,Varginha,Match Finished,FT,90.0,72,Serie B,Brazil,https://media.api-sports.io/football/leagues/72.png,https://media.api-sports.io/flags/br.svg,2018,Regular Season - 26,153,BOA,https://media.api-sports.io/football/teams/153.png,True,151,Goias,https://media.api-sports.io/football/teams/151.png,False,1.0,0.0,0.0,0.0,1.0,0.0,,,,,,,
2394,,UTC,2018-09-07T21:00:00+00:00,1536354000,1536354000.0,1536357600.0,,Estádio Leônidas Castro,Belem,Match Finished,FT,90.0,72,Serie B,Brazil,https://media.api-sports.io/football/leagues/72.png,https://media.api-sports.io/flags/br.svg,2018,Regular Season - 26,149,Paysandu,https://media.api-sports.io/football/teams/149.png,True,145,Avai,https://media.api-sports.io/football/teams/145.png,False,2.0,1.0,1.0,0.0,2.0,1.0,,,,,,,
2390,,UTC,2018-09-08T19:30:00+00:00,1536435000,1536435000.0,1536438600.0,,"Estádio Orlando Scarpelli (Florianópolis, Santa Catarina)",,Match Finished,FT,90.0,72,Serie B,Brazil,https://media.api-sports.io/football/leagues/72.png,https://media.api-sports.io/flags/br.svg,2018,Regular Season - 26,137,Figueirense,https://media.api-sports.io/football/teams/137.png,False,150,CSA,https://media.api-sports.io/football/teams/150.png,True,1.0,2.0,1.0,1.0,1.0,2.0,,,,,,,
2389,,UTC,2018-09-08T19:30:00+00:00,1536435000,1536435000.0,1536438600.0,,Estadio Heriberto Hülse,Criciuma,Match Finished,FT,90.0,72,Serie B,Brazil,https://media.api-sports.io/football/leagues/72.png,https://media.api-sports.io/flags/br.svg,2018,Regular Season - 26,140,Criciuma,https://media.api-sports.io/football/teams/140.png,True,154,Fortaleza EC,https://media.api-sports.io/football/teams/154.png,False,2.0,0.0,1.0,0.0,2.0,0.0,,,,,,,
2392,,UTC,2018-09-08T19:30:00+00:00,1536435000,1536435000.0,1536438600.0,,Estadio do Cafe,Londrina,Match Finished,FT,90.0,72,Serie B,Brazil,https://media.api-sports.io/football/leagues/72.png,https://media.api-sports.io/flags/br.svg,2018,Regular Season - 26,148,Londrina,https://media.api-sports.io/football/teams/148.png,True,141,Brasil DE Pelotas,https://media.api-sports.io/football/teams/141.png,False,1.0,0.0,1.0,0.0,1.0,0.0,,,,,,,
2391,,UTC,2018-09-08T19:30:00+00:00,1536435000,1536435000.0,1536438600.0,,Estádio Alfredo Jaconi,Caxias do Sul,Match Finished,FT,90.0,72,Serie B,Brazil,https://media.api-sports.io/football/leagues/72.png,https://media.api-sports.io/flags/br.svg,2018,Regular Season - 26,152,Juventude,https://media.api-sports.io/football/teams/152.png,False,156,Sao Bento,https://media.api-sports.io/football/teams/156.png,True,0.0,2.0,0.0,1.0,0.0,2.0,,,,,,,
2395,,UTC,2018-09-08T22:00:00+00:00,1536444000,1536444000.0,1536447600.0,,Moisés Lucarelli,Campinas,Match Finished,FT,90.0,72,Serie B,Brazil,https://media.api-sports.io/football/leagues/72.png,https://media.api-sports.io/flags/br.svg,2018,Regular Season - 26,139,Ponte Preta,https://media.api-sports.io/football/teams/139.png,,155,Sampaio Correa,https://media.api-sports.io/football/teams/155.png,,0.0,0.0,0.0,0.0,0.0,0.0,,,,,,,
2396,,UTC,2018-09-09T00:00:00+00:00,1536451200,1536451200.0,1536454800.0,,Serra Dourada,Goiania,Match Finished,FT,90.0,72,Serie B,Brazil,https://media.api-sports.io/football/leagues/72.png,https://media.api-sports.io/flags/br.svg,2018,Regular Season - 26,142,Vila Nova,https://media.api-sports.io/football/teams/142.png,True,147,Coritiba,https://media.api-sports.io/football/teams/147.png,False,2.0,1.0,2.0,1.0,2.0,1.0,,,,,,,
2401,,UTC,2018-09-11T22:00:00+00:00,1536703200,1536703200.0,1536706800.0,,Estadio Gustavo Paiva,Maceio,Match Finished,FT,90.0,72,Serie B,Brazil,https://media.api-sports.io/football/leagues/72.png,https://media.api-sports.io/flags/br.svg,2018,Regular Season - 27,150,CSA,https://media.api-sports.io/football/teams/150.png,False,142,Vila Nova,https://media.api-sports.io/football/teams/142.png,True,1.0,2.0,1.0,0.0,1.0,2.0,,,,,,,
2404,,UTC,2018-09-14T00:00:00+00:00,1536883200,1536883200.0,1536886800.0,,"Estádio Brinco de Ouro da Princesa (Campinas, São Paulo)",,Match Finished,FT,90.0,72,Serie B,Brazil,https://media.api-sports.io/football/leagues/72.png,https://media.api-sports.io/flags/br.svg,2018,Regular Season - 27,138,Guarani Campinas,https://media.api-sports.io/football/teams/138.png,True,152,Juventude,https://media.api-sports.io/football/teams/152.png,False,1.0,0.0,0.0,0.0,1.0,0.0,,,,,,,
2399,,UTC,2018-09-14T22:15:00+00:00,1536963300,1536963300.0,1536966900.0,,Estadio Couto Pereira,Curitiba,Match Finished,FT,90.0,72,Serie B,Brazil,https://media.api-sports.io/football/leagues/72.png,https://media.api-sports.io/flags/br.svg,2018,Regular Season - 27,147,Coritiba,https://media.api-sports.io/football/teams/147.png,False,148,Londrina,https://media.api-sports.io/football/teams/148.png,True,0.0,1.0,0.0,1.0,0.0,1.0,,,,,,,
2402,,UTC,2018-09-14T23:30:00+00:00,1536967800,1536967800.0,1536971400.0,,"Estádio Orlando Scarpelli (Florianópolis, Santa Catarina)",,Match Finished,FT,90.0,72,Serie B,Brazil,https://media.api-sports.io/football/leagues/72.png,https://media.api-sports.io/flags/br.svg,2018,Regular Season - 27,137,Figueirense,https://media.api-sports.io/football/teams/137.png,,156,Sao Bento,https://media.api-sports.io/football/teams/156.png,,2.0,2.0,1.0,1.0,2.0,2.0,,,,,,,
2406,,UTC,2018-09-15T00:30:00+00:00,1536971400,1536971400.0,1536975000.0,,"Estádio Governador João Castelo Ribeiro Gonçalves (São Luís, Maranhão)",,Match Finished,FT,90.0,72,Serie B,Brazil,https://media.api-sports.io/football/leagues/72.png,https://media.api-sports.io/flags/br.svg,2018,Regular Season - 27,155,Sampaio Correa,https://media.api-sports.io/football/teams/155.png,True,154,Fortaleza EC,https://media.api-sports.io/football/teams/154.png,False,1.0,0.0,1.0,0.0,1.0,0.0,,,,,,,
2400,,UTC,2018-09-15T19:30:00+00:00,1537039800,1537039800.0,1537043400.0,,Estadio Heriberto Hülse,Criciuma,Match Finished,FT,90.0,72,Serie B,Brazil,https://media.api-sports.io/football/leagues/72.png,https://media.api-sports.io/flags/br.svg,2018,Regular Season - 27,140,Criciuma,https://media.api-sports.io/football/teams/140.png,True,145,Avai,https://media.api-sports.io/football/teams/145.png,False,3.0,2.0,2.0,0.0,3.0,2.0,,,,,,,
2398,,UTC,2018-09-15T19:30:00+00:00,1537039800,1537039800.0,1537043400.0,,Bento Mendes de Freitas,Pelotas,Match Finished,FT,90.0,72,Serie B,Brazil,https://media.api-sports.io/football/leagues/72.png,https://media.api-sports.io/flags/br.svg,2018,Regular Season - 27,141,Brasil DE Pelotas,https://media.api-sports.io/football/teams/141.png,True,146,CRB,https://media.api-sports.io/football/teams/146.png,False,1.0,0.0,0.0,0.0,1.0,0.0,,,,,,,
2397,,UTC,2018-09-15T19:30:00+00:00,1537039800,1537039800.0,1537043400.0,,Melão,Varginha,Match Finished,FT,90.0,72,Serie B,Brazil,https://media.api-sports.io/football/leagues/72.png,https://media.api-sports.io/flags/br.svg,2018,Regular Season - 27,153,BOA,https://media.api-sports.io/football/teams/153.png,,149,Paysandu,https://media.api-sports.io/football/teams/149.png,,1.0,1.0,1.0,1.0,1.0,1.0,,,,,,,
2403,,UTC,2018-09-15T22:00:00+00:00,1537048800,1537048800.0,1537052400.0,,Serra Dourada,Goiania,Match Finished,FT,90.0,72,Serie B,Brazil,https://media.api-sports.io/football/leagues/72.png,https://media.api-sports.io/flags/br.svg,2018,Regular Season - 27,151,Goias,https://media.api-sports.io/football/teams/151.png,True,144,Atletico Goianiense,https://media.api-sports.io/football/teams/144.png,False,2.0,1.0,1.0,1.0,2.0,1.0,,,,,,,
2405,,UTC,2018-09-16T00:00:00+00:00,1537056000,1537056000.0,1537059600.0,,Arena Barueri,Barueri,Match Finished,FT,90.0,72,Serie B,Brazil,https://media.api-sports.io/football/leagues/72.png,https://media.api-sports.io/flags/br.svg,2018,Regular Season - 27,143,Oeste,https://media.api-sports.io/football/teams/143.png,,139,Ponte Preta,https://media.api-sports.io/football/teams/139.png,,0.0,0.0,0.0,0.0,0.0,0.0,,,,,,,
2407,,UTC,2018-09-18T22:15:00+00:00,1537308900,1537308900.0,1537312500.0,,Serra Dourada,Goiania,Match Finished,FT,90.0,72,Serie B,Brazil,https://media.api-sports.io/football/leagues/72.png,https://media.api-sports.io/flags/br.svg,2018,Regular Season - 28,144,Atletico Goianiense,https://media.api-sports.io/football/teams/144.png,False,152,Juventude,https://media.api-sports.io/football/teams/152.png,True,0.0,1.0,0.0,1.0,0.0,1.0,,,,,,,
2414,,UTC,2018-09-19T00:30:00+00:00,1537317000,1537317000.0,1537320600.0,,"Estádio Municipal Jacy Scaff (Londrina, Paraná)",,Match Finished,FT,90.0,72,Serie B,Brazil,https://media.api-sports.io/football/leagues/72.png,https://media.api-sports.io/flags/br.svg,2018,Regular Season - 28,148,Londrina,https://media.api-sports.io/football/teams/148.png,True,137,Figueirense,https://media.api-sports.io/football/teams/137.png,False,2.0,0.0,1.0,0.0,2.0,0.0,,,,,,,
2412,,UTC,2018-09-21T22:15:00+00:00,1537568100,1537568100.0,1537571700.0,,Serra Dourada,Goiania,Match Finished,FT,90.0,72,Serie B,Brazil,https://media.api-sports.io/football/leagues/72.png,https://media.api-sports.io/flags/br.svg,2018,Regular Season - 28,151,Goias,https://media.api-sports.io/football/teams/151.png,,139,Ponte Preta,https://media.api-sports.io/football/teams/139.png,,2.0,2.0,1.0,2.0,2.0,2.0,,,,,,,
2410,,UTC,2018-09-21T23:30:00+00:00,1537572600,1537572600.0,1537576200.0,,Estádio Rei Pelé,Maceio,Match Finished,FT,90.0,72,Serie B,Brazil,https://media.api-sports.io/football/leagues/72.png,https://media.api-sports.io/flags/br.svg,2018,Regular Season - 28,146,CRB,https://media.api-sports.io/football/teams/146.png,,147,Coritiba,https://media.api-sports.io/football/teams/147.png,,1.0,1.0,0.0,1.0,1.0,1.0,,,,,,,
2416,,UTC,2018-09-21T23:30:00+00:00,1537572600,1537572600.0,1537576200.0,,Estádio Municipal Walter Ribeiro,Sorocaba,Match Finished,FT,90.0,72,Serie B,Brazil,https://media.api-sports.io/football/leagues/72.png,https://media.api-sports.io/flags/br.svg,2018,Regular Season - 28,156,Sao Bento,https://media.api-sports.io/football/teams/156.png,,153,BOA,https://media.api-sports.io/football/teams/153.png,,0.0,0.0,0.0,0.0,0.0,0.0,,,,,,,
2411,,UTC,2018-09-22T00:30:00+00:00,1537576200,1537576200.0,1537579800.0,,"Estádio Governador Plácido Aderaldo Castelo (Fortaleza, Ceará)",,Match Finished,FT,90.0,72,Serie B,Brazil,https://media.api-sports.io/football/leagues/72.png,https://media.api-sports.io/flags/br.svg,2018,Regular Season - 28,154,Fortaleza EC,https://media.api-sports.io/football/teams/154.png,True,142,Vila Nova,https://media.api-sports.io/football/teams/142.png,False,2.0,0.0,0.0,0.0,2.0,0.0,,,,,,,
2409,,UTC,2018-09-22T19:30:00+00:00,1537644600,1537644600.0,1537648200.0,,Bento Mendes de Freitas,Pelotas,Match Finished,FT,90.0,72,Serie B,Brazil,https://media.api-sports.io/football/leagues/72.png,https://media.api-sports.io/flags/br.svg,2018,Regular Season - 28,141,Brasil DE Pelotas,https://media.api-sports.io/football/teams/141.png,False,143,Oeste,https://media.api-sports.io/football/teams/143.png,True,1.0,3.0,0.0,2.0,1.0,3.0,,,,,,,
2415,,UTC,2018-09-22T19:30:00+00:00,1537644600,1537644600.0,1537648200.0,,Estádio Leônidas Castro,Belem,Match Finished,FT,90.0,72,Serie B,Brazil,https://media.api-sports.io/football/leagues/72.png,https://media.api-sports.io/flags/br.svg,2018,Regular Season - 28,149,Paysandu,https://media.api-sports.io/football/teams/149.png,,140,Criciuma,https://media.api-sports.io/football/teams/140.png,,1.0,1.0,1.0,1.0,1.0,1.0,,,,,,,
2413,,UTC,2018-09-22T22:00:00+00:00,1537653600,1537653600.0,1537657200.0,,Estádio Brinco de Ouro da Princesa,Campinas,Match Finished,FT,90.0,72,Serie B,Brazil,https://media.api-sports.io/football/leagues/72.png,https://media.api-sports.io/flags/br.svg,2018,Regular Season - 28,138,Guarani Campinas,https://media.api-sports.io/football/teams/138.png,True,150,CSA,https://media.api-sports.io/football/teams/150.png,False,1.0,0.0,1.0,0.0,1.0,0.0,,,,,,,
2408,,UTC,2018-09-23T00:00:00+00:00,1537660800,1537660800.0,1537664400.0,,Estádio da Ressacada,Florianopolis,Match Finished,FT,90.0,72,Serie B,Brazil,https://media.api-sports.io/football/leagues/72.png,https://media.api-sports.io/flags/br.svg,2018,Regular Season - 28,145,Avai,https://media.api-sports.io/football/teams/145.png,True,155,Sampaio Correa,https://media.api-sports.io/football/teams/155.png,False,3.0,1.0,0.0,1.0,3.0,1.0,,,,,,,
2421,,UTC,2018-09-25T22:15:00+00:00,1537913700,1537913700.0,1537917300.0,,Estadio Castelão,Fortaleza,Match Finished,FT,90.0,72,Serie B,Brazil,https://media.api-sports.io/football/leagues/72.png,https://media.api-sports.io/flags/br.svg,2018,Regular Season - 29,154,Fortaleza EC,https://media.api-sports.io/football/teams/154.png,True,156,Sao Bento,https://media.api-sports.io/football/teams/156.png,False,2.0,1.0,2.0,0.0,2.0,1.0,,,,,,,
2425,,UTC,2018-09-26T00:30:00+00:00,1537921800,1537921800.0,1537925400.0,,Moisés Lucarelli,Campinas,Match Finished,FT,90.0,72,Serie B,Brazil,https://media.api-sports.io/football/leagues/72.png,https://media.api-sports.io/flags/br.svg,2018,Regular Season - 29,139,Ponte Preta,https://media.api-sports.io/football/teams/139.png,False,141,Brasil DE Pelotas,https://media.api-sports.io/football/teams/141.png,True,0.0,1.0,0.0,1.0,0.0,1.0,,,,,,,
2422,,UTC,2018-09-27T22:00:00+00:00,1538085600,1538085600.0,1538089200.0,,Estádio Alfredo Jaconi,Caxias do Sul,Match Finished,FT,90.0,72,Serie B,Brazil,https://media.api-sports.io/football/leagues/72.png,https://media.api-sports.io/flags/br.svg,2018,Regular Season - 29,152,Juventude,https://media.api-sports.io/football/teams/152.png,,148,Londrina,https://media.api-sports.io/football/teams/148.png,,0.0,0.0,0.0,0.0,0.0,0.0,,,,,,,
2424,"Bruno Arleu de Araujo, Brazil",UTC,2018-09-28T22:15:00+00:00,1538172900,1538172900.0,1538176500.0,,Estádio Leônidas Castro,Belem,Match Finished,FT,90.0,72,Serie B,Brazil,https://media.api-sports.io/football/leagues/72.png,https://media.api-sports.io/flags/br.svg,2018,Regular Season - 29,149,Paysandu,https://media.api-sports.io/football/teams/149.png,False,151,Goias,https://media.api-sports.io/football/teams/151.png,True,2.0,3.0,1.0,2.0,2.0,3.0,,,,,,,
2426,,UTC,2018-09-29T00:30:00+00:00,1538181000,1538181000.0,1538184600.0,,"Estádio do Governo do Estado de Goiás (Serra Dourada) (Goiânia, Goiás)",,Match Finished,FT,90.0,72,Serie B,Brazil,https://media.api-sports.io/football/leagues/72.png,https://media.api-sports.io/flags/br.svg,2018,Regular Season - 29,142,Vila Nova,https://media.api-sports.io/football/teams/142.png,,138,Guarani Campinas,https://media.api-sports.io/football/teams/138.png,,1.0,1.0,0.0,1.0,1.0,1.0,,,,,,,
2420,,UTC,2018-09-29T19:30:00+00:00,1538249400,1538249400.0,1538253000.0,,"Estádio Orlando Scarpelli (Florianópolis, Santa Catarina)",,Match Finished,FT,90.0,72,Serie B,Brazil,https://media.api-sports.io/football/leagues/72.png,https://media.api-sports.io/flags/br.svg,2018,Regular Season - 29,137,Figueirense,https://media.api-sports.io/football/teams/137.png,,144,Atletico Goianiense,https://media.api-sports.io/football/teams/144.png,,2.0,2.0,1.0,1.0,2.0,2.0,,,,,,,
2423,,UTC,2018-09-29T19:30:00+00:00,1538249400,1538249400.0,1538253000.0,,Arena Barueri,Barueri,Match Finished,FT,90.0,72,Serie B,Brazil,https://media.api-sports.io/football/leagues/72.png,https://media.api-sports.io/flags/br.svg,2018,Regular Season - 29,143,Oeste,https://media.api-sports.io/football/teams/143.png,,155,Sampaio Correa,https://media.api-sports.io/football/teams/155.png,,0.0,0.0,0.0,0.0,0.0,0.0,,,,,,,
2419,,UTC,2018-09-29T19:30:00+00:00,1538249400,1538249400.0,1538253000.0,,Estádio Rei Pelé,Maceio,Match Finished,FT,90.0,72,Serie B,Brazil,https://media.api-sports.io/football/leagues/72.png,https://media.api-sports.io/flags/br.svg,2018,Regular Season - 29,146,CRB,https://media.api-sports.io/football/teams/146.png,,150,CSA,https://media.api-sports.io/football/teams/150.png,,0.0,0.0,0.0,0.0,0.0,0.0,,,,,,,
2418,,UTC,2018-09-29T22:00:00+00:00,1538258400,1538258400.0,1538262000.0,,Estádio Couto Pereira,Curitiba,Match Finished,FT,90.0,72,Serie B,Brazil,https://media.api-sports.io/football/leagues/72.png,https://media.api-sports.io/flags/br.svg,2018,Regular Season - 29,147,Coritiba,https://media.api-sports.io/football/teams/147.png,True,145,Avai,https://media.api-sports.io/football/teams/145.png,False,1.0,0.0,0.0,0.0,1.0,0.0,,,,,,,
2417,,UTC,2018-09-30T00:00:00+00:00,1538265600,1538265600.0,1538269200.0,,Melão,Varginha,Match Finished,FT,90.0,72,Serie B,Brazil,https://media.api-sports.io/football/leagues/72.png,https://media.api-sports.io/flags/br.svg,2018,Regular Season - 29,153,BOA,https://media.api-sports.io/football/teams/153.png,False,140,Criciuma,https://media.api-sports.io/football/teams/140.png,True,1.0,2.0,0.0,2.0,1.0,2.0,,,,,,,
2435,,UTC,2018-10-02T22:15:00+00:00,1538518500,1538518500.0,1538522100.0,,"Estádio Governador João Castelo Ribeiro Gonçalves (São Luís, Maranhão)",,Match Finished,FT,90.0,72,Serie B,Brazil,https://media.api-sports.io/football/leagues/72.png,https://media.api-sports.io/flags/br.svg,2018,Regular Season - 30,155,Sampaio Correa,https://media.api-sports.io/football/teams/155.png,True,137,Figueirense,https://media.api-sports.io/football/teams/137.png,False,1.0,0.0,1.0,0.0,1.0,0.0,,,,,,,
2431,,UTC,2018-10-02T23:30:00+00:00,1538523000,1538523000.0,1538526600.0,,Estadio Heriberto Hülse,Criciuma,Match Finished,FT,90.0,72,Serie B,Brazil,https://media.api-sports.io/football/leagues/72.png,https://media.api-sports.io/flags/br.svg,2018,Regular Season - 30,140,Criciuma,https://media.api-sports.io/football/teams/140.png,,143,Oeste,https://media.api-sports.io/football/teams/143.png,,0.0,0.0,0.0,0.0,0.0,0.0,,,,,,,
2433,,UTC,2018-10-02T23:30:00+00:00,1538523000,1538523000.0,1538526600.0,,Serra Dourada,Goiania,Match Finished,FT,90.0,72,Serie B,Brazil,https://media.api-sports.io/football/leagues/72.png,https://media.api-sports.io/flags/br.svg,2018,Regular Season - 30,151,Goias,https://media.api-sports.io/football/teams/151.png,,148,Londrina,https://media.api-sports.io/football/teams/148.png,,0.0,0.0,0.0,0.0,0.0,0.0,,,,,,,
2432,,UTC,2018-10-03T00:30:00+00:00,1538526600,1538526600.0,1538530200.0,,Estadio Gustavo Paiva,Maceio,Match Finished,FT,90.0,72,Serie B,Brazil,https://media.api-sports.io/football/leagues/72.png,https://media.api-sports.io/flags/br.svg,2018,Regular Season - 30,150,CSA,https://media.api-sports.io/football/teams/150.png,True,149,Paysandu,https://media.api-sports.io/football/teams/149.png,False,1.0,0.0,0.0,0.0,1.0,0.0,,,,,,,
2436,,UTC,2018-10-05T22:00:00+00:00,1538776800,1538776800.0,1538780400.0,,Estádio Municipal Walter Ribeiro,Sorocaba,Match Finished,FT,90.0,72,Serie B,Brazil,https://media.api-sports.io/football/leagues/72.png,https://media.api-sports.io/flags/br.svg,2018,Regular Season - 30,156,Sao Bento,https://media.api-sports.io/football/teams/156.png,True,138,Guarani Campinas,https://media.api-sports.io/football/teams/138.png,False,1.0,0.0,0.0,0.0,1.0,0.0,,,,,,,
2429,,UTC,2018-10-05T23:30:00+00:00,1538782200,1538782200.0,1538785800.0,,Bento Mendes de Freitas,Pelotas,Match Finished,FT,90.0,72,Serie B,Brazil,https://media.api-sports.io/football/leagues/72.png,https://media.api-sports.io/flags/br.svg,2018,Regular Season - 30,141,Brasil DE Pelotas,https://media.api-sports.io/football/teams/141.png,False,154,Fortaleza EC,https://media.api-sports.io/football/teams/154.png,True,0.0,1.0,0.0,0.0,0.0,1.0,,,,,,,
2428,,UTC,2018-10-05T23:30:00+00:00,1538782200,1538782200.0,1538785800.0,,Estádio da Ressacada,Florianopolis,Match Finished,FT,90.0,72,Serie B,Brazil,https://media.api-sports.io/football/leagues/72.png,https://media.api-sports.io/flags/br.svg,2018,Regular Season - 30,145,Avai,https://media.api-sports.io/football/teams/145.png,True,153,BOA,https://media.api-sports.io/football/teams/153.png,False,2.0,0.0,1.0,0.0,2.0,0.0,,,,,,,
2430,,UTC,2018-10-06T00:00:00+00:00,1538784000,1538784000.0,1538787600.0,,"Estádio Major Antônio Couto Pereira (Curitiba, Paraná)",,Match Finished,FT,90.0,72,Serie B,Brazil,https://media.api-sports.io/football/leagues/72.png,https://media.api-sports.io/flags/br.svg,2018,Regular Season - 30,147,Coritiba,https://media.api-sports.io/football/teams/147.png,True,152,Juventude,https://media.api-sports.io/football/teams/152.png,False,2.0,1.0,0.0,0.0,2.0,1.0,,,,,,,
2427,,UTC,2018-10-06T19:30:00+00:00,1538854200,1538854200.0,1538857800.0,,Serra Dourada,Goiania,Match Finished,FT,90.0,72,Serie B,Brazil,https://media.api-sports.io/football/leagues/72.png,https://media.api-sports.io/flags/br.svg,2018,Regular Season - 30,144,Atletico Goianiense,https://media.api-sports.io/football/teams/144.png,,142,Vila Nova,https://media.api-sports.io/football/teams/142.png,,2.0,2.0,0.0,1.0,2.0,2.0,,,,,,,
2434,,UTC,2018-10-06T21:30:00+00:00,1538861400,1538861400.0,1538865000.0,,Moisés Lucarelli,Campinas,Match Finished,FT,90.0,72,Serie B,Brazil,https://media.api-sports.io/football/leagues/72.png,https://media.api-sports.io/flags/br.svg,2018,Regular Season - 30,139,Ponte Preta,https://media.api-sports.io/football/teams/139.png,True,146,CRB,https://media.api-sports.io/football/teams/146.png,False,1.0,0.0,0.0,0.0,1.0,0.0,,,,,,,
2445,,UTC,2018-10-09T22:15:00+00:00,1539123300,1539123300.0,1539126900.0,,Estádio Leônidas Castro,Belem,Match Finished,FT,90.0,72,Serie B,Brazil,https://media.api-sports.io/football/leagues/72.png,https://media.api-sports.io/flags/br.svg,2018,Regular Season - 31,149,Paysandu,https://media.api-sports.io/football/teams/149.png,,146,CRB,https://media.api-sports.io/football/teams/146.png,,1.0,1.0,1.0,1.0,1.0,1.0,,,,,,,
2438,,UTC,2018-10-10T00:30:00+00:00,1539131400,1539131400.0,1539135000.0,,Estadio Heriberto Hülse,Criciuma,Match Finished,FT,90.0,72,Serie B,Brazil,https://media.api-sports.io/football/leagues/72.png,https://media.api-sports.io/flags/br.svg,2018,Regular Season - 31,140,Criciuma,https://media.api-sports.io/football/teams/140.png,False,141,Brasil DE Pelotas,https://media.api-sports.io/football/teams/141.png,True,0.0,1.0,0.0,0.0,0.0,1.0,,,,,,,
2442,,UTC,2018-10-12T22:15:00+00:00,1539382500,1539382500.0,1539386100.0,,Estádio Alfredo Jaconi,Caxias do Sul,Match Finished,FT,90.0,72,Serie B,Brazil,https://media.api-sports.io/football/leagues/72.png,https://media.api-sports.io/flags/br.svg,2018,Regular Season - 31,152,Juventude,https://media.api-sports.io/football/teams/152.png,False,151,Goias,https://media.api-sports.io/football/teams/151.png,True,3.0,5.0,2.0,0.0,3.0,5.0,,,,,,,
2437,,UTC,2018-10-12T23:30:00+00:00,1539387000,1539387000.0,1539390600.0,,Serra Dourada,Goiania,Match Finished,FT,90.0,72,Serie B,Brazil,https://media.api-sports.io/football/leagues/72.png,https://media.api-sports.io/flags/br.svg,2018,Regular Season - 31,144,Atletico Goianiense,https://media.api-sports.io/football/teams/144.png,False,155,Sampaio Correa,https://media.api-sports.io/football/teams/155.png,True,1.0,2.0,0.0,1.0,1.0,2.0,,,,,,,
2439,,UTC,2018-10-13T00:30:00+00:00,1539390600,1539390600.0,1539394200.0,,"Estádio Rei Pelé (Maceió, Alagoas)",,Match Finished,FT,90.0,72,Serie B,Brazil,https://media.api-sports.io/football/leagues/72.png,https://media.api-sports.io/flags/br.svg,2018,Regular Season - 31,150,CSA,https://media.api-sports.io/football/teams/150.png,False,139,Ponte Preta,https://media.api-sports.io/football/teams/139.png,True,1.0,2.0,0.0,2.0,1.0,2.0,,,,,,,
2441,,UTC,2018-10-13T19:30:00+00:00,1539459000,1539459000.0,1539462600.0,,Estádio Brinco de Ouro da Princesa,Campinas,Match Finished,FT,90.0,72,Serie B,Brazil,https://media.api-sports.io/football/leagues/72.png,https://media.api-sports.io/flags/br.svg,2018,Regular Season - 31,138,Guarani Campinas,https://media.api-sports.io/football/teams/138.png,False,145,Avai,https://media.api-sports.io/football/teams/145.png,True,1.0,2.0,1.0,1.0,1.0,2.0,,,,,,,
2446,,UTC,2018-10-13T19:30:00+00:00,1539459000,1539459000.0,1539462600.0,,Serra Dourada,Goiania,Match Finished,FT,90.0,72,Serie B,Brazil,https://media.api-sports.io/football/leagues/72.png,https://media.api-sports.io/flags/br.svg,2018,Regular Season - 31,142,Vila Nova,https://media.api-sports.io/football/teams/142.png,True,153,BOA,https://media.api-sports.io/football/teams/153.png,False,2.0,0.0,1.0,0.0,2.0,0.0,,,,,,,
2444,,UTC,2018-10-13T19:30:00+00:00,1539459000,1539459000.0,1539462600.0,,Arena Barueri,Barueri,Match Finished,FT,90.0,72,Serie B,Brazil,https://media.api-sports.io/football/leagues/72.png,https://media.api-sports.io/flags/br.svg,2018,Regular Season - 31,143,Oeste,https://media.api-sports.io/football/teams/143.png,,154,Fortaleza EC,https://media.api-sports.io/football/teams/154.png,,0.0,0.0,0.0,0.0,0.0,0.0,,,,,,,
2440,,UTC,2018-10-13T22:00:00+00:00,1539468000,1539468000.0,1539471600.0,,Orlando Scarpelli,Florianopolis,Match Finished,FT,90.0,72,Serie B,Brazil,https://media.api-sports.io/football/leagues/72.png,https://media.api-sports.io/flags/br.svg,2018,Regular Season - 31,137,Figueirense,https://media.api-sports.io/football/teams/137.png,,147,Coritiba,https://media.api-sports.io/football/teams/147.png,,2.0,2.0,1.0,0.0,2.0,2.0,,,,,,,
2443,,UTC,2018-10-14T00:00:00+00:00,1539475200,1539475200.0,1539478800.0,,Estadio do Cafe,Londrina,Match Finished,FT,90.0,72,Serie B,Brazil,https://media.api-sports.io/football/leagues/72.png,https://media.api-sports.io/flags/br.svg,2018,Regular Season - 31,148,Londrina,https://media.api-sports.io/football/teams/148.png,True,156,Sao Bento,https://media.api-sports.io/football/teams/156.png,False,2.0,1.0,2.0,0.0,2.0,1.0,,,,,,,
2450,,UTC,2018-10-16T22:15:00+00:00,1539728100,1539728100.0,1539731700.0,,Estádio Couto Pereira,Curitiba,Match Finished,FT,90.0,72,Serie B,Brazil,https://media.api-sports.io/football/leagues/72.png,https://media.api-sports.io/flags/br.svg,2018,Regular Season - 32,147,Coritiba,https://media.api-sports.io/football/teams/147.png,,150,CSA,https://media.api-sports.io/football/teams/150.png,,1.0,1.0,1.0,1.0,1.0,1.0,,,,,,,
2449,,UTC,2018-10-17T00:30:00+00:00,1539736200,1539736200.0,1539739800.0,,Bento Mendes de Freitas,Pelotas,Match Finished,FT,90.0,72,Serie B,Brazil,https://media.api-sports.io/football/leagues/72.png,https://media.api-sports.io/flags/br.svg,2018,Regular Season - 32,141,Brasil DE Pelotas,https://media.api-sports.io/football/teams/141.png,False,144,Atletico Goianiense,https://media.api-sports.io/football/teams/144.png,True,1.0,2.0,1.0,0.0,1.0,2.0,,,,,,,
2451,,UTC,2018-10-19T22:15:00+00:00,1539987300,1539987300.0,1539990900.0,,Estádio Rei Pelé,Maceio,Match Finished,FT,90.0,72,Serie B,Brazil,https://media.api-sports.io/football/leagues/72.png,https://media.api-sports.io/flags/br.svg,2018,Regular Season - 32,146,CRB,https://media.api-sports.io/football/teams/146.png,True,151,Goias,https://media.api-sports.io/football/teams/151.png,False,2.0,0.0,0.0,0.0,2.0,0.0,,,,,,,
2455,,UTC,2018-10-19T23:30:00+00:00,1539991800,1539991800.0,1539995400.0,,Estádio Municipal Walter Ribeiro,Sorocaba,Match Finished,FT,90.0,72,Serie B,Brazil,https://media.api-sports.io/football/leagues/72.png,https://media.api-sports.io/flags/br.svg,2018,Regular Season - 32,156,Sao Bento,https://media.api-sports.io/football/teams/156.png,,140,Criciuma,https://media.api-sports.io/football/teams/140.png,,0.0,0.0,0.0,0.0,0.0,0.0,,,,,,,
2453,,UTC,2018-10-20T00:30:00+00:00,1539995400,1539995400.0,1539999000.0,,"Estádio Moisés Lucarelli (Campinas, São Paulo)",,Match Finished,FT,90.0,72,Serie B,Brazil,https://media.api-sports.io/football/leagues/72.png,https://media.api-sports.io/flags/br.svg,2018,Regular Season - 32,139,Ponte Preta,https://media.api-sports.io/football/teams/139.png,True,137,Figueirense,https://media.api-sports.io/football/teams/137.png,False,2.0,1.0,1.0,0.0,2.0,1.0,,,,,,,
2456,,UTC,2018-10-20T19:30:00+00:00,1540063800,1540063800.0,1540067400.0,,Serra Dourada,Goiania,Match Finished,FT,90.0,72,Serie B,Brazil,https://media.api-sports.io/football/leagues/72.png,https://media.api-sports.io/flags/br.svg,2018,Regular Season - 32,142,Vila Nova,https://media.api-sports.io/football/teams/142.png,True,152,Juventude,https://media.api-sports.io/football/teams/152.png,False,1.0,0.0,1.0,0.0,1.0,0.0,,,,,,,
2447,,UTC,2018-10-20T19:30:00+00:00,1540063800,1540063800.0,1540067400.0,,Estádio da Ressacada,Florianopolis,Match Finished,FT,90.0,72,Serie B,Brazil,https://media.api-sports.io/football/leagues/72.png,https://media.api-sports.io/flags/br.svg,2018,Regular Season - 32,145,Avai,https://media.api-sports.io/football/teams/145.png,,143,Oeste,https://media.api-sports.io/football/teams/143.png,,1.0,1.0,1.0,0.0,1.0,1.0,,,,,,,
2448,,UTC,2018-10-20T19:30:00+00:00,1540063800,1540063800.0,1540067400.0,,Melão,Varginha,Match Finished,FT,90.0,72,Serie B,Brazil,https://media.api-sports.io/football/leagues/72.png,https://media.api-sports.io/flags/br.svg,2018,Regular Season - 32,153,BOA,https://media.api-sports.io/football/teams/153.png,True,138,Guarani Campinas,https://media.api-sports.io/football/teams/138.png,False,2.0,1.0,1.0,1.0,2.0,1.0,,,,,,,
2452,,UTC,2018-10-20T22:00:00+00:00,1540072800,1540072800.0,1540076400.0,,Estadio Castelão,Fortaleza,Match Finished,FT,90.0,72,Serie B,Brazil,https://media.api-sports.io/football/leagues/72.png,https://media.api-sports.io/flags/br.svg,2018,Regular Season - 32,154,Fortaleza EC,https://media.api-sports.io/football/teams/154.png,True,149,Paysandu,https://media.api-sports.io/football/teams/149.png,False,1.0,0.0,0.0,0.0,1.0,0.0,,,,,,,
2454,,UTC,2018-10-21T00:00:00+00:00,1540080000,1540080000.0,1540083600.0,,Estadio Governador João Castelo,Sao Luis,Match Finished,FT,90.0,72,Serie B,Brazil,https://media.api-sports.io/football/leagues/72.png,https://media.api-sports.io/flags/br.svg,2018,Regular Season - 32,155,Sampaio Correa,https://media.api-sports.io/football/teams/155.png,False,148,Londrina,https://media.api-sports.io/football/teams/148.png,True,1.0,2.0,1.0,1.0,1.0,2.0,,,,,,,
2458,,UTC,2018-10-23T22:15:00+00:00,1540332900,1540332900.0,1540336500.0,,Estadio Gustavo Paiva,Maceio,Match Finished,FT,90.0,72,Serie B,Brazil,https://media.api-sports.io/football/leagues/72.png,https://media.api-sports.io/flags/br.svg,2018,Regular Season - 33,150,CSA,https://media.api-sports.io/football/teams/150.png,True,141,Brasil DE Pelotas,https://media.api-sports.io/football/teams/141.png,False,2.0,0.0,1.0,0.0,2.0,0.0,,,,,,,
2464,,UTC,2018-10-26T22:15:00+00:00,1540592100,1540592100.0,1540595700.0,,Estadio do Cafe,Londrina,Match Finished,FT,90.0,72,Serie B,Brazil,https://media.api-sports.io/football/leagues/72.png,https://media.api-sports.io/flags/br.svg,2018,Regular Season - 33,148,Londrina,https://media.api-sports.io/football/teams/148.png,True,142,Vila Nova,https://media.api-sports.io/football/teams/142.png,False,3.0,2.0,0.0,0.0,3.0,2.0,,,,,,,
2463,,UTC,2018-10-26T23:30:00+00:00,1540596600,1540596600.0,1540600200.0,,Estádio Alfredo Jaconi,Caxias do Sul,Match Finished,FT,90.0,72,Serie B,Brazil,https://media.api-sports.io/football/leagues/72.png,https://media.api-sports.io/flags/br.svg,2018,Regular Season - 33,152,Juventude,https://media.api-sports.io/football/teams/152.png,True,155,Sampaio Correa,https://media.api-sports.io/football/teams/155.png,False,1.0,0.0,0.0,0.0,1.0,0.0,,,,,,,
2460,,UTC,2018-10-26T23:30:00+00:00,1540596600,1540596600.0,1540600200.0,,Estadio Castelão,Fortaleza,Match Finished,FT,90.0,72,Serie B,Brazil,https://media.api-sports.io/football/leagues/72.png,https://media.api-sports.io/flags/br.svg,2018,Regular Season - 33,154,Fortaleza EC,https://media.api-sports.io/football/teams/154.png,,139,Ponte Preta,https://media.api-sports.io/football/teams/139.png,,1.0,1.0,0.0,0.0,1.0,1.0,,,,,,,
2461,,UTC,2018-10-27T00:30:00+00:00,1540600200,1540600200.0,1540603800.0,,"Estádio Olímpico Pedro Ludovico Teixeira (Goiânia, Goiás)",,Match Finished,FT,90.0,72,Serie B,Brazil,https://media.api-sports.io/football/leagues/72.png,https://media.api-sports.io/flags/br.svg,2018,Regular Season - 33,151,Goias,https://media.api-sports.io/football/teams/151.png,False,145,Avai,https://media.api-sports.io/football/teams/145.png,True,0.0,3.0,0.0,2.0,0.0,3.0,,,,,,,
2459,,UTC,2018-10-27T19:30:00+00:00,1540668600,1540668600.0,1540672200.0,,Orlando Scarpelli,Florianopolis,Match Finished,FT,90.0,72,Serie B,Brazil,https://media.api-sports.io/football/leagues/72.png,https://media.api-sports.io/flags/br.svg,2018,Regular Season - 33,137,Figueirense,https://media.api-sports.io/football/teams/137.png,True,140,Criciuma,https://media.api-sports.io/football/teams/140.png,False,3.0,2.0,1.0,2.0,3.0,2.0,,,,,,,
2462,,UTC,2018-10-27T19:30:00+00:00,1540668600,1540668600.0,1540672200.0,,Estádio Brinco de Ouro da Princesa,Campinas,Match Finished,FT,90.0,72,Serie B,Brazil,https://media.api-sports.io/football/leagues/72.png,https://media.api-sports.io/flags/br.svg,2018,Regular Season - 33,138,Guarani Campinas,https://media.api-sports.io/football/teams/138.png,,143,Oeste,https://media.api-sports.io/football/teams/143.png,,1.0,1.0,1.0,0.0,1.0,1.0,,,,,,,
2457,,UTC,2018-10-27T19:30:00+00:00,1540668600,1540668600.0,1540672200.0,,Melão,Varginha,Match Finished,FT,90.0,72,Serie B,Brazil,https://media.api-sports.io/football/leagues/72.png,https://media.api-sports.io/flags/br.svg,2018,Regular Season - 33,153,BOA,https://media.api-sports.io/football/teams/153.png,False,144,Atletico Goianiense,https://media.api-sports.io/football/teams/144.png,True,0.0,2.0,0.0,0.0,0.0,2.0,,,,,,,
2466,,UTC,2018-10-27T19:30:00+00:00,1540668600,1540668600.0,1540672200.0,,Estádio Municipal Walter Ribeiro,Sorocaba,Match Finished,FT,90.0,72,Serie B,Brazil,https://media.api-sports.io/football/leagues/72.png,https://media.api-sports.io/flags/br.svg,2018,Regular Season - 33,156,Sao Bento,https://media.api-sports.io/football/teams/156.png,True,146,CRB,https://media.api-sports.io/football/teams/146.png,False,1.0,0.0,1.0,0.0,1.0,0.0,,,,,,,
2465,,UTC,2018-10-27T21:30:00+00:00,1540675800,1540675800.0,1540679400.0,,Estádio Leônidas Castro,Belem,Match Finished,FT,90.0,72,Serie B,Brazil,https://media.api-sports.io/football/leagues/72.png,https://media.api-sports.io/flags/br.svg,2018,Regular Season - 33,149,Paysandu,https://media.api-sports.io/football/teams/149.png,,147,Coritiba,https://media.api-sports.io/football/teams/147.png,,1.0,1.0,0.0,0.0,1.0,1.0,,,,,,,
2471,,UTC,2018-11-01T22:15:00+00:00,1541110500,1541110500.0,1541114100.0,,Estadio Heriberto Hülse,Criciuma,Match Finished,FT,90.0,72,Serie B,Brazil,https://media.api-sports.io/football/leagues/72.png,https://media.api-sports.io/flags/br.svg,2018,Regular Season - 34,140,Criciuma,https://media.api-sports.io/football/teams/140.png,,151,Goias,https://media.api-sports.io/football/teams/151.png,,2.0,2.0,0.0,1.0,2.0,2.0,,,,,,,
2472,,UTC,2018-11-02T00:30:00+00:00,1541118600,1541118600.0,1541122200.0,,"Estádio Alfredo Jaconi (Caxias do Sul, Rio Grande do Sul)",,Match Finished,FT,90.0,72,Serie B,Brazil,https://media.api-sports.io/football/leagues/72.png,https://media.api-sports.io/flags/br.svg,2018,Regular Season - 34,152,Juventude,https://media.api-sports.io/football/teams/152.png,False,141,Brasil DE Pelotas,https://media.api-sports.io/football/teams/141.png,True,0.0,1.0,0.0,0.0,0.0,1.0,,,,,,,
2474,,UTC,2018-11-02T20:00:00+00:00,1541188800,1541188800.0,1541192400.0,,Moisés Lucarelli,Campinas,Match Finished,FT,90.0,72,Serie B,Brazil,https://media.api-sports.io/football/leagues/72.png,https://media.api-sports.io/flags/br.svg,2018,Regular Season - 34,139,Ponte Preta,https://media.api-sports.io/football/teams/139.png,True,156,Sao Bento,https://media.api-sports.io/football/teams/156.png,False,2.0,1.0,1.0,1.0,2.0,1.0,,,,,,,
2476,,UTC,2018-11-02T22:15:00+00:00,1541196900,1541196900.0,1541200500.0,,Serra Dourada,Goiania,Match Finished,FT,90.0,72,Serie B,Brazil,https://media.api-sports.io/football/leagues/72.png,https://media.api-sports.io/flags/br.svg,2018,Regular Season - 34,142,Vila Nova,https://media.api-sports.io/football/teams/142.png,,149,Paysandu,https://media.api-sports.io/football/teams/149.png,,0.0,0.0,0.0,0.0,0.0,0.0,,,,,,,
2473,,UTC,2018-11-02T23:30:00+00:00,1541201400,1541201400.0,1541205000.0,,Arena Barueri,Barueri,Match Finished,FT,90.0,72,Serie B,Brazil,https://media.api-sports.io/football/leagues/72.png,https://media.api-sports.io/flags/br.svg,2018,Regular Season - 34,143,Oeste,https://media.api-sports.io/football/teams/143.png,,137,Figueirense,https://media.api-sports.io/football/teams/137.png,,0.0,0.0,0.0,0.0,0.0,0.0,,,,,,,
2475,,UTC,2018-11-03T00:30:00+00:00,1541205000,1541205000.0,1541208600.0,,"Estádio Governador João Castelo Ribeiro Gonçalves (São Luís, Maranhão)",,Match Finished,FT,90.0,72,Serie B,Brazil,https://media.api-sports.io/football/leagues/72.png,https://media.api-sports.io/flags/br.svg,2018,Regular Season - 34,155,Sampaio Correa,https://media.api-sports.io/football/teams/155.png,False,150,CSA,https://media.api-sports.io/football/teams/150.png,True,2.0,3.0,2.0,1.0,2.0,3.0,,,,,,,
2468,,UTC,2018-11-03T19:30:00+00:00,1541273400,1541273400.0,1541277000.0,,Estádio da Ressacada,Florianopolis,Match Finished,FT,90.0,72,Serie B,Brazil,https://media.api-sports.io/football/leagues/72.png,https://media.api-sports.io/flags/br.svg,2018,Regular Season - 34,145,Avai,https://media.api-sports.io/football/teams/145.png,,148,Londrina,https://media.api-sports.io/football/teams/148.png,,1.0,1.0,1.0,1.0,1.0,1.0,,,,,,,
2470,,UTC,2018-11-03T19:30:00+00:00,1541273400,1541273400.0,1541277000.0,,Estádio Rei Pelé,Maceio,Match Finished,FT,90.0,72,Serie B,Brazil,https://media.api-sports.io/football/leagues/72.png,https://media.api-sports.io/flags/br.svg,2018,Regular Season - 34,146,CRB,https://media.api-sports.io/football/teams/146.png,True,153,BOA,https://media.api-sports.io/football/teams/153.png,False,2.0,1.0,1.0,0.0,2.0,1.0,,,,,,,
2467,,UTC,2018-11-03T20:00:00+00:00,1541275200,1541275200.0,1541278800.0,,Serra Dourada,Goiania,Match Finished,FT,90.0,72,Serie B,Brazil,https://media.api-sports.io/football/leagues/72.png,https://media.api-sports.io/flags/br.svg,2018,Regular Season - 34,144,Atletico Goianiense,https://media.api-sports.io/football/teams/144.png,False,154,Fortaleza EC,https://media.api-sports.io/football/teams/154.png,True,1.0,2.0,0.0,2.0,1.0,2.0,,,,,,,
2469,,UTC,2018-11-03T22:30:00+00:00,1541284200,1541284200.0,1541287800.0,,Estádio Couto Pereira,Curitiba,Match Finished,FT,90.0,72,Serie B,Brazil,https://media.api-sports.io/football/leagues/72.png,https://media.api-sports.io/flags/br.svg,2018,Regular Season - 34,147,Coritiba,https://media.api-sports.io/football/teams/147.png,False,138,Guarani Campinas,https://media.api-sports.io/football/teams/138.png,True,0.0,2.0,0.0,1.0,0.0,2.0,,,,,,,
2482,,UTC,2018-11-05T22:00:00+00:00,1541455200,1541455200.0,1541458800.0,,Serra Dourada,Goiania,Match Finished,FT,90.0,72,Serie B,Brazil,https://media.api-sports.io/football/leagues/72.png,https://media.api-sports.io/flags/br.svg,2018,Regular Season - 35,151,Goias,https://media.api-sports.io/football/teams/151.png,True,155,Sampaio Correa,https://media.api-sports.io/football/teams/155.png,False,1.0,0.0,1.0,0.0,1.0,0.0,,,,,,,
2478,,UTC,2018-11-06T21:15:00+00:00,1541538900,1541538900.0,1541542500.0,,Bento Mendes de Freitas,Pelotas,Match Finished,FT,90.0,72,Serie B,Brazil,https://media.api-sports.io/football/leagues/72.png,https://media.api-sports.io/flags/br.svg,2018,Regular Season - 35,141,Brasil DE Pelotas,https://media.api-sports.io/football/teams/141.png,True,142,Vila Nova,https://media.api-sports.io/football/teams/142.png,False,5.0,0.0,1.0,0.0,5.0,0.0,,,,,,,
2477,,UTC,2018-11-06T21:15:00+00:00,1541538900,1541538900.0,1541542500.0,,Serra Dourada,Goiania,Match Finished,FT,90.0,72,Serie B,Brazil,https://media.api-sports.io/football/leagues/72.png,https://media.api-sports.io/flags/br.svg,2018,Regular Season - 35,144,Atletico Goianiense,https://media.api-sports.io/football/teams/144.png,,145,Avai,https://media.api-sports.io/football/teams/145.png,,2.0,2.0,0.0,1.0,2.0,2.0,,,,,,,
2483,,UTC,2018-11-06T21:15:00+00:00,1541538900,1541538900.0,1541542500.0,,Estadio do Cafe,Londrina,Match Finished,FT,90.0,72,Serie B,Brazil,https://media.api-sports.io/football/leagues/72.png,https://media.api-sports.io/flags/br.svg,2018,Regular Season - 35,148,Londrina,https://media.api-sports.io/football/teams/148.png,True,140,Criciuma,https://media.api-sports.io/football/teams/140.png,False,4.0,2.0,1.0,1.0,4.0,2.0,,,,,,,
2485,,UTC,2018-11-06T22:30:00+00:00,1541543400,1541543400.0,1541547000.0,,Moisés Lucarelli,Campinas,Match Finished,FT,90.0,72,Serie B,Brazil,https://media.api-sports.io/football/leagues/72.png,https://media.api-sports.io/flags/br.svg,2018,Regular Season - 35,139,Ponte Preta,https://media.api-sports.io/football/teams/139.png,True,153,BOA,https://media.api-sports.io/football/teams/153.png,False,1.0,0.0,0.0,0.0,1.0,0.0,,,,,,,
2486,,UTC,2018-11-06T22:30:00+00:00,1541543400,1541543400.0,1541547000.0,,Estádio Municipal Walter Ribeiro,Sorocaba,Match Finished,FT,90.0,72,Serie B,Brazil,https://media.api-sports.io/football/leagues/72.png,https://media.api-sports.io/flags/br.svg,2018,Regular Season - 35,156,Sao Bento,https://media.api-sports.io/football/teams/156.png,True,147,Coritiba,https://media.api-sports.io/football/teams/147.png,False,5.0,2.0,2.0,2.0,5.0,2.0,,,,,,,
2480,,UTC,2018-11-06T23:30:00+00:00,1541547000,1541547000.0,1541550600.0,,Orlando Scarpelli,Florianopolis,Match Finished,FT,90.0,72,Serie B,Brazil,https://media.api-sports.io/football/leagues/72.png,https://media.api-sports.io/flags/br.svg,2018,Regular Season - 35,137,Figueirense,https://media.api-sports.io/football/teams/137.png,,138,Guarani Campinas,https://media.api-sports.io/football/teams/138.png,,0.0,0.0,0.0,0.0,0.0,0.0,,,,,,,
2479,,UTC,2018-11-06T23:30:00+00:00,1541547000,1541547000.0,1541550600.0,,Estádio Rei Pelé,Maceio,Match Finished,FT,90.0,72,Serie B,Brazil,https://media.api-sports.io/football/leagues/72.png,https://media.api-sports.io/flags/br.svg,2018,Regular Season - 35,146,CRB,https://media.api-sports.io/football/teams/146.png,True,152,Juventude,https://media.api-sports.io/football/teams/152.png,False,2.0,0.0,1.0,0.0,2.0,0.0,,,,,,,
2484,,UTC,2018-11-06T23:30:00+00:00,1541547000,1541547000.0,1541550600.0,,Estádio Leônidas Castro,Belem,Match Finished,FT,90.0,72,Serie B,Brazil,https://media.api-sports.io/football/leagues/72.png,https://media.api-sports.io/flags/br.svg,2018,Regular Season - 35,149,Paysandu,https://media.api-sports.io/football/teams/149.png,True,143,Oeste,https://media.api-sports.io/football/teams/143.png,False,4.0,3.0,1.0,1.0,4.0,3.0,,,,,,,
2481,,UTC,2018-11-06T23:30:00+00:00,1541547000,1541547000.0,1541550600.0,,Estadio Castelão,Fortaleza,Match Finished,FT,90.0,72,Serie B,Brazil,https://media.api-sports.io/football/leagues/72.png,https://media.api-sports.io/flags/br.svg,2018,Regular Season - 35,154,Fortaleza EC,https://media.api-sports.io/football/teams/154.png,,150,CSA,https://media.api-sports.io/football/teams/150.png,,1.0,1.0,1.0,0.0,1.0,1.0,,,,,,,
2496,,UTC,2018-11-09T21:15:00+00:00,1541798100,1541798100.0,1541801700.0,,Serra Dourada,Goiania,Match Finished,FT,90.0,72,Serie B,Brazil,https://media.api-sports.io/football/leagues/72.png,https://media.api-sports.io/flags/br.svg,2018,Regular Season - 36,142,Vila Nova,https://media.api-sports.io/football/teams/142.png,True,137,Figueirense,https://media.api-sports.io/football/teams/137.png,False,3.0,1.0,1.0,0.0,3.0,1.0,,,,,,,
2493,,UTC,2018-11-09T22:30:00+00:00,1541802600,1541802600.0,1541806200.0,,Estádio Alfredo Jaconi,Caxias do Sul,Match Finished,FT,90.0,72,Serie B,Brazil,https://media.api-sports.io/football/leagues/72.png,https://media.api-sports.io/flags/br.svg,2018,Regular Season - 36,152,Juventude,https://media.api-sports.io/football/teams/152.png,False,139,Ponte Preta,https://media.api-sports.io/football/teams/139.png,True,0.0,1.0,0.0,0.0,0.0,1.0,,,,,,,
2488,,UTC,2018-11-09T22:30:00+00:00,1541802600,1541802600.0,1541806200.0,,Melão,Varginha,Match Finished,FT,90.0,72,Serie B,Brazil,https://media.api-sports.io/football/leagues/72.png,https://media.api-sports.io/flags/br.svg,2018,Regular Season - 36,153,BOA,https://media.api-sports.io/football/teams/153.png,False,141,Brasil DE Pelotas,https://media.api-sports.io/football/teams/141.png,True,0.0,1.0,0.0,1.0,0.0,1.0,,,,,,,
2489,,UTC,2018-11-09T23:30:00+00:00,1541806200,1541806200.0,1541809800.0,,Estádio Couto Pereira,Curitiba,Match Finished,FT,90.0,72,Serie B,Brazil,https://media.api-sports.io/football/leagues/72.png,https://media.api-sports.io/flags/br.svg,2018,Regular Season - 36,147,Coritiba,https://media.api-sports.io/football/teams/147.png,True,151,Goias,https://media.api-sports.io/football/teams/151.png,False,1.0,0.0,0.0,0.0,1.0,0.0,,,,,,,
2490,,UTC,2018-11-10T19:00:00+00:00,1541876400,1541876400.0,1541880000.0,,Estadio Heriberto Hülse,Criciuma,Match Finished,FT,90.0,72,Serie B,Brazil,https://media.api-sports.io/football/leagues/72.png,https://media.api-sports.io/flags/br.svg,2018,Regular Season - 36,140,Criciuma,https://media.api-sports.io/football/teams/140.png,,146,CRB,https://media.api-sports.io/football/teams/146.png,,3.0,3.0,2.0,1.0,3.0,3.0,,,,,,,
2494,,UTC,2018-11-10T19:00:00+00:00,1541876400,1541876400.0,1541880000.0,,Arena Barueri,Barueri,Match Finished,FT,90.0,72,Serie B,Brazil,https://media.api-sports.io/football/leagues/72.png,https://media.api-sports.io/flags/br.svg,2018,Regular Season - 36,143,Oeste,https://media.api-sports.io/football/teams/143.png,,148,Londrina,https://media.api-sports.io/football/teams/148.png,,0.0,0.0,0.0,0.0,0.0,0.0,,,,,,,
2491,,UTC,2018-11-10T19:00:00+00:00,1541876400,1541876400.0,1541880000.0,,Estadio Gustavo Paiva,Maceio,Match Finished,FT,90.0,72,Serie B,Brazil,https://media.api-sports.io/football/leagues/72.png,https://media.api-sports.io/flags/br.svg,2018,Regular Season - 36,150,CSA,https://media.api-sports.io/football/teams/150.png,,144,Atletico Goianiense,https://media.api-sports.io/football/teams/144.png,,0.0,0.0,0.0,0.0,0.0,0.0,,,,,,,
2487,,UTC,2018-11-10T19:30:00+00:00,1541878200,1541878200.0,1541881800.0,,Estádio da Ressacada,Florianopolis,Match Finished,FT,90.0,72,Serie B,Brazil,https://media.api-sports.io/football/leagues/72.png,https://media.api-sports.io/flags/br.svg,2018,Regular Season - 36,145,Avai,https://media.api-sports.io/football/teams/145.png,False,154,Fortaleza EC,https://media.api-sports.io/football/teams/154.png,True,0.0,1.0,0.0,0.0,0.0,1.0,,,,,,,
2495,,UTC,2018-11-10T21:30:00+00:00,1541885400,1541885400.0,1541889000.0,,Estadio Governador João Castelo,Sao Luis,Match Finished,FT,90.0,72,Serie B,Brazil,https://media.api-sports.io/football/leagues/72.png,https://media.api-sports.io/flags/br.svg,2018,Regular Season - 36,155,Sampaio Correa,https://media.api-sports.io/football/teams/155.png,True,156,Sao Bento,https://media.api-sports.io/football/teams/156.png,False,2.0,1.0,0.0,0.0,2.0,1.0,,,,,,,
2492,,UTC,2018-11-10T23:00:00+00:00,1541890800,1541890800.0,1541894400.0,,Estádio Brinco de Ouro da Princesa,Campinas,Match Finished,FT,90.0,72,Serie B,Brazil,https://media.api-sports.io/football/leagues/72.png,https://media.api-sports.io/flags/br.svg,2018,Regular Season - 36,138,Guarani Campinas,https://media.api-sports.io/football/teams/138.png,False,149,Paysandu,https://media.api-sports.io/football/teams/149.png,True,0.0,2.0,0.0,1.0,0.0,2.0,,,,,,,
2500,,UTC,2018-11-13T21:15:00+00:00,1542143700,1542143700.0,1542147300.0,,Orlando Scarpelli,Florianopolis,Match Finished,FT,90.0,72,Serie B,Brazil,https://media.api-sports.io/football/leagues/72.png,https://media.api-sports.io/flags/br.svg,2018,Regular Season - 37,137,Figueirense,https://media.api-sports.io/football/teams/137.png,False,149,Paysandu,https://media.api-sports.io/football/teams/149.png,True,2.0,3.0,2.0,1.0,2.0,3.0,,,,,,,
2504,,UTC,2018-11-13T23:30:00+00:00,1542151800,1542151800.0,1542155400.0,,Moisés Lucarelli,Campinas,Match Finished,FT,90.0,72,Serie B,Brazil,https://media.api-sports.io/football/leagues/72.png,https://media.api-sports.io/flags/br.svg,2018,Regular Season - 37,139,Ponte Preta,https://media.api-sports.io/football/teams/139.png,True,147,Coritiba,https://media.api-sports.io/football/teams/147.png,False,2.0,0.0,2.0,0.0,2.0,0.0,,,,,,,
2501,,UTC,2018-11-15T20:15:00+00:00,1542312900,1542312900.0,1542316500.0,,Estadio Castelão,Fortaleza,Match Finished,FT,90.0,72,Serie B,Brazil,https://media.api-sports.io/football/leagues/72.png,https://media.api-sports.io/flags/br.svg,2018,Regular Season - 37,154,Fortaleza EC,https://media.api-sports.io/football/teams/154.png,True,152,Juventude,https://media.api-sports.io/football/teams/152.png,False,4.0,1.0,3.0,1.0,4.0,1.0,,,,,,,
2497,,UTC,2018-11-16T22:30:00+00:00,1542407400,1542407400.0,1542411000.0,,Serra Dourada,Goiania,Match Finished,FT,90.0,72,Serie B,Brazil,https://media.api-sports.io/football/leagues/72.png,https://media.api-sports.io/flags/br.svg,2018,Regular Season - 37,144,Atletico Goianiense,https://media.api-sports.io/football/teams/144.png,True,156,Sao Bento,https://media.api-sports.io/football/teams/156.png,False,1.0,0.0,1.0,0.0,1.0,0.0,,,,,,,
2502,,UTC,2018-11-16T23:30:00+00:00,1542411000,1542411000.0,1542414600.0,,Estadio do Cafe,Londrina,Match Finished,FT,90.0,72,Serie B,Brazil,https://media.api-sports.io/football/leagues/72.png,https://media.api-sports.io/flags/br.svg,2018,Regular Season - 37,148,Londrina,https://media.api-sports.io/football/teams/148.png,False,146,CRB,https://media.api-sports.io/football/teams/146.png,True,1.0,2.0,1.0,1.0,1.0,2.0,,,,,,,
2498,,UTC,2018-11-17T19:00:00+00:00,1542481200,1542481200.0,1542484800.0,,Bento Mendes de Freitas,Pelotas,Match Finished,FT,90.0,72,Serie B,Brazil,https://media.api-sports.io/football/leagues/72.png,https://media.api-sports.io/flags/br.svg,2018,Regular Season - 37,141,Brasil DE Pelotas,https://media.api-sports.io/football/teams/141.png,,138,Guarani Campinas,https://media.api-sports.io/football/teams/138.png,,1.0,1.0,1.0,1.0,1.0,1.0,,,,,,,
2499,,UTC,2018-11-17T19:00:00+00:00,1542481200,1542481200.0,1542484800.0,,Estadio Gustavo Paiva,Maceio,Match Finished,FT,90.0,72,Serie B,Brazil,https://media.api-sports.io/football/leagues/72.png,https://media.api-sports.io/flags/br.svg,2018,Regular Season - 37,150,CSA,https://media.api-sports.io/football/teams/150.png,False,145,Avai,https://media.api-sports.io/football/teams/145.png,True,0.0,1.0,0.0,1.0,0.0,1.0,,,,,,,
2505,,UTC,2018-11-17T19:00:00+00:00,1542481200,1542481200.0,1542484800.0,,Estadio Governador João Castelo,Sao Luis,Match Finished,FT,90.0,72,Serie B,Brazil,https://media.api-sports.io/football/leagues/72.png,https://media.api-sports.io/flags/br.svg,2018,Regular Season - 37,155,Sampaio Correa,https://media.api-sports.io/football/teams/155.png,True,153,BOA,https://media.api-sports.io/football/teams/153.png,False,1.0,0.0,1.0,0.0,1.0,0.0,,,,,,,
2506,,UTC,2018-11-17T21:30:00+00:00,1542490200,1542490200.0,1542493800.0,,Serra Dourada,Goiania,Match Finished,FT,90.0,72,Serie B,Brazil,https://media.api-sports.io/football/leagues/72.png,https://media.api-sports.io/flags/br.svg,2018,Regular Season - 37,142,Vila Nova,https://media.api-sports.io/football/teams/142.png,,140,Criciuma,https://media.api-sports.io/football/teams/140.png,,2.0,2.0,2.0,2.0,2.0,2.0,,,,,,,
2503,,UTC,2018-11-17T23:00:00+00:00,1542495600,1542495600.0,1542499200.0,,Arena Barueri,Barueri,Match Finished,FT,90.0,72,Serie B,Brazil,https://media.api-sports.io/football/leagues/72.png,https://media.api-sports.io/flags/br.svg,2018,Regular Season - 37,143,Oeste,https://media.api-sports.io/football/teams/143.png,False,151,Goias,https://media.api-sports.io/football/teams/151.png,True,1.0,3.0,0.0,0.0,1.0,3.0,,,,,,,
2509,,UTC,2018-11-23T21:15:00+00:00,1543007700,1543007700.0,1543011300.0,,Estádio Couto Pereira,Curitiba,Match Finished,FT,90.0,72,Serie B,Brazil,https://media.api-sports.io/football/leagues/72.png,https://media.api-sports.io/flags/br.svg,2018,Regular Season - 38,147,Coritiba,https://media.api-sports.io/football/teams/147.png,True,154,Fortaleza EC,https://media.api-sports.io/football/teams/154.png,False,1.0,0.0,0.0,0.0,1.0,0.0,,,,,,,
2513,,UTC,2018-11-24T19:00:00+00:00,1543086000,1543086000.0,1543089600.0,,Estádio Brinco de Ouro da Princesa,Campinas,Match Finished,FT,90.0,72,Serie B,Brazil,https://media.api-sports.io/football/leagues/72.png,https://media.api-sports.io/flags/br.svg,2018,Regular Season - 38,138,Guarani Campinas,https://media.api-sports.io/football/teams/138.png,True,148,Londrina,https://media.api-sports.io/football/teams/148.png,False,1.0,0.0,1.0,0.0,1.0,0.0,,,,,,,
2511,,UTC,2018-11-24T19:00:00+00:00,1543086000,1543086000.0,1543089600.0,,Estadio Heriberto Hülse,Criciuma,Match Finished,FT,90.0,72,Serie B,Brazil,https://media.api-sports.io/football/leagues/72.png,https://media.api-sports.io/flags/br.svg,2018,Regular Season - 38,140,Criciuma,https://media.api-sports.io/football/teams/140.png,True,155,Sampaio Correa,https://media.api-sports.io/football/teams/155.png,False,2.0,0.0,0.0,0.0,2.0,0.0,,,,,,,
2507,,UTC,2018-11-24T19:00:00+00:00,1543086000,1543086000.0,1543089600.0,,Estádio da Ressacada,Florianopolis,Match Finished,FT,90.0,72,Serie B,Brazil,https://media.api-sports.io/football/leagues/72.png,https://media.api-sports.io/flags/br.svg,2018,Regular Season - 38,145,Avai,https://media.api-sports.io/football/teams/145.png,,139,Ponte Preta,https://media.api-sports.io/football/teams/139.png,,0.0,0.0,0.0,0.0,0.0,0.0,,,,,,,
2510,,UTC,2018-11-24T19:00:00+00:00,1543086000,1543086000.0,1543089600.0,,Estádio Rei Pelé,Maceio,Match Finished,FT,90.0,72,Serie B,Brazil,https://media.api-sports.io/football/leagues/72.png,https://media.api-sports.io/flags/br.svg,2018,Regular Season - 38,146,CRB,https://media.api-sports.io/football/teams/146.png,True,137,Figueirense,https://media.api-sports.io/football/teams/137.png,False,2.0,1.0,0.0,1.0,2.0,1.0,,,,,,,
2515,,UTC,2018-11-24T19:00:00+00:00,1543086000,1543086000.0,1543089600.0,,Estádio Leônidas Castro,Belem,Match Finished,FT,90.0,72,Serie B,Brazil,https://media.api-sports.io/football/leagues/72.png,https://media.api-sports.io/flags/br.svg,2018,Regular Season - 38,149,Paysandu,https://media.api-sports.io/football/teams/149.png,False,144,Atletico Goianiense,https://media.api-sports.io/football/teams/144.png,True,2.0,5.0,1.0,2.0,2.0,5.0,,,,,,,
2512,,UTC,2018-11-24T19:00:00+00:00,1543086000,1543086000.0,1543089600.0,,Serra Dourada,Goiania,Match Finished,FT,90.0,72,Serie B,Brazil,https://media.api-sports.io/football/leagues/72.png,https://media.api-sports.io/flags/br.svg,2018,Regular Season - 38,151,Goias,https://media.api-sports.io/football/teams/151.png,False,141,Brasil DE Pelotas,https://media.api-sports.io/football/teams/141.png,True,0.0,1.0,0.0,1.0,0.0,1.0,,,,,,,
2514,,UTC,2018-11-24T19:00:00+00:00,1543086000,1543086000.0,1543089600.0,,Estádio Alfredo Jaconi,Caxias do Sul,Match Finished,FT,90.0,72,Serie B,Brazil,https://media.api-sports.io/football/leagues/72.png,https://media.api-sports.io/flags/br.svg,2018,Regular Season - 38,152,Juventude,https://media.api-sports.io/football/teams/152.png,False,150,CSA,https://media.api-sports.io/football/teams/150.png,True,0.0,4.0,0.0,1.0,0.0,4.0,,,,,,,
2508,,UTC,2018-11-24T19:00:00+00:00,1543086000,1543086000.0,1543089600.0,,Melão,Varginha,Match Finished,FT,90.0,72,Serie B,Brazil,https://media.api-sports.io/football/leagues/72.png,https://media.api-sports.io/flags/br.svg,2018,Regular Season - 38,153,BOA,https://media.api-sports.io/football/teams/153.png,,143,Oeste,https://media.api-sports.io/football/teams/143.png,,0.0,0.0,0.0,0.0,0.0,0.0,,,,,,,
2516,,UTC,2018-11-24T19:00:00+00:00,1543086000,1543086000.0,1543089600.0,,Estádio Municipal Walter Ribeiro,Sorocaba,Match Finished,FT,90.0,72,Serie B,Brazil,https://media.api-sports.io/football/leagues/72.png,https://media.api-sports.io/flags/br.svg,2018,Regular Season - 38,156,Sao Bento,https://media.api-sports.io/football/teams/156.png,,142,Vila Nova,https://media.api-sports.io/football/teams/142.png,,2.0,2.0,1.0,0.0,2.0,2.0,,,,,,,
