fixture_id,fixture_referee,fixture_timezone,fixture_date,fixture_timestamp,fixture_periods_first,fixture_periods_second,fixture_venue_id,fixture_venue_name,fixture_venue_city,fixture_status_long,fixture_status_short,fixture_status_elapsed,league_id,league_name,league_country,league_logo,league_flag,league_season,league_round,teams_home_id,teams_home_name,teams_home_logo,teams_home_winner,teams_away_id,teams_away_name,teams_away_logo,teams_away_winner,goals_home,goals_away,score_halftime_home,score_halftime_away,score_fulltime_home,score_fulltime_away,score_extratime_home,score_extratime_away,score_penalty_home,score_penalty_away,fixture_status_extra,league_standings,chave
328374,Jonathan Antero,UTC,2020-08-07T22:15:00+00:00,1596838500,1596838500.0,1596842100.0,235.0,Arena Pantanal,"Cuiabá, Mato Grosso",Match Finished,FT,90.0,72,Serie B,Brazil,https://media.api-sports.io/football/leagues/72.png,https://media.api-sports.io/flags/br.svg,2020,Regular Season - 1,1193,Cuiaba,https://media.api-sports.io/football/teams/1193.png,,141,Brasil DE Pelotas,https://media.api-sports.io/football/teams/141.png,,0.0,0.0,0.0,0.0,0.0,0.0,,,,,,,
328373,Luiz Paulo de Moura Pinheiro,UTC,2020-08-08T00:30:00+00:00,1596846600,1596846600.0,1596850200.0,273.0,Estádio Estadual Lourival Baptista,"Aracaju, Sergipe",Match Finished,FT,90.0,72,Serie B,Brazil,https://media.api-sports.io/football/leagues/72.png,https://media.api-sports.io/flags/br.svg,2020,Regular Season - 1,7772,Confiança,https://media.api-sports.io/football/teams/7772.png,,122,Parana,https://media.api-sports.io/football/teams/122.png,,2.0,2.0,0.0,1.0,2.0,2.0,,,,,,,
328371,Paulo Henrique de Melo Salmazio,UTC,2020-08-08T14:00:00+00:00,1596895200,1596895200.0,1596898800.0,248.0,Estádio Alfredo Jaconi,"Caxias do Sul, Rio Grande do Sul",Match Finished,FT,90.0,72,Serie B,Brazil,https://media.api-sports.io/football/leagues/72.png,https://media.api-sports.io/flags/br.svg,2020,Regular Season - 1,152,Juventude,https://media.api-sports.io/football/teams/152.png,True,146,CRB,https://media.api-sports.io/football/teams/146.png,False,2.0,1.0,1.0,1.0,2.0,1.0,,,,,,,
328370,Adriano Barros Carneiro,UTC,2020-08-08T19:00:00+00:00,1596913200,1596913200.0,1596916800.0,256.0,Estádio Germano Krüger,"Ponta Grossa, Paraná",Match Finished,FT,90.0,72,Serie B,Brazil,https://media.api-sports.io/football/leagues/72.png,https://media.api-sports.io/flags/br.svg,2020,Regular Season - 1,1223,Operario-PR,https://media.api-sports.io/football/teams/1223.png,True,137,Figueirense,https://media.api-sports.io/football/teams/137.png,False,3.0,1.0,1.0,0.0,3.0,1.0,,,,,,,
328365,Alisson Furtado,UTC,2020-08-09T00:00:00+00:00,1596931200,1596931200.0,1596934800.0,234.0,Estádio Governador Magalhães Pinto,"Belo Horizonte, Minas Gerais",Match Finished,FT,90.0,72,Serie B,Brazil,https://media.api-sports.io/football/leagues/72.png,https://media.api-sports.io/flags/br.svg,2020,Regular Season - 1,135,Cruzeiro,https://media.api-sports.io/football/teams/135.png,True,2618,Botafogo SP,https://media.api-sports.io/football/teams/2618.png,False,2.0,1.0,0.0,0.0,2.0,1.0,,,,,,,
328372,Antonio Dib Moraes de Sousa,UTC,2020-08-09T00:00:00+00:00,1596931200,1596931200.0,1596934800.0,281.0,Estádio Manoel Barradas,"Salvador, Bahia",Match Finished,FT,90.0,72,Serie B,Brazil,https://media.api-sports.io/football/leagues/72.png,https://media.api-sports.io/flags/br.svg,2020,Regular Season - 1,136,Vitoria,https://media.api-sports.io/football/teams/136.png,True,155,Sampaio Correa,https://media.api-sports.io/football/teams/155.png,False,1.0,0.0,1.0,0.0,1.0,0.0,,,,,,,
328368,Paulo Moreira,UTC,2020-08-09T00:00:00+00:00,1596931200,1596931200.0,1596934800.0,2936.0,Estádio Dr. Oswaldo Teixeira Duarte,"São Paulo, São Paulo",Match Finished,FT,90.0,72,Serie B,Brazil,https://media.api-sports.io/football/leagues/72.png,https://media.api-sports.io/flags/br.svg,2020,Regular Season - 1,139,Ponte Preta,https://media.api-sports.io/football/teams/139.png,False,125,America Mineiro,https://media.api-sports.io/football/teams/125.png,True,0.0,1.0,0.0,1.0,0.0,1.0,,,,,,,
328366,Alexandre Vargas Tavares de Jesus,UTC,2020-08-09T00:00:00+00:00,1596931200,1596931200.0,1596934800.0,214.0,Estádio Aderbal Ramos da Silva,"Florianópolis, Santa Catarina",Match Finished,FT,90.0,72,Serie B,Brazil,https://media.api-sports.io/football/leagues/72.png,https://media.api-sports.io/flags/br.svg,2020,Regular Season - 1,145,Avai,https://media.api-sports.io/football/teams/145.png,True,755,Nautico Recife,https://media.api-sports.io/football/teams/755.png,False,3.0,1.0,2.0,0.0,3.0,1.0,,,,,,,
328367,Marco Aurelio Augusto Fazekas Pereira,UTC,2020-08-09T00:00:00+00:00,1596931200,1596931200.0,1596934800.0,232.0,Estádio Rei Pelé,"Maceió, Alagoas",Match Finished,FT,90.0,72,Serie B,Brazil,https://media.api-sports.io/football/leagues/72.png,https://media.api-sports.io/flags/br.svg,2020,Regular Season - 1,150,CSA,https://media.api-sports.io/football/teams/150.png,True,138,Guarani Campinas,https://media.api-sports.io/football/teams/138.png,False,1.0,0.0,1.0,0.0,1.0,0.0,,,,,,,
328369,Dyorgines José Padovani Andrade,UTC,2020-08-09T14:00:00+00:00,1596981600,1596981600.0,1596985200.0,255.0,Arena Barueri,"Barueri, São Paulo",Match Finished,FT,90.0,72,Serie B,Brazil,https://media.api-sports.io/football/leagues/72.png,https://media.api-sports.io/flags/br.svg,2020,Regular Season - 1,143,Oeste,https://media.api-sports.io/football/teams/143.png,,132,Chapecoense-sc,https://media.api-sports.io/football/teams/132.png,,0.0,0.0,0.0,0.0,0.0,0.0,,,,,,,
328381,Mayron Frederico dos Reis Novais,UTC,2020-08-11T22:15:00+00:00,1597184100,1597184100.0,1597187700.0,2797.0,Estádio Bento da Silva Freitas,"Pelotas, Rio Grande do Sul",Match Finished,FT,90.0,72,Serie B,Brazil,https://media.api-sports.io/football/leagues/72.png,https://media.api-sports.io/flags/br.svg,2020,Regular Season - 2,141,Brasil DE Pelotas,https://media.api-sports.io/football/teams/141.png,,139,Ponte Preta,https://media.api-sports.io/football/teams/139.png,,1.0,1.0,0.0,0.0,1.0,1.0,,,,,,,
328383,Paulo Cesar Zanovelli,UTC,2020-08-11T22:15:00+00:00,1597184100,1597184100.0,1597187700.0,265.0,Estádio Governador João Castelo,"São Luís, Maranhão",Match Finished,FT,90.0,72,Serie B,Brazil,https://media.api-sports.io/football/leagues/72.png,https://media.api-sports.io/flags/br.svg,2020,Regular Season - 2,155,Sampaio Correa,https://media.api-sports.io/football/teams/155.png,False,152,Juventude,https://media.api-sports.io/football/teams/152.png,True,0.0,1.0,0.0,0.0,0.0,1.0,,,,,,,
328379,Charly Wendy Straub Deretti,UTC,2020-08-11T22:15:00+00:00,1597184100,1597184100.0,1597187700.0,219.0,Estádio Santa Cruz,"Ribeirão Preto, São Paulo",Match Finished,FT,90.0,72,Serie B,Brazil,https://media.api-sports.io/football/leagues/72.png,https://media.api-sports.io/flags/br.svg,2020,Regular Season - 2,2618,Botafogo SP,https://media.api-sports.io/football/teams/2618.png,True,7772,Confiança,https://media.api-sports.io/football/teams/7772.png,False,2.0,0.0,1.0,0.0,2.0,0.0,,,,,,,
328380,Marcelo Aparecido Ribeiro De Souza,UTC,2020-08-11T23:30:00+00:00,1597188600,1597188600.0,1597192200.0,259.0,Estádio Durival de Britto e Silva,"Curitiba, Paraná",Match Finished,FT,90.0,72,Serie B,Brazil,https://media.api-sports.io/football/leagues/72.png,https://media.api-sports.io/flags/br.svg,2020,Regular Season - 2,122,Parana,https://media.api-sports.io/football/teams/122.png,True,145,Avai,https://media.api-sports.io/football/teams/145.png,False,1.0,0.0,0.0,0.0,1.0,0.0,,,,,,,
328378,Ivan Guimarães Junior,UTC,2020-08-11T23:30:00+00:00,1597188600,1597188600.0,1597192200.0,242.0,Estádio Brinco de Ouro da Princesa,"Campinas, São Paulo",Match Finished,FT,90.0,72,Serie B,Brazil,https://media.api-sports.io/football/leagues/72.png,https://media.api-sports.io/flags/br.svg,2020,Regular Season - 2,138,Guarani Campinas,https://media.api-sports.io/football/teams/138.png,False,135,Cruzeiro,https://media.api-sports.io/football/teams/135.png,True,2.0,3.0,1.0,2.0,2.0,3.0,,,,,,,
328375,Leo Simão,UTC,2020-08-12T00:30:00+00:00,1597192200,1597192200.0,1597195800.0,206.0,Estádio Raimundo Sampaio,"Belo Horizonte, Minas Gerais",Match Finished,FT,90.0,72,Serie B,Brazil,https://media.api-sports.io/football/leagues/72.png,https://media.api-sports.io/flags/br.svg,2020,Regular Season - 2,125,America Mineiro,https://media.api-sports.io/football/teams/125.png,False,1193,Cuiaba,https://media.api-sports.io/football/teams/1193.png,True,0.0,1.0,0.0,0.0,0.0,1.0,,,,,,,
328376,Leonardo Ferreira Lima,UTC,2020-08-12T00:30:00+00:00,1597192200,1597192200.0,1597195800.0,7126.0,Estádio Orlando Scarpelli,"Florianópolis, Santa Catarina",Match Finished,FT,90.0,72,Serie B,Brazil,https://media.api-sports.io/football/leagues/72.png,https://media.api-sports.io/flags/br.svg,2020,Regular Season - 2,137,Figueirense,https://media.api-sports.io/football/teams/137.png,,136,Vitoria,https://media.api-sports.io/football/teams/136.png,,0.0,0.0,0.0,0.0,0.0,0.0,,,,,,,
328382,Vinicius Gonçalves Dias Araujo,UTC,2020-08-12T00:30:00+00:00,1597192200,1597192200.0,1597195800.0,,Aflitos,Recife,Match Finished,FT,90.0,72,Serie B,Brazil,https://media.api-sports.io/football/leagues/72.png,https://media.api-sports.io/flags/br.svg,2020,Regular Season - 2,755,Nautico Recife,https://media.api-sports.io/football/teams/755.png,,1223,Operario-PR,https://media.api-sports.io/football/teams/1223.png,,0.0,0.0,0.0,0.0,0.0,0.0,,,,,,,
328377,Tiago Nascimento dos Santos,UTC,2020-08-12T20:00:00+00:00,1597262400,1597262400.0,1597266000.0,232.0,Estádio Rei Pelé,"Maceió, Alagoas",Match Finished,FT,90.0,72,Serie B,Brazil,https://media.api-sports.io/football/leagues/72.png,https://media.api-sports.io/flags/br.svg,2020,Regular Season - 2,146,CRB,https://media.api-sports.io/football/teams/146.png,True,143,Oeste,https://media.api-sports.io/football/teams/143.png,False,1.0,0.0,0.0,0.0,1.0,0.0,,,,,,,
328385,Rodrigo Batista Raposo,UTC,2020-08-14T22:15:00+00:00,1597443300,1597443300.0,1597446900.0,206.0,Estádio Raimundo Sampaio,"Belo Horizonte, Minas Gerais",Match Finished,FT,90.0,72,Serie B,Brazil,https://media.api-sports.io/football/leagues/72.png,https://media.api-sports.io/flags/br.svg,2020,Regular Season - 3,125,America Mineiro,https://media.api-sports.io/football/teams/125.png,,1223,Operario-PR,https://media.api-sports.io/football/teams/1223.png,,1.0,1.0,1.0,0.0,1.0,1.0,,,,,,,
328388,Daniel Nobre Bins,UTC,2020-08-14T23:30:00+00:00,1597447800,1597447800.0,1597451400.0,261.0,Estádio Moisés Lucarelli,"Campinas, São Paulo",Match Finished,FT,90.0,72,Serie B,Brazil,https://media.api-sports.io/football/leagues/72.png,https://media.api-sports.io/flags/br.svg,2020,Regular Season - 3,139,Ponte Preta,https://media.api-sports.io/football/teams/139.png,,136,Vitoria,https://media.api-sports.io/football/teams/136.png,,3.0,3.0,2.0,2.0,3.0,3.0,,,,,,,
328390,Ronei Candido Alves,UTC,2020-08-15T00:30:00+00:00,1597451400,1597451400.0,1597455000.0,259.0,Estádio Durival de Britto e Silva,"Curitiba, Paraná",Match Finished,FT,90.0,72,Serie B,Brazil,https://media.api-sports.io/football/leagues/72.png,https://media.api-sports.io/flags/br.svg,2020,Regular Season - 3,122,Parana,https://media.api-sports.io/football/teams/122.png,True,152,Juventude,https://media.api-sports.io/football/teams/152.png,False,3.0,1.0,2.0,1.0,3.0,1.0,,,,,,,
328389,Lucas Canetto Bellote,UTC,2020-08-15T14:00:00+00:00,1597500000,1597500000.0,1597503600.0,219.0,Estádio Santa Cruz,"Ribeirão Preto, São Paulo",Match Finished,FT,90.0,72,Serie B,Brazil,https://media.api-sports.io/football/leagues/72.png,https://media.api-sports.io/flags/br.svg,2020,Regular Season - 3,2618,Botafogo SP,https://media.api-sports.io/football/teams/2618.png,False,138,Guarani Campinas,https://media.api-sports.io/football/teams/138.png,True,0.0,1.0,0.0,1.0,0.0,1.0,,,,,,,
328391,Lucas Torezin,UTC,2020-08-15T19:30:00+00:00,1597519800,1597519800.0,1597523400.0,2797.0,Estádio Bento da Silva Freitas,"Pelotas, Rio Grande do Sul",Match Finished,FT,90.0,72,Serie B,Brazil,https://media.api-sports.io/football/leagues/72.png,https://media.api-sports.io/flags/br.svg,2020,Regular Season - 3,141,Brasil DE Pelotas,https://media.api-sports.io/football/teams/141.png,,143,Oeste,https://media.api-sports.io/football/teams/143.png,,1.0,1.0,0.0,0.0,1.0,1.0,,,,,,,
328392,Douglas Marques das Flores,UTC,2020-08-16T00:00:00+00:00,1597536000,1597536000.0,1597539600.0,,Aflitos,Recife,Match Finished,FT,90.0,72,Serie B,Brazil,https://media.api-sports.io/football/leagues/72.png,https://media.api-sports.io/flags/br.svg,2020,Regular Season - 3,755,Nautico Recife,https://media.api-sports.io/football/teams/755.png,,146,CRB,https://media.api-sports.io/football/teams/146.png,,1.0,1.0,1.0,0.0,1.0,1.0,,,,,,,
328394,Andrey Da Silva e Silva,UTC,2020-08-16T14:00:00+00:00,1597586400,1597586400.0,1597590000.0,227.0,Arena Condá,"Chapecó, Santa Catarina",Match Finished,FT,90.0,72,Serie B,Brazil,https://media.api-sports.io/football/leagues/72.png,https://media.api-sports.io/flags/br.svg,2020,Regular Season - 3,132,Chapecoense-sc,https://media.api-sports.io/football/teams/132.png,True,155,Sampaio Correa,https://media.api-sports.io/football/teams/155.png,False,1.0,0.0,1.0,0.0,1.0,0.0,,,,,,,
328386,Eduardo Tomaz De Aquino Valadão,UTC,2020-08-16T19:00:00+00:00,1597604400,1597604400.0,1597608000.0,7126.0,Estádio Orlando Scarpelli,"Florianópolis, Santa Catarina",Match Finished,FT,90.0,72,Serie B,Brazil,https://media.api-sports.io/football/leagues/72.png,https://media.api-sports.io/flags/br.svg,2020,Regular Season - 3,137,Figueirense,https://media.api-sports.io/football/teams/137.png,False,135,Cruzeiro,https://media.api-sports.io/football/teams/135.png,True,0.0,1.0,0.0,1.0,0.0,1.0,,,,,,,
328401,Ramon Abatti,UTC,2020-08-17T23:00:00+00:00,1597705200,1597705200.0,1597708800.0,248.0,Estádio Alfredo Jaconi,"Caxias do Sul, Rio Grande do Sul",Match Finished,FT,90.0,72,Serie B,Brazil,https://media.api-sports.io/football/leagues/72.png,https://media.api-sports.io/flags/br.svg,2020,Regular Season - 4,152,Juventude,https://media.api-sports.io/football/teams/152.png,,125,America Mineiro,https://media.api-sports.io/football/teams/125.png,,0.0,0.0,0.0,0.0,0.0,0.0,,,,,,,
328396,Pablo Ramón Goncalves Pinheiro,UTC,2020-08-18T22:15:00+00:00,1597788900,1597788900.0,1597792500.0,214.0,Estádio Aderbal Ramos da Silva,"Florianópolis, Santa Catarina",Match Finished,FT,90.0,72,Serie B,Brazil,https://media.api-sports.io/football/leagues/72.png,https://media.api-sports.io/flags/br.svg,2020,Regular Season - 4,145,Avai,https://media.api-sports.io/football/teams/145.png,False,2618,Botafogo SP,https://media.api-sports.io/football/teams/2618.png,True,0.0,1.0,0.0,0.0,0.0,1.0,,,,,,,
328400,Wanderson Alves de Souza,UTC,2020-08-18T22:15:00+00:00,1597788900,1597788900.0,1597792500.0,256.0,Estádio Germano Krüger,"Ponta Grossa, Paraná",Match Finished,FT,90.0,72,Serie B,Brazil,https://media.api-sports.io/football/leagues/72.png,https://media.api-sports.io/flags/br.svg,2020,Regular Season - 4,1223,Operario-PR,https://media.api-sports.io/football/teams/1223.png,True,150,CSA,https://media.api-sports.io/football/teams/150.png,False,3.0,0.0,0.0,0.0,3.0,0.0,,,,,,,
328399,Edina Alves Batista,UTC,2020-08-18T23:30:00+00:00,1597793400,1597793400.0,1597797000.0,2936.0,Estádio Dr. Oswaldo Teixeira Duarte,"São Paulo, São Paulo",Match Finished,FT,90.0,72,Serie B,Brazil,https://media.api-sports.io/football/leagues/72.png,https://media.api-sports.io/flags/br.svg,2020,Regular Season - 4,143,Oeste,https://media.api-sports.io/football/teams/143.png,False,139,Ponte Preta,https://media.api-sports.io/football/teams/139.png,True,1.0,3.0,1.0,1.0,1.0,3.0,,,,,,,
328398,Paulo Cesar Zanovelli,UTC,2020-08-19T00:30:00+00:00,1597797000,1597797000.0,1597800600.0,242.0,Estádio Brinco de Ouro da Princesa,"Campinas, São Paulo",Match Finished,FT,90.0,72,Serie B,Brazil,https://media.api-sports.io/football/leagues/72.png,https://media.api-sports.io/flags/br.svg,2020,Regular Season - 4,138,Guarani Campinas,https://media.api-sports.io/football/teams/138.png,False,122,Parana,https://media.api-sports.io/football/teams/122.png,True,1.0,2.0,1.0,0.0,1.0,2.0,,,,,,,
328397,Diego Pombo Lopez,UTC,2020-08-19T00:30:00+00:00,1597797000,1597797000.0,1597800600.0,232.0,Estádio Rei Pelé,"Maceió, Alagoas",Match Finished,FT,90.0,72,Serie B,Brazil,https://media.api-sports.io/football/leagues/72.png,https://media.api-sports.io/flags/br.svg,2020,Regular Season - 4,146,CRB,https://media.api-sports.io/football/teams/146.png,True,141,Brasil DE Pelotas,https://media.api-sports.io/football/teams/141.png,False,1.0,0.0,0.0,0.0,1.0,0.0,,,,,,,
328404,Thiago Luis Scarascati,UTC,2020-08-19T00:30:00+00:00,1597797000,1597797000.0,1597800600.0,235.0,Arena Pantanal,"Cuiabá, Mato Grosso",Match Finished,FT,90.0,72,Serie B,Brazil,https://media.api-sports.io/football/leagues/72.png,https://media.api-sports.io/flags/br.svg,2020,Regular Season - 4,1193,Cuiaba,https://media.api-sports.io/football/teams/1193.png,True,7772,Confiança,https://media.api-sports.io/football/teams/7772.png,False,1.0,0.0,0.0,0.0,1.0,0.0,,,,,,,
328402,Heber Lopes,UTC,2020-08-20T00:30:00+00:00,1597883400,1597883400.0,1597887000.0,281.0,Estádio Manoel Barradas,"Salvador, Bahia",Match Finished,FT,90.0,72,Serie B,Brazil,https://media.api-sports.io/football/leagues/72.png,https://media.api-sports.io/flags/br.svg,2020,Regular Season - 4,136,Vitoria,https://media.api-sports.io/football/teams/136.png,,755,Nautico Recife,https://media.api-sports.io/football/teams/755.png,,0.0,0.0,0.0,0.0,0.0,0.0,,,,,,,
328395,Denis Ribeiro Serafim,UTC,2020-08-21T00:00:00+00:00,1597968000,1597968000.0,1597971600.0,234.0,Estádio Governador Magalhães Pinto,"Belo Horizonte, Minas Gerais",Match Finished,FT,90.0,72,Serie B,Brazil,https://media.api-sports.io/football/leagues/72.png,https://media.api-sports.io/flags/br.svg,2020,Regular Season - 4,135,Cruzeiro,https://media.api-sports.io/football/teams/135.png,False,132,Chapecoense-sc,https://media.api-sports.io/football/teams/132.png,True,0.0,1.0,0.0,1.0,0.0,1.0,,,,,,,
328405,Elmo Alves Resende Cunha,UTC,2020-08-21T22:15:00+00:00,1598048100,1598048100.0,1598051700.0,206.0,Estádio Raimundo Sampaio,"Belo Horizonte, Minas Gerais",Match Finished,FT,90.0,72,Serie B,Brazil,https://media.api-sports.io/football/leagues/72.png,https://media.api-sports.io/flags/br.svg,2020,Regular Season - 5,125,America Mineiro,https://media.api-sports.io/football/teams/125.png,True,143,Oeste,https://media.api-sports.io/football/teams/143.png,False,2.0,1.0,1.0,1.0,2.0,1.0,,,,,,,
328408,Antonio Dib Moraes de Sousa,UTC,2020-08-22T00:30:00+00:00,1598056200,1598056200.0,1598059800.0,261.0,Estádio Moisés Lucarelli,"Campinas, São Paulo",Match Finished,FT,90.0,72,Serie B,Brazil,https://media.api-sports.io/football/leagues/72.png,https://media.api-sports.io/flags/br.svg,2020,Regular Season - 5,139,Ponte Preta,https://media.api-sports.io/football/teams/139.png,True,150,CSA,https://media.api-sports.io/football/teams/150.png,False,2.0,1.0,1.0,1.0,2.0,1.0,,,,,,,
328406,Paulo Henrique de Melo Salmazio,UTC,2020-08-22T14:00:00+00:00,1598104800,1598104800.0,1598108400.0,214.0,Estádio Aderbal Ramos da Silva,"Florianópolis, Santa Catarina",Match Finished,FT,90.0,72,Serie B,Brazil,https://media.api-sports.io/football/leagues/72.png,https://media.api-sports.io/flags/br.svg,2020,Regular Season - 5,145,Avai,https://media.api-sports.io/football/teams/145.png,False,1193,Cuiaba,https://media.api-sports.io/football/teams/1193.png,True,0.0,2.0,0.0,0.0,0.0,2.0,,,,,,,
328412,Rodrigo Batista Raposo,UTC,2020-08-22T19:30:00+00:00,1598124600,1598124600.0,1598128200.0,,Aflitos,Recife,Match Finished,FT,90.0,72,Serie B,Brazil,https://media.api-sports.io/football/leagues/72.png,https://media.api-sports.io/flags/br.svg,2020,Regular Season - 5,755,Nautico Recife,https://media.api-sports.io/football/teams/755.png,,152,Juventude,https://media.api-sports.io/football/teams/152.png,,3.0,3.0,2.0,2.0,3.0,3.0,,,,,,,
328409,Jonathan Antero,UTC,2020-08-22T19:30:00+00:00,1598124600,1598124600.0,1598128200.0,219.0,Estádio Santa Cruz,"Ribeirão Preto, São Paulo",Match Finished,FT,90.0,72,Serie B,Brazil,https://media.api-sports.io/football/leagues/72.png,https://media.api-sports.io/flags/br.svg,2020,Regular Season - 5,2618,Botafogo SP,https://media.api-sports.io/football/teams/2618.png,False,137,Figueirense,https://media.api-sports.io/football/teams/137.png,True,0.0,1.0,0.0,0.0,0.0,1.0,,,,,,,
328407,Adriano Barros Carneiro,UTC,2020-08-23T00:00:00+00:00,1598140800,1598140800.0,1598144400.0,232.0,Estádio Rei Pelé,"Maceió, Alagoas",Match Finished,FT,90.0,72,Serie B,Brazil,https://media.api-sports.io/football/leagues/72.png,https://media.api-sports.io/flags/br.svg,2020,Regular Season - 5,146,CRB,https://media.api-sports.io/football/teams/146.png,,136,Vitoria,https://media.api-sports.io/football/teams/136.png,,2.0,2.0,1.0,0.0,2.0,2.0,,,,,,,
328410,Vinicius Gomes,UTC,2020-08-23T14:00:00+00:00,1598191200,1598191200.0,1598194800.0,259.0,Estádio Durival de Britto e Silva,"Curitiba, Paraná",Match Finished,FT,90.0,72,Serie B,Brazil,https://media.api-sports.io/football/leagues/72.png,https://media.api-sports.io/flags/br.svg,2020,Regular Season - 5,122,Parana,https://media.api-sports.io/football/teams/122.png,,1223,Operario-PR,https://media.api-sports.io/football/teams/1223.png,,0.0,0.0,0.0,0.0,0.0,0.0,,,,,,,
328413,Marcelo de Lima Henrique,UTC,2020-08-23T21:00:00+00:00,1598216400,1598216400.0,1598220000.0,273.0,Estádio Estadual Lourival Baptista,"Aracaju, Sergipe",Match Finished,FT,90.0,72,Serie B,Brazil,https://media.api-sports.io/football/leagues/72.png,https://media.api-sports.io/flags/br.svg,2020,Regular Season - 5,7772,Confiança,https://media.api-sports.io/football/teams/7772.png,,135,Cruzeiro,https://media.api-sports.io/football/teams/135.png,,1.0,1.0,1.0,1.0,1.0,1.0,,,,,,,
328414,Ronei Candido Alves,UTC,2020-08-24T23:00:00+00:00,1598310000,1598310000.0,1598313600.0,227.0,Arena Condá,"Chapecó, Santa Catarina",Match Finished,FT,90.0,72,Serie B,Brazil,https://media.api-sports.io/football/leagues/72.png,https://media.api-sports.io/flags/br.svg,2020,Regular Season - 5,132,Chapecoense-sc,https://media.api-sports.io/football/teams/132.png,True,138,Guarani Campinas,https://media.api-sports.io/football/teams/138.png,False,2.0,0.0,2.0,0.0,2.0,0.0,,,,,,,
328419,Andrey Da Silva e Silva,UTC,2020-08-28T22:15:00+00:00,1598652900,1598652900.0,1598656500.0,255.0,Arena Barueri,"Barueri, São Paulo",Match Finished,FT,90.0,72,Serie B,Brazil,https://media.api-sports.io/football/leagues/72.png,https://media.api-sports.io/flags/br.svg,2020,Regular Season - 6,143,Oeste,https://media.api-sports.io/football/teams/143.png,False,145,Avai,https://media.api-sports.io/football/teams/145.png,True,0.0,2.0,0.0,1.0,0.0,2.0,,,,,,,
328424,Fabio Augusto de Sá Junior,UTC,2020-08-28T23:30:00+00:00,1598657400,1598657400.0,1598661000.0,235.0,Arena Pantanal,"Cuiabá, Mato Grosso",Match Finished,FT,90.0,72,Serie B,Brazil,https://media.api-sports.io/football/leagues/72.png,https://media.api-sports.io/flags/br.svg,2020,Regular Season - 6,1193,Cuiaba,https://media.api-sports.io/football/teams/1193.png,True,132,Chapecoense-sc,https://media.api-sports.io/football/teams/132.png,False,2.0,1.0,0.0,1.0,2.0,1.0,,,,,,,
328418,Ramon Abatti,UTC,2020-08-29T00:30:00+00:00,1598661000,1598661000.0,1598664600.0,242.0,Estádio Brinco de Ouro da Princesa,"Campinas, São Paulo",Match Finished,FT,90.0,72,Serie B,Brazil,https://media.api-sports.io/football/leagues/72.png,https://media.api-sports.io/flags/br.svg,2020,Regular Season - 6,138,Guarani Campinas,https://media.api-sports.io/football/teams/138.png,False,755,Nautico Recife,https://media.api-sports.io/football/teams/755.png,True,1.0,2.0,1.0,0.0,1.0,2.0,,,,,,,
328421,Lucas Torezin,UTC,2020-08-29T14:00:00+00:00,1598709600,1598709600.0,1598713200.0,248.0,Estádio Alfredo Jaconi,"Caxias do Sul, Rio Grande do Sul",Match Finished,FT,90.0,72,Serie B,Brazil,https://media.api-sports.io/football/leagues/72.png,https://media.api-sports.io/flags/br.svg,2020,Regular Season - 6,152,Juventude,https://media.api-sports.io/football/teams/152.png,,2618,Botafogo SP,https://media.api-sports.io/football/teams/2618.png,,0.0,0.0,0.0,0.0,0.0,0.0,,,,,,,
328422,Pablo Ramón Goncalves Pinheiro,UTC,2020-08-29T19:30:00+00:00,1598729400,1598729400.0,1598733000.0,281.0,Estádio Manoel Barradas,"Salvador, Bahia",Match Finished,FT,90.0,72,Serie B,Brazil,https://media.api-sports.io/football/leagues/72.png,https://media.api-sports.io/flags/br.svg,2020,Regular Season - 6,136,Vitoria,https://media.api-sports.io/football/teams/136.png,True,122,Parana,https://media.api-sports.io/football/teams/122.png,False,1.0,0.0,0.0,0.0,1.0,0.0,,,,,,,
328415,Paulo Cesar Zanovelli,UTC,2020-08-30T00:00:00+00:00,1598745600,1598745600.0,1598749200.0,234.0,Estádio Governador Magalhães Pinto,"Belo Horizonte, Minas Gerais",Match Finished,FT,90.0,72,Serie B,Brazil,https://media.api-sports.io/football/leagues/72.png,https://media.api-sports.io/flags/br.svg,2020,Regular Season - 6,135,Cruzeiro,https://media.api-sports.io/football/teams/135.png,False,125,America Mineiro,https://media.api-sports.io/football/teams/125.png,True,1.0,2.0,0.0,2.0,1.0,2.0,,,,,,,
328416,Leo Simão,UTC,2020-08-30T00:00:00+00:00,1598745600,1598745600.0,1598749200.0,7126.0,Estádio Orlando Scarpelli,"Florianópolis, Santa Catarina",Match Finished,FT,90.0,72,Serie B,Brazil,https://media.api-sports.io/football/leagues/72.png,https://media.api-sports.io/flags/br.svg,2020,Regular Season - 6,137,Figueirense,https://media.api-sports.io/football/teams/137.png,,7772,Confiança,https://media.api-sports.io/football/teams/7772.png,,0.0,0.0,0.0,0.0,0.0,0.0,,,,,,,
328423,Tiago Nascimento dos Santos,UTC,2020-08-30T00:00:00+00:00,1598745600,1598745600.0,1598749200.0,265.0,Estádio Governador João Castelo,"São Luís, Maranhão",Match Finished,FT,90.0,72,Serie B,Brazil,https://media.api-sports.io/football/leagues/72.png,https://media.api-sports.io/flags/br.svg,2020,Regular Season - 6,155,Sampaio Correa,https://media.api-sports.io/football/teams/155.png,False,139,Ponte Preta,https://media.api-sports.io/football/teams/139.png,True,1.0,2.0,0.0,2.0,1.0,2.0,,,,,,,
328417,Marcelo Aparecido Ribeiro De Souza,UTC,2020-08-31T00:00:00+00:00,1598832000,1598832000.0,1598835600.0,232.0,Estádio Rei Pelé,"Maceió, Alagoas",Match Finished,FT,90.0,72,Serie B,Brazil,https://media.api-sports.io/football/leagues/72.png,https://media.api-sports.io/flags/br.svg,2020,Regular Season - 6,150,CSA,https://media.api-sports.io/football/teams/150.png,False,146,CRB,https://media.api-sports.io/football/teams/146.png,True,0.0,2.0,0.0,2.0,0.0,2.0,,,,,,,
328420,Jefferson Ferreira de Moraes,UTC,2020-08-31T00:00:00+00:00,1598832000,1598832000.0,1598835600.0,256.0,Estádio Germano Krüger,"Ponta Grossa, Paraná",Match Finished,FT,90.0,72,Serie B,Brazil,https://media.api-sports.io/football/leagues/72.png,https://media.api-sports.io/flags/br.svg,2020,Regular Season - 6,1223,Operario-PR,https://media.api-sports.io/football/teams/1223.png,True,141,Brasil DE Pelotas,https://media.api-sports.io/football/teams/141.png,False,2.0,1.0,1.0,1.0,2.0,1.0,,,,,,,
328428,Salim Fende Chavez,UTC,2020-08-31T23:00:00+00:00,1598914800,1598914800.0,1598918400.0,242.0,Estádio Brinco de Ouro da Princesa,"Campinas, São Paulo",Match Finished,FT,90.0,72,Serie B,Brazil,https://media.api-sports.io/football/leagues/72.png,https://media.api-sports.io/flags/br.svg,2020,Regular Season - 7,138,Guarani Campinas,https://media.api-sports.io/football/teams/138.png,,143,Oeste,https://media.api-sports.io/football/teams/143.png,,1.0,1.0,0.0,0.0,1.0,1.0,,,,,,,
328429,Adriano Barros Carneiro,UTC,2020-09-01T20:00:00+00:00,1598990400,1598990400.0,1598994000.0,219.0,Estádio Santa Cruz,"Ribeirão Preto, São Paulo",Match Finished,FT,90.0,72,Serie B,Brazil,https://media.api-sports.io/football/leagues/72.png,https://media.api-sports.io/flags/br.svg,2020,Regular Season - 7,2618,Botafogo SP,https://media.api-sports.io/football/teams/2618.png,,1193,Cuiaba,https://media.api-sports.io/football/teams/1193.png,,1.0,1.0,0.0,1.0,1.0,1.0,,,,,,,
328430,Diego da Costa Cidral,UTC,2020-09-01T22:15:00+00:00,1598998500,1598998500.0,1599002100.0,259.0,Estádio Durival de Britto e Silva,"Curitiba, Paraná",Match Finished,FT,90.0,72,Serie B,Brazil,https://media.api-sports.io/football/leagues/72.png,https://media.api-sports.io/flags/br.svg,2020,Regular Season - 7,122,Parana,https://media.api-sports.io/football/teams/122.png,True,139,Ponte Preta,https://media.api-sports.io/football/teams/139.png,False,2.0,1.0,1.0,1.0,2.0,1.0,,,,,,,
328434,Leandro Bizzio Marinho,UTC,2020-09-01T23:30:00+00:00,1599003000,1599003000.0,1599006600.0,227.0,Arena Condá,"Chapecó, Santa Catarina",Match Finished,FT,90.0,72,Serie B,Brazil,https://media.api-sports.io/football/leagues/72.png,https://media.api-sports.io/flags/br.svg,2020,Regular Season - 7,132,Chapecoense-sc,https://media.api-sports.io/football/teams/132.png,True,152,Juventude,https://media.api-sports.io/football/teams/152.png,False,1.0,0.0,0.0,0.0,1.0,0.0,,,,,,,
328432,Antonio Dib Moraes de Sousa,UTC,2020-09-02T00:30:00+00:00,1599006600,1599006600.0,1599010200.0,,Aflitos,Recife,Match Finished,FT,90.0,72,Serie B,Brazil,https://media.api-sports.io/football/leagues/72.png,https://media.api-sports.io/flags/br.svg,2020,Regular Season - 7,755,Nautico Recife,https://media.api-sports.io/football/teams/755.png,True,137,Figueirense,https://media.api-sports.io/football/teams/137.png,False,1.0,0.0,0.0,0.0,1.0,0.0,,,,,,,
328433,Douglas Marques das Flores,UTC,2020-09-02T00:30:00+00:00,1599006600,1599006600.0,1599010200.0,273.0,Estádio Estadual Lourival Baptista,"Aracaju, Sergipe",Match Finished,FT,90.0,72,Serie B,Brazil,https://media.api-sports.io/football/leagues/72.png,https://media.api-sports.io/flags/br.svg,2020,Regular Season - 7,7772,Confiança,https://media.api-sports.io/football/teams/7772.png,True,136,Vitoria,https://media.api-sports.io/football/teams/136.png,False,1.0,0.0,0.0,0.0,1.0,0.0,,,,,,,
328425,Rodrigo Carvalhaes de Miranda,UTC,2020-09-02T19:30:00+00:00,1599075000,1599075000.0,1599078600.0,206.0,Estádio Raimundo Sampaio,"Belo Horizonte, Minas Gerais",Match Finished,FT,90.0,72,Serie B,Brazil,https://media.api-sports.io/football/leagues/72.png,https://media.api-sports.io/flags/br.svg,2020,Regular Season - 7,125,America Mineiro,https://media.api-sports.io/football/teams/125.png,True,150,CSA,https://media.api-sports.io/football/teams/150.png,False,2.0,1.0,1.0,0.0,2.0,1.0,,,,,,,
328426,Douglas Schwengber,UTC,2020-09-02T19:30:00+00:00,1599075000,1599075000.0,1599078600.0,214.0,Estádio Aderbal Ramos da Silva,"Florianópolis, Santa Catarina",Match Finished,FT,90.0,72,Serie B,Brazil,https://media.api-sports.io/football/leagues/72.png,https://media.api-sports.io/flags/br.svg,2020,Regular Season - 7,145,Avai,https://media.api-sports.io/football/teams/145.png,True,1223,Operario-PR,https://media.api-sports.io/football/teams/1223.png,False,2.0,0.0,2.0,0.0,2.0,0.0,,,,,,,
328427,Alisson Furtado,UTC,2020-09-03T00:00:00+00:00,1599091200,1599091200.0,1599094800.0,232.0,Estádio Rei Pelé,"Maceió, Alagoas",Match Finished,FT,90.0,72,Serie B,Brazil,https://media.api-sports.io/football/leagues/72.png,https://media.api-sports.io/flags/br.svg,2020,Regular Season - 7,146,CRB,https://media.api-sports.io/football/teams/146.png,,155,Sampaio Correa,https://media.api-sports.io/football/teams/155.png,,2.0,2.0,0.0,1.0,2.0,2.0,,,,,,,
328431,Rodrigo Batista Raposo,UTC,2020-09-03T00:30:00+00:00,1599093000,1599093000.0,1599096600.0,2797.0,Estádio Bento da Silva Freitas,"Pelotas, Rio Grande do Sul",Match Finished,FT,90.0,72,Serie B,Brazil,https://media.api-sports.io/football/leagues/72.png,https://media.api-sports.io/flags/br.svg,2020,Regular Season - 7,141,Brasil DE Pelotas,https://media.api-sports.io/football/teams/141.png,True,135,Cruzeiro,https://media.api-sports.io/football/teams/135.png,False,1.0,0.0,0.0,0.0,1.0,0.0,,,,,,,
328436,Alexandre Vargas Tavares de Jesus,UTC,2020-09-04T22:15:00+00:00,1599257700,1599257700.0,1599261300.0,7126.0,Estádio Orlando Scarpelli,"Florianópolis, Santa Catarina",Match Finished,FT,90.0,72,Serie B,Brazil,https://media.api-sports.io/football/leagues/72.png,https://media.api-sports.io/flags/br.svg,2020,Regular Season - 8,137,Figueirense,https://media.api-sports.io/football/teams/137.png,False,122,Parana,https://media.api-sports.io/football/teams/122.png,True,0.0,1.0,0.0,0.0,0.0,1.0,,,,,,,
328438,Thiago Luis Scarascati,UTC,2020-09-05T00:30:00+00:00,1599265800,1599265800.0,1599269400.0,261.0,Estádio Moisés Lucarelli,"Campinas, São Paulo",Match Finished,FT,90.0,72,Serie B,Brazil,https://media.api-sports.io/football/leagues/72.png,https://media.api-sports.io/flags/br.svg,2020,Regular Season - 8,139,Ponte Preta,https://media.api-sports.io/football/teams/139.png,True,2618,Botafogo SP,https://media.api-sports.io/football/teams/2618.png,False,1.0,0.0,0.0,0.0,1.0,0.0,,,,,,,
328439,Zandick Gondim Alves Junior,UTC,2020-09-05T14:00:00+00:00,1599314400,1599314400.0,1599318000.0,255.0,Arena Barueri,"Barueri, São Paulo",Match Finished,FT,90.0,72,Serie B,Brazil,https://media.api-sports.io/football/leagues/72.png,https://media.api-sports.io/flags/br.svg,2020,Regular Season - 8,143,Oeste,https://media.api-sports.io/football/teams/143.png,False,152,Juventude,https://media.api-sports.io/football/teams/152.png,True,1.0,3.0,0.0,1.0,1.0,3.0,,,,,,,
328442,Ronei Candido Alves,UTC,2020-09-05T19:30:00+00:00,1599334200,1599334200.0,1599337800.0,281.0,Estádio Manoel Barradas,"Salvador, Bahia",Match Finished,FT,90.0,72,Serie B,Brazil,https://media.api-sports.io/football/leagues/72.png,https://media.api-sports.io/flags/br.svg,2020,Regular Season - 8,136,Vitoria,https://media.api-sports.io/football/teams/136.png,True,1193,Cuiaba,https://media.api-sports.io/football/teams/1193.png,False,4.0,2.0,2.0,1.0,4.0,2.0,,,,,,,
328437,Ricarle Gustavo Gonçalves Batista,UTC,2020-09-05T19:30:00+00:00,1599334200,1599334200.0,1599337800.0,232.0,Estádio Rei Pelé,"Maceió, Alagoas",Match Finished,FT,90.0,72,Serie B,Brazil,https://media.api-sports.io/football/leagues/72.png,https://media.api-sports.io/flags/br.svg,2020,Regular Season - 8,150,CSA,https://media.api-sports.io/football/teams/150.png,,7772,Confiança,https://media.api-sports.io/football/teams/7772.png,,1.0,1.0,1.0,0.0,1.0,1.0,,,,,,,
328441,Pathrice Wallace Correa Maia,UTC,2020-09-06T00:00:00+00:00,1599350400,1599350400.0,1599354000.0,2797.0,Estádio Bento da Silva Freitas,"Pelotas, Rio Grande do Sul",Match Finished,FT,90.0,72,Serie B,Brazil,https://media.api-sports.io/football/leagues/72.png,https://media.api-sports.io/flags/br.svg,2020,Regular Season - 8,141,Brasil DE Pelotas,https://media.api-sports.io/football/teams/141.png,True,755,Nautico Recife,https://media.api-sports.io/football/teams/755.png,False,2.0,1.0,1.0,0.0,2.0,1.0,,,,,,,
328443,Denis Ribeiro Serafim,UTC,2020-09-06T00:00:00+00:00,1599350400,1599350400.0,1599354000.0,265.0,Estádio Governador João Castelo,"São Luís, Maranhão",Match Finished,FT,90.0,72,Serie B,Brazil,https://media.api-sports.io/football/leagues/72.png,https://media.api-sports.io/flags/br.svg,2020,Regular Season - 8,155,Sampaio Correa,https://media.api-sports.io/football/teams/155.png,True,125,America Mineiro,https://media.api-sports.io/football/teams/125.png,False,1.0,0.0,0.0,0.0,1.0,0.0,,,,,,,
328440,Rodrigo da Fonseca Silva,UTC,2020-09-06T00:00:00+00:00,1599350400,1599350400.0,1599354000.0,256.0,Estádio Germano Krüger,"Ponta Grossa, Paraná",Match Finished,FT,90.0,72,Serie B,Brazil,https://media.api-sports.io/football/leagues/72.png,https://media.api-sports.io/flags/br.svg,2020,Regular Season - 8,1223,Operario-PR,https://media.api-sports.io/football/teams/1223.png,False,138,Guarani Campinas,https://media.api-sports.io/football/teams/138.png,True,1.0,2.0,1.0,1.0,1.0,2.0,,,,,,,
328444,Ramon Abatti,UTC,2020-09-06T14:00:00+00:00,1599400800,1599400800.0,1599404400.0,227.0,Arena Condá,"Chapecó, Santa Catarina",Match Finished,FT,90.0,72,Serie B,Brazil,https://media.api-sports.io/football/leagues/72.png,https://media.api-sports.io/flags/br.svg,2020,Regular Season - 8,132,Chapecoense-sc,https://media.api-sports.io/football/teams/132.png,True,145,Avai,https://media.api-sports.io/football/teams/145.png,False,1.0,0.0,0.0,0.0,1.0,0.0,,,,,,,
328435,Heber Lopes,UTC,2020-09-07T23:00:00+00:00,1599519600,1599519600.0,1599523200.0,234.0,Estádio Governador Magalhães Pinto,"Belo Horizonte, Minas Gerais",Match Finished,FT,90.0,72,Serie B,Brazil,https://media.api-sports.io/football/leagues/72.png,https://media.api-sports.io/flags/br.svg,2020,Regular Season - 8,135,Cruzeiro,https://media.api-sports.io/football/teams/135.png,,146,CRB,https://media.api-sports.io/football/teams/146.png,,1.0,1.0,1.0,0.0,1.0,1.0,,,,,,,
328451,Leonardo Ferreira Lima,UTC,2020-09-08T22:15:00+00:00,1599603300,1599603300.0,1599606900.0,248.0,Estádio Alfredo Jaconi,"Caxias do Sul, Rio Grande do Sul",Match Finished,FT,90.0,72,Serie B,Brazil,https://media.api-sports.io/football/leagues/72.png,https://media.api-sports.io/flags/br.svg,2020,Regular Season - 9,152,Juventude,https://media.api-sports.io/football/teams/152.png,True,7772,Confiança,https://media.api-sports.io/football/teams/7772.png,False,3.0,1.0,0.0,1.0,3.0,1.0,,,,,,,
328454,Wanderson Alves de Souza,UTC,2020-09-09T00:30:00+00:00,1599611400,1599611400.0,1599615000.0,235.0,Arena Pantanal,"Cuiabá, Mato Grosso",Match Finished,FT,90.0,72,Serie B,Brazil,https://media.api-sports.io/football/leagues/72.png,https://media.api-sports.io/flags/br.svg,2020,Regular Season - 9,1193,Cuiaba,https://media.api-sports.io/football/teams/1193.png,,137,Figueirense,https://media.api-sports.io/football/teams/137.png,,0.0,0.0,0.0,0.0,0.0,0.0,,,,,,,
328450,Dewson Fernando Freitas da Silva,UTC,2020-09-09T22:15:00+00:00,1599689700,1599689700.0,1599693300.0,259.0,Estádio Durival de Britto e Silva,"Curitiba, Paraná",Match Finished,FT,90.0,72,Serie B,Brazil,https://media.api-sports.io/football/leagues/72.png,https://media.api-sports.io/flags/br.svg,2020,Regular Season - 9,122,Parana,https://media.api-sports.io/football/teams/122.png,False,125,America Mineiro,https://media.api-sports.io/football/teams/125.png,True,0.0,1.0,0.0,0.0,0.0,1.0,,,,,,,
328446,Jefferson Ferreira de Moraes,UTC,2020-09-11T22:15:00+00:00,1599862500,1599862500.0,1599866100.0,214.0,Estádio Aderbal Ramos da Silva,"Florianópolis, Santa Catarina",Match Finished,FT,90.0,72,Serie B,Brazil,https://media.api-sports.io/football/leagues/72.png,https://media.api-sports.io/flags/br.svg,2020,Regular Season - 9,145,Avai,https://media.api-sports.io/football/teams/145.png,False,139,Ponte Preta,https://media.api-sports.io/football/teams/139.png,True,0.0,1.0,0.0,0.0,0.0,1.0,,,,,,,
328445,Edina Alves Batista,UTC,2020-09-12T00:30:00+00:00,1599870600,1599870600.0,1599874200.0,234.0,Estádio Governador Magalhães Pinto,"Belo Horizonte, Minas Gerais",Match Finished,FT,90.0,72,Serie B,Brazil,https://media.api-sports.io/football/leagues/72.png,https://media.api-sports.io/flags/br.svg,2020,Regular Season - 9,135,Cruzeiro,https://media.api-sports.io/football/teams/135.png,True,136,Vitoria,https://media.api-sports.io/football/teams/136.png,False,1.0,0.0,0.0,0.0,1.0,0.0,,,,,,,
328448,Fabio Augusto de Sá Junior,UTC,2020-09-12T14:00:00+00:00,1599919200,1599919200.0,1599922800.0,242.0,Estádio Brinco de Ouro da Princesa,"Campinas, São Paulo",Match Finished,FT,90.0,72,Serie B,Brazil,https://media.api-sports.io/football/leagues/72.png,https://media.api-sports.io/flags/br.svg,2020,Regular Season - 9,138,Guarani Campinas,https://media.api-sports.io/football/teams/138.png,,141,Brasil DE Pelotas,https://media.api-sports.io/football/teams/141.png,,0.0,0.0,0.0,0.0,0.0,0.0,,,,,,,
328453,Leo Simão,UTC,2020-09-12T19:30:00+00:00,1599939000,1599939000.0,1599942600.0,265.0,Estádio Governador João Castelo,"São Luís, Maranhão",Match Finished,FT,90.0,72,Serie B,Brazil,https://media.api-sports.io/football/leagues/72.png,https://media.api-sports.io/flags/br.svg,2020,Regular Season - 9,155,Sampaio Correa,https://media.api-sports.io/football/teams/155.png,False,1223,Operario-PR,https://media.api-sports.io/football/teams/1223.png,True,0.0,1.0,0.0,0.0,0.0,1.0,,,,,,,
328452,Marco Aurelio Augusto Fazekas Pereira,UTC,2020-09-13T00:00:00+00:00,1599955200,1599955200.0,1599958800.0,,Aflitos,Recife,Match Finished,FT,90.0,72,Serie B,Brazil,https://media.api-sports.io/football/leagues/72.png,https://media.api-sports.io/flags/br.svg,2020,Regular Season - 9,755,Nautico Recife,https://media.api-sports.io/football/teams/755.png,True,2618,Botafogo SP,https://media.api-sports.io/football/teams/2618.png,False,3.0,1.0,3.0,0.0,3.0,1.0,,,,,,,
328449,Paulo Henrique de Melo Salmazio,UTC,2020-09-13T14:00:00+00:00,1600005600,1600005600.0,1600009200.0,255.0,Arena Barueri,"Barueri, São Paulo",Match Finished,FT,90.0,72,Serie B,Brazil,https://media.api-sports.io/football/leagues/72.png,https://media.api-sports.io/flags/br.svg,2020,Regular Season - 9,143,Oeste,https://media.api-sports.io/football/teams/143.png,True,150,CSA,https://media.api-sports.io/football/teams/150.png,False,2.0,1.0,1.0,1.0,2.0,1.0,,,,,,,
328460,Douglas Schwengber,UTC,2020-09-14T23:00:00+00:00,1600124400,1600124400.0,1600128000.0,259.0,Estádio Durival de Britto e Silva,"Curitiba, Paraná",Match Finished,FT,90.0,72,Serie B,Brazil,https://media.api-sports.io/football/leagues/72.png,https://media.api-sports.io/flags/br.svg,2020,Regular Season - 10,122,Parana,https://media.api-sports.io/football/teams/122.png,True,146,CRB,https://media.api-sports.io/football/teams/146.png,False,2.0,0.0,1.0,0.0,2.0,0.0,,,,,,,
328461,Alexandre Vargas Tavares de Jesus,UTC,2020-09-14T23:00:00+00:00,1600124400,1600124400.0,1600128000.0,248.0,Estádio Alfredo Jaconi,"Caxias do Sul, Rio Grande do Sul",Match Finished,FT,90.0,72,Serie B,Brazil,https://media.api-sports.io/football/leagues/72.png,https://media.api-sports.io/flags/br.svg,2020,Regular Season - 10,152,Juventude,https://media.api-sports.io/football/teams/152.png,,136,Vitoria,https://media.api-sports.io/football/teams/136.png,,1.0,1.0,1.0,0.0,1.0,1.0,,,,,,,
328393,Lucas Canetto Bellote,UTC,2020-09-15T22:15:00+00:00,1600208100,1600208100.0,1600211700.0,273.0,Estádio Estadual Lourival Baptista,"Aracaju, Sergipe",Match Finished,FT,90.0,72,Serie B,Brazil,https://media.api-sports.io/football/leagues/72.png,https://media.api-sports.io/flags/br.svg,2020,Regular Season - 3,7772,Confiança,https://media.api-sports.io/football/teams/7772.png,,145,Avai,https://media.api-sports.io/football/teams/145.png,,2.0,2.0,0.0,1.0,2.0,2.0,,,,,,,
328387,Gilberto Rodrigues Castro Junior,UTC,2020-09-16T22:15:00+00:00,1600294500,1600294500.0,1600298100.0,232.0,Estádio Rei Pelé,"Maceió, Alagoas",Match Finished,FT,90.0,72,Serie B,Brazil,https://media.api-sports.io/football/leagues/72.png,https://media.api-sports.io/flags/br.svg,2020,Regular Season - 3,150,CSA,https://media.api-sports.io/football/teams/150.png,False,1193,Cuiaba,https://media.api-sports.io/football/teams/1193.png,True,1.0,2.0,1.0,1.0,1.0,2.0,,,,,,,
328463,Antonio Dib Moraes de Sousa,UTC,2020-09-18T22:15:00+00:00,1600467300,1600467300.0,1600470900.0,273.0,Estádio Estadual Lourival Baptista,"Aracaju, Sergipe",Match Finished,FT,90.0,72,Serie B,Brazil,https://media.api-sports.io/football/leagues/72.png,https://media.api-sports.io/flags/br.svg,2020,Regular Season - 10,7772,Confiança,https://media.api-sports.io/football/teams/7772.png,True,138,Guarani Campinas,https://media.api-sports.io/football/teams/138.png,False,1.0,0.0,0.0,0.0,1.0,0.0,,,,,,,
328462,Adriano Barros Carneiro,UTC,2020-09-19T00:30:00+00:00,1600475400,1600475400.0,1600479000.0,,Aflitos,Recife,Match Finished,FT,90.0,72,Serie B,Brazil,https://media.api-sports.io/football/leagues/72.png,https://media.api-sports.io/flags/br.svg,2020,Regular Season - 10,755,Nautico Recife,https://media.api-sports.io/football/teams/755.png,,132,Chapecoense-sc,https://media.api-sports.io/football/teams/132.png,,1.0,1.0,0.0,0.0,1.0,1.0,,,,,,,
328455,Pablo Ramón Goncalves Pinheiro,UTC,2020-09-19T19:30:00+00:00,1600543800,1600543800.0,1600547400.0,206.0,Estádio Raimundo Sampaio,"Belo Horizonte, Minas Gerais",Match Finished,FT,90.0,72,Serie B,Brazil,https://media.api-sports.io/football/leagues/72.png,https://media.api-sports.io/flags/br.svg,2020,Regular Season - 10,125,America Mineiro,https://media.api-sports.io/football/teams/125.png,False,137,Figueirense,https://media.api-sports.io/football/teams/137.png,True,0.0,1.0,0.0,0.0,0.0,1.0,,,,,,,
328458,Alisson Furtado,UTC,2020-09-20T00:00:00+00:00,1600560000,1600560000.0,1600563600.0,261.0,Estádio Moisés Lucarelli,"Campinas, São Paulo",Match Finished,FT,90.0,72,Serie B,Brazil,https://media.api-sports.io/football/leagues/72.png,https://media.api-sports.io/flags/br.svg,2020,Regular Season - 10,139,Ponte Preta,https://media.api-sports.io/football/teams/139.png,,1223,Operario-PR,https://media.api-sports.io/football/teams/1223.png,,1.0,1.0,1.0,0.0,1.0,1.0,,,,,,,
328457,Grazianni Maciel Rocha,UTC,2020-09-20T00:00:00+00:00,1600560000,1600560000.0,1600563600.0,232.0,Estádio Rei Pelé,"Maceió, Alagoas",Match Finished,FT,90.0,72,Serie B,Brazil,https://media.api-sports.io/football/leagues/72.png,https://media.api-sports.io/flags/br.svg,2020,Regular Season - 10,150,CSA,https://media.api-sports.io/football/teams/150.png,True,135,Cruzeiro,https://media.api-sports.io/football/teams/135.png,False,3.0,1.0,2.0,0.0,3.0,1.0,,,,,,,
328464,Rodrigo Batista Raposo,UTC,2020-09-20T00:00:00+00:00,1600560000,1600560000.0,1600563600.0,235.0,Arena Pantanal,"Cuiabá, Mato Grosso",Match Finished,FT,90.0,72,Serie B,Brazil,https://media.api-sports.io/football/leagues/72.png,https://media.api-sports.io/flags/br.svg,2020,Regular Season - 10,1193,Cuiaba,https://media.api-sports.io/football/teams/1193.png,True,143,Oeste,https://media.api-sports.io/football/teams/143.png,False,3.0,0.0,2.0,0.0,3.0,0.0,,,,,,,
328456,Emerson De Almeida Ferreira,UTC,2020-09-20T14:00:00+00:00,1600610400,1600610400.0,1600614000.0,214.0,Estádio Aderbal Ramos da Silva,"Florianópolis, Santa Catarina",Match Finished,FT,90.0,72,Serie B,Brazil,https://media.api-sports.io/football/leagues/72.png,https://media.api-sports.io/flags/br.svg,2020,Regular Season - 10,145,Avai,https://media.api-sports.io/football/teams/145.png,False,155,Sampaio Correa,https://media.api-sports.io/football/teams/155.png,True,2.0,5.0,1.0,3.0,2.0,5.0,,,,,,,
328459,Leonardo Sigari,UTC,2020-09-21T23:00:00+00:00,1600729200,1600729200.0,1600732800.0,219.0,Estádio Santa Cruz,"Ribeirão Preto, São Paulo",Match Finished,FT,90.0,72,Serie B,Brazil,https://media.api-sports.io/football/leagues/72.png,https://media.api-sports.io/flags/br.svg,2020,Regular Season - 10,2618,Botafogo SP,https://media.api-sports.io/football/teams/2618.png,False,141,Brasil DE Pelotas,https://media.api-sports.io/football/teams/141.png,True,0.0,1.0,0.0,0.0,0.0,1.0,,,,,,,
328470,Dewson Fernando Freitas da Silva,UTC,2020-09-22T23:00:00+00:00,1600815600,1600815600.0,1600819200.0,256.0,Estádio Germano Krüger,"Ponta Grossa, Paraná",Match Finished,FT,90.0,72,Serie B,Brazil,https://media.api-sports.io/football/leagues/72.png,https://media.api-sports.io/flags/br.svg,2020,Regular Season - 11,1223,Operario-PR,https://media.api-sports.io/football/teams/1223.png,,1193,Cuiaba,https://media.api-sports.io/football/teams/1193.png,,1.0,1.0,1.0,0.0,1.0,1.0,,,,,,,
328474,Zandick Gondim Alves Junior,UTC,2020-09-25T22:15:00+00:00,1601072100,1601072100.0,1601075700.0,227.0,Arena Condá,"Chapecó, Santa Catarina",Match Finished,FT,90.0,72,Serie B,Brazil,https://media.api-sports.io/football/leagues/72.png,https://media.api-sports.io/flags/br.svg,2020,Regular Season - 11,132,Chapecoense-sc,https://media.api-sports.io/football/teams/132.png,,125,America Mineiro,https://media.api-sports.io/football/teams/125.png,,0.0,0.0,0.0,0.0,0.0,0.0,,,,,,,
328469,Paulo Cesar Zanovelli,UTC,2020-09-25T22:15:00+00:00,1601072100,1601072100.0,1601075700.0,219.0,Estádio Santa Cruz,"Ribeirão Preto, São Paulo",Match Finished,FT,90.0,72,Serie B,Brazil,https://media.api-sports.io/football/leagues/72.png,https://media.api-sports.io/flags/br.svg,2020,Regular Season - 11,2618,Botafogo SP,https://media.api-sports.io/football/teams/2618.png,False,146,CRB,https://media.api-sports.io/football/teams/146.png,True,1.0,2.0,1.0,1.0,1.0,2.0,,,,,,,
328465,Alexandre Vargas Tavares de Jesus,UTC,2020-09-26T00:30:00+00:00,1601080200,1601080200.0,1601083800.0,234.0,Estádio Governador Magalhães Pinto,"Belo Horizonte, Minas Gerais",Match Finished,FT,90.0,72,Serie B,Brazil,https://media.api-sports.io/football/leagues/72.png,https://media.api-sports.io/flags/br.svg,2020,Regular Season - 11,135,Cruzeiro,https://media.api-sports.io/football/teams/135.png,False,145,Avai,https://media.api-sports.io/football/teams/145.png,True,0.0,1.0,0.0,0.0,0.0,1.0,,,,,,,
328466,Lucas Torezin,UTC,2020-09-26T14:00:00+00:00,1601128800,1601128800.0,1601132400.0,7126.0,Estádio Orlando Scarpelli,"Florianópolis, Santa Catarina",Match Finished,FT,90.0,72,Serie B,Brazil,https://media.api-sports.io/football/leagues/72.png,https://media.api-sports.io/flags/br.svg,2020,Regular Season - 11,137,Figueirense,https://media.api-sports.io/football/teams/137.png,,138,Guarani Campinas,https://media.api-sports.io/football/teams/138.png,,2.0,2.0,1.0,2.0,2.0,2.0,,,,,,,
328467,Andrey Da Silva e Silva,UTC,2020-09-26T19:00:00+00:00,1601146800,1601146800.0,1601150400.0,232.0,Estádio Rei Pelé,"Maceió, Alagoas",Match Finished,FT,90.0,72,Serie B,Brazil,https://media.api-sports.io/football/leagues/72.png,https://media.api-sports.io/flags/br.svg,2020,Regular Season - 11,150,CSA,https://media.api-sports.io/football/teams/150.png,True,152,Juventude,https://media.api-sports.io/football/teams/152.png,False,3.0,2.0,2.0,0.0,3.0,2.0,,,,,,,
328472,Fabio Augusto de Sá Junior,UTC,2020-09-26T19:30:00+00:00,1601148600,1601148600.0,1601152200.0,281.0,Estádio Manoel Barradas,"Salvador, Bahia",Match Finished,FT,90.0,72,Serie B,Brazil,https://media.api-sports.io/football/leagues/72.png,https://media.api-sports.io/flags/br.svg,2020,Regular Season - 11,136,Vitoria,https://media.api-sports.io/football/teams/136.png,True,143,Oeste,https://media.api-sports.io/football/teams/143.png,False,3.0,1.0,1.0,1.0,3.0,1.0,,,,,,,
328471,Ivan Guimarães Junior,UTC,2020-09-26T21:30:00+00:00,1601155800,1601155800.0,1601159400.0,2797.0,Estádio Bento da Silva Freitas,"Pelotas, Rio Grande do Sul",Match Finished,FT,90.0,72,Serie B,Brazil,https://media.api-sports.io/football/leagues/72.png,https://media.api-sports.io/flags/br.svg,2020,Regular Season - 11,141,Brasil DE Pelotas,https://media.api-sports.io/football/teams/141.png,,122,Parana,https://media.api-sports.io/football/teams/122.png,,1.0,1.0,0.0,0.0,1.0,1.0,,,,,,,
328468,Gilberto Rodrigues Castro Junior,UTC,2020-09-27T23:30:00+00:00,1601249400,1601249400.0,1601253000.0,261.0,Estádio Moisés Lucarelli,"Campinas, São Paulo",Match Finished,FT,90.0,72,Serie B,Brazil,https://media.api-sports.io/football/leagues/72.png,https://media.api-sports.io/flags/br.svg,2020,Regular Season - 11,139,Ponte Preta,https://media.api-sports.io/football/teams/139.png,True,7772,Confiança,https://media.api-sports.io/football/teams/7772.png,False,2.0,1.0,0.0,0.0,2.0,1.0,,,,,,,
328477,Grazianni Maciel Rocha,UTC,2020-09-28T23:00:00+00:00,1601334000,1601334000.0,1601337600.0,232.0,Estádio Rei Pelé,"Maceió, Alagoas",Match Finished,FT,90.0,72,Serie B,Brazil,https://media.api-sports.io/football/leagues/72.png,https://media.api-sports.io/flags/br.svg,2020,Regular Season - 12,146,CRB,https://media.api-sports.io/football/teams/146.png,,125,America Mineiro,https://media.api-sports.io/football/teams/125.png,,0.0,0.0,0.0,0.0,0.0,0.0,,,,,,,
328482,Leo Simão,UTC,2020-09-29T22:15:00+00:00,1601417700,1601417700.0,1601421300.0,281.0,Estádio Manoel Barradas,"Salvador, Bahia",Match Finished,FT,90.0,72,Serie B,Brazil,https://media.api-sports.io/football/leagues/72.png,https://media.api-sports.io/flags/br.svg,2020,Regular Season - 12,136,Vitoria,https://media.api-sports.io/football/teams/136.png,False,150,CSA,https://media.api-sports.io/football/teams/150.png,True,0.0,1.0,0.0,1.0,0.0,1.0,,,,,,,
328476,Rafael Traci,UTC,2020-09-29T22:15:00+00:00,1601417700,1601417700.0,1601421300.0,214.0,Estádio Aderbal Ramos da Silva,"Florianópolis, Santa Catarina",Match Finished,FT,90.0,72,Serie B,Brazil,https://media.api-sports.io/football/leagues/72.png,https://media.api-sports.io/flags/br.svg,2020,Regular Season - 12,145,Avai,https://media.api-sports.io/football/teams/145.png,True,137,Figueirense,https://media.api-sports.io/football/teams/137.png,False,1.0,0.0,0.0,0.0,1.0,0.0,,,,,,,
328481,Antonio Dib Moraes de Sousa,UTC,2020-09-29T22:15:00+00:00,1601417700,1601417700.0,1601421300.0,248.0,Estádio Alfredo Jaconi,"Caxias do Sul, Rio Grande do Sul",Match Finished,FT,90.0,72,Serie B,Brazil,https://media.api-sports.io/football/leagues/72.png,https://media.api-sports.io/flags/br.svg,2020,Regular Season - 12,152,Juventude,https://media.api-sports.io/football/teams/152.png,True,1223,Operario-PR,https://media.api-sports.io/football/teams/1223.png,False,1.0,0.0,0.0,0.0,1.0,0.0,,,,,,,
328479,Leandro Bizzio Marinho,UTC,2020-09-29T23:30:00+00:00,1601422200,1601422200.0,1601425800.0,255.0,Arena Barueri,"Barueri, São Paulo",Match Finished,FT,90.0,72,Serie B,Brazil,https://media.api-sports.io/football/leagues/72.png,https://media.api-sports.io/flags/br.svg,2020,Regular Season - 12,143,Oeste,https://media.api-sports.io/football/teams/143.png,False,2618,Botafogo SP,https://media.api-sports.io/football/teams/2618.png,True,0.0,1.0,0.0,0.0,0.0,1.0,,,,,,,
328480,Diego Pombo Lopez,UTC,2020-09-30T00:30:00+00:00,1601425800,1601425800.0,1601429400.0,259.0,Estádio Durival de Britto e Silva,"Curitiba, Paraná",Match Finished,FT,90.0,72,Serie B,Brazil,https://media.api-sports.io/football/leagues/72.png,https://media.api-sports.io/flags/br.svg,2020,Regular Season - 12,122,Parana,https://media.api-sports.io/football/teams/122.png,,132,Chapecoense-sc,https://media.api-sports.io/football/teams/132.png,,1.0,1.0,0.0,0.0,1.0,1.0,,,,,,,
328478,Rodrigo Batista Raposo,UTC,2020-09-30T00:30:00+00:00,1601425800,1601425800.0,1601429400.0,242.0,Estádio Brinco de Ouro da Princesa,"Campinas, São Paulo",Match Finished,FT,90.0,72,Serie B,Brazil,https://media.api-sports.io/football/leagues/72.png,https://media.api-sports.io/flags/br.svg,2020,Regular Season - 12,138,Guarani Campinas,https://media.api-sports.io/football/teams/138.png,,155,Sampaio Correa,https://media.api-sports.io/football/teams/155.png,,1.0,1.0,1.0,0.0,1.0,1.0,,,,,,,
328484,Charly Wendy Straub Deretti,UTC,2020-09-30T01:30:00+00:00,1601429400,1601429400.0,1601433000.0,235.0,Arena Pantanal,"Cuiabá, Mato Grosso",Match Finished,FT,90.0,72,Serie B,Brazil,https://media.api-sports.io/football/leagues/72.png,https://media.api-sports.io/flags/br.svg,2020,Regular Season - 12,1193,Cuiaba,https://media.api-sports.io/football/teams/1193.png,True,755,Nautico Recife,https://media.api-sports.io/football/teams/755.png,False,1.0,0.0,0.0,0.0,1.0,0.0,,,,,,,
328483,Pablo Ramón Goncalves Pinheiro,UTC,2020-09-30T19:30:00+00:00,1601494200,1601494200.0,1601497800.0,273.0,Estádio Estadual Lourival Baptista,"Aracaju, Sergipe",Match Finished,FT,90.0,72,Serie B,Brazil,https://media.api-sports.io/football/leagues/72.png,https://media.api-sports.io/flags/br.svg,2020,Regular Season - 12,7772,Confiança,https://media.api-sports.io/football/teams/7772.png,,141,Brasil DE Pelotas,https://media.api-sports.io/football/teams/141.png,,1.0,1.0,0.0,1.0,1.0,1.0,,,,,,,
328475,Francisco Carlos do Nascimento,UTC,2020-09-30T22:15:00+00:00,1601504100,1601504100.0,1601507700.0,234.0,Estádio Governador Magalhães Pinto,"Belo Horizonte, Minas Gerais",Match Finished,FT,90.0,72,Serie B,Brazil,https://media.api-sports.io/football/leagues/72.png,https://media.api-sports.io/flags/br.svg,2020,Regular Season - 12,135,Cruzeiro,https://media.api-sports.io/football/teams/135.png,True,139,Ponte Preta,https://media.api-sports.io/football/teams/139.png,False,3.0,0.0,2.0,0.0,3.0,0.0,,,,,,,
328486,Denis Ribeiro Serafim,UTC,2020-10-02T19:30:00+00:00,1601667000,1601667000.0,1601670600.0,7126.0,Estádio Orlando Scarpelli,"Florianópolis, Santa Catarina",Match Finished,FT,90.0,72,Serie B,Brazil,https://media.api-sports.io/football/leagues/72.png,https://media.api-sports.io/flags/br.svg,2020,Regular Season - 13,137,Figueirense,https://media.api-sports.io/football/teams/137.png,True,143,Oeste,https://media.api-sports.io/football/teams/143.png,False,4.0,1.0,2.0,1.0,4.0,1.0,,,,,,,
328487,Dewson Fernando Freitas da Silva,UTC,2020-10-02T22:15:00+00:00,1601676900,1601676900.0,1601680500.0,232.0,Estádio Rei Pelé,"Maceió, Alagoas",Match Finished,FT,90.0,72,Serie B,Brazil,https://media.api-sports.io/football/leagues/72.png,https://media.api-sports.io/flags/br.svg,2020,Regular Season - 13,146,CRB,https://media.api-sports.io/football/teams/146.png,True,145,Avai,https://media.api-sports.io/football/teams/145.png,False,3.0,1.0,1.0,0.0,3.0,1.0,,,,,,,
328490,Thiago Luis Scarascati,UTC,2020-10-02T22:15:00+00:00,1601676900,1601676900.0,1601680500.0,256.0,Estádio Germano Krüger,"Ponta Grossa, Paraná",Match Finished,FT,90.0,72,Serie B,Brazil,https://media.api-sports.io/football/leagues/72.png,https://media.api-sports.io/flags/br.svg,2020,Regular Season - 13,1223,Operario-PR,https://media.api-sports.io/football/teams/1223.png,,136,Vitoria,https://media.api-sports.io/football/teams/136.png,,1.0,1.0,0.0,0.0,1.0,1.0,,,,,,,
328489,Wanderson Alves de Souza,UTC,2020-10-03T00:30:00+00:00,1601685000,1601685000.0,1601688600.0,219.0,Estádio Santa Cruz,"Ribeirão Preto, São Paulo",Match Finished,FT,90.0,72,Serie B,Brazil,https://media.api-sports.io/football/leagues/72.png,https://media.api-sports.io/flags/br.svg,2020,Regular Season - 13,2618,Botafogo SP,https://media.api-sports.io/football/teams/2618.png,True,122,Parana,https://media.api-sports.io/football/teams/122.png,False,1.0,0.0,1.0,0.0,1.0,0.0,,,,,,,
328485,Adriano Barros Carneiro,UTC,2020-10-03T14:00:00+00:00,1601733600,1601733600.0,1601737200.0,206.0,Estádio Raimundo Sampaio,"Belo Horizonte, Minas Gerais",Match Finished,FT,90.0,72,Serie B,Brazil,https://media.api-sports.io/football/leagues/72.png,https://media.api-sports.io/flags/br.svg,2020,Regular Season - 13,125,America Mineiro,https://media.api-sports.io/football/teams/125.png,,138,Guarani Campinas,https://media.api-sports.io/football/teams/138.png,,0.0,0.0,0.0,0.0,0.0,0.0,,,,,,,
328492,Paulo Henrique de Melo Salmazio,UTC,2020-10-03T19:00:00+00:00,1601751600,1601751600.0,1601755200.0,,Aflitos,Recife,Match Finished,FT,90.0,72,Serie B,Brazil,https://media.api-sports.io/football/leagues/72.png,https://media.api-sports.io/flags/br.svg,2020,Regular Season - 13,755,Nautico Recife,https://media.api-sports.io/football/teams/755.png,False,7772,Confiança,https://media.api-sports.io/football/teams/7772.png,True,0.0,1.0,0.0,1.0,0.0,1.0,,,,,,,
328491,Dyorgines José Padovani Andrade,UTC,2020-10-03T19:30:00+00:00,1601753400,1601753400.0,1601757000.0,2797.0,Estádio Bento da Silva Freitas,"Pelotas, Rio Grande do Sul",Match Finished,FT,90.0,72,Serie B,Brazil,https://media.api-sports.io/football/leagues/72.png,https://media.api-sports.io/flags/br.svg,2020,Regular Season - 13,141,Brasil DE Pelotas,https://media.api-sports.io/football/teams/141.png,False,132,Chapecoense-sc,https://media.api-sports.io/football/teams/132.png,True,0.0,1.0,0.0,0.0,0.0,1.0,,,,,,,
328493,Emerson Ricardo de Almeida Andrade,UTC,2020-10-03T19:30:00+00:00,1601753400,1601753400.0,1601757000.0,265.0,Estádio Governador João Castelo,"São Luís, Maranhão",Match Finished,FT,90.0,72,Serie B,Brazil,https://media.api-sports.io/football/leagues/72.png,https://media.api-sports.io/flags/br.svg,2020,Regular Season - 13,155,Sampaio Correa,https://media.api-sports.io/football/teams/155.png,True,150,CSA,https://media.api-sports.io/football/teams/150.png,False,1.0,0.0,1.0,0.0,1.0,0.0,,,,,,,
328488,Emerson De Almeida Ferreira,UTC,2020-10-04T00:00:00+00:00,1601769600,1601769600.0,1601773200.0,261.0,Estádio Moisés Lucarelli,"Campinas, São Paulo",Match Finished,FT,90.0,72,Serie B,Brazil,https://media.api-sports.io/football/leagues/72.png,https://media.api-sports.io/flags/br.svg,2020,Regular Season - 13,139,Ponte Preta,https://media.api-sports.io/football/teams/139.png,False,152,Juventude,https://media.api-sports.io/football/teams/152.png,True,1.0,3.0,0.0,1.0,1.0,3.0,,,,,,,
328494,Jefferson Ferreira de Moraes,UTC,2020-10-04T01:00:00+00:00,1601773200,1601773200.0,1601776800.0,235.0,Arena Pantanal,"Cuiabá, Mato Grosso",Match Finished,FT,90.0,72,Serie B,Brazil,https://media.api-sports.io/football/leagues/72.png,https://media.api-sports.io/flags/br.svg,2020,Regular Season - 13,1193,Cuiaba,https://media.api-sports.io/football/teams/1193.png,True,135,Cruzeiro,https://media.api-sports.io/football/teams/135.png,False,1.0,0.0,0.0,0.0,1.0,0.0,,,,,,,
328499,Luiz Paulo de Moura Pinheiro,UTC,2020-10-05T23:00:00+00:00,1601938800,1601938800.0,1601942400.0,255.0,Arena Barueri,"Barueri, São Paulo",Match Finished,FT,90.0,72,Serie B,Brazil,https://media.api-sports.io/football/leagues/72.png,https://media.api-sports.io/flags/br.svg,2020,Regular Season - 14,143,Oeste,https://media.api-sports.io/football/teams/143.png,False,1223,Operario-PR,https://media.api-sports.io/football/teams/1223.png,True,0.0,1.0,0.0,1.0,0.0,1.0,,,,,,,
328504,André Rodrigo Rocha,UTC,2020-10-06T20:00:00+00:00,1602014400,1602014400.0,1602018000.0,227.0,Arena Condá,"Chapecó, Santa Catarina",Match Finished,FT,90.0,72,Serie B,Brazil,https://media.api-sports.io/football/leagues/72.png,https://media.api-sports.io/flags/br.svg,2020,Regular Season - 14,132,Chapecoense-sc,https://media.api-sports.io/football/teams/132.png,True,2618,Botafogo SP,https://media.api-sports.io/football/teams/2618.png,False,1.0,0.0,0.0,0.0,1.0,0.0,,,,,,,
328503,Zandick Gondim Alves Junior,UTC,2020-10-06T20:00:00+00:00,1602014400,1602014400.0,1602018000.0,273.0,Estádio Estadual Lourival Baptista,"Aracaju, Sergipe",Match Finished,FT,90.0,72,Serie B,Brazil,https://media.api-sports.io/football/leagues/72.png,https://media.api-sports.io/flags/br.svg,2020,Regular Season - 14,7772,Confiança,https://media.api-sports.io/football/teams/7772.png,True,146,CRB,https://media.api-sports.io/football/teams/146.png,False,1.0,0.0,0.0,0.0,1.0,0.0,,,,,,,
328500,Leo Simão,UTC,2020-10-06T22:15:00+00:00,1602022500,1602022500.0,1602026100.0,259.0,Estádio Durival de Britto e Silva,"Curitiba, Paraná",Match Finished,FT,90.0,72,Serie B,Brazil,https://media.api-sports.io/football/leagues/72.png,https://media.api-sports.io/flags/br.svg,2020,Regular Season - 14,122,Parana,https://media.api-sports.io/football/teams/122.png,,755,Nautico Recife,https://media.api-sports.io/football/teams/755.png,,0.0,0.0,0.0,0.0,0.0,0.0,,,,,,,
328502,Andrey Da Silva e Silva,UTC,2020-10-06T22:15:00+00:00,1602022500,1602022500.0,1602026100.0,281.0,Estádio Manoel Barradas,"Salvador, Bahia",Match Finished,FT,90.0,72,Serie B,Brazil,https://media.api-sports.io/football/leagues/72.png,https://media.api-sports.io/flags/br.svg,2020,Regular Season - 14,136,Vitoria,https://media.api-sports.io/football/teams/136.png,False,125,America Mineiro,https://media.api-sports.io/football/teams/125.png,True,1.0,2.0,0.0,2.0,1.0,2.0,,,,,,,
328496,Antonio Dib Moraes de Sousa,UTC,2020-10-06T22:15:00+00:00,1602022500,1602022500.0,1602026100.0,214.0,Estádio Aderbal Ramos da Silva,"Florianópolis, Santa Catarina",Match Finished,FT,90.0,72,Serie B,Brazil,https://media.api-sports.io/football/leagues/72.png,https://media.api-sports.io/flags/br.svg,2020,Regular Season - 14,145,Avai,https://media.api-sports.io/football/teams/145.png,True,141,Brasil DE Pelotas,https://media.api-sports.io/football/teams/141.png,False,2.0,1.0,1.0,0.0,2.0,1.0,,,,,,,
328497,Leandro Bizzio Marinho,UTC,2020-10-06T22:15:00+00:00,1602022500,1602022500.0,1602026100.0,232.0,Estádio Rei Pelé,"Maceió, Alagoas",Match Finished,FT,90.0,72,Serie B,Brazil,https://media.api-sports.io/football/leagues/72.png,https://media.api-sports.io/flags/br.svg,2020,Regular Season - 14,150,CSA,https://media.api-sports.io/football/teams/150.png,True,137,Figueirense,https://media.api-sports.io/football/teams/137.png,False,3.0,0.0,2.0,0.0,3.0,0.0,,,,,,,
328501,Fabio Augusto de Sá Junior,UTC,2020-10-06T22:15:00+00:00,1602022500,1602022500.0,1602026100.0,248.0,Estádio Alfredo Jaconi,"Caxias do Sul, Rio Grande do Sul",Match Finished,FT,90.0,72,Serie B,Brazil,https://media.api-sports.io/football/leagues/72.png,https://media.api-sports.io/flags/br.svg,2020,Regular Season - 14,152,Juventude,https://media.api-sports.io/football/teams/152.png,,1193,Cuiaba,https://media.api-sports.io/football/teams/1193.png,,1.0,1.0,0.0,1.0,1.0,1.0,,,,,,,
328498,Raphael Claus,UTC,2020-10-07T00:30:00+00:00,1602030600,1602030600.0,1602034200.0,261.0,Estádio Moisés Lucarelli,"Campinas, São Paulo",Match Finished,FT,90.0,72,Serie B,Brazil,https://media.api-sports.io/football/leagues/72.png,https://media.api-sports.io/flags/br.svg,2020,Regular Season - 14,139,Ponte Preta,https://media.api-sports.io/football/teams/139.png,True,138,Guarani Campinas,https://media.api-sports.io/football/teams/138.png,False,2.0,0.0,1.0,0.0,2.0,0.0,,,,,,,
328495,Gilberto Rodrigues Castro Junior,UTC,2020-10-08T21:30:00+00:00,1602192600,1602192600.0,1602196200.0,234.0,Estádio Governador Magalhães Pinto,"Belo Horizonte, Minas Gerais",Match Finished,FT,90.0,72,Serie B,Brazil,https://media.api-sports.io/football/leagues/72.png,https://media.api-sports.io/flags/br.svg,2020,Regular Season - 14,135,Cruzeiro,https://media.api-sports.io/football/teams/135.png,False,155,Sampaio Correa,https://media.api-sports.io/football/teams/155.png,True,1.0,2.0,1.0,1.0,1.0,2.0,,,,,,,
328506,Wagner do Nascimento Magalhaes,UTC,2020-10-09T19:00:00+00:00,1602270000,1602270000.0,1602273600.0,7126.0,Estádio Orlando Scarpelli,"Florianópolis, Santa Catarina",Match Finished,FT,90.0,72,Serie B,Brazil,https://media.api-sports.io/football/leagues/72.png,https://media.api-sports.io/flags/br.svg,2020,Regular Season - 15,137,Figueirense,https://media.api-sports.io/football/teams/137.png,,132,Chapecoense-sc,https://media.api-sports.io/football/teams/132.png,,0.0,0.0,0.0,0.0,0.0,0.0,,,,,,,
328510,Ronei Candido Alves,UTC,2020-10-09T19:30:00+00:00,1602271800,1602271800.0,1602275400.0,256.0,Estádio Germano Krüger,"Ponta Grossa, Paraná",Match Finished,FT,90.0,72,Serie B,Brazil,https://media.api-sports.io/football/leagues/72.png,https://media.api-sports.io/flags/br.svg,2020,Regular Season - 15,1223,Operario-PR,https://media.api-sports.io/football/teams/1223.png,,7772,Confiança,https://media.api-sports.io/football/teams/7772.png,,1.0,1.0,1.0,1.0,1.0,1.0,,,,,,,
328514,Pablo Ramón Goncalves Pinheiro,UTC,2020-10-09T21:30:00+00:00,1602279000,1602279000.0,1602282600.0,235.0,Arena Pantanal,"Cuiabá, Mato Grosso",Match Finished,FT,90.0,72,Serie B,Brazil,https://media.api-sports.io/football/leagues/72.png,https://media.api-sports.io/flags/br.svg,2020,Regular Season - 15,1193,Cuiaba,https://media.api-sports.io/football/teams/1193.png,True,139,Ponte Preta,https://media.api-sports.io/football/teams/139.png,False,2.0,1.0,1.0,0.0,2.0,1.0,,,,,,,
328505,Wagner Reway,UTC,2020-10-09T22:15:00+00:00,1602281700,1602281700.0,1602285300.0,206.0,Estádio Raimundo Sampaio,"Belo Horizonte, Minas Gerais",Match Finished,FT,90.0,72,Serie B,Brazil,https://media.api-sports.io/football/leagues/72.png,https://media.api-sports.io/flags/br.svg,2020,Regular Season - 15,125,America Mineiro,https://media.api-sports.io/football/teams/125.png,True,755,Nautico Recife,https://media.api-sports.io/football/teams/755.png,False,2.0,0.0,1.0,0.0,2.0,0.0,,,,,,,
328511,Daniel Nobre Bins,UTC,2020-10-10T14:00:00+00:00,1602338400,1602338400.0,1602342000.0,248.0,Estádio Alfredo Jaconi,"Caxias do Sul, Rio Grande do Sul",Match Finished,FT,90.0,72,Serie B,Brazil,https://media.api-sports.io/football/leagues/72.png,https://media.api-sports.io/flags/br.svg,2020,Regular Season - 15,152,Juventude,https://media.api-sports.io/football/teams/152.png,False,141,Brasil DE Pelotas,https://media.api-sports.io/football/teams/141.png,True,1.0,2.0,0.0,2.0,1.0,2.0,,,,,,,
328512,Marcos Mateus Pereira,UTC,2020-10-10T19:00:00+00:00,1602356400,1602356400.0,1602360000.0,281.0,Estádio Manoel Barradas,"Salvador, Bahia",Match Finished,FT,90.0,72,Serie B,Brazil,https://media.api-sports.io/football/leagues/72.png,https://media.api-sports.io/flags/br.svg,2020,Regular Season - 15,136,Vitoria,https://media.api-sports.io/football/teams/136.png,False,145,Avai,https://media.api-sports.io/football/teams/145.png,True,1.0,2.0,1.0,2.0,1.0,2.0,,,,,,,
328508,Charly Wendy Straub Deretti,UTC,2020-10-10T19:30:00+00:00,1602358200,1602358200.0,1602361800.0,242.0,Estádio Brinco de Ouro da Princesa,"Campinas, São Paulo",Match Finished,FT,90.0,72,Serie B,Brazil,https://media.api-sports.io/football/leagues/72.png,https://media.api-sports.io/flags/br.svg,2020,Regular Season - 15,138,Guarani Campinas,https://media.api-sports.io/football/teams/138.png,True,146,CRB,https://media.api-sports.io/football/teams/146.png,False,3.0,1.0,2.0,1.0,3.0,1.0,,,,,,,
328507,Paulo Cesar Zanovelli,UTC,2020-10-10T21:30:00+00:00,1602365400,1602365400.0,1602369000.0,232.0,Estádio Rei Pelé,"Maceió, Alagoas",Match Finished,FT,90.0,72,Serie B,Brazil,https://media.api-sports.io/football/leagues/72.png,https://media.api-sports.io/flags/br.svg,2020,Regular Season - 15,150,CSA,https://media.api-sports.io/football/teams/150.png,True,122,Parana,https://media.api-sports.io/football/teams/122.png,False,4.0,0.0,3.0,0.0,4.0,0.0,,,,,,,
328509,Alisson Furtado,UTC,2020-10-11T19:00:00+00:00,1602442800,1602442800.0,1602446400.0,255.0,Arena Barueri,"Barueri, São Paulo",Match Finished,FT,90.0,72,Serie B,Brazil,https://media.api-sports.io/football/leagues/72.png,https://media.api-sports.io/flags/br.svg,2020,Regular Season - 15,143,Oeste,https://media.api-sports.io/football/teams/143.png,,135,Cruzeiro,https://media.api-sports.io/football/teams/135.png,,0.0,0.0,0.0,0.0,0.0,0.0,,,,,,,
328513,Grazianni Maciel Rocha,UTC,2020-10-11T23:30:00+00:00,1602459000,1602459000.0,1602462600.0,265.0,Estádio Governador João Castelo,"São Luís, Maranhão",Match Finished,FT,90.0,72,Serie B,Brazil,https://media.api-sports.io/football/leagues/72.png,https://media.api-sports.io/flags/br.svg,2020,Regular Season - 15,155,Sampaio Correa,https://media.api-sports.io/football/teams/155.png,True,2618,Botafogo SP,https://media.api-sports.io/football/teams/2618.png,False,2.0,0.0,1.0,0.0,2.0,0.0,,,,,,,
328522,Wanderson Alves de Souza,UTC,2020-10-12T23:00:00+00:00,1602543600,1602543600.0,1602547200.0,,Aflitos,Recife,Match Finished,FT,90.0,72,Serie B,Brazil,https://media.api-sports.io/football/leagues/72.png,https://media.api-sports.io/flags/br.svg,2020,Regular Season - 16,755,Nautico Recife,https://media.api-sports.io/football/teams/755.png,False,139,Ponte Preta,https://media.api-sports.io/football/teams/139.png,True,0.0,2.0,0.0,0.0,0.0,2.0,,,,,,,
328516,Vinicius Furlan,UTC,2020-10-13T22:15:00+00:00,1602627300,1602627300.0,1602630900.0,214.0,Estádio Aderbal Ramos da Silva,"Florianópolis, Santa Catarina",Match Finished,FT,90.0,72,Serie B,Brazil,https://media.api-sports.io/football/leagues/72.png,https://media.api-sports.io/flags/br.svg,2020,Regular Season - 16,145,Avai,https://media.api-sports.io/football/teams/145.png,,150,CSA,https://media.api-sports.io/football/teams/150.png,,1.0,1.0,1.0,1.0,1.0,1.0,,,,,,,
328518,Denis Ribeiro Serafim,UTC,2020-10-14T00:30:00+00:00,1602635400,1602635400.0,1602639000.0,242.0,Estádio Brinco de Ouro da Princesa,"Campinas, São Paulo",Match Finished,FT,90.0,72,Serie B,Brazil,https://media.api-sports.io/football/leagues/72.png,https://media.api-sports.io/flags/br.svg,2020,Regular Season - 16,138,Guarani Campinas,https://media.api-sports.io/football/teams/138.png,True,1193,Cuiaba,https://media.api-sports.io/football/teams/1193.png,False,1.0,0.0,1.0,0.0,1.0,0.0,,,,,,,
328403,Pathrice Wallace Correa Maia,UTC,2020-10-14T19:00:00+00:00,1602702000,1602702000.0,1602705600.0,265.0,Estádio Governador João Castelo,"São Luís, Maranhão",Match Finished,FT,90.0,72,Serie B,Brazil,https://media.api-sports.io/football/leagues/72.png,https://media.api-sports.io/flags/br.svg,2020,Regular Season - 4,155,Sampaio Correa,https://media.api-sports.io/football/teams/155.png,True,137,Figueirense,https://media.api-sports.io/football/teams/137.png,False,3.0,0.0,1.0,0.0,3.0,0.0,,,,,,,
328447,Jonathan Antero,UTC,2020-10-14T22:15:00+00:00,1602713700,1602713700.0,1602717300.0,232.0,Estádio Rei Pelé,"Maceió, Alagoas",Match Finished,FT,90.0,72,Serie B,Brazil,https://media.api-sports.io/football/leagues/72.png,https://media.api-sports.io/flags/br.svg,2020,Regular Season - 9,146,CRB,https://media.api-sports.io/football/teams/146.png,False,132,Chapecoense-sc,https://media.api-sports.io/football/teams/132.png,True,0.0,1.0,0.0,0.0,0.0,1.0,,,,,,,
328519,Diego da Costa Cidral,UTC,2020-10-16T22:15:00+00:00,1602886500,1602886500.0,1602890100.0,219.0,Estádio Santa Cruz,"Ribeirão Preto, São Paulo",Match Finished,FT,90.0,72,Serie B,Brazil,https://media.api-sports.io/football/leagues/72.png,https://media.api-sports.io/flags/br.svg,2020,Regular Season - 16,2618,Botafogo SP,https://media.api-sports.io/football/teams/2618.png,False,125,America Mineiro,https://media.api-sports.io/football/teams/125.png,True,1.0,2.0,0.0,0.0,1.0,2.0,,,,,,,
328515,Dewson Fernando Freitas da Silva,UTC,2020-10-17T00:30:00+00:00,1602894600,1602894600.0,1602898200.0,234.0,Estádio Governador Magalhães Pinto,"Belo Horizonte, Minas Gerais",Match Finished,FT,90.0,72,Serie B,Brazil,https://media.api-sports.io/football/leagues/72.png,https://media.api-sports.io/flags/br.svg,2020,Regular Season - 16,135,Cruzeiro,https://media.api-sports.io/football/teams/135.png,,152,Juventude,https://media.api-sports.io/football/teams/152.png,,0.0,0.0,0.0,0.0,0.0,0.0,,,,,,,
328524,Alexandre Vargas Tavares de Jesus,UTC,2020-10-17T19:00:00+00:00,1602961200,1602961200.0,1602964800.0,227.0,Arena Condá,"Chapecó, Santa Catarina",Match Finished,FT,90.0,72,Serie B,Brazil,https://media.api-sports.io/football/leagues/72.png,https://media.api-sports.io/flags/br.svg,2020,Regular Season - 16,132,Chapecoense-sc,https://media.api-sports.io/football/teams/132.png,,136,Vitoria,https://media.api-sports.io/football/teams/136.png,,1.0,1.0,1.0,0.0,1.0,1.0,,,,,,,
328523,Maguielson Lima Barbosa,UTC,2020-10-17T19:30:00+00:00,1602963000,1602963000.0,1602966600.0,273.0,Estádio Estadual Lourival Baptista,"Aracaju, Sergipe",Match Finished,FT,90.0,72,Serie B,Brazil,https://media.api-sports.io/football/leagues/72.png,https://media.api-sports.io/flags/br.svg,2020,Regular Season - 16,7772,Confiança,https://media.api-sports.io/football/teams/7772.png,True,143,Oeste,https://media.api-sports.io/football/teams/143.png,False,3.0,1.0,3.0,1.0,3.0,1.0,,,,,,,
328521,Adriano Barros Carneiro,UTC,2020-10-17T21:30:00+00:00,1602970200,1602970200.0,1602973800.0,2797.0,Estádio Bento da Silva Freitas,"Pelotas, Rio Grande do Sul",Match Finished,FT,90.0,72,Serie B,Brazil,https://media.api-sports.io/football/leagues/72.png,https://media.api-sports.io/flags/br.svg,2020,Regular Season - 16,141,Brasil DE Pelotas,https://media.api-sports.io/football/teams/141.png,,137,Figueirense,https://media.api-sports.io/football/teams/137.png,,0.0,0.0,0.0,0.0,0.0,0.0,,,,,,,
328517,Paulo Henrique Schleinch Vollkopf,UTC,2020-10-17T21:30:00+00:00,1602970200,1602970200.0,1602973800.0,232.0,Estádio Rei Pelé,"Maceió, Alagoas",Match Finished,FT,90.0,72,Serie B,Brazil,https://media.api-sports.io/football/leagues/72.png,https://media.api-sports.io/flags/br.svg,2020,Regular Season - 16,146,CRB,https://media.api-sports.io/football/teams/146.png,True,1223,Operario-PR,https://media.api-sports.io/football/teams/1223.png,False,4.0,1.0,1.0,1.0,4.0,1.0,,,,,,,
328520,Douglas Marques das Flores,UTC,2020-10-18T23:30:00+00:00,1603063800,1603063800.0,1603067400.0,259.0,Estádio Durival de Britto e Silva,"Curitiba, Paraná",Match Finished,FT,90.0,72,Serie B,Brazil,https://media.api-sports.io/football/leagues/72.png,https://media.api-sports.io/flags/br.svg,2020,Regular Season - 16,122,Parana,https://media.api-sports.io/football/teams/122.png,,155,Sampaio Correa,https://media.api-sports.io/football/teams/155.png,,0.0,0.0,0.0,0.0,0.0,0.0,,,,,,,
328525,Charly Wendy Straub Deretti,UTC,2020-10-20T19:30:00+00:00,1603222200,1603222200.0,1603225800.0,206.0,Estádio Raimundo Sampaio,"Belo Horizonte, Minas Gerais",Match Finished,FT,90.0,72,Serie B,Brazil,https://media.api-sports.io/football/leagues/72.png,https://media.api-sports.io/flags/br.svg,2020,Regular Season - 17,125,America Mineiro,https://media.api-sports.io/football/teams/125.png,True,141,Brasil DE Pelotas,https://media.api-sports.io/football/teams/141.png,False,3.0,1.0,2.0,1.0,3.0,1.0,,,,,,,
328529,Douglas Schwengber,UTC,2020-10-20T22:15:00+00:00,1603232100,1603232100.0,1603235700.0,255.0,Arena Barueri,"Barueri, São Paulo",Match Finished,FT,90.0,72,Serie B,Brazil,https://media.api-sports.io/football/leagues/72.png,https://media.api-sports.io/flags/br.svg,2020,Regular Season - 17,143,Oeste,https://media.api-sports.io/football/teams/143.png,False,755,Nautico Recife,https://media.api-sports.io/football/teams/755.png,True,0.0,1.0,0.0,0.0,0.0,1.0,,,,,,,
328527,Luiz Paulo de Moura Pinheiro,UTC,2020-10-20T22:15:00+00:00,1603232100,1603232100.0,1603235700.0,232.0,Estádio Rei Pelé,"Maceió, Alagoas",Match Finished,FT,90.0,72,Serie B,Brazil,https://media.api-sports.io/football/leagues/72.png,https://media.api-sports.io/flags/br.svg,2020,Regular Season - 17,150,CSA,https://media.api-sports.io/football/teams/150.png,True,2618,Botafogo SP,https://media.api-sports.io/football/teams/2618.png,False,1.0,0.0,0.0,0.0,1.0,0.0,,,,,,,
328531,Grazianni Maciel Rocha,UTC,2020-10-20T22:15:00+00:00,1603232100,1603232100.0,1603235700.0,248.0,Estádio Alfredo Jaconi,"Caxias do Sul, Rio Grande do Sul",Match Finished,FT,90.0,72,Serie B,Brazil,https://media.api-sports.io/football/leagues/72.png,https://media.api-sports.io/flags/br.svg,2020,Regular Season - 17,152,Juventude,https://media.api-sports.io/football/teams/152.png,True,145,Avai,https://media.api-sports.io/football/teams/145.png,False,3.0,0.0,1.0,0.0,3.0,0.0,,,,,,,
328528,Andrey Da Silva e Silva,UTC,2020-10-21T00:30:00+00:00,1603240200,1603240200.0,1603243800.0,261.0,Estádio Moisés Lucarelli,"Campinas, São Paulo",Match Finished,FT,90.0,72,Serie B,Brazil,https://media.api-sports.io/football/leagues/72.png,https://media.api-sports.io/flags/br.svg,2020,Regular Season - 17,139,Ponte Preta,https://media.api-sports.io/football/teams/139.png,False,132,Chapecoense-sc,https://media.api-sports.io/football/teams/132.png,True,0.0,5.0,0.0,2.0,0.0,5.0,,,,,,,
328530,Diego Pombo Lopez,UTC,2020-10-21T00:30:00+00:00,1603240200,1603240200.0,1603243800.0,256.0,Estádio Germano Krüger,"Ponta Grossa, Paraná",Match Finished,FT,90.0,72,Serie B,Brazil,https://media.api-sports.io/football/leagues/72.png,https://media.api-sports.io/flags/br.svg,2020,Regular Season - 17,1223,Operario-PR,https://media.api-sports.io/football/teams/1223.png,False,135,Cruzeiro,https://media.api-sports.io/football/teams/135.png,True,0.0,1.0,0.0,0.0,0.0,1.0,,,,,,,
328526,Fabio Augusto de Sá Junior,UTC,2020-10-21T19:30:00+00:00,1603308600,1603308600.0,1603312200.0,7126.0,Estádio Orlando Scarpelli,"Florianópolis, Santa Catarina",Match Finished,FT,90.0,72,Serie B,Brazil,https://media.api-sports.io/football/leagues/72.png,https://media.api-sports.io/flags/br.svg,2020,Regular Season - 17,137,Figueirense,https://media.api-sports.io/football/teams/137.png,True,146,CRB,https://media.api-sports.io/football/teams/146.png,False,2.0,0.0,1.0,0.0,2.0,0.0,,,,,,,
328533,Emerson De Almeida Ferreira,UTC,2020-10-22T00:00:00+00:00,1603324800,1603324800.0,1603328400.0,265.0,Estádio Governador João Castelo,"São Luís, Maranhão",Match Finished,FT,90.0,72,Serie B,Brazil,https://media.api-sports.io/football/leagues/72.png,https://media.api-sports.io/flags/br.svg,2020,Regular Season - 17,155,Sampaio Correa,https://media.api-sports.io/football/teams/155.png,False,7772,Confiança,https://media.api-sports.io/football/teams/7772.png,True,1.0,3.0,0.0,2.0,1.0,3.0,,,,,,,
328534,Thiago Duarte Peixoto,UTC,2020-10-22T00:00:00+00:00,1603324800,1603324800.0,1603328400.0,235.0,Arena Pantanal,"Cuiabá, Mato Grosso",Match Finished,FT,90.0,72,Serie B,Brazil,https://media.api-sports.io/football/leagues/72.png,https://media.api-sports.io/flags/br.svg,2020,Regular Season - 17,1193,Cuiaba,https://media.api-sports.io/football/teams/1193.png,,122,Parana,https://media.api-sports.io/football/teams/122.png,,3.0,3.0,1.0,1.0,3.0,3.0,,,,,,,
328532,Wagner Reway,UTC,2020-10-23T00:30:00+00:00,1603413000,1603413000.0,1603416600.0,281.0,Estádio Manoel Barradas,"Salvador, Bahia",Match Finished,FT,90.0,72,Serie B,Brazil,https://media.api-sports.io/football/leagues/72.png,https://media.api-sports.io/flags/br.svg,2020,Regular Season - 17,136,Vitoria,https://media.api-sports.io/football/teams/136.png,,138,Guarani Campinas,https://media.api-sports.io/football/teams/138.png,,1.0,1.0,1.0,0.0,1.0,1.0,,,,,,,
328541,Eduardo Tomaz De Aquino Valadão,UTC,2020-10-23T22:15:00+00:00,1603491300,1603491300.0,1603494900.0,2797.0,Estádio Bento da Silva Freitas,"Pelotas, Rio Grande do Sul",Match Finished,FT,90.0,72,Serie B,Brazil,https://media.api-sports.io/football/leagues/72.png,https://media.api-sports.io/flags/br.svg,2020,Regular Season - 18,141,Brasil DE Pelotas,https://media.api-sports.io/football/teams/141.png,,150,CSA,https://media.api-sports.io/football/teams/150.png,,1.0,1.0,1.0,1.0,1.0,1.0,,,,,,,
328544,Paulo Cesar Zanovelli,UTC,2020-10-24T00:30:00+00:00,1603499400,1603499400.0,1603503000.0,227.0,Arena Condá,"Chapecó, Santa Catarina",Match Finished,FT,90.0,72,Serie B,Brazil,https://media.api-sports.io/football/leagues/72.png,https://media.api-sports.io/flags/br.svg,2020,Regular Season - 18,132,Chapecoense-sc,https://media.api-sports.io/football/teams/132.png,True,1223,Operario-PR,https://media.api-sports.io/football/teams/1223.png,False,1.0,0.0,0.0,0.0,1.0,0.0,,,,,,,
328537,Alexandre Vargas Tavares de Jesus,UTC,2020-10-24T19:00:00+00:00,1603566000,1603566000.0,1603569600.0,232.0,Estádio Rei Pelé,"Maceió, Alagoas",Match Finished,FT,90.0,72,Serie B,Brazil,https://media.api-sports.io/football/leagues/72.png,https://media.api-sports.io/flags/br.svg,2020,Regular Season - 18,146,CRB,https://media.api-sports.io/football/teams/146.png,True,139,Ponte Preta,https://media.api-sports.io/football/teams/139.png,False,1.0,0.0,1.0,0.0,1.0,0.0,,,,,,,
328543,Wanderson Alves de Souza,UTC,2020-10-24T21:30:00+00:00,1603575000,1603575000.0,1603578600.0,265.0,Estádio Governador João Castelo,"São Luís, Maranhão",Match Finished,FT,90.0,72,Serie B,Brazil,https://media.api-sports.io/football/leagues/72.png,https://media.api-sports.io/flags/br.svg,2020,Regular Season - 18,155,Sampaio Correa,https://media.api-sports.io/football/teams/155.png,True,1193,Cuiaba,https://media.api-sports.io/football/teams/1193.png,False,3.0,0.0,2.0,0.0,3.0,0.0,,,,,,,
328535,Jefferson Ferreira de Moraes,UTC,2020-10-25T01:00:00+00:00,1603587600,1603587600.0,1603591200.0,206.0,Estádio Raimundo Sampaio,"Belo Horizonte, Minas Gerais",Match Finished,FT,90.0,72,Serie B,Brazil,https://media.api-sports.io/football/leagues/72.png,https://media.api-sports.io/flags/br.svg,2020,Regular Season - 18,125,America Mineiro,https://media.api-sports.io/football/teams/125.png,True,7772,Confiança,https://media.api-sports.io/football/teams/7772.png,False,2.0,1.0,1.0,0.0,2.0,1.0,,,,,,,
328542,Leandro Bizzio Marinho,UTC,2020-10-25T19:00:00+00:00,1603652400,1603652400.0,1603656000.0,,Aflitos,Recife,Match Finished,FT,90.0,72,Serie B,Brazil,https://media.api-sports.io/football/leagues/72.png,https://media.api-sports.io/flags/br.svg,2020,Regular Season - 18,755,Nautico Recife,https://media.api-sports.io/football/teams/755.png,,135,Cruzeiro,https://media.api-sports.io/football/teams/135.png,,1.0,1.0,1.0,0.0,1.0,1.0,,,,,,,
328536,Dyorgines José Padovani Andrade,UTC,2020-10-25T21:15:00+00:00,1603660500,1603660500.0,1603664100.0,7126.0,Estádio Orlando Scarpelli,"Florianópolis, Santa Catarina",Match Finished,FT,90.0,72,Serie B,Brazil,https://media.api-sports.io/football/leagues/72.png,https://media.api-sports.io/flags/br.svg,2020,Regular Season - 18,137,Figueirense,https://media.api-sports.io/football/teams/137.png,,152,Juventude,https://media.api-sports.io/football/teams/152.png,,1.0,1.0,0.0,1.0,1.0,1.0,,,,,,,
328538,Marielson Alves Silva,UTC,2020-10-25T21:15:00+00:00,1603660500,1603660500.0,1603664100.0,242.0,Estádio Brinco de Ouro da Princesa,"Campinas, São Paulo",Match Finished,FT,90.0,72,Serie B,Brazil,https://media.api-sports.io/football/leagues/72.png,https://media.api-sports.io/flags/br.svg,2020,Regular Season - 18,138,Guarani Campinas,https://media.api-sports.io/football/teams/138.png,True,145,Avai,https://media.api-sports.io/football/teams/145.png,False,2.0,1.0,1.0,0.0,2.0,1.0,,,,,,,
328539,Dewson Fernando Freitas da Silva,UTC,2020-10-25T23:30:00+00:00,1603668600,1603668600.0,1603672200.0,219.0,Estádio Santa Cruz,"Ribeirão Preto, São Paulo",Match Finished,FT,90.0,72,Serie B,Brazil,https://media.api-sports.io/football/leagues/72.png,https://media.api-sports.io/flags/br.svg,2020,Regular Season - 18,2618,Botafogo SP,https://media.api-sports.io/football/teams/2618.png,True,136,Vitoria,https://media.api-sports.io/football/teams/136.png,False,2.0,1.0,1.0,0.0,2.0,1.0,,,,,,,
328540,Zandick Gondim Alves Junior,UTC,2020-10-27T00:00:00+00:00,1603756800,1603756800.0,1603760400.0,259.0,Estádio Durival de Britto e Silva,"Curitiba, Paraná",Match Finished,FT,90.0,72,Serie B,Brazil,https://media.api-sports.io/football/leagues/72.png,https://media.api-sports.io/flags/br.svg,2020,Regular Season - 18,122,Parana,https://media.api-sports.io/football/teams/122.png,True,143,Oeste,https://media.api-sports.io/football/teams/143.png,False,4.0,0.0,1.0,0.0,4.0,0.0,,,,,,,
328384,Vinicius Gomes,UTC,2020-10-27T22:00:00+00:00,1603836000,1603836000.0,1603839600.0,227.0,Arena Condá,"Chapecó, Santa Catarina",Match Finished,FT,90.0,72,Serie B,Brazil,https://media.api-sports.io/football/leagues/72.png,https://media.api-sports.io/flags/br.svg,2020,Regular Season - 2,132,Chapecoense-sc,https://media.api-sports.io/football/teams/132.png,,150,CSA,https://media.api-sports.io/football/teams/150.png,,0.0,0.0,0.0,0.0,0.0,0.0,,,,,,,
328552,Grazianni Maciel Rocha,UTC,2020-10-30T22:15:00+00:00,1604096100,1604096100.0,1604099700.0,281.0,Estádio Manoel Barradas,"Salvador, Bahia",Match Finished,FT,90.0,72,Serie B,Brazil,https://media.api-sports.io/football/leagues/72.png,https://media.api-sports.io/flags/br.svg,2020,Regular Season - 19,136,Vitoria,https://media.api-sports.io/football/teams/136.png,,141,Brasil DE Pelotas,https://media.api-sports.io/football/teams/141.png,,0.0,0.0,0.0,0.0,0.0,0.0,,,,,,,
328545,Thiago Luis Scarascati,UTC,2020-10-31T00:30:00+00:00,1604104200,1604104200.0,1604107800.0,234.0,Estádio Governador Magalhães Pinto,"Belo Horizonte, Minas Gerais",Match Finished,FT,90.0,72,Serie B,Brazil,https://media.api-sports.io/football/leagues/72.png,https://media.api-sports.io/flags/br.svg,2020,Regular Season - 19,135,Cruzeiro,https://media.api-sports.io/football/teams/135.png,True,122,Parana,https://media.api-sports.io/football/teams/122.png,False,2.0,0.0,2.0,0.0,2.0,0.0,,,,,,,
328549,Diego da Costa Cidral,UTC,2020-10-31T19:30:00+00:00,1604172600,1604172600.0,1604176200.0,255.0,Arena Barueri,"Barueri, São Paulo",Match Finished,FT,90.0,72,Serie B,Brazil,https://media.api-sports.io/football/leagues/72.png,https://media.api-sports.io/flags/br.svg,2020,Regular Season - 19,143,Oeste,https://media.api-sports.io/football/teams/143.png,False,155,Sampaio Correa,https://media.api-sports.io/football/teams/155.png,True,0.0,3.0,0.0,2.0,0.0,3.0,,,,,,,
328553,Leo Simão,UTC,2020-10-31T19:30:00+00:00,1604172600,1604172600.0,1604176200.0,273.0,Estádio Estadual Lourival Baptista,"Aracaju, Sergipe",Match Finished,FT,90.0,72,Serie B,Brazil,https://media.api-sports.io/football/leagues/72.png,https://media.api-sports.io/flags/br.svg,2020,Regular Season - 19,7772,Confiança,https://media.api-sports.io/football/teams/7772.png,False,132,Chapecoense-sc,https://media.api-sports.io/football/teams/132.png,True,0.0,2.0,0.0,1.0,0.0,2.0,,,,,,,
328546,Edina Alves Batista,UTC,2020-10-31T22:00:00+00:00,1604181600,1604181600.0,1604185200.0,214.0,Estádio Aderbal Ramos da Silva,"Florianópolis, Santa Catarina",Match Finished,FT,90.0,72,Serie B,Brazil,https://media.api-sports.io/football/leagues/72.png,https://media.api-sports.io/flags/br.svg,2020,Regular Season - 19,145,Avai,https://media.api-sports.io/football/teams/145.png,True,125,America Mineiro,https://media.api-sports.io/football/teams/125.png,False,1.0,0.0,0.0,0.0,1.0,0.0,,,,,,,
328550,Denis Ribeiro Serafim,UTC,2020-10-31T22:00:00+00:00,1604181600,1604181600.0,1604185200.0,256.0,Estádio Germano Krüger,"Ponta Grossa, Paraná",Match Finished,FT,90.0,72,Serie B,Brazil,https://media.api-sports.io/football/leagues/72.png,https://media.api-sports.io/flags/br.svg,2020,Regular Season - 19,1223,Operario-PR,https://media.api-sports.io/football/teams/1223.png,,2618,Botafogo SP,https://media.api-sports.io/football/teams/2618.png,,0.0,0.0,0.0,0.0,0.0,0.0,,,,,,,
328547,José Mendonça,UTC,2020-11-01T00:00:00+00:00,1604188800,1604188800.0,1604192400.0,232.0,Estádio Rei Pelé,"Maceió, Alagoas",Match Finished,FT,90.0,72,Serie B,Brazil,https://media.api-sports.io/football/leagues/72.png,https://media.api-sports.io/flags/br.svg,2020,Regular Season - 19,150,CSA,https://media.api-sports.io/football/teams/150.png,True,755,Nautico Recife,https://media.api-sports.io/football/teams/755.png,False,3.0,1.0,2.0,1.0,3.0,1.0,,,,,,,
328554,Andrey Da Silva e Silva,UTC,2020-11-01T01:00:00+00:00,1604192400,1604192400.0,1604196000.0,235.0,Arena Pantanal,"Cuiabá, Mato Grosso",Match Finished,FT,90.0,72,Serie B,Brazil,https://media.api-sports.io/football/leagues/72.png,https://media.api-sports.io/flags/br.svg,2020,Regular Season - 19,1193,Cuiaba,https://media.api-sports.io/football/teams/1193.png,True,146,CRB,https://media.api-sports.io/football/teams/146.png,False,3.0,0.0,0.0,0.0,3.0,0.0,,,,,,,
328551,Alisson Furtado,UTC,2020-11-01T21:15:00+00:00,1604265300,1604265300.0,1604268900.0,248.0,Estádio Alfredo Jaconi,"Caxias do Sul, Rio Grande do Sul",Match Finished,FT,90.0,72,Serie B,Brazil,https://media.api-sports.io/football/leagues/72.png,https://media.api-sports.io/flags/br.svg,2020,Regular Season - 19,152,Juventude,https://media.api-sports.io/football/teams/152.png,True,138,Guarani Campinas,https://media.api-sports.io/football/teams/138.png,False,1.0,0.0,1.0,0.0,1.0,0.0,,,,,,,
328548,Antonio Dib Moraes de Sousa,UTC,2020-11-02T20:30:00+00:00,1604349000,1604349000.0,1604352600.0,261.0,Estádio Moisés Lucarelli,"Campinas, São Paulo",Match Finished,FT,90.0,72,Serie B,Brazil,https://media.api-sports.io/football/leagues/72.png,https://media.api-sports.io/flags/br.svg,2020,Regular Season - 19,139,Ponte Preta,https://media.api-sports.io/football/teams/139.png,True,137,Figueirense,https://media.api-sports.io/football/teams/137.png,False,2.0,1.0,0.0,1.0,2.0,1.0,,,,,,,
328411,Marcelo Aparecido Ribeiro De Souza,UTC,2020-11-03T22:15:00+00:00,1604441700,1604441700.0,1604445300.0,2797.0,Estádio Bento da Silva Freitas,"Pelotas, Rio Grande do Sul",Match Finished,FT,90.0,72,Serie B,Brazil,https://media.api-sports.io/football/leagues/72.png,https://media.api-sports.io/flags/br.svg,2020,Regular Season - 5,141,Brasil DE Pelotas,https://media.api-sports.io/football/teams/141.png,,155,Sampaio Correa,https://media.api-sports.io/football/teams/155.png,,0.0,0.0,0.0,0.0,0.0,0.0,,,,,,,
328558,André Rodrigo Rocha,UTC,2020-11-06T22:15:00+00:00,1604700900,1604700900.0,1604704500.0,242.0,Estádio Brinco de Ouro da Princesa,"Campinas, São Paulo",Match Finished,FT,90.0,72,Serie B,Brazil,https://media.api-sports.io/football/leagues/72.png,https://media.api-sports.io/flags/br.svg,2020,Regular Season - 20,138,Guarani Campinas,https://media.api-sports.io/football/teams/138.png,True,150,CSA,https://media.api-sports.io/football/teams/150.png,False,2.0,1.0,1.0,1.0,2.0,1.0,,,,,,,
328562,Leonardo Ferreira Lima,UTC,2020-11-06T22:15:00+00:00,1604700900,1604700900.0,1604704500.0,,Aflitos,Recife,Match Finished,FT,90.0,72,Serie B,Brazil,https://media.api-sports.io/football/leagues/72.png,https://media.api-sports.io/flags/br.svg,2020,Regular Season - 20,755,Nautico Recife,https://media.api-sports.io/football/teams/755.png,,145,Avai,https://media.api-sports.io/football/teams/145.png,,2.0,2.0,0.0,1.0,2.0,2.0,,,,,,,
328559,Pablo Ramón Goncalves Pinheiro,UTC,2020-11-06T22:15:00+00:00,1604700900,1604700900.0,1604704500.0,219.0,Estádio Santa Cruz,"Ribeirão Preto, São Paulo",Match Finished,FT,90.0,72,Serie B,Brazil,https://media.api-sports.io/football/leagues/72.png,https://media.api-sports.io/flags/br.svg,2020,Regular Season - 20,2618,Botafogo SP,https://media.api-sports.io/football/teams/2618.png,False,135,Cruzeiro,https://media.api-sports.io/football/teams/135.png,True,0.0,1.0,0.0,0.0,0.0,1.0,,,,,,,
328560,Jonathan Antero,UTC,2020-11-07T00:30:00+00:00,1604709000,1604709000.0,1604712600.0,259.0,Estádio Durival de Britto e Silva,"Curitiba, Paraná",Match Finished,FT,90.0,72,Serie B,Brazil,https://media.api-sports.io/football/leagues/72.png,https://media.api-sports.io/flags/br.svg,2020,Regular Season - 20,122,Parana,https://media.api-sports.io/football/teams/122.png,,7772,Confiança,https://media.api-sports.io/football/teams/7772.png,,1.0,1.0,0.0,0.0,1.0,1.0,,,,,,,
328561,Douglas Marques das Flores,UTC,2020-11-07T19:00:00+00:00,1604775600,1604775600.0,1604779200.0,2797.0,Estádio Bento da Silva Freitas,"Pelotas, Rio Grande do Sul",Match Finished,FT,90.0,72,Serie B,Brazil,https://media.api-sports.io/football/leagues/72.png,https://media.api-sports.io/flags/br.svg,2020,Regular Season - 20,141,Brasil DE Pelotas,https://media.api-sports.io/football/teams/141.png,True,1193,Cuiaba,https://media.api-sports.io/football/teams/1193.png,False,3.0,0.0,2.0,0.0,3.0,0.0,,,,,,,
328556,Alexandre Vargas Tavares de Jesus,UTC,2020-11-07T19:30:00+00:00,1604777400,1604777400.0,1604781000.0,7126.0,Estádio Orlando Scarpelli,"Florianópolis, Santa Catarina",Match Finished,FT,90.0,72,Serie B,Brazil,https://media.api-sports.io/football/leagues/72.png,https://media.api-sports.io/flags/br.svg,2020,Regular Season - 20,137,Figueirense,https://media.api-sports.io/football/teams/137.png,False,1223,Operario-PR,https://media.api-sports.io/football/teams/1223.png,True,0.0,1.0,0.0,0.0,0.0,1.0,,,,,,,
328555,Eduardo Tomaz De Aquino Valadão,UTC,2020-11-07T21:30:00+00:00,1604784600,1604784600.0,1604788200.0,206.0,Estádio Raimundo Sampaio,"Belo Horizonte, Minas Gerais",Match Finished,FT,90.0,72,Serie B,Brazil,https://media.api-sports.io/football/leagues/72.png,https://media.api-sports.io/flags/br.svg,2020,Regular Season - 20,125,America Mineiro,https://media.api-sports.io/football/teams/125.png,,139,Ponte Preta,https://media.api-sports.io/football/teams/139.png,,1.0,1.0,1.0,0.0,1.0,1.0,,,,,,,
328564,Paulo Henrique Schleinch Vollkopf,UTC,2020-11-08T00:00:00+00:00,1604793600,1604793600.0,1604797200.0,227.0,Arena Condá,"Chapecó, Santa Catarina",Match Finished,FT,90.0,72,Serie B,Brazil,https://media.api-sports.io/football/leagues/72.png,https://media.api-sports.io/flags/br.svg,2020,Regular Season - 20,132,Chapecoense-sc,https://media.api-sports.io/football/teams/132.png,,143,Oeste,https://media.api-sports.io/football/teams/143.png,,0.0,0.0,0.0,0.0,0.0,0.0,,,,,,,
328563,Leandro Bizzio Marinho,UTC,2020-11-08T19:00:00+00:00,1604862000,1604862000.0,1604865600.0,265.0,Estádio Governador João Castelo,"São Luís, Maranhão",Match Finished,FT,90.0,72,Serie B,Brazil,https://media.api-sports.io/football/leagues/72.png,https://media.api-sports.io/flags/br.svg,2020,Regular Season - 20,155,Sampaio Correa,https://media.api-sports.io/football/teams/155.png,True,136,Vitoria,https://media.api-sports.io/football/teams/136.png,False,2.0,1.0,0.0,1.0,2.0,1.0,,,,,,,
328557,Dewson Fernando Freitas da Silva,UTC,2020-11-08T21:15:00+00:00,1604870100,1604870100.0,1604873700.0,232.0,Estádio Rei Pelé,"Maceió, Alagoas",Match Finished,FT,90.0,72,Serie B,Brazil,https://media.api-sports.io/football/leagues/72.png,https://media.api-sports.io/flags/br.svg,2020,Regular Season - 20,146,CRB,https://media.api-sports.io/football/teams/146.png,False,152,Juventude,https://media.api-sports.io/football/teams/152.png,True,0.0,1.0,0.0,0.0,0.0,1.0,,,,,,,
328565,Rodrigo Carvalhaes de Miranda,UTC,2020-11-09T23:00:00+00:00,1604962800,1604962800.0,1604966400.0,234.0,Estádio Governador Magalhães Pinto,"Belo Horizonte, Minas Gerais",Match Finished,FT,90.0,72,Serie B,Brazil,https://media.api-sports.io/football/leagues/72.png,https://media.api-sports.io/flags/br.svg,2020,Regular Season - 21,135,Cruzeiro,https://media.api-sports.io/football/teams/135.png,,138,Guarani Campinas,https://media.api-sports.io/football/teams/138.png,,3.0,3.0,2.0,2.0,3.0,3.0,,,,,,,
328567,Emerson De Almeida Ferreira,UTC,2020-11-10T22:00:00+00:00,1605045600,1605045600.0,1605049200.0,232.0,Estádio Rei Pelé,"Maceió, Alagoas",Match Finished,FT,90.0,72,Serie B,Brazil,https://media.api-sports.io/football/leagues/72.png,https://media.api-sports.io/flags/br.svg,2020,Regular Season - 21,150,CSA,https://media.api-sports.io/football/teams/150.png,False,132,Chapecoense-sc,https://media.api-sports.io/football/teams/132.png,True,0.0,1.0,0.0,0.0,0.0,1.0,,,,,,,
328573,Adriano Barros Carneiro,UTC,2020-11-11T00:30:00+00:00,1605054600,1605054600.0,1605058200.0,273.0,Estádio Estadual Lourival Baptista,"Aracaju, Sergipe",Match Finished,FT,90.0,72,Serie B,Brazil,https://media.api-sports.io/football/leagues/72.png,https://media.api-sports.io/flags/br.svg,2020,Regular Season - 21,7772,Confiança,https://media.api-sports.io/football/teams/7772.png,True,2618,Botafogo SP,https://media.api-sports.io/football/teams/2618.png,False,1.0,0.0,0.0,0.0,1.0,0.0,,,,,,,
328572,Thiago Duarte Peixoto,UTC,2020-11-13T00:30:00+00:00,1605227400,1605227400.0,1605231000.0,281.0,Estádio Manoel Barradas,"Salvador, Bahia",Match Finished,FT,90.0,72,Serie B,Brazil,https://media.api-sports.io/football/leagues/72.png,https://media.api-sports.io/flags/br.svg,2020,Regular Season - 21,136,Vitoria,https://media.api-sports.io/football/teams/136.png,True,137,Figueirense,https://media.api-sports.io/football/teams/137.png,False,3.0,0.0,2.0,0.0,3.0,0.0,,,,,,,
328568,Wagner Reway,UTC,2020-11-13T19:00:00+00:00,1605294000,1605294000.0,1605297600.0,261.0,Estádio Moisés Lucarelli,"Campinas, São Paulo",Match Finished,FT,90.0,72,Serie B,Brazil,https://media.api-sports.io/football/leagues/72.png,https://media.api-sports.io/flags/br.svg,2020,Regular Season - 21,139,Ponte Preta,https://media.api-sports.io/football/teams/139.png,,141,Brasil DE Pelotas,https://media.api-sports.io/football/teams/141.png,,1.0,1.0,1.0,1.0,1.0,1.0,,,,,,,
328570,Grazianni Maciel Rocha,UTC,2020-11-13T19:30:00+00:00,1605295800,1605295800.0,1605299400.0,256.0,Estádio Germano Krüger,"Ponta Grossa, Paraná",Match Finished,FT,90.0,72,Serie B,Brazil,https://media.api-sports.io/football/leagues/72.png,https://media.api-sports.io/flags/br.svg,2020,Regular Season - 21,1223,Operario-PR,https://media.api-sports.io/football/teams/1223.png,True,755,Nautico Recife,https://media.api-sports.io/football/teams/755.png,False,3.0,1.0,1.0,0.0,3.0,1.0,,,,,,,
328566,Andrey Da Silva e Silva,UTC,2020-11-13T21:30:00+00:00,1605303000,1605303000.0,1605306600.0,214.0,Estádio Aderbal Ramos da Silva,"Florianópolis, Santa Catarina",Match Finished,FT,90.0,72,Serie B,Brazil,https://media.api-sports.io/football/leagues/72.png,https://media.api-sports.io/flags/br.svg,2020,Regular Season - 21,145,Avai,https://media.api-sports.io/football/teams/145.png,True,122,Parana,https://media.api-sports.io/football/teams/122.png,False,2.0,1.0,1.0,1.0,2.0,1.0,,,,,,,
328569,Lucas Torezin,UTC,2020-11-13T22:15:00+00:00,1605305700,1605305700.0,1605309300.0,255.0,Arena Barueri,"Barueri, São Paulo",Match Finished,FT,90.0,72,Serie B,Brazil,https://media.api-sports.io/football/leagues/72.png,https://media.api-sports.io/flags/br.svg,2020,Regular Season - 21,143,Oeste,https://media.api-sports.io/football/teams/143.png,False,146,CRB,https://media.api-sports.io/football/teams/146.png,True,1.0,2.0,0.0,1.0,1.0,2.0,,,,,,,
328571,Denis Ribeiro Serafim,UTC,2020-11-14T22:00:00+00:00,1605391200,1605391200.0,1605394800.0,248.0,Estádio Alfredo Jaconi,"Caxias do Sul, Rio Grande do Sul",Match Finished,FT,90.0,72,Serie B,Brazil,https://media.api-sports.io/football/leagues/72.png,https://media.api-sports.io/flags/br.svg,2020,Regular Season - 21,152,Juventude,https://media.api-sports.io/football/teams/152.png,False,155,Sampaio Correa,https://media.api-sports.io/football/teams/155.png,True,2.0,3.0,1.0,2.0,2.0,3.0,,,,,,,
328574,Ivan Guimarães Junior,UTC,2020-11-15T00:30:00+00:00,1605400200,1605400200.0,1605403800.0,235.0,Arena Pantanal,"Cuiabá, Mato Grosso",Match Finished,FT,90.0,72,Serie B,Brazil,https://media.api-sports.io/football/leagues/72.png,https://media.api-sports.io/flags/br.svg,2020,Regular Season - 21,1193,Cuiaba,https://media.api-sports.io/football/teams/1193.png,,125,America Mineiro,https://media.api-sports.io/football/teams/125.png,,0.0,0.0,0.0,0.0,0.0,0.0,,,,,,,
328473,Jonathan Antero,UTC,2020-11-17T21:00:00+00:00,1605646800,1605646800.0,1605650400.0,265.0,Estádio Governador João Castelo,"São Luís, Maranhão",Match Finished,FT,90.0,72,Serie B,Brazil,https://media.api-sports.io/football/leagues/72.png,https://media.api-sports.io/flags/br.svg,2020,Regular Season - 11,155,Sampaio Correa,https://media.api-sports.io/football/teams/155.png,True,755,Nautico Recife,https://media.api-sports.io/football/teams/755.png,False,2.0,1.0,0.0,0.0,2.0,1.0,,,,,,,
328582,Rodrigo Batista Raposo,UTC,2020-11-20T19:30:00+00:00,1605900600,1605900600.0,1605904200.0,281.0,Estádio Manoel Barradas,"Salvador, Bahia",Match Finished,FT,90.0,72,Serie B,Brazil,https://media.api-sports.io/football/leagues/72.png,https://media.api-sports.io/flags/br.svg,2020,Regular Season - 22,136,Vitoria,https://media.api-sports.io/football/teams/136.png,,139,Ponte Preta,https://media.api-sports.io/football/teams/139.png,,0.0,0.0,0.0,0.0,0.0,0.0,,,,,,,
328576,Paulo Cesar Zanovelli,UTC,2020-11-20T19:30:00+00:00,1605900600,1605900600.0,1605904200.0,214.0,Estádio Aderbal Ramos da Silva,"Florianópolis, Santa Catarina",Match Finished,FT,90.0,72,Serie B,Brazil,https://media.api-sports.io/football/leagues/72.png,https://media.api-sports.io/flags/br.svg,2020,Regular Season - 22,145,Avai,https://media.api-sports.io/football/teams/145.png,True,7772,Confiança,https://media.api-sports.io/football/teams/7772.png,False,1.0,0.0,1.0,0.0,1.0,0.0,,,,,,,
328578,Vinicius Gomes,UTC,2020-11-20T22:15:00+00:00,1605910500,1605910500.0,1605914100.0,242.0,Estádio Brinco de Ouro da Princesa,"Campinas, São Paulo",Match Finished,FT,90.0,72,Serie B,Brazil,https://media.api-sports.io/football/leagues/72.png,https://media.api-sports.io/flags/br.svg,2020,Regular Season - 22,138,Guarani Campinas,https://media.api-sports.io/football/teams/138.png,True,2618,Botafogo SP,https://media.api-sports.io/football/teams/2618.png,False,2.0,1.0,1.0,1.0,2.0,1.0,,,,,,,
328581,Francisco Carlos do Nascimento,UTC,2020-11-20T22:15:00+00:00,1605910500,1605910500.0,1605914100.0,248.0,Estádio Alfredo Jaconi,"Caxias do Sul, Rio Grande do Sul",Match Finished,FT,90.0,72,Serie B,Brazil,https://media.api-sports.io/football/leagues/72.png,https://media.api-sports.io/flags/br.svg,2020,Regular Season - 22,152,Juventude,https://media.api-sports.io/football/teams/152.png,True,122,Parana,https://media.api-sports.io/football/teams/122.png,False,5.0,0.0,3.0,0.0,5.0,0.0,,,,,,,
328583,Dewson Fernando Freitas da Silva,UTC,2020-11-20T22:15:00+00:00,1605910500,1605910500.0,1605914100.0,265.0,Estádio Governador João Castelo,"São Luís, Maranhão",Match Finished,FT,90.0,72,Serie B,Brazil,https://media.api-sports.io/football/leagues/72.png,https://media.api-sports.io/flags/br.svg,2020,Regular Season - 22,155,Sampaio Correa,https://media.api-sports.io/football/teams/155.png,False,132,Chapecoense-sc,https://media.api-sports.io/football/teams/132.png,True,1.0,3.0,1.0,1.0,1.0,3.0,,,,,,,
328575,Marielson Alves Silva,UTC,2020-11-21T00:30:00+00:00,1605918600,1605918600.0,1605922200.0,234.0,Estádio Governador Magalhães Pinto,"Belo Horizonte, Minas Gerais",Match Finished,FT,90.0,72,Serie B,Brazil,https://media.api-sports.io/football/leagues/72.png,https://media.api-sports.io/flags/br.svg,2020,Regular Season - 22,135,Cruzeiro,https://media.api-sports.io/football/teams/135.png,,137,Figueirense,https://media.api-sports.io/football/teams/137.png,,1.0,1.0,1.0,1.0,1.0,1.0,,,,,,,
328579,Felipe da Silva Gonçalves,UTC,2020-11-21T19:30:00+00:00,1605987000,1605987000.0,1605990600.0,255.0,Arena Barueri,"Barueri, São Paulo",Match Finished,FT,90.0,72,Serie B,Brazil,https://media.api-sports.io/football/leagues/72.png,https://media.api-sports.io/flags/br.svg,2020,Regular Season - 22,143,Oeste,https://media.api-sports.io/football/teams/143.png,True,141,Brasil DE Pelotas,https://media.api-sports.io/football/teams/141.png,False,2.0,1.0,2.0,0.0,2.0,1.0,,,,,,,
328580,Douglas Marques das Flores,UTC,2020-11-21T19:30:00+00:00,1605987000,1605987000.0,1605990600.0,256.0,Estádio Germano Krüger,"Ponta Grossa, Paraná",Match Finished,FT,90.0,72,Serie B,Brazil,https://media.api-sports.io/football/leagues/72.png,https://media.api-sports.io/flags/br.svg,2020,Regular Season - 22,1223,Operario-PR,https://media.api-sports.io/football/teams/1223.png,False,125,America Mineiro,https://media.api-sports.io/football/teams/125.png,True,0.0,1.0,0.0,1.0,0.0,1.0,,,,,,,
328577,Antonio Dib Moraes de Sousa,UTC,2020-11-21T22:00:00+00:00,1605996000,1605996000.0,1605999600.0,232.0,Estádio Rei Pelé,"Maceió, Alagoas",Match Finished,FT,90.0,72,Serie B,Brazil,https://media.api-sports.io/football/leagues/72.png,https://media.api-sports.io/flags/br.svg,2020,Regular Season - 22,146,CRB,https://media.api-sports.io/football/teams/146.png,True,755,Nautico Recife,https://media.api-sports.io/football/teams/755.png,False,2.0,1.0,1.0,0.0,2.0,1.0,,,,,,,
328584,Antonio Dib Moraes de Sousa,UTC,2020-11-21T22:00:00+00:00,1605996000,1605996000.0,1605999600.0,235.0,Arena Pantanal,"Cuiabá, Mato Grosso",Match Finished,FT,90.0,72,Serie B,Brazil,https://media.api-sports.io/football/leagues/72.png,https://media.api-sports.io/flags/br.svg,2020,Regular Season - 22,1193,Cuiaba,https://media.api-sports.io/football/teams/1193.png,False,150,CSA,https://media.api-sports.io/football/teams/150.png,True,0.0,1.0,0.0,1.0,0.0,1.0,,,,,,,
328586,Marco Aurelio Augusto Fazekas Pereira,UTC,2020-11-23T20:30:00+00:00,1606163400,1606163400.0,1606167000.0,7126.0,Estádio Orlando Scarpelli,"Florianópolis, Santa Catarina",Match Finished,FT,90.0,72,Serie B,Brazil,https://media.api-sports.io/football/leagues/72.png,https://media.api-sports.io/flags/br.svg,2020,Regular Season - 23,137,Figueirense,https://media.api-sports.io/football/teams/137.png,False,155,Sampaio Correa,https://media.api-sports.io/football/teams/155.png,True,1.0,2.0,1.0,0.0,1.0,2.0,,,,,,,
328589,Tiago Nascimento dos Santos,UTC,2020-11-23T23:00:00+00:00,1606172400,1606172400.0,1606176000.0,219.0,Estádio Santa Cruz,"Ribeirão Preto, São Paulo",Match Finished,FT,90.0,72,Serie B,Brazil,https://media.api-sports.io/football/leagues/72.png,https://media.api-sports.io/flags/br.svg,2020,Regular Season - 23,2618,Botafogo SP,https://media.api-sports.io/football/teams/2618.png,False,145,Avai,https://media.api-sports.io/football/teams/145.png,True,0.0,1.0,0.0,1.0,0.0,1.0,,,,,,,
328590,Alexandre Vargas Tavares de Jesus,UTC,2020-11-24T19:30:00+00:00,1606246200,1606246200.0,1606249800.0,259.0,Estádio Durival de Britto e Silva,"Curitiba, Paraná",Match Finished,FT,90.0,72,Serie B,Brazil,https://media.api-sports.io/football/leagues/72.png,https://media.api-sports.io/flags/br.svg,2020,Regular Season - 23,122,Parana,https://media.api-sports.io/football/teams/122.png,False,138,Guarani Campinas,https://media.api-sports.io/football/teams/138.png,True,1.0,2.0,0.0,1.0,1.0,2.0,,,,,,,
328588,Vinicius Furlan,UTC,2020-11-24T22:15:00+00:00,1606256100,1606256100.0,1606259700.0,261.0,Estádio Moisés Lucarelli,"Campinas, São Paulo",Match Finished,FT,90.0,72,Serie B,Brazil,https://media.api-sports.io/football/leagues/72.png,https://media.api-sports.io/flags/br.svg,2020,Regular Season - 23,139,Ponte Preta,https://media.api-sports.io/football/teams/139.png,True,143,Oeste,https://media.api-sports.io/football/teams/143.png,False,1.0,0.0,0.0,0.0,1.0,0.0,,,,,,,
328587,Fabio Augusto de Sá Junior,UTC,2020-11-24T22:15:00+00:00,1606256100,1606256100.0,1606259700.0,232.0,Estádio Rei Pelé,"Maceió, Alagoas",Match Finished,FT,90.0,72,Serie B,Brazil,https://media.api-sports.io/football/leagues/72.png,https://media.api-sports.io/flags/br.svg,2020,Regular Season - 23,150,CSA,https://media.api-sports.io/football/teams/150.png,True,1223,Operario-PR,https://media.api-sports.io/football/teams/1223.png,False,1.0,0.0,0.0,0.0,1.0,0.0,,,,,,,
328593,Alisson Furtado,UTC,2020-11-24T22:15:00+00:00,1606256100,1606256100.0,1606259700.0,273.0,Estádio Estadual Lourival Baptista,"Aracaju, Sergipe",Match Finished,FT,90.0,72,Serie B,Brazil,https://media.api-sports.io/football/leagues/72.png,https://media.api-sports.io/flags/br.svg,2020,Regular Season - 23,7772,Confiança,https://media.api-sports.io/football/teams/7772.png,True,1193,Cuiaba,https://media.api-sports.io/football/teams/1193.png,False,2.0,0.0,0.0,0.0,2.0,0.0,,,,,,,
328585,Diego Pombo Lopez,UTC,2020-11-25T00:30:00+00:00,1606264200,1606264200.0,1606267800.0,206.0,Estádio Raimundo Sampaio,"Belo Horizonte, Minas Gerais",Match Finished,FT,90.0,72,Serie B,Brazil,https://media.api-sports.io/football/leagues/72.png,https://media.api-sports.io/flags/br.svg,2020,Regular Season - 23,125,America Mineiro,https://media.api-sports.io/football/teams/125.png,True,152,Juventude,https://media.api-sports.io/football/teams/152.png,False,2.0,1.0,2.0,1.0,2.0,1.0,,,,,,,
328594,Zandick Gondim Alves Junior,UTC,2020-11-25T00:30:00+00:00,1606264200,1606264200.0,1606267800.0,227.0,Arena Condá,"Chapecó, Santa Catarina",Match Finished,FT,90.0,72,Serie B,Brazil,https://media.api-sports.io/football/leagues/72.png,https://media.api-sports.io/flags/br.svg,2020,Regular Season - 23,132,Chapecoense-sc,https://media.api-sports.io/football/teams/132.png,False,135,Cruzeiro,https://media.api-sports.io/football/teams/135.png,True,0.0,1.0,0.0,0.0,0.0,1.0,,,,,,,
328591,Leo Simão,UTC,2020-11-25T00:30:00+00:00,1606264200,1606264200.0,1606267800.0,2797.0,Estádio Bento da Silva Freitas,"Pelotas, Rio Grande do Sul",Match Finished,FT,90.0,72,Serie B,Brazil,https://media.api-sports.io/football/leagues/72.png,https://media.api-sports.io/flags/br.svg,2020,Regular Season - 23,141,Brasil DE Pelotas,https://media.api-sports.io/football/teams/141.png,True,146,CRB,https://media.api-sports.io/football/teams/146.png,False,2.0,1.0,0.0,0.0,2.0,1.0,,,,,,,
328592,Emerson De Almeida Ferreira,UTC,2020-11-25T22:00:00+00:00,1606341600,1606341600.0,1606345200.0,,Aflitos,Recife,Match Finished,FT,90.0,72,Serie B,Brazil,https://media.api-sports.io/football/leagues/72.png,https://media.api-sports.io/flags/br.svg,2020,Regular Season - 23,755,Nautico Recife,https://media.api-sports.io/football/teams/755.png,,136,Vitoria,https://media.api-sports.io/football/teams/136.png,,0.0,0.0,0.0,0.0,0.0,0.0,,,,,,,
328596,Ivan Guimarães Junior,UTC,2020-11-27T00:30:00+00:00,1606437000,1606437000.0,1606440600.0,7126.0,Estádio Orlando Scarpelli,"Florianópolis, Santa Catarina",Match Finished,FT,90.0,72,Serie B,Brazil,https://media.api-sports.io/football/leagues/72.png,https://media.api-sports.io/flags/br.svg,2020,Regular Season - 24,137,Figueirense,https://media.api-sports.io/football/teams/137.png,,2618,Botafogo SP,https://media.api-sports.io/football/teams/2618.png,,0.0,0.0,0.0,0.0,0.0,0.0,,,,,,,
328599,Denis Ribeiro Serafim,UTC,2020-11-27T22:15:00+00:00,1606515300,1606515300.0,1606518900.0,255.0,Arena Barueri,"Barueri, São Paulo",Match Finished,FT,90.0,72,Serie B,Brazil,https://media.api-sports.io/football/leagues/72.png,https://media.api-sports.io/flags/br.svg,2020,Regular Season - 24,143,Oeste,https://media.api-sports.io/football/teams/143.png,,125,America Mineiro,https://media.api-sports.io/football/teams/125.png,,1.0,1.0,1.0,1.0,1.0,1.0,,,,,,,
328603,Ronei Candido Alves,UTC,2020-11-27T22:15:00+00:00,1606515300,1606515300.0,1606518900.0,265.0,Estádio Governador João Castelo,"São Luís, Maranhão",Match Finished,FT,90.0,72,Serie B,Brazil,https://media.api-sports.io/football/leagues/72.png,https://media.api-sports.io/flags/br.svg,2020,Regular Season - 24,155,Sampaio Correa,https://media.api-sports.io/football/teams/155.png,False,141,Brasil DE Pelotas,https://media.api-sports.io/football/teams/141.png,True,0.0,1.0,0.0,0.0,0.0,1.0,,,,,,,
328600,Rodrigo Carvalhaes de Miranda,UTC,2020-11-27T22:15:00+00:00,1606515300,1606515300.0,1606518900.0,256.0,Estádio Germano Krüger,"Ponta Grossa, Paraná",Match Finished,FT,90.0,72,Serie B,Brazil,https://media.api-sports.io/football/leagues/72.png,https://media.api-sports.io/flags/br.svg,2020,Regular Season - 24,1223,Operario-PR,https://media.api-sports.io/football/teams/1223.png,True,122,Parana,https://media.api-sports.io/football/teams/122.png,False,1.0,0.0,0.0,0.0,1.0,0.0,,,,,,,
328595,Andrey Da Silva e Silva,UTC,2020-11-28T00:30:00+00:00,1606523400,1606523400.0,1606527000.0,234.0,Estádio Governador Magalhães Pinto,"Belo Horizonte, Minas Gerais",Match Finished,FT,90.0,72,Serie B,Brazil,https://media.api-sports.io/football/leagues/72.png,https://media.api-sports.io/flags/br.svg,2020,Regular Season - 24,135,Cruzeiro,https://media.api-sports.io/football/teams/135.png,False,7772,Confiança,https://media.api-sports.io/football/teams/7772.png,True,1.0,2.0,0.0,2.0,1.0,2.0,,,,,,,
328604,Lucas Torezin,UTC,2020-11-28T01:30:00+00:00,1606527000,1606527000.0,1606530600.0,235.0,Arena Pantanal,"Cuiabá, Mato Grosso",Match Finished,FT,90.0,72,Serie B,Brazil,https://media.api-sports.io/football/leagues/72.png,https://media.api-sports.io/flags/br.svg,2020,Regular Season - 24,1193,Cuiaba,https://media.api-sports.io/football/teams/1193.png,True,145,Avai,https://media.api-sports.io/football/teams/145.png,False,2.0,1.0,1.0,0.0,2.0,1.0,,,,,,,
328597,Adriano Barros Carneiro,UTC,2020-11-28T19:00:00+00:00,1606590000,1606590000.0,1606593600.0,232.0,Estádio Rei Pelé,"Maceió, Alagoas",Match Finished,FT,90.0,72,Serie B,Brazil,https://media.api-sports.io/football/leagues/72.png,https://media.api-sports.io/flags/br.svg,2020,Regular Season - 24,150,CSA,https://media.api-sports.io/football/teams/150.png,True,139,Ponte Preta,https://media.api-sports.io/football/teams/139.png,False,2.0,1.0,0.0,1.0,2.0,1.0,,,,,,,
328602,Jefferson Ferreira de Moraes,UTC,2020-11-28T21:30:00+00:00,1606599000,1606599000.0,1606602600.0,281.0,Estádio Manoel Barradas,"Salvador, Bahia",Match Finished,FT,90.0,72,Serie B,Brazil,https://media.api-sports.io/football/leagues/72.png,https://media.api-sports.io/flags/br.svg,2020,Regular Season - 24,136,Vitoria,https://media.api-sports.io/football/teams/136.png,True,146,CRB,https://media.api-sports.io/football/teams/146.png,False,2.0,1.0,2.0,1.0,2.0,1.0,,,,,,,
328598,Pablo Ramón Goncalves Pinheiro,UTC,2020-11-29T00:00:00+00:00,1606608000,1606608000.0,1606611600.0,242.0,Estádio Brinco de Ouro da Princesa,"Campinas, São Paulo",Match Finished,FT,90.0,72,Serie B,Brazil,https://media.api-sports.io/football/leagues/72.png,https://media.api-sports.io/flags/br.svg,2020,Regular Season - 24,138,Guarani Campinas,https://media.api-sports.io/football/teams/138.png,True,132,Chapecoense-sc,https://media.api-sports.io/football/teams/132.png,False,2.0,0.0,2.0,0.0,2.0,0.0,,,,,,,
328601,André Rodrigo Rocha,UTC,2020-11-29T00:00:00+00:00,1606608000,1606608000.0,1606611600.0,248.0,Estádio Alfredo Jaconi,"Caxias do Sul, Rio Grande do Sul",Match Finished,FT,90.0,72,Serie B,Brazil,https://media.api-sports.io/football/leagues/72.png,https://media.api-sports.io/flags/br.svg,2020,Regular Season - 24,152,Juventude,https://media.api-sports.io/football/teams/152.png,True,755,Nautico Recife,https://media.api-sports.io/football/teams/755.png,False,1.0,0.0,0.0,0.0,1.0,0.0,,,,,,,
328611,Emerson De Almeida Ferreira,UTC,2020-11-30T20:00:00+00:00,1606766400,1606766400.0,1606770000.0,2797.0,Estádio Bento da Silva Freitas,"Pelotas, Rio Grande do Sul",Match Finished,FT,90.0,72,Serie B,Brazil,https://media.api-sports.io/football/leagues/72.png,https://media.api-sports.io/flags/br.svg,2020,Regular Season - 25,141,Brasil DE Pelotas,https://media.api-sports.io/football/teams/141.png,,1223,Operario-PR,https://media.api-sports.io/football/teams/1223.png,,0.0,0.0,0.0,0.0,0.0,0.0,,,,,,,
328606,Leonardo Sigari,UTC,2020-11-30T23:00:00+00:00,1606777200,1606777200.0,1606780800.0,214.0,Estádio Aderbal Ramos da Silva,"Florianópolis, Santa Catarina",Match Finished,FT,90.0,72,Serie B,Brazil,https://media.api-sports.io/football/leagues/72.png,https://media.api-sports.io/flags/br.svg,2020,Regular Season - 25,145,Avai,https://media.api-sports.io/football/teams/145.png,False,143,Oeste,https://media.api-sports.io/football/teams/143.png,True,0.0,3.0,0.0,0.0,0.0,3.0,,,,,,,
328614,Douglas Schwengber,UTC,2020-12-01T22:00:00+00:00,1606860000,1606860000.0,1606863600.0,227.0,Arena Condá,"Chapecó, Santa Catarina",Match Finished,FT,90.0,72,Serie B,Brazil,https://media.api-sports.io/football/leagues/72.png,https://media.api-sports.io/flags/br.svg,2020,Regular Season - 25,132,Chapecoense-sc,https://media.api-sports.io/football/teams/132.png,True,1193,Cuiaba,https://media.api-sports.io/football/teams/1193.png,False,1.0,0.0,0.0,0.0,1.0,0.0,,,,,,,
328607,Daniel Nobre Bins,UTC,2020-12-01T22:15:00+00:00,1606860900,1606860900.0,1606864500.0,232.0,Estádio Rei Pelé,"Maceió, Alagoas",Match Finished,FT,90.0,72,Serie B,Brazil,https://media.api-sports.io/football/leagues/72.png,https://media.api-sports.io/flags/br.svg,2020,Regular Season - 25,146,CRB,https://media.api-sports.io/football/teams/146.png,,150,CSA,https://media.api-sports.io/football/teams/150.png,,0.0,0.0,0.0,0.0,0.0,0.0,,,,,,,
328612,Francisco Carlos do Nascimento,UTC,2020-12-01T22:15:00+00:00,1606860900,1606860900.0,1606864500.0,12670.0,Estádio Eládio de Barros Carvalho,"Recife, Pernambuco",Match Finished,FT,90.0,72,Serie B,Brazil,https://media.api-sports.io/football/leagues/72.png,https://media.api-sports.io/flags/br.svg,2020,Regular Season - 25,755,Nautico Recife,https://media.api-sports.io/football/teams/755.png,True,138,Guarani Campinas,https://media.api-sports.io/football/teams/138.png,False,2.0,0.0,1.0,0.0,2.0,0.0,,,,,,,
328613,Rodrigo Batista Raposo,UTC,2020-12-01T22:15:00+00:00,1606860900,1606860900.0,1606864500.0,273.0,Estádio Estadual Lourival Baptista,"Aracaju, Sergipe",Match Finished,FT,90.0,72,Serie B,Brazil,https://media.api-sports.io/football/leagues/72.png,https://media.api-sports.io/flags/br.svg,2020,Regular Season - 25,7772,Confiança,https://media.api-sports.io/football/teams/7772.png,,137,Figueirense,https://media.api-sports.io/football/teams/137.png,,1.0,1.0,1.0,0.0,1.0,1.0,,,,,,,
328610,Tiago Nascimento dos Santos,UTC,2020-12-02T00:30:00+00:00,1606869000,1606869000.0,1606872600.0,259.0,Estádio Durival de Britto e Silva,"Curitiba, Paraná",Match Finished,FT,90.0,72,Serie B,Brazil,https://media.api-sports.io/football/leagues/72.png,https://media.api-sports.io/flags/br.svg,2020,Regular Season - 25,122,Parana,https://media.api-sports.io/football/teams/122.png,False,136,Vitoria,https://media.api-sports.io/football/teams/136.png,True,1.0,4.0,0.0,1.0,1.0,4.0,,,,,,,
328608,Paulo Cesar Zanovelli,UTC,2020-12-02T00:30:00+00:00,1606869000,1606869000.0,1606872600.0,261.0,Estádio Moisés Lucarelli,"Campinas, São Paulo",Match Finished,FT,90.0,72,Serie B,Brazil,https://media.api-sports.io/football/leagues/72.png,https://media.api-sports.io/flags/br.svg,2020,Regular Season - 25,139,Ponte Preta,https://media.api-sports.io/football/teams/139.png,,155,Sampaio Correa,https://media.api-sports.io/football/teams/155.png,,1.0,1.0,0.0,1.0,1.0,1.0,,,,,,,
328609,Grazianni Maciel Rocha,UTC,2020-12-02T22:00:00+00:00,1606946400,1606946400.0,1606950000.0,219.0,Estádio Santa Cruz,"Ribeirão Preto, São Paulo",Match Finished,FT,90.0,72,Serie B,Brazil,https://media.api-sports.io/football/leagues/72.png,https://media.api-sports.io/flags/br.svg,2020,Regular Season - 25,2618,Botafogo SP,https://media.api-sports.io/football/teams/2618.png,,152,Juventude,https://media.api-sports.io/football/teams/152.png,,1.0,1.0,0.0,0.0,1.0,1.0,,,,,,,
328605,Dewson Fernando Freitas da Silva,UTC,2020-12-03T00:30:00+00:00,1606955400,1606955400.0,1606959000.0,206.0,Estádio Raimundo Sampaio,"Belo Horizonte, Minas Gerais",Match Finished,FT,90.0,72,Serie B,Brazil,https://media.api-sports.io/football/leagues/72.png,https://media.api-sports.io/flags/br.svg,2020,Regular Season - 25,125,America Mineiro,https://media.api-sports.io/football/teams/125.png,False,135,Cruzeiro,https://media.api-sports.io/football/teams/135.png,True,1.0,2.0,0.0,1.0,1.0,2.0,,,,,,,
328620,Thiago Duarte Peixoto,UTC,2020-12-04T00:30:00+00:00,1607041800,1607041800.0,1607045400.0,256.0,Estádio Germano Krüger,"Ponta Grossa, Paraná",Match Finished,FT,90.0,72,Serie B,Brazil,https://media.api-sports.io/football/leagues/72.png,https://media.api-sports.io/flags/br.svg,2020,Regular Season - 26,1223,Operario-PR,https://media.api-sports.io/football/teams/1223.png,,145,Avai,https://media.api-sports.io/football/teams/145.png,,1.0,1.0,0.0,0.0,1.0,1.0,,,,,,,
328619,Diego Pombo Lopez,UTC,2020-12-04T19:00:00+00:00,1607108400,1607108400.0,1607112000.0,255.0,Arena Barueri,"Barueri, São Paulo",Match Finished,FT,90.0,72,Serie B,Brazil,https://media.api-sports.io/football/leagues/72.png,https://media.api-sports.io/flags/br.svg,2020,Regular Season - 26,143,Oeste,https://media.api-sports.io/football/teams/143.png,False,138,Guarani Campinas,https://media.api-sports.io/football/teams/138.png,True,0.0,1.0,0.0,0.0,0.0,1.0,,,,,,,
328622,Wanderson Alves de Souza,UTC,2020-12-04T22:15:00+00:00,1607120100,1607120100.0,1607123700.0,281.0,Estádio Manoel Barradas,"Salvador, Bahia",Match Finished,FT,90.0,72,Serie B,Brazil,https://media.api-sports.io/football/leagues/72.png,https://media.api-sports.io/flags/br.svg,2020,Regular Season - 26,136,Vitoria,https://media.api-sports.io/football/teams/136.png,False,7772,Confiança,https://media.api-sports.io/football/teams/7772.png,True,2.0,3.0,1.0,1.0,2.0,3.0,,,,,,,
328618,Gilberto Rodrigues Castro Junior,UTC,2020-12-05T00:30:00+00:00,1607128200,1607128200.0,1607131800.0,261.0,Estádio Moisés Lucarelli,"Campinas, São Paulo",Match Finished,FT,90.0,72,Serie B,Brazil,https://media.api-sports.io/football/leagues/72.png,https://media.api-sports.io/flags/br.svg,2020,Regular Season - 26,139,Ponte Preta,https://media.api-sports.io/football/teams/139.png,True,122,Parana,https://media.api-sports.io/football/teams/122.png,False,2.0,1.0,1.0,1.0,2.0,1.0,,,,,,,
328621,Marielson Alves Silva,UTC,2020-12-05T19:00:00+00:00,1607194800,1607194800.0,1607198400.0,248.0,Estádio Alfredo Jaconi,"Caxias do Sul, Rio Grande do Sul",Match Finished,FT,90.0,72,Serie B,Brazil,https://media.api-sports.io/football/leagues/72.png,https://media.api-sports.io/flags/br.svg,2020,Regular Season - 26,152,Juventude,https://media.api-sports.io/football/teams/152.png,,132,Chapecoense-sc,https://media.api-sports.io/football/teams/132.png,,1.0,1.0,0.0,0.0,1.0,1.0,,,,,,,
328617,Alexandre Vargas Tavares de Jesus,UTC,2020-12-05T21:30:00+00:00,1607203800,1607203800.0,1607207400.0,232.0,Estádio Rei Pelé,"Maceió, Alagoas",Match Finished,FT,90.0,72,Serie B,Brazil,https://media.api-sports.io/football/leagues/72.png,https://media.api-sports.io/flags/br.svg,2020,Regular Season - 26,150,CSA,https://media.api-sports.io/football/teams/150.png,False,125,America Mineiro,https://media.api-sports.io/football/teams/125.png,True,0.0,1.0,0.0,1.0,0.0,1.0,,,,,,,
328623,Salim Fende Chavez,UTC,2020-12-05T22:00:00+00:00,1607205600,1607205600.0,1607209200.0,265.0,Estádio Governador João Castelo,"São Luís, Maranhão",Match Finished,FT,90.0,72,Serie B,Brazil,https://media.api-sports.io/football/leagues/72.png,https://media.api-sports.io/flags/br.svg,2020,Regular Season - 26,155,Sampaio Correa,https://media.api-sports.io/football/teams/155.png,True,146,CRB,https://media.api-sports.io/football/teams/146.png,False,3.0,0.0,2.0,0.0,3.0,0.0,,,,,,,
328615,José Mendonça,UTC,2020-12-06T00:00:00+00:00,1607212800,1607212800.0,1607216400.0,234.0,Estádio Governador Magalhães Pinto,"Belo Horizonte, Minas Gerais",Match Finished,FT,90.0,72,Serie B,Brazil,https://media.api-sports.io/football/leagues/72.png,https://media.api-sports.io/flags/br.svg,2020,Regular Season - 26,135,Cruzeiro,https://media.api-sports.io/football/teams/135.png,True,141,Brasil DE Pelotas,https://media.api-sports.io/football/teams/141.png,False,4.0,1.0,3.0,1.0,4.0,1.0,,,,,,,
328624,Antonio Dib Moraes de Sousa,UTC,2020-12-06T01:00:00+00:00,1607216400,1607216400.0,1607220000.0,235.0,Arena Pantanal,"Cuiabá, Mato Grosso",Match Finished,FT,90.0,72,Serie B,Brazil,https://media.api-sports.io/football/leagues/72.png,https://media.api-sports.io/flags/br.svg,2020,Regular Season - 26,1193,Cuiaba,https://media.api-sports.io/football/teams/1193.png,True,2618,Botafogo SP,https://media.api-sports.io/football/teams/2618.png,False,2.0,0.0,0.0,0.0,2.0,0.0,,,,,,,
328616,Vinicius Gomes,UTC,2020-12-06T21:15:00+00:00,1607289300,1607289300.0,1607292900.0,7126.0,Estádio Orlando Scarpelli,"Florianópolis, Santa Catarina",Match Finished,FT,90.0,72,Serie B,Brazil,https://media.api-sports.io/football/leagues/72.png,https://media.api-sports.io/flags/br.svg,2020,Regular Season - 26,137,Figueirense,https://media.api-sports.io/football/teams/137.png,True,755,Nautico Recife,https://media.api-sports.io/football/teams/755.png,False,2.0,0.0,0.0,0.0,2.0,0.0,,,,,,,
328631,Jonathan Antero,UTC,2020-12-08T19:00:00+00:00,1607454000,1607454000.0,1607457600.0,248.0,Estádio Alfredo Jaconi,"Caxias do Sul, Rio Grande do Sul",Match Finished,FT,90.0,72,Serie B,Brazil,https://media.api-sports.io/football/leagues/72.png,https://media.api-sports.io/flags/br.svg,2020,Regular Season - 27,152,Juventude,https://media.api-sports.io/football/teams/152.png,,143,Oeste,https://media.api-sports.io/football/teams/143.png,,2.0,2.0,1.0,1.0,2.0,2.0,,,,,,,
328628,Diego da Silva Castro,UTC,2020-12-08T19:30:00+00:00,1607455800,1607455800.0,1607459400.0,242.0,Estádio Brinco de Ouro da Princesa,"Campinas, São Paulo",Match Finished,FT,90.0,72,Serie B,Brazil,https://media.api-sports.io/football/leagues/72.png,https://media.api-sports.io/flags/br.svg,2020,Regular Season - 27,138,Guarani Campinas,https://media.api-sports.io/football/teams/138.png,True,1223,Operario-PR,https://media.api-sports.io/football/teams/1223.png,False,3.0,0.0,3.0,0.0,3.0,0.0,,,,,,,
328625,Thiago Luis Scarascati,UTC,2020-12-08T22:15:00+00:00,1607465700,1607465700.0,1607469300.0,206.0,Estádio Raimundo Sampaio,"Belo Horizonte, Minas Gerais",Match Finished,FT,90.0,72,Serie B,Brazil,https://media.api-sports.io/football/leagues/72.png,https://media.api-sports.io/flags/br.svg,2020,Regular Season - 27,125,America Mineiro,https://media.api-sports.io/football/teams/125.png,True,155,Sampaio Correa,https://media.api-sports.io/football/teams/155.png,False,2.0,1.0,1.0,1.0,2.0,1.0,,,,,,,
328629,Rodrigo Carvalhaes de Miranda,UTC,2020-12-08T22:15:00+00:00,1607465700,1607465700.0,1607469300.0,219.0,Estádio Santa Cruz,"Ribeirão Preto, São Paulo",Match Finished,FT,90.0,72,Serie B,Brazil,https://media.api-sports.io/football/leagues/72.png,https://media.api-sports.io/flags/br.svg,2020,Regular Season - 27,2618,Botafogo SP,https://media.api-sports.io/football/teams/2618.png,True,139,Ponte Preta,https://media.api-sports.io/football/teams/139.png,False,2.0,1.0,1.0,0.0,2.0,1.0,,,,,,,
328626,Savio Pereira,UTC,2020-12-09T00:30:00+00:00,1607473800,1607473800.0,1607477400.0,214.0,Estádio Aderbal Ramos da Silva,"Florianópolis, Santa Catarina",Match Finished,FT,90.0,72,Serie B,Brazil,https://media.api-sports.io/football/leagues/72.png,https://media.api-sports.io/flags/br.svg,2020,Regular Season - 27,145,Avai,https://media.api-sports.io/football/teams/145.png,False,132,Chapecoense-sc,https://media.api-sports.io/football/teams/132.png,True,0.0,2.0,0.0,1.0,0.0,2.0,,,,,,,
328627,Dyorgines José Padovani Andrade,UTC,2020-12-09T00:30:00+00:00,1607473800,1607473800.0,1607477400.0,232.0,Estádio Rei Pelé,"Maceió, Alagoas",Match Finished,FT,90.0,72,Serie B,Brazil,https://media.api-sports.io/football/leagues/72.png,https://media.api-sports.io/flags/br.svg,2020,Regular Season - 27,146,CRB,https://media.api-sports.io/football/teams/146.png,,135,Cruzeiro,https://media.api-sports.io/football/teams/135.png,,0.0,0.0,0.0,0.0,0.0,0.0,,,,,,,
328634,Zandick Gondim Alves Junior,UTC,2020-12-09T00:30:00+00:00,1607473800,1607473800.0,1607477400.0,235.0,Arena Pantanal,"Cuiabá, Mato Grosso",Match Finished,FT,90.0,72,Serie B,Brazil,https://media.api-sports.io/football/leagues/72.png,https://media.api-sports.io/flags/br.svg,2020,Regular Season - 27,1193,Cuiaba,https://media.api-sports.io/football/teams/1193.png,,136,Vitoria,https://media.api-sports.io/football/teams/136.png,,3.0,3.0,1.0,1.0,3.0,3.0,,,,,,,
328633,Lucas Torezin,UTC,2020-12-09T00:30:00+00:00,1607473800,1607473800.0,1607477400.0,273.0,Estádio Estadual Lourival Baptista,"Aracaju, Sergipe",Match Finished,FT,90.0,72,Serie B,Brazil,https://media.api-sports.io/football/leagues/72.png,https://media.api-sports.io/flags/br.svg,2020,Regular Season - 27,7772,Confiança,https://media.api-sports.io/football/teams/7772.png,False,150,CSA,https://media.api-sports.io/football/teams/150.png,True,1.0,5.0,1.0,2.0,1.0,5.0,,,,,,,
328630,Emerson De Almeida Ferreira,UTC,2020-12-09T22:15:00+00:00,1607552100,1607552100.0,1607555700.0,259.0,Estádio Durival de Britto e Silva,"Curitiba, Paraná",Match Finished,FT,90.0,72,Serie B,Brazil,https://media.api-sports.io/football/leagues/72.png,https://media.api-sports.io/flags/br.svg,2020,Regular Season - 27,122,Parana,https://media.api-sports.io/football/teams/122.png,False,137,Figueirense,https://media.api-sports.io/football/teams/137.png,True,0.0,2.0,0.0,0.0,0.0,2.0,,,,,,,
328632,Leonardo Sigari,UTC,2020-12-11T00:30:00+00:00,1607646600,1607646600.0,1607650200.0,12670.0,Estádio Eládio de Barros Carvalho,"Recife, Pernambuco",Match Finished,FT,90.0,72,Serie B,Brazil,https://media.api-sports.io/football/leagues/72.png,https://media.api-sports.io/flags/br.svg,2020,Regular Season - 27,755,Nautico Recife,https://media.api-sports.io/football/teams/755.png,True,141,Brasil DE Pelotas,https://media.api-sports.io/football/teams/141.png,False,1.0,0.0,1.0,0.0,1.0,0.0,,,,,,,
328640,Pablo Ramón Goncalves Pinheiro,UTC,2020-12-11T19:00:00+00:00,1607713200,1607713200.0,1607716800.0,256.0,Estádio Germano Krüger,"Ponta Grossa, Paraná",Match Finished,FT,90.0,72,Serie B,Brazil,https://media.api-sports.io/football/leagues/72.png,https://media.api-sports.io/flags/br.svg,2020,Regular Season - 28,1223,Operario-PR,https://media.api-sports.io/football/teams/1223.png,,155,Sampaio Correa,https://media.api-sports.io/football/teams/155.png,,1.0,1.0,1.0,0.0,1.0,1.0,,,,,,,
328638,Wanderson Alves de Souza,UTC,2020-12-11T22:15:00+00:00,1607724900,1607724900.0,1607728500.0,261.0,Estádio Moisés Lucarelli,"Campinas, São Paulo",Match Finished,FT,90.0,72,Serie B,Brazil,https://media.api-sports.io/football/leagues/72.png,https://media.api-sports.io/flags/br.svg,2020,Regular Season - 28,139,Ponte Preta,https://media.api-sports.io/football/teams/139.png,False,145,Avai,https://media.api-sports.io/football/teams/145.png,True,1.0,2.0,1.0,1.0,1.0,2.0,,,,,,,
328637,Jefferson Ferreira de Moraes,UTC,2020-12-11T22:15:00+00:00,1607724900,1607724900.0,1607728500.0,232.0,Estádio Rei Pelé,"Maceió, Alagoas",Match Finished,FT,90.0,72,Serie B,Brazil,https://media.api-sports.io/football/leagues/72.png,https://media.api-sports.io/flags/br.svg,2020,Regular Season - 28,150,CSA,https://media.api-sports.io/football/teams/150.png,True,143,Oeste,https://media.api-sports.io/football/teams/143.png,False,2.0,1.0,2.0,0.0,2.0,1.0,,,,,,,
328642,Douglas Schwengber,UTC,2020-12-12T00:30:00+00:00,1607733000,1607733000.0,1607736600.0,281.0,Estádio Manoel Barradas,"Salvador, Bahia",Match Finished,FT,90.0,72,Serie B,Brazil,https://media.api-sports.io/football/leagues/72.png,https://media.api-sports.io/flags/br.svg,2020,Regular Season - 28,136,Vitoria,https://media.api-sports.io/football/teams/136.png,False,135,Cruzeiro,https://media.api-sports.io/football/teams/135.png,True,0.0,1.0,0.0,1.0,0.0,1.0,,,,,,,
328636,Diego Pombo Lopez,UTC,2020-12-12T19:00:00+00:00,1607799600,1607799600.0,1607803200.0,7126.0,Estádio Orlando Scarpelli,"Florianópolis, Santa Catarina",Match Finished,FT,90.0,72,Serie B,Brazil,https://media.api-sports.io/football/leagues/72.png,https://media.api-sports.io/flags/br.svg,2020,Regular Season - 28,137,Figueirense,https://media.api-sports.io/football/teams/137.png,True,1193,Cuiaba,https://media.api-sports.io/football/teams/1193.png,False,1.0,0.0,0.0,0.0,1.0,0.0,,,,,,,
328635,Vinicius Gomes,UTC,2020-12-12T21:30:00+00:00,1607808600,1607808600.0,1607812200.0,206.0,Estádio Raimundo Sampaio,"Belo Horizonte, Minas Gerais",Match Finished,FT,90.0,72,Serie B,Brazil,https://media.api-sports.io/football/leagues/72.png,https://media.api-sports.io/flags/br.svg,2020,Regular Season - 28,125,America Mineiro,https://media.api-sports.io/football/teams/125.png,True,122,Parana,https://media.api-sports.io/football/teams/122.png,False,1.0,0.0,0.0,0.0,1.0,0.0,,,,,,,
328643,Paulo Henrique Schleinch Vollkopf,UTC,2020-12-12T22:00:00+00:00,1607810400,1607810400.0,1607814000.0,273.0,Estádio Estadual Lourival Baptista,"Aracaju, Sergipe",Match Finished,FT,90.0,72,Serie B,Brazil,https://media.api-sports.io/football/leagues/72.png,https://media.api-sports.io/flags/br.svg,2020,Regular Season - 28,7772,Confiança,https://media.api-sports.io/football/teams/7772.png,False,152,Juventude,https://media.api-sports.io/football/teams/152.png,True,0.0,1.0,0.0,1.0,0.0,1.0,,,,,,,
328644,Douglas Marques das Flores,UTC,2020-12-13T00:00:00+00:00,1607817600,1607817600.0,1607821200.0,227.0,Arena Condá,"Chapecó, Santa Catarina",Match Finished,FT,90.0,72,Serie B,Brazil,https://media.api-sports.io/football/leagues/72.png,https://media.api-sports.io/flags/br.svg,2020,Regular Season - 28,132,Chapecoense-sc,https://media.api-sports.io/football/teams/132.png,True,146,CRB,https://media.api-sports.io/football/teams/146.png,False,3.0,2.0,2.0,0.0,3.0,2.0,,,,,,,
328639,Rodrigo Batista Raposo,UTC,2020-12-13T21:15:00+00:00,1607894100,1607894100.0,1607897700.0,219.0,Estádio Santa Cruz,"Ribeirão Preto, São Paulo",Match Finished,FT,90.0,72,Serie B,Brazil,https://media.api-sports.io/football/leagues/72.png,https://media.api-sports.io/flags/br.svg,2020,Regular Season - 28,2618,Botafogo SP,https://media.api-sports.io/football/teams/2618.png,,755,Nautico Recife,https://media.api-sports.io/football/teams/755.png,,1.0,1.0,1.0,0.0,1.0,1.0,,,,,,,
328641,Igor Junior Benevenuto,UTC,2020-12-13T23:30:00+00:00,1607902200,1607902200.0,1607905800.0,2797.0,Estádio Bento da Silva Freitas,"Pelotas, Rio Grande do Sul",Match Finished,FT,90.0,72,Serie B,Brazil,https://media.api-sports.io/football/leagues/72.png,https://media.api-sports.io/flags/br.svg,2020,Regular Season - 28,141,Brasil DE Pelotas,https://media.api-sports.io/football/teams/141.png,True,138,Guarani Campinas,https://media.api-sports.io/football/teams/138.png,False,3.0,1.0,1.0,0.0,3.0,1.0,,,,,,,
328650,Roger Goulart,UTC,2020-12-14T23:00:00+00:00,1607986800,1607986800.0,1607990400.0,256.0,Estádio Germano Krüger,"Ponta Grossa, Paraná",Match Finished,FT,90.0,72,Serie B,Brazil,https://media.api-sports.io/football/leagues/72.png,https://media.api-sports.io/flags/br.svg,2020,Regular Season - 29,1223,Operario-PR,https://media.api-sports.io/football/teams/1223.png,True,139,Ponte Preta,https://media.api-sports.io/football/teams/139.png,False,1.0,0.0,1.0,0.0,1.0,0.0,,,,,,,
328649,Adriano Barros Carneiro,UTC,2020-12-15T19:00:00+00:00,1608058800,1608058800.0,1608062400.0,255.0,Arena Barueri,"Barueri, São Paulo",Match Finished,FT,90.0,72,Serie B,Brazil,https://media.api-sports.io/football/leagues/72.png,https://media.api-sports.io/flags/br.svg,2020,Regular Season - 29,143,Oeste,https://media.api-sports.io/football/teams/143.png,False,1193,Cuiaba,https://media.api-sports.io/football/teams/1193.png,True,0.0,2.0,0.0,1.0,0.0,2.0,,,,,,,
328653,Fabio Augusto de Sá Junior,UTC,2020-12-15T22:15:00+00:00,1608070500,1608070500.0,1608074100.0,265.0,Estádio Governador João Castelo,"São Luís, Maranhão",Match Finished,FT,90.0,72,Serie B,Brazil,https://media.api-sports.io/football/leagues/72.png,https://media.api-sports.io/flags/br.svg,2020,Regular Season - 29,155,Sampaio Correa,https://media.api-sports.io/football/teams/155.png,False,145,Avai,https://media.api-sports.io/football/teams/145.png,True,0.0,1.0,0.0,1.0,0.0,1.0,,,,,,,
328645,Caio Max Augusto Vieira,UTC,2020-12-16T00:30:00+00:00,1608078600,1608078600.0,1608082200.0,206.0,Estádio Raimundo Sampaio,"Belo Horizonte, Minas Gerais",Match Finished,FT,90.0,72,Serie B,Brazil,https://media.api-sports.io/football/leagues/72.png,https://media.api-sports.io/flags/br.svg,2020,Regular Season - 29,135,Cruzeiro,https://media.api-sports.io/football/teams/135.png,,150,CSA,https://media.api-sports.io/football/teams/150.png,,1.0,1.0,0.0,1.0,1.0,1.0,,,,,,,
328652,Alisson Furtado,UTC,2020-12-16T00:30:00+00:00,1608078600,1608078600.0,1608082200.0,281.0,Estádio Manoel Barradas,"Salvador, Bahia",Match Finished,FT,90.0,72,Serie B,Brazil,https://media.api-sports.io/football/leagues/72.png,https://media.api-sports.io/flags/br.svg,2020,Regular Season - 29,136,Vitoria,https://media.api-sports.io/football/teams/136.png,True,152,Juventude,https://media.api-sports.io/football/teams/152.png,False,1.0,0.0,1.0,0.0,1.0,0.0,,,,,,,
328651,Maguielson Lima Barbosa,UTC,2020-12-16T19:30:00+00:00,1608147000,1608147000.0,1608150600.0,2797.0,Estádio Bento da Silva Freitas,"Pelotas, Rio Grande do Sul",Match Finished,FT,90.0,72,Serie B,Brazil,https://media.api-sports.io/football/leagues/72.png,https://media.api-sports.io/flags/br.svg,2020,Regular Season - 29,141,Brasil DE Pelotas,https://media.api-sports.io/football/teams/141.png,,2618,Botafogo SP,https://media.api-sports.io/football/teams/2618.png,,0.0,0.0,0.0,0.0,0.0,0.0,,,,,,,
328654,Daniel Nobre Bins,UTC,2020-12-16T22:15:00+00:00,1608156900,1608156900.0,1608160500.0,227.0,Arena Condá,"Chapecó, Santa Catarina",Match Finished,FT,90.0,72,Serie B,Brazil,https://media.api-sports.io/football/leagues/72.png,https://media.api-sports.io/flags/br.svg,2020,Regular Season - 29,132,Chapecoense-sc,https://media.api-sports.io/football/teams/132.png,,755,Nautico Recife,https://media.api-sports.io/football/teams/755.png,,0.0,0.0,0.0,0.0,0.0,0.0,,,,,,,
328648,Grazianni Maciel Rocha,UTC,2020-12-16T22:15:00+00:00,1608156900,1608156900.0,1608160500.0,242.0,Estádio Brinco de Ouro da Princesa,"Campinas, São Paulo",Match Finished,FT,90.0,72,Serie B,Brazil,https://media.api-sports.io/football/leagues/72.png,https://media.api-sports.io/flags/br.svg,2020,Regular Season - 29,138,Guarani Campinas,https://media.api-sports.io/football/teams/138.png,True,7772,Confiança,https://media.api-sports.io/football/teams/7772.png,False,1.0,0.0,1.0,0.0,1.0,0.0,,,,,,,
328646,Vinicius Furlan,UTC,2020-12-17T22:15:00+00:00,1608243300,1608243300.0,1608246900.0,7126.0,Estádio Orlando Scarpelli,"Florianópolis, Santa Catarina",Match Finished,FT,90.0,72,Serie B,Brazil,https://media.api-sports.io/football/leagues/72.png,https://media.api-sports.io/flags/br.svg,2020,Regular Season - 29,137,Figueirense,https://media.api-sports.io/football/teams/137.png,False,125,America Mineiro,https://media.api-sports.io/football/teams/125.png,True,1.0,2.0,1.0,1.0,1.0,2.0,,,,,,,
328647,Ronei Candido Alves,UTC,2020-12-18T00:30:00+00:00,1608251400,1608251400.0,1608255000.0,232.0,Estádio Rei Pelé,"Maceió, Alagoas",Match Finished,FT,90.0,72,Serie B,Brazil,https://media.api-sports.io/football/leagues/72.png,https://media.api-sports.io/flags/br.svg,2020,Regular Season - 29,146,CRB,https://media.api-sports.io/football/teams/146.png,False,122,Parana,https://media.api-sports.io/football/teams/122.png,True,0.0,2.0,0.0,1.0,0.0,2.0,,,,,,,
328659,Luiz Paulo de Moura Pinheiro,UTC,2020-12-18T19:00:00+00:00,1608318000,1608318000.0,1608321600.0,255.0,Arena Barueri,"Barueri, São Paulo",Match Finished,FT,90.0,72,Serie B,Brazil,https://media.api-sports.io/football/leagues/72.png,https://media.api-sports.io/flags/br.svg,2020,Regular Season - 30,143,Oeste,https://media.api-sports.io/football/teams/143.png,True,136,Vitoria,https://media.api-sports.io/football/teams/136.png,False,2.0,1.0,1.0,0.0,2.0,1.0,,,,,,,
328661,Thiago Luis Scarascati,UTC,2020-12-18T21:00:00+00:00,1608325200,1608325200.0,1608328800.0,248.0,Estádio Alfredo Jaconi,"Caxias do Sul, Rio Grande do Sul",Match Finished,FT,90.0,72,Serie B,Brazil,https://media.api-sports.io/football/leagues/72.png,https://media.api-sports.io/flags/br.svg,2020,Regular Season - 30,152,Juventude,https://media.api-sports.io/football/teams/152.png,True,150,CSA,https://media.api-sports.io/football/teams/150.png,False,1.0,0.0,1.0,0.0,1.0,0.0,,,,,,,
328656,Antonio Dib Moraes de Sousa,UTC,2020-12-18T23:15:00+00:00,1608333300,1608333300.0,1608336900.0,214.0,Estádio Aderbal Ramos da Silva,"Florianópolis, Santa Catarina",Match Finished,FT,90.0,72,Serie B,Brazil,https://media.api-sports.io/football/leagues/72.png,https://media.api-sports.io/flags/br.svg,2020,Regular Season - 30,145,Avai,https://media.api-sports.io/football/teams/145.png,,135,Cruzeiro,https://media.api-sports.io/football/teams/135.png,,1.0,1.0,0.0,1.0,1.0,1.0,,,,,,,
328664,Andrey Da Silva e Silva,UTC,2020-12-19T01:30:00+00:00,1608341400,1608341400.0,1608345000.0,235.0,Arena Pantanal,"Cuiabá, Mato Grosso",Match Finished,FT,90.0,72,Serie B,Brazil,https://media.api-sports.io/football/leagues/72.png,https://media.api-sports.io/flags/br.svg,2020,Regular Season - 30,1193,Cuiaba,https://media.api-sports.io/football/teams/1193.png,True,1223,Operario-PR,https://media.api-sports.io/football/teams/1223.png,False,2.0,0.0,1.0,0.0,2.0,0.0,,,,,,,
328662,Rodrigo Carvalhaes de Miranda,UTC,2020-12-19T19:30:00+00:00,1608406200,1608406200.0,1608409800.0,,Aflitos,Recife,Match Finished,FT,90.0,72,Serie B,Brazil,https://media.api-sports.io/football/leagues/72.png,https://media.api-sports.io/flags/br.svg,2020,Regular Season - 30,755,Nautico Recife,https://media.api-sports.io/football/teams/755.png,True,155,Sampaio Correa,https://media.api-sports.io/football/teams/155.png,False,1.0,0.0,0.0,0.0,1.0,0.0,,,,,,,
328663,Emerson De Almeida Ferreira,UTC,2020-12-19T22:00:00+00:00,1608415200,1608415200.0,1608418800.0,273.0,Estádio Estadual Lourival Baptista,"Aracaju, Sergipe",Match Finished,FT,90.0,72,Serie B,Brazil,https://media.api-sports.io/football/leagues/72.png,https://media.api-sports.io/flags/br.svg,2020,Regular Season - 30,7772,Confiança,https://media.api-sports.io/football/teams/7772.png,False,139,Ponte Preta,https://media.api-sports.io/football/teams/139.png,True,1.0,2.0,1.0,1.0,1.0,2.0,,,,,,,
328655,Edina Alves Batista,UTC,2020-12-20T19:00:00+00:00,1608490800,1608490800.0,1608494400.0,206.0,Estádio Raimundo Sampaio,"Belo Horizonte, Minas Gerais",Match Finished,FT,90.0,72,Serie B,Brazil,https://media.api-sports.io/football/leagues/72.png,https://media.api-sports.io/flags/br.svg,2020,Regular Season - 30,125,America Mineiro,https://media.api-sports.io/football/teams/125.png,,132,Chapecoense-sc,https://media.api-sports.io/football/teams/132.png,,2.0,2.0,0.0,1.0,2.0,2.0,,,,,,,
328658,Zandick Gondim Alves Junior,UTC,2020-12-20T21:15:00+00:00,1608498900,1608498900.0,1608502500.0,242.0,Estádio Brinco de Ouro da Princesa,"Campinas, São Paulo",Match Finished,FT,90.0,72,Serie B,Brazil,https://media.api-sports.io/football/leagues/72.png,https://media.api-sports.io/flags/br.svg,2020,Regular Season - 30,138,Guarani Campinas,https://media.api-sports.io/football/teams/138.png,,137,Figueirense,https://media.api-sports.io/football/teams/137.png,,2.0,2.0,2.0,1.0,2.0,2.0,,,,,,,
328657,Alinor Silva da Paixao,UTC,2020-12-20T21:15:00+00:00,1608498900,1608498900.0,1608502500.0,232.0,Estádio Rei Pelé,"Maceió, Alagoas",Match Finished,FT,90.0,72,Serie B,Brazil,https://media.api-sports.io/football/leagues/72.png,https://media.api-sports.io/flags/br.svg,2020,Regular Season - 30,146,CRB,https://media.api-sports.io/football/teams/146.png,True,2618,Botafogo SP,https://media.api-sports.io/football/teams/2618.png,False,1.0,0.0,0.0,0.0,1.0,0.0,,,,,,,
328660,Leandro Bizzio Marinho,UTC,2020-12-21T20:30:00+00:00,1608582600,1608582600.0,1608586200.0,259.0,Estádio Durival de Britto e Silva,"Curitiba, Paraná",Match Finished,FT,90.0,72,Serie B,Brazil,https://media.api-sports.io/football/leagues/72.png,https://media.api-sports.io/flags/br.svg,2020,Regular Season - 30,122,Parana,https://media.api-sports.io/football/teams/122.png,False,141,Brasil DE Pelotas,https://media.api-sports.io/football/teams/141.png,True,0.0,1.0,0.0,0.0,0.0,1.0,,,,,,,
328670,Tiago Nascimento dos Santos,UTC,2020-12-22T19:00:00+00:00,1608663600,1608663600.0,1608667200.0,256.0,Estádio Germano Krüger,"Ponta Grossa, Paraná",Match Finished,FT,90.0,72,Serie B,Brazil,https://media.api-sports.io/football/leagues/72.png,https://media.api-sports.io/flags/br.svg,2020,Regular Season - 31,1223,Operario-PR,https://media.api-sports.io/football/teams/1223.png,True,152,Juventude,https://media.api-sports.io/football/teams/152.png,False,3.0,0.0,1.0,0.0,3.0,0.0,,,,,,,
328667,Vinicius Gomes,UTC,2020-12-22T22:15:00+00:00,1608675300,1608675300.0,1608678900.0,232.0,Estádio Rei Pelé,"Maceió, Alagoas",Match Finished,FT,90.0,72,Serie B,Brazil,https://media.api-sports.io/football/leagues/72.png,https://media.api-sports.io/flags/br.svg,2020,Regular Season - 31,150,CSA,https://media.api-sports.io/football/teams/150.png,True,136,Vitoria,https://media.api-sports.io/football/teams/136.png,False,3.0,0.0,2.0,0.0,3.0,0.0,,,,,,,
328668,Ramon Abatti,UTC,2020-12-23T00:30:00+00:00,1608683400,1608683400.0,1608687000.0,261.0,Estádio Moisés Lucarelli,"Campinas, São Paulo",Match Finished,FT,90.0,72,Serie B,Brazil,https://media.api-sports.io/football/leagues/72.png,https://media.api-sports.io/flags/br.svg,2020,Regular Season - 31,139,Ponte Preta,https://media.api-sports.io/football/teams/139.png,True,135,Cruzeiro,https://media.api-sports.io/football/teams/135.png,False,2.0,1.0,0.0,1.0,2.0,1.0,,,,,,,
328672,Jefferson Ferreira de Moraes,UTC,2020-12-23T00:30:00+00:00,1608683400,1608683400.0,1608687000.0,,Aflitos,Recife,Match Finished,FT,90.0,72,Serie B,Brazil,https://media.api-sports.io/football/leagues/72.png,https://media.api-sports.io/flags/br.svg,2020,Regular Season - 31,755,Nautico Recife,https://media.api-sports.io/football/teams/755.png,True,1193,Cuiaba,https://media.api-sports.io/football/teams/1193.png,False,2.0,0.0,0.0,0.0,2.0,0.0,,,,,,,
328673,Diego Pombo Lopez,UTC,2020-12-23T22:00:00+00:00,1608760800,1608760800.0,1608764400.0,265.0,Estádio Governador João Castelo,"São Luís, Maranhão",Match Finished,FT,90.0,72,Serie B,Brazil,https://media.api-sports.io/football/leagues/72.png,https://media.api-sports.io/flags/br.svg,2020,Regular Season - 31,155,Sampaio Correa,https://media.api-sports.io/football/teams/155.png,False,138,Guarani Campinas,https://media.api-sports.io/football/teams/138.png,True,0.0,1.0,0.0,0.0,0.0,1.0,,,,,,,
328669,Vinicius Gonçalves Dias Araujo,UTC,2020-12-23T22:15:00+00:00,1608761700,1608761700.0,1608765300.0,219.0,Estádio Santa Cruz,"Ribeirão Preto, São Paulo",Match Finished,FT,90.0,72,Serie B,Brazil,https://media.api-sports.io/football/leagues/72.png,https://media.api-sports.io/flags/br.svg,2020,Regular Season - 31,2618,Botafogo SP,https://media.api-sports.io/football/teams/2618.png,,143,Oeste,https://media.api-sports.io/football/teams/143.png,,1.0,1.0,1.0,0.0,1.0,1.0,,,,,,,
328666,Vinicius Gonçalves Dias Araujo,UTC,2020-12-26T19:00:00+00:00,1609009200,1609009200.0,1609012800.0,7126.0,Estádio Orlando Scarpelli,"Florianópolis, Santa Catarina",Match Finished,FT,90.0,72,Serie B,Brazil,https://media.api-sports.io/football/leagues/72.png,https://media.api-sports.io/flags/br.svg,2020,Regular Season - 31,137,Figueirense,https://media.api-sports.io/football/teams/137.png,True,145,Avai,https://media.api-sports.io/football/teams/145.png,False,2.0,0.0,2.0,0.0,2.0,0.0,,,,,,,
328665,Paulo Henrique Schleinch Vollkopf,UTC,2020-12-26T21:30:00+00:00,1609018200,1609018200.0,1609021800.0,206.0,Estádio Raimundo Sampaio,"Belo Horizonte, Minas Gerais",Match Finished,FT,90.0,72,Serie B,Brazil,https://media.api-sports.io/football/leagues/72.png,https://media.api-sports.io/flags/br.svg,2020,Regular Season - 31,125,America Mineiro,https://media.api-sports.io/football/teams/125.png,True,146,CRB,https://media.api-sports.io/football/teams/146.png,False,1.0,0.0,1.0,0.0,1.0,0.0,,,,,,,
328671,Vinicius Furlan,UTC,2020-12-28T20:00:00+00:00,1609185600,1609185600.0,1609189200.0,2797.0,Estádio Bento da Silva Freitas,"Pelotas, Rio Grande do Sul",Match Finished,FT,90.0,72,Serie B,Brazil,https://media.api-sports.io/football/leagues/72.png,https://media.api-sports.io/flags/br.svg,2020,Regular Season - 31,141,Brasil DE Pelotas,https://media.api-sports.io/football/teams/141.png,True,7772,Confiança,https://media.api-sports.io/football/teams/7772.png,False,1.0,0.0,1.0,0.0,1.0,0.0,,,,,,,
328674,Grazianni Maciel Rocha,UTC,2020-12-28T23:00:00+00:00,1609196400,1609196400.0,1609200000.0,227.0,Arena Condá,"Chapecó, Santa Catarina",Match Finished,FT,90.0,72,Serie B,Brazil,https://media.api-sports.io/football/leagues/72.png,https://media.api-sports.io/flags/br.svg,2020,Regular Season - 31,132,Chapecoense-sc,https://media.api-sports.io/football/teams/132.png,True,122,Parana,https://media.api-sports.io/football/teams/122.png,False,2.0,0.0,2.0,0.0,2.0,0.0,,,,,,,
328676,Wagner do Nascimento Magalhaes,UTC,2020-12-29T22:15:00+00:00,1609280100,1609280100.0,1609283700.0,214.0,Estádio Aderbal Ramos da Silva,"Florianópolis, Santa Catarina",Match Finished,FT,90.0,72,Serie B,Brazil,https://media.api-sports.io/football/leagues/72.png,https://media.api-sports.io/flags/br.svg,2020,Regular Season - 32,145,Avai,https://media.api-sports.io/football/teams/145.png,False,146,CRB,https://media.api-sports.io/football/teams/146.png,True,0.0,1.0,0.0,0.0,0.0,1.0,,,,,,,
328675,Thiago Luis Scarascati,UTC,2020-12-30T00:30:00+00:00,1609288200,1609288200.0,1609291800.0,206.0,Estádio Raimundo Sampaio,"Belo Horizonte, Minas Gerais",Match Finished,FT,90.0,72,Serie B,Brazil,https://media.api-sports.io/football/leagues/72.png,https://media.api-sports.io/flags/br.svg,2020,Regular Season - 32,135,Cruzeiro,https://media.api-sports.io/football/teams/135.png,,1193,Cuiaba,https://media.api-sports.io/football/teams/1193.png,,0.0,0.0,0.0,0.0,0.0,0.0,,,,,,,
328681,Ronei Candido Alves,UTC,2020-12-30T20:00:00+00:00,1609358400,1609358400.0,1609362000.0,248.0,Estádio Alfredo Jaconi,"Caxias do Sul, Rio Grande do Sul",Match Finished,FT,90.0,72,Serie B,Brazil,https://media.api-sports.io/football/leagues/72.png,https://media.api-sports.io/flags/br.svg,2020,Regular Season - 32,152,Juventude,https://media.api-sports.io/football/teams/152.png,True,139,Ponte Preta,https://media.api-sports.io/football/teams/139.png,False,2.0,1.0,0.0,0.0,2.0,1.0,,,,,,,
328677,Wagner Reway,UTC,2021-01-02T19:30:00+00:00,1609615800,1609615800.0,1609619400.0,232.0,Estádio Rei Pelé,"Maceió, Alagoas",Match Finished,FT,90.0,72,Serie B,Brazil,https://media.api-sports.io/football/leagues/72.png,https://media.api-sports.io/flags/br.svg,2020,Regular Season - 32,150,CSA,https://media.api-sports.io/football/teams/150.png,True,155,Sampaio Correa,https://media.api-sports.io/football/teams/155.png,False,2.0,1.0,0.0,0.0,2.0,1.0,,,,,,,
328679,Andrey Da Silva e Silva,UTC,2021-01-02T21:45:00+00:00,1609623900,1609623900.0,1609627500.0,,Arena Barueri,Barueri,Match Finished,FT,90.0,72,Serie B,Brazil,https://media.api-sports.io/football/leagues/72.png,https://media.api-sports.io/flags/br.svg,2020,Regular Season - 32,143,Oeste,https://media.api-sports.io/football/teams/143.png,True,137,Figueirense,https://media.api-sports.io/football/teams/137.png,False,2.0,1.0,2.0,0.0,2.0,1.0,,,,,,,
328678,Marcelo de Lima Henrique,UTC,2021-01-03T00:00:00+00:00,1609632000,1609632000.0,1609635600.0,242.0,Estádio Brinco de Ouro da Princesa,"Campinas, São Paulo",Match Finished,FT,90.0,72,Serie B,Brazil,https://media.api-sports.io/football/leagues/72.png,https://media.api-sports.io/flags/br.svg,2020,Regular Season - 32,138,Guarani Campinas,https://media.api-sports.io/football/teams/138.png,False,125,America Mineiro,https://media.api-sports.io/football/teams/125.png,True,0.0,1.0,0.0,1.0,0.0,1.0,,,,,,,
328684,Rodrigo Carvalhaes de Miranda,UTC,2021-01-03T19:00:00+00:00,1609700400,1609700400.0,1609704000.0,227.0,Arena Condá,"Chapecó, Santa Catarina",Match Finished,FT,90.0,72,Serie B,Brazil,https://media.api-sports.io/football/leagues/72.png,https://media.api-sports.io/flags/br.svg,2020,Regular Season - 32,132,Chapecoense-sc,https://media.api-sports.io/football/teams/132.png,,141,Brasil DE Pelotas,https://media.api-sports.io/football/teams/141.png,,0.0,0.0,0.0,0.0,0.0,0.0,,,,,,,
328682,Antonio Dib Moraes de Sousa,UTC,2021-01-03T21:15:00+00:00,1609708500,1609708500.0,1609712100.0,281.0,Estádio Manoel Barradas,"Salvador, Bahia",Match Finished,FT,90.0,72,Serie B,Brazil,https://media.api-sports.io/football/leagues/72.png,https://media.api-sports.io/flags/br.svg,2020,Regular Season - 32,136,Vitoria,https://media.api-sports.io/football/teams/136.png,,1223,Operario-PR,https://media.api-sports.io/football/teams/1223.png,,1.0,1.0,1.0,1.0,1.0,1.0,,,,,,,
328680,Zandick Gondim Alves Junior,UTC,2021-01-04T20:00:00+00:00,1609790400,1609790400.0,1609794000.0,259.0,Estádio Durival de Britto e Silva,"Curitiba, Paraná",Match Finished,FT,90.0,72,Serie B,Brazil,https://media.api-sports.io/football/leagues/72.png,https://media.api-sports.io/flags/br.svg,2020,Regular Season - 32,122,Parana,https://media.api-sports.io/football/teams/122.png,,2618,Botafogo SP,https://media.api-sports.io/football/teams/2618.png,,1.0,1.0,0.0,1.0,1.0,1.0,,,,,,,
328683,Dewson Fernando Freitas da Silva,UTC,2021-01-04T23:00:00+00:00,1609801200,1609801200.0,1609804800.0,273.0,Estádio Estadual Lourival Baptista,"Aracaju, Sergipe",Match Finished,FT,90.0,72,Serie B,Brazil,https://media.api-sports.io/football/leagues/72.png,https://media.api-sports.io/flags/br.svg,2020,Regular Season - 32,7772,Confiança,https://media.api-sports.io/football/teams/7772.png,True,755,Nautico Recife,https://media.api-sports.io/football/teams/755.png,False,2.0,0.0,0.0,0.0,2.0,0.0,,,,,,,
328688,Heber Lopes,UTC,2021-01-05T22:15:00+00:00,1609884900,1609884900.0,1609888500.0,242.0,Estádio Brinco de Ouro da Princesa,"Campinas, São Paulo",Match Finished,FT,90.0,72,Serie B,Brazil,https://media.api-sports.io/football/leagues/72.png,https://media.api-sports.io/flags/br.svg,2020,Regular Season - 33,138,Guarani Campinas,https://media.api-sports.io/football/teams/138.png,,139,Ponte Preta,https://media.api-sports.io/football/teams/139.png,,1.0,1.0,0.0,1.0,1.0,1.0,,,,,,,
328694,Paulo Cesar Zanovelli,UTC,2021-01-06T00:30:00+00:00,1609893000,1609893000.0,1609896600.0,235.0,Arena Pantanal,"Cuiabá, Mato Grosso",Match Finished,FT,90.0,72,Serie B,Brazil,https://media.api-sports.io/football/leagues/72.png,https://media.api-sports.io/flags/br.svg,2020,Regular Season - 33,1193,Cuiaba,https://media.api-sports.io/football/teams/1193.png,True,152,Juventude,https://media.api-sports.io/football/teams/152.png,False,1.0,0.0,1.0,0.0,1.0,0.0,,,,,,,
328691,Rodrigo Batista Raposo,UTC,2021-01-08T19:00:00+00:00,1610132400,1610132400.0,1610136000.0,2797.0,Estádio Bento da Silva Freitas,"Pelotas, Rio Grande do Sul",Match Finished,FT,90.0,72,Serie B,Brazil,https://media.api-sports.io/football/leagues/72.png,https://media.api-sports.io/flags/br.svg,2020,Regular Season - 33,141,Brasil DE Pelotas,https://media.api-sports.io/football/teams/141.png,False,145,Avai,https://media.api-sports.io/football/teams/145.png,True,0.0,1.0,0.0,0.0,0.0,1.0,,,,,,,
328687,Pablo Ramón Goncalves Pinheiro,UTC,2021-01-08T22:15:00+00:00,1610144100,1610144100.0,1610147700.0,232.0,Estádio Rei Pelé,"Maceió, Alagoas",Match Finished,FT,90.0,72,Serie B,Brazil,https://media.api-sports.io/football/leagues/72.png,https://media.api-sports.io/flags/br.svg,2020,Regular Season - 33,146,CRB,https://media.api-sports.io/football/teams/146.png,True,7772,Confiança,https://media.api-sports.io/football/teams/7772.png,False,2.0,0.0,0.0,0.0,2.0,0.0,,,,,,,
328692,Alisson Furtado,UTC,2021-01-08T22:15:00+00:00,1610144100,1610144100.0,1610147700.0,,Aflitos,Recife,Match Finished,FT,90.0,72,Serie B,Brazil,https://media.api-sports.io/football/leagues/72.png,https://media.api-sports.io/flags/br.svg,2020,Regular Season - 33,755,Nautico Recife,https://media.api-sports.io/football/teams/755.png,True,122,Parana,https://media.api-sports.io/football/teams/122.png,False,2.0,1.0,1.0,1.0,2.0,1.0,,,,,,,
328690,Rafael Martins de Sá,UTC,2021-01-08T22:15:00+00:00,1610144100,1610144100.0,1610147700.0,256.0,Estádio Germano Krüger,"Ponta Grossa, Paraná",Match Finished,FT,90.0,72,Serie B,Brazil,https://media.api-sports.io/football/leagues/72.png,https://media.api-sports.io/flags/br.svg,2020,Regular Season - 33,1223,Operario-PR,https://media.api-sports.io/football/teams/1223.png,True,143,Oeste,https://media.api-sports.io/football/teams/143.png,False,2.0,0.0,0.0,0.0,2.0,0.0,,,,,,,
328686,Leo Simão,UTC,2021-01-09T00:30:00+00:00,1610152200,1610152200.0,1610155800.0,7126.0,Estádio Orlando Scarpelli,"Florianópolis, Santa Catarina",Match Finished,FT,90.0,72,Serie B,Brazil,https://media.api-sports.io/football/leagues/72.png,https://media.api-sports.io/flags/br.svg,2020,Regular Season - 33,137,Figueirense,https://media.api-sports.io/football/teams/137.png,,150,CSA,https://media.api-sports.io/football/teams/150.png,,0.0,0.0,0.0,0.0,0.0,0.0,,,,,,,
328693,Paulo Henrique de Melo Salmazio,UTC,2021-01-09T00:30:00+00:00,1610152200,1610152200.0,1610155800.0,265.0,Estádio Governador João Castelo,"São Luís, Maranhão",Match Finished,FT,90.0,72,Serie B,Brazil,https://media.api-sports.io/football/leagues/72.png,https://media.api-sports.io/flags/br.svg,2020,Regular Season - 33,155,Sampaio Correa,https://media.api-sports.io/football/teams/155.png,False,135,Cruzeiro,https://media.api-sports.io/football/teams/135.png,True,0.0,1.0,0.0,1.0,0.0,1.0,,,,,,,
328685,Alexandre Vargas Tavares de Jesus,UTC,2021-01-09T22:00:00+00:00,1610229600,1610229600.0,1610233200.0,206.0,Estádio Raimundo Sampaio,"Belo Horizonte, Minas Gerais",Match Finished,FT,90.0,72,Serie B,Brazil,https://media.api-sports.io/football/leagues/72.png,https://media.api-sports.io/flags/br.svg,2020,Regular Season - 33,125,America Mineiro,https://media.api-sports.io/football/teams/125.png,True,136,Vitoria,https://media.api-sports.io/football/teams/136.png,False,4.0,0.0,2.0,0.0,4.0,0.0,,,,,,,
328689,Denis Ribeiro Serafim,UTC,2021-01-10T00:00:00+00:00,1610236800,1610236800.0,1610240400.0,219.0,Estádio Santa Cruz,"Ribeirão Preto, São Paulo",Match Finished,FT,90.0,72,Serie B,Brazil,https://media.api-sports.io/football/leagues/72.png,https://media.api-sports.io/flags/br.svg,2020,Regular Season - 33,2618,Botafogo SP,https://media.api-sports.io/football/teams/2618.png,True,132,Chapecoense-sc,https://media.api-sports.io/football/teams/132.png,False,3.0,0.0,2.0,0.0,3.0,0.0,,,,,,,
328698,Marielson Alves Silva,UTC,2021-01-11T20:30:00+00:00,1610397000,1610397000.0,1610400600.0,261.0,Estádio Moisés Lucarelli,"Campinas, São Paulo",Match Finished,FT,90.0,72,Serie B,Brazil,https://media.api-sports.io/football/leagues/72.png,https://media.api-sports.io/flags/br.svg,2020,Regular Season - 34,139,Ponte Preta,https://media.api-sports.io/football/teams/139.png,,1193,Cuiaba,https://media.api-sports.io/football/teams/1193.png,,2.0,2.0,1.0,0.0,2.0,2.0,,,,,,,
328697,Antonio Dib Moraes de Sousa,UTC,2021-01-11T23:00:00+00:00,1610406000,1610406000.0,1610409600.0,232.0,Estádio Rei Pelé,"Maceió, Alagoas",Match Finished,FT,90.0,72,Serie B,Brazil,https://media.api-sports.io/football/leagues/72.png,https://media.api-sports.io/flags/br.svg,2020,Regular Season - 34,146,CRB,https://media.api-sports.io/football/teams/146.png,True,138,Guarani Campinas,https://media.api-sports.io/football/teams/138.png,False,2.0,0.0,0.0,0.0,2.0,0.0,,,,,,,
328703,Jonathan Antero,UTC,2021-01-11T23:00:00+00:00,1610406000,1610406000.0,1610409600.0,273.0,Estádio Estadual Lourival Baptista,"Aracaju, Sergipe",Match Finished,FT,90.0,72,Serie B,Brazil,https://media.api-sports.io/football/leagues/72.png,https://media.api-sports.io/flags/br.svg,2020,Regular Season - 34,7772,Confiança,https://media.api-sports.io/football/teams/7772.png,False,1223,Operario-PR,https://media.api-sports.io/football/teams/1223.png,True,1.0,2.0,1.0,0.0,1.0,2.0,,,,,,,
328700,Emerson De Almeida Ferreira,UTC,2021-01-12T22:15:00+00:00,1610489700,1610489700.0,1610493300.0,259.0,Estádio Durival de Britto e Silva,"Curitiba, Paraná",Match Finished,FT,90.0,72,Serie B,Brazil,https://media.api-sports.io/football/leagues/72.png,https://media.api-sports.io/flags/br.svg,2020,Regular Season - 34,122,Parana,https://media.api-sports.io/football/teams/122.png,True,150,CSA,https://media.api-sports.io/football/teams/150.png,False,2.0,0.0,2.0,0.0,2.0,0.0,,,,,,,
328701,Ricardo Marques Ribeiro,UTC,2021-01-12T22:15:00+00:00,1610489700,1610489700.0,1610493300.0,2797.0,Estádio Bento da Silva Freitas,"Pelotas, Rio Grande do Sul",Match Finished,FT,90.0,72,Serie B,Brazil,https://media.api-sports.io/football/leagues/72.png,https://media.api-sports.io/flags/br.svg,2020,Regular Season - 34,141,Brasil DE Pelotas,https://media.api-sports.io/football/teams/141.png,True,152,Juventude,https://media.api-sports.io/football/teams/152.png,False,2.0,1.0,2.0,1.0,2.0,1.0,,,,,,,
328702,Douglas Schwengber,UTC,2021-01-12T22:15:00+00:00,1610489700,1610489700.0,1610493300.0,,Aflitos,Recife,Match Finished,FT,90.0,72,Serie B,Brazil,https://media.api-sports.io/football/leagues/72.png,https://media.api-sports.io/flags/br.svg,2020,Regular Season - 34,755,Nautico Recife,https://media.api-sports.io/football/teams/755.png,,125,America Mineiro,https://media.api-sports.io/football/teams/125.png,,0.0,0.0,0.0,0.0,0.0,0.0,,,,,,,
328699,Andrey Da Silva e Silva,UTC,2021-01-12T22:15:00+00:00,1610489700,1610489700.0,1610493300.0,219.0,Estádio Santa Cruz,"Ribeirão Preto, São Paulo",Match Finished,FT,90.0,72,Serie B,Brazil,https://media.api-sports.io/football/leagues/72.png,https://media.api-sports.io/flags/br.svg,2020,Regular Season - 34,2618,Botafogo SP,https://media.api-sports.io/football/teams/2618.png,True,155,Sampaio Correa,https://media.api-sports.io/football/teams/155.png,False,2.0,1.0,0.0,1.0,2.0,1.0,,,,,,,
328704,Jean Pierre Goncalves Lima,UTC,2021-01-13T00:30:00+00:00,1610497800,1610497800.0,1610501400.0,227.0,Arena Condá,"Chapecó, Santa Catarina",Match Finished,FT,90.0,72,Serie B,Brazil,https://media.api-sports.io/football/leagues/72.png,https://media.api-sports.io/flags/br.svg,2020,Regular Season - 34,132,Chapecoense-sc,https://media.api-sports.io/football/teams/132.png,True,137,Figueirense,https://media.api-sports.io/football/teams/137.png,False,2.0,1.0,1.0,0.0,2.0,1.0,,,,,,,
328696,Rodrigo Carvalhaes de Miranda,UTC,2021-01-13T22:00:00+00:00,1610575200,1610575200.0,1610578800.0,214.0,Estádio Aderbal Ramos da Silva,"Florianópolis, Santa Catarina",Match Finished,FT,90.0,72,Serie B,Brazil,https://media.api-sports.io/football/leagues/72.png,https://media.api-sports.io/flags/br.svg,2020,Regular Season - 34,145,Avai,https://media.api-sports.io/football/teams/145.png,,136,Vitoria,https://media.api-sports.io/football/teams/136.png,,2.0,2.0,1.0,0.0,2.0,2.0,,,,,,,
328695,Gilberto Rodrigues Castro Junior,UTC,2021-01-14T00:30:00+00:00,1610584200,1610584200.0,1610587800.0,206.0,Estádio Raimundo Sampaio,"Belo Horizonte, Minas Gerais",Match Finished,FT,90.0,72,Serie B,Brazil,https://media.api-sports.io/football/leagues/72.png,https://media.api-sports.io/flags/br.svg,2020,Regular Season - 34,135,Cruzeiro,https://media.api-sports.io/football/teams/135.png,False,143,Oeste,https://media.api-sports.io/football/teams/143.png,True,0.0,1.0,0.0,1.0,0.0,1.0,,,,,,,
328710,Leandro Bizzio Marinho,UTC,2021-01-14T22:15:00+00:00,1610662500,1610662500.0,1610666100.0,256.0,Estádio Germano Krüger,"Ponta Grossa, Paraná",Match Finished,FT,90.0,72,Serie B,Brazil,https://media.api-sports.io/football/leagues/72.png,https://media.api-sports.io/flags/br.svg,2020,Regular Season - 35,1223,Operario-PR,https://media.api-sports.io/football/teams/1223.png,True,146,CRB,https://media.api-sports.io/football/teams/146.png,False,3.0,2.0,1.0,1.0,3.0,2.0,,,,,,,
328714,José Mendonça,UTC,2021-01-15T00:30:00+00:00,1610670600,1610670600.0,1610674200.0,235.0,Arena Pantanal,"Cuiabá, Mato Grosso",Match Finished,FT,90.0,72,Serie B,Brazil,https://media.api-sports.io/football/leagues/72.png,https://media.api-sports.io/flags/br.svg,2020,Regular Season - 35,1193,Cuiaba,https://media.api-sports.io/football/teams/1193.png,True,138,Guarani Campinas,https://media.api-sports.io/football/teams/138.png,False,4.0,0.0,2.0,0.0,4.0,0.0,,,,,,,
328706,Jefferson Ferreira de Moraes,UTC,2021-01-15T20:30:00+00:00,1610742600,1610742600.0,1610746200.0,7126.0,Estádio Orlando Scarpelli,"Florianópolis, Santa Catarina",Match Finished,FT,90.0,72,Serie B,Brazil,https://media.api-sports.io/football/leagues/72.png,https://media.api-sports.io/flags/br.svg,2020,Regular Season - 35,137,Figueirense,https://media.api-sports.io/football/teams/137.png,True,141,Brasil DE Pelotas,https://media.api-sports.io/football/teams/141.png,False,3.0,0.0,3.0,0.0,3.0,0.0,,,,,,,
328713,Dyorgines José Padovani Andrade,UTC,2021-01-15T22:15:00+00:00,1610748900,1610748900.0,1610752500.0,265.0,Estádio Governador João Castelo,"São Luís, Maranhão",Match Finished,FT,90.0,72,Serie B,Brazil,https://media.api-sports.io/football/leagues/72.png,https://media.api-sports.io/flags/br.svg,2020,Regular Season - 35,155,Sampaio Correa,https://media.api-sports.io/football/teams/155.png,True,122,Parana,https://media.api-sports.io/football/teams/122.png,False,2.0,1.0,1.0,0.0,2.0,1.0,,,,,,,
328705,Diego Pombo Lopez,UTC,2021-01-16T00:30:00+00:00,1610757000,1610757000.0,1610760600.0,206.0,Estádio Raimundo Sampaio,"Belo Horizonte, Minas Gerais",Match Finished,FT,90.0,72,Serie B,Brazil,https://media.api-sports.io/football/leagues/72.png,https://media.api-sports.io/flags/br.svg,2020,Regular Season - 35,125,America Mineiro,https://media.api-sports.io/football/teams/125.png,,2618,Botafogo SP,https://media.api-sports.io/football/teams/2618.png,,1.0,1.0,0.0,1.0,1.0,1.0,,,,,,,
328707,Ronei Candido Alves,UTC,2021-01-16T19:30:00+00:00,1610825400,1610825400.0,1610829000.0,232.0,Estádio Rei Pelé,"Maceió, Alagoas",Match Finished,FT,90.0,72,Serie B,Brazil,https://media.api-sports.io/football/leagues/72.png,https://media.api-sports.io/flags/br.svg,2020,Regular Season - 35,150,CSA,https://media.api-sports.io/football/teams/150.png,,145,Avai,https://media.api-sports.io/football/teams/145.png,,1.0,1.0,1.0,0.0,1.0,1.0,,,,,,,
328711,Paulo Roberto Alves Júnior,UTC,2021-01-16T22:00:00+00:00,1610834400,1610834400.0,1610838000.0,248.0,Estádio Alfredo Jaconi,"Caxias do Sul, Rio Grande do Sul",Match Finished,FT,90.0,72,Serie B,Brazil,https://media.api-sports.io/football/leagues/72.png,https://media.api-sports.io/flags/br.svg,2020,Regular Season - 35,152,Juventude,https://media.api-sports.io/football/teams/152.png,True,135,Cruzeiro,https://media.api-sports.io/football/teams/135.png,False,1.0,0.0,1.0,0.0,1.0,0.0,,,,,,,
328709,Paulo Moreira,UTC,2021-01-17T00:00:00+00:00,1610841600,1610841600.0,1610845200.0,255.0,Arena Barueri,"Barueri, São Paulo",Match Finished,FT,90.0,72,Serie B,Brazil,https://media.api-sports.io/football/leagues/72.png,https://media.api-sports.io/flags/br.svg,2020,Regular Season - 35,143,Oeste,https://media.api-sports.io/football/teams/143.png,False,7772,Confiança,https://media.api-sports.io/football/teams/7772.png,True,0.0,1.0,0.0,1.0,0.0,1.0,,,,,,,
328712,Vinicius Furlan,UTC,2021-01-17T19:00:00+00:00,1610910000,1610910000.0,1610913600.0,281.0,Estádio Manoel Barradas,"Salvador, Bahia",Match Finished,FT,90.0,72,Serie B,Brazil,https://media.api-sports.io/football/leagues/72.png,https://media.api-sports.io/flags/br.svg,2020,Regular Season - 35,136,Vitoria,https://media.api-sports.io/football/teams/136.png,,132,Chapecoense-sc,https://media.api-sports.io/football/teams/132.png,,0.0,0.0,0.0,0.0,0.0,0.0,,,,,,,
328708,Paulo Cesar Zanovelli,UTC,2021-01-17T19:00:00+00:00,1610910000,1610910000.0,1610913600.0,261.0,Estádio Moisés Lucarelli,"Campinas, São Paulo",Match Finished,FT,90.0,72,Serie B,Brazil,https://media.api-sports.io/football/leagues/72.png,https://media.api-sports.io/flags/br.svg,2020,Regular Season - 35,139,Ponte Preta,https://media.api-sports.io/football/teams/139.png,True,755,Nautico Recife,https://media.api-sports.io/football/teams/755.png,False,2.0,0.0,2.0,0.0,2.0,0.0,,,,,,,
328721,Salim Fende Chavez,UTC,2021-01-19T19:00:00+00:00,1611082800,1611082800.0,1611086400.0,2797.0,Estádio Bento da Silva Freitas,"Pelotas, Rio Grande do Sul",Match Finished,FT,90.0,72,Serie B,Brazil,https://media.api-sports.io/football/leagues/72.png,https://media.api-sports.io/flags/br.svg,2020,Regular Season - 36,141,Brasil DE Pelotas,https://media.api-sports.io/football/teams/141.png,,125,America Mineiro,https://media.api-sports.io/football/teams/125.png,,0.0,0.0,0.0,0.0,0.0,0.0,,,,,,,
328716,Caio Max Augusto Vieira,UTC,2021-01-19T22:15:00+00:00,1611094500,1611094500.0,1611098100.0,214.0,Estádio Aderbal Ramos da Silva,"Florianópolis, Santa Catarina",Match Finished,FT,90.0,72,Serie B,Brazil,https://media.api-sports.io/football/leagues/72.png,https://media.api-sports.io/flags/br.svg,2020,Regular Season - 36,145,Avai,https://media.api-sports.io/football/teams/145.png,True,152,Juventude,https://media.api-sports.io/football/teams/152.png,False,5.0,2.0,4.0,2.0,5.0,2.0,,,,,,,
328717,Vinicius Gomes,UTC,2021-01-19T22:15:00+00:00,1611094500,1611094500.0,1611098100.0,232.0,Estádio Rei Pelé,"Maceió, Alagoas",Match Finished,FT,90.0,72,Serie B,Brazil,https://media.api-sports.io/football/leagues/72.png,https://media.api-sports.io/flags/br.svg,2020,Regular Season - 36,146,CRB,https://media.api-sports.io/football/teams/146.png,True,137,Figueirense,https://media.api-sports.io/football/teams/137.png,False,5.0,1.0,3.0,0.0,5.0,1.0,,,,,,,
328719,Wanderson Alves de Souza,UTC,2021-01-19T22:15:00+00:00,1611094500,1611094500.0,1611098100.0,219.0,Estádio Santa Cruz,"Ribeirão Preto, São Paulo",Match Finished,FT,90.0,72,Serie B,Brazil,https://media.api-sports.io/football/leagues/72.png,https://media.api-sports.io/flags/br.svg,2020,Regular Season - 36,2618,Botafogo SP,https://media.api-sports.io/football/teams/2618.png,False,150,CSA,https://media.api-sports.io/football/teams/150.png,True,1.0,3.0,0.0,1.0,1.0,3.0,,,,,,,
328723,Antonio Dib Moraes de Sousa,UTC,2021-01-19T22:15:00+00:00,1611094500,1611094500.0,1611098100.0,273.0,Estádio Estadual Lourival Baptista,"Aracaju, Sergipe",Match Finished,FT,90.0,72,Serie B,Brazil,https://media.api-sports.io/football/leagues/72.png,https://media.api-sports.io/flags/br.svg,2020,Regular Season - 36,7772,Confiança,https://media.api-sports.io/football/teams/7772.png,False,155,Sampaio Correa,https://media.api-sports.io/football/teams/155.png,True,0.0,1.0,0.0,0.0,0.0,1.0,,,,,,,
328720,Bruno Arleu de Araujo,UTC,2021-01-20T00:30:00+00:00,1611102600,1611102600.0,1611106200.0,259.0,Estádio Durival de Britto e Silva,"Curitiba, Paraná",Match Finished,FT,90.0,72,Serie B,Brazil,https://media.api-sports.io/football/leagues/72.png,https://media.api-sports.io/flags/br.svg,2020,Regular Season - 36,122,Parana,https://media.api-sports.io/football/teams/122.png,False,1193,Cuiaba,https://media.api-sports.io/football/teams/1193.png,True,0.0,2.0,0.0,1.0,0.0,2.0,,,,,,,
328718,Wagner do Nascimento Magalhaes,UTC,2021-01-20T19:00:00+00:00,1611169200,1611169200.0,1611172800.0,242.0,Estádio Brinco de Ouro da Princesa,"Campinas, São Paulo",Match Finished,FT,90.0,72,Serie B,Brazil,https://media.api-sports.io/football/leagues/72.png,https://media.api-sports.io/flags/br.svg,2020,Regular Season - 36,138,Guarani Campinas,https://media.api-sports.io/football/teams/138.png,False,136,Vitoria,https://media.api-sports.io/football/teams/136.png,True,1.0,2.0,1.0,1.0,1.0,2.0,,,,,,,
328722,Alexandre Vargas Tavares de Jesus,UTC,2021-01-20T22:15:00+00:00,1611180900,1611180900.0,1611184500.0,,Aflitos,Recife,Match Finished,FT,90.0,72,Serie B,Brazil,https://media.api-sports.io/football/leagues/72.png,https://media.api-sports.io/flags/br.svg,2020,Regular Season - 36,755,Nautico Recife,https://media.api-sports.io/football/teams/755.png,True,143,Oeste,https://media.api-sports.io/football/teams/143.png,False,4.0,1.0,3.0,0.0,4.0,1.0,,,,,,,
328715,Marcelo Aparecido Ribeiro De Souza,UTC,2021-01-21T00:30:00+00:00,1611189000,1611189000.0,1611192600.0,206.0,Estádio Raimundo Sampaio,"Belo Horizonte, Minas Gerais",Match Finished,FT,90.0,72,Serie B,Brazil,https://media.api-sports.io/football/leagues/72.png,https://media.api-sports.io/flags/br.svg,2020,Regular Season - 36,135,Cruzeiro,https://media.api-sports.io/football/teams/135.png,True,1223,Operario-PR,https://media.api-sports.io/football/teams/1223.png,False,2.0,1.0,1.0,0.0,2.0,1.0,,,,,,,
328724,Rodrigo Batista Raposo,UTC,2021-01-21T20:45:00+00:00,1611261900,1611261900.0,1611265500.0,227.0,Arena Condá,"Chapecó, Santa Catarina",Match Finished,FT,90.0,72,Serie B,Brazil,https://media.api-sports.io/football/leagues/72.png,https://media.api-sports.io/flags/br.svg,2020,Regular Season - 36,132,Chapecoense-sc,https://media.api-sports.io/football/teams/132.png,True,139,Ponte Preta,https://media.api-sports.io/football/teams/139.png,False,1.0,0.0,0.0,0.0,1.0,0.0,,,,,,,
328731,Pablo Ramón Goncalves Pinheiro,UTC,2021-01-22T19:00:00+00:00,1611342000,1611342000.0,1611345600.0,248.0,Estádio Alfredo Jaconi,"Caxias do Sul, Rio Grande do Sul",Match Finished,FT,90.0,72,Serie B,Brazil,https://media.api-sports.io/football/leagues/72.png,https://media.api-sports.io/flags/br.svg,2020,Regular Season - 37,152,Juventude,https://media.api-sports.io/football/teams/152.png,True,137,Figueirense,https://media.api-sports.io/football/teams/137.png,False,2.0,1.0,0.0,0.0,2.0,1.0,,,,,,,
328727,Rodolpho Toski Marques,UTC,2021-01-22T22:15:00+00:00,1611353700,1611353700.0,1611357300.0,232.0,Estádio Rei Pelé,"Maceió, Alagoas",Match Finished,FT,90.0,72,Serie B,Brazil,https://media.api-sports.io/football/leagues/72.png,https://media.api-sports.io/flags/br.svg,2020,Regular Season - 37,150,CSA,https://media.api-sports.io/football/teams/150.png,,141,Brasil DE Pelotas,https://media.api-sports.io/football/teams/141.png,,1.0,1.0,0.0,1.0,1.0,1.0,,,,,,,
328734,André Rodrigo Rocha,UTC,2021-01-23T00:30:00+00:00,1611361800,1611361800.0,1611365400.0,235.0,Arena Pantanal,"Cuiabá, Mato Grosso",Match Finished,FT,90.0,72,Serie B,Brazil,https://media.api-sports.io/football/leagues/72.png,https://media.api-sports.io/flags/br.svg,2020,Regular Season - 37,1193,Cuiaba,https://media.api-sports.io/football/teams/1193.png,False,155,Sampaio Correa,https://media.api-sports.io/football/teams/155.png,True,1.0,3.0,0.0,2.0,1.0,3.0,,,,,,,
328733,Paulo Roberto Alves Júnior,UTC,2021-01-23T19:15:00+00:00,1611429300,1611429300.0,1611432900.0,273.0,Estádio Estadual Lourival Baptista,"Aracaju, Sergipe",Match Finished,FT,90.0,72,Serie B,Brazil,https://media.api-sports.io/football/leagues/72.png,https://media.api-sports.io/flags/br.svg,2020,Regular Season - 37,7772,Confiança,https://media.api-sports.io/football/teams/7772.png,,125,America Mineiro,https://media.api-sports.io/football/teams/125.png,,0.0,0.0,0.0,0.0,0.0,0.0,,,,,,,
328726,Diego Pombo Lopez,UTC,2021-01-23T21:30:00+00:00,1611437400,1611437400.0,1611441000.0,214.0,Estádio Aderbal Ramos da Silva,"Florianópolis, Santa Catarina",Match Finished,FT,90.0,72,Serie B,Brazil,https://media.api-sports.io/football/leagues/72.png,https://media.api-sports.io/flags/br.svg,2020,Regular Season - 37,145,Avai,https://media.api-sports.io/football/teams/145.png,True,138,Guarani Campinas,https://media.api-sports.io/football/teams/138.png,False,2.0,1.0,1.0,0.0,2.0,1.0,,,,,,,
328725,Flavio Rodrigues De Souza,UTC,2021-01-24T19:00:00+00:00,1611514800,1611514800.0,1611518400.0,206.0,Estádio Raimundo Sampaio,"Belo Horizonte, Minas Gerais",Match Finished,FT,90.0,72,Serie B,Brazil,https://media.api-sports.io/football/leagues/72.png,https://media.api-sports.io/flags/br.svg,2020,Regular Season - 37,135,Cruzeiro,https://media.api-sports.io/football/teams/135.png,,755,Nautico Recife,https://media.api-sports.io/football/teams/755.png,,0.0,0.0,0.0,0.0,0.0,0.0,,,,,,,
328728,Jefferson Ferreira de Moraes,UTC,2021-01-24T21:15:00+00:00,1611522900,1611522900.0,1611526500.0,261.0,Estádio Moisés Lucarelli,"Campinas, São Paulo",Match Finished,FT,90.0,72,Serie B,Brazil,https://media.api-sports.io/football/leagues/72.png,https://media.api-sports.io/flags/br.svg,2020,Regular Season - 37,139,Ponte Preta,https://media.api-sports.io/football/teams/139.png,True,146,CRB,https://media.api-sports.io/football/teams/146.png,False,3.0,1.0,2.0,0.0,3.0,1.0,,,,,,,
328730,Gilberto Rodrigues Castro Junior,UTC,2021-01-25T20:00:00+00:00,1611604800,1611604800.0,1611608400.0,256.0,Estádio Germano Krüger,"Ponta Grossa, Paraná",Match Finished,FT,90.0,72,Serie B,Brazil,https://media.api-sports.io/football/leagues/72.png,https://media.api-sports.io/flags/br.svg,2020,Regular Season - 37,1223,Operario-PR,https://media.api-sports.io/football/teams/1223.png,True,132,Chapecoense-sc,https://media.api-sports.io/football/teams/132.png,False,2.0,0.0,1.0,0.0,2.0,0.0,,,,,,,
328729,Rodrigo Carvalhaes de Miranda,UTC,2021-01-26T22:15:00+00:00,1611699300,1611699300.0,1611702900.0,255.0,Arena Barueri,"Barueri, São Paulo",Match Finished,FT,90.0,72,Serie B,Brazil,https://media.api-sports.io/football/leagues/72.png,https://media.api-sports.io/flags/br.svg,2020,Regular Season - 37,143,Oeste,https://media.api-sports.io/football/teams/143.png,True,122,Parana,https://media.api-sports.io/football/teams/122.png,False,1.0,0.0,0.0,0.0,1.0,0.0,,,,,,,
328732,Emerson De Almeida Ferreira,UTC,2021-01-27T00:30:00+00:00,1611707400,1611707400.0,1611711000.0,281.0,Estádio Manoel Barradas,"Salvador, Bahia",Match Finished,FT,90.0,72,Serie B,Brazil,https://media.api-sports.io/football/leagues/72.png,https://media.api-sports.io/flags/br.svg,2020,Regular Season - 37,136,Vitoria,https://media.api-sports.io/football/teams/136.png,True,2618,Botafogo SP,https://media.api-sports.io/football/teams/2618.png,False,1.0,0.0,0.0,0.0,1.0,0.0,,,,,,,
328736,Marcelo de Lima Henrique,UTC,2021-01-29T19:00:00+00:00,1611946800,1611946800.0,1611950400.0,7126.0,Estádio Orlando Scarpelli,"Florianópolis, Santa Catarina",Match Finished,FT,90.0,72,Serie B,Brazil,https://media.api-sports.io/football/leagues/72.png,https://media.api-sports.io/flags/br.svg,2020,Regular Season - 38,137,Figueirense,https://media.api-sports.io/football/teams/137.png,False,139,Ponte Preta,https://media.api-sports.io/football/teams/139.png,True,2.0,7.0,1.0,4.0,2.0,7.0,,,,,,,
328743,Rodrigo da Fonseca Silva,UTC,2021-01-29T20:00:00+00:00,1611950400,1611950400.0,1611954000.0,265.0,Estádio Governador João Castelo,"São Luís, Maranhão",Match Finished,FT,90.0,72,Serie B,Brazil,https://media.api-sports.io/football/leagues/72.png,https://media.api-sports.io/flags/br.svg,2020,Regular Season - 38,155,Sampaio Correa,https://media.api-sports.io/football/teams/155.png,True,143,Oeste,https://media.api-sports.io/football/teams/143.png,False,1.0,0.0,0.0,0.0,1.0,0.0,,,,,,,
328737,Rodrigo José Pereira de Lima,UTC,2021-01-29T22:15:00+00:00,1611958500,1611958500.0,1611962100.0,232.0,Estádio Rei Pelé,"Maceió, Alagoas",Match Finished,FT,90.0,72,Serie B,Brazil,https://media.api-sports.io/football/leagues/72.png,https://media.api-sports.io/flags/br.svg,2020,Regular Season - 38,146,CRB,https://media.api-sports.io/football/teams/146.png,True,1193,Cuiaba,https://media.api-sports.io/football/teams/1193.png,False,4.0,1.0,2.0,0.0,4.0,1.0,,,,,,,
328739,Thayslane Costa,UTC,2021-01-29T22:15:00+00:00,1611958500,1611958500.0,1611962100.0,219.0,Estádio Santa Cruz,"Ribeirão Preto, São Paulo",Match Finished,FT,90.0,72,Serie B,Brazil,https://media.api-sports.io/football/leagues/72.png,https://media.api-sports.io/flags/br.svg,2020,Regular Season - 38,2618,Botafogo SP,https://media.api-sports.io/football/teams/2618.png,False,1223,Operario-PR,https://media.api-sports.io/football/teams/1223.png,True,0.0,1.0,0.0,1.0,0.0,1.0,,,,,,,
328740,Jean Pierre Goncalves Lima,UTC,2021-01-30T00:30:00+00:00,1611966600,1611966600.0,1611970200.0,259.0,Estádio Durival de Britto e Silva,"Curitiba, Paraná",Match Finished,FT,90.0,72,Serie B,Brazil,https://media.api-sports.io/football/leagues/72.png,https://media.api-sports.io/flags/br.svg,2020,Regular Season - 38,122,Parana,https://media.api-sports.io/football/teams/122.png,,135,Cruzeiro,https://media.api-sports.io/football/teams/135.png,,0.0,0.0,0.0,0.0,0.0,0.0,,,,,,,
328735,Flavio Rodrigues De Souza,UTC,2021-01-30T00:30:00+00:00,1611966600,1611966600.0,1611970200.0,206.0,Estádio Raimundo Sampaio,"Belo Horizonte, Minas Gerais",Match Finished,FT,90.0,72,Serie B,Brazil,https://media.api-sports.io/football/leagues/72.png,https://media.api-sports.io/flags/br.svg,2020,Regular Season - 38,125,America Mineiro,https://media.api-sports.io/football/teams/125.png,True,145,Avai,https://media.api-sports.io/football/teams/145.png,False,2.0,1.0,2.0,0.0,2.0,1.0,,,,,,,
328744,Anderson Daronco,UTC,2021-01-30T00:30:00+00:00,1611966600,1611966600.0,1611970200.0,227.0,Arena Condá,"Chapecó, Santa Catarina",Match Finished,FT,90.0,72,Serie B,Brazil,https://media.api-sports.io/football/leagues/72.png,https://media.api-sports.io/flags/br.svg,2020,Regular Season - 38,132,Chapecoense-sc,https://media.api-sports.io/football/teams/132.png,True,7772,Confiança,https://media.api-sports.io/football/teams/7772.png,False,3.0,1.0,1.0,0.0,3.0,1.0,,,,,,,
328738,Bruno Arleu de Araujo,UTC,2021-01-30T00:30:00+00:00,1611966600,1611966600.0,1611970200.0,242.0,Estádio Brinco de Ouro da Princesa,"Campinas, São Paulo",Match Finished,FT,90.0,72,Serie B,Brazil,https://media.api-sports.io/football/leagues/72.png,https://media.api-sports.io/flags/br.svg,2020,Regular Season - 38,138,Guarani Campinas,https://media.api-sports.io/football/teams/138.png,False,152,Juventude,https://media.api-sports.io/football/teams/152.png,True,0.0,1.0,0.0,1.0,0.0,1.0,,,,,,,
328741,Caio Max Augusto Vieira,UTC,2021-01-30T00:30:00+00:00,1611966600,1611966600.0,1611970200.0,2797.0,Estádio Bento da Silva Freitas,"Pelotas, Rio Grande do Sul",Match Finished,FT,90.0,72,Serie B,Brazil,https://media.api-sports.io/football/leagues/72.png,https://media.api-sports.io/flags/br.svg,2020,Regular Season - 38,141,Brasil DE Pelotas,https://media.api-sports.io/football/teams/141.png,False,136,Vitoria,https://media.api-sports.io/football/teams/136.png,True,0.0,1.0,0.0,0.0,0.0,1.0,,,,,,,
328742,Wagner do Nascimento Magalhaes,UTC,2021-01-30T00:30:00+00:00,1611966600,1611966600.0,1611970200.0,,Aflitos,Recife,Match Finished,FT,90.0,72,Serie B,Brazil,https://media.api-sports.io/football/leagues/72.png,https://media.api-sports.io/flags/br.svg,2020,Regular Season - 38,755,Nautico Recife,https://media.api-sports.io/football/teams/755.png,,150,CSA,https://media.api-sports.io/football/teams/150.png,,1.0,1.0,1.0,0.0,1.0,1.0,,,,,,,
