fixture_id,fixture_referee,fixture_timezone,fixture_date,fixture_timestamp,fixture_periods_first,fixture_periods_second,fixture_venue_id,fixture_venue_name,fixture_venue_city,fixture_status_long,fixture_status_short,fixture_status_elapsed,league_id,league_name,league_country,league_logo,league_flag,league_season,league_round,teams_home_id,teams_home_name,teams_home_logo,teams_home_winner,teams_away_id,teams_away_name,teams_away_logo,teams_away_winner,goals_home,goals_away,score_halftime_home,score_halftime_away,score_fulltime_home,score_fulltime_away,score_extratime_home,score_extratime_away,score_penalty_home,score_penalty_away,fixture_status_extra,league_standings,chave
1006447,Emerson Ricardo de Almeida Andrade,UTC,2023-04-14T22:00:00+00:00,1681509600,1681509600.0,1681513200.0,242.0,Estádio Brinco de Ouro da Princesa,"Campinas, São Paulo",Match Finished,FT,90.0,72,Serie B,Brazil,https://media.api-sports.io/football/leagues/72.png,https://media.api-sports.io/flags/br.svg,2023,Regular Season - 1,138,Guarani Campinas,https://media.api-sports.io/football/teams/138.png,True,145,Avai,https://media.api-sports.io/football/teams/145.png,False,4.0,1.0,1.0,0.0,4.0,1.0,,,,,,,
1006450,Bruno Arleu de Araujo,UTC,2023-04-15T00:30:00+00:00,1681518600,1681518600.0,1681522200.0,5632.0,Estádio Municipal Dr. Novelli Júnior,"Itu, São Paulo",Match Finished,FT,90.0,72,Serie B,Brazil,https://media.api-sports.io/football/leagues/72.png,https://media.api-sports.io/flags/br.svg,2023,Regular Season - 1,7779,Ituano,https://media.api-sports.io/football/teams/7779.png,True,129,Ceara,https://media.api-sports.io/football/teams/129.png,False,2.0,0.0,1.0,0.0,2.0,0.0,,,,,,,
1006448,Léo Simão Holanda,UTC,2023-04-15T19:00:00+00:00,1681585200,1681585200.0,1681588800.0,280.0,Estádio Onésio Brasileiro Alvarenga,"Goiânia, Goiás",Match Finished,FT,90.0,72,Serie B,Brazil,https://media.api-sports.io/football/leagues/72.png,https://media.api-sports.io/flags/br.svg,2023,Regular Season - 1,142,Vila Nova,https://media.api-sports.io/football/teams/142.png,True,7834,Novorizontino,https://media.api-sports.io/football/teams/7834.png,False,2.0,1.0,2.0,0.0,2.0,1.0,,,,,,,
1006453,João,UTC,2023-04-15T20:00:00+00:00,1681588800,1681588800.0,1681592400.0,265.0,Estádio Governador João Castelo,"São Luís, Maranhão",Match Finished,FT,90.0,72,Serie B,Brazil,https://media.api-sports.io/football/leagues/72.png,https://media.api-sports.io/flags/br.svg,2023,Regular Season - 1,155,Sampaio Correa,https://media.api-sports.io/football/teams/155.png,,144,Atletico Goianiense,https://media.api-sports.io/football/teams/144.png,,3.0,3.0,1.0,2.0,3.0,3.0,,,,,,,
1006451,Bruno Mota Correia,UTC,2023-04-15T20:00:00+00:00,1681588800,1681588800.0,1681592400.0,5676.0,Estádio José Maria de Campos Maia,"Mirassol, São Paulo",Match Finished,FT,90.0,72,Serie B,Brazil,https://media.api-sports.io/football/leagues/72.png,https://media.api-sports.io/flags/br.svg,2023,Regular Season - 1,7848,Mirassol,https://media.api-sports.io/football/teams/7848.png,True,132,Chapecoense-sc,https://media.api-sports.io/football/teams/132.png,False,1.0,0.0,0.0,0.0,1.0,0.0,,,,,,,
1006454,Yuri Elino Ferreira da Cruz,UTC,2023-04-15T21:15:00+00:00,1681593300,1681593300.0,1681596900.0,248.0,Estádio Alfredo Jaconi,"Caxias do Sul, Rio Grande do Sul",Match Finished,FT,90.0,72,Serie B,Brazil,https://media.api-sports.io/football/leagues/72.png,https://media.api-sports.io/flags/br.svg,2023,Regular Season - 1,152,Juventude,https://media.api-sports.io/football/teams/152.png,False,2618,Botafogo SP,https://media.api-sports.io/football/teams/2618.png,True,1.0,2.0,0.0,1.0,1.0,2.0,,,,,,,
1006449,Denis Ribeiro Serafim,UTC,2023-04-16T14:00:00+00:00,1681653600,1681653600.0,1681657200.0,233.0,Estádio Heriberto Hülse,"Criciúma, Santa Catarina",Match Finished,FT,90.0,72,Serie B,Brazil,https://media.api-sports.io/football/leagues/72.png,https://media.api-sports.io/flags/br.svg,2023,Regular Season - 1,140,Criciuma,https://media.api-sports.io/football/teams/140.png,True,2227,Tombense,https://media.api-sports.io/football/teams/2227.png,False,2.0,0.0,1.0,0.0,2.0,0.0,,,,,,,
1006455,Flavio Rodrigues De Souza,UTC,2023-04-16T18:30:00+00:00,1681669800,1681669800.0,1681673400.0,249.0,Estádio Municipal Jacy Scaff,"Londrina, Paraná",Match Finished,FT,90.0,72,Serie B,Brazil,https://media.api-sports.io/football/leagues/72.png,https://media.api-sports.io/flags/br.svg,2023,Regular Season - 1,148,Londrina,https://media.api-sports.io/football/teams/148.png,True,754,ABC,https://media.api-sports.io/football/teams/754.png,False,1.0,0.0,0.0,0.0,1.0,0.0,,,,,,,
1006452,Wagner do Nascimento Magalhaes,UTC,2023-04-16T21:00:00+00:00,1681678800,1681678800.0,1681682400.0,281.0,Estádio Manoel Barradas,"Salvador, Bahia",Match Finished,FT,90.0,72,Serie B,Brazil,https://media.api-sports.io/football/leagues/72.png,https://media.api-sports.io/flags/br.svg,2023,Regular Season - 1,136,Vitoria,https://media.api-sports.io/football/teams/136.png,True,139,Ponte Preta,https://media.api-sports.io/football/teams/139.png,False,3.0,0.0,2.0,0.0,3.0,0.0,,,,,,,
1006458,Felipe Fernandes de Lima,UTC,2023-04-21T19:30:00+00:00,1682105400,1682105400.0,1682109000.0,211.0,Estádio Antônio Accioly,"Goiânia, Goiás",Match Finished,FT,90.0,72,Serie B,Brazil,https://media.api-sports.io/football/leagues/72.png,https://media.api-sports.io/flags/br.svg,2023,Regular Season - 2,144,Atletico Goianiense,https://media.api-sports.io/football/teams/144.png,True,146,CRB,https://media.api-sports.io/football/teams/146.png,False,2.0,1.0,2.0,0.0,2.0,1.0,,,,,,,
1006460,Murilo Francisco Misson Junior,UTC,2023-04-21T22:00:00+00:00,1682114400,1682114400.0,1682118000.0,219.0,Estádio Santa Cruz,"Ribeirão Preto, São Paulo",Match Finished,FT,90.0,72,Serie B,Brazil,https://media.api-sports.io/football/leagues/72.png,https://media.api-sports.io/flags/br.svg,2023,Regular Season - 2,2618,Botafogo SP,https://media.api-sports.io/football/teams/2618.png,True,155,Sampaio Correa,https://media.api-sports.io/football/teams/155.png,False,1.0,0.0,1.0,0.0,1.0,0.0,,,,,,,
1006457,Leandro Vuaden,UTC,2023-04-22T00:30:00+00:00,1682123400,1682123400.0,1682127000.0,261.0,Estádio Moisés Lucarelli,"Campinas, São Paulo",Match Finished,FT,90.0,72,Serie B,Brazil,https://media.api-sports.io/football/leagues/72.png,https://media.api-sports.io/flags/br.svg,2023,Regular Season - 2,139,Ponte Preta,https://media.api-sports.io/football/teams/139.png,False,140,Criciuma,https://media.api-sports.io/football/teams/140.png,True,1.0,2.0,1.0,2.0,1.0,2.0,,,,,,,
1006465,Marcelo de Lima Henrique,UTC,2023-04-22T14:00:00+00:00,1682172000,1682172000.0,1682175600.0,8268.0,Estádio Soares de Azevedo,"Muriaé, Minas Gerais",Match Finished,FT,90.0,72,Serie B,Brazil,https://media.api-sports.io/football/leagues/72.png,https://media.api-sports.io/flags/br.svg,2023,Regular Season - 2,2227,Tombense,https://media.api-sports.io/football/teams/2227.png,True,7779,Ituano,https://media.api-sports.io/football/teams/7779.png,False,3.0,0.0,1.0,0.0,3.0,0.0,,,,,,,
1006459,Maguielson Lima Barbosa,UTC,2023-04-22T19:00:00+00:00,1682190000,1682190000.0,1682193600.0,214.0,Estádio Aderbal Ramos da Silva,"Florianópolis, Santa Catarina",Match Finished,FT,90.0,72,Serie B,Brazil,https://media.api-sports.io/football/leagues/72.png,https://media.api-sports.io/flags/br.svg,2023,Regular Season - 2,145,Avai,https://media.api-sports.io/football/teams/145.png,True,7848,Mirassol,https://media.api-sports.io/football/teams/7848.png,False,1.0,0.0,0.0,0.0,1.0,0.0,,,,,,,
1006461,Emerson Ricardo de Almeida Andrade,UTC,2023-04-22T20:00:00+00:00,1682193600,1682193600.0,1682197200.0,5664.0,Estádio Dr. Jorge Ismael de Biasi,"Novo Horizonte, São Paulo",Match Finished,FT,90.0,72,Serie B,Brazil,https://media.api-sports.io/football/leagues/72.png,https://media.api-sports.io/flags/br.svg,2023,Regular Season - 2,7834,Novorizontino,https://media.api-sports.io/football/teams/7834.png,True,152,Juventude,https://media.api-sports.io/football/teams/152.png,False,1.0,0.0,1.0,0.0,1.0,0.0,,,,,,,
1006463,Yuri Elino Ferreira da Cruz,UTC,2023-04-22T21:15:00+00:00,1682198100,1682198100.0,1682201700.0,237.0,Estádio Municipal Presidente Getúlio Vargas,"Fortaleza, Ceará",Match Finished,FT,90.0,72,Serie B,Brazil,https://media.api-sports.io/football/leagues/72.png,https://media.api-sports.io/flags/br.svg,2023,Regular Season - 2,129,Ceara,https://media.api-sports.io/football/teams/129.png,False,138,Guarani Campinas,https://media.api-sports.io/football/teams/138.png,True,0.0,3.0,0.0,2.0,0.0,3.0,,,,,,,
1006464,Bruno Pereira Vasconcelos,UTC,2023-04-23T18:30:00+00:00,1682274600,1682274600.0,1682278200.0,227.0,Arena Condá,"Chapecó, Santa Catarina",Match Finished,FT,90.0,72,Serie B,Brazil,https://media.api-sports.io/football/leagues/72.png,https://media.api-sports.io/flags/br.svg,2023,Regular Season - 2,132,Chapecoense-sc,https://media.api-sports.io/football/teams/132.png,True,148,Londrina,https://media.api-sports.io/football/teams/148.png,False,3.0,0.0,0.0,0.0,3.0,0.0,,,,,,,
1006466,Matheus Delgado Candançan,UTC,2023-04-23T21:00:00+00:00,1682283600,1682283600.0,1682287200.0,205.0,Estádio Maria Lamas Farache,"Natal, Rio Grande do Norte",Match Finished,FT,90.0,72,Serie B,Brazil,https://media.api-sports.io/football/leagues/72.png,https://media.api-sports.io/flags/br.svg,2023,Regular Season - 2,754,ABC,https://media.api-sports.io/football/teams/754.png,False,136,Vitoria,https://media.api-sports.io/football/teams/136.png,True,0.0,3.0,0.0,0.0,0.0,3.0,,,,,,,
1006472,Paulo Henrique Schleinch Vollkopf,UTC,2023-04-28T22:00:00+00:00,1682719200,1682719200.0,1682722800.0,281.0,Estádio Manoel Barradas,"Salvador, Bahia",Match Finished,FT,90.0,72,Serie B,Brazil,https://media.api-sports.io/football/leagues/72.png,https://media.api-sports.io/flags/br.svg,2023,Regular Season - 3,136,Vitoria,https://media.api-sports.io/football/teams/136.png,True,148,Londrina,https://media.api-sports.io/football/teams/148.png,False,2.0,0.0,2.0,0.0,2.0,0.0,,,,,,,
1006469,Wagner do Nascimento Magalhaes,UTC,2023-04-28T22:00:00+00:00,1682719200,1682719200.0,1682722800.0,233.0,Estádio Heriberto Hülse,"Criciúma, Santa Catarina",Match Finished,FT,90.0,72,Serie B,Brazil,https://media.api-sports.io/football/leagues/72.png,https://media.api-sports.io/flags/br.svg,2023,Regular Season - 3,140,Criciuma,https://media.api-sports.io/football/teams/140.png,True,145,Avai,https://media.api-sports.io/football/teams/145.png,False,1.0,0.0,1.0,0.0,1.0,0.0,,,,,,,
1006467,Bruno Mota Correia,UTC,2023-04-29T00:30:00+00:00,1682728200,1682728200.0,1682731800.0,242.0,Estádio Brinco de Ouro da Princesa,"Campinas, São Paulo",Match Finished,FT,90.0,72,Serie B,Brazil,https://media.api-sports.io/football/leagues/72.png,https://media.api-sports.io/flags/br.svg,2023,Regular Season - 3,138,Guarani Campinas,https://media.api-sports.io/football/teams/138.png,True,7779,Ituano,https://media.api-sports.io/football/teams/7779.png,False,1.0,0.0,1.0,0.0,1.0,0.0,,,,,,,
1006473,Jefferson Ferreira de Moraes,UTC,2023-04-29T19:00:00+00:00,1682794800,1682794800.0,1682798400.0,265.0,Estádio Governador João Castelo,"São Luís, Maranhão",Match Finished,FT,90.0,72,Serie B,Brazil,https://media.api-sports.io/football/leagues/72.png,https://media.api-sports.io/flags/br.svg,2023,Regular Season - 3,155,Sampaio Correa,https://media.api-sports.io/football/teams/155.png,False,7848,Mirassol,https://media.api-sports.io/football/teams/7848.png,True,1.0,3.0,0.0,1.0,1.0,3.0,,,,,,,
1006474,Léo Simão Holanda,UTC,2023-04-29T20:00:00+00:00,1682798400,1682798400.0,1682802000.0,227.0,Arena Condá,"Chapecó, Santa Catarina",Match Finished,FT,90.0,72,Serie B,Brazil,https://media.api-sports.io/football/leagues/72.png,https://media.api-sports.io/flags/br.svg,2023,Regular Season - 3,132,Chapecoense-sc,https://media.api-sports.io/football/teams/132.png,,139,Ponte Preta,https://media.api-sports.io/football/teams/139.png,,1.0,1.0,0.0,1.0,1.0,1.0,,,,,,,
1006470,José Mendonça,UTC,2023-04-29T20:00:00+00:00,1682798400,1682798400.0,1682802000.0,219.0,Estádio Santa Cruz,"Ribeirão Preto, São Paulo",Match Finished,FT,90.0,72,Serie B,Brazil,https://media.api-sports.io/football/leagues/72.png,https://media.api-sports.io/flags/br.svg,2023,Regular Season - 3,2618,Botafogo SP,https://media.api-sports.io/football/teams/2618.png,True,146,CRB,https://media.api-sports.io/football/teams/146.png,False,2.0,0.0,1.0,0.0,2.0,0.0,,,,,,,
1006475,Thiago Luis Scarascati,UTC,2023-04-29T21:15:00+00:00,1682802900,1682802900.0,1682806500.0,8268.0,Estádio Soares de Azevedo,"Muriaé, Minas Gerais",Match Finished,FT,90.0,72,Serie B,Brazil,https://media.api-sports.io/football/leagues/72.png,https://media.api-sports.io/flags/br.svg,2023,Regular Season - 3,2227,Tombense,https://media.api-sports.io/football/teams/2227.png,,144,Atletico Goianiense,https://media.api-sports.io/football/teams/144.png,,1.0,1.0,0.0,1.0,1.0,1.0,,,,,,,
1006471,Paulo Cesar Zanovelli da Silva,UTC,2023-04-30T18:30:00+00:00,1682879400,1682879400.0,1682883000.0,5664.0,Estádio Dr. Jorge Ismael de Biasi,"Novo Horizonte, São Paulo",Match Finished,FT,90.0,72,Serie B,Brazil,https://media.api-sports.io/football/leagues/72.png,https://media.api-sports.io/flags/br.svg,2023,Regular Season - 3,7834,Novorizontino,https://media.api-sports.io/football/teams/7834.png,,123,Sport Recife,https://media.api-sports.io/football/teams/123.png,,0.0,0.0,0.0,0.0,0.0,0.0,,,,,,,
1006476,Felipe Fernandes de Lima,UTC,2023-04-30T21:00:00+00:00,1682888400,1682888400.0,1682892000.0,205.0,Estádio Maria Lamas Farache,"Natal, Rio Grande do Norte",Match Finished,FT,90.0,72,Serie B,Brazil,https://media.api-sports.io/football/leagues/72.png,https://media.api-sports.io/flags/br.svg,2023,Regular Season - 3,754,ABC,https://media.api-sports.io/football/teams/754.png,False,129,Ceara,https://media.api-sports.io/football/teams/129.png,True,1.0,2.0,1.0,2.0,1.0,2.0,,,,,,,
1006468,Diego Pombo Lopez,UTC,2023-04-30T21:15:00+00:00,1682889300,1682889300.0,1682892900.0,280.0,Estádio Onésio Brasileiro Alvarenga,"Goiânia, Goiás",Match Finished,FT,90.0,72,Serie B,Brazil,https://media.api-sports.io/football/leagues/72.png,https://media.api-sports.io/flags/br.svg,2023,Regular Season - 3,142,Vila Nova,https://media.api-sports.io/football/teams/142.png,True,152,Juventude,https://media.api-sports.io/football/teams/152.png,False,1.0,0.0,1.0,0.0,1.0,0.0,,,,,,,
1006485,Matheus Delgado Candançan,UTC,2023-05-01T19:00:00+00:00,1682967600,1682967600.0,1682971200.0,249.0,Estádio Municipal Jacy Scaff,"Londrina, Paraná",Match Finished,FT,90.0,72,Serie B,Brazil,https://media.api-sports.io/football/leagues/72.png,https://media.api-sports.io/flags/br.svg,2023,Regular Season - 4,148,Londrina,https://media.api-sports.io/football/teams/148.png,,140,Criciuma,https://media.api-sports.io/football/teams/140.png,,1.0,1.0,1.0,1.0,1.0,1.0,,,,,,,
1006477,Marielson Alves Silva,UTC,2023-05-02T22:00:00+00:00,1683064800,1683064800.0,1683068400.0,261.0,Estádio Moisés Lucarelli,"Campinas, São Paulo",Match Finished,FT,90.0,72,Serie B,Brazil,https://media.api-sports.io/football/leagues/72.png,https://media.api-sports.io/flags/br.svg,2023,Regular Season - 4,139,Ponte Preta,https://media.api-sports.io/football/teams/139.png,True,2618,Botafogo SP,https://media.api-sports.io/football/teams/2618.png,False,2.0,0.0,0.0,0.0,2.0,0.0,,,,,,,
1006486,Douglas Marques das Flores,UTC,2023-05-02T22:00:00+00:00,1683064800,1683064800.0,1683068400.0,232.0,Estádio Rei Pelé,"Maceió, Alagoas",Match Finished,FT,90.0,72,Serie B,Brazil,https://media.api-sports.io/football/leagues/72.png,https://media.api-sports.io/flags/br.svg,2023,Regular Season - 4,146,CRB,https://media.api-sports.io/football/teams/146.png,,155,Sampaio Correa,https://media.api-sports.io/football/teams/155.png,,0.0,0.0,0.0,0.0,0.0,0.0,,,,,,,
1006478,Yuri Elino Ferreira da Cruz,UTC,2023-05-03T00:30:00+00:00,1683073800,1683073800.0,1683077400.0,211.0,Estádio Antônio Accioly,"Goiânia, Goiás",Match Finished,FT,90.0,72,Serie B,Brazil,https://media.api-sports.io/football/leagues/72.png,https://media.api-sports.io/flags/br.svg,2023,Regular Season - 4,144,Atletico Goianiense,https://media.api-sports.io/football/teams/144.png,True,132,Chapecoense-sc,https://media.api-sports.io/football/teams/132.png,False,2.0,1.0,1.0,0.0,2.0,1.0,,,,,,,
1006484,Dyorgines José Padovani Andrade,UTC,2023-05-03T22:00:00+00:00,1683151200,1683151200.0,1683154800.0,248.0,Estádio Alfredo Jaconi,"Caxias do Sul, Rio Grande do Sul",Match Finished,FT,90.0,72,Serie B,Brazil,https://media.api-sports.io/football/leagues/72.png,https://media.api-sports.io/flags/br.svg,2023,Regular Season - 4,152,Juventude,https://media.api-sports.io/football/teams/152.png,True,138,Guarani Campinas,https://media.api-sports.io/football/teams/138.png,False,1.0,0.0,1.0,0.0,1.0,0.0,,,,,,,
1006480,Maguielson Lima Barbosa,UTC,2023-05-03T22:00:00+00:00,1683151200,1683151200.0,1683154800.0,5632.0,Estádio Municipal Dr. Novelli Júnior,"Itu, São Paulo",Match Finished,FT,90.0,72,Serie B,Brazil,https://media.api-sports.io/football/leagues/72.png,https://media.api-sports.io/flags/br.svg,2023,Regular Season - 4,7779,Ituano,https://media.api-sports.io/football/teams/7779.png,True,754,ABC,https://media.api-sports.io/football/teams/754.png,False,3.0,0.0,2.0,0.0,3.0,0.0,,,,,,,
1006481,Lucas Torezin,UTC,2023-05-03T22:00:00+00:00,1683151200,1683151200.0,1683154800.0,5676.0,Estádio José Maria de Campos Maia,"Mirassol, São Paulo",Match Finished,FT,90.0,72,Serie B,Brazil,https://media.api-sports.io/football/leagues/72.png,https://media.api-sports.io/flags/br.svg,2023,Regular Season - 4,7848,Mirassol,https://media.api-sports.io/football/teams/7848.png,False,7834,Novorizontino,https://media.api-sports.io/football/teams/7834.png,True,0.0,2.0,0.0,1.0,0.0,2.0,,,,,,,
1006479,Vinicius Gonçalves Dias Araujo,UTC,2023-05-04T00:15:00+00:00,1683159300,1683159300.0,1683162900.0,214.0,Estádio Aderbal Ramos da Silva,"Florianópolis, Santa Catarina",Match Finished,FT,90.0,72,Serie B,Brazil,https://media.api-sports.io/football/leagues/72.png,https://media.api-sports.io/flags/br.svg,2023,Regular Season - 4,145,Avai,https://media.api-sports.io/football/teams/145.png,False,142,Vila Nova,https://media.api-sports.io/football/teams/142.png,True,0.0,3.0,0.0,2.0,0.0,3.0,,,,,,,
1006490,Sávio Pereira,UTC,2023-05-06T00:30:00+00:00,1683333000,1683333000.0,1683336600.0,219.0,Estádio Santa Cruz,"Ribeirão Preto, São Paulo",Match Finished,FT,90.0,72,Serie B,Brazil,https://media.api-sports.io/football/leagues/72.png,https://media.api-sports.io/flags/br.svg,2023,Regular Season - 5,2618,Botafogo SP,https://media.api-sports.io/football/teams/2618.png,False,136,Vitoria,https://media.api-sports.io/football/teams/136.png,True,0.0,3.0,0.0,1.0,0.0,3.0,,,,,,,
1006489,Leandro Vuaden,UTC,2023-05-06T19:00:00+00:00,1683399600,1683399600.0,1683403200.0,233.0,Estádio Heriberto Hülse,"Criciúma, Santa Catarina",Match Finished,FT,90.0,72,Serie B,Brazil,https://media.api-sports.io/football/leagues/72.png,https://media.api-sports.io/flags/br.svg,2023,Regular Season - 5,140,Criciuma,https://media.api-sports.io/football/teams/140.png,True,7779,Ituano,https://media.api-sports.io/football/teams/7779.png,False,2.0,1.0,0.0,0.0,2.0,1.0,,,,,,,
1006493,Felipe Fernandes de Lima,UTC,2023-05-06T21:15:00+00:00,1683407700,1683407700.0,1683411300.0,265.0,Estádio Governador João Castelo,"São Luís, Maranhão",Match Finished,FT,90.0,72,Serie B,Brazil,https://media.api-sports.io/football/leagues/72.png,https://media.api-sports.io/flags/br.svg,2023,Regular Season - 5,155,Sampaio Correa,https://media.api-sports.io/football/teams/155.png,True,152,Juventude,https://media.api-sports.io/football/teams/152.png,False,2.0,1.0,0.0,1.0,2.0,1.0,,,,,,,
1006495,Edina Alves Batista,UTC,2023-05-06T21:15:00+00:00,1683407700,1683407700.0,1683411300.0,8268.0,Estádio Soares de Azevedo,"Muriaé, Minas Gerais",Match Finished,FT,90.0,72,Serie B,Brazil,https://media.api-sports.io/football/leagues/72.png,https://media.api-sports.io/flags/br.svg,2023,Regular Season - 5,2227,Tombense,https://media.api-sports.io/football/teams/2227.png,False,145,Avai,https://media.api-sports.io/football/teams/145.png,True,0.0,1.0,0.0,1.0,0.0,1.0,,,,,,,
1006491,Caio Max Augusto Vieira,UTC,2023-05-06T21:15:00+00:00,1683407700,1683407700.0,1683411300.0,5676.0,Estádio José Maria de Campos Maia,"Mirassol, São Paulo",Match Finished,FT,90.0,72,Serie B,Brazil,https://media.api-sports.io/football/leagues/72.png,https://media.api-sports.io/flags/br.svg,2023,Regular Season - 5,7848,Mirassol,https://media.api-sports.io/football/teams/7848.png,,142,Vila Nova,https://media.api-sports.io/football/teams/142.png,,1.0,1.0,1.0,1.0,1.0,1.0,,,,,,,
1006494,Dyorgines José Padovani Andrade,UTC,2023-05-06T23:30:00+00:00,1683415800,1683415800.0,1683419400.0,227.0,Arena Condá,"Chapecó, Santa Catarina",Match Finished,FT,90.0,72,Serie B,Brazil,https://media.api-sports.io/football/leagues/72.png,https://media.api-sports.io/flags/br.svg,2023,Regular Season - 5,132,Chapecoense-sc,https://media.api-sports.io/football/teams/132.png,,7834,Novorizontino,https://media.api-sports.io/football/teams/7834.png,,1.0,1.0,1.0,1.0,1.0,1.0,,,,,,,
1006496,Luiz Flávio,UTC,2023-05-06T23:30:00+00:00,1683415800,1683415800.0,1683419400.0,232.0,Estádio Rei Pelé,"Maceió, Alagoas",Match Finished,FT,90.0,72,Serie B,Brazil,https://media.api-sports.io/football/leagues/72.png,https://media.api-sports.io/flags/br.svg,2023,Regular Season - 5,146,CRB,https://media.api-sports.io/football/teams/146.png,,754,ABC,https://media.api-sports.io/football/teams/754.png,,1.0,1.0,0.0,0.0,1.0,1.0,,,,,,,
1006487,Rafael Rodrigo Klein,UTC,2023-05-07T14:00:00+00:00,1683468000,1683468000.0,1683471600.0,261.0,Estádio Moisés Lucarelli,"Campinas, São Paulo",Match Finished,FT,90.0,72,Serie B,Brazil,https://media.api-sports.io/football/leagues/72.png,https://media.api-sports.io/flags/br.svg,2023,Regular Season - 5,139,Ponte Preta,https://media.api-sports.io/football/teams/139.png,,129,Ceara,https://media.api-sports.io/football/teams/129.png,,0.0,0.0,0.0,0.0,0.0,0.0,,,,,,,
1006492,Anderson Daronco,UTC,2023-05-07T22:00:00+00:00,1683496800,1683496800.0,1683500400.0,276.0,Estádio Adelmar da Costa Carvalho,"Recife, Pernambuco",Match Finished,FT,90.0,72,Serie B,Brazil,https://media.api-sports.io/football/leagues/72.png,https://media.api-sports.io/flags/br.svg,2023,Regular Season - 5,123,Sport Recife,https://media.api-sports.io/football/teams/123.png,True,138,Guarani Campinas,https://media.api-sports.io/football/teams/138.png,False,2.0,0.0,2.0,0.0,2.0,0.0,,,,,,,
1006488,Rodrigo José Pereira de Lima,UTC,2023-05-08T23:00:00+00:00,1683586800,1683586800.0,1683590400.0,211.0,Estádio Antônio Accioly,"Goiânia, Goiás",Match Finished,FT,90.0,72,Serie B,Brazil,https://media.api-sports.io/football/leagues/72.png,https://media.api-sports.io/flags/br.svg,2023,Regular Season - 5,144,Atletico Goianiense,https://media.api-sports.io/football/teams/144.png,True,148,Londrina,https://media.api-sports.io/football/teams/148.png,False,2.0,1.0,1.0,0.0,2.0,1.0,,,,,,,
1006483,Bruno Mota Correia,UTC,2023-05-10T22:00:00+00:00,1683756000,1683756000.0,1683759600.0,237.0,Estádio Municipal Presidente Getúlio Vargas,"Fortaleza, Ceará",Match Finished,FT,90.0,72,Serie B,Brazil,https://media.api-sports.io/football/leagues/72.png,https://media.api-sports.io/flags/br.svg,2023,Regular Season - 4,129,Ceara,https://media.api-sports.io/football/teams/129.png,False,136,Vitoria,https://media.api-sports.io/football/teams/136.png,True,0.0,2.0,0.0,0.0,0.0,2.0,,,,,,,
1006482,Luiz Flávio,UTC,2023-05-11T00:30:00+00:00,1683765000,1683765000.0,1683768600.0,276.0,Estádio Adelmar da Costa Carvalho,"Recife, Pernambuco",Match Finished,FT,90.0,72,Serie B,Brazil,https://media.api-sports.io/football/leagues/72.png,https://media.api-sports.io/flags/br.svg,2023,Regular Season - 4,123,Sport Recife,https://media.api-sports.io/football/teams/123.png,True,2227,Tombense,https://media.api-sports.io/football/teams/2227.png,False,3.0,2.0,2.0,1.0,3.0,2.0,,,,,,,
1006498,André Luiz,UTC,2023-05-12T22:00:00+00:00,1683928800,1683928800.0,1683932400.0,280.0,Estádio Onésio Brasileiro Alvarenga,"Goiânia, Goiás",Match Finished,FT,90.0,72,Serie B,Brazil,https://media.api-sports.io/football/leagues/72.png,https://media.api-sports.io/flags/br.svg,2023,Regular Season - 6,142,Vila Nova,https://media.api-sports.io/football/teams/142.png,,140,Criciuma,https://media.api-sports.io/football/teams/140.png,,0.0,0.0,0.0,0.0,0.0,0.0,,,,,,,
1006499,Jean Pierre Goncalves Lima,UTC,2023-05-13T00:30:00+00:00,1683937800,1683937800.0,1683941400.0,214.0,Estádio Aderbal Ramos da Silva,"Florianópolis, Santa Catarina",Match Finished,FT,90.0,72,Serie B,Brazil,https://media.api-sports.io/football/leagues/72.png,https://media.api-sports.io/flags/br.svg,2023,Regular Season - 6,145,Avai,https://media.api-sports.io/football/teams/145.png,False,132,Chapecoense-sc,https://media.api-sports.io/football/teams/132.png,True,1.0,4.0,0.0,1.0,1.0,4.0,,,,,,,
1006504,Fabio Augusto de Sá Junior,UTC,2023-05-13T19:00:00+00:00,1684004400,1684004400.0,1684008000.0,248.0,Estádio Alfredo Jaconi,"Caxias do Sul, Rio Grande do Sul",Match Finished,FT,90.0,72,Serie B,Brazil,https://media.api-sports.io/football/leagues/72.png,https://media.api-sports.io/flags/br.svg,2023,Regular Season - 6,152,Juventude,https://media.api-sports.io/football/teams/152.png,False,7848,Mirassol,https://media.api-sports.io/football/teams/7848.png,True,0.0,1.0,0.0,0.0,0.0,1.0,,,,,,,
1006497,Leandro Vuaden,UTC,2023-05-13T20:00:00+00:00,1684008000,1684008000.0,1684011600.0,242.0,Estádio Brinco de Ouro da Princesa,"Campinas, São Paulo",Match Finished,FT,90.0,72,Serie B,Brazil,https://media.api-sports.io/football/leagues/72.png,https://media.api-sports.io/flags/br.svg,2023,Regular Season - 6,138,Guarani Campinas,https://media.api-sports.io/football/teams/138.png,True,155,Sampaio Correa,https://media.api-sports.io/football/teams/155.png,False,2.0,0.0,2.0,0.0,2.0,0.0,,,,,,,
1006501,Douglas Schwengber,UTC,2023-05-13T20:00:00+00:00,1684008000,1684008000.0,1684011600.0,5664.0,Estádio Dr. Jorge Ismael de Biasi,"Novo Horizonte, São Paulo",Match Finished,FT,90.0,72,Serie B,Brazil,https://media.api-sports.io/football/leagues/72.png,https://media.api-sports.io/flags/br.svg,2023,Regular Season - 6,7834,Novorizontino,https://media.api-sports.io/football/teams/7834.png,False,146,CRB,https://media.api-sports.io/football/teams/146.png,True,0.0,1.0,0.0,0.0,0.0,1.0,,,,,,,
1006503,Leonardo Ferreira Lima,UTC,2023-05-13T21:15:00+00:00,1684012500,1684012500.0,1684016100.0,237.0,Estádio Municipal Presidente Getúlio Vargas,"Fortaleza, Ceará",Match Finished,FT,90.0,72,Serie B,Brazil,https://media.api-sports.io/football/leagues/72.png,https://media.api-sports.io/flags/br.svg,2023,Regular Season - 6,129,Ceara,https://media.api-sports.io/football/teams/129.png,True,2227,Tombense,https://media.api-sports.io/football/teams/2227.png,False,2.0,0.0,1.0,0.0,2.0,0.0,,,,,,,
1006505,Denis Ribeiro Serafim,UTC,2023-05-14T18:30:00+00:00,1684089000,1684089000.0,1684092600.0,249.0,Estádio Municipal Jacy Scaff,"Londrina, Paraná",Match Finished,FT,90.0,72,Serie B,Brazil,https://media.api-sports.io/football/leagues/72.png,https://media.api-sports.io/flags/br.svg,2023,Regular Season - 6,148,Londrina,https://media.api-sports.io/football/teams/148.png,True,139,Ponte Preta,https://media.api-sports.io/football/teams/139.png,False,3.0,0.0,0.0,0.0,3.0,0.0,,,,,,,
1006502,João,UTC,2023-05-14T21:00:00+00:00,1684098000,1684098000.0,1684101600.0,281.0,Estádio Manoel Barradas,"Salvador, Bahia",Match Finished,FT,90.0,72,Serie B,Brazil,https://media.api-sports.io/football/leagues/72.png,https://media.api-sports.io/flags/br.svg,2023,Regular Season - 6,136,Vitoria,https://media.api-sports.io/football/teams/136.png,False,144,Atletico Goianiense,https://media.api-sports.io/football/teams/144.png,True,2.0,3.0,0.0,2.0,2.0,3.0,,,,,,,
1006506,Lucas Torezin,UTC,2023-05-14T21:00:00+00:00,1684098000,1684098000.0,1684101600.0,205.0,Estádio Maria Lamas Farache,"Natal, Rio Grande do Norte",Match Finished,FT,90.0,72,Serie B,Brazil,https://media.api-sports.io/football/leagues/72.png,https://media.api-sports.io/flags/br.svg,2023,Regular Season - 6,754,ABC,https://media.api-sports.io/football/teams/754.png,False,2618,Botafogo SP,https://media.api-sports.io/football/teams/2618.png,True,1.0,2.0,1.0,2.0,1.0,2.0,,,,,,,
1006500,Léo Simão Holanda,UTC,2023-05-14T23:30:00+00:00,1684107000,1684107000.0,1684110600.0,5632.0,Estádio Municipal Dr. Novelli Júnior,"Itu, São Paulo",Match Finished,FT,90.0,72,Serie B,Brazil,https://media.api-sports.io/football/leagues/72.png,https://media.api-sports.io/flags/br.svg,2023,Regular Season - 6,7779,Ituano,https://media.api-sports.io/football/teams/7779.png,,123,Sport Recife,https://media.api-sports.io/football/teams/123.png,,1.0,1.0,1.0,1.0,1.0,1.0,,,,,,,
1006515,Jefferson Ferreira de Moraes,UTC,2023-05-19T22:00:00+00:00,1684533600,1684533600.0,1684537200.0,8268.0,Estádio Soares de Azevedo,"Muriaé, Minas Gerais",Match Finished,FT,90.0,72,Serie B,Brazil,https://media.api-sports.io/football/leagues/72.png,https://media.api-sports.io/flags/br.svg,2023,Regular Season - 7,2227,Tombense,https://media.api-sports.io/football/teams/2227.png,False,148,Londrina,https://media.api-sports.io/football/teams/148.png,True,0.0,2.0,0.0,0.0,0.0,2.0,,,,,,,
1006511,André Luiz,UTC,2023-05-19T22:00:00+00:00,1684533600,1684533600.0,1684537200.0,5676.0,Estádio José Maria de Campos Maia,"Mirassol, São Paulo",Match Finished,FT,90.0,72,Serie B,Brazil,https://media.api-sports.io/football/leagues/72.png,https://media.api-sports.io/flags/br.svg,2023,Regular Season - 7,7848,Mirassol,https://media.api-sports.io/football/teams/7848.png,True,136,Vitoria,https://media.api-sports.io/football/teams/136.png,False,2.0,0.0,1.0,0.0,2.0,0.0,,,,,,,
1006508,Vinicius Gonçalves Dias Araujo,UTC,2023-05-20T00:30:00+00:00,1684542600,1684542600.0,1684546200.0,211.0,Estádio Antônio Accioly,"Goiânia, Goiás",Match Finished,FT,90.0,72,Serie B,Brazil,https://media.api-sports.io/football/leagues/72.png,https://media.api-sports.io/flags/br.svg,2023,Regular Season - 7,144,Atletico Goianiense,https://media.api-sports.io/football/teams/144.png,,145,Avai,https://media.api-sports.io/football/teams/145.png,,0.0,0.0,0.0,0.0,0.0,0.0,,,,,,,
1006512,Bruno Mota Correia,UTC,2023-05-20T19:00:00+00:00,1684609200,1684609200.0,1684612800.0,276.0,Estádio Adelmar da Costa Carvalho,"Recife, Pernambuco",Match Finished,FT,90.0,72,Serie B,Brazil,https://media.api-sports.io/football/leagues/72.png,https://media.api-sports.io/flags/br.svg,2023,Regular Season - 7,123,Sport Recife,https://media.api-sports.io/football/teams/123.png,True,2618,Botafogo SP,https://media.api-sports.io/football/teams/2618.png,False,3.0,0.0,1.0,0.0,3.0,0.0,,,,,,,
1006513,Yuri Elino Ferreira da Cruz,UTC,2023-05-20T20:00:00+00:00,1684612800,1684612800.0,1684616400.0,265.0,Estádio Governador João Castelo,"São Luís, Maranhão",Match Finished,FT,90.0,72,Serie B,Brazil,https://media.api-sports.io/football/leagues/72.png,https://media.api-sports.io/flags/br.svg,2023,Regular Season - 7,155,Sampaio Correa,https://media.api-sports.io/football/teams/155.png,True,754,ABC,https://media.api-sports.io/football/teams/754.png,False,1.0,0.0,1.0,0.0,1.0,0.0,,,,,,,
1006510,Caio Max Augusto Vieira,UTC,2023-05-20T20:00:00+00:00,1684612800,1684612800.0,1684616400.0,5632.0,Estádio Municipal Dr. Novelli Júnior,"Itu, São Paulo",Match Finished,FT,90.0,72,Serie B,Brazil,https://media.api-sports.io/football/leagues/72.png,https://media.api-sports.io/flags/br.svg,2023,Regular Season - 7,7779,Ituano,https://media.api-sports.io/football/teams/7779.png,False,7834,Novorizontino,https://media.api-sports.io/football/teams/7834.png,True,0.0,2.0,0.0,0.0,0.0,2.0,,,,,,,
1006514,Matheus Delgado Candançan,UTC,2023-05-21T14:00:00+00:00,1684677600,1684677600.0,1684681200.0,227.0,Arena Condá,"Chapecó, Santa Catarina",Match Finished,FT,90.0,72,Serie B,Brazil,https://media.api-sports.io/football/leagues/72.png,https://media.api-sports.io/flags/br.svg,2023,Regular Season - 7,132,Chapecoense-sc,https://media.api-sports.io/football/teams/132.png,False,152,Juventude,https://media.api-sports.io/football/teams/152.png,True,0.0,2.0,0.0,1.0,0.0,2.0,,,,,,,
1006509,Wilton Pereira Sampaio,UTC,2023-05-21T18:30:00+00:00,1684693800,1684693800.0,1684697400.0,233.0,Estádio Heriberto Hülse,"Criciúma, Santa Catarina",Match Finished,FT,90.0,72,Serie B,Brazil,https://media.api-sports.io/football/leagues/72.png,https://media.api-sports.io/flags/br.svg,2023,Regular Season - 7,140,Criciuma,https://media.api-sports.io/football/teams/140.png,False,129,Ceara,https://media.api-sports.io/football/teams/129.png,True,1.0,2.0,1.0,2.0,1.0,2.0,,,,,,,
1006507,Wagner do Nascimento Magalhaes,UTC,2023-05-21T21:00:00+00:00,1684702800,1684702800.0,1684706400.0,261.0,Estádio Moisés Lucarelli,"Campinas, São Paulo",Match Finished,FT,90.0,72,Serie B,Brazil,https://media.api-sports.io/football/leagues/72.png,https://media.api-sports.io/flags/br.svg,2023,Regular Season - 7,139,Ponte Preta,https://media.api-sports.io/football/teams/139.png,,138,Guarani Campinas,https://media.api-sports.io/football/teams/138.png,,1.0,1.0,0.0,0.0,1.0,1.0,,,,,,,
1006516,Dyorgines José Padovani Andrade,UTC,2023-05-21T21:15:00+00:00,1684703700,1684703700.0,1684707300.0,232.0,Estádio Rei Pelé,"Maceió, Alagoas",Match Finished,FT,90.0,72,Serie B,Brazil,https://media.api-sports.io/football/leagues/72.png,https://media.api-sports.io/flags/br.svg,2023,Regular Season - 7,146,CRB,https://media.api-sports.io/football/teams/146.png,False,142,Vila Nova,https://media.api-sports.io/football/teams/142.png,True,0.0,3.0,0.0,2.0,0.0,3.0,,,,,,,
1006520,Marcelo de Lima Henrique,UTC,2023-05-23T22:00:00+00:00,1684879200,1684879200.0,1684882800.0,219.0,Estádio Santa Cruz,"Ribeirão Preto, São Paulo",Match Finished,FT,90.0,72,Serie B,Brazil,https://media.api-sports.io/football/leagues/72.png,https://media.api-sports.io/flags/br.svg,2023,Regular Season - 8,2618,Botafogo SP,https://media.api-sports.io/football/teams/2618.png,True,7848,Mirassol,https://media.api-sports.io/football/teams/7848.png,False,1.0,0.0,0.0,0.0,1.0,0.0,,,,,,,
1006526,Michelangelo Martins de Almeida Junior,UTC,2023-05-24T00:30:00+00:00,1684888200,1684888200.0,1684891800.0,205.0,Estádio Maria Lamas Farache,"Natal, Rio Grande do Norte",Match Finished,FT,90.0,72,Serie B,Brazil,https://media.api-sports.io/football/leagues/72.png,https://media.api-sports.io/flags/br.svg,2023,Regular Season - 8,754,ABC,https://media.api-sports.io/football/teams/754.png,True,2227,Tombense,https://media.api-sports.io/football/teams/2227.png,False,1.0,0.0,0.0,0.0,1.0,0.0,,,,,,,
1006521,Marielson Alves Silva,UTC,2023-05-24T00:30:00+00:00,1684888200,1684888200.0,1684891800.0,5664.0,Estádio Dr. Jorge Ismael de Biasi,"Novo Horizonte, São Paulo",Match Finished,FT,90.0,72,Serie B,Brazil,https://media.api-sports.io/football/leagues/72.png,https://media.api-sports.io/flags/br.svg,2023,Regular Season - 8,7834,Novorizontino,https://media.api-sports.io/football/teams/7834.png,True,145,Avai,https://media.api-sports.io/football/teams/145.png,False,2.0,0.0,0.0,0.0,2.0,0.0,,,,,,,
1006522,Alisson Furtado,UTC,2023-05-24T22:00:00+00:00,1684965600,1684965600.0,1684969200.0,281.0,Estádio Manoel Barradas,"Salvador, Bahia",Match Finished,FT,90.0,72,Serie B,Brazil,https://media.api-sports.io/football/leagues/72.png,https://media.api-sports.io/flags/br.svg,2023,Regular Season - 8,136,Vitoria,https://media.api-sports.io/football/teams/136.png,True,146,CRB,https://media.api-sports.io/football/teams/146.png,False,1.0,0.0,0.0,0.0,1.0,0.0,,,,,,,
1006518,Lucas Torezin,UTC,2023-05-24T22:00:00+00:00,1684965600,1684965600.0,1684969200.0,280.0,Estádio Onésio Brasileiro Alvarenga,"Goiânia, Goiás",Match Finished,FT,90.0,72,Serie B,Brazil,https://media.api-sports.io/football/leagues/72.png,https://media.api-sports.io/flags/br.svg,2023,Regular Season - 8,142,Vila Nova,https://media.api-sports.io/football/teams/142.png,True,7779,Ituano,https://media.api-sports.io/football/teams/7779.png,False,1.0,0.0,1.0,0.0,1.0,0.0,,,,,,,
1006525,Maguielson Lima Barbosa,UTC,2023-05-24T22:00:00+00:00,1684965600,1684965600.0,1684969200.0,249.0,Estádio Municipal Jacy Scaff,"Londrina, Paraná",Match Finished,FT,90.0,72,Serie B,Brazil,https://media.api-sports.io/football/leagues/72.png,https://media.api-sports.io/flags/br.svg,2023,Regular Season - 8,148,Londrina,https://media.api-sports.io/football/teams/148.png,False,129,Ceara,https://media.api-sports.io/football/teams/129.png,True,1.0,3.0,0.0,3.0,1.0,3.0,,,,,,,
1006524,Paulo Cesar Zanovelli da Silva,UTC,2023-05-24T22:00:00+00:00,1684965600,1684965600.0,1684969200.0,248.0,Estádio Alfredo Jaconi,"Caxias do Sul, Rio Grande do Sul",Match Finished,FT,90.0,72,Serie B,Brazil,https://media.api-sports.io/football/leagues/72.png,https://media.api-sports.io/flags/br.svg,2023,Regular Season - 8,152,Juventude,https://media.api-sports.io/football/teams/152.png,True,144,Atletico Goianiense,https://media.api-sports.io/football/teams/144.png,False,3.0,0.0,2.0,0.0,3.0,0.0,,,,,,,
1006517,Paulo Henrique Schleinch Vollkopf,UTC,2023-05-25T00:15:00+00:00,1684973700,1684973700.0,1684977300.0,242.0,Estádio Brinco de Ouro da Princesa,"Campinas, São Paulo",Match Finished,FT,90.0,72,Serie B,Brazil,https://media.api-sports.io/football/leagues/72.png,https://media.api-sports.io/flags/br.svg,2023,Regular Season - 8,138,Guarani Campinas,https://media.api-sports.io/football/teams/138.png,,132,Chapecoense-sc,https://media.api-sports.io/football/teams/132.png,,3.0,3.0,3.0,1.0,3.0,3.0,,,,,,,
1006519,João,UTC,2023-05-25T00:30:00+00:00,1684974600,1684974600.0,1684978200.0,233.0,Estádio Heriberto Hülse,"Criciúma, Santa Catarina",Match Finished,FT,90.0,72,Serie B,Brazil,https://media.api-sports.io/football/leagues/72.png,https://media.api-sports.io/flags/br.svg,2023,Regular Season - 8,140,Criciuma,https://media.api-sports.io/football/teams/140.png,True,123,Sport Recife,https://media.api-sports.io/football/teams/123.png,False,1.0,0.0,1.0,0.0,1.0,0.0,,,,,,,
1006523,Bruno Pereira Vasconcelos,UTC,2023-05-25T00:30:00+00:00,1684974600,1684974600.0,1684978200.0,265.0,Estádio Governador João Castelo,"São Luís, Maranhão",Match Finished,FT,90.0,72,Serie B,Brazil,https://media.api-sports.io/football/leagues/72.png,https://media.api-sports.io/flags/br.svg,2023,Regular Season - 8,155,Sampaio Correa,https://media.api-sports.io/football/teams/155.png,,139,Ponte Preta,https://media.api-sports.io/football/teams/139.png,,0.0,0.0,0.0,0.0,0.0,0.0,,,,,,,
1006536,Vinicius Gonçalves Dias Araujo,UTC,2023-05-27T20:00:00+00:00,1685217600,1685217600.0,1685221200.0,232.0,Estádio Rei Pelé,"Maceió, Alagoas",Match Finished,FT,90.0,72,Serie B,Brazil,https://media.api-sports.io/football/leagues/72.png,https://media.api-sports.io/flags/br.svg,2023,Regular Season - 9,146,CRB,https://media.api-sports.io/football/teams/146.png,False,152,Juventude,https://media.api-sports.io/football/teams/152.png,True,1.0,2.0,0.0,2.0,1.0,2.0,,,,,,,
1006530,Paulo Cesar Zanovelli da Silva,UTC,2023-05-27T20:00:00+00:00,1685217600,1685217600.0,1685221200.0,5632.0,Estádio Municipal Dr. Novelli Júnior,"Itu, São Paulo",Match Finished,FT,90.0,72,Serie B,Brazil,https://media.api-sports.io/football/leagues/72.png,https://media.api-sports.io/flags/br.svg,2023,Regular Season - 9,7779,Ituano,https://media.api-sports.io/football/teams/7779.png,True,148,Londrina,https://media.api-sports.io/football/teams/148.png,False,3.0,1.0,2.0,1.0,3.0,1.0,,,,,,,
1006529,Marcelo de Lima Henrique,UTC,2023-05-27T20:30:00+00:00,1685219400,1685219400.0,1685223000.0,214.0,Estádio Aderbal Ramos da Silva,"Florianópolis, Santa Catarina",Match Finished,FT,90.0,72,Serie B,Brazil,https://media.api-sports.io/football/leagues/72.png,https://media.api-sports.io/flags/br.svg,2023,Regular Season - 9,145,Avai,https://media.api-sports.io/football/teams/145.png,,136,Vitoria,https://media.api-sports.io/football/teams/136.png,,1.0,1.0,0.0,1.0,1.0,1.0,,,,,,,
1006528,Caio Max Augusto Vieira,UTC,2023-05-27T21:00:00+00:00,1685221200,1685221200.0,1685224800.0,211.0,Estádio Antônio Accioly,"Goiânia, Goiás",Match Finished,FT,90.0,72,Serie B,Brazil,https://media.api-sports.io/football/leagues/72.png,https://media.api-sports.io/flags/br.svg,2023,Regular Season - 9,144,Atletico Goianiense,https://media.api-sports.io/football/teams/144.png,,2618,Botafogo SP,https://media.api-sports.io/football/teams/2618.png,,1.0,1.0,0.0,0.0,1.0,1.0,,,,,,,
1006527,Bruno Mota Correia,UTC,2023-05-28T14:00:00+00:00,1685282400,1685282400.0,1685286000.0,261.0,Estádio Moisés Lucarelli,"Campinas, São Paulo",Match Finished,FT,90.0,72,Serie B,Brazil,https://media.api-sports.io/football/leagues/72.png,https://media.api-sports.io/flags/br.svg,2023,Regular Season - 9,139,Ponte Preta,https://media.api-sports.io/football/teams/139.png,True,142,Vila Nova,https://media.api-sports.io/football/teams/142.png,False,1.0,0.0,1.0,0.0,1.0,0.0,,,,,,,
1006533,André Luiz,UTC,2023-05-28T18:30:00+00:00,1685298600,1685298600.0,1685302200.0,225.0,Estádio Governador Plácido Aderaldo Castelo,"Fortaleza, Ceará",Match Finished,FT,90.0,72,Serie B,Brazil,https://media.api-sports.io/football/leagues/72.png,https://media.api-sports.io/flags/br.svg,2023,Regular Season - 9,129,Ceara,https://media.api-sports.io/football/teams/129.png,False,7834,Novorizontino,https://media.api-sports.io/football/teams/7834.png,True,0.0,3.0,0.0,1.0,0.0,3.0,,,,,,,
1006531,Felipe Fernandes de Lima,UTC,2023-05-28T18:30:00+00:00,1685298600,1685298600.0,1685302200.0,5676.0,Estádio José Maria de Campos Maia,"Mirassol, São Paulo",Match Finished,FT,90.0,72,Serie B,Brazil,https://media.api-sports.io/football/leagues/72.png,https://media.api-sports.io/flags/br.svg,2023,Regular Season - 9,7848,Mirassol,https://media.api-sports.io/football/teams/7848.png,True,140,Criciuma,https://media.api-sports.io/football/teams/140.png,False,1.0,0.0,0.0,0.0,1.0,0.0,,,,,,,
1006532,Dyorgines José Padovani Andrade,UTC,2023-05-28T21:00:00+00:00,1685307600,1685307600.0,1685311200.0,276.0,Estádio Adelmar da Costa Carvalho,"Recife, Pernambuco",Match Finished,FT,90.0,72,Serie B,Brazil,https://media.api-sports.io/football/leagues/72.png,https://media.api-sports.io/flags/br.svg,2023,Regular Season - 9,123,Sport Recife,https://media.api-sports.io/football/teams/123.png,True,754,ABC,https://media.api-sports.io/football/teams/754.png,False,4.0,1.0,1.0,1.0,4.0,1.0,,,,,,,
1006535,Léo Simão Holanda,UTC,2023-05-28T21:15:00+00:00,1685308500,1685308500.0,1685312100.0,8268.0,Estádio Soares de Azevedo,"Muriaé, Minas Gerais",Match Finished,FT,90.0,72,Serie B,Brazil,https://media.api-sports.io/football/leagues/72.png,https://media.api-sports.io/flags/br.svg,2023,Regular Season - 9,2227,Tombense,https://media.api-sports.io/football/teams/2227.png,,138,Guarani Campinas,https://media.api-sports.io/football/teams/138.png,,1.0,1.0,0.0,1.0,1.0,1.0,,,,,,,
1006534,Rodrigo José Pereira de Lima,UTC,2023-05-29T23:00:00+00:00,1685401200,1685401200.0,1685404800.0,227.0,Arena Condá,"Chapecó, Santa Catarina",Match Finished,FT,90.0,72,Serie B,Brazil,https://media.api-sports.io/football/leagues/72.png,https://media.api-sports.io/flags/br.svg,2023,Regular Season - 9,132,Chapecoense-sc,https://media.api-sports.io/football/teams/132.png,False,155,Sampaio Correa,https://media.api-sports.io/football/teams/155.png,True,0.0,1.0,0.0,1.0,0.0,1.0,,,,,,,
1006543,Paulo Henrique de Melo Salmazio,UTC,2023-06-02T22:00:00+00:00,1685743200,1685743200.0,1685746800.0,225.0,Estádio Governador Plácido Aderaldo Castelo,"Fortaleza, Ceará",Match Finished,FT,90.0,72,Serie B,Brazil,https://media.api-sports.io/football/leagues/72.png,https://media.api-sports.io/flags/br.svg,2023,Regular Season - 10,129,Ceara,https://media.api-sports.io/football/teams/129.png,True,132,Chapecoense-sc,https://media.api-sports.io/football/teams/132.png,False,2.0,0.0,1.0,0.0,2.0,0.0,,,,,,,
1006540,Diego Pombo Lopez,UTC,2023-06-02T22:00:00+00:00,1685743200,1685743200.0,1685746800.0,219.0,Estádio Santa Cruz,"Ribeirão Preto, São Paulo",Match Finished,FT,90.0,72,Serie B,Brazil,https://media.api-sports.io/football/leagues/72.png,https://media.api-sports.io/flags/br.svg,2023,Regular Season - 10,2618,Botafogo SP,https://media.api-sports.io/football/teams/2618.png,,2227,Tombense,https://media.api-sports.io/football/teams/2227.png,,0.0,0.0,0.0,0.0,0.0,0.0,,,,,,,
1006542,André Luiz,UTC,2023-06-03T00:30:00+00:00,1685752200,1685752200.0,1685755800.0,281.0,Estádio Manoel Barradas,"Salvador, Bahia",Match Finished,FT,90.0,72,Serie B,Brazil,https://media.api-sports.io/football/leagues/72.png,https://media.api-sports.io/flags/br.svg,2023,Regular Season - 10,136,Vitoria,https://media.api-sports.io/football/teams/136.png,True,7779,Ituano,https://media.api-sports.io/football/teams/7779.png,False,3.0,0.0,2.0,0.0,3.0,0.0,,,,,,,
1006539,Rafael Rodrigo Klein,UTC,2023-06-03T00:30:00+00:00,1685752200,1685752200.0,1685755800.0,233.0,Estádio Heriberto Hülse,"Criciúma, Santa Catarina",Match Finished,FT,90.0,72,Serie B,Brazil,https://media.api-sports.io/football/leagues/72.png,https://media.api-sports.io/flags/br.svg,2023,Regular Season - 10,140,Criciuma,https://media.api-sports.io/football/teams/140.png,True,144,Atletico Goianiense,https://media.api-sports.io/football/teams/144.png,False,3.0,0.0,0.0,0.0,3.0,0.0,,,,,,,
1006544,Bruno Mota Correia,UTC,2023-06-03T19:00:00+00:00,1685818800,1685818800.0,1685822400.0,248.0,Estádio Alfredo Jaconi,"Caxias do Sul, Rio Grande do Sul",Match Finished,FT,90.0,72,Serie B,Brazil,https://media.api-sports.io/football/leagues/72.png,https://media.api-sports.io/flags/br.svg,2023,Regular Season - 10,152,Juventude,https://media.api-sports.io/football/teams/152.png,True,145,Avai,https://media.api-sports.io/football/teams/145.png,False,3.0,2.0,2.0,1.0,3.0,2.0,,,,,,,
1006546,Alisson Furtado,UTC,2023-06-03T20:00:00+00:00,1685822400,1685822400.0,1685826000.0,205.0,Estádio Maria Lamas Farache,"Natal, Rio Grande do Norte",Match Finished,FT,90.0,72,Serie B,Brazil,https://media.api-sports.io/football/leagues/72.png,https://media.api-sports.io/flags/br.svg,2023,Regular Season - 10,754,ABC,https://media.api-sports.io/football/teams/754.png,False,7834,Novorizontino,https://media.api-sports.io/football/teams/7834.png,True,0.0,1.0,0.0,0.0,0.0,1.0,,,,,,,
1006541,Leandro Vuaden,UTC,2023-06-03T20:00:00+00:00,1685822400,1685822400.0,1685826000.0,5676.0,Estádio José Maria de Campos Maia,"Mirassol, São Paulo",Match Finished,FT,90.0,72,Serie B,Brazil,https://media.api-sports.io/football/leagues/72.png,https://media.api-sports.io/flags/br.svg,2023,Regular Season - 10,7848,Mirassol,https://media.api-sports.io/football/teams/7848.png,True,139,Ponte Preta,https://media.api-sports.io/football/teams/139.png,False,1.0,0.0,0.0,0.0,1.0,0.0,,,,,,,
1006538,Leonardo Ferreira Lima,UTC,2023-06-03T22:00:00+00:00,1685829600,1685829600.0,1685833200.0,280.0,Estádio Onésio Brasileiro Alvarenga,"Goiânia, Goiás",Match Finished,FT,90.0,72,Serie B,Brazil,https://media.api-sports.io/football/leagues/72.png,https://media.api-sports.io/flags/br.svg,2023,Regular Season - 10,142,Vila Nova,https://media.api-sports.io/football/teams/142.png,True,155,Sampaio Correa,https://media.api-sports.io/football/teams/155.png,False,3.0,0.0,1.0,0.0,3.0,0.0,,,,,,,
1006537,Afro Rocha de Carvalho Filho,UTC,2023-06-04T18:30:00+00:00,1685903400,1685903400.0,1685907000.0,242.0,Estádio Brinco de Ouro da Princesa,"Campinas, São Paulo",Match Finished,FT,90.0,72,Serie B,Brazil,https://media.api-sports.io/football/leagues/72.png,https://media.api-sports.io/flags/br.svg,2023,Regular Season - 10,138,Guarani Campinas,https://media.api-sports.io/football/teams/138.png,False,146,CRB,https://media.api-sports.io/football/teams/146.png,True,0.0,1.0,0.0,1.0,0.0,1.0,,,,,,,
1006545,Thiago Luis Scarascati,UTC,2023-06-04T21:00:00+00:00,1685912400,1685912400.0,1685916000.0,249.0,Estádio Municipal Jacy Scaff,"Londrina, Paraná",Match Finished,FT,90.0,72,Serie B,Brazil,https://media.api-sports.io/football/leagues/72.png,https://media.api-sports.io/flags/br.svg,2023,Regular Season - 10,148,Londrina,https://media.api-sports.io/football/teams/148.png,False,123,Sport Recife,https://media.api-sports.io/football/teams/123.png,True,1.0,2.0,1.0,0.0,1.0,2.0,,,,,,,
1006554,Douglas Marques das Flores,UTC,2023-06-06T22:00:00+00:00,1686088800,1686088800.0,1686092400.0,227.0,Arena Condá,"Chapecó, Santa Catarina",Match Finished,FT,90.0,72,Serie B,Brazil,https://media.api-sports.io/football/leagues/72.png,https://media.api-sports.io/flags/br.svg,2023,Regular Season - 11,132,Chapecoense-sc,https://media.api-sports.io/football/teams/132.png,False,142,Vila Nova,https://media.api-sports.io/football/teams/142.png,True,0.0,1.0,0.0,0.0,0.0,1.0,,,,,,,
1006547,Léo Simão Holanda,UTC,2023-06-06T22:00:00+00:00,1686088800,1686088800.0,1686092400.0,261.0,Estádio Moisés Lucarelli,"Campinas, São Paulo",Match Finished,FT,90.0,72,Serie B,Brazil,https://media.api-sports.io/football/leagues/72.png,https://media.api-sports.io/flags/br.svg,2023,Regular Season - 11,139,Ponte Preta,https://media.api-sports.io/football/teams/139.png,,754,ABC,https://media.api-sports.io/football/teams/754.png,,0.0,0.0,0.0,0.0,0.0,0.0,,,,,,,
1006555,Lucas Torezin,UTC,2023-06-06T22:00:00+00:00,1686088800,1686088800.0,1686092400.0,8268.0,Estádio Soares de Azevedo,"Muriaé, Minas Gerais",Match Finished,FT,90.0,72,Serie B,Brazil,https://media.api-sports.io/football/leagues/72.png,https://media.api-sports.io/flags/br.svg,2023,Regular Season - 11,2227,Tombense,https://media.api-sports.io/football/teams/2227.png,False,136,Vitoria,https://media.api-sports.io/football/teams/136.png,True,1.0,2.0,0.0,1.0,1.0,2.0,,,,,,,
1006548,Matheus Delgado Candançan,UTC,2023-06-07T00:30:00+00:00,1686097800,1686097800.0,1686101400.0,211.0,Estádio Antônio Accioly,"Goiânia, Goiás",Match Finished,FT,90.0,72,Serie B,Brazil,https://media.api-sports.io/football/leagues/72.png,https://media.api-sports.io/flags/br.svg,2023,Regular Season - 11,144,Atletico Goianiense,https://media.api-sports.io/football/teams/144.png,False,129,Ceara,https://media.api-sports.io/football/teams/129.png,True,0.0,3.0,0.0,1.0,0.0,3.0,,,,,,,
1006550,Luiz Augusto Silveira Tisne,UTC,2023-06-07T00:30:00+00:00,1686097800,1686097800.0,1686101400.0,219.0,Estádio Santa Cruz,"Ribeirão Preto, São Paulo",Match Finished,FT,90.0,72,Serie B,Brazil,https://media.api-sports.io/football/leagues/72.png,https://media.api-sports.io/flags/br.svg,2023,Regular Season - 11,2618,Botafogo SP,https://media.api-sports.io/football/teams/2618.png,False,7779,Ituano,https://media.api-sports.io/football/teams/7779.png,True,0.0,2.0,0.0,0.0,0.0,2.0,,,,,,,
1006552,Yuri Elino Ferreira da Cruz,UTC,2023-06-07T22:00:00+00:00,1686175200,1686175200.0,1686178800.0,276.0,Estádio Adelmar da Costa Carvalho,"Recife, Pernambuco",Match Finished,FT,90.0,72,Serie B,Brazil,https://media.api-sports.io/football/leagues/72.png,https://media.api-sports.io/flags/br.svg,2023,Regular Season - 11,123,Sport Recife,https://media.api-sports.io/football/teams/123.png,True,145,Avai,https://media.api-sports.io/football/teams/145.png,False,2.0,1.0,1.0,0.0,2.0,1.0,,,,,,,
1006553,Deborah Cecilia Correia,UTC,2023-06-07T22:00:00+00:00,1686175200,1686175200.0,1686178800.0,265.0,Estádio Governador João Castelo,"São Luís, Maranhão",Match Finished,FT,90.0,72,Serie B,Brazil,https://media.api-sports.io/football/leagues/72.png,https://media.api-sports.io/flags/br.svg,2023,Regular Season - 11,155,Sampaio Correa,https://media.api-sports.io/football/teams/155.png,True,148,Londrina,https://media.api-sports.io/football/teams/148.png,False,2.0,0.0,1.0,0.0,2.0,0.0,,,,,,,
1006551,Denis Ribeiro Serafim,UTC,2023-06-07T22:00:00+00:00,1686175200,1686175200.0,1686178800.0,5664.0,Estádio Dr. Jorge Ismael de Biasi,"Novo Horizonte, São Paulo",Match Finished,FT,90.0,72,Serie B,Brazil,https://media.api-sports.io/football/leagues/72.png,https://media.api-sports.io/flags/br.svg,2023,Regular Season - 11,7834,Novorizontino,https://media.api-sports.io/football/teams/7834.png,True,138,Guarani Campinas,https://media.api-sports.io/football/teams/138.png,False,1.0,0.0,0.0,0.0,1.0,0.0,,,,,,,
1006556,Marielson Alves Silva,UTC,2023-06-08T00:30:00+00:00,1686184200,1686184200.0,1686187800.0,232.0,Estádio Rei Pelé,"Maceió, Alagoas",Match Finished,FT,90.0,72,Serie B,Brazil,https://media.api-sports.io/football/leagues/72.png,https://media.api-sports.io/flags/br.svg,2023,Regular Season - 11,146,CRB,https://media.api-sports.io/football/teams/146.png,True,7848,Mirassol,https://media.api-sports.io/football/teams/7848.png,False,2.0,0.0,1.0,0.0,2.0,0.0,,,,,,,
1006549,Maguielson Lima Barbosa,UTC,2023-06-08T19:00:00+00:00,1686250800,1686250800.0,1686254400.0,233.0,Estádio Heriberto Hülse,"Criciúma, Santa Catarina",Match Finished,FT,90.0,72,Serie B,Brazil,https://media.api-sports.io/football/leagues/72.png,https://media.api-sports.io/flags/br.svg,2023,Regular Season - 11,140,Criciuma,https://media.api-sports.io/football/teams/140.png,False,152,Juventude,https://media.api-sports.io/football/teams/152.png,True,0.0,1.0,0.0,0.0,0.0,1.0,,,,,,,
1006566,Jonathan Antero,UTC,2023-06-10T00:30:00+00:00,1686357000,1686357000.0,1686360600.0,205.0,Estádio Maria Lamas Farache,"Natal, Rio Grande do Norte",Match Finished,FT,90.0,72,Serie B,Brazil,https://media.api-sports.io/football/leagues/72.png,https://media.api-sports.io/flags/br.svg,2023,Regular Season - 12,754,ABC,https://media.api-sports.io/football/teams/754.png,,132,Chapecoense-sc,https://media.api-sports.io/football/teams/132.png,,1.0,1.0,0.0,0.0,1.0,1.0,,,,,,,
1006558,Caio Max Augusto Vieira,UTC,2023-06-10T19:00:00+00:00,1686423600,1686423600.0,1686427200.0,280.0,Estádio Onésio Brasileiro Alvarenga,"Goiânia, Goiás",Match Finished,FT,90.0,72,Serie B,Brazil,https://media.api-sports.io/football/leagues/72.png,https://media.api-sports.io/flags/br.svg,2023,Regular Season - 12,142,Vila Nova,https://media.api-sports.io/football/teams/142.png,,138,Guarani Campinas,https://media.api-sports.io/football/teams/138.png,,0.0,0.0,0.0,0.0,0.0,0.0,,,,,,,
1006560,Wagner do Nascimento Magalhaes,UTC,2023-06-10T20:00:00+00:00,1686427200,1686427200.0,1686430800.0,5632.0,Estádio Municipal Dr. Novelli Júnior,"Itu, São Paulo",Match Finished,FT,90.0,72,Serie B,Brazil,https://media.api-sports.io/football/leagues/72.png,https://media.api-sports.io/flags/br.svg,2023,Regular Season - 12,7779,Ituano,https://media.api-sports.io/football/teams/7779.png,,144,Atletico Goianiense,https://media.api-sports.io/football/teams/144.png,,1.0,1.0,0.0,0.0,1.0,1.0,,,,,,,
1006561,Marcelo de Lima Henrique,UTC,2023-06-10T20:00:00+00:00,1686427200,1686427200.0,1686430800.0,5664.0,Estádio Dr. Jorge Ismael de Biasi,"Novo Horizonte, São Paulo",Match Finished,FT,90.0,72,Serie B,Brazil,https://media.api-sports.io/football/leagues/72.png,https://media.api-sports.io/flags/br.svg,2023,Regular Season - 12,7834,Novorizontino,https://media.api-sports.io/football/teams/7834.png,True,155,Sampaio Correa,https://media.api-sports.io/football/teams/155.png,False,1.0,0.0,1.0,0.0,1.0,0.0,,,,,,,
1006563,Luiz Flávio,UTC,2023-06-10T22:30:00+00:00,1686436200,1686436200.0,1686439800.0,225.0,Estádio Governador Plácido Aderaldo Castelo,"Fortaleza, Ceará",Match Finished,FT,90.0,72,Serie B,Brazil,https://media.api-sports.io/football/leagues/72.png,https://media.api-sports.io/flags/br.svg,2023,Regular Season - 12,129,Ceara,https://media.api-sports.io/football/teams/129.png,False,146,CRB,https://media.api-sports.io/football/teams/146.png,True,1.0,3.0,1.0,1.0,1.0,3.0,,,,,,,
1006557,Bruno Arleu de Araujo,UTC,2023-06-11T14:00:00+00:00,1686492000,1686492000.0,1686495600.0,261.0,Estádio Moisés Lucarelli,"Campinas, São Paulo",Match Finished,FT,90.0,72,Serie B,Brazil,https://media.api-sports.io/football/leagues/72.png,https://media.api-sports.io/flags/br.svg,2023,Regular Season - 12,139,Ponte Preta,https://media.api-sports.io/football/teams/139.png,,123,Sport Recife,https://media.api-sports.io/football/teams/123.png,,1.0,1.0,1.0,1.0,1.0,1.0,,,,,,,
1006565,Fabio Augusto de Sá Junior,UTC,2023-06-11T14:00:00+00:00,1686492000,1686492000.0,1686495600.0,249.0,Estádio Municipal Jacy Scaff,"Londrina, Paraná",Match Finished,FT,90.0,72,Serie B,Brazil,https://media.api-sports.io/football/leagues/72.png,https://media.api-sports.io/flags/br.svg,2023,Regular Season - 12,148,Londrina,https://media.api-sports.io/football/teams/148.png,False,7848,Mirassol,https://media.api-sports.io/football/teams/7848.png,True,1.0,2.0,1.0,0.0,1.0,2.0,,,,,,,
1006559,Dyorgines José Padovani Andrade,UTC,2023-06-11T18:30:00+00:00,1686508200,1686508200.0,1686511800.0,214.0,Estádio Aderbal Ramos da Silva,"Florianópolis, Santa Catarina",Match Finished,FT,90.0,72,Serie B,Brazil,https://media.api-sports.io/football/leagues/72.png,https://media.api-sports.io/flags/br.svg,2023,Regular Season - 12,145,Avai,https://media.api-sports.io/football/teams/145.png,,2618,Botafogo SP,https://media.api-sports.io/football/teams/2618.png,,1.0,1.0,1.0,0.0,1.0,1.0,,,,,,,
1006562,Flavio Rodrigues De Souza,UTC,2023-06-11T21:00:00+00:00,1686517200,1686517200.0,1686520800.0,281.0,Estádio Manoel Barradas,"Salvador, Bahia",Match Finished,FT,90.0,72,Serie B,Brazil,https://media.api-sports.io/football/leagues/72.png,https://media.api-sports.io/flags/br.svg,2023,Regular Season - 12,136,Vitoria,https://media.api-sports.io/football/teams/136.png,False,140,Criciuma,https://media.api-sports.io/football/teams/140.png,True,0.0,1.0,0.0,1.0,0.0,1.0,,,,,,,
1006564,Paulo Henrique Schleinch Vollkopf,UTC,2023-06-11T21:15:00+00:00,1686518100,1686518100.0,1686521700.0,248.0,Estádio Alfredo Jaconi,"Caxias do Sul, Rio Grande do Sul",Match Finished,FT,90.0,72,Serie B,Brazil,https://media.api-sports.io/football/leagues/72.png,https://media.api-sports.io/flags/br.svg,2023,Regular Season - 12,152,Juventude,https://media.api-sports.io/football/teams/152.png,False,2227,Tombense,https://media.api-sports.io/football/teams/2227.png,True,1.0,2.0,0.0,0.0,1.0,2.0,,,,,,,
1006462,Paulo Cesar Zanovelli da Silva,UTC,2023-06-18T21:00:00+00:00,1687122000,1687122000.0,1687125600.0,276.0,Estádio Adelmar da Costa Carvalho,"Recife, Pernambuco",Match Finished,FT,90.0,72,Serie B,Brazil,https://media.api-sports.io/football/leagues/72.png,https://media.api-sports.io/flags/br.svg,2023,Regular Season - 2,123,Sport Recife,https://media.api-sports.io/football/teams/123.png,True,142,Vila Nova,https://media.api-sports.io/football/teams/142.png,False,1.0,0.0,1.0,0.0,1.0,0.0,,,,,,,
1006576,Yuri Elino Ferreira da Cruz,UTC,2023-06-21T22:00:00+00:00,1687384800,1687384800.0,1687388400.0,232.0,Estádio Rei Pelé,"Maceió, Alagoas",Match Finished,FT,90.0,72,Serie B,Brazil,https://media.api-sports.io/football/leagues/72.png,https://media.api-sports.io/flags/br.svg,2023,Regular Season - 13,146,CRB,https://media.api-sports.io/football/teams/146.png,,7779,Ituano,https://media.api-sports.io/football/teams/7779.png,,2.0,2.0,2.0,1.0,2.0,2.0,,,,,,,
1006572,Matheus Delgado Candançan,UTC,2023-06-23T00:30:00+00:00,1687480200,1687480200.0,1687483800.0,276.0,Estádio Adelmar da Costa Carvalho,"Recife, Pernambuco",Match Finished,FT,90.0,72,Serie B,Brazil,https://media.api-sports.io/football/leagues/72.png,https://media.api-sports.io/flags/br.svg,2023,Regular Season - 13,123,Sport Recife,https://media.api-sports.io/football/teams/123.png,True,152,Juventude,https://media.api-sports.io/football/teams/152.png,False,3.0,0.0,2.0,0.0,3.0,0.0,,,,,,,
1006568,Diego Pombo Lopez,UTC,2023-06-23T22:00:00+00:00,1687557600,1687557600.0,1687561200.0,211.0,Estádio Antônio Accioly,"Goiânia, Goiás",Match Finished,FT,90.0,72,Serie B,Brazil,https://media.api-sports.io/football/leagues/72.png,https://media.api-sports.io/flags/br.svg,2023,Regular Season - 13,144,Atletico Goianiense,https://media.api-sports.io/football/teams/144.png,True,139,Ponte Preta,https://media.api-sports.io/football/teams/139.png,False,1.0,0.0,1.0,0.0,1.0,0.0,,,,,,,
1006570,Felipe Fernandes de Lima,UTC,2023-06-24T14:00:00+00:00,1687615200,1687615200.0,1687618800.0,219.0,Estádio Santa Cruz,"Ribeirão Preto, São Paulo",Match Finished,FT,90.0,72,Serie B,Brazil,https://media.api-sports.io/football/leagues/72.png,https://media.api-sports.io/flags/br.svg,2023,Regular Season - 13,2618,Botafogo SP,https://media.api-sports.io/football/teams/2618.png,False,142,Vila Nova,https://media.api-sports.io/football/teams/142.png,True,0.0,3.0,0.0,2.0,0.0,3.0,,,,,,,
1006569,Denis Ribeiro Serafim,UTC,2023-06-24T19:00:00+00:00,1687633200,1687633200.0,1687636800.0,214.0,Estádio Aderbal Ramos da Silva,"Florianópolis, Santa Catarina",Match Finished,FT,90.0,72,Serie B,Brazil,https://media.api-sports.io/football/leagues/72.png,https://media.api-sports.io/flags/br.svg,2023,Regular Season - 13,145,Avai,https://media.api-sports.io/football/teams/145.png,,148,Londrina,https://media.api-sports.io/football/teams/148.png,,0.0,0.0,0.0,0.0,0.0,0.0,,,,,,,
1006574,Paulo Cesar Zanovelli da Silva,UTC,2023-06-24T20:00:00+00:00,1687636800,1687636800.0,1687640400.0,227.0,Arena Condá,"Chapecó, Santa Catarina",Match Finished,FT,90.0,72,Serie B,Brazil,https://media.api-sports.io/football/leagues/72.png,https://media.api-sports.io/flags/br.svg,2023,Regular Season - 13,132,Chapecoense-sc,https://media.api-sports.io/football/teams/132.png,,140,Criciuma,https://media.api-sports.io/football/teams/140.png,,1.0,1.0,0.0,1.0,1.0,1.0,,,,,,,
1006575,Maguielson Lima Barbosa,UTC,2023-06-24T21:15:00+00:00,1687641300,1687641300.0,1687644900.0,8268.0,Estádio Soares de Azevedo,"Muriaé, Minas Gerais",Match Finished,FT,90.0,72,Serie B,Brazil,https://media.api-sports.io/football/leagues/72.png,https://media.api-sports.io/flags/br.svg,2023,Regular Season - 13,2227,Tombense,https://media.api-sports.io/football/teams/2227.png,False,7834,Novorizontino,https://media.api-sports.io/football/teams/7834.png,True,1.0,2.0,0.0,0.0,1.0,2.0,,,,,,,
1006571,Jefferson Ferreira de Moraes,UTC,2023-06-25T14:00:00+00:00,1687701600,1687701600.0,1687705200.0,5676.0,Estádio José Maria de Campos Maia,"Mirassol, São Paulo",Match Finished,FT,90.0,72,Serie B,Brazil,https://media.api-sports.io/football/leagues/72.png,https://media.api-sports.io/flags/br.svg,2023,Regular Season - 13,7848,Mirassol,https://media.api-sports.io/football/teams/7848.png,True,754,ABC,https://media.api-sports.io/football/teams/754.png,False,3.0,2.0,1.0,1.0,3.0,2.0,,,,,,,
1006573,Thiago Luis Scarascati,UTC,2023-06-25T18:30:00+00:00,1687717800,1687717800.0,1687721400.0,265.0,Estádio Governador João Castelo,"São Luís, Maranhão",Match Finished,FT,90.0,72,Serie B,Brazil,https://media.api-sports.io/football/leagues/72.png,https://media.api-sports.io/flags/br.svg,2023,Regular Season - 13,155,Sampaio Correa,https://media.api-sports.io/football/teams/155.png,,129,Ceara,https://media.api-sports.io/football/teams/129.png,,1.0,1.0,1.0,1.0,1.0,1.0,,,,,,,
1006567,Bruno Arleu de Araujo,UTC,2023-06-25T21:00:00+00:00,1687726800,1687726800.0,1687730400.0,242.0,Estádio Brinco de Ouro da Princesa,"Campinas, São Paulo",Match Finished,FT,90.0,72,Serie B,Brazil,https://media.api-sports.io/football/leagues/72.png,https://media.api-sports.io/flags/br.svg,2023,Regular Season - 13,138,Guarani Campinas,https://media.api-sports.io/football/teams/138.png,True,136,Vitoria,https://media.api-sports.io/football/teams/136.png,False,2.0,0.0,1.0,0.0,2.0,0.0,,,,,,,
1006584,Leonardo Ferreira Lima,UTC,2023-06-27T22:00:00+00:00,1687903200,1687903200.0,1687906800.0,227.0,Arena Condá,"Chapecó, Santa Catarina",Match Finished,FT,90.0,72,Serie B,Brazil,https://media.api-sports.io/football/leagues/72.png,https://media.api-sports.io/flags/br.svg,2023,Regular Season - 14,132,Chapecoense-sc,https://media.api-sports.io/football/teams/132.png,,123,Sport Recife,https://media.api-sports.io/football/teams/123.png,,1.0,1.0,0.0,1.0,1.0,1.0,,,,,,,
1006579,Marcelo de Lima Henrique,UTC,2023-06-27T22:00:00+00:00,1687903200,1687903200.0,1687906800.0,233.0,Estádio Heriberto Hülse,"Criciúma, Santa Catarina",Match Finished,FT,90.0,72,Serie B,Brazil,https://media.api-sports.io/football/leagues/72.png,https://media.api-sports.io/flags/br.svg,2023,Regular Season - 14,140,Criciuma,https://media.api-sports.io/football/teams/140.png,True,146,CRB,https://media.api-sports.io/football/teams/146.png,False,2.0,1.0,2.0,0.0,2.0,1.0,,,,,,,
1006578,Arthur Gomes Rabelo,UTC,2023-06-28T00:30:00+00:00,1687912200,1687912200.0,1687915800.0,280.0,Estádio Onésio Brasileiro Alvarenga,"Goiânia, Goiás",Match Finished,FT,90.0,72,Serie B,Brazil,https://media.api-sports.io/football/leagues/72.png,https://media.api-sports.io/flags/br.svg,2023,Regular Season - 14,142,Vila Nova,https://media.api-sports.io/football/teams/142.png,True,2227,Tombense,https://media.api-sports.io/football/teams/2227.png,False,1.0,0.0,0.0,0.0,1.0,0.0,,,,,,,
1006581,Marielson Alves Silva,UTC,2023-06-28T00:30:00+00:00,1687912200,1687912200.0,1687915800.0,5664.0,Estádio Dr. Jorge Ismael de Biasi,"Novo Horizonte, São Paulo",Match Finished,FT,90.0,72,Serie B,Brazil,https://media.api-sports.io/football/leagues/72.png,https://media.api-sports.io/flags/br.svg,2023,Regular Season - 14,7834,Novorizontino,https://media.api-sports.io/football/teams/7834.png,False,2618,Botafogo SP,https://media.api-sports.io/football/teams/2618.png,True,0.0,1.0,0.0,1.0,0.0,1.0,,,,,,,
1006583,Douglas Marques das Flores,UTC,2023-06-28T22:00:00+00:00,1687989600,1687989600.0,1687993200.0,225.0,Estádio Governador Plácido Aderaldo Castelo,"Fortaleza, Ceará",Match Finished,FT,90.0,72,Serie B,Brazil,https://media.api-sports.io/football/leagues/72.png,https://media.api-sports.io/flags/br.svg,2023,Regular Season - 14,129,Ceara,https://media.api-sports.io/football/teams/129.png,,145,Avai,https://media.api-sports.io/football/teams/145.png,,0.0,0.0,0.0,0.0,0.0,0.0,,,,,,,
1006586,Rafael Martins Diniz,UTC,2023-06-28T22:00:00+00:00,1687989600,1687989600.0,1687993200.0,205.0,Estádio Maria Lamas Farache,"Natal, Rio Grande do Norte",Match Finished,FT,90.0,72,Serie B,Brazil,https://media.api-sports.io/football/leagues/72.png,https://media.api-sports.io/flags/br.svg,2023,Regular Season - 14,754,ABC,https://media.api-sports.io/football/teams/754.png,,144,Atletico Goianiense,https://media.api-sports.io/football/teams/144.png,,1.0,1.0,0.0,0.0,1.0,1.0,,,,,,,
1006582,Alisson Furtado,UTC,2023-06-29T00:30:00+00:00,1687998600,1687998600.0,1688002200.0,281.0,Estádio Manoel Barradas,"Salvador, Bahia",Match Finished,FT,90.0,72,Serie B,Brazil,https://media.api-sports.io/football/leagues/72.png,https://media.api-sports.io/flags/br.svg,2023,Regular Season - 14,136,Vitoria,https://media.api-sports.io/football/teams/136.png,True,155,Sampaio Correa,https://media.api-sports.io/football/teams/155.png,False,2.0,1.0,0.0,1.0,2.0,1.0,,,,,,,
1006577,Lucas Torezin,UTC,2023-06-29T00:30:00+00:00,1687998600,1687998600.0,1688002200.0,242.0,Estádio Brinco de Ouro da Princesa,"Campinas, São Paulo",Match Finished,FT,90.0,72,Serie B,Brazil,https://media.api-sports.io/football/leagues/72.png,https://media.api-sports.io/flags/br.svg,2023,Regular Season - 14,138,Guarani Campinas,https://media.api-sports.io/football/teams/138.png,True,7848,Mirassol,https://media.api-sports.io/football/teams/7848.png,False,2.0,1.0,1.0,0.0,2.0,1.0,,,,,,,
1006585,Dyorgines José Padovani Andrade,UTC,2023-06-29T00:30:00+00:00,1687998600,1687998600.0,1688002200.0,249.0,Estádio Municipal Jacy Scaff,"Londrina, Paraná",Match Finished,FT,90.0,72,Serie B,Brazil,https://media.api-sports.io/football/leagues/72.png,https://media.api-sports.io/flags/br.svg,2023,Regular Season - 14,148,Londrina,https://media.api-sports.io/football/teams/148.png,False,152,Juventude,https://media.api-sports.io/football/teams/152.png,True,1.0,2.0,1.0,0.0,1.0,2.0,,,,,,,
1006580,Rodrigo José Pereira de Lima,UTC,2023-06-29T00:30:00+00:00,1687998600,1687998600.0,1688002200.0,5632.0,Estádio Municipal Dr. Novelli Júnior,"Itu, São Paulo",Match Finished,FT,90.0,72,Serie B,Brazil,https://media.api-sports.io/football/leagues/72.png,https://media.api-sports.io/flags/br.svg,2023,Regular Season - 14,7779,Ituano,https://media.api-sports.io/football/teams/7779.png,False,139,Ponte Preta,https://media.api-sports.io/football/teams/139.png,True,0.0,1.0,0.0,0.0,0.0,1.0,,,,,,,
1006595,Yuri Elino Ferreira da Cruz,UTC,2023-07-01T00:30:00+00:00,1688171400,1688171400.0,1688175000.0,8268.0,Estádio Soares de Azevedo,"Muriaé, Minas Gerais",Match Finished,FT,90.0,72,Serie B,Brazil,https://media.api-sports.io/football/leagues/72.png,https://media.api-sports.io/flags/br.svg,2023,Regular Season - 15,2227,Tombense,https://media.api-sports.io/football/teams/2227.png,True,132,Chapecoense-sc,https://media.api-sports.io/football/teams/132.png,False,4.0,2.0,1.0,0.0,4.0,2.0,,,,,,,
1006588,Luiz Flávio,UTC,2023-07-01T19:00:00+00:00,1688238000,1688238000.0,1688241600.0,211.0,Estádio Antônio Accioly,"Goiânia, Goiás",Match Finished,FT,90.0,72,Serie B,Brazil,https://media.api-sports.io/football/leagues/72.png,https://media.api-sports.io/flags/br.svg,2023,Regular Season - 15,144,Atletico Goianiense,https://media.api-sports.io/football/teams/144.png,,142,Vila Nova,https://media.api-sports.io/football/teams/142.png,,1.0,1.0,0.0,0.0,1.0,1.0,,,,,,,
1006589,Matheus Delgado Candançan,UTC,2023-07-01T20:00:00+00:00,1688241600,1688241600.0,1688245200.0,214.0,Estádio Aderbal Ramos da Silva,"Florianópolis, Santa Catarina",Match Finished,FT,90.0,72,Serie B,Brazil,https://media.api-sports.io/football/leagues/72.png,https://media.api-sports.io/flags/br.svg,2023,Regular Season - 15,145,Avai,https://media.api-sports.io/football/teams/145.png,False,754,ABC,https://media.api-sports.io/football/teams/754.png,True,0.0,2.0,0.0,1.0,0.0,2.0,,,,,,,
1006593,Paulo Henrique de Melo Salmazio,UTC,2023-07-01T20:00:00+00:00,1688241600,1688241600.0,1688245200.0,265.0,Estádio Governador João Castelo,"São Luís, Maranhão",Match Finished,FT,90.0,72,Serie B,Brazil,https://media.api-sports.io/football/leagues/72.png,https://media.api-sports.io/flags/br.svg,2023,Regular Season - 15,155,Sampaio Correa,https://media.api-sports.io/football/teams/155.png,False,140,Criciuma,https://media.api-sports.io/football/teams/140.png,True,0.0,2.0,0.0,1.0,0.0,2.0,,,,,,,
1006596,Leonardo Willers Lorenzatto,UTC,2023-07-01T21:15:00+00:00,1688246100,1688246100.0,1688249700.0,232.0,Estádio Rei Pelé,"Maceió, Alagoas",Match Finished,FT,90.0,72,Serie B,Brazil,https://media.api-sports.io/football/leagues/72.png,https://media.api-sports.io/flags/br.svg,2023,Regular Season - 15,146,CRB,https://media.api-sports.io/football/teams/146.png,True,148,Londrina,https://media.api-sports.io/football/teams/148.png,False,2.0,1.0,2.0,0.0,2.0,1.0,,,,,,,
1006594,Vinicius Gonçalves Dias Araujo,UTC,2023-07-02T18:30:00+00:00,1688322600,1688322600.0,1688326200.0,248.0,Estádio Alfredo Jaconi,"Caxias do Sul, Rio Grande do Sul",Match Finished,FT,90.0,72,Serie B,Brazil,https://media.api-sports.io/football/leagues/72.png,https://media.api-sports.io/flags/br.svg,2023,Regular Season - 15,152,Juventude,https://media.api-sports.io/football/teams/152.png,True,136,Vitoria,https://media.api-sports.io/football/teams/136.png,False,1.0,0.0,0.0,0.0,1.0,0.0,,,,,,,
1006592,Bruno Arleu de Araujo,UTC,2023-07-02T21:00:00+00:00,1688331600,1688331600.0,1688335200.0,276.0,Estádio Adelmar da Costa Carvalho,"Recife, Pernambuco",Match Finished,FT,90.0,72,Serie B,Brazil,https://media.api-sports.io/football/leagues/72.png,https://media.api-sports.io/flags/br.svg,2023,Regular Season - 15,123,Sport Recife,https://media.api-sports.io/football/teams/123.png,True,129,Ceara,https://media.api-sports.io/football/teams/129.png,False,2.0,0.0,2.0,0.0,2.0,0.0,,,,,,,
1006587,Felipe Fernandes de Lima,UTC,2023-07-02T23:30:00+00:00,1688340600,1688340600.0,1688344200.0,261.0,Estádio Moisés Lucarelli,"Campinas, São Paulo",Match Finished,FT,90.0,72,Serie B,Brazil,https://media.api-sports.io/football/leagues/72.png,https://media.api-sports.io/flags/br.svg,2023,Regular Season - 15,139,Ponte Preta,https://media.api-sports.io/football/teams/139.png,True,7834,Novorizontino,https://media.api-sports.io/football/teams/7834.png,False,1.0,0.0,0.0,0.0,1.0,0.0,,,,,,,
1006591,Arthur Gomes Rabelo,UTC,2023-07-03T21:00:00+00:00,1688418000,1688418000.0,1688421600.0,5676.0,Estádio José Maria de Campos Maia,"Mirassol, São Paulo",Match Finished,FT,90.0,72,Serie B,Brazil,https://media.api-sports.io/football/leagues/72.png,https://media.api-sports.io/flags/br.svg,2023,Regular Season - 15,7848,Mirassol,https://media.api-sports.io/football/teams/7848.png,False,7779,Ituano,https://media.api-sports.io/football/teams/7779.png,True,0.0,1.0,0.0,0.0,0.0,1.0,,,,,,,
1006590,Maguielson Lima Barbosa,UTC,2023-07-03T23:15:00+00:00,1688426100,1688426100.0,1688429700.0,219.0,Estádio Santa Cruz,"Ribeirão Preto, São Paulo",Match Finished,FT,90.0,72,Serie B,Brazil,https://media.api-sports.io/football/leagues/72.png,https://media.api-sports.io/flags/br.svg,2023,Regular Season - 15,2618,Botafogo SP,https://media.api-sports.io/football/teams/2618.png,True,138,Guarani Campinas,https://media.api-sports.io/football/teams/138.png,False,1.0,0.0,0.0,0.0,1.0,0.0,,,,,,,
1006456,Caio Max Augusto Vieira,UTC,2023-07-05T22:00:00+00:00,1688594400,1688594400.0,1688598000.0,232.0,Estádio Rei Pelé,"Maceió, Alagoas",Match Finished,FT,90.0,72,Serie B,Brazil,https://media.api-sports.io/football/leagues/72.png,https://media.api-sports.io/flags/br.svg,2023,Regular Season - 1,146,CRB,https://media.api-sports.io/football/teams/146.png,True,123,Sport Recife,https://media.api-sports.io/football/teams/123.png,False,2.0,0.0,1.0,0.0,2.0,0.0,,,,,,,
1006601,Léo Simão Holanda,UTC,2023-07-07T22:00:00+00:00,1688767200,1688767200.0,1688770800.0,5664.0,Estádio Dr. Jorge Ismael de Biasi,"Novo Horizonte, São Paulo",Match Finished,FT,90.0,72,Serie B,Brazil,https://media.api-sports.io/football/leagues/72.png,https://media.api-sports.io/flags/br.svg,2023,Regular Season - 16,7834,Novorizontino,https://media.api-sports.io/football/teams/7834.png,,144,Atletico Goianiense,https://media.api-sports.io/football/teams/144.png,,2.0,2.0,1.0,0.0,2.0,2.0,,,,,,,
1006603,Arthur Gomes Rabelo,UTC,2023-07-08T00:30:00+00:00,1688776200,1688776200.0,1688779800.0,225.0,Estádio Governador Plácido Aderaldo Castelo,"Fortaleza, Ceará",Match Finished,FT,90.0,72,Serie B,Brazil,https://media.api-sports.io/football/leagues/72.png,https://media.api-sports.io/flags/br.svg,2023,Regular Season - 16,129,Ceara,https://media.api-sports.io/football/teams/129.png,True,2618,Botafogo SP,https://media.api-sports.io/football/teams/2618.png,False,3.0,0.0,1.0,0.0,3.0,0.0,,,,,,,
1006597,Diego Pombo Lopez,UTC,2023-07-08T14:00:00+00:00,1688824800,1688824800.0,1688828400.0,242.0,Estádio Brinco de Ouro da Princesa,"Campinas, São Paulo",Match Finished,FT,90.0,72,Serie B,Brazil,https://media.api-sports.io/football/leagues/72.png,https://media.api-sports.io/flags/br.svg,2023,Regular Season - 16,138,Guarani Campinas,https://media.api-sports.io/football/teams/138.png,True,148,Londrina,https://media.api-sports.io/football/teams/148.png,False,2.0,1.0,1.0,1.0,2.0,1.0,,,,,,,
1006606,Ivan Guimarães Junior,UTC,2023-07-08T18:30:00+00:00,1688841000,1688841000.0,1688844600.0,205.0,Estádio Maria Lamas Farache,"Natal, Rio Grande do Norte",Match Finished,FT,90.0,72,Serie B,Brazil,https://media.api-sports.io/football/leagues/72.png,https://media.api-sports.io/flags/br.svg,2023,Regular Season - 16,754,ABC,https://media.api-sports.io/football/teams/754.png,False,140,Criciuma,https://media.api-sports.io/football/teams/140.png,True,0.0,1.0,0.0,1.0,0.0,1.0,,,,,,,
1006599,Jefferson Ferreira de Moraes,UTC,2023-07-08T20:00:00+00:00,1688846400,1688846400.0,1688850000.0,214.0,Estádio Aderbal Ramos da Silva,"Florianópolis, Santa Catarina",Match Finished,FT,90.0,72,Serie B,Brazil,https://media.api-sports.io/football/leagues/72.png,https://media.api-sports.io/flags/br.svg,2023,Regular Season - 16,145,Avai,https://media.api-sports.io/football/teams/145.png,False,139,Ponte Preta,https://media.api-sports.io/football/teams/139.png,True,0.0,1.0,0.0,1.0,0.0,1.0,,,,,,,
1006600,Luiz Augusto Silveira Tisne,UTC,2023-07-08T20:00:00+00:00,1688846400,1688846400.0,1688850000.0,5632.0,Estádio Municipal Dr. Novelli Júnior,"Itu, São Paulo",Match Finished,FT,90.0,72,Serie B,Brazil,https://media.api-sports.io/football/leagues/72.png,https://media.api-sports.io/flags/br.svg,2023,Regular Season - 16,7779,Ituano,https://media.api-sports.io/football/teams/7779.png,,152,Juventude,https://media.api-sports.io/football/teams/152.png,,1.0,1.0,0.0,0.0,1.0,1.0,,,,,,,
1006605,Rodrigo Batista Raposo,UTC,2023-07-08T21:00:00+00:00,1688850000,1688850000.0,1688853600.0,8268.0,Estádio Soares de Azevedo,"Muriaé, Minas Gerais",Match Finished,FT,90.0,72,Serie B,Brazil,https://media.api-sports.io/football/leagues/72.png,https://media.api-sports.io/flags/br.svg,2023,Regular Season - 16,2227,Tombense,https://media.api-sports.io/football/teams/2227.png,False,155,Sampaio Correa,https://media.api-sports.io/football/teams/155.png,True,0.0,1.0,0.0,0.0,0.0,1.0,,,,,,,
1006604,Fabio Augusto de Sá Junior,UTC,2023-07-09T18:30:00+00:00,1688927400,1688927400.0,1688931000.0,227.0,Arena Condá,"Chapecó, Santa Catarina",Match Finished,FT,90.0,72,Serie B,Brazil,https://media.api-sports.io/football/leagues/72.png,https://media.api-sports.io/flags/br.svg,2023,Regular Season - 16,132,Chapecoense-sc,https://media.api-sports.io/football/teams/132.png,True,146,CRB,https://media.api-sports.io/football/teams/146.png,False,2.0,1.0,0.0,0.0,2.0,1.0,,,,,,,
1006602,Felipe Fernandes de Lima,UTC,2023-07-09T21:00:00+00:00,1688936400,1688936400.0,1688940000.0,276.0,Estádio Adelmar da Costa Carvalho,"Recife, Pernambuco",Match Finished,FT,90.0,72,Serie B,Brazil,https://media.api-sports.io/football/leagues/72.png,https://media.api-sports.io/flags/br.svg,2023,Regular Season - 16,123,Sport Recife,https://media.api-sports.io/football/teams/123.png,,7848,Mirassol,https://media.api-sports.io/football/teams/7848.png,,0.0,0.0,0.0,0.0,0.0,0.0,,,,,,,
1006598,Matheus Delgado Candançan,UTC,2023-07-10T23:00:00+00:00,1689030000,1689030000.0,1689033600.0,280.0,Estádio Onésio Brasileiro Alvarenga,"Goiânia, Goiás",Match Finished,FT,90.0,72,Serie B,Brazil,https://media.api-sports.io/football/leagues/72.png,https://media.api-sports.io/flags/br.svg,2023,Regular Season - 16,142,Vila Nova,https://media.api-sports.io/football/teams/142.png,True,136,Vitoria,https://media.api-sports.io/football/teams/136.png,False,1.0,0.0,0.0,0.0,1.0,0.0,,,,,,,
1006609,Denis Ribeiro Serafim,UTC,2023-07-13T23:00:00+00:00,1689289200,1689289200.0,1689292800.0,233.0,Estádio Heriberto Hülse,"Criciúma, Santa Catarina",Match Finished,FT,90.0,72,Serie B,Brazil,https://media.api-sports.io/football/leagues/72.png,https://media.api-sports.io/flags/br.svg,2023,Regular Season - 17,140,Criciuma,https://media.api-sports.io/football/teams/140.png,,138,Guarani Campinas,https://media.api-sports.io/football/teams/138.png,,1.0,1.0,0.0,1.0,1.0,1.0,,,,,,,
1006608,João,UTC,2023-07-15T00:30:00+00:00,1689381000,1689381000.0,1689384600.0,211.0,Estádio Antônio Accioly,"Goiânia, Goiás",Match Finished,FT,90.0,72,Serie B,Brazil,https://media.api-sports.io/football/leagues/72.png,https://media.api-sports.io/flags/br.svg,2023,Regular Season - 17,144,Atletico Goianiense,https://media.api-sports.io/football/teams/144.png,True,123,Sport Recife,https://media.api-sports.io/football/teams/123.png,False,3.0,1.0,3.0,1.0,3.0,1.0,,,,,,,
1006613,Dyorgines José Padovani Andrade,UTC,2023-07-15T00:30:00+00:00,1689381000,1689381000.0,1689384600.0,265.0,Estádio Governador João Castelo,"São Luís, Maranhão",Match Finished,FT,90.0,72,Serie B,Brazil,https://media.api-sports.io/football/leagues/72.png,https://media.api-sports.io/flags/br.svg,2023,Regular Season - 17,155,Sampaio Correa,https://media.api-sports.io/football/teams/155.png,,7779,Ituano,https://media.api-sports.io/football/teams/7779.png,,0.0,0.0,0.0,0.0,0.0,0.0,,,,,,,
1006614,Maguielson Lima Barbosa,UTC,2023-07-15T14:00:00+00:00,1689429600,1689429600.0,1689433200.0,248.0,Estádio Alfredo Jaconi,"Caxias do Sul, Rio Grande do Sul",Match Finished,FT,90.0,72,Serie B,Brazil,https://media.api-sports.io/football/leagues/72.png,https://media.api-sports.io/flags/br.svg,2023,Regular Season - 17,152,Juventude,https://media.api-sports.io/football/teams/152.png,,754,ABC,https://media.api-sports.io/football/teams/754.png,,1.0,1.0,0.0,1.0,1.0,1.0,,,,,,,
1006607,Marcelo de Lima Henrique,UTC,2023-07-15T20:00:00+00:00,1689451200,1689451200.0,1689454800.0,261.0,Estádio Moisés Lucarelli,"Campinas, São Paulo",Match Finished,FT,90.0,72,Serie B,Brazil,https://media.api-sports.io/football/leagues/72.png,https://media.api-sports.io/flags/br.svg,2023,Regular Season - 17,139,Ponte Preta,https://media.api-sports.io/football/teams/139.png,False,2227,Tombense,https://media.api-sports.io/football/teams/2227.png,True,0.0,1.0,0.0,0.0,0.0,1.0,,,,,,,
1006615,Caio Max Augusto Vieira,UTC,2023-07-15T20:00:00+00:00,1689451200,1689451200.0,1689454800.0,249.0,Estádio Municipal Jacy Scaff,"Londrina, Paraná",Match Finished,FT,90.0,72,Serie B,Brazil,https://media.api-sports.io/football/leagues/72.png,https://media.api-sports.io/flags/br.svg,2023,Regular Season - 17,148,Londrina,https://media.api-sports.io/football/teams/148.png,True,142,Vila Nova,https://media.api-sports.io/football/teams/142.png,False,1.0,0.0,1.0,0.0,1.0,0.0,,,,,,,
1006611,Alisson Furtado,UTC,2023-07-16T18:30:00+00:00,1689532200,1689532200.0,1689535800.0,5676.0,Estádio José Maria de Campos Maia,"Mirassol, São Paulo",Match Finished,FT,90.0,72,Serie B,Brazil,https://media.api-sports.io/football/leagues/72.png,https://media.api-sports.io/flags/br.svg,2023,Regular Season - 17,7848,Mirassol,https://media.api-sports.io/football/teams/7848.png,,129,Ceara,https://media.api-sports.io/football/teams/129.png,,1.0,1.0,1.0,1.0,1.0,1.0,,,,,,,
1006612,André Luiz,UTC,2023-07-16T21:00:00+00:00,1689541200,1689541200.0,1689544800.0,281.0,Estádio Manoel Barradas,"Salvador, Bahia",Match Finished,FT,90.0,72,Serie B,Brazil,https://media.api-sports.io/football/leagues/72.png,https://media.api-sports.io/flags/br.svg,2023,Regular Season - 17,136,Vitoria,https://media.api-sports.io/football/teams/136.png,True,7834,Novorizontino,https://media.api-sports.io/football/teams/7834.png,False,2.0,1.0,2.0,0.0,2.0,1.0,,,,,,,
1006620,Lucas Torezin,UTC,2023-07-17T23:00:00+00:00,1689634800,1689634800.0,1689638400.0,219.0,Estádio Santa Cruz,"Ribeirão Preto, São Paulo",Match Finished,FT,90.0,72,Serie B,Brazil,https://media.api-sports.io/football/leagues/72.png,https://media.api-sports.io/flags/br.svg,2023,Regular Season - 18,2618,Botafogo SP,https://media.api-sports.io/football/teams/2618.png,True,140,Criciuma,https://media.api-sports.io/football/teams/140.png,False,1.0,0.0,0.0,0.0,1.0,0.0,,,,,,,
1006625,Thiago Luis Scarascati,UTC,2023-07-18T21:00:00+00:00,1689714000,1689714000.0,1689717600.0,8268.0,Estádio Soares de Azevedo,"Muriaé, Minas Gerais",Match Finished,FT,90.0,72,Serie B,Brazil,https://media.api-sports.io/football/leagues/72.png,https://media.api-sports.io/flags/br.svg,2023,Regular Season - 18,2227,Tombense,https://media.api-sports.io/football/teams/2227.png,True,146,CRB,https://media.api-sports.io/football/teams/146.png,False,2.0,1.0,0.0,0.0,2.0,1.0,,,,,,,
1006624,Felipe Fernandes de Lima,UTC,2023-07-18T22:00:00+00:00,1689717600,1689717600.0,1689721200.0,227.0,Arena Condá,"Chapecó, Santa Catarina",Match Finished,FT,90.0,72,Serie B,Brazil,https://media.api-sports.io/football/leagues/72.png,https://media.api-sports.io/flags/br.svg,2023,Regular Season - 18,132,Chapecoense-sc,https://media.api-sports.io/football/teams/132.png,True,7779,Ituano,https://media.api-sports.io/football/teams/7779.png,False,1.0,0.0,0.0,0.0,1.0,0.0,,,,,,,
1006617,Marielson Alves Silva,UTC,2023-07-19T00:30:00+00:00,1689726600,1689726600.0,1689730200.0,261.0,Estádio Moisés Lucarelli,"Campinas, São Paulo",Match Finished,FT,90.0,72,Serie B,Brazil,https://media.api-sports.io/football/leagues/72.png,https://media.api-sports.io/flags/br.svg,2023,Regular Season - 18,139,Ponte Preta,https://media.api-sports.io/football/teams/139.png,,152,Juventude,https://media.api-sports.io/football/teams/152.png,,0.0,0.0,0.0,0.0,0.0,0.0,,,,,,,
1006618,Arthur Gomes Rabelo,UTC,2023-07-19T22:00:00+00:00,1689804000,1689804000.0,1689807600.0,211.0,Estádio Antônio Accioly,"Goiânia, Goiás",Match Finished,FT,90.0,72,Serie B,Brazil,https://media.api-sports.io/football/leagues/72.png,https://media.api-sports.io/flags/br.svg,2023,Regular Season - 18,144,Atletico Goianiense,https://media.api-sports.io/football/teams/144.png,,7848,Mirassol,https://media.api-sports.io/football/teams/7848.png,,2.0,2.0,0.0,1.0,2.0,2.0,,,,,,,
1006621,Paulo Henrique Schleinch Vollkopf,UTC,2023-07-19T22:00:00+00:00,1689804000,1689804000.0,1689807600.0,5664.0,Estádio Dr. Jorge Ismael de Biasi,"Novo Horizonte, São Paulo",Match Finished,FT,90.0,72,Serie B,Brazil,https://media.api-sports.io/football/leagues/72.png,https://media.api-sports.io/flags/br.svg,2023,Regular Season - 18,7834,Novorizontino,https://media.api-sports.io/football/teams/7834.png,True,148,Londrina,https://media.api-sports.io/football/teams/148.png,False,3.0,0.0,3.0,0.0,3.0,0.0,,,,,,,
1006622,Luiz Flávio,UTC,2023-07-20T00:30:00+00:00,1689813000,1689813000.0,1689816600.0,276.0,Estádio Adelmar da Costa Carvalho,"Recife, Pernambuco",Match Finished,FT,90.0,72,Serie B,Brazil,https://media.api-sports.io/football/leagues/72.png,https://media.api-sports.io/flags/br.svg,2023,Regular Season - 18,123,Sport Recife,https://media.api-sports.io/football/teams/123.png,False,136,Vitoria,https://media.api-sports.io/football/teams/136.png,True,1.0,2.0,0.0,1.0,1.0,2.0,,,,,,,
1006623,Wagner do Nascimento Magalhaes,UTC,2023-07-20T00:30:00+00:00,1689813000,1689813000.0,1689816600.0,225.0,Estádio Governador Plácido Aderaldo Castelo,"Fortaleza, Ceará",Match Finished,FT,90.0,72,Serie B,Brazil,https://media.api-sports.io/football/leagues/72.png,https://media.api-sports.io/flags/br.svg,2023,Regular Season - 18,129,Ceara,https://media.api-sports.io/football/teams/129.png,True,142,Vila Nova,https://media.api-sports.io/football/teams/142.png,False,1.0,0.0,0.0,0.0,1.0,0.0,,,,,,,
1006619,Matheus Delgado Candançan,UTC,2023-07-20T00:30:00+00:00,1689813000,1689813000.0,1689816600.0,214.0,Estádio Aderbal Ramos da Silva,"Florianópolis, Santa Catarina",Match Finished,FT,90.0,72,Serie B,Brazil,https://media.api-sports.io/football/leagues/72.png,https://media.api-sports.io/flags/br.svg,2023,Regular Season - 18,145,Avai,https://media.api-sports.io/football/teams/145.png,True,155,Sampaio Correa,https://media.api-sports.io/football/teams/155.png,False,2.0,0.0,1.0,0.0,2.0,0.0,,,,,,,
1006626,Emerson Ricardo de Almeida Andrade,UTC,2023-07-20T00:30:00+00:00,1689813000,1689813000.0,1689816600.0,207.0,Arena das Dunas,"Natal, Rio Grande do Norte",Match Finished,FT,90.0,72,Serie B,Brazil,https://media.api-sports.io/football/leagues/72.png,https://media.api-sports.io/flags/br.svg,2023,Regular Season - 18,754,ABC,https://media.api-sports.io/football/teams/754.png,False,138,Guarani Campinas,https://media.api-sports.io/football/teams/138.png,True,0.0,1.0,0.0,0.0,0.0,1.0,,,,,,,
1006636,Léo Simão Holanda,UTC,2023-07-21T22:00:00+00:00,1689976800,1689976800.0,1689980400.0,232.0,Estádio Rei Pelé,"Maceió, Alagoas",Match Finished,FT,90.0,72,Serie B,Brazil,https://media.api-sports.io/football/leagues/72.png,https://media.api-sports.io/flags/br.svg,2023,Regular Season - 19,146,CRB,https://media.api-sports.io/football/teams/146.png,True,139,Ponte Preta,https://media.api-sports.io/football/teams/139.png,False,1.0,0.0,1.0,0.0,1.0,0.0,,,,,,,
1006631,Jefferson Ferreira de Moraes,UTC,2023-07-22T18:30:00+00:00,1690050600,1690050600.0,1690054200.0,5676.0,Estádio José Maria de Campos Maia,"Mirassol, São Paulo",Match Finished,FT,90.0,72,Serie B,Brazil,https://media.api-sports.io/football/leagues/72.png,https://media.api-sports.io/flags/br.svg,2023,Regular Season - 19,7848,Mirassol,https://media.api-sports.io/football/teams/7848.png,True,2227,Tombense,https://media.api-sports.io/football/teams/2227.png,False,2.0,0.0,2.0,0.0,2.0,0.0,,,,,,,
1006629,Diego Pombo Lopez,UTC,2023-07-22T20:00:00+00:00,1690056000,1690056000.0,1690059600.0,233.0,Estádio Heriberto Hülse,"Criciúma, Santa Catarina",Match Finished,FT,90.0,72,Serie B,Brazil,https://media.api-sports.io/football/leagues/72.png,https://media.api-sports.io/flags/br.svg,2023,Regular Season - 19,140,Criciuma,https://media.api-sports.io/football/teams/140.png,False,7834,Novorizontino,https://media.api-sports.io/football/teams/7834.png,True,0.0,1.0,0.0,0.0,0.0,1.0,,,,,,,
1006628,Yuri Elino Ferreira da Cruz,UTC,2023-07-22T20:00:00+00:00,1690056000,1690056000.0,1690059600.0,280.0,Estádio Onésio Brasileiro Alvarenga,"Goiânia, Goiás",Match Finished,FT,90.0,72,Serie B,Brazil,https://media.api-sports.io/football/leagues/72.png,https://media.api-sports.io/flags/br.svg,2023,Regular Season - 19,142,Vila Nova,https://media.api-sports.io/football/teams/142.png,,754,ABC,https://media.api-sports.io/football/teams/754.png,,1.0,1.0,0.0,0.0,1.0,1.0,,,,,,,
1006630,Paulo Roberto Alves Júnior,UTC,2023-07-22T21:00:00+00:00,1690059600,1690059600.0,1690063200.0,5632.0,Estádio Municipal Dr. Novelli Júnior,"Itu, São Paulo",Match Finished,FT,90.0,72,Serie B,Brazil,https://media.api-sports.io/football/leagues/72.png,https://media.api-sports.io/flags/br.svg,2023,Regular Season - 19,7779,Ituano,https://media.api-sports.io/football/teams/7779.png,False,145,Avai,https://media.api-sports.io/football/teams/145.png,True,0.0,1.0,0.0,1.0,0.0,1.0,,,,,,,
1006627,Leandro Vuaden,UTC,2023-07-23T14:00:00+00:00,1690120800,1690120800.0,1690124400.0,242.0,Estádio Brinco de Ouro da Princesa,"Campinas, São Paulo",Match Finished,FT,90.0,72,Serie B,Brazil,https://media.api-sports.io/football/leagues/72.png,https://media.api-sports.io/flags/br.svg,2023,Regular Season - 19,138,Guarani Campinas,https://media.api-sports.io/football/teams/138.png,True,144,Atletico Goianiense,https://media.api-sports.io/football/teams/144.png,False,1.0,0.0,1.0,0.0,1.0,0.0,,,,,,,
1006634,Denis Ribeiro Serafim,UTC,2023-07-23T18:30:00+00:00,1690137000,1690137000.0,1690140600.0,248.0,Estádio Alfredo Jaconi,"Caxias do Sul, Rio Grande do Sul",Match Finished,FT,90.0,72,Serie B,Brazil,https://media.api-sports.io/football/leagues/72.png,https://media.api-sports.io/flags/br.svg,2023,Regular Season - 19,152,Juventude,https://media.api-sports.io/football/teams/152.png,True,129,Ceara,https://media.api-sports.io/football/teams/129.png,False,1.0,0.0,0.0,0.0,1.0,0.0,,,,,,,
1006633,Wagner do Nascimento Magalhaes,UTC,2023-07-23T21:00:00+00:00,1690146000,1690146000.0,1690149600.0,265.0,Estádio Governador João Castelo,"São Luís, Maranhão",Match Finished,FT,90.0,72,Serie B,Brazil,https://media.api-sports.io/football/leagues/72.png,https://media.api-sports.io/flags/br.svg,2023,Regular Season - 19,155,Sampaio Correa,https://media.api-sports.io/football/teams/155.png,False,123,Sport Recife,https://media.api-sports.io/football/teams/123.png,True,1.0,2.0,1.0,1.0,1.0,2.0,,,,,,,
1006632,Marcelo de Lima Henrique,UTC,2023-07-24T22:00:00+00:00,1690236000,1690236000.0,1690239600.0,281.0,Estádio Manoel Barradas,"Salvador, Bahia",Match Finished,FT,90.0,72,Serie B,Brazil,https://media.api-sports.io/football/leagues/72.png,https://media.api-sports.io/flags/br.svg,2023,Regular Season - 19,136,Vitoria,https://media.api-sports.io/football/teams/136.png,True,132,Chapecoense-sc,https://media.api-sports.io/football/teams/132.png,False,1.0,0.0,0.0,0.0,1.0,0.0,,,,,,,
1006635,Paulo Belence Alves dos Prazeres Filho,UTC,2023-07-24T22:00:00+00:00,1690236000,1690236000.0,1690239600.0,249.0,Estádio Municipal Jacy Scaff,"Londrina, Paraná",Match Finished,FT,90.0,72,Serie B,Brazil,https://media.api-sports.io/football/leagues/72.png,https://media.api-sports.io/flags/br.svg,2023,Regular Season - 19,148,Londrina,https://media.api-sports.io/football/teams/148.png,False,2618,Botafogo SP,https://media.api-sports.io/football/teams/2618.png,True,1.0,2.0,1.0,1.0,1.0,2.0,,,,,,,
1006643,Arthur Gomes Rabelo,UTC,2023-07-28T22:00:00+00:00,1690581600,1690581600.0,1690585200.0,225.0,Estádio Governador Plácido Aderaldo Castelo,"Fortaleza, Ceará",Match Finished,FT,90.0,72,Serie B,Brazil,https://media.api-sports.io/football/leagues/72.png,https://media.api-sports.io/flags/br.svg,2023,Regular Season - 20,129,Ceara,https://media.api-sports.io/football/teams/129.png,,7779,Ituano,https://media.api-sports.io/football/teams/7779.png,,1.0,1.0,1.0,0.0,1.0,1.0,,,,,,,
1006642,Anderson Daronco,UTC,2023-07-29T00:30:00+00:00,1690590600,1690590600.0,1690594200.0,276.0,Estádio Adelmar da Costa Carvalho,"Recife, Pernambuco",Match Finished,FT,90.0,72,Serie B,Brazil,https://media.api-sports.io/football/leagues/72.png,https://media.api-sports.io/flags/br.svg,2023,Regular Season - 20,123,Sport Recife,https://media.api-sports.io/football/teams/123.png,True,146,CRB,https://media.api-sports.io/football/teams/146.png,False,2.0,0.0,0.0,0.0,2.0,0.0,,,,,,,
1006644,Leonardo Willers Lorenzatto,UTC,2023-07-29T14:00:00+00:00,1690639200,1690639200.0,1690642800.0,227.0,Arena Condá,"Chapecó, Santa Catarina",Match Finished,FT,90.0,72,Serie B,Brazil,https://media.api-sports.io/football/leagues/72.png,https://media.api-sports.io/flags/br.svg,2023,Regular Season - 20,132,Chapecoense-sc,https://media.api-sports.io/football/teams/132.png,False,7848,Mirassol,https://media.api-sports.io/football/teams/7848.png,True,0.0,1.0,0.0,0.0,0.0,1.0,,,,,,,
1006640,Davi de Oliveira Lacerda,UTC,2023-07-29T18:30:00+00:00,1690655400,1690655400.0,1690659000.0,7068.0,Estádio Dr. Francisco de Palma Travassos,"Ribeirão Preto, São Paulo",Match Finished,FT,90.0,72,Serie B,Brazil,https://media.api-sports.io/football/leagues/72.png,https://media.api-sports.io/flags/br.svg,2023,Regular Season - 20,2618,Botafogo SP,https://media.api-sports.io/football/teams/2618.png,False,152,Juventude,https://media.api-sports.io/football/teams/152.png,True,0.0,2.0,0.0,1.0,0.0,2.0,,,,,,,
1006639,Paulo Belence Alves dos Prazeres Filho,UTC,2023-07-29T20:00:00+00:00,1690660800,1690660800.0,1690664400.0,214.0,Estádio Aderbal Ramos da Silva,"Florianópolis, Santa Catarina",Match Finished,FT,90.0,72,Serie B,Brazil,https://media.api-sports.io/football/leagues/72.png,https://media.api-sports.io/flags/br.svg,2023,Regular Season - 20,145,Avai,https://media.api-sports.io/football/teams/145.png,False,138,Guarani Campinas,https://media.api-sports.io/football/teams/138.png,True,1.0,2.0,1.0,1.0,1.0,2.0,,,,,,,
1006646,Jonathan Benkenstein Pinheiro,UTC,2023-07-29T20:00:00+00:00,1690660800,1690660800.0,1690664400.0,207.0,Arena das Dunas,"Natal, Rio Grande do Norte",Match Finished,FT,90.0,72,Serie B,Brazil,https://media.api-sports.io/football/leagues/72.png,https://media.api-sports.io/flags/br.svg,2023,Regular Season - 20,754,ABC,https://media.api-sports.io/football/teams/754.png,,148,Londrina,https://media.api-sports.io/football/teams/148.png,,0.0,0.0,0.0,0.0,0.0,0.0,,,,,,,
1006638,Felipe Fernandes de Lima,UTC,2023-07-29T21:00:00+00:00,1690664400,1690664400.0,1690668000.0,211.0,Estádio Antônio Accioly,"Goiânia, Goiás",Match Finished,FT,90.0,72,Serie B,Brazil,https://media.api-sports.io/football/leagues/72.png,https://media.api-sports.io/flags/br.svg,2023,Regular Season - 20,144,Atletico Goianiense,https://media.api-sports.io/football/teams/144.png,,155,Sampaio Correa,https://media.api-sports.io/football/teams/155.png,,2.0,2.0,0.0,2.0,2.0,2.0,,,,,,,
1006645,Sávio Pereira,UTC,2023-07-30T14:00:00+00:00,1690725600,1690725600.0,1690729200.0,8268.0,Estádio Soares de Azevedo,"Muriaé, Minas Gerais",Match Finished,FT,90.0,72,Serie B,Brazil,https://media.api-sports.io/football/leagues/72.png,https://media.api-sports.io/flags/br.svg,2023,Regular Season - 20,2227,Tombense,https://media.api-sports.io/football/teams/2227.png,,140,Criciuma,https://media.api-sports.io/football/teams/140.png,,2.0,2.0,0.0,1.0,2.0,2.0,,,,,,,
1006641,Wagner do Nascimento Magalhaes,UTC,2023-07-30T18:30:00+00:00,1690741800,1690741800.0,1690745400.0,5664.0,Estádio Dr. Jorge Ismael de Biasi,"Novo Horizonte, São Paulo",Match Finished,FT,90.0,72,Serie B,Brazil,https://media.api-sports.io/football/leagues/72.png,https://media.api-sports.io/flags/br.svg,2023,Regular Season - 20,7834,Novorizontino,https://media.api-sports.io/football/teams/7834.png,True,142,Vila Nova,https://media.api-sports.io/football/teams/142.png,False,3.0,1.0,2.0,0.0,3.0,1.0,,,,,,,
1006637,Maguielson Lima Barbosa,UTC,2023-07-30T21:00:00+00:00,1690750800,1690750800.0,1690754400.0,261.0,Estádio Moisés Lucarelli,"Campinas, São Paulo",Match Finished,FT,90.0,72,Serie B,Brazil,https://media.api-sports.io/football/leagues/72.png,https://media.api-sports.io/flags/br.svg,2023,Regular Season - 20,139,Ponte Preta,https://media.api-sports.io/football/teams/139.png,,136,Vitoria,https://media.api-sports.io/football/teams/136.png,,2.0,2.0,2.0,0.0,2.0,2.0,,,,,,,
1006653,Alisson Furtado,UTC,2023-08-01T22:00:00+00:00,1690927200,1690927200.0,1690930800.0,265.0,Estádio Governador João Castelo,"São Luís, Maranhão",Match Finished,FT,90.0,72,Serie B,Brazil,https://media.api-sports.io/football/leagues/72.png,https://media.api-sports.io/flags/br.svg,2023,Regular Season - 21,155,Sampaio Correa,https://media.api-sports.io/football/teams/155.png,,2618,Botafogo SP,https://media.api-sports.io/football/teams/2618.png,,0.0,0.0,0.0,0.0,0.0,0.0,,,,,,,
1006651,Denis Ribeiro Serafim,UTC,2023-08-01T22:00:00+00:00,1690927200,1690927200.0,1690930800.0,5676.0,Estádio José Maria de Campos Maia,"Mirassol, São Paulo",Match Finished,FT,90.0,72,Serie B,Brazil,https://media.api-sports.io/football/leagues/72.png,https://media.api-sports.io/flags/br.svg,2023,Regular Season - 21,7848,Mirassol,https://media.api-sports.io/football/teams/7848.png,,145,Avai,https://media.api-sports.io/football/teams/145.png,,2.0,2.0,0.0,0.0,2.0,2.0,,,,,,,
1006656,Leonardo Ferreira Lima,UTC,2023-08-02T00:30:00+00:00,1690936200,1690936200.0,1690939800.0,232.0,Estádio Rei Pelé,"Maceió, Alagoas",Match Finished,FT,90.0,72,Serie B,Brazil,https://media.api-sports.io/football/leagues/72.png,https://media.api-sports.io/flags/br.svg,2023,Regular Season - 21,146,CRB,https://media.api-sports.io/football/teams/146.png,True,144,Atletico Goianiense,https://media.api-sports.io/football/teams/144.png,False,2.0,1.0,1.0,0.0,2.0,1.0,,,,,,,
1006649,Marcelo de Lima Henrique,UTC,2023-08-02T22:00:00+00:00,1691013600,1691013600.0,1691017200.0,233.0,Estádio Heriberto Hülse,"Criciúma, Santa Catarina",Match Finished,FT,90.0,72,Serie B,Brazil,https://media.api-sports.io/football/leagues/72.png,https://media.api-sports.io/flags/br.svg,2023,Regular Season - 21,140,Criciuma,https://media.api-sports.io/football/teams/140.png,True,139,Ponte Preta,https://media.api-sports.io/football/teams/139.png,False,2.0,1.0,2.0,1.0,2.0,1.0,,,,,,,
1006650,Thayslane Costa,UTC,2023-08-02T22:00:00+00:00,1691013600,1691013600.0,1691017200.0,5632.0,Estádio Municipal Dr. Novelli Júnior,"Itu, São Paulo",Match Finished,FT,90.0,72,Serie B,Brazil,https://media.api-sports.io/football/leagues/72.png,https://media.api-sports.io/flags/br.svg,2023,Regular Season - 21,7779,Ituano,https://media.api-sports.io/football/teams/7779.png,True,2227,Tombense,https://media.api-sports.io/football/teams/2227.png,False,1.0,0.0,1.0,0.0,1.0,0.0,,,,,,,
1006652,Bruno Mota Correia,UTC,2023-08-03T00:30:00+00:00,1691022600,1691022600.0,1691026200.0,281.0,Estádio Manoel Barradas,"Salvador, Bahia",Match Finished,FT,90.0,72,Serie B,Brazil,https://media.api-sports.io/football/leagues/72.png,https://media.api-sports.io/flags/br.svg,2023,Regular Season - 21,136,Vitoria,https://media.api-sports.io/football/teams/136.png,True,754,ABC,https://media.api-sports.io/football/teams/754.png,False,2.0,0.0,0.0,0.0,2.0,0.0,,,,,,,
1006647,Dyorgines José Padovani Andrade,UTC,2023-08-03T00:30:00+00:00,1691022600,1691022600.0,1691026200.0,242.0,Estádio Brinco de Ouro da Princesa,"Campinas, São Paulo",Match Finished,FT,90.0,72,Serie B,Brazil,https://media.api-sports.io/football/leagues/72.png,https://media.api-sports.io/flags/br.svg,2023,Regular Season - 21,138,Guarani Campinas,https://media.api-sports.io/football/teams/138.png,,129,Ceara,https://media.api-sports.io/football/teams/129.png,,0.0,0.0,0.0,0.0,0.0,0.0,,,,,,,
1006648,Luiz Flávio,UTC,2023-08-03T00:30:00+00:00,1691022600,1691022600.0,1691026200.0,280.0,Estádio Onésio Brasileiro Alvarenga,"Goiânia, Goiás",Match Finished,FT,90.0,72,Serie B,Brazil,https://media.api-sports.io/football/leagues/72.png,https://media.api-sports.io/flags/br.svg,2023,Regular Season - 21,142,Vila Nova,https://media.api-sports.io/football/teams/142.png,False,123,Sport Recife,https://media.api-sports.io/football/teams/123.png,True,0.0,1.0,0.0,0.0,0.0,1.0,,,,,,,
1006655,Emerson Ricardo de Almeida Andrade,UTC,2023-08-03T00:30:00+00:00,1691022600,1691022600.0,1691026200.0,249.0,Estádio Municipal Jacy Scaff,"Londrina, Paraná",Match Finished,FT,90.0,72,Serie B,Brazil,https://media.api-sports.io/football/leagues/72.png,https://media.api-sports.io/flags/br.svg,2023,Regular Season - 21,148,Londrina,https://media.api-sports.io/football/teams/148.png,,132,Chapecoense-sc,https://media.api-sports.io/football/teams/132.png,,1.0,1.0,1.0,0.0,1.0,1.0,,,,,,,
1006654,Luiz Augusto Silveira Tisne,UTC,2023-08-03T00:30:00+00:00,1691022600,1691022600.0,1691026200.0,248.0,Estádio Alfredo Jaconi,"Caxias do Sul, Rio Grande do Sul",Match Finished,FT,90.0,72,Serie B,Brazil,https://media.api-sports.io/football/leagues/72.png,https://media.api-sports.io/flags/br.svg,2023,Regular Season - 21,152,Juventude,https://media.api-sports.io/football/teams/152.png,True,7834,Novorizontino,https://media.api-sports.io/football/teams/7834.png,False,1.0,0.0,1.0,0.0,1.0,0.0,,,,,,,
1006661,Tarcizo Pinheiro Caetano,UTC,2023-08-05T00:30:00+00:00,1691195400,1691195400.0,1691199000.0,5676.0,Estádio José Maria de Campos Maia,"Mirassol, São Paulo",Match Finished,FT,90.0,72,Serie B,Brazil,https://media.api-sports.io/football/leagues/72.png,https://media.api-sports.io/flags/br.svg,2023,Regular Season - 22,7848,Mirassol,https://media.api-sports.io/football/teams/7848.png,,155,Sampaio Correa,https://media.api-sports.io/football/teams/155.png,,0.0,0.0,0.0,0.0,0.0,0.0,,,,,,,
1006659,Flavio Rodrigues De Souza,UTC,2023-08-05T18:30:00+00:00,1691260200,1691260200.0,1691263800.0,214.0,Estádio Aderbal Ramos da Silva,"Florianópolis, Santa Catarina",Match Finished,FT,90.0,72,Serie B,Brazil,https://media.api-sports.io/football/leagues/72.png,https://media.api-sports.io/flags/br.svg,2023,Regular Season - 22,145,Avai,https://media.api-sports.io/football/teams/145.png,True,140,Criciuma,https://media.api-sports.io/football/teams/140.png,False,1.0,0.0,1.0,0.0,1.0,0.0,,,,,,,
1006666,Marielson Alves Silva,UTC,2023-08-05T20:00:00+00:00,1691265600,1691265600.0,1691269200.0,232.0,Estádio Rei Pelé,"Maceió, Alagoas",Match Finished,FT,90.0,72,Serie B,Brazil,https://media.api-sports.io/football/leagues/72.png,https://media.api-sports.io/flags/br.svg,2023,Regular Season - 22,146,CRB,https://media.api-sports.io/football/teams/146.png,,2618,Botafogo SP,https://media.api-sports.io/football/teams/2618.png,,0.0,0.0,0.0,0.0,0.0,0.0,,,,,,,
1006660,Rafael Rodrigo Klein,UTC,2023-08-05T20:00:00+00:00,1691265600,1691265600.0,1691269200.0,5632.0,Estádio Municipal Dr. Novelli Júnior,"Itu, São Paulo",Match Finished,FT,90.0,72,Serie B,Brazil,https://media.api-sports.io/football/leagues/72.png,https://media.api-sports.io/flags/br.svg,2023,Regular Season - 22,7779,Ituano,https://media.api-sports.io/football/teams/7779.png,,138,Guarani Campinas,https://media.api-sports.io/football/teams/138.png,,1.0,1.0,0.0,1.0,1.0,1.0,,,,,,,
1006662,Sávio Pereira,UTC,2023-08-05T21:00:00+00:00,1691269200,1691269200.0,1691272800.0,276.0,Estádio Adelmar da Costa Carvalho,"Recife, Pernambuco",Match Finished,FT,90.0,72,Serie B,Brazil,https://media.api-sports.io/football/leagues/72.png,https://media.api-sports.io/flags/br.svg,2023,Regular Season - 22,123,Sport Recife,https://media.api-sports.io/football/teams/123.png,True,7834,Novorizontino,https://media.api-sports.io/football/teams/7834.png,False,1.0,0.0,0.0,0.0,1.0,0.0,,,,,,,
1006657,Paulo Cesar Zanovelli da Silva,UTC,2023-08-06T18:30:00+00:00,1691346600,1691346600.0,1691350200.0,261.0,Estádio Moisés Lucarelli,"Campinas, São Paulo",Match Finished,FT,90.0,72,Serie B,Brazil,https://media.api-sports.io/football/leagues/72.png,https://media.api-sports.io/flags/br.svg,2023,Regular Season - 22,139,Ponte Preta,https://media.api-sports.io/football/teams/139.png,True,132,Chapecoense-sc,https://media.api-sports.io/football/teams/132.png,False,1.0,0.0,0.0,0.0,1.0,0.0,,,,,,,
1006663,José Mendonça,UTC,2023-08-06T21:00:00+00:00,1691355600,1691355600.0,1691359200.0,225.0,Estádio Governador Plácido Aderaldo Castelo,"Fortaleza, Ceará",Match Finished,FT,90.0,72,Serie B,Brazil,https://media.api-sports.io/football/leagues/72.png,https://media.api-sports.io/flags/br.svg,2023,Regular Season - 22,129,Ceara,https://media.api-sports.io/football/teams/129.png,True,754,ABC,https://media.api-sports.io/football/teams/754.png,False,1.0,0.0,1.0,0.0,1.0,0.0,,,,,,,
1006664,Léo Simão Holanda,UTC,2023-08-07T21:00:00+00:00,1691442000,1691442000.0,1691445600.0,248.0,Estádio Alfredo Jaconi,"Caxias do Sul, Rio Grande do Sul",Match Finished,FT,90.0,72,Serie B,Brazil,https://media.api-sports.io/football/leagues/72.png,https://media.api-sports.io/flags/br.svg,2023,Regular Season - 22,152,Juventude,https://media.api-sports.io/football/teams/152.png,False,142,Vila Nova,https://media.api-sports.io/football/teams/142.png,True,0.0,2.0,0.0,0.0,0.0,2.0,,,,,,,
1006658,Jonathan Benkenstein Pinheiro,UTC,2023-08-07T23:00:00+00:00,1691449200,1691449200.0,1691452800.0,211.0,Estádio Antônio Accioly,"Goiânia, Goiás",Match Finished,FT,90.0,72,Serie B,Brazil,https://media.api-sports.io/football/leagues/72.png,https://media.api-sports.io/flags/br.svg,2023,Regular Season - 22,144,Atletico Goianiense,https://media.api-sports.io/football/teams/144.png,True,2227,Tombense,https://media.api-sports.io/football/teams/2227.png,False,3.0,2.0,0.0,2.0,3.0,2.0,,,,,,,
1006665,Arthur Gomes Rabelo,UTC,2023-08-07T23:00:00+00:00,1691449200,1691449200.0,1691452800.0,249.0,Estádio Municipal Jacy Scaff,"Londrina, Paraná",Match Finished,FT,90.0,72,Serie B,Brazil,https://media.api-sports.io/football/leagues/72.png,https://media.api-sports.io/flags/br.svg,2023,Regular Season - 22,148,Londrina,https://media.api-sports.io/football/teams/148.png,True,136,Vitoria,https://media.api-sports.io/football/teams/136.png,False,2.0,0.0,0.0,0.0,2.0,0.0,,,,,,,
1006671,Marcelo de Lima Henrique,UTC,2023-08-11T22:00:00+00:00,1691791200,1691791200.0,1691794800.0,5664.0,Estádio Dr. Jorge Ismael de Biasi,"Novo Horizonte, São Paulo",Match Finished,FT,90.0,72,Serie B,Brazil,https://media.api-sports.io/football/leagues/72.png,https://media.api-sports.io/flags/br.svg,2023,Regular Season - 23,7834,Novorizontino,https://media.api-sports.io/football/teams/7834.png,True,7848,Mirassol,https://media.api-sports.io/football/teams/7848.png,False,2.0,1.0,1.0,1.0,2.0,1.0,,,,,,,
1006675,Braulio da Silva Machado,UTC,2023-08-12T00:30:00+00:00,1691800200,1691800200.0,1691803800.0,8268.0,Estádio Soares de Azevedo,"Muriaé, Minas Gerais",Match Finished,FT,90.0,72,Serie B,Brazil,https://media.api-sports.io/football/leagues/72.png,https://media.api-sports.io/flags/br.svg,2023,Regular Season - 23,2227,Tombense,https://media.api-sports.io/football/teams/2227.png,,123,Sport Recife,https://media.api-sports.io/football/teams/123.png,,0.0,0.0,0.0,0.0,0.0,0.0,,,,,,,
1006669,Dyorgines José Padovani Andrade,UTC,2023-08-12T18:30:00+00:00,1691865000,1691865000.0,1691868600.0,233.0,Estádio Heriberto Hülse,"Criciúma, Santa Catarina",Match Finished,FT,90.0,72,Serie B,Brazil,https://media.api-sports.io/football/leagues/72.png,https://media.api-sports.io/flags/br.svg,2023,Regular Season - 23,140,Criciuma,https://media.api-sports.io/football/teams/140.png,True,148,Londrina,https://media.api-sports.io/football/teams/148.png,False,2.0,0.0,1.0,0.0,2.0,0.0,,,,,,,
1006673,Gustavo Ervino Bauermann,UTC,2023-08-12T20:00:00+00:00,1691870400,1691870400.0,1691874000.0,265.0,Estádio Governador João Castelo,"São Luís, Maranhão",Match Finished,FT,90.0,72,Serie B,Brazil,https://media.api-sports.io/football/leagues/72.png,https://media.api-sports.io/flags/br.svg,2023,Regular Season - 23,155,Sampaio Correa,https://media.api-sports.io/football/teams/155.png,,146,CRB,https://media.api-sports.io/football/teams/146.png,,1.0,1.0,0.0,0.0,1.0,1.0,,,,,,,
1006670,Yuri Elino Ferreira da Cruz,UTC,2023-08-12T20:00:00+00:00,1691870400,1691870400.0,1691874000.0,219.0,Estádio Santa Cruz,"Ribeirão Preto, São Paulo",Match Finished,FT,90.0,72,Serie B,Brazil,https://media.api-sports.io/football/leagues/72.png,https://media.api-sports.io/flags/br.svg,2023,Regular Season - 23,2618,Botafogo SP,https://media.api-sports.io/football/teams/2618.png,,139,Ponte Preta,https://media.api-sports.io/football/teams/139.png,,0.0,0.0,0.0,0.0,0.0,0.0,,,,,,,
1006668,Matheus Delgado Candançan,UTC,2023-08-12T21:00:00+00:00,1691874000,1691874000.0,1691877600.0,280.0,Estádio Onésio Brasileiro Alvarenga,"Goiânia, Goiás",Match Finished,FT,90.0,72,Serie B,Brazil,https://media.api-sports.io/football/leagues/72.png,https://media.api-sports.io/flags/br.svg,2023,Regular Season - 23,142,Vila Nova,https://media.api-sports.io/football/teams/142.png,,145,Avai,https://media.api-sports.io/football/teams/145.png,,1.0,1.0,0.0,1.0,1.0,1.0,,,,,,,
1006674,Douglas Marques das Flores,UTC,2023-08-13T14:00:00+00:00,1691935200,1691935200.0,1691938800.0,227.0,Arena Condá,"Chapecó, Santa Catarina",Match Finished,FT,90.0,72,Serie B,Brazil,https://media.api-sports.io/football/leagues/72.png,https://media.api-sports.io/flags/br.svg,2023,Regular Season - 23,132,Chapecoense-sc,https://media.api-sports.io/football/teams/132.png,False,144,Atletico Goianiense,https://media.api-sports.io/football/teams/144.png,True,0.0,1.0,0.0,0.0,0.0,1.0,,,,,,,
1006667,Marielson Alves Silva,UTC,2023-08-13T18:45:00+00:00,1691952300,1691952300.0,1691955900.0,242.0,Estádio Brinco de Ouro da Princesa,"Campinas, São Paulo",Match Finished,FT,90.0,72,Serie B,Brazil,https://media.api-sports.io/football/leagues/72.png,https://media.api-sports.io/flags/br.svg,2023,Regular Season - 23,138,Guarani Campinas,https://media.api-sports.io/football/teams/138.png,False,152,Juventude,https://media.api-sports.io/football/teams/152.png,True,0.0,1.0,0.0,0.0,0.0,1.0,,,,,,,
1006672,Bruno Arleu de Araujo,UTC,2023-08-13T21:00:00+00:00,1691960400,1691960400.0,1691964000.0,281.0,Estádio Manoel Barradas,"Salvador, Bahia",Match Finished,FT,90.0,72,Serie B,Brazil,https://media.api-sports.io/football/leagues/72.png,https://media.api-sports.io/flags/br.svg,2023,Regular Season - 23,136,Vitoria,https://media.api-sports.io/football/teams/136.png,True,129,Ceara,https://media.api-sports.io/football/teams/129.png,False,1.0,0.0,1.0,0.0,1.0,0.0,,,,,,,
1006676,Paulo Belence Alves dos Prazeres Filho,UTC,2023-08-14T23:00:00+00:00,1692054000,1692054000.0,1692057600.0,205.0,Estádio Maria Lamas Farache,"Natal, Rio Grande do Norte",Match Finished,FT,90.0,72,Serie B,Brazil,https://media.api-sports.io/football/leagues/72.png,https://media.api-sports.io/flags/br.svg,2023,Regular Season - 23,754,ABC,https://media.api-sports.io/football/teams/754.png,,7779,Ituano,https://media.api-sports.io/football/teams/7779.png,,1.0,1.0,0.0,0.0,1.0,1.0,,,,,,,
1006685,Diego Pombo Lopez,UTC,2023-08-17T22:00:00+00:00,1692309600,1692309600.0,1692313200.0,249.0,Estádio Municipal Jacy Scaff,"Londrina, Paraná",Match Finished,FT,90.0,72,Serie B,Brazil,https://media.api-sports.io/football/leagues/72.png,https://media.api-sports.io/flags/br.svg,2023,Regular Season - 24,148,Londrina,https://media.api-sports.io/football/teams/148.png,False,144,Atletico Goianiense,https://media.api-sports.io/football/teams/144.png,True,0.0,2.0,0.0,0.0,0.0,2.0,,,,,,,
1006678,André Luiz,UTC,2023-08-18T00:30:00+00:00,1692318600,1692318600.0,1692322200.0,280.0,Estádio Onésio Brasileiro Alvarenga,"Goiânia, Goiás",Match Finished,FT,90.0,72,Serie B,Brazil,https://media.api-sports.io/football/leagues/72.png,https://media.api-sports.io/flags/br.svg,2023,Regular Season - 24,142,Vila Nova,https://media.api-sports.io/football/teams/142.png,True,7848,Mirassol,https://media.api-sports.io/football/teams/7848.png,False,2.0,0.0,2.0,0.0,2.0,0.0,,,,,,,
1006682,Wagner do Nascimento Magalhaes,UTC,2023-08-18T22:00:00+00:00,1692396000,1692396000.0,1692399600.0,281.0,Estádio Manoel Barradas,"Salvador, Bahia",Match Finished,FT,90.0,72,Serie B,Brazil,https://media.api-sports.io/football/leagues/72.png,https://media.api-sports.io/flags/br.svg,2023,Regular Season - 24,136,Vitoria,https://media.api-sports.io/football/teams/136.png,True,2618,Botafogo SP,https://media.api-sports.io/football/teams/2618.png,False,2.0,0.0,0.0,0.0,2.0,0.0,,,,,,,
1006677,Wilton Pereira Sampaio,UTC,2023-08-19T00:30:00+00:00,1692405000,1692405000.0,1692408600.0,242.0,Estádio Brinco de Ouro da Princesa,"Campinas, São Paulo",Match Finished,FT,90.0,72,Serie B,Brazil,https://media.api-sports.io/football/leagues/72.png,https://media.api-sports.io/flags/br.svg,2023,Regular Season - 24,138,Guarani Campinas,https://media.api-sports.io/football/teams/138.png,True,123,Sport Recife,https://media.api-sports.io/football/teams/123.png,False,3.0,1.0,3.0,1.0,3.0,1.0,,,,,,,
1006679,Rodrigo José Pereira de Lima,UTC,2023-08-19T18:30:00+00:00,1692469800,1692469800.0,1692473400.0,214.0,Estádio Aderbal Ramos da Silva,"Florianópolis, Santa Catarina",Match Finished,FT,90.0,72,Serie B,Brazil,https://media.api-sports.io/football/leagues/72.png,https://media.api-sports.io/flags/br.svg,2023,Regular Season - 24,145,Avai,https://media.api-sports.io/football/teams/145.png,True,2227,Tombense,https://media.api-sports.io/football/teams/2227.png,False,4.0,2.0,1.0,1.0,4.0,2.0,,,,,,,
1006686,Vinicius Gonçalves Dias Araujo,UTC,2023-08-19T20:00:00+00:00,1692475200,1692475200.0,1692478800.0,205.0,Estádio Maria Lamas Farache,"Natal, Rio Grande do Norte",Match Finished,FT,90.0,72,Serie B,Brazil,https://media.api-sports.io/football/leagues/72.png,https://media.api-sports.io/flags/br.svg,2023,Regular Season - 24,754,ABC,https://media.api-sports.io/football/teams/754.png,False,146,CRB,https://media.api-sports.io/football/teams/146.png,True,1.0,2.0,0.0,1.0,1.0,2.0,,,,,,,
1006680,Leandro Vuaden,UTC,2023-08-19T20:00:00+00:00,1692475200,1692475200.0,1692478800.0,5632.0,Estádio Municipal Dr. Novelli Júnior,"Itu, São Paulo",Match Finished,FT,90.0,72,Serie B,Brazil,https://media.api-sports.io/football/leagues/72.png,https://media.api-sports.io/flags/br.svg,2023,Regular Season - 24,7779,Ituano,https://media.api-sports.io/football/teams/7779.png,True,140,Criciuma,https://media.api-sports.io/football/teams/140.png,False,3.0,0.0,2.0,0.0,3.0,0.0,,,,,,,
1006684,Jefferson Ferreira de Moraes,UTC,2023-08-19T21:00:00+00:00,1692478800,1692478800.0,1692482400.0,248.0,Estádio Alfredo Jaconi,"Caxias do Sul, Rio Grande do Sul",Match Finished,FT,90.0,72,Serie B,Brazil,https://media.api-sports.io/football/leagues/72.png,https://media.api-sports.io/flags/br.svg,2023,Regular Season - 24,152,Juventude,https://media.api-sports.io/football/teams/152.png,,155,Sampaio Correa,https://media.api-sports.io/football/teams/155.png,,0.0,0.0,0.0,0.0,0.0,0.0,,,,,,,
1006681,Bruno Arleu de Araujo,UTC,2023-08-20T18:45:00+00:00,1692557100,1692557100.0,1692560700.0,5664.0,Estádio Dr. Jorge Ismael de Biasi,"Novo Horizonte, São Paulo",Match Finished,FT,90.0,72,Serie B,Brazil,https://media.api-sports.io/football/leagues/72.png,https://media.api-sports.io/flags/br.svg,2023,Regular Season - 24,7834,Novorizontino,https://media.api-sports.io/football/teams/7834.png,False,132,Chapecoense-sc,https://media.api-sports.io/football/teams/132.png,True,1.0,2.0,1.0,0.0,1.0,2.0,,,,,,,
1006683,Anderson Daronco,UTC,2023-08-20T21:00:00+00:00,1692565200,1692565200.0,1692568800.0,225.0,Estádio Governador Plácido Aderaldo Castelo,"Fortaleza, Ceará",Match Finished,FT,90.0,72,Serie B,Brazil,https://media.api-sports.io/football/leagues/72.png,https://media.api-sports.io/flags/br.svg,2023,Regular Season - 24,129,Ceara,https://media.api-sports.io/football/teams/129.png,,139,Ponte Preta,https://media.api-sports.io/football/teams/139.png,,1.0,1.0,0.0,0.0,1.0,1.0,,,,,,,
1006691,Denis Ribeiro Serafim,UTC,2023-08-22T22:00:00+00:00,1692741600,1692741600.0,1692745200.0,5676.0,Estádio José Maria de Campos Maia,"Mirassol, São Paulo",Match Finished,FT,90.0,72,Serie B,Brazil,https://media.api-sports.io/football/leagues/72.png,https://media.api-sports.io/flags/br.svg,2023,Regular Season - 25,7848,Mirassol,https://media.api-sports.io/football/teams/7848.png,False,152,Juventude,https://media.api-sports.io/football/teams/152.png,True,0.0,1.0,0.0,0.0,0.0,1.0,,,,,,,
1006689,Bruno Mota Correia,UTC,2023-08-23T00:30:00+00:00,1692750600,1692750600.0,1692754200.0,233.0,Estádio Heriberto Hülse,"Criciúma, Santa Catarina",Match Finished,FT,90.0,72,Serie B,Brazil,https://media.api-sports.io/football/leagues/72.png,https://media.api-sports.io/flags/br.svg,2023,Regular Season - 25,140,Criciuma,https://media.api-sports.io/football/teams/140.png,True,142,Vila Nova,https://media.api-sports.io/football/teams/142.png,False,1.0,0.0,1.0,0.0,1.0,0.0,,,,,,,
1006616,Lucas Torezin,UTC,2023-08-23T22:00:00+00:00,1692828000,1692828000.0,1692831600.0,232.0,Estádio Rei Pelé,"Maceió, Alagoas",Match Finished,FT,90.0,72,Serie B,Brazil,https://media.api-sports.io/football/leagues/72.png,https://media.api-sports.io/flags/br.svg,2023,Regular Season - 17,146,CRB,https://media.api-sports.io/football/teams/146.png,,145,Avai,https://media.api-sports.io/football/teams/145.png,,1.0,1.0,1.0,0.0,1.0,1.0,,,,,,,
1006610,Emerson Ricardo de Almeida Andrade,UTC,2023-08-24T00:30:00+00:00,1692837000,1692837000.0,1692840600.0,219.0,Estádio Santa Cruz,"Ribeirão Preto, São Paulo",Match Finished,FT,90.0,72,Serie B,Brazil,https://media.api-sports.io/football/leagues/72.png,https://media.api-sports.io/flags/br.svg,2023,Regular Season - 17,2618,Botafogo SP,https://media.api-sports.io/football/teams/2618.png,False,132,Chapecoense-sc,https://media.api-sports.io/football/teams/132.png,True,1.0,2.0,0.0,2.0,1.0,2.0,,,,,,,
1006687,Gustavo Ervino Bauermann,UTC,2023-08-25T22:00:00+00:00,1693000800,1693000800.0,1693004400.0,261.0,Estádio Moisés Lucarelli,"Campinas, São Paulo",Match Finished,FT,90.0,72,Serie B,Brazil,https://media.api-sports.io/football/leagues/72.png,https://media.api-sports.io/flags/br.svg,2023,Regular Season - 25,139,Ponte Preta,https://media.api-sports.io/football/teams/139.png,True,148,Londrina,https://media.api-sports.io/football/teams/148.png,False,1.0,0.0,1.0,0.0,1.0,0.0,,,,,,,
1006692,Felipe Fernandes de Lima,UTC,2023-08-26T00:30:00+00:00,1693009800,1693009800.0,1693013400.0,276.0,Estádio Adelmar da Costa Carvalho,"Recife, Pernambuco",Match Finished,FT,90.0,72,Serie B,Brazil,https://media.api-sports.io/football/leagues/72.png,https://media.api-sports.io/flags/br.svg,2023,Regular Season - 25,123,Sport Recife,https://media.api-sports.io/football/teams/123.png,False,7779,Ituano,https://media.api-sports.io/football/teams/7779.png,True,1.0,2.0,0.0,2.0,1.0,2.0,,,,,,,
1006693,Arthur Gomes Rabelo,UTC,2023-08-26T20:00:00+00:00,1693080000,1693080000.0,1693083600.0,265.0,Estádio Governador João Castelo,"São Luís, Maranhão",Match Finished,FT,90.0,72,Serie B,Brazil,https://media.api-sports.io/football/leagues/72.png,https://media.api-sports.io/flags/br.svg,2023,Regular Season - 25,155,Sampaio Correa,https://media.api-sports.io/football/teams/155.png,,138,Guarani Campinas,https://media.api-sports.io/football/teams/138.png,,1.0,1.0,0.0,1.0,1.0,1.0,,,,,,,
1006695,Yuri Elino Ferreira da Cruz,UTC,2023-08-26T20:00:00+00:00,1693080000,1693080000.0,1693083600.0,8268.0,Estádio Soares de Azevedo,"Muriaé, Minas Gerais",Match Finished,FT,90.0,72,Serie B,Brazil,https://media.api-sports.io/football/leagues/72.png,https://media.api-sports.io/flags/br.svg,2023,Regular Season - 25,2227,Tombense,https://media.api-sports.io/football/teams/2227.png,,129,Ceara,https://media.api-sports.io/football/teams/129.png,,2.0,2.0,0.0,2.0,2.0,2.0,,,,,,,
1006696,Jonathan Benkenstein Pinheiro,UTC,2023-08-26T21:00:00+00:00,1693083600,1693083600.0,1693087200.0,232.0,Estádio Rei Pelé,"Maceió, Alagoas",Match Finished,FT,90.0,72,Serie B,Brazil,https://media.api-sports.io/football/leagues/72.png,https://media.api-sports.io/flags/br.svg,2023,Regular Season - 25,146,CRB,https://media.api-sports.io/football/teams/146.png,True,7834,Novorizontino,https://media.api-sports.io/football/teams/7834.png,False,1.0,0.0,1.0,0.0,1.0,0.0,,,,,,,
1006694,João,UTC,2023-08-27T18:45:00+00:00,1693161900,1693161900.0,1693165500.0,227.0,Arena Condá,"Chapecó, Santa Catarina",Match Finished,FT,90.0,72,Serie B,Brazil,https://media.api-sports.io/football/leagues/72.png,https://media.api-sports.io/flags/br.svg,2023,Regular Season - 25,132,Chapecoense-sc,https://media.api-sports.io/football/teams/132.png,,145,Avai,https://media.api-sports.io/football/teams/145.png,,0.0,0.0,0.0,0.0,0.0,0.0,,,,,,,
1006688,André Luiz,UTC,2023-08-27T21:00:00+00:00,1693170000,1693170000.0,1693173600.0,211.0,Estádio Antônio Accioly,"Goiânia, Goiás",Match Finished,FT,90.0,72,Serie B,Brazil,https://media.api-sports.io/football/leagues/72.png,https://media.api-sports.io/flags/br.svg,2023,Regular Season - 25,144,Atletico Goianiense,https://media.api-sports.io/football/teams/144.png,,136,Vitoria,https://media.api-sports.io/football/teams/136.png,,0.0,0.0,0.0,0.0,0.0,0.0,,,,,,,
1006690,Thayslane Costa,UTC,2023-08-28T23:00:00+00:00,1693263600,1693263600.0,1693267200.0,219.0,Estádio Santa Cruz,"Ribeirão Preto, São Paulo",Match Finished,FT,90.0,72,Serie B,Brazil,https://media.api-sports.io/football/leagues/72.png,https://media.api-sports.io/flags/br.svg,2023,Regular Season - 25,2618,Botafogo SP,https://media.api-sports.io/football/teams/2618.png,,754,ABC,https://media.api-sports.io/football/teams/754.png,,0.0,0.0,0.0,0.0,0.0,0.0,,,,,,,
1006701,Luiz Flávio,UTC,2023-08-30T22:00:00+00:00,1693432800,1693432800.0,1693436400.0,5664.0,Estádio Dr. Jorge Ismael de Biasi,"Novo Horizonte, São Paulo",Match Finished,FT,90.0,72,Serie B,Brazil,https://media.api-sports.io/football/leagues/72.png,https://media.api-sports.io/flags/br.svg,2023,Regular Season - 26,7834,Novorizontino,https://media.api-sports.io/football/teams/7834.png,True,7779,Ituano,https://media.api-sports.io/football/teams/7779.png,False,2.0,0.0,1.0,0.0,2.0,0.0,,,,,,,
1006704,Maguielson Lima Barbosa,UTC,2023-09-01T00:30:00+00:00,1693528200,1693528200.0,1693531800.0,248.0,Estádio Alfredo Jaconi,"Caxias do Sul, Rio Grande do Sul",Match Finished,FT,90.0,72,Serie B,Brazil,https://media.api-sports.io/football/leagues/72.png,https://media.api-sports.io/flags/br.svg,2023,Regular Season - 26,152,Juventude,https://media.api-sports.io/football/teams/152.png,,132,Chapecoense-sc,https://media.api-sports.io/football/teams/132.png,,0.0,0.0,0.0,0.0,0.0,0.0,,,,,,,
1006702,Dyorgines José Padovani Andrade,UTC,2023-09-01T22:15:00+00:00,1693606500,1693606500.0,1693610100.0,281.0,Estádio Manoel Barradas,"Salvador, Bahia",Match Finished,FT,90.0,72,Serie B,Brazil,https://media.api-sports.io/football/leagues/72.png,https://media.api-sports.io/flags/br.svg,2023,Regular Season - 26,136,Vitoria,https://media.api-sports.io/football/teams/136.png,,7848,Mirassol,https://media.api-sports.io/football/teams/7848.png,,0.0,0.0,0.0,0.0,0.0,0.0,,,,,,,
1006705,Davi de Oliveira Lacerda,UTC,2023-09-02T00:30:00+00:00,1693614600,1693614600.0,1693618200.0,249.0,Estádio Municipal Jacy Scaff,"Londrina, Paraná",Match Finished,FT,90.0,72,Serie B,Brazil,https://media.api-sports.io/football/leagues/72.png,https://media.api-sports.io/flags/br.svg,2023,Regular Season - 26,148,Londrina,https://media.api-sports.io/football/teams/148.png,,2227,Tombense,https://media.api-sports.io/football/teams/2227.png,,1.0,1.0,0.0,1.0,1.0,1.0,,,,,,,
1006699,Arthur Gomes Rabelo,UTC,2023-09-02T18:30:00+00:00,1693679400,1693679400.0,1693683000.0,214.0,Estádio Aderbal Ramos da Silva,"Florianópolis, Santa Catarina",Match Finished,FT,90.0,72,Serie B,Brazil,https://media.api-sports.io/football/leagues/72.png,https://media.api-sports.io/flags/br.svg,2023,Regular Season - 26,145,Avai,https://media.api-sports.io/football/teams/145.png,False,144,Atletico Goianiense,https://media.api-sports.io/football/teams/144.png,True,0.0,2.0,0.0,1.0,0.0,2.0,,,,,,,
1006703,José Mendonça,UTC,2023-09-02T20:00:00+00:00,1693684800,1693684800.0,1693688400.0,225.0,Estádio Governador Plácido Aderaldo Castelo,"Fortaleza, Ceará",Match Finished,FT,90.0,72,Serie B,Brazil,https://media.api-sports.io/football/leagues/72.png,https://media.api-sports.io/flags/br.svg,2023,Regular Season - 26,129,Ceara,https://media.api-sports.io/football/teams/129.png,True,140,Criciuma,https://media.api-sports.io/football/teams/140.png,False,1.0,0.0,1.0,0.0,1.0,0.0,,,,,,,
1006706,Fabio Augusto de Sá Junior,UTC,2023-09-02T20:00:00+00:00,1693684800,1693684800.0,1693688400.0,205.0,Estádio Maria Lamas Farache,"Natal, Rio Grande do Norte",Match Finished,FT,90.0,72,Serie B,Brazil,https://media.api-sports.io/football/leagues/72.png,https://media.api-sports.io/flags/br.svg,2023,Regular Season - 26,754,ABC,https://media.api-sports.io/football/teams/754.png,,155,Sampaio Correa,https://media.api-sports.io/football/teams/155.png,,1.0,1.0,0.0,1.0,1.0,1.0,,,,,,,
1006697,Edina Alves Batista,UTC,2023-09-02T21:00:00+00:00,1693688400,1693688400.0,1693692000.0,242.0,Estádio Brinco de Ouro da Princesa,"Campinas, São Paulo",Match Finished,FT,90.0,72,Serie B,Brazil,https://media.api-sports.io/football/leagues/72.png,https://media.api-sports.io/flags/br.svg,2023,Regular Season - 26,138,Guarani Campinas,https://media.api-sports.io/football/teams/138.png,True,139,Ponte Preta,https://media.api-sports.io/football/teams/139.png,False,1.0,0.0,1.0,0.0,1.0,0.0,,,,,,,
1006698,Alisson Furtado,UTC,2023-09-03T18:45:00+00:00,1693766700,1693766700.0,1693770300.0,280.0,Estádio Onésio Brasileiro Alvarenga,"Goiânia, Goiás",Match Finished,FT,90.0,72,Serie B,Brazil,https://media.api-sports.io/football/leagues/72.png,https://media.api-sports.io/flags/br.svg,2023,Regular Season - 26,142,Vila Nova,https://media.api-sports.io/football/teams/142.png,False,146,CRB,https://media.api-sports.io/football/teams/146.png,True,0.0,1.0,0.0,0.0,0.0,1.0,,,,,,,
1006700,Rafael Rodrigo Klein,UTC,2023-09-03T21:00:00+00:00,1693774800,1693774800.0,1693778400.0,219.0,Estádio Santa Cruz,"Ribeirão Preto, São Paulo",Match Finished,FT,90.0,72,Serie B,Brazil,https://media.api-sports.io/football/leagues/72.png,https://media.api-sports.io/flags/br.svg,2023,Regular Season - 26,2618,Botafogo SP,https://media.api-sports.io/football/teams/2618.png,,123,Sport Recife,https://media.api-sports.io/football/teams/123.png,,1.0,1.0,1.0,1.0,1.0,1.0,,,,,,,
1006714,Denis Ribeiro Serafim,UTC,2023-09-06T00:30:00+00:00,1693960200,1693960200.0,1693963800.0,227.0,Arena Condá,"Chapecó, Santa Catarina",Match Finished,FT,90.0,72,Serie B,Brazil,https://media.api-sports.io/football/leagues/72.png,https://media.api-sports.io/flags/br.svg,2023,Regular Season - 27,132,Chapecoense-sc,https://media.api-sports.io/football/teams/132.png,False,138,Guarani Campinas,https://media.api-sports.io/football/teams/138.png,True,0.0,1.0,0.0,1.0,0.0,1.0,,,,,,,
1006713,Bruno Mota Correia,UTC,2023-09-07T00:30:00+00:00,1694046600,1694046600.0,1694050200.0,237.0,Estádio Municipal Presidente Getúlio Vargas,"Fortaleza, Ceará",Match Finished,FT,90.0,72,Serie B,Brazil,https://media.api-sports.io/football/leagues/72.png,https://media.api-sports.io/flags/br.svg,2023,Regular Season - 27,129,Ceara,https://media.api-sports.io/football/teams/129.png,True,148,Londrina,https://media.api-sports.io/football/teams/148.png,False,3.0,1.0,3.0,1.0,3.0,1.0,,,,,,,
1006715,Luis César De Oliveira Magalhães,UTC,2023-09-07T21:30:00+00:00,1694122200,1694122200.0,1694125800.0,8268.0,Estádio Soares de Azevedo,"Muriaé, Minas Gerais",Match Finished,FT,90.0,72,Serie B,Brazil,https://media.api-sports.io/football/leagues/72.png,https://media.api-sports.io/flags/br.svg,2023,Regular Season - 27,2227,Tombense,https://media.api-sports.io/football/teams/2227.png,True,754,ABC,https://media.api-sports.io/football/teams/754.png,False,3.0,0.0,1.0,0.0,3.0,0.0,,,,,,,
1006710,José Mendonça,UTC,2023-09-08T21:00:00+00:00,1694206800,1694206800.0,1694210400.0,5632.0,Estádio Municipal Dr. Novelli Júnior,"Itu, São Paulo",Match Finished,FT,90.0,72,Serie B,Brazil,https://media.api-sports.io/football/leagues/72.png,https://media.api-sports.io/flags/br.svg,2023,Regular Season - 27,7779,Ituano,https://media.api-sports.io/football/teams/7779.png,False,142,Vila Nova,https://media.api-sports.io/football/teams/142.png,True,1.0,2.0,0.0,2.0,1.0,2.0,,,,,,,
1006707,Caio Max Augusto Vieira,UTC,2023-09-09T20:00:00+00:00,1694289600,1694289600.0,1694293200.0,261.0,Estádio Moisés Lucarelli,"Campinas, São Paulo",Match Finished,FT,90.0,72,Serie B,Brazil,https://media.api-sports.io/football/leagues/72.png,https://media.api-sports.io/flags/br.svg,2023,Regular Season - 27,139,Ponte Preta,https://media.api-sports.io/football/teams/139.png,,155,Sampaio Correa,https://media.api-sports.io/football/teams/155.png,,0.0,0.0,0.0,0.0,0.0,0.0,,,,,,,
1006711,Maguielson Lima Barbosa,UTC,2023-09-09T23:30:00+00:00,1694302200,1694302200.0,1694305800.0,5676.0,Estádio José Maria de Campos Maia,"Mirassol, São Paulo",Match Finished,FT,90.0,72,Serie B,Brazil,https://media.api-sports.io/football/leagues/72.png,https://media.api-sports.io/flags/br.svg,2023,Regular Season - 27,7848,Mirassol,https://media.api-sports.io/football/teams/7848.png,True,2618,Botafogo SP,https://media.api-sports.io/football/teams/2618.png,False,1.0,0.0,0.0,0.0,1.0,0.0,,,,,,,
1006712,Flavio Rodrigues De Souza,UTC,2023-09-09T23:45:00+00:00,1694303100,1694303100.0,1694306700.0,276.0,Estádio Adelmar da Costa Carvalho,"Recife, Pernambuco",Match Finished,FT,90.0,72,Serie B,Brazil,https://media.api-sports.io/football/leagues/72.png,https://media.api-sports.io/flags/br.svg,2023,Regular Season - 27,123,Sport Recife,https://media.api-sports.io/football/teams/123.png,,140,Criciuma,https://media.api-sports.io/football/teams/140.png,,3.0,3.0,2.0,1.0,3.0,3.0,,,,,,,
1006708,João,UTC,2023-09-10T18:45:00+00:00,1694371500,1694371500.0,1694375100.0,211.0,Estádio Antônio Accioly,"Goiânia, Goiás",Match Finished,FT,90.0,72,Serie B,Brazil,https://media.api-sports.io/football/leagues/72.png,https://media.api-sports.io/flags/br.svg,2023,Regular Season - 27,144,Atletico Goianiense,https://media.api-sports.io/football/teams/144.png,True,152,Juventude,https://media.api-sports.io/football/teams/152.png,False,3.0,0.0,1.0,0.0,3.0,0.0,,,,,,,
1006716,Luiz Flávio,UTC,2023-09-10T21:00:00+00:00,1694379600,1694379600.0,1694383200.0,232.0,Estádio Rei Pelé,"Maceió, Alagoas",Match Finished,FT,90.0,72,Serie B,Brazil,https://media.api-sports.io/football/leagues/72.png,https://media.api-sports.io/flags/br.svg,2023,Regular Season - 27,146,CRB,https://media.api-sports.io/football/teams/146.png,True,136,Vitoria,https://media.api-sports.io/football/teams/136.png,False,6.0,0.0,3.0,0.0,6.0,0.0,,,,,,,
1006709,Felipe Fernandes de Lima,UTC,2023-09-11T23:30:00+00:00,1694475000,1694475000.0,1694478600.0,214.0,Estádio Aderbal Ramos da Silva,"Florianópolis, Santa Catarina",Match Finished,FT,90.0,72,Serie B,Brazil,https://media.api-sports.io/football/leagues/72.png,https://media.api-sports.io/flags/br.svg,2023,Regular Season - 27,145,Avai,https://media.api-sports.io/football/teams/145.png,True,7834,Novorizontino,https://media.api-sports.io/football/teams/7834.png,False,1.0,0.0,0.0,0.0,1.0,0.0,,,,,,,
1006725,Denis Ribeiro Serafim,UTC,2023-09-14T21:30:00+00:00,1694727000,1694727000.0,1694730600.0,249.0,Estádio Municipal Jacy Scaff,"Londrina, Paraná",Match Finished,FT,90.0,72,Serie B,Brazil,https://media.api-sports.io/football/leagues/72.png,https://media.api-sports.io/flags/br.svg,2023,Regular Season - 28,148,Londrina,https://media.api-sports.io/football/teams/148.png,,7779,Ituano,https://media.api-sports.io/football/teams/7779.png,,2.0,2.0,2.0,2.0,2.0,2.0,,,,,,,
1006718,Dyorgines José Padovani Andrade,UTC,2023-09-15T22:00:00+00:00,1694815200,1694815200.0,1694818800.0,280.0,Estádio Onésio Brasileiro Alvarenga,"Goiânia, Goiás",Match Finished,FT,90.0,72,Serie B,Brazil,https://media.api-sports.io/football/leagues/72.png,https://media.api-sports.io/flags/br.svg,2023,Regular Season - 28,142,Vila Nova,https://media.api-sports.io/football/teams/142.png,,139,Ponte Preta,https://media.api-sports.io/football/teams/139.png,,1.0,1.0,1.0,1.0,1.0,1.0,,,,,,,
1006726,Douglas Marques das Flores,UTC,2023-09-16T00:30:00+00:00,1694824200,1694824200.0,1694827800.0,205.0,Estádio Maria Lamas Farache,"Natal, Rio Grande do Norte",Match Finished,FT,90.0,72,Serie B,Brazil,https://media.api-sports.io/football/leagues/72.png,https://media.api-sports.io/flags/br.svg,2023,Regular Season - 28,754,ABC,https://media.api-sports.io/football/teams/754.png,False,123,Sport Recife,https://media.api-sports.io/football/teams/123.png,True,0.0,1.0,0.0,0.0,0.0,1.0,,,,,,,
1006719,Yuri Elino Ferreira da Cruz,UTC,2023-09-16T18:30:00+00:00,1694889000,1694889000.0,1694892600.0,233.0,Estádio Heriberto Hülse,"Criciúma, Santa Catarina",Match Finished,FT,90.0,72,Serie B,Brazil,https://media.api-sports.io/football/leagues/72.png,https://media.api-sports.io/flags/br.svg,2023,Regular Season - 28,140,Criciuma,https://media.api-sports.io/football/teams/140.png,True,7848,Mirassol,https://media.api-sports.io/football/teams/7848.png,False,2.0,1.0,1.0,1.0,2.0,1.0,,,,,,,
1006723,Bruno Mota Correia,UTC,2023-09-16T20:00:00+00:00,1694894400,1694894400.0,1694898000.0,265.0,Estádio Governador João Castelo,"São Luís, Maranhão",Match Finished,FT,90.0,72,Serie B,Brazil,https://media.api-sports.io/football/leagues/72.png,https://media.api-sports.io/flags/br.svg,2023,Regular Season - 28,155,Sampaio Correa,https://media.api-sports.io/football/teams/155.png,True,132,Chapecoense-sc,https://media.api-sports.io/football/teams/132.png,False,2.0,0.0,2.0,0.0,2.0,0.0,,,,,,,
1006720,Davi de Oliveira Lacerda,UTC,2023-09-16T20:00:00+00:00,1694894400,1694894400.0,1694898000.0,219.0,Estádio Santa Cruz,"Ribeirão Preto, São Paulo",Match Finished,FT,90.0,72,Serie B,Brazil,https://media.api-sports.io/football/leagues/72.png,https://media.api-sports.io/flags/br.svg,2023,Regular Season - 28,2618,Botafogo SP,https://media.api-sports.io/football/teams/2618.png,True,144,Atletico Goianiense,https://media.api-sports.io/football/teams/144.png,False,1.0,0.0,1.0,0.0,1.0,0.0,,,,,,,
1006724,Arthur Gomes Rabelo,UTC,2023-09-16T21:00:00+00:00,1694898000,1694898000.0,1694901600.0,248.0,Estádio Alfredo Jaconi,"Caxias do Sul, Rio Grande do Sul",Match Finished,FT,90.0,72,Serie B,Brazil,https://media.api-sports.io/football/leagues/72.png,https://media.api-sports.io/flags/br.svg,2023,Regular Season - 28,152,Juventude,https://media.api-sports.io/football/teams/152.png,True,146,CRB,https://media.api-sports.io/football/teams/146.png,False,3.0,1.0,0.0,0.0,3.0,1.0,,,,,,,
1006717,Maguielson Lima Barbosa,UTC,2023-09-17T18:45:00+00:00,1694976300,1694976300.0,1694979900.0,242.0,Estádio Brinco de Ouro da Princesa,"Campinas, São Paulo",Match Finished,FT,90.0,72,Serie B,Brazil,https://media.api-sports.io/football/leagues/72.png,https://media.api-sports.io/flags/br.svg,2023,Regular Season - 28,138,Guarani Campinas,https://media.api-sports.io/football/teams/138.png,True,2227,Tombense,https://media.api-sports.io/football/teams/2227.png,False,3.0,0.0,2.0,0.0,3.0,0.0,,,,,,,
1006722,Flavio Rodrigues De Souza,UTC,2023-09-17T21:00:00+00:00,1694984400,1694984400.0,1694988000.0,281.0,Estádio Manoel Barradas,"Salvador, Bahia",Match Finished,FT,90.0,72,Serie B,Brazil,https://media.api-sports.io/football/leagues/72.png,https://media.api-sports.io/flags/br.svg,2023,Regular Season - 28,136,Vitoria,https://media.api-sports.io/football/teams/136.png,True,145,Avai,https://media.api-sports.io/football/teams/145.png,False,3.0,0.0,1.0,0.0,3.0,0.0,,,,,,,
1006721,Paulo Cesar Zanovelli da Silva,UTC,2023-09-19T00:00:00+00:00,1695081600,1695081600.0,1695085200.0,5664.0,Estádio Dr. Jorge Ismael de Biasi,"Novo Horizonte, São Paulo",Match Finished,FT,90.0,72,Serie B,Brazil,https://media.api-sports.io/football/leagues/72.png,https://media.api-sports.io/flags/br.svg,2023,Regular Season - 28,7834,Novorizontino,https://media.api-sports.io/football/teams/7834.png,True,129,Ceara,https://media.api-sports.io/football/teams/129.png,False,4.0,1.0,3.0,0.0,4.0,1.0,,,,,,,
1006733,Braulio da Silva Machado,UTC,2023-09-20T00:30:00+00:00,1695169800,1695169800.0,1695173400.0,265.0,Estádio Governador João Castelo,"São Luís, Maranhão",Match Finished,FT,90.0,72,Serie B,Brazil,https://media.api-sports.io/football/leagues/72.png,https://media.api-sports.io/flags/br.svg,2023,Regular Season - 29,155,Sampaio Correa,https://media.api-sports.io/football/teams/155.png,True,142,Vila Nova,https://media.api-sports.io/football/teams/142.png,False,2.0,1.0,1.0,1.0,2.0,1.0,,,,,,,
1006727,Bruno Mota Correia,UTC,2023-09-22T22:00:00+00:00,1695420000,1695420000.0,1695423600.0,261.0,Estádio Moisés Lucarelli,"Campinas, São Paulo",Match Finished,FT,90.0,72,Serie B,Brazil,https://media.api-sports.io/football/leagues/72.png,https://media.api-sports.io/flags/br.svg,2023,Regular Season - 29,139,Ponte Preta,https://media.api-sports.io/football/teams/139.png,False,7848,Mirassol,https://media.api-sports.io/football/teams/7848.png,True,0.0,3.0,0.0,1.0,0.0,3.0,,,,,,,
1006728,Edina Alves Batista,UTC,2023-09-23T00:30:00+00:00,1695429000,1695429000.0,1695432600.0,211.0,Estádio Antônio Accioly,"Goiânia, Goiás",Match Finished,FT,90.0,72,Serie B,Brazil,https://media.api-sports.io/football/leagues/72.png,https://media.api-sports.io/flags/br.svg,2023,Regular Season - 29,144,Atletico Goianiense,https://media.api-sports.io/football/teams/144.png,True,140,Criciuma,https://media.api-sports.io/football/teams/140.png,False,3.0,1.0,0.0,0.0,3.0,1.0,,,,,,,
1006730,Felipe Fernandes de Lima,UTC,2023-09-23T00:30:00+00:00,1695429000,1695429000.0,1695432600.0,5632.0,Estádio Municipal Dr. Novelli Júnior,"Itu, São Paulo",Match Finished,FT,90.0,72,Serie B,Brazil,https://media.api-sports.io/football/leagues/72.png,https://media.api-sports.io/flags/br.svg,2023,Regular Season - 29,7779,Ituano,https://media.api-sports.io/football/teams/7779.png,False,136,Vitoria,https://media.api-sports.io/football/teams/136.png,True,0.0,2.0,0.0,1.0,0.0,2.0,,,,,,,
1006734,Leandro Vuaden,UTC,2023-09-23T20:00:00+00:00,1695499200,1695499200.0,1695502800.0,227.0,Arena Condá,"Chapecó, Santa Catarina",Match Finished,FT,90.0,72,Serie B,Brazil,https://media.api-sports.io/football/leagues/72.png,https://media.api-sports.io/flags/br.svg,2023,Regular Season - 29,132,Chapecoense-sc,https://media.api-sports.io/football/teams/132.png,,129,Ceara,https://media.api-sports.io/football/teams/129.png,,1.0,1.0,1.0,0.0,1.0,1.0,,,,,,,
1006736,André Luiz,UTC,2023-09-23T20:00:00+00:00,1695499200,1695499200.0,1695502800.0,232.0,Estádio Rei Pelé,"Maceió, Alagoas",Match Finished,FT,90.0,72,Serie B,Brazil,https://media.api-sports.io/football/leagues/72.png,https://media.api-sports.io/flags/br.svg,2023,Regular Season - 29,146,CRB,https://media.api-sports.io/football/teams/146.png,True,138,Guarani Campinas,https://media.api-sports.io/football/teams/138.png,False,1.0,0.0,0.0,0.0,1.0,0.0,,,,,,,
1006735,Paulo Belence Alves dos Prazeres Filho,UTC,2023-09-23T21:00:00+00:00,1695502800,1695502800.0,1695506400.0,8268.0,Estádio Soares de Azevedo,"Muriaé, Minas Gerais",Match Finished,FT,90.0,72,Serie B,Brazil,https://media.api-sports.io/football/leagues/72.png,https://media.api-sports.io/flags/br.svg,2023,Regular Season - 29,2227,Tombense,https://media.api-sports.io/football/teams/2227.png,,2618,Botafogo SP,https://media.api-sports.io/football/teams/2618.png,,0.0,0.0,0.0,0.0,0.0,0.0,,,,,,,
1006732,Sávio Pereira,UTC,2023-09-23T23:45:00+00:00,1695512700,1695512700.0,1695516300.0,276.0,Estádio Adelmar da Costa Carvalho,"Recife, Pernambuco",Match Finished,FT,90.0,72,Serie B,Brazil,https://media.api-sports.io/football/leagues/72.png,https://media.api-sports.io/flags/br.svg,2023,Regular Season - 29,123,Sport Recife,https://media.api-sports.io/football/teams/123.png,True,148,Londrina,https://media.api-sports.io/football/teams/148.png,False,4.0,0.0,1.0,0.0,4.0,0.0,,,,,,,
1006729,Dyorgines José Padovani Andrade,UTC,2023-09-25T21:30:00+00:00,1695677400,1695677400.0,1695681000.0,214.0,Estádio Aderbal Ramos da Silva,"Florianópolis, Santa Catarina",Match Finished,FT,90.0,72,Serie B,Brazil,https://media.api-sports.io/football/leagues/72.png,https://media.api-sports.io/flags/br.svg,2023,Regular Season - 29,145,Avai,https://media.api-sports.io/football/teams/145.png,False,152,Juventude,https://media.api-sports.io/football/teams/152.png,True,0.0,2.0,0.0,2.0,0.0,2.0,,,,,,,
1006731,Arthur Gomes Rabelo,UTC,2023-09-26T00:00:00+00:00,1695686400,1695686400.0,1695690000.0,5664.0,Estádio Dr. Jorge Ismael de Biasi,"Novo Horizonte, São Paulo",Match Finished,FT,90.0,72,Serie B,Brazil,https://media.api-sports.io/football/leagues/72.png,https://media.api-sports.io/flags/br.svg,2023,Regular Season - 29,7834,Novorizontino,https://media.api-sports.io/football/teams/7834.png,True,754,ABC,https://media.api-sports.io/football/teams/754.png,False,2.0,1.0,2.0,0.0,2.0,1.0,,,,,,,
1006741,Felipe Fernandes de Lima,UTC,2023-09-28T22:00:00+00:00,1695938400,1695938400.0,1695942000.0,5676.0,Estádio José Maria de Campos Maia,"Mirassol, São Paulo",Match Finished,FT,90.0,72,Serie B,Brazil,https://media.api-sports.io/football/leagues/72.png,https://media.api-sports.io/flags/br.svg,2023,Regular Season - 30,7848,Mirassol,https://media.api-sports.io/football/teams/7848.png,True,146,CRB,https://media.api-sports.io/football/teams/146.png,False,1.0,0.0,1.0,0.0,1.0,0.0,,,,,,,
1006745,Rafael Rodrigo Klein,UTC,2023-09-29T00:30:00+00:00,1695947400,1695947400.0,1695951000.0,249.0,Estádio Municipal Jacy Scaff,"Londrina, Paraná",Match Finished,FT,90.0,72,Serie B,Brazil,https://media.api-sports.io/football/leagues/72.png,https://media.api-sports.io/flags/br.svg,2023,Regular Season - 30,148,Londrina,https://media.api-sports.io/football/teams/148.png,True,155,Sampaio Correa,https://media.api-sports.io/football/teams/155.png,False,1.0,0.0,1.0,0.0,1.0,0.0,,,,,,,
1006739,Caio Max Augusto Vieira,UTC,2023-09-29T22:00:00+00:00,1696024800,1696024800.0,1696028400.0,214.0,Estádio Aderbal Ramos da Silva,"Florianópolis, Santa Catarina",Match Finished,FT,90.0,72,Serie B,Brazil,https://media.api-sports.io/football/leagues/72.png,https://media.api-sports.io/flags/br.svg,2023,Regular Season - 30,145,Avai,https://media.api-sports.io/football/teams/145.png,,123,Sport Recife,https://media.api-sports.io/football/teams/123.png,,2.0,2.0,2.0,1.0,2.0,2.0,,,,,,,
1006742,Marcelo de Lima Henrique,UTC,2023-09-30T00:30:00+00:00,1696033800,1696033800.0,1696037400.0,281.0,Estádio Manoel Barradas,"Salvador, Bahia",Match Finished,FT,90.0,72,Serie B,Brazil,https://media.api-sports.io/football/leagues/72.png,https://media.api-sports.io/flags/br.svg,2023,Regular Season - 30,136,Vitoria,https://media.api-sports.io/football/teams/136.png,True,2227,Tombense,https://media.api-sports.io/football/teams/2227.png,False,1.0,0.0,0.0,0.0,1.0,0.0,,,,,,,
1006744,André Luiz,UTC,2023-09-30T18:30:00+00:00,1696098600,1696098600.0,1696102200.0,248.0,Estádio Alfredo Jaconi,"Caxias do Sul, Rio Grande do Sul",Match Finished,FT,90.0,72,Serie B,Brazil,https://media.api-sports.io/football/leagues/72.png,https://media.api-sports.io/flags/br.svg,2023,Regular Season - 30,152,Juventude,https://media.api-sports.io/football/teams/152.png,True,140,Criciuma,https://media.api-sports.io/football/teams/140.png,False,1.0,0.0,0.0,0.0,1.0,0.0,,,,,,,
1006737,Edina Alves Batista,UTC,2023-09-30T20:00:00+00:00,1696104000,1696104000.0,1696107600.0,242.0,Estádio Brinco de Ouro da Princesa,"Campinas, São Paulo",Match Finished,FT,90.0,72,Serie B,Brazil,https://media.api-sports.io/football/leagues/72.png,https://media.api-sports.io/flags/br.svg,2023,Regular Season - 30,138,Guarani Campinas,https://media.api-sports.io/football/teams/138.png,True,7834,Novorizontino,https://media.api-sports.io/football/teams/7834.png,False,2.0,1.0,1.0,1.0,2.0,1.0,,,,,,,
1006740,Lucas Canetto Bellote,UTC,2023-09-30T20:00:00+00:00,1696104000,1696104000.0,1696107600.0,5632.0,Estádio Municipal Dr. Novelli Júnior,"Itu, São Paulo",Match Finished,FT,90.0,72,Serie B,Brazil,https://media.api-sports.io/football/leagues/72.png,https://media.api-sports.io/flags/br.svg,2023,Regular Season - 30,7779,Ituano,https://media.api-sports.io/football/teams/7779.png,,2618,Botafogo SP,https://media.api-sports.io/football/teams/2618.png,,1.0,1.0,1.0,1.0,1.0,1.0,,,,,,,
1006746,Davi de Oliveira Lacerda,UTC,2023-09-30T21:00:00+00:00,1696107600,1696107600.0,1696111200.0,205.0,Estádio Maria Lamas Farache,"Natal, Rio Grande do Norte",Match Finished,FT,90.0,72,Serie B,Brazil,https://media.api-sports.io/football/leagues/72.png,https://media.api-sports.io/flags/br.svg,2023,Regular Season - 30,754,ABC,https://media.api-sports.io/football/teams/754.png,True,139,Ponte Preta,https://media.api-sports.io/football/teams/139.png,False,2.0,0.0,0.0,0.0,2.0,0.0,,,,,,,
1006738,Yuri Elino Ferreira da Cruz,UTC,2023-10-01T18:45:00+00:00,1696185900,1696185900.0,1696189500.0,280.0,Estádio do Governo do Estado de Goiás,"Goiânia, Goiás",Match Finished,FT,90.0,72,Serie B,Brazil,https://media.api-sports.io/football/leagues/72.png,https://media.api-sports.io/flags/br.svg,2023,Regular Season - 30,142,Vila Nova,https://media.api-sports.io/football/teams/142.png,,132,Chapecoense-sc,https://media.api-sports.io/football/teams/132.png,,0.0,0.0,0.0,0.0,0.0,0.0,,,,,,,
1006743,Luiz Flávio,UTC,2023-10-01T21:00:00+00:00,1696194000,1696194000.0,1696197600.0,225.0,Estádio Governador Plácido Aderaldo Castelo,"Fortaleza, Ceará",Match Finished,FT,90.0,72,Serie B,Brazil,https://media.api-sports.io/football/leagues/72.png,https://media.api-sports.io/flags/br.svg,2023,Regular Season - 30,129,Ceara,https://media.api-sports.io/football/teams/129.png,False,144,Atletico Goianiense,https://media.api-sports.io/football/teams/144.png,True,0.0,1.0,0.0,0.0,0.0,1.0,,,,,,,
1006751,Arthur Gomes Rabelo,UTC,2023-10-03T22:30:00+00:00,1696372200,1696372200.0,1696375800.0,5676.0,Estádio José Maria de Campos Maia,"Mirassol, São Paulo",Match Finished,FT,90.0,72,Serie B,Brazil,https://media.api-sports.io/football/leagues/72.png,https://media.api-sports.io/flags/br.svg,2023,Regular Season - 31,7848,Mirassol,https://media.api-sports.io/football/teams/7848.png,True,148,Londrina,https://media.api-sports.io/football/teams/148.png,False,2.0,0.0,2.0,0.0,2.0,0.0,,,,,,,
1006754,Maguielson Lima Barbosa,UTC,2023-10-05T22:15:00+00:00,1696544100,1696544100.0,1696547700.0,227.0,Arena Condá,"Chapecó, Santa Catarina",Match Finished,FT,90.0,72,Serie B,Brazil,https://media.api-sports.io/football/leagues/72.png,https://media.api-sports.io/flags/br.svg,2023,Regular Season - 31,132,Chapecoense-sc,https://media.api-sports.io/football/teams/132.png,,754,ABC,https://media.api-sports.io/football/teams/754.png,,0.0,0.0,0.0,0.0,0.0,0.0,,,,,,,
1006748,André Luiz,UTC,2023-10-07T00:30:00+00:00,1696638600,1696638600.0,1696642200.0,211.0,Estádio Antônio Accioly,"Goiânia, Goiás",Match Finished,FT,90.0,72,Serie B,Brazil,https://media.api-sports.io/football/leagues/72.png,https://media.api-sports.io/flags/br.svg,2023,Regular Season - 31,144,Atletico Goianiense,https://media.api-sports.io/football/teams/144.png,True,7779,Ituano,https://media.api-sports.io/football/teams/7779.png,False,1.0,0.0,1.0,0.0,1.0,0.0,,,,,,,
1006756,Leonardo Ferreira Lima,UTC,2023-10-07T00:30:00+00:00,1696638600,1696638600.0,1696642200.0,232.0,Estádio Rei Pelé,"Maceió, Alagoas",Match Finished,FT,90.0,72,Serie B,Brazil,https://media.api-sports.io/football/leagues/72.png,https://media.api-sports.io/flags/br.svg,2023,Regular Season - 31,146,CRB,https://media.api-sports.io/football/teams/146.png,True,129,Ceara,https://media.api-sports.io/football/teams/129.png,False,2.0,0.0,1.0,0.0,2.0,0.0,,,,,,,
1006755,Alisson Furtado,UTC,2023-10-07T18:30:00+00:00,1696703400,1696703400.0,1696707000.0,1709.0,Estádio Antônio Guimarães de Almeida,"Tombos, Minas Gerais",Match Finished,FT,90.0,72,Serie B,Brazil,https://media.api-sports.io/football/leagues/72.png,https://media.api-sports.io/flags/br.svg,2023,Regular Season - 31,2227,Tombense,https://media.api-sports.io/football/teams/2227.png,,152,Juventude,https://media.api-sports.io/football/teams/152.png,,1.0,1.0,1.0,0.0,1.0,1.0,,,,,,,
1006753,Dyorgines José Padovani Andrade,UTC,2023-10-07T20:00:00+00:00,1696708800,1696708800.0,1696712400.0,265.0,Estádio Governador João Castelo,"São Luís, Maranhão",Match Finished,FT,90.0,72,Serie B,Brazil,https://media.api-sports.io/football/leagues/72.png,https://media.api-sports.io/flags/br.svg,2023,Regular Season - 31,155,Sampaio Correa,https://media.api-sports.io/football/teams/155.png,,7834,Novorizontino,https://media.api-sports.io/football/teams/7834.png,,1.0,1.0,0.0,0.0,1.0,1.0,,,,,,,
1006750,Rafael Rodrigo Klein,UTC,2023-10-07T20:00:00+00:00,1696708800,1696708800.0,1696712400.0,219.0,Estádio Santa Cruz,"Ribeirão Preto, São Paulo",Match Finished,FT,90.0,72,Serie B,Brazil,https://media.api-sports.io/football/leagues/72.png,https://media.api-sports.io/flags/br.svg,2023,Regular Season - 31,2618,Botafogo SP,https://media.api-sports.io/football/teams/2618.png,False,145,Avai,https://media.api-sports.io/football/teams/145.png,True,0.0,1.0,0.0,0.0,0.0,1.0,,,,,,,
1006747,Felipe Fernandes de Lima,UTC,2023-10-07T21:00:00+00:00,1696712400,1696712400.0,1696716000.0,242.0,Estádio Brinco de Ouro da Princesa,"Campinas, São Paulo",Match Finished,FT,90.0,72,Serie B,Brazil,https://media.api-sports.io/football/leagues/72.png,https://media.api-sports.io/flags/br.svg,2023,Regular Season - 31,138,Guarani Campinas,https://media.api-sports.io/football/teams/138.png,,142,Vila Nova,https://media.api-sports.io/football/teams/142.png,,1.0,1.0,0.0,1.0,1.0,1.0,,,,,,,
1006749,Caio Max Augusto Vieira,UTC,2023-10-08T21:00:00+00:00,1696798800,1696798800.0,1696802400.0,233.0,Estádio Heriberto Hülse,"Criciúma, Santa Catarina",Match Finished,FT,90.0,72,Serie B,Brazil,https://media.api-sports.io/football/leagues/72.png,https://media.api-sports.io/flags/br.svg,2023,Regular Season - 31,140,Criciuma,https://media.api-sports.io/football/teams/140.png,True,136,Vitoria,https://media.api-sports.io/football/teams/136.png,False,1.0,0.0,1.0,0.0,1.0,0.0,,,,,,,
1006752,José Mendonça,UTC,2023-10-09T23:00:00+00:00,1696892400,1696892400.0,1696896000.0,276.0,Estádio Adelmar da Costa Carvalho,"Recife, Pernambuco",Match Finished,FT,90.0,72,Serie B,Brazil,https://media.api-sports.io/football/leagues/72.png,https://media.api-sports.io/flags/br.svg,2023,Regular Season - 31,123,Sport Recife,https://media.api-sports.io/football/teams/123.png,,139,Ponte Preta,https://media.api-sports.io/football/teams/139.png,,3.0,3.0,1.0,3.0,3.0,3.0,,,,,,,
1006766,Rodrigo Batista Raposo,UTC,2023-10-11T00:30:00+00:00,1696984200,1696984200.0,1696987800.0,205.0,Estádio Maria Lamas Farache,"Natal, Rio Grande do Norte",Match Finished,FT,90.0,72,Serie B,Brazil,https://media.api-sports.io/football/leagues/72.png,https://media.api-sports.io/flags/br.svg,2023,Regular Season - 32,754,ABC,https://media.api-sports.io/football/teams/754.png,False,7848,Mirassol,https://media.api-sports.io/football/teams/7848.png,True,1.0,2.0,0.0,2.0,1.0,2.0,,,,,,,
1006758,Arthur Gomes Rabelo,UTC,2023-10-12T00:30:00+00:00,1697070600,1697070600.0,1697074200.0,280.0,Estádio Onésio Brasileiro Alvarenga,"Goiânia, Goiás",Match Finished,FT,90.0,72,Serie B,Brazil,https://media.api-sports.io/football/leagues/72.png,https://media.api-sports.io/flags/br.svg,2023,Regular Season - 32,142,Vila Nova,https://media.api-sports.io/football/teams/142.png,True,2618,Botafogo SP,https://media.api-sports.io/football/teams/2618.png,False,3.0,1.0,2.0,0.0,3.0,1.0,,,,,,,
1006759,Ramon Abatti,UTC,2023-10-14T00:30:00+00:00,1697243400,1697243400.0,1697247000.0,233.0,Estádio Heriberto Hülse,"Criciúma, Santa Catarina",Match Finished,FT,90.0,72,Serie B,Brazil,https://media.api-sports.io/football/leagues/72.png,https://media.api-sports.io/flags/br.svg,2023,Regular Season - 32,140,Criciuma,https://media.api-sports.io/football/teams/140.png,False,132,Chapecoense-sc,https://media.api-sports.io/football/teams/132.png,True,1.0,2.0,0.0,1.0,1.0,2.0,,,,,,,
1006760,Jonathan Benkenstein Pinheiro,UTC,2023-10-14T20:00:00+00:00,1697313600,1697313600.0,1697317200.0,5632.0,Estádio Municipal Dr. Novelli Júnior,"Itu, São Paulo",Match Finished,FT,90.0,72,Serie B,Brazil,https://media.api-sports.io/football/leagues/72.png,https://media.api-sports.io/flags/br.svg,2023,Regular Season - 32,7779,Ituano,https://media.api-sports.io/football/teams/7779.png,,146,CRB,https://media.api-sports.io/football/teams/146.png,,0.0,0.0,0.0,0.0,0.0,0.0,,,,,,,
1006761,Yuri Elino Ferreira da Cruz,UTC,2023-10-14T20:00:00+00:00,1697313600,1697313600.0,1697317200.0,5664.0,Estádio Dr. Jorge Ismael de Biasi,"Novo Horizonte, São Paulo",Match Finished,FT,90.0,72,Serie B,Brazil,https://media.api-sports.io/football/leagues/72.png,https://media.api-sports.io/flags/br.svg,2023,Regular Season - 32,7834,Novorizontino,https://media.api-sports.io/football/teams/7834.png,,2227,Tombense,https://media.api-sports.io/football/teams/2227.png,,0.0,0.0,0.0,0.0,0.0,0.0,,,,,,,
1006763,Rafael Martins Diniz,UTC,2023-10-14T21:30:00+00:00,1697319000,1697319000.0,1697322600.0,225.0,Estádio Governador Plácido Aderaldo Castelo,"Fortaleza, Ceará",Match Finished,FT,90.0,72,Serie B,Brazil,https://media.api-sports.io/football/leagues/72.png,https://media.api-sports.io/flags/br.svg,2023,Regular Season - 32,129,Ceara,https://media.api-sports.io/football/teams/129.png,,155,Sampaio Correa,https://media.api-sports.io/football/teams/155.png,,0.0,0.0,0.0,0.0,0.0,0.0,,,,,,,
1006757,Dyorgines José Padovani Andrade,UTC,2023-10-15T18:45:00+00:00,1697395500,1697395500.0,1697399100.0,261.0,Estádio Moisés Lucarelli,"Campinas, São Paulo",Match Finished,FT,90.0,72,Serie B,Brazil,https://media.api-sports.io/football/leagues/72.png,https://media.api-sports.io/flags/br.svg,2023,Regular Season - 32,139,Ponte Preta,https://media.api-sports.io/football/teams/139.png,False,144,Atletico Goianiense,https://media.api-sports.io/football/teams/144.png,True,0.0,2.0,0.0,1.0,0.0,2.0,,,,,,,
1006762,Wagner do Nascimento Magalhaes,UTC,2023-10-15T21:00:00+00:00,1697403600,1697403600.0,1697407200.0,281.0,Estádio Manoel Barradas,"Salvador, Bahia",Match Finished,FT,90.0,72,Serie B,Brazil,https://media.api-sports.io/football/leagues/72.png,https://media.api-sports.io/flags/br.svg,2023,Regular Season - 32,136,Vitoria,https://media.api-sports.io/football/teams/136.png,True,138,Guarani Campinas,https://media.api-sports.io/football/teams/138.png,False,2.0,0.0,1.0,0.0,2.0,0.0,,,,,,,
1006765,Wilton Pereira Sampaio,UTC,2023-10-15T21:30:00+00:00,1697405400,1697405400.0,1697409000.0,249.0,Estádio Municipal Jacy Scaff,"Londrina, Paraná",Match Finished,FT,90.0,72,Serie B,Brazil,https://media.api-sports.io/football/leagues/72.png,https://media.api-sports.io/flags/br.svg,2023,Regular Season - 32,148,Londrina,https://media.api-sports.io/football/teams/148.png,,145,Avai,https://media.api-sports.io/football/teams/145.png,,1.0,1.0,1.0,0.0,1.0,1.0,,,,,,,
1006764,Sávio Pereira,UTC,2023-10-16T23:00:00+00:00,1697497200,1697497200.0,1697500800.0,248.0,Estádio Alfredo Jaconi,"Caxias do Sul, Rio Grande do Sul",Match Finished,FT,90.0,72,Serie B,Brazil,https://media.api-sports.io/football/leagues/72.png,https://media.api-sports.io/flags/br.svg,2023,Regular Season - 32,152,Juventude,https://media.api-sports.io/football/teams/152.png,,123,Sport Recife,https://media.api-sports.io/football/teams/123.png,,2.0,2.0,1.0,1.0,2.0,2.0,,,,,,,
1006768,Bruno Mota Correia,UTC,2023-10-19T22:00:00+00:00,1697752800,1697752800.0,1697756400.0,211.0,Estádio Antônio Accioly,"Goiânia, Goiás",Match Finished,FT,90.0,72,Serie B,Brazil,https://media.api-sports.io/football/leagues/72.png,https://media.api-sports.io/flags/br.svg,2023,Regular Season - 33,144,Atletico Goianiense,https://media.api-sports.io/football/teams/144.png,True,754,ABC,https://media.api-sports.io/football/teams/754.png,False,3.0,1.0,1.0,0.0,3.0,1.0,,,,,,,
1006775,Maguielson Lima Barbosa,UTC,2023-10-19T22:00:00+00:00,1697752800,1697752800.0,1697756400.0,1709.0,Estádio Antônio Guimarães de Almeida,"Tombos, Minas Gerais",Match Finished,FT,90.0,72,Serie B,Brazil,https://media.api-sports.io/football/leagues/72.png,https://media.api-sports.io/flags/br.svg,2023,Regular Season - 33,2227,Tombense,https://media.api-sports.io/football/teams/2227.png,True,142,Vila Nova,https://media.api-sports.io/football/teams/142.png,False,2.0,1.0,0.0,1.0,2.0,1.0,,,,,,,
1006773,Sávio Pereira,UTC,2023-10-20T22:00:00+00:00,1697839200,1697839200.0,1697842800.0,265.0,Estádio Governador João Castelo,"São Luís, Maranhão",Match Finished,FT,90.0,72,Serie B,Brazil,https://media.api-sports.io/football/leagues/72.png,https://media.api-sports.io/flags/br.svg,2023,Regular Season - 33,155,Sampaio Correa,https://media.api-sports.io/football/teams/155.png,False,136,Vitoria,https://media.api-sports.io/football/teams/136.png,True,0.0,1.0,0.0,1.0,0.0,1.0,,,,,,,
1006771,João,UTC,2023-10-21T00:30:00+00:00,1697848200,1697848200.0,1697851800.0,5676.0,Estádio José Maria de Campos Maia,"Mirassol, São Paulo",Match Finished,FT,90.0,72,Serie B,Brazil,https://media.api-sports.io/football/leagues/72.png,https://media.api-sports.io/flags/br.svg,2023,Regular Season - 33,7848,Mirassol,https://media.api-sports.io/football/teams/7848.png,,138,Guarani Campinas,https://media.api-sports.io/football/teams/138.png,,0.0,0.0,0.0,0.0,0.0,0.0,,,,,,,
1006776,Felipe Fernandes de Lima,UTC,2023-10-21T20:00:00+00:00,1697918400,1697918400.0,1697922000.0,232.0,Estádio Rei Pelé,"Maceió, Alagoas",Match Finished,FT,90.0,72,Serie B,Brazil,https://media.api-sports.io/football/leagues/72.png,https://media.api-sports.io/flags/br.svg,2023,Regular Season - 33,146,CRB,https://media.api-sports.io/football/teams/146.png,False,140,Criciuma,https://media.api-sports.io/football/teams/140.png,True,0.0,1.0,0.0,0.0,0.0,1.0,,,,,,,
1006770,Vinicius Gonçalves Dias Araujo,UTC,2023-10-21T20:00:00+00:00,1697918400,1697918400.0,1697922000.0,219.0,Estádio Santa Cruz,"Ribeirão Preto, São Paulo",Match Finished,FT,90.0,72,Serie B,Brazil,https://media.api-sports.io/football/leagues/72.png,https://media.api-sports.io/flags/br.svg,2023,Regular Season - 33,2618,Botafogo SP,https://media.api-sports.io/football/teams/2618.png,True,7834,Novorizontino,https://media.api-sports.io/football/teams/7834.png,False,2.0,0.0,1.0,0.0,2.0,0.0,,,,,,,
1006774,Paulo Henrique Schleinch Vollkopf,UTC,2023-10-21T21:00:00+00:00,1697922000,1697922000.0,1697925600.0,248.0,Estádio Alfredo Jaconi,"Caxias do Sul, Rio Grande do Sul",Match Finished,FT,90.0,72,Serie B,Brazil,https://media.api-sports.io/football/leagues/72.png,https://media.api-sports.io/flags/br.svg,2023,Regular Season - 33,152,Juventude,https://media.api-sports.io/football/teams/152.png,,148,Londrina,https://media.api-sports.io/football/teams/148.png,,2.0,2.0,1.0,2.0,2.0,2.0,,,,,,,
1006772,Wagner do Nascimento Magalhaes,UTC,2023-10-22T21:00:00+00:00,1698008400,1698008400.0,1698012000.0,276.0,Estádio Adelmar da Costa Carvalho,"Recife, Pernambuco",Match Finished,FT,90.0,72,Serie B,Brazil,https://media.api-sports.io/football/leagues/72.png,https://media.api-sports.io/flags/br.svg,2023,Regular Season - 33,123,Sport Recife,https://media.api-sports.io/football/teams/123.png,True,132,Chapecoense-sc,https://media.api-sports.io/football/teams/132.png,False,2.0,1.0,0.0,1.0,2.0,1.0,,,,,,,
1006769,Jonathan Benkenstein Pinheiro,UTC,2023-10-22T21:00:00+00:00,1698008400,1698008400.0,1698012000.0,214.0,Estádio Aderbal Ramos da Silva,"Florianópolis, Santa Catarina",Match Finished,FT,90.0,72,Serie B,Brazil,https://media.api-sports.io/football/leagues/72.png,https://media.api-sports.io/flags/br.svg,2023,Regular Season - 33,145,Avai,https://media.api-sports.io/football/teams/145.png,True,129,Ceara,https://media.api-sports.io/football/teams/129.png,False,1.0,0.0,0.0,0.0,1.0,0.0,,,,,,,
1006767,Emerson Ricardo de Almeida Andrade,UTC,2023-10-23T23:00:00+00:00,1698102000,1698102000.0,1698105600.0,261.0,Estádio Moisés Lucarelli,"Campinas, São Paulo",Match Finished,FT,90.0,72,Serie B,Brazil,https://media.api-sports.io/football/leagues/72.png,https://media.api-sports.io/flags/br.svg,2023,Regular Season - 33,139,Ponte Preta,https://media.api-sports.io/football/teams/139.png,,7779,Ituano,https://media.api-sports.io/football/teams/7779.png,,0.0,0.0,0.0,0.0,0.0,0.0,,,,,,,
1006786,Luciano da Silva Miranda Filho,UTC,2023-10-27T22:00:00+00:00,1698444000,1698444000.0,1698447600.0,205.0,Estádio Maria Lamas Farache,"Natal, Rio Grande do Norte",Match Finished,FT,90.0,72,Serie B,Brazil,https://media.api-sports.io/football/leagues/72.png,https://media.api-sports.io/flags/br.svg,2023,Regular Season - 34,754,ABC,https://media.api-sports.io/football/teams/754.png,,145,Avai,https://media.api-sports.io/football/teams/145.png,,1.0,1.0,0.0,1.0,1.0,1.0,,,,,,,
1006777,Maguielson Lima Barbosa,UTC,2023-10-28T00:30:00+00:00,1698453000,1698453000.0,1698456600.0,242.0,Estádio Brinco de Ouro da Princesa,"Campinas, São Paulo",Match Finished,FT,90.0,72,Serie B,Brazil,https://media.api-sports.io/football/leagues/72.png,https://media.api-sports.io/flags/br.svg,2023,Regular Season - 34,138,Guarani Campinas,https://media.api-sports.io/football/teams/138.png,False,2618,Botafogo SP,https://media.api-sports.io/football/teams/2618.png,True,0.0,1.0,0.0,0.0,0.0,1.0,,,,,,,
1006781,João,UTC,2023-10-28T00:30:00+00:00,1698453000,1698453000.0,1698456600.0,5664.0,Estádio Dr. Jorge Ismael de Biasi,"Novo Horizonte, São Paulo",Match Finished,FT,90.0,72,Serie B,Brazil,https://media.api-sports.io/football/leagues/72.png,https://media.api-sports.io/flags/br.svg,2023,Regular Season - 34,7834,Novorizontino,https://media.api-sports.io/football/teams/7834.png,True,139,Ponte Preta,https://media.api-sports.io/football/teams/139.png,False,2.0,0.0,0.0,0.0,2.0,0.0,,,,,,,
1006779,Bruno Mota Correia,UTC,2023-10-28T18:30:00+00:00,1698517800,1698517800.0,1698521400.0,233.0,Estádio Heriberto Hülse,"Criciúma, Santa Catarina",Match Finished,FT,90.0,72,Serie B,Brazil,https://media.api-sports.io/football/leagues/72.png,https://media.api-sports.io/flags/br.svg,2023,Regular Season - 34,140,Criciuma,https://media.api-sports.io/football/teams/140.png,True,155,Sampaio Correa,https://media.api-sports.io/football/teams/155.png,False,3.0,0.0,3.0,0.0,3.0,0.0,,,,,,,
1006780,Vinicius Gonçalves Dias Araujo,UTC,2023-10-28T18:30:00+00:00,1698517800,1698517800.0,1698521400.0,5632.0,Estádio Municipal Dr. Novelli Júnior,"Itu, São Paulo",Match Finished,FT,90.0,72,Serie B,Brazil,https://media.api-sports.io/football/leagues/72.png,https://media.api-sports.io/flags/br.svg,2023,Regular Season - 34,7779,Ituano,https://media.api-sports.io/football/teams/7779.png,,7848,Mirassol,https://media.api-sports.io/football/teams/7848.png,,0.0,0.0,0.0,0.0,0.0,0.0,,,,,,,
1006783,Yuri Elino Ferreira da Cruz,UTC,2023-10-28T22:00:00+00:00,1698530400,1698530400.0,1698534000.0,225.0,Estádio Governador Plácido Aderaldo Castelo,"Fortaleza, Ceará",Match Finished,FT,90.0,72,Serie B,Brazil,https://media.api-sports.io/football/leagues/72.png,https://media.api-sports.io/flags/br.svg,2023,Regular Season - 34,129,Ceara,https://media.api-sports.io/football/teams/129.png,True,123,Sport Recife,https://media.api-sports.io/football/teams/123.png,False,2.0,1.0,1.0,1.0,2.0,1.0,,,,,,,
1006778,Paulo Cesar Zanovelli da Silva,UTC,2023-10-28T23:00:00+00:00,1698534000,1698534000.0,1698537600.0,280.0,Estádio Onésio Brasileiro Alvarenga,"Goiânia, Goiás",Match Finished,FT,90.0,72,Serie B,Brazil,https://media.api-sports.io/football/leagues/72.png,https://media.api-sports.io/flags/br.svg,2023,Regular Season - 34,142,Vila Nova,https://media.api-sports.io/football/teams/142.png,True,144,Atletico Goianiense,https://media.api-sports.io/football/teams/144.png,False,2.0,1.0,0.0,0.0,2.0,1.0,,,,,,,
1006785,Ivan Guimarães Junior,UTC,2023-10-29T21:30:00+00:00,1698615000,1698615000.0,1698618600.0,249.0,Estádio Municipal Jacy Scaff,"Londrina, Paraná",Match Finished,FT,90.0,72,Serie B,Brazil,https://media.api-sports.io/football/leagues/72.png,https://media.api-sports.io/flags/br.svg,2023,Regular Season - 34,148,Londrina,https://media.api-sports.io/football/teams/148.png,,146,CRB,https://media.api-sports.io/football/teams/146.png,,1.0,1.0,0.0,0.0,1.0,1.0,,,,,,,
1006782,Felipe Fernandes de Lima,UTC,2023-10-29T22:00:00+00:00,1698616800,1698616800.0,1698620400.0,281.0,Estádio Manoel Barradas,"Salvador, Bahia",Match Finished,FT,90.0,72,Serie B,Brazil,https://media.api-sports.io/football/leagues/72.png,https://media.api-sports.io/flags/br.svg,2023,Regular Season - 34,136,Vitoria,https://media.api-sports.io/football/teams/136.png,,152,Juventude,https://media.api-sports.io/football/teams/152.png,,0.0,0.0,0.0,0.0,0.0,0.0,,,,,,,
1006784,Denis Ribeiro Serafim,UTC,2023-10-30T23:00:00+00:00,1698706800,1698706800.0,1698710400.0,227.0,Arena Condá,"Chapecó, Santa Catarina",Match Finished,FT,90.0,72,Serie B,Brazil,https://media.api-sports.io/football/leagues/72.png,https://media.api-sports.io/flags/br.svg,2023,Regular Season - 34,132,Chapecoense-sc,https://media.api-sports.io/football/teams/132.png,False,2227,Tombense,https://media.api-sports.io/football/teams/2227.png,True,1.0,2.0,0.0,1.0,1.0,2.0,,,,,,,
1006788,Felipe Fernandes de Lima,UTC,2023-11-01T23:00:00+00:00,1698879600,1698879600.0,1698883200.0,211.0,Estádio Antônio Accioly,"Goiânia, Goiás",Match Finished,FT,90.0,72,Serie B,Brazil,https://media.api-sports.io/football/leagues/72.png,https://media.api-sports.io/flags/br.svg,2023,Regular Season - 35,144,Atletico Goianiense,https://media.api-sports.io/football/teams/144.png,,7834,Novorizontino,https://media.api-sports.io/football/teams/7834.png,,2.0,2.0,1.0,2.0,2.0,2.0,,,,,,,
1006791,Caio Max Augusto Vieira,UTC,2023-11-03T22:00:00+00:00,1699048800,1699048800.0,1699052400.0,5676.0,Estádio José Maria de Campos Maia,"Mirassol, São Paulo",Match Finished,FT,90.0,72,Serie B,Brazil,https://media.api-sports.io/football/leagues/72.png,https://media.api-sports.io/flags/br.svg,2023,Regular Season - 35,7848,Mirassol,https://media.api-sports.io/football/teams/7848.png,True,123,Sport Recife,https://media.api-sports.io/football/teams/123.png,False,2.0,1.0,1.0,0.0,2.0,1.0,,,,,,,
1006795,Denis Ribeiro Serafim,UTC,2023-11-04T00:30:00+00:00,1699057800,1699057800.0,1699061400.0,249.0,Estádio Municipal Jacy Scaff,"Londrina, Paraná",Match Finished,FT,90.0,72,Serie B,Brazil,https://media.api-sports.io/football/leagues/72.png,https://media.api-sports.io/flags/br.svg,2023,Regular Season - 35,148,Londrina,https://media.api-sports.io/football/teams/148.png,,138,Guarani Campinas,https://media.api-sports.io/football/teams/138.png,,0.0,0.0,0.0,0.0,0.0,0.0,,,,,,,
1006794,Dyorgines José Padovani Andrade,UTC,2023-11-04T00:30:00+00:00,1699057800,1699057800.0,1699061400.0,248.0,Estádio Alfredo Jaconi,"Caxias do Sul, Rio Grande do Sul",Match Finished,FT,90.0,72,Serie B,Brazil,https://media.api-sports.io/football/leagues/72.png,https://media.api-sports.io/flags/br.svg,2023,Regular Season - 35,152,Juventude,https://media.api-sports.io/football/teams/152.png,True,7779,Ituano,https://media.api-sports.io/football/teams/7779.png,False,2.0,1.0,1.0,0.0,2.0,1.0,,,,,,,
1006787,Jefferson Ferreira de Moraes,UTC,2023-11-04T20:00:00+00:00,1699128000,1699128000.0,1699131600.0,261.0,Estádio Moisés Lucarelli,"Campinas, São Paulo",Match Finished,FT,90.0,72,Serie B,Brazil,https://media.api-sports.io/football/leagues/72.png,https://media.api-sports.io/flags/br.svg,2023,Regular Season - 35,139,Ponte Preta,https://media.api-sports.io/football/teams/139.png,False,145,Avai,https://media.api-sports.io/football/teams/145.png,True,0.0,1.0,0.0,0.0,0.0,1.0,,,,,,,
1006790,Paulo Belence Alves dos Prazeres Filho,UTC,2023-11-04T20:00:00+00:00,1699128000,1699128000.0,1699131600.0,219.0,Estádio Santa Cruz,"Ribeirão Preto, São Paulo",Match Finished,FT,90.0,72,Serie B,Brazil,https://media.api-sports.io/football/leagues/72.png,https://media.api-sports.io/flags/br.svg,2023,Regular Season - 35,2618,Botafogo SP,https://media.api-sports.io/football/teams/2618.png,,129,Ceara,https://media.api-sports.io/football/teams/129.png,,2.0,2.0,1.0,1.0,2.0,2.0,,,,,,,
1006793,Emerson Ricardo de Almeida Andrade,UTC,2023-11-04T22:30:00+00:00,1699137000,1699137000.0,1699140600.0,265.0,Estádio Governador João Castelo,"São Luís, Maranhão",Match Finished,FT,90.0,72,Serie B,Brazil,https://media.api-sports.io/football/leagues/72.png,https://media.api-sports.io/flags/br.svg,2023,Regular Season - 35,155,Sampaio Correa,https://media.api-sports.io/football/teams/155.png,False,2227,Tombense,https://media.api-sports.io/football/teams/2227.png,True,1.0,2.0,1.0,1.0,1.0,2.0,,,,,,,
1006792,Marcelo de Lima Henrique,UTC,2023-11-05T21:00:00+00:00,1699218000,1699218000.0,1699221600.0,281.0,Estádio Manoel Barradas,"Salvador, Bahia",Match Finished,FT,90.0,72,Serie B,Brazil,https://media.api-sports.io/football/leagues/72.png,https://media.api-sports.io/flags/br.svg,2023,Regular Season - 35,136,Vitoria,https://media.api-sports.io/football/teams/136.png,,142,Vila Nova,https://media.api-sports.io/football/teams/142.png,,1.0,1.0,0.0,1.0,1.0,1.0,,,,,,,
1006796,Jonathan Benkenstein Pinheiro,UTC,2023-11-07T22:00:00+00:00,1699394400,1699394400.0,1699398000.0,232.0,Estádio Rei Pelé,"Maceió, Alagoas",Match Finished,FT,90.0,72,Serie B,Brazil,https://media.api-sports.io/football/leagues/72.png,https://media.api-sports.io/flags/br.svg,2023,Regular Season - 35,146,CRB,https://media.api-sports.io/football/teams/146.png,True,132,Chapecoense-sc,https://media.api-sports.io/football/teams/132.png,False,3.0,2.0,2.0,1.0,3.0,2.0,,,,,,,
1006789,Arthur Gomes Rabelo,UTC,2023-11-08T00:30:00+00:00,1699403400,1699403400.0,1699407000.0,233.0,Estádio Heriberto Hülse,"Criciúma, Santa Catarina",Match Finished,FT,90.0,72,Serie B,Brazil,https://media.api-sports.io/football/leagues/72.png,https://media.api-sports.io/flags/br.svg,2023,Regular Season - 35,140,Criciuma,https://media.api-sports.io/football/teams/140.png,True,754,ABC,https://media.api-sports.io/football/teams/754.png,False,1.0,0.0,1.0,0.0,1.0,0.0,,,,,,,
1006798,Yuri Elino Ferreira da Cruz,UTC,2023-11-10T22:00:00+00:00,1699653600,1699653600.0,1699657200.0,280.0,Estádio Onésio Brasileiro Alvarenga,"Goiânia, Goiás",Match Finished,FT,90.0,72,Serie B,Brazil,https://media.api-sports.io/football/leagues/72.png,https://media.api-sports.io/flags/br.svg,2023,Regular Season - 36,142,Vila Nova,https://media.api-sports.io/football/teams/142.png,True,148,Londrina,https://media.api-sports.io/football/teams/148.png,False,4.0,1.0,2.0,0.0,4.0,1.0,,,,,,,
1006802,Wagner do Nascimento Magalhaes,UTC,2023-11-11T00:30:00+00:00,1699662600,1699662600.0,1699666200.0,276.0,Estádio Adelmar da Costa Carvalho,"Recife, Pernambuco",Match Finished,FT,90.0,72,Serie B,Brazil,https://media.api-sports.io/football/leagues/72.png,https://media.api-sports.io/flags/br.svg,2023,Regular Season - 36,123,Sport Recife,https://media.api-sports.io/football/teams/123.png,,144,Atletico Goianiense,https://media.api-sports.io/football/teams/144.png,,0.0,0.0,0.0,0.0,0.0,0.0,,,,,,,
1006800,Leandro Vuaden,UTC,2023-11-11T18:30:00+00:00,1699727400,1699727400.0,1699731000.0,5632.0,Estádio Municipal Dr. Novelli Júnior,"Itu, São Paulo",Match Finished,FT,90.0,72,Serie B,Brazil,https://media.api-sports.io/football/leagues/72.png,https://media.api-sports.io/flags/br.svg,2023,Regular Season - 36,7779,Ituano,https://media.api-sports.io/football/teams/7779.png,True,155,Sampaio Correa,https://media.api-sports.io/football/teams/155.png,False,2.0,1.0,2.0,0.0,2.0,1.0,,,,,,,
1006804,Jefferson Ferreira de Moraes,UTC,2023-11-11T20:00:00+00:00,1699732800,1699732800.0,1699736400.0,227.0,Arena Condá,"Chapecó, Santa Catarina",Match Finished,FT,90.0,72,Serie B,Brazil,https://media.api-sports.io/football/leagues/72.png,https://media.api-sports.io/flags/br.svg,2023,Regular Season - 36,132,Chapecoense-sc,https://media.api-sports.io/football/teams/132.png,True,2618,Botafogo SP,https://media.api-sports.io/football/teams/2618.png,False,2.0,0.0,0.0,0.0,2.0,0.0,,,,,,,
1006799,Paulo Henrique Schleinch Vollkopf,UTC,2023-11-11T20:00:00+00:00,1699732800,1699732800.0,1699736400.0,214.0,Estádio Aderbal Ramos da Silva,"Florianópolis, Santa Catarina",Match Finished,FT,90.0,72,Serie B,Brazil,https://media.api-sports.io/football/leagues/72.png,https://media.api-sports.io/flags/br.svg,2023,Regular Season - 36,145,Avai,https://media.api-sports.io/football/teams/145.png,,146,CRB,https://media.api-sports.io/football/teams/146.png,,1.0,1.0,1.0,0.0,1.0,1.0,,,,,,,
1006805,Dyorgines José Padovani Andrade,UTC,2023-11-11T21:00:00+00:00,1699736400,1699736400.0,1699740000.0,1709.0,Estádio Antônio Guimarães de Almeida,"Tombos, Minas Gerais",Match Finished,FT,90.0,72,Serie B,Brazil,https://media.api-sports.io/football/leagues/72.png,https://media.api-sports.io/flags/br.svg,2023,Regular Season - 36,2227,Tombense,https://media.api-sports.io/football/teams/2227.png,False,139,Ponte Preta,https://media.api-sports.io/football/teams/139.png,True,0.0,1.0,0.0,0.0,0.0,1.0,,,,,,,
1006803,Felipe Fernandes de Lima,UTC,2023-11-12T18:45:00+00:00,1699814700,1699814700.0,1699818300.0,237.0,Estádio Municipal Presidente Getúlio Vargas,"Fortaleza, Ceará",Match Finished,FT,90.0,72,Serie B,Brazil,https://media.api-sports.io/football/leagues/72.png,https://media.api-sports.io/flags/br.svg,2023,Regular Season - 36,129,Ceara,https://media.api-sports.io/football/teams/129.png,True,7848,Mirassol,https://media.api-sports.io/football/teams/7848.png,False,2.0,0.0,0.0,0.0,2.0,0.0,,,,,,,
1006801,Alisson Furtado,UTC,2023-11-12T21:00:00+00:00,1699822800,1699822800.0,1699826400.0,5664.0,Estádio Dr. Jorge Ismael de Biasi,"Novo Horizonte, São Paulo",Match Finished,FT,90.0,72,Serie B,Brazil,https://media.api-sports.io/football/leagues/72.png,https://media.api-sports.io/flags/br.svg,2023,Regular Season - 36,7834,Novorizontino,https://media.api-sports.io/football/teams/7834.png,False,136,Vitoria,https://media.api-sports.io/football/teams/136.png,True,1.0,2.0,1.0,1.0,1.0,2.0,,,,,,,
1006797,André Luiz,UTC,2023-11-14T22:00:00+00:00,1699999200,1699999200.0,1700002800.0,242.0,Estádio Brinco de Ouro da Princesa,"Campinas, São Paulo",Match Finished,FT,90.0,72,Serie B,Brazil,https://media.api-sports.io/football/leagues/72.png,https://media.api-sports.io/flags/br.svg,2023,Regular Season - 36,138,Guarani Campinas,https://media.api-sports.io/football/teams/138.png,,140,Criciuma,https://media.api-sports.io/football/teams/140.png,,1.0,1.0,0.0,1.0,1.0,1.0,,,,,,,
1006806,Bruno Mota Correia,UTC,2023-11-15T00:30:00+00:00,1700008200,1700008200.0,1700011800.0,205.0,Estádio Maria Lamas Farache,"Natal, Rio Grande do Norte",Match Finished,FT,90.0,72,Serie B,Brazil,https://media.api-sports.io/football/leagues/72.png,https://media.api-sports.io/flags/br.svg,2023,Regular Season - 36,754,ABC,https://media.api-sports.io/football/teams/754.png,,152,Juventude,https://media.api-sports.io/football/teams/152.png,,0.0,0.0,0.0,0.0,0.0,0.0,,,,,,,
1006810,Anderson Daronco,UTC,2023-11-17T22:00:00+00:00,1700258400,1700258400.0,1700262000.0,5632.0,Estádio Municipal Dr. Novelli Júnior,"Itu, São Paulo",Match Finished,FT,90.0,72,Serie B,Brazil,https://media.api-sports.io/football/leagues/72.png,https://media.api-sports.io/flags/br.svg,2023,Regular Season - 37,7779,Ituano,https://media.api-sports.io/football/teams/7779.png,,132,Chapecoense-sc,https://media.api-sports.io/football/teams/132.png,,0.0,0.0,0.0,0.0,0.0,0.0,,,,,,,
1006815,André Luiz,UTC,2023-11-18T00:30:00+00:00,1700267400,1700267400.0,1700271000.0,249.0,Estádio Municipal Jacy Scaff,"Londrina, Paraná",Match Finished,FT,90.0,72,Serie B,Brazil,https://media.api-sports.io/football/leagues/72.png,https://media.api-sports.io/flags/br.svg,2023,Regular Season - 37,148,Londrina,https://media.api-sports.io/football/teams/148.png,False,7834,Novorizontino,https://media.api-sports.io/football/teams/7834.png,True,0.0,1.0,0.0,0.0,0.0,1.0,,,,,,,
1006812,Paulo Cesar Zanovelli da Silva,UTC,2023-11-18T20:00:00+00:00,1700337600,1700337600.0,1700341200.0,281.0,Estádio Manoel Barradas,"Salvador, Bahia",Match Finished,FT,90.0,72,Serie B,Brazil,https://media.api-sports.io/football/leagues/72.png,https://media.api-sports.io/flags/br.svg,2023,Regular Season - 37,136,Vitoria,https://media.api-sports.io/football/teams/136.png,True,123,Sport Recife,https://media.api-sports.io/football/teams/123.png,False,1.0,0.0,0.0,0.0,1.0,0.0,,,,,,,
1006809,Yuri Elino Ferreira da Cruz,UTC,2023-11-18T20:00:00+00:00,1700337600,1700337600.0,1700341200.0,233.0,Estádio Heriberto Hülse,"Criciúma, Santa Catarina",Match Finished,FT,90.0,72,Serie B,Brazil,https://media.api-sports.io/football/leagues/72.png,https://media.api-sports.io/flags/br.svg,2023,Regular Season - 37,140,Criciuma,https://media.api-sports.io/football/teams/140.png,True,2618,Botafogo SP,https://media.api-sports.io/football/teams/2618.png,False,3.0,0.0,1.0,0.0,3.0,0.0,,,,,,,
1006808,José Mendonça,UTC,2023-11-18T20:00:00+00:00,1700337600,1700337600.0,1700341200.0,280.0,Estádio Onésio Brasileiro Alvarenga,"Goiânia, Goiás",Match Finished,FT,90.0,72,Serie B,Brazil,https://media.api-sports.io/football/leagues/72.png,https://media.api-sports.io/flags/br.svg,2023,Regular Season - 37,142,Vila Nova,https://media.api-sports.io/football/teams/142.png,True,129,Ceara,https://media.api-sports.io/football/teams/129.png,False,3.0,1.0,1.0,1.0,3.0,1.0,,,,,,,
1006814,Wagner do Nascimento Magalhaes,UTC,2023-11-18T20:00:00+00:00,1700337600,1700337600.0,1700341200.0,248.0,Estádio Alfredo Jaconi,"Caxias do Sul, Rio Grande do Sul",Match Finished,FT,90.0,72,Serie B,Brazil,https://media.api-sports.io/football/leagues/72.png,https://media.api-sports.io/flags/br.svg,2023,Regular Season - 37,152,Juventude,https://media.api-sports.io/football/teams/152.png,,139,Ponte Preta,https://media.api-sports.io/football/teams/139.png,,0.0,0.0,0.0,0.0,0.0,0.0,,,,,,,
1006811,Marcelo de Lima Henrique,UTC,2023-11-18T20:00:00+00:00,1700337600,1700337600.0,1700341200.0,5676.0,Estádio José Maria de Campos Maia,"Mirassol, São Paulo",Match Finished,FT,90.0,72,Serie B,Brazil,https://media.api-sports.io/football/leagues/72.png,https://media.api-sports.io/flags/br.svg,2023,Regular Season - 37,7848,Mirassol,https://media.api-sports.io/football/teams/7848.png,True,144,Atletico Goianiense,https://media.api-sports.io/football/teams/144.png,False,4.0,1.0,2.0,0.0,4.0,1.0,,,,,,,
1006807,Felipe Fernandes de Lima,UTC,2023-11-19T18:45:00+00:00,1700419500,1700419500.0,1700423100.0,242.0,Estádio Brinco de Ouro da Princesa,"Campinas, São Paulo",Match Finished,FT,90.0,72,Serie B,Brazil,https://media.api-sports.io/football/leagues/72.png,https://media.api-sports.io/flags/br.svg,2023,Regular Season - 37,138,Guarani Campinas,https://media.api-sports.io/football/teams/138.png,False,754,ABC,https://media.api-sports.io/football/teams/754.png,True,2.0,3.0,1.0,1.0,2.0,3.0,,,,,,,
1006816,Rafael Rodrigo Klein,UTC,2023-11-19T21:00:00+00:00,1700427600,1700427600.0,1700431200.0,232.0,Estádio Rei Pelé,"Maceió, Alagoas",Match Finished,FT,90.0,72,Serie B,Brazil,https://media.api-sports.io/football/leagues/72.png,https://media.api-sports.io/flags/br.svg,2023,Regular Season - 37,146,CRB,https://media.api-sports.io/football/teams/146.png,True,2227,Tombense,https://media.api-sports.io/football/teams/2227.png,False,2.0,0.0,0.0,0.0,2.0,0.0,,,,,,,
1006813,Wilton Pereira Sampaio,UTC,2023-11-20T23:00:00+00:00,1700521200,1700521200.0,1700524800.0,265.0,Estádio Governador João Castelo,"São Luís, Maranhão",Match Finished,FT,90.0,72,Serie B,Brazil,https://media.api-sports.io/football/leagues/72.png,https://media.api-sports.io/flags/br.svg,2023,Regular Season - 37,155,Sampaio Correa,https://media.api-sports.io/football/teams/155.png,True,145,Avai,https://media.api-sports.io/football/teams/145.png,False,4.0,0.0,3.0,0.0,4.0,0.0,,,,,,,
1006822,Dyorgines José Padovani Andrade,UTC,2023-11-25T20:00:00+00:00,1700942400,1700942400.0,1700946000.0,276.0,Estádio Adelmar da Costa Carvalho,"Recife, Pernambuco",Match Finished,FT,90.0,72,Serie B,Brazil,https://media.api-sports.io/football/leagues/72.png,https://media.api-sports.io/flags/br.svg,2023,Regular Season - 38,123,Sport Recife,https://media.api-sports.io/football/teams/123.png,True,155,Sampaio Correa,https://media.api-sports.io/football/teams/155.png,False,4.0,1.0,3.0,0.0,4.0,1.0,,,,,,,
1006823,Caio Max Augusto Vieira,UTC,2023-11-25T20:00:00+00:00,1700942400,1700942400.0,1700946000.0,237.0,Estádio Municipal Presidente Getúlio Vargas,"Fortaleza, Ceará",Match Finished,FT,90.0,72,Serie B,Brazil,https://media.api-sports.io/football/leagues/72.png,https://media.api-sports.io/flags/br.svg,2023,Regular Season - 38,129,Ceara,https://media.api-sports.io/football/teams/129.png,False,152,Juventude,https://media.api-sports.io/football/teams/152.png,True,1.0,3.0,1.0,1.0,1.0,3.0,,,,,,,
1006824,Rafael Rodrigo Klein,UTC,2023-11-25T20:00:00+00:00,1700942400,1700942400.0,1700946000.0,227.0,Arena Condá,"Chapecó, Santa Catarina",Match Finished,FT,90.0,72,Serie B,Brazil,https://media.api-sports.io/football/leagues/72.png,https://media.api-sports.io/flags/br.svg,2023,Regular Season - 38,132,Chapecoense-sc,https://media.api-sports.io/football/teams/132.png,True,136,Vitoria,https://media.api-sports.io/football/teams/136.png,False,3.0,1.0,1.0,1.0,3.0,1.0,,,,,,,
1006817,Leandro Vuaden,UTC,2023-11-25T20:00:00+00:00,1700942400,1700942400.0,1700946000.0,261.0,Estádio Moisés Lucarelli,"Campinas, São Paulo",Match Finished,FT,90.0,72,Serie B,Brazil,https://media.api-sports.io/football/leagues/72.png,https://media.api-sports.io/flags/br.svg,2023,Regular Season - 38,139,Ponte Preta,https://media.api-sports.io/football/teams/139.png,True,146,CRB,https://media.api-sports.io/football/teams/146.png,False,3.0,0.0,1.0,0.0,3.0,0.0,,,,,,,
1006818,José Mendonça,UTC,2023-11-25T20:00:00+00:00,1700942400,1700942400.0,1700946000.0,211.0,Estádio Antônio Accioly,"Goiânia, Goiás",Match Finished,FT,90.0,72,Serie B,Brazil,https://media.api-sports.io/football/leagues/72.png,https://media.api-sports.io/flags/br.svg,2023,Regular Season - 38,144,Atletico Goianiense,https://media.api-sports.io/football/teams/144.png,True,138,Guarani Campinas,https://media.api-sports.io/football/teams/138.png,False,3.0,0.0,0.0,0.0,3.0,0.0,,,,,,,
1006819,Fabio Augusto de Sá Junior,UTC,2023-11-25T20:00:00+00:00,1700942400,1700942400.0,1700946000.0,214.0,Estádio Aderbal Ramos da Silva,"Florianópolis, Santa Catarina",Match Finished,FT,90.0,72,Serie B,Brazil,https://media.api-sports.io/football/leagues/72.png,https://media.api-sports.io/flags/br.svg,2023,Regular Season - 38,145,Avai,https://media.api-sports.io/football/teams/145.png,,7779,Ituano,https://media.api-sports.io/football/teams/7779.png,,0.0,0.0,0.0,0.0,0.0,0.0,,,,,,,
1006826,Yuri Elino Ferreira da Cruz,UTC,2023-11-25T20:00:00+00:00,1700942400,1700942400.0,1700946000.0,205.0,Estádio Maria Lamas Farache,"Natal, Rio Grande do Norte",Match Finished,FT,90.0,72,Serie B,Brazil,https://media.api-sports.io/football/leagues/72.png,https://media.api-sports.io/flags/br.svg,2023,Regular Season - 38,754,ABC,https://media.api-sports.io/football/teams/754.png,True,142,Vila Nova,https://media.api-sports.io/football/teams/142.png,False,3.0,2.0,2.0,0.0,3.0,2.0,,,,,,,
1006825,Wagner do Nascimento Magalhaes,UTC,2023-11-25T20:00:00+00:00,1700942400,1700942400.0,1700946000.0,1709.0,Estádio Antônio Guimarães de Almeida,"Tombos, Minas Gerais",Match Finished,FT,90.0,72,Serie B,Brazil,https://media.api-sports.io/football/leagues/72.png,https://media.api-sports.io/flags/br.svg,2023,Regular Season - 38,2227,Tombense,https://media.api-sports.io/football/teams/2227.png,False,7848,Mirassol,https://media.api-sports.io/football/teams/7848.png,True,0.0,1.0,0.0,0.0,0.0,1.0,,,,,,,
1006820,Paulo Belence Alves dos Prazeres Filho,UTC,2023-11-25T20:00:00+00:00,1700942400,1700942400.0,1700946000.0,219.0,Estádio Santa Cruz,"Ribeirão Preto, São Paulo",Match Finished,FT,90.0,72,Serie B,Brazil,https://media.api-sports.io/football/leagues/72.png,https://media.api-sports.io/flags/br.svg,2023,Regular Season - 38,2618,Botafogo SP,https://media.api-sports.io/football/teams/2618.png,False,148,Londrina,https://media.api-sports.io/football/teams/148.png,True,0.0,1.0,0.0,0.0,0.0,1.0,,,,,,,
1006821,Denis Ribeiro Serafim,UTC,2023-11-25T20:00:00+00:00,1700942400,1700942400.0,1700946000.0,5664.0,Estádio Dr. Jorge Ismael de Biasi,"Novo Horizonte, São Paulo",Match Finished,FT,90.0,72,Serie B,Brazil,https://media.api-sports.io/football/leagues/72.png,https://media.api-sports.io/flags/br.svg,2023,Regular Season - 38,7834,Novorizontino,https://media.api-sports.io/football/teams/7834.png,True,140,Criciuma,https://media.api-sports.io/football/teams/140.png,False,2.0,0.0,1.0,0.0,2.0,0.0,,,,,,,
