fixture_id,fixture_referee,fixture_timezone,fixture_date,fixture_timestamp,fixture_periods_first,fixture_periods_second,fixture_venue_id,fixture_venue_name,fixture_venue_city,fixture_status_long,fixture_status_short,fixture_status_elapsed,league_id,league_name,league_country,league_logo,league_flag,league_season,league_round,teams_home_id,teams_home_name,teams_home_logo,teams_home_winner,teams_away_id,teams_away_name,teams_away_logo,teams_away_winner,goals_home,goals_away,score_halftime_home,score_halftime_away,score_fulltime_home,score_fulltime_away,score_extratime_home,score_extratime_away,score_penalty_home,score_penalty_away,fixture_status_extra,league_standings,chave
1353261,"Joao Vitor Gobi, Brazil",UTC,2025-04-04T22:00:00+00:00,1743804000,1743804000.0,1743807600.0,240.0,Estadio da Serrinha,Goiania,Match Finished,FT,90.0,72,Serie B,Brazil,https://media.api-sports.io/football/leagues/72.png,https://media.api-sports.io/flags/br.svg,2025,Regular Season - 1,151,Goias,https://media.api-sports.io/football/teams/151.png,True,10862,Amazonas,https://media.api-sports.io/football/teams/10862.png,False,1.0,0.0,1.0,0.0,1.0,0.0,,,,,,,
1353265,Dênis da Silva Ribeiro Serafim,UTC,2025-04-05T00:00:00+00:00,1743811200,1743811200.0,1743814800.0,233.0,Estádio Heriberto Hülse,"Criciúma, Santa Catarina",Match Finished,FT,90.0,72,Serie B,Brazil,https://media.api-sports.io/football/leagues/72.png,https://media.api-sports.io/flags/br.svg,2025,Regular Season - 1,140,Criciuma,https://media.api-sports.io/football/teams/140.png,False,1223,Operario-PR,https://media.api-sports.io/football/teams/1223.png,True,1.0,2.0,1.0,1.0,1.0,2.0,,,,,,,
1353263,Jefferson Ferreira de Moraes,UTC,2025-04-05T00:00:00+00:00,1743811200,1743811200.0,1743814800.0,,Leonidas Sodre de Castro,Belem,Match Finished,FT,90.0,72,Serie B,Brazil,https://media.api-sports.io/football/leagues/72.png,https://media.api-sports.io/flags/br.svg,2025,Regular Season - 1,149,Paysandu,https://media.api-sports.io/football/teams/149.png,False,134,Atletico Paranaense,https://media.api-sports.io/football/teams/134.png,True,1.0,2.0,1.0,1.0,1.0,2.0,,,,,,,
1353266,"Yuri Elino Ferreira Da Cruz, Brazil",UTC,2025-04-05T19:00:00+00:00,1743879600,1743879600.0,1743883200.0,232.0,Estádio Rei Pelé,"Maceió, Alagoas",Match Finished,FT,90.0,72,Serie B,Brazil,https://media.api-sports.io/football/leagues/72.png,https://media.api-sports.io/flags/br.svg,2025,Regular Season - 1,146,CRB,https://media.api-sports.io/football/teams/146.png,True,132,Chapecoense-sc,https://media.api-sports.io/football/teams/132.png,False,1.0,0.0,1.0,0.0,1.0,0.0,,,,,,,
1353260,"Lucas Canetto Bellote, Brazil",UTC,2025-04-05T19:00:00+00:00,1743879600,1743879600.0,1743883200.0,230.0,Couto Pereira,Curitiba,Match Finished,FT,90.0,72,Serie B,Brazil,https://media.api-sports.io/football/leagues/72.png,https://media.api-sports.io/flags/br.svg,2025,Regular Season - 1,147,Coritiba,https://media.api-sports.io/football/teams/147.png,True,142,Vila Nova,https://media.api-sports.io/football/teams/142.png,False,1.0,0.0,0.0,0.0,1.0,0.0,,,,,,,
1353267,"Lima Barbosa, Maguielson, Brazil",UTC,2025-04-05T21:30:00+00:00,1743888600,1743888600.0,1743892200.0,206.0,Estádio Raimundo Sampaio,Belo Horizonte,Match Finished,FT,90.0,72,Serie B,Brazil,https://media.api-sports.io/football/leagues/72.png,https://media.api-sports.io/flags/br.svg,2025,Regular Season - 1,125,America Mineiro,https://media.api-sports.io/football/teams/125.png,True,2618,Botafogo SP,https://media.api-sports.io/football/teams/2618.png,False,1.0,0.0,0.0,0.0,1.0,0.0,,,,,,,
1353269,"Emerson Ricardo de Almeida Andrade, Brazil",UTC,2025-04-06T22:00:00+00:00,1743976800,1743976800.0,1743980400.0,,Raulino de Oliveira,Rio de Janeiro,Match Finished,FT,90.0,72,Serie B,Brazil,https://media.api-sports.io/football/leagues/72.png,https://media.api-sports.io/flags/br.svg,2025,Regular Season - 1,7814,Volta Redonda,https://media.api-sports.io/football/teams/7814.png,False,1193,Cuiaba,https://media.api-sports.io/football/teams/1193.png,True,0.0,1.0,0.0,1.0,0.0,1.0,,,,,,,
1353268,"Lucas Casagrande, Brazil",UTC,2025-04-06T22:00:00+00:00,1743976800,1743976800.0,1743980400.0,,Arena Fonte Luminosa,Araraquara,Match Finished,FT,90.0,72,Serie B,Brazil,https://media.api-sports.io/football/leagues/72.png,https://media.api-sports.io/flags/br.svg,2025,Regular Season - 1,7826,Ferroviária,https://media.api-sports.io/football/teams/7826.png,,1198,remo,https://media.api-sports.io/football/teams/1198.png,,1.0,1.0,0.0,1.0,1.0,1.0,,,,,,,
1353264,"Wagner do Nascimento Magalhaes, Brazil",UTC,2025-04-06T23:00:00+00:00,1743980400,1743980400.0,1743984000.0,,Ressacada,Florianópolis,Match Finished,FT,90.0,72,Serie B,Brazil,https://media.api-sports.io/football/leagues/72.png,https://media.api-sports.io/flags/br.svg,2025,Regular Season - 1,145,Avai,https://media.api-sports.io/football/teams/145.png,,7834,Novorizontino,https://media.api-sports.io/football/teams/7834.png,,1.0,1.0,1.0,1.0,1.0,1.0,,,,,,,
1353262,"Thaillan Azevedo Gomes, Brazil",UTC,2025-04-07T22:00:00+00:00,1744063200,1744063200.0,1744066800.0,211.0,Estadio Serra Dourada,"Goiânia, Goiás",Match Finished,FT,90.0,72,Serie B,Brazil,https://media.api-sports.io/football/leagues/72.png,https://media.api-sports.io/flags/br.svg,2025,Regular Season - 1,144,Atletico Goianiense,https://media.api-sports.io/football/teams/144.png,True,13975,Athletic Club,https://media.api-sports.io/football/teams/13975.png,False,4.0,2.0,1.0,1.0,4.0,2.0,,,,,,,
1353270,"Paulo Cesar Zanovelli da Silva, Brazil",UTC,2025-04-10T22:00:00+00:00,1744322400,1744322400.0,1744326000.0,,Ligga Arena,Curitiba,Match Finished,FT,90.0,72,Serie B,Brazil,https://media.api-sports.io/football/leagues/72.png,https://media.api-sports.io/flags/br.svg,2025,Regular Season - 2,134,Atletico Paranaense,https://media.api-sports.io/football/teams/134.png,True,140,Criciuma,https://media.api-sports.io/football/teams/140.png,False,2.0,1.0,1.0,0.0,2.0,1.0,,,,,,,
1353272,"Jonathan Benkenstein Pinheiro, Brazil",UTC,2025-04-11T00:30:00+00:00,1744331400,1744331400.0,1744335000.0,,Arena Pantanal,Cuiabá,Match Finished,FT,90.0,72,Serie B,Brazil,https://media.api-sports.io/football/leagues/72.png,https://media.api-sports.io/flags/br.svg,2025,Regular Season - 2,1193,Cuiaba,https://media.api-sports.io/football/teams/1193.png,,145,Avai,https://media.api-sports.io/football/teams/145.png,,2.0,2.0,1.0,0.0,2.0,2.0,,,,,,,
1353274,"Bruno Pereira Vasconcelos, Brazil",UTC,2025-04-12T19:00:00+00:00,1744484400,1744484400.0,1744488000.0,227.0,Arena Condá,"Chapecó, Santa Catarina",Match Finished,FT,90.0,72,Serie B,Brazil,https://media.api-sports.io/football/leagues/72.png,https://media.api-sports.io/flags/br.svg,2025,Regular Season - 2,132,Chapecoense-sc,https://media.api-sports.io/football/teams/132.png,False,147,Coritiba,https://media.api-sports.io/football/teams/147.png,True,1.0,2.0,0.0,0.0,1.0,2.0,,,,,,,
1353271,"Raphael Claus, Brazil",UTC,2025-04-12T21:00:00+00:00,1744491600,1744491600.0,1744495200.0,,Serra Dourada,Goiania,Match Finished,FT,90.0,72,Serie B,Brazil,https://media.api-sports.io/football/leagues/72.png,https://media.api-sports.io/flags/br.svg,2025,Regular Season - 2,142,Vila Nova,https://media.api-sports.io/football/teams/142.png,True,149,Paysandu,https://media.api-sports.io/football/teams/149.png,False,1.0,0.0,1.0,0.0,1.0,0.0,,,,,,,
1353278,"Holanda, Leo Simao, Brazil",UTC,2025-04-12T22:00:00+00:00,1744495200,1744495200.0,1744498800.0,,Estadio Dr. Jorge Ismael de Biasi,Novo Horizonte,Match Finished,FT,90.0,72,Serie B,Brazil,https://media.api-sports.io/football/leagues/72.png,https://media.api-sports.io/flags/br.svg,2025,Regular Season - 2,7834,Novorizontino,https://media.api-sports.io/football/teams/7834.png,True,7814,Volta Redonda,https://media.api-sports.io/football/teams/7814.png,False,1.0,0.0,0.0,0.0,1.0,0.0,,,,,,,
1353276,"Torezin, Lucas Paulo, Brazil",UTC,2025-04-12T22:00:00+00:00,1744495200,1744495200.0,1744498800.0,10520.0,Arena da Amazônia,Manaus,Match Finished,FT,90.0,72,Serie B,Brazil,https://media.api-sports.io/football/leagues/72.png,https://media.api-sports.io/flags/br.svg,2025,Regular Season - 2,10862,Amazonas,https://media.api-sports.io/football/teams/10862.png,,7826,Ferroviária,https://media.api-sports.io/football/teams/7826.png,,0.0,0.0,0.0,0.0,0.0,0.0,,,,,,,
1353275,"Bruno Mota Correia, Brazil",UTC,2025-04-12T23:00:00+00:00,1744498800,1744498800.0,1744502400.0,256.0,Estádio Germano Krüger,Ponta Grossa,Match Finished,FT,90.0,72,Serie B,Brazil,https://media.api-sports.io/football/leagues/72.png,https://media.api-sports.io/flags/br.svg,2025,Regular Season - 2,1223,Operario-PR,https://media.api-sports.io/football/teams/1223.png,False,151,Goias,https://media.api-sports.io/football/teams/151.png,True,1.0,2.0,0.0,0.0,1.0,2.0,,,,,,,
1353273,"Paulo Belence Alves Dos Prazeres Filho, Brazil",UTC,2025-04-13T19:00:00+00:00,1744570800,1744570800.0,1744574400.0,,Estadio Evandro Almeida,Belem,Match Finished,FT,90.0,72,Serie B,Brazil,https://media.api-sports.io/football/leagues/72.png,https://media.api-sports.io/flags/br.svg,2025,Regular Season - 2,1198,remo,https://media.api-sports.io/football/teams/1198.png,True,125,America Mineiro,https://media.api-sports.io/football/teams/125.png,False,2.0,0.0,1.0,0.0,2.0,0.0,,,,,,,
1353277,"Fernando Antonio Mendes de Salles Nascimento Filho, Brazil",UTC,2025-04-13T19:00:00+00:00,1744570800,1744570800.0,1744574400.0,206.0,Estádio Raimundo Sampaio,Minas Gerais,Match Finished,FT,90.0,72,Serie B,Brazil,https://media.api-sports.io/football/leagues/72.png,https://media.api-sports.io/flags/br.svg,2025,Regular Season - 2,13975,Athletic Club,https://media.api-sports.io/football/teams/13975.png,False,146,CRB,https://media.api-sports.io/football/teams/146.png,True,1.0,2.0,1.0,0.0,1.0,2.0,,,,,,,
1353279,"Fabio Augusto Santos Sa Junior, Brazil",UTC,2025-04-13T22:00:00+00:00,1744581600,1744581600.0,1744585200.0,,Estadio Santa Cruz,Ribeirao Preto,Match Finished,FT,90.0,72,Serie B,Brazil,https://media.api-sports.io/football/leagues/72.png,https://media.api-sports.io/flags/br.svg,2025,Regular Season - 2,2618,Botafogo SP,https://media.api-sports.io/football/teams/2618.png,,144,Atletico Goianiense,https://media.api-sports.io/football/teams/144.png,,1.0,1.0,1.0,0.0,1.0,1.0,,,,,,,
1353282,"Antonio Dib Moraes de Sousa, Brazil",UTC,2025-04-15T22:00:00+00:00,1744754400,1744754400.0,1744758000.0,,Arena Pantanal,Cuiabá,Match Finished,FT,90.0,72,Serie B,Brazil,https://media.api-sports.io/football/leagues/72.png,https://media.api-sports.io/flags/br.svg,2025,Regular Season - 3,1193,Cuiaba,https://media.api-sports.io/football/teams/1193.png,True,134,Atletico Paranaense,https://media.api-sports.io/football/teams/134.png,False,2.0,1.0,0.0,1.0,2.0,1.0,,,,,,,
1353284,"Andre Luiz Skettino Policarpo Bento, Brazil",UTC,2025-04-16T23:00:00+00:00,1744844400,1744844400.0,1744848000.0,,Ressacada,Florianópolis,Match Finished,FT,90.0,72,Serie B,Brazil,https://media.api-sports.io/football/leagues/72.png,https://media.api-sports.io/flags/br.svg,2025,Regular Season - 3,145,Avai,https://media.api-sports.io/football/teams/145.png,True,1223,Operario-PR,https://media.api-sports.io/football/teams/1223.png,False,1.0,0.0,1.0,0.0,1.0,0.0,,,,,,,
1353283,"Wagner do Nascimento Magalhaes, Brazil",UTC,2025-04-16T23:00:00+00:00,1744844400,1744844400.0,1744848000.0,,Leonidas Sodre de Castro,Belem,Match Finished,FT,90.0,72,Serie B,Brazil,https://media.api-sports.io/football/leagues/72.png,https://media.api-sports.io/flags/br.svg,2025,Regular Season - 3,149,Paysandu,https://media.api-sports.io/football/teams/149.png,False,132,Chapecoense-sc,https://media.api-sports.io/football/teams/132.png,True,0.0,2.0,0.0,2.0,0.0,2.0,,,,,,,
1353280,Thaillan Azevedo Gomes,UTC,2025-04-17T00:00:00+00:00,1744848000,1744848000.0,1744851600.0,230.0,Couto Pereira,Curitiba,Match Finished,FT,90.0,72,Serie B,Brazil,https://media.api-sports.io/football/leagues/72.png,https://media.api-sports.io/flags/br.svg,2025,Regular Season - 3,147,Coritiba,https://media.api-sports.io/football/teams/147.png,,7834,Novorizontino,https://media.api-sports.io/football/teams/7834.png,,0.0,0.0,0.0,0.0,0.0,0.0,,,,,,,
1353281,"Rafael Rodrigo Klein, Brazil",UTC,2025-04-17T22:00:00+00:00,1744927200,1744927200.0,1744930800.0,240.0,Estadio da Serrinha,Goiania,Match Finished,FT,90.0,72,Serie B,Brazil,https://media.api-sports.io/football/leagues/72.png,https://media.api-sports.io/flags/br.svg,2025,Regular Season - 3,151,Goias,https://media.api-sports.io/football/teams/151.png,,142,Vila Nova,https://media.api-sports.io/football/teams/142.png,,2.0,2.0,1.0,1.0,2.0,2.0,,,,,,,
1353285,"Emerson Ricardo de Almeida Andrade, Brazil",UTC,2025-04-17T23:00:00+00:00,1744930800,1744930800.0,1744934400.0,233.0,Estádio Heriberto Hülse,"Criciúma, Santa Catarina",Match Finished,FT,90.0,72,Serie B,Brazil,https://media.api-sports.io/football/leagues/72.png,https://media.api-sports.io/flags/br.svg,2025,Regular Season - 3,140,Criciuma,https://media.api-sports.io/football/teams/140.png,True,13975,Athletic Club,https://media.api-sports.io/football/teams/13975.png,False,4.0,0.0,3.0,0.0,4.0,0.0,,,,,,,
1353286,"Alisson Sidnei Furtado, Brazil",UTC,2025-04-17T23:00:00+00:00,1744930800,1744930800.0,1744934400.0,232.0,Estádio Rei Pelé,"Maceió, Alagoas",Match Finished,FT,90.0,72,Serie B,Brazil,https://media.api-sports.io/football/leagues/72.png,https://media.api-sports.io/flags/br.svg,2025,Regular Season - 3,146,CRB,https://media.api-sports.io/football/teams/146.png,True,7814,Volta Redonda,https://media.api-sports.io/football/teams/7814.png,False,1.0,0.0,1.0,0.0,1.0,0.0,,,,,,,
1353289,"Lucas Guimarães Rechatiko Horn, Brazil",UTC,2025-04-17T23:00:00+00:00,1744930800,1744930800.0,1744934400.0,,Estadio Santa Cruz,Ribeirao Preto,Match Finished,FT,90.0,72,Serie B,Brazil,https://media.api-sports.io/football/leagues/72.png,https://media.api-sports.io/flags/br.svg,2025,Regular Season - 3,2618,Botafogo SP,https://media.api-sports.io/football/teams/2618.png,,1198,remo,https://media.api-sports.io/football/teams/1198.png,,2.0,2.0,1.0,1.0,2.0,2.0,,,,,,,
1353288,"Arthur Gomes Rabelo, Brazil",UTC,2025-04-18T00:00:00+00:00,1744934400,1744934400.0,1744938000.0,,Arena Fonte Luminosa,Araraquara,Match Finished,FT,90.0,72,Serie B,Brazil,https://media.api-sports.io/football/leagues/72.png,https://media.api-sports.io/flags/br.svg,2025,Regular Season - 3,7826,Ferroviária,https://media.api-sports.io/football/teams/7826.png,True,144,Atletico Goianiense,https://media.api-sports.io/football/teams/144.png,False,2.0,0.0,1.0,0.0,2.0,0.0,,,,,,,
1353287,"Edina Alves Batista, Brazil",UTC,2025-04-18T00:35:00+00:00,1744936500,1744936500.0,1744940100.0,206.0,Estádio Raimundo Sampaio,Belo Horizonte,Match Finished,FT,90.0,72,Serie B,Brazil,https://media.api-sports.io/football/leagues/72.png,https://media.api-sports.io/flags/br.svg,2025,Regular Season - 3,125,America Mineiro,https://media.api-sports.io/football/teams/125.png,True,10862,Amazonas,https://media.api-sports.io/football/teams/10862.png,False,3.0,1.0,1.0,1.0,3.0,1.0,,,,,,,
1353295,"Luciano da Silva Miranda Filho, Brazil",UTC,2025-04-19T19:00:00+00:00,1745089200,1745089200.0,1745092800.0,256.0,Estádio Germano Krüger,Ponta Grossa,Match Finished,FT,90.0,72,Serie B,Brazil,https://media.api-sports.io/football/leagues/72.png,https://media.api-sports.io/flags/br.svg,2025,Regular Season - 4,1223,Operario-PR,https://media.api-sports.io/football/teams/1223.png,,149,Paysandu,https://media.api-sports.io/football/teams/149.png,,0.0,0.0,0.0,0.0,0.0,0.0,,,,,,,
1353291,"Gustavo Ervino Bauermann, Brazil",UTC,2025-04-20T19:00:00+00:00,1745175600,1745175600.0,1745179200.0,280.0,Estádio Onésio Brasileiro Alvarenga,"Goiânia, Goiás",Match Finished,FT,90.0,72,Serie B,Brazil,https://media.api-sports.io/football/leagues/72.png,https://media.api-sports.io/flags/br.svg,2025,Regular Season - 4,142,Vila Nova,https://media.api-sports.io/football/teams/142.png,True,2618,Botafogo SP,https://media.api-sports.io/football/teams/2618.png,False,2.0,0.0,2.0,0.0,2.0,0.0,,,,,,,
1353294,"Maguielson Lima Barbosa, Brazil",UTC,2025-04-20T21:00:00+00:00,1745182800,1745182800.0,1745186400.0,227.0,Arena Condá,"Chapecó, Santa Catarina",Match Finished,FT,90.0,72,Serie B,Brazil,https://media.api-sports.io/football/leagues/72.png,https://media.api-sports.io/flags/br.svg,2025,Regular Season - 4,132,Chapecoense-sc,https://media.api-sports.io/football/teams/132.png,True,13975,Athletic Club,https://media.api-sports.io/football/teams/13975.png,False,1.0,0.0,0.0,0.0,1.0,0.0,,,,,,,
1353290,"Bruno Arleu de Araujo, Brazil",UTC,2025-04-20T22:00:00+00:00,1745186400,1745186400.0,1745190000.0,,Ligga Arena,Curitiba,Match Finished,FT,90.0,72,Serie B,Brazil,https://media.api-sports.io/football/leagues/72.png,https://media.api-sports.io/flags/br.svg,2025,Regular Season - 4,134,Atletico Paranaense,https://media.api-sports.io/football/teams/134.png,True,146,CRB,https://media.api-sports.io/football/teams/146.png,False,2.0,0.0,1.0,0.0,2.0,0.0,,,,,,,
1353297,"Paulo Schleich Vollkopf, Brazil",UTC,2025-04-20T23:00:00+00:00,1745190000,1745190000.0,1745193600.0,206.0,Estádio Raimundo Sampaio,Belo Horizonte,Match Finished,FT,90.0,72,Serie B,Brazil,https://media.api-sports.io/football/leagues/72.png,https://media.api-sports.io/flags/br.svg,2025,Regular Season - 4,125,America Mineiro,https://media.api-sports.io/football/teams/125.png,True,151,Goias,https://media.api-sports.io/football/teams/151.png,False,1.0,0.0,1.0,0.0,1.0,0.0,,,,,,,
1353296,"Bruno Pereira Vasconcelos, Brazil",UTC,2025-04-21T21:00:00+00:00,1745269200,1745269200.0,1745272800.0,10520.0,Arena da Amazônia,Manaus,Match Finished,FT,90.0,72,Serie B,Brazil,https://media.api-sports.io/football/leagues/72.png,https://media.api-sports.io/flags/br.svg,2025,Regular Season - 4,10862,Amazonas,https://media.api-sports.io/football/teams/10862.png,False,145,Avai,https://media.api-sports.io/football/teams/145.png,True,0.0,2.0,0.0,2.0,0.0,2.0,,,,,,,
1353298,"Bruno Mota Correia, Brazil",UTC,2025-04-21T22:00:00+00:00,1745272800,1745272800.0,1745276400.0,,Estadio Dr. Jorge Ismael de Biasi,Novo Horizonte,Match Finished,FT,90.0,72,Serie B,Brazil,https://media.api-sports.io/football/leagues/72.png,https://media.api-sports.io/flags/br.svg,2025,Regular Season - 4,7834,Novorizontino,https://media.api-sports.io/football/teams/7834.png,,140,Criciuma,https://media.api-sports.io/football/teams/140.png,,1.0,1.0,0.0,1.0,1.0,1.0,,,,,,,
1353293,Lucas Canetto Bellote,UTC,2025-04-22T00:30:00+00:00,1745281800,1745281800.0,1745285400.0,,Estadio Evandro Almeida,Belem,Match Finished,FT,90.0,72,Serie B,Brazil,https://media.api-sports.io/football/leagues/72.png,https://media.api-sports.io/flags/br.svg,2025,Regular Season - 4,1198,remo,https://media.api-sports.io/football/teams/1198.png,True,147,Coritiba,https://media.api-sports.io/football/teams/147.png,False,1.0,0.0,1.0,0.0,1.0,0.0,,,,,,,
1353292,"Lucas Casagrande, Brazil",UTC,2025-04-22T22:30:00+00:00,1745361000,1745361000.0,1745364600.0,211.0,Estadio Serra Dourada,"Goiânia, Goiás",Match Finished,FT,90.0,72,Serie B,Brazil,https://media.api-sports.io/football/leagues/72.png,https://media.api-sports.io/flags/br.svg,2025,Regular Season - 4,144,Atletico Goianiense,https://media.api-sports.io/football/teams/144.png,,1193,Cuiaba,https://media.api-sports.io/football/teams/1193.png,,1.0,1.0,1.0,0.0,1.0,1.0,,,,,,,
1353299,"Marcio dos Santos Oliveira, Brazil",UTC,2025-04-22T23:00:00+00:00,1745362800,1745362800.0,1745366400.0,,Raulino de Oliveira,Rio de Janeiro,Match Finished,FT,90.0,72,Serie B,Brazil,https://media.api-sports.io/football/leagues/72.png,https://media.api-sports.io/flags/br.svg,2025,Regular Season - 4,7814,Volta Redonda,https://media.api-sports.io/football/teams/7814.png,,7826,Ferroviária,https://media.api-sports.io/football/teams/7826.png,,0.0,0.0,0.0,0.0,0.0,0.0,,,,,,,
1353308,Dênis da Silva Ribeiro Serafim,UTC,2025-04-25T00:35:00+00:00,1745541300,1745541300.0,1745544900.0,,Estadio Dr. Jorge Ismael de Biasi,Novo Horizonte,Match Finished,FT,90.0,72,Serie B,Brazil,https://media.api-sports.io/football/leagues/72.png,https://media.api-sports.io/flags/br.svg,2025,Regular Season - 5,7834,Novorizontino,https://media.api-sports.io/football/teams/7834.png,True,134,Atletico Paranaense,https://media.api-sports.io/football/teams/134.png,False,2.0,1.0,1.0,0.0,2.0,1.0,,,,,,,
1353305,"Lucas Paulo Torezin, Brazil",UTC,2025-04-25T22:00:00+00:00,1745618400,1745618400.0,1745622000.0,233.0,Estádio Heriberto Hülse,"Criciúma, Santa Catarina",Match Finished,FT,90.0,72,Serie B,Brazil,https://media.api-sports.io/football/leagues/72.png,https://media.api-sports.io/flags/br.svg,2025,Regular Season - 5,140,Criciuma,https://media.api-sports.io/football/teams/140.png,,1198,remo,https://media.api-sports.io/football/teams/1198.png,,1.0,1.0,0.0,0.0,1.0,1.0,,,,,,,
1353301,João Gobi,UTC,2025-04-26T00:00:00+00:00,1745625600,1745625600.0,1745629200.0,280.0,Estádio Onésio Brasileiro Alvarenga,"Goiânia, Goiás",Match Finished,FT,90.0,72,Serie B,Brazil,https://media.api-sports.io/football/leagues/72.png,https://media.api-sports.io/flags/br.svg,2025,Regular Season - 5,142,Vila Nova,https://media.api-sports.io/football/teams/142.png,True,132,Chapecoense-sc,https://media.api-sports.io/football/teams/132.png,False,1.0,0.0,0.0,0.0,1.0,0.0,,,,,,,
1353300,"Gustavo Ervino Bauermann, Brazil",UTC,2025-04-26T19:00:00+00:00,1745694000,1745694000.0,1745697600.0,230.0,Couto Pereira,Curitiba,Match Finished,FT,90.0,72,Serie B,Brazil,https://media.api-sports.io/football/leagues/72.png,https://media.api-sports.io/flags/br.svg,2025,Regular Season - 5,147,Coritiba,https://media.api-sports.io/football/teams/147.png,True,1223,Operario-PR,https://media.api-sports.io/football/teams/1223.png,False,2.0,0.0,2.0,0.0,2.0,0.0,,,,,,,
1353304,"Yuri Elino Ferreira Da Cruz, Brazil",UTC,2025-04-26T23:00:00+00:00,1745708400,1745708400.0,1745712000.0,,Ressacada,Florianópolis,Match Finished,FT,90.0,72,Serie B,Brazil,https://media.api-sports.io/football/leagues/72.png,https://media.api-sports.io/flags/br.svg,2025,Regular Season - 5,145,Avai,https://media.api-sports.io/football/teams/145.png,True,125,America Mineiro,https://media.api-sports.io/football/teams/125.png,False,3.0,0.0,1.0,0.0,3.0,0.0,,,,,,,
1353307,"Jefferson Ferreira de Moraes, Brazil",UTC,2025-04-27T19:00:00+00:00,1745780400,1745780400.0,1745784000.0,206.0,Estádio Raimundo Sampaio,Minas Gerais,Match Finished,FT,90.0,72,Serie B,Brazil,https://media.api-sports.io/football/leagues/72.png,https://media.api-sports.io/flags/br.svg,2025,Regular Season - 5,13975,Athletic Club,https://media.api-sports.io/football/teams/13975.png,True,7814,Volta Redonda,https://media.api-sports.io/football/teams/7814.png,False,2.0,1.0,1.0,0.0,2.0,1.0,,,,,,,
1353306,"Antonio Dib Moraes de Sousa, Brazil",UTC,2025-04-27T19:30:00+00:00,1745782200,1745782200.0,1745785800.0,20767.0,Estádio Municipal Carlos Zamith,Manaus,Match Finished,FT,90.0,72,Serie B,Brazil,https://media.api-sports.io/football/leagues/72.png,https://media.api-sports.io/flags/br.svg,2025,Regular Season - 5,10862,Amazonas,https://media.api-sports.io/football/teams/10862.png,,144,Atletico Goianiense,https://media.api-sports.io/football/teams/144.png,,1.0,1.0,0.0,1.0,1.0,1.0,,,,,,,
1353303,"Paulo Schleich Vollkopf, Brazil",UTC,2025-04-27T20:00:00+00:00,1745784000,1745784000.0,1745787600.0,,Leonidas Sodre de Castro,Belem,Match Finished,FT,90.0,72,Serie B,Brazil,https://media.api-sports.io/football/leagues/72.png,https://media.api-sports.io/flags/br.svg,2025,Regular Season - 5,149,Paysandu,https://media.api-sports.io/football/teams/149.png,,146,CRB,https://media.api-sports.io/football/teams/146.png,,1.0,1.0,1.0,1.0,1.0,1.0,,,,,,,
1353302,"Fabio Augusto Santos Sa Junior, Brazil",UTC,2025-04-27T22:00:00+00:00,1745791200,1745791200.0,1745794800.0,,Arena Pantanal,Cuiabá,Match Finished,FT,90.0,72,Serie B,Brazil,https://media.api-sports.io/football/leagues/72.png,https://media.api-sports.io/flags/br.svg,2025,Regular Season - 5,1193,Cuiaba,https://media.api-sports.io/football/teams/1193.png,True,7826,Ferroviária,https://media.api-sports.io/football/teams/7826.png,False,1.0,0.0,0.0,0.0,1.0,0.0,,,,,,,
1353309,"Paulo Belence Alves Dos Prazeres Filho, Brazil",UTC,2025-04-28T22:30:00+00:00,1745879400,1745879400.0,1745883000.0,,Estadio Santa Cruz,Ribeirao Preto,Match Finished,FT,90.0,72,Serie B,Brazil,https://media.api-sports.io/football/leagues/72.png,https://media.api-sports.io/flags/br.svg,2025,Regular Season - 5,2618,Botafogo SP,https://media.api-sports.io/football/teams/2618.png,False,151,Goias,https://media.api-sports.io/football/teams/151.png,True,0.0,1.0,0.0,1.0,0.0,1.0,,,,,,,
1353318,Fernando Mendes,UTC,2025-05-03T00:35:00+00:00,1746232500,1746232500.0,1746236100.0,,Estadio Dr. Adhemar de Barros,Sao Paulo,Match Finished,FT,90.0,72,Serie B,Brazil,https://media.api-sports.io/football/leagues/72.png,https://media.api-sports.io/flags/br.svg,2025,Regular Season - 6,7826,Ferroviária,https://media.api-sports.io/football/teams/7826.png,True,147,Coritiba,https://media.api-sports.io/football/teams/147.png,False,2.0,1.0,0.0,1.0,2.0,1.0,,,,,,,
1353313,"Luciano da Silva Miranda Filho, Brazil",UTC,2025-05-03T19:00:00+00:00,1746298800,1746298800.0,1746302400.0,,Estadio Evandro Almeida,Belem,Match Finished,FT,90.0,72,Serie B,Brazil,https://media.api-sports.io/football/leagues/72.png,https://media.api-sports.io/flags/br.svg,2025,Regular Season - 6,1198,remo,https://media.api-sports.io/football/teams/1198.png,True,10862,Amazonas,https://media.api-sports.io/football/teams/10862.png,False,1.0,0.0,1.0,0.0,1.0,0.0,,,,,,,
1353319,"Andre Luiz Skettino Policarpo Bento, Brazil",UTC,2025-05-03T23:30:00+00:00,1746315000,1746315000.0,1746318600.0,,Raulino de Oliveira,Rio de Janeiro,Match Finished,FT,90.0,72,Serie B,Brazil,https://media.api-sports.io/football/leagues/72.png,https://media.api-sports.io/flags/br.svg,2025,Regular Season - 6,7814,Volta Redonda,https://media.api-sports.io/football/teams/7814.png,True,149,Paysandu,https://media.api-sports.io/football/teams/149.png,False,1.0,0.0,0.0,0.0,1.0,0.0,,,,,,,
1353312,"Emerson Ricardo de Almeida Andrade, Brazil",UTC,2025-05-04T19:00:00+00:00,1746385200,1746385200.0,1746388800.0,211.0,Estadio Serra Dourada,"Goiânia, Goiás",Match Finished,FT,90.0,72,Serie B,Brazil,https://media.api-sports.io/football/leagues/72.png,https://media.api-sports.io/flags/br.svg,2025,Regular Season - 6,144,Atletico Goianiense,https://media.api-sports.io/football/teams/144.png,True,7834,Novorizontino,https://media.api-sports.io/football/teams/7834.png,False,1.0,0.0,1.0,0.0,1.0,0.0,,,,,,,
1353314,"Jefferson Ferreira de Moraes, Brazil",UTC,2025-05-04T21:30:00+00:00,1746394200,1746394200.0,1746397800.0,227.0,Arena Condá,"Chapecó, Santa Catarina",Match Finished,FT,90.0,72,Serie B,Brazil,https://media.api-sports.io/football/leagues/72.png,https://media.api-sports.io/flags/br.svg,2025,Regular Season - 6,132,Chapecoense-sc,https://media.api-sports.io/football/teams/132.png,True,140,Criciuma,https://media.api-sports.io/football/teams/140.png,False,2.0,1.0,1.0,1.0,2.0,1.0,,,,,,,
1353310,"Bruno Mota Correia, Brazil",UTC,2025-05-04T21:30:00+00:00,1746394200,1746394200.0,1746397800.0,,Ligga Arena,Curitiba,Match Finished,FT,90.0,72,Serie B,Brazil,https://media.api-sports.io/football/leagues/72.png,https://media.api-sports.io/flags/br.svg,2025,Regular Season - 6,134,Atletico Paranaense,https://media.api-sports.io/football/teams/134.png,False,2618,Botafogo SP,https://media.api-sports.io/football/teams/2618.png,True,1.0,4.0,1.0,2.0,1.0,4.0,,,,,,,
1353315,"Alisson Sidnei Furtado, Brazil",UTC,2025-05-04T23:30:00+00:00,1746401400,1746401400.0,1746405000.0,256.0,Estádio Germano Krüger,Ponta Grossa,Match Finished,FT,90.0,72,Serie B,Brazil,https://media.api-sports.io/football/leagues/72.png,https://media.api-sports.io/flags/br.svg,2025,Regular Season - 6,1223,Operario-PR,https://media.api-sports.io/football/teams/1223.png,True,125,America Mineiro,https://media.api-sports.io/football/teams/125.png,False,1.0,0.0,1.0,0.0,1.0,0.0,,,,,,,
1353311,"Fabio Augusto Santos Sa Junior, Brazil",UTC,2025-05-05T22:00:00+00:00,1746482400,1746482400.0,1746486000.0,240.0,Estadio da Serrinha,Goiania,Match Finished,FT,90.0,72,Serie B,Brazil,https://media.api-sports.io/football/leagues/72.png,https://media.api-sports.io/flags/br.svg,2025,Regular Season - 6,151,Goias,https://media.api-sports.io/football/teams/151.png,True,145,Avai,https://media.api-sports.io/football/teams/145.png,False,2.0,1.0,2.0,1.0,2.0,1.0,,,,,,,
1353316,"Gustavo Ervino Bauermann, Brazil",UTC,2025-05-06T22:30:00+00:00,1746570600,1746570600.0,1746574200.0,232.0,Estádio Rei Pelé,"Maceió, Alagoas",Match Finished,FT,90.0,72,Serie B,Brazil,https://media.api-sports.io/football/leagues/72.png,https://media.api-sports.io/flags/br.svg,2025,Regular Season - 6,146,CRB,https://media.api-sports.io/football/teams/146.png,,1193,Cuiaba,https://media.api-sports.io/football/teams/1193.png,,1.0,1.0,1.0,1.0,1.0,1.0,,,,,,,
1353317,"Savio Pereira Sampaio, Brazil",UTC,2025-05-07T00:30:00+00:00,1746577800,1746577800.0,1746581400.0,206.0,Estádio Raimundo Sampaio,Minas Gerais,Match Finished,FT,90.0,72,Serie B,Brazil,https://media.api-sports.io/football/leagues/72.png,https://media.api-sports.io/flags/br.svg,2025,Regular Season - 6,13975,Athletic Club,https://media.api-sports.io/football/teams/13975.png,False,142,Vila Nova,https://media.api-sports.io/football/teams/142.png,True,0.0,1.0,0.0,0.0,0.0,1.0,,,,,,,
1353320,"Luciano da Silva Miranda Filho, Brazil",UTC,2025-05-09T00:35:00+00:00,1746750900,1746750900.0,1746754500.0,,Ligga Arena,Curitiba,Match Finished,FT,90.0,72,Serie B,Brazil,https://media.api-sports.io/football/leagues/72.png,https://media.api-sports.io/flags/br.svg,2025,Regular Season - 7,134,Atletico Paranaense,https://media.api-sports.io/football/teams/134.png,,132,Chapecoense-sc,https://media.api-sports.io/football/teams/132.png,,1.0,1.0,0.0,0.0,1.0,1.0,,,,,,,
1353324,"Wagner do Nascimento Magalhaes, Brazil",UTC,2025-05-10T19:00:00+00:00,1746903600,1746903600.0,1746907200.0,,Ressacada,Florianópolis,Match Finished,FT,90.0,72,Serie B,Brazil,https://media.api-sports.io/football/leagues/72.png,https://media.api-sports.io/flags/br.svg,2025,Regular Season - 7,145,Avai,https://media.api-sports.io/football/teams/145.png,,144,Atletico Goianiense,https://media.api-sports.io/football/teams/144.png,,0.0,0.0,0.0,0.0,0.0,0.0,,,,,,,
1353321,"Jonathan Benkenstein Pinheiro, Brazil",UTC,2025-05-10T21:30:00+00:00,1746912600,1746912600.0,1746916200.0,240.0,Estadio da Serrinha,Goiania,Match Finished,FT,90.0,72,Serie B,Brazil,https://media.api-sports.io/football/leagues/72.png,https://media.api-sports.io/flags/br.svg,2025,Regular Season - 7,151,Goias,https://media.api-sports.io/football/teams/151.png,True,147,Coritiba,https://media.api-sports.io/football/teams/147.png,False,1.0,0.0,0.0,0.0,1.0,0.0,,,,,,,
1353325,"Edina Alves Batista, Brazil",UTC,2025-05-11T19:00:00+00:00,1746990000,1746990000.0,1746993600.0,233.0,Estádio Heriberto Hülse,"Criciúma, Santa Catarina",Match Finished,FT,90.0,72,Serie B,Brazil,https://media.api-sports.io/football/leagues/72.png,https://media.api-sports.io/flags/br.svg,2025,Regular Season - 7,140,Criciuma,https://media.api-sports.io/football/teams/140.png,,7814,Volta Redonda,https://media.api-sports.io/football/teams/7814.png,,0.0,0.0,0.0,0.0,0.0,0.0,,,,,,,
1353322,"Jefferson Ferreira de Moraes, Brazil",UTC,2025-05-11T21:30:00+00:00,1746999000,1746999000.0,1747002600.0,,Arena Pantanal,Cuiabá,Match Finished,FT,90.0,72,Serie B,Brazil,https://media.api-sports.io/football/leagues/72.png,https://media.api-sports.io/flags/br.svg,2025,Regular Season - 7,1193,Cuiaba,https://media.api-sports.io/football/teams/1193.png,False,1223,Operario-PR,https://media.api-sports.io/football/teams/1223.png,True,2.0,3.0,0.0,2.0,2.0,3.0,,,,,,,
1353328,"Lucas Casagrande, Brazil",UTC,2025-05-11T21:30:00+00:00,1746999000,1746999000.0,1747002600.0,,Estadio Dr. Jorge Ismael de Biasi,Novo Horizonte,Match Finished,FT,90.0,72,Serie B,Brazil,https://media.api-sports.io/football/leagues/72.png,https://media.api-sports.io/flags/br.svg,2025,Regular Season - 7,7834,Novorizontino,https://media.api-sports.io/football/teams/7834.png,,7826,Ferroviária,https://media.api-sports.io/football/teams/7826.png,,2.0,2.0,1.0,1.0,2.0,2.0,,,,,,,
1353329,"Fernando Antonio Mendes de Salles Nascimento Filho, Brazil",UTC,2025-05-12T22:00:00+00:00,1747087200,1747087200.0,1747090800.0,,Estadio Santa Cruz,Ribeirao Preto,Match Finished,FT,90.0,72,Serie B,Brazil,https://media.api-sports.io/football/leagues/72.png,https://media.api-sports.io/flags/br.svg,2025,Regular Season - 7,2618,Botafogo SP,https://media.api-sports.io/football/teams/2618.png,False,13975,Athletic Club,https://media.api-sports.io/football/teams/13975.png,True,0.0,3.0,0.0,2.0,0.0,3.0,,,,,,,
1353326,"Andre Luiz Skettino Policarpo Bento, Brazil",UTC,2025-05-13T00:00:00+00:00,1747094400,1747094400.0,1747098000.0,20767.0,Estádio Municipal Carlos Zamith,Manaus,Match Finished,FT,90.0,72,Serie B,Brazil,https://media.api-sports.io/football/leagues/72.png,https://media.api-sports.io/flags/br.svg,2025,Regular Season - 7,10862,Amazonas,https://media.api-sports.io/football/teams/10862.png,,146,CRB,https://media.api-sports.io/football/teams/146.png,,1.0,1.0,1.0,0.0,1.0,1.0,,,,,,,
1353323,"Bruno Pereira Vasconcelos, Brazil",UTC,2025-05-14T22:00:00+00:00,1747260000,1747260000.0,1747263600.0,,Estadio Evandro Almeida,Belem,Match Finished,FT,90.0,72,Serie B,Brazil,https://media.api-sports.io/football/leagues/72.png,https://media.api-sports.io/flags/br.svg,2025,Regular Season - 7,1198,remo,https://media.api-sports.io/football/teams/1198.png,True,142,Vila Nova,https://media.api-sports.io/football/teams/142.png,False,2.0,0.0,1.0,0.0,2.0,0.0,,,,,,,
1353327,"Paulo Belence Alves Dos Prazeres Filho, Brazil",UTC,2025-05-14T22:30:00+00:00,1747261800,1747261800.0,1747265400.0,206.0,Estádio Raimundo Sampaio,Belo Horizonte,Match Finished,FT,90.0,72,Serie B,Brazil,https://media.api-sports.io/football/leagues/72.png,https://media.api-sports.io/flags/br.svg,2025,Regular Season - 7,125,America Mineiro,https://media.api-sports.io/football/teams/125.png,,149,Paysandu,https://media.api-sports.io/football/teams/149.png,,2.0,2.0,0.0,0.0,2.0,2.0,,,,,,,
1353338,Yuri Elino Ferreira da Cruz,UTC,2025-05-16T00:35:00+00:00,1747355700,1747355700.0,1747359300.0,,Arena Fonte Luminosa,Araraquara,Match Finished,FT,90.0,72,Serie B,Brazil,https://media.api-sports.io/football/leagues/72.png,https://media.api-sports.io/flags/br.svg,2025,Regular Season - 8,7826,Ferroviária,https://media.api-sports.io/football/teams/7826.png,,145,Avai,https://media.api-sports.io/football/teams/145.png,,1.0,1.0,1.0,1.0,1.0,1.0,,,,,,,
1353334,"Lucas Casagrande, Brazil",UTC,2025-05-16T22:00:00+00:00,1747432800,1747432800.0,1747436400.0,227.0,Arena Condá,"Chapecó, Santa Catarina",Match Finished,FT,90.0,72,Serie B,Brazil,https://media.api-sports.io/football/leagues/72.png,https://media.api-sports.io/flags/br.svg,2025,Regular Season - 8,132,Chapecoense-sc,https://media.api-sports.io/football/teams/132.png,True,1193,Cuiaba,https://media.api-sports.io/football/teams/1193.png,False,2.0,1.0,1.0,0.0,2.0,1.0,,,,,,,
1353335,"Vinicius Gomes do Amara, Brazil",UTC,2025-05-17T19:00:00+00:00,1747508400,1747508400.0,1747512000.0,230.0,Estádio Major Antônio Couto Pereira,Ponta Grossa,Match Finished,FT,90.0,72,Serie B,Brazil,https://media.api-sports.io/football/leagues/72.png,https://media.api-sports.io/flags/br.svg,2025,Regular Season - 8,1223,Operario-PR,https://media.api-sports.io/football/teams/1223.png,True,2618,Botafogo SP,https://media.api-sports.io/football/teams/2618.png,False,3.0,0.0,0.0,0.0,3.0,0.0,,,,,,,
1353331,"Lucas Canetto Bellote, Brazil",UTC,2025-05-17T21:30:00+00:00,1747517400,1747517400.0,1747521000.0,280.0,Estádio Onésio Brasileiro Alvarenga,"Goiânia, Goiás",Match Finished,FT,90.0,72,Serie B,Brazil,https://media.api-sports.io/football/leagues/72.png,https://media.api-sports.io/flags/br.svg,2025,Regular Season - 8,142,Vila Nova,https://media.api-sports.io/football/teams/142.png,True,134,Atletico Paranaense,https://media.api-sports.io/football/teams/134.png,False,2.0,1.0,2.0,0.0,2.0,1.0,,,,,,,
1353337,"Kleber Ariel Goncalves da Silva, Brazil",UTC,2025-05-17T23:30:00+00:00,1747524600,1747524600.0,1747528200.0,206.0,Estádio Raimundo Sampaio,Minas Gerais,Match Finished,FT,90.0,72,Serie B,Brazil,https://media.api-sports.io/football/leagues/72.png,https://media.api-sports.io/flags/br.svg,2025,Regular Season - 8,13975,Athletic Club,https://media.api-sports.io/football/teams/13975.png,False,7834,Novorizontino,https://media.api-sports.io/football/teams/7834.png,True,0.0,2.0,0.0,0.0,0.0,2.0,,,,,,,
1353332,"Thaillan Azevedo Gomes, Brazil",UTC,2025-05-18T19:00:00+00:00,1747594800,1747594800.0,1747598400.0,211.0,Estadio Serra Dourada,"Goiânia, Goiás",Match Finished,FT,90.0,72,Serie B,Brazil,https://media.api-sports.io/football/leagues/72.png,https://media.api-sports.io/flags/br.svg,2025,Regular Season - 8,144,Atletico Goianiense,https://media.api-sports.io/football/teams/144.png,,1198,remo,https://media.api-sports.io/football/teams/1198.png,,1.0,1.0,0.0,0.0,1.0,1.0,,,,,,,
1353336,"Alisson Sidnei Furtado, Brazil",UTC,2025-05-18T19:00:00+00:00,1747594800,1747594800.0,1747598400.0,232.0,Estádio Rei Pelé,"Maceió, Alagoas",Match Finished,FT,90.0,72,Serie B,Brazil,https://media.api-sports.io/football/leagues/72.png,https://media.api-sports.io/flags/br.svg,2025,Regular Season - 8,146,CRB,https://media.api-sports.io/football/teams/146.png,True,140,Criciuma,https://media.api-sports.io/football/teams/140.png,False,1.0,0.0,0.0,0.0,1.0,0.0,,,,,,,
1353333,"Marcio dos Santos Oliveira, Brazil",UTC,2025-05-18T21:30:00+00:00,1747603800,1747603800.0,1747607400.0,,Leonidas Sodre de Castro,Belem,Match Finished,FT,90.0,72,Serie B,Brazil,https://media.api-sports.io/football/leagues/72.png,https://media.api-sports.io/flags/br.svg,2025,Regular Season - 8,149,Paysandu,https://media.api-sports.io/football/teams/149.png,,151,Goias,https://media.api-sports.io/football/teams/151.png,,0.0,0.0,0.0,0.0,0.0,0.0,,,,,,,
1353339,"Luciano da Silva Miranda Filho, Brazil",UTC,2025-05-19T22:00:00+00:00,1747692000,1747692000.0,1747695600.0,,Raulino de Oliveira,Rio de Janeiro,Match Finished,FT,90.0,72,Serie B,Brazil,https://media.api-sports.io/football/leagues/72.png,https://media.api-sports.io/flags/br.svg,2025,Regular Season - 8,7814,Volta Redonda,https://media.api-sports.io/football/teams/7814.png,,10862,Amazonas,https://media.api-sports.io/football/teams/10862.png,,1.0,1.0,0.0,1.0,1.0,1.0,,,,,,,
1353330,"Alex Gomes Stefano, Brazil",UTC,2025-05-20T00:35:00+00:00,1747701300,1747701300.0,1747704900.0,230.0,Couto Pereira,Curitiba,Match Finished,FT,90.0,72,Serie B,Brazil,https://media.api-sports.io/football/leagues/72.png,https://media.api-sports.io/flags/br.svg,2025,Regular Season - 8,147,Coritiba,https://media.api-sports.io/football/teams/147.png,True,125,America Mineiro,https://media.api-sports.io/football/teams/125.png,False,1.0,0.0,1.0,0.0,1.0,0.0,,,,,,,
1353341,"Alisson Sidnei Furtado, Brazil",UTC,2025-05-24T00:35:00+00:00,1748046900,1748046900.0,1748050500.0,240.0,Estadio da Serrinha,Goiania,Match Finished,FT,90.0,72,Serie B,Brazil,https://media.api-sports.io/football/leagues/72.png,https://media.api-sports.io/flags/br.svg,2025,Regular Season - 9,151,Goias,https://media.api-sports.io/football/teams/151.png,True,7826,Ferroviária,https://media.api-sports.io/football/teams/7826.png,False,2.0,0.0,1.0,0.0,2.0,0.0,,,,,,,
1353340,"Lucas Guimarães Rechatiko Horn, Brazil",UTC,2025-05-24T19:00:00+00:00,1748113200,1748113200.0,1748116800.0,,Ligga Arena,Curitiba,Match Finished,FT,90.0,72,Serie B,Brazil,https://media.api-sports.io/football/leagues/72.png,https://media.api-sports.io/flags/br.svg,2025,Regular Season - 9,134,Atletico Paranaense,https://media.api-sports.io/football/teams/134.png,True,13975,Athletic Club,https://media.api-sports.io/football/teams/13975.png,False,1.0,0.0,0.0,0.0,1.0,0.0,,,,,,,
1353343,"Jefferson Ferreira de Moraes, Brazil",UTC,2025-05-24T21:00:00+00:00,1748120400,1748120400.0,1748124000.0,,Estadio Evandro Almeida,Belem,Match Finished,FT,90.0,72,Serie B,Brazil,https://media.api-sports.io/football/leagues/72.png,https://media.api-sports.io/flags/br.svg,2025,Regular Season - 9,1198,remo,https://media.api-sports.io/football/teams/1198.png,,7814,Volta Redonda,https://media.api-sports.io/football/teams/7814.png,,1.0,1.0,1.0,1.0,1.0,1.0,,,,,,,
1353344,"Raphael Claus, Brazil",UTC,2025-05-24T21:30:00+00:00,1748122200,1748122200.0,1748125800.0,,Ressacada,Florianópolis,Match Finished,FT,90.0,72,Serie B,Brazil,https://media.api-sports.io/football/leagues/72.png,https://media.api-sports.io/flags/br.svg,2025,Regular Season - 9,145,Avai,https://media.api-sports.io/football/teams/145.png,True,132,Chapecoense-sc,https://media.api-sports.io/football/teams/132.png,False,2.0,1.0,0.0,0.0,2.0,1.0,,,,,,,
1353348,"Fabio Augusto Santos Sa Junior, Brazil",UTC,2025-05-25T19:00:00+00:00,1748199600,1748199600.0,1748203200.0,,Estadio Dr. Jorge Ismael de Biasi,Novo Horizonte,Match Finished,FT,90.0,72,Serie B,Brazil,https://media.api-sports.io/football/leagues/72.png,https://media.api-sports.io/flags/br.svg,2025,Regular Season - 9,7834,Novorizontino,https://media.api-sports.io/football/teams/7834.png,True,149,Paysandu,https://media.api-sports.io/football/teams/149.png,False,3.0,1.0,1.0,1.0,3.0,1.0,,,,,,,
1353346,"Marcio dos Santos Oliveira, Brazil",UTC,2025-05-25T21:30:00+00:00,1748208600,1748208600.0,1748212200.0,20767.0,Estádio Municipal Carlos Zamith,Manaus,Match Finished,FT,90.0,72,Serie B,Brazil,https://media.api-sports.io/football/leagues/72.png,https://media.api-sports.io/flags/br.svg,2025,Regular Season - 9,10862,Amazonas,https://media.api-sports.io/football/teams/10862.png,True,1223,Operario-PR,https://media.api-sports.io/football/teams/1223.png,False,2.0,0.0,0.0,0.0,2.0,0.0,,,,,,,
1353345,"Paulo Schleich Vollkopf, Brazil",UTC,2025-05-26T22:00:00+00:00,1748296800,1748296800.0,1748300400.0,233.0,Estádio Heriberto Hülse,"Criciúma, Santa Catarina",Match Finished,FT,90.0,72,Serie B,Brazil,https://media.api-sports.io/football/leagues/72.png,https://media.api-sports.io/flags/br.svg,2025,Regular Season - 9,140,Criciuma,https://media.api-sports.io/football/teams/140.png,False,147,Coritiba,https://media.api-sports.io/football/teams/147.png,True,0.0,1.0,0.0,0.0,0.0,1.0,,,,,,,
1353349,"Afro Rocha De Carvalho Filho, Brazil",UTC,2025-05-26T23:00:00+00:00,1748300400,1748300400.0,1748304000.0,,Estadio Santa Cruz,Ribeirao Preto,Match Finished,FT,90.0,72,Serie B,Brazil,https://media.api-sports.io/football/leagues/72.png,https://media.api-sports.io/flags/br.svg,2025,Regular Season - 9,2618,Botafogo SP,https://media.api-sports.io/football/teams/2618.png,True,146,CRB,https://media.api-sports.io/football/teams/146.png,False,2.0,1.0,1.0,0.0,2.0,1.0,,,,,,,
1353342,Fernando Mendes,UTC,2025-05-27T00:00:00+00:00,1748304000,1748304000.0,1748307600.0,,Arena Pantanal,,Match Finished,FT,90.0,72,Serie B,Brazil,https://media.api-sports.io/football/leagues/72.png,https://media.api-sports.io/flags/br.svg,2025,Regular Season - 9,1193,Cuiaba,https://media.api-sports.io/football/teams/1193.png,True,142,Vila Nova,https://media.api-sports.io/football/teams/142.png,False,1.0,0.0,1.0,0.0,1.0,0.0,,,,,,,
1353347,"Lucas Canetto Bellote, Brazil",UTC,2025-05-27T22:30:00+00:00,1748385000,1748385000.0,1748388600.0,206.0,Estádio Raimundo Sampaio,Belo Horizonte,Match Finished,FT,90.0,72,Serie B,Brazil,https://media.api-sports.io/football/leagues/72.png,https://media.api-sports.io/flags/br.svg,2025,Regular Season - 9,125,America Mineiro,https://media.api-sports.io/football/teams/125.png,True,144,Atletico Goianiense,https://media.api-sports.io/football/teams/144.png,False,2.0,1.0,2.0,1.0,2.0,1.0,,,,,,,
1353358,"Matheus Delgado Candançan, Brazil",UTC,2025-05-30T00:35:00+00:00,1748565300,1748565300.0,1748568900.0,,Estadio Dr. Adhemar de Barros,Sao Paulo,Match Finished,FT,90.0,72,Serie B,Brazil,https://media.api-sports.io/football/leagues/72.png,https://media.api-sports.io/flags/br.svg,2025,Regular Season - 10,7826,Ferroviária,https://media.api-sports.io/football/teams/7826.png,,2618,Botafogo SP,https://media.api-sports.io/football/teams/2618.png,,1.0,1.0,1.0,0.0,1.0,1.0,,,,,,,
1353351,"Paulo Belence Alves Dos Prazeres Filho, Brazil",UTC,2025-05-30T22:00:00+00:00,1748642400,1748642400.0,1748646000.0,280.0,Estádio Onésio Brasileiro Alvarenga,"Goiânia, Goiás",Match Finished,FT,90.0,72,Serie B,Brazil,https://media.api-sports.io/football/leagues/72.png,https://media.api-sports.io/flags/br.svg,2025,Regular Season - 10,142,Vila Nova,https://media.api-sports.io/football/teams/142.png,False,7834,Novorizontino,https://media.api-sports.io/football/teams/7834.png,True,0.0,1.0,0.0,1.0,0.0,1.0,,,,,,,
1353350,"Bruno Pereira Vasconcelos, Brazil",UTC,2025-05-31T19:00:00+00:00,1748718000,1748718000.0,1748721600.0,230.0,Couto Pereira,Curitiba,Match Finished,FT,90.0,72,Serie B,Brazil,https://media.api-sports.io/football/leagues/72.png,https://media.api-sports.io/flags/br.svg,2025,Regular Season - 10,147,Coritiba,https://media.api-sports.io/football/teams/147.png,True,145,Avai,https://media.api-sports.io/football/teams/145.png,False,2.0,1.0,1.0,0.0,2.0,1.0,,,,,,,
1353352,"Flavio Rodrigues De Souza, Brazil",UTC,2025-05-31T21:30:00+00:00,1748727000,1748727000.0,1748730600.0,211.0,Estadio Serra Dourada,"Goiânia, Goiás",Match Finished,FT,90.0,72,Serie B,Brazil,https://media.api-sports.io/football/leagues/72.png,https://media.api-sports.io/flags/br.svg,2025,Regular Season - 10,144,Atletico Goianiense,https://media.api-sports.io/football/teams/144.png,False,151,Goias,https://media.api-sports.io/football/teams/151.png,True,1.0,2.0,1.0,2.0,1.0,2.0,,,,,,,
1353357,"Wagner do Nascimento Magalhaes, Brazil",UTC,2025-05-31T23:30:00+00:00,1748734200,1748734200.0,1748737800.0,206.0,Estádio Raimundo Sampaio,Minas Gerais,Match Finished,FT,90.0,72,Serie B,Brazil,https://media.api-sports.io/football/leagues/72.png,https://media.api-sports.io/flags/br.svg,2025,Regular Season - 10,13975,Athletic Club,https://media.api-sports.io/football/teams/13975.png,False,1193,Cuiaba,https://media.api-sports.io/football/teams/1193.png,True,0.0,2.0,0.0,1.0,0.0,2.0,,,,,,,
1353355,"Yuri Elino Ferreira Da Cruz, Brazil",UTC,2025-06-01T19:00:00+00:00,1748804400,1748804400.0,1748808000.0,256.0,Estádio Germano Krüger,Ponta Grossa,Match Finished,FT,90.0,72,Serie B,Brazil,https://media.api-sports.io/football/leagues/72.png,https://media.api-sports.io/flags/br.svg,2025,Regular Season - 10,1223,Operario-PR,https://media.api-sports.io/football/teams/1223.png,,134,Atletico Paranaense,https://media.api-sports.io/football/teams/134.png,,2.0,2.0,2.0,1.0,2.0,2.0,,,,,,,
1353356,"Arthur Gomes Rabelo, Brazil",UTC,2025-06-01T21:00:00+00:00,1748811600,1748811600.0,1748815200.0,232.0,Estádio Rei Pelé,"Maceió, Alagoas",Match Finished,FT,90.0,72,Serie B,Brazil,https://media.api-sports.io/football/leagues/72.png,https://media.api-sports.io/flags/br.svg,2025,Regular Season - 10,146,CRB,https://media.api-sports.io/football/teams/146.png,True,1198,remo,https://media.api-sports.io/football/teams/1198.png,False,2.0,0.0,1.0,0.0,2.0,0.0,,,,,,,
1353359,"Savio Pereira Sampaio, Brazil",UTC,2025-06-01T23:30:00+00:00,1748820600,1748820600.0,1748824200.0,,Raulino de Oliveira,Rio de Janeiro,Match Finished,FT,90.0,72,Serie B,Brazil,https://media.api-sports.io/football/leagues/72.png,https://media.api-sports.io/flags/br.svg,2025,Regular Season - 10,7814,Volta Redonda,https://media.api-sports.io/football/teams/7814.png,True,125,America Mineiro,https://media.api-sports.io/football/teams/125.png,False,1.0,0.0,0.0,0.0,1.0,0.0,,,,,,,
1353354,"Daiane Caroline Muniz Dos Santos, Brazil",UTC,2025-06-02T22:00:00+00:00,1748901600,1748901600.0,1748905200.0,227.0,Arena Condá,"Chapecó, Santa Catarina",Match Finished,FT,90.0,72,Serie B,Brazil,https://media.api-sports.io/football/leagues/72.png,https://media.api-sports.io/flags/br.svg,2025,Regular Season - 10,132,Chapecoense-sc,https://media.api-sports.io/football/teams/132.png,True,10862,Amazonas,https://media.api-sports.io/football/teams/10862.png,False,4.0,0.0,2.0,0.0,4.0,0.0,,,,,,,
1353353,"Andre Luiz Skettino Policarpo Bento, Brazil",UTC,2025-06-03T00:00:00+00:00,1748908800,1748908800.0,1748912400.0,,Leonidas Sodre de Castro,Belem,Match Finished,FT,90.0,72,Serie B,Brazil,https://media.api-sports.io/football/leagues/72.png,https://media.api-sports.io/flags/br.svg,2025,Regular Season - 10,149,Paysandu,https://media.api-sports.io/football/teams/149.png,False,140,Criciuma,https://media.api-sports.io/football/teams/140.png,True,0.0,1.0,0.0,0.0,0.0,1.0,,,,,,,
1353369,"Luciano da Silva Miranda Filho, Brazil",UTC,2025-06-05T21:00:00+00:00,1749157200,1749157200.0,1749160800.0,,Estadio Santa Cruz,Ribeirao Preto,Match Finished,FT,90.0,72,Serie B,Brazil,https://media.api-sports.io/football/leagues/72.png,https://media.api-sports.io/flags/br.svg,2025,Regular Season - 11,2618,Botafogo SP,https://media.api-sports.io/football/teams/2618.png,,147,Coritiba,https://media.api-sports.io/football/teams/147.png,,0.0,0.0,0.0,0.0,0.0,0.0,,,,,,,
1353368,"Bruno Pereira Vasconcelos, Brazil",UTC,2025-06-06T22:00:00+00:00,1749247200,1749247200.0,1749250800.0,,Estadio Dr. Jorge Ismael de Biasi,Novo Horizonte,Match Finished,FT,90.0,72,Serie B,Brazil,https://media.api-sports.io/football/leagues/72.png,https://media.api-sports.io/flags/br.svg,2025,Regular Season - 11,7834,Novorizontino,https://media.api-sports.io/football/teams/7834.png,True,132,Chapecoense-sc,https://media.api-sports.io/football/teams/132.png,False,1.0,0.0,0.0,0.0,1.0,0.0,,,,,,,
1353362,Marcello Rudá Neves Ramos da Costa,UTC,2025-06-07T00:35:00+00:00,1749256500,1749256500.0,1749260100.0,,Arena Pantanal,,Match Finished,FT,90.0,72,Serie B,Brazil,https://media.api-sports.io/football/leagues/72.png,https://media.api-sports.io/flags/br.svg,2025,Regular Season - 11,1193,Cuiaba,https://media.api-sports.io/football/teams/1193.png,True,149,Paysandu,https://media.api-sports.io/football/teams/149.png,False,1.0,0.0,0.0,0.0,1.0,0.0,,,,,,,
1353367,"Marcio dos Santos Oliveira, Brazil",UTC,2025-06-07T19:00:00+00:00,1749322800,1749322800.0,1749326400.0,206.0,Estádio Raimundo Sampaio,Belo Horizonte,Match Finished,FT,90.0,72,Serie B,Brazil,https://media.api-sports.io/football/leagues/72.png,https://media.api-sports.io/flags/br.svg,2025,Regular Season - 11,125,America Mineiro,https://media.api-sports.io/football/teams/125.png,False,7826,Ferroviária,https://media.api-sports.io/football/teams/7826.png,True,1.0,2.0,1.0,0.0,1.0,2.0,,,,,,,
1353364,"Jefferson Ferreira de Moraes, Brazil",UTC,2025-06-07T23:30:00+00:00,1749339000,1749339000.0,1749342600.0,,Ressacada,Florianópolis,Match Finished,FT,90.0,72,Serie B,Brazil,https://media.api-sports.io/football/leagues/72.png,https://media.api-sports.io/flags/br.svg,2025,Regular Season - 11,145,Avai,https://media.api-sports.io/football/teams/145.png,True,146,CRB,https://media.api-sports.io/football/teams/146.png,False,1.0,0.0,0.0,0.0,1.0,0.0,,,,,,,
1353361,"Maguielson Lima Barbosa, Brazil",UTC,2025-06-08T19:00:00+00:00,1749409200,1749409200.0,1749412800.0,240.0,Estadio da Serrinha,Goiania,Match Finished,FT,90.0,72,Serie B,Brazil,https://media.api-sports.io/football/leagues/72.png,https://media.api-sports.io/flags/br.svg,2025,Regular Season - 11,151,Goias,https://media.api-sports.io/football/teams/151.png,True,7814,Volta Redonda,https://media.api-sports.io/football/teams/7814.png,False,2.0,0.0,1.0,0.0,2.0,0.0,,,,,,,
1353360,"Afro Rocha De Carvalho Filho, Brazil",UTC,2025-06-08T21:00:00+00:00,1749416400,1749416400.0,1749420000.0,,Ligga Arena,Curitiba,Match Finished,FT,90.0,72,Serie B,Brazil,https://media.api-sports.io/football/leagues/72.png,https://media.api-sports.io/flags/br.svg,2025,Regular Season - 11,134,Atletico Paranaense,https://media.api-sports.io/football/teams/134.png,False,144,Atletico Goianiense,https://media.api-sports.io/football/teams/144.png,True,0.0,1.0,0.0,1.0,0.0,1.0,,,,,,,
1353363,"Andre Luiz Skettino Policarpo Bento, Brazil",UTC,2025-06-08T22:00:00+00:00,1749420000,1749420000.0,1749423600.0,,Estadio Olimpico do Para,Belem,Match Finished,FT,90.0,72,Serie B,Brazil,https://media.api-sports.io/football/leagues/72.png,https://media.api-sports.io/flags/br.svg,2025,Regular Season - 11,1198,remo,https://media.api-sports.io/football/teams/1198.png,True,1223,Operario-PR,https://media.api-sports.io/football/teams/1223.png,False,2.0,1.0,0.0,0.0,2.0,1.0,,,,,,,
1353365,"Jonathan Benkenstein Pinheiro, Brazil",UTC,2025-06-09T22:00:00+00:00,1749506400,1749506400.0,1749510000.0,233.0,Estádio Heriberto Hülse,"Criciúma, Santa Catarina",Match Finished,FT,90.0,72,Serie B,Brazil,https://media.api-sports.io/football/leagues/72.png,https://media.api-sports.io/flags/br.svg,2025,Regular Season - 11,140,Criciuma,https://media.api-sports.io/football/teams/140.png,True,142,Vila Nova,https://media.api-sports.io/football/teams/142.png,False,1.0,0.0,0.0,0.0,1.0,0.0,,,,,,,
1353366,"Bruno Mota Correia, Brazil",UTC,2025-06-09T22:30:00+00:00,1749508200,1749508200.0,1749511800.0,20767.0,Estádio Municipal Carlos Zamith,Manaus,Match Finished,FT,90.0,72,Serie B,Brazil,https://media.api-sports.io/football/leagues/72.png,https://media.api-sports.io/flags/br.svg,2025,Regular Season - 11,10862,Amazonas,https://media.api-sports.io/football/teams/10862.png,True,13975,Athletic Club,https://media.api-sports.io/football/teams/13975.png,False,1.0,0.0,0.0,0.0,1.0,0.0,,,,,,,
1353371,"Edina Alves Batista, Brazil",UTC,2025-06-13T22:00:00+00:00,1749852000,1749852000.0,1749855600.0,280.0,Estádio Onésio Brasileiro Alvarenga,"Goiânia, Goiás",Match Finished,FT,90.0,72,Serie B,Brazil,https://media.api-sports.io/football/leagues/72.png,https://media.api-sports.io/flags/br.svg,2025,Regular Season - 12,142,Vila Nova,https://media.api-sports.io/football/teams/142.png,False,125,America Mineiro,https://media.api-sports.io/football/teams/125.png,True,0.0,3.0,0.0,0.0,0.0,3.0,,,,,,,
1353373,"Alexandre Vargas Tavares de Jesus, Brazil",UTC,2025-06-14T00:35:00+00:00,1749861300,1749861300.0,1749864900.0,,Leonidas Sodre de Castro,Belem,Match Finished,FT,90.0,72,Serie B,Brazil,https://media.api-sports.io/football/leagues/72.png,https://media.api-sports.io/flags/br.svg,2025,Regular Season - 12,149,Paysandu,https://media.api-sports.io/football/teams/149.png,True,2618,Botafogo SP,https://media.api-sports.io/football/teams/2618.png,False,1.0,0.0,0.0,0.0,1.0,0.0,,,,,,,
1353376,"Fernando Antonio Mendes de Salles Nascimento Filho, Brazil",UTC,2025-06-14T19:00:00+00:00,1749927600,1749927600.0,1749931200.0,232.0,Estádio Rei Pelé,"Maceió, Alagoas",Match Finished,FT,90.0,72,Serie B,Brazil,https://media.api-sports.io/football/leagues/72.png,https://media.api-sports.io/flags/br.svg,2025,Regular Season - 12,146,CRB,https://media.api-sports.io/football/teams/146.png,True,151,Goias,https://media.api-sports.io/football/teams/151.png,False,2.0,0.0,1.0,0.0,2.0,0.0,,,,,,,
1353370,"Savio Pereira Sampaio, Brazil",UTC,2025-06-14T21:30:00+00:00,1749936600,1749936600.0,1749940200.0,,Ligga Arena,Curitiba,Match Finished,FT,90.0,72,Serie B,Brazil,https://media.api-sports.io/football/leagues/72.png,https://media.api-sports.io/flags/br.svg,2025,Regular Season - 12,134,Atletico Paranaense,https://media.api-sports.io/football/teams/134.png,True,1198,remo,https://media.api-sports.io/football/teams/1198.png,False,2.0,1.0,0.0,1.0,2.0,1.0,,,,,,,
1353377,"Paulo Schleich Vollkopf, Brazil",UTC,2025-06-14T23:30:00+00:00,1749943800,1749943800.0,1749947400.0,10545.0,Estádio Joaquim Portugal,Minas Gerais,Match Finished,FT,90.0,72,Serie B,Brazil,https://media.api-sports.io/football/leagues/72.png,https://media.api-sports.io/flags/br.svg,2025,Regular Season - 12,13975,Athletic Club,https://media.api-sports.io/football/teams/13975.png,True,1223,Operario-PR,https://media.api-sports.io/football/teams/1223.png,False,2.0,1.0,1.0,1.0,2.0,1.0,,,,,,,
1353372,"Yuri Elino Ferreira Da Cruz, Brazil",UTC,2025-06-15T19:00:00+00:00,1750014000,1750014000.0,1750017600.0,211.0,Estadio Serra Dourada,"Goiânia, Goiás",Match Finished,FT,90.0,72,Serie B,Brazil,https://media.api-sports.io/football/leagues/72.png,https://media.api-sports.io/flags/br.svg,2025,Regular Season - 12,144,Atletico Goianiense,https://media.api-sports.io/football/teams/144.png,,147,Coritiba,https://media.api-sports.io/football/teams/147.png,,0.0,0.0,0.0,0.0,0.0,0.0,,,,,,,
1353378,"Jose Mendonca da Silva Junior, Brazil",UTC,2025-06-15T19:00:00+00:00,1750014000,1750014000.0,1750017600.0,,Estadio Dr. Jorge Ismael de Biasi,Novo Horizonte,Match Finished,FT,90.0,72,Serie B,Brazil,https://media.api-sports.io/football/leagues/72.png,https://media.api-sports.io/flags/br.svg,2025,Regular Season - 12,7834,Novorizontino,https://media.api-sports.io/football/teams/7834.png,True,1193,Cuiaba,https://media.api-sports.io/football/teams/1193.png,False,3.0,0.0,1.0,0.0,3.0,0.0,,,,,,,
1353375,"Jose Mendonca da Silva Junior, Brazil",UTC,2025-06-15T23:30:00+00:00,1750030200,1750030200.0,1750033800.0,233.0,Estádio Heriberto Hülse,"Criciúma, Santa Catarina",Match Finished,FT,90.0,72,Serie B,Brazil,https://media.api-sports.io/football/leagues/72.png,https://media.api-sports.io/flags/br.svg,2025,Regular Season - 12,140,Criciuma,https://media.api-sports.io/football/teams/140.png,True,10862,Amazonas,https://media.api-sports.io/football/teams/10862.png,False,3.0,2.0,1.0,1.0,3.0,2.0,,,,,,,
1353374,"Andre Luiz Skettino Policarpo Bento, Brazil",UTC,2025-06-16T22:00:00+00:00,1750111200,1750111200.0,1750114800.0,227.0,Arena Condá,"Chapecó, Santa Catarina",Match Finished,FT,90.0,72,Serie B,Brazil,https://media.api-sports.io/football/leagues/72.png,https://media.api-sports.io/flags/br.svg,2025,Regular Season - 12,132,Chapecoense-sc,https://media.api-sports.io/football/teams/132.png,True,7826,Ferroviária,https://media.api-sports.io/football/teams/7826.png,False,2.0,1.0,1.0,0.0,2.0,1.0,,,,,,,
1353379,"Paulo Belence Alves Dos Prazeres Filho, Brazil",UTC,2025-06-17T22:30:00+00:00,1750199400,1750199400.0,1750203000.0,,Raulino de Oliveira,Rio de Janeiro,Match Finished,FT,90.0,72,Serie B,Brazil,https://media.api-sports.io/football/leagues/72.png,https://media.api-sports.io/flags/br.svg,2025,Regular Season - 12,7814,Volta Redonda,https://media.api-sports.io/football/teams/7814.png,,145,Avai,https://media.api-sports.io/football/teams/145.png,,1.0,1.0,0.0,1.0,1.0,1.0,,,,,,,
1353389,"Arthur Gomes Rabelo, Brazil",UTC,2025-06-20T22:00:00+00:00,1750456800,1750456800.0,1750460400.0,,Estadio Santa Cruz,Ribeirao Preto,Match Finished,FT,90.0,72,Serie B,Brazil,https://media.api-sports.io/football/leagues/72.png,https://media.api-sports.io/flags/br.svg,2025,Regular Season - 13,2618,Botafogo SP,https://media.api-sports.io/football/teams/2618.png,True,132,Chapecoense-sc,https://media.api-sports.io/football/teams/132.png,False,1.0,0.0,0.0,0.0,1.0,0.0,,,,,,,
1353387,"Bruno Pereira Vasconcelos, Brazil",UTC,2025-06-21T00:35:00+00:00,1750466100,1750466100.0,1750469700.0,206.0,Estádio Raimundo Sampaio,Belo Horizonte,Match Finished,FT,90.0,72,Serie B,Brazil,https://media.api-sports.io/football/leagues/72.png,https://media.api-sports.io/flags/br.svg,2025,Regular Season - 13,125,America Mineiro,https://media.api-sports.io/football/teams/125.png,,140,Criciuma,https://media.api-sports.io/football/teams/140.png,,1.0,1.0,1.0,1.0,1.0,1.0,,,,,,,
1353384,"Joao Vitor Gobi, Brazil",UTC,2025-06-21T19:00:00+00:00,1750532400,1750532400.0,1750536000.0,,Ressacada,Florianópolis,Match Finished,FT,90.0,72,Serie B,Brazil,https://media.api-sports.io/football/leagues/72.png,https://media.api-sports.io/flags/br.svg,2025,Regular Season - 13,145,Avai,https://media.api-sports.io/football/teams/145.png,False,134,Atletico Paranaense,https://media.api-sports.io/football/teams/134.png,True,1.0,2.0,0.0,1.0,1.0,2.0,,,,,,,
1353383,"Rafael Rodrigo Klein, Brazil",UTC,2025-06-21T21:30:00+00:00,1750541400,1750541400.0,1750545000.0,,Estadio Evandro Almeida,Belem,Match Finished,FT,90.0,72,Serie B,Brazil,https://media.api-sports.io/football/leagues/72.png,https://media.api-sports.io/flags/br.svg,2025,Regular Season - 13,1198,remo,https://media.api-sports.io/football/teams/1198.png,False,149,Paysandu,https://media.api-sports.io/football/teams/149.png,True,0.0,1.0,0.0,0.0,0.0,1.0,,,,,,,
1353388,"Luciano da Silva Miranda Filho, Brazil",UTC,2025-06-21T23:30:00+00:00,1750548600,1750548600.0,1750552200.0,,Arena Fonte Luminosa,Araraquara,Match Finished,FT,90.0,72,Serie B,Brazil,https://media.api-sports.io/football/leagues/72.png,https://media.api-sports.io/flags/br.svg,2025,Regular Season - 13,7826,Ferroviária,https://media.api-sports.io/football/teams/7826.png,True,146,CRB,https://media.api-sports.io/football/teams/146.png,False,1.0,0.0,1.0,0.0,1.0,0.0,,,,,,,
1353382,"Daiane Caroline Muniz Dos Santos, Brazil",UTC,2025-06-22T19:00:00+00:00,1750618800,1750618800.0,1750622400.0,211.0,Estadio Serra Dourada,"Goiânia, Goiás",Match Finished,FT,90.0,72,Serie B,Brazil,https://media.api-sports.io/football/leagues/72.png,https://media.api-sports.io/flags/br.svg,2025,Regular Season - 13,144,Atletico Goianiense,https://media.api-sports.io/football/teams/144.png,True,7814,Volta Redonda,https://media.api-sports.io/football/teams/7814.png,False,2.0,0.0,0.0,0.0,2.0,0.0,,,,,,,
1353380,"Anderson Daronco, Brazil",UTC,2025-06-22T19:00:00+00:00,1750618800,1750618800.0,1750622400.0,230.0,Couto Pereira,Curitiba,Match Finished,FT,90.0,72,Serie B,Brazil,https://media.api-sports.io/football/leagues/72.png,https://media.api-sports.io/flags/br.svg,2025,Regular Season - 13,147,Coritiba,https://media.api-sports.io/football/teams/147.png,True,1193,Cuiaba,https://media.api-sports.io/football/teams/1193.png,False,2.0,0.0,0.0,0.0,2.0,0.0,,,,,,,
1353386,"Kleber Ariel Goncalves da Silva, Brazil",UTC,2025-06-22T21:00:00+00:00,1750626000,1750626000.0,1750629600.0,20767.0,Estádio Municipal Carlos Zamith,Manaus,Match Finished,FT,90.0,72,Serie B,Brazil,https://media.api-sports.io/football/leagues/72.png,https://media.api-sports.io/flags/br.svg,2025,Regular Season - 13,10862,Amazonas,https://media.api-sports.io/football/teams/10862.png,True,142,Vila Nova,https://media.api-sports.io/football/teams/142.png,False,2.0,1.0,1.0,1.0,2.0,1.0,,,,,,,
1353385,"Fernando Antonio Mendes de Salles Nascimento Filho, Brazil",UTC,2025-06-23T22:00:00+00:00,1750716000,1750716000.0,1750719600.0,256.0,Estádio Germano Krüger,Ponta Grossa,Match Finished,FT,90.0,72,Serie B,Brazil,https://media.api-sports.io/football/leagues/72.png,https://media.api-sports.io/flags/br.svg,2025,Regular Season - 13,1223,Operario-PR,https://media.api-sports.io/football/teams/1223.png,True,7834,Novorizontino,https://media.api-sports.io/football/teams/7834.png,False,2.0,0.0,1.0,0.0,2.0,0.0,,,,,,,
1353381,"Alexandre Vargas Tavares de Jesus, Brazil",UTC,2025-06-24T00:00:00+00:00,1750723200,1750723200.0,1750726800.0,240.0,Estadio da Serrinha,Goiania,Match Finished,FT,90.0,72,Serie B,Brazil,https://media.api-sports.io/football/leagues/72.png,https://media.api-sports.io/flags/br.svg,2025,Regular Season - 13,151,Goias,https://media.api-sports.io/football/teams/151.png,False,13975,Athletic Club,https://media.api-sports.io/football/teams/13975.png,True,1.0,2.0,0.0,1.0,1.0,2.0,,,,,,,
1353396,Jonathan Benkenstein Pinheiro,UTC,2025-06-27T00:35:00+00:00,1750984500,1750984500.0,1750988100.0,232.0,Estádio Rei Pelé,"Maceió, Alagoas",Match Finished,FT,90.0,72,Serie B,Brazil,https://media.api-sports.io/football/leagues/72.png,https://media.api-sports.io/flags/br.svg,2025,Regular Season - 14,146,CRB,https://media.api-sports.io/football/teams/146.png,False,125,America Mineiro,https://media.api-sports.io/football/teams/125.png,True,1.0,2.0,1.0,1.0,1.0,2.0,,,,,,,
1353395,"Bruno Arleu de Araujo, Brazil",UTC,2025-06-27T23:30:00+00:00,1751067000,1751067000.0,1751070600.0,233.0,Estádio Heriberto Hülse,"Criciúma, Santa Catarina",Match Finished,FT,90.0,72,Serie B,Brazil,https://media.api-sports.io/football/leagues/72.png,https://media.api-sports.io/flags/br.svg,2025,Regular Season - 14,140,Criciuma,https://media.api-sports.io/football/teams/140.png,False,145,Avai,https://media.api-sports.io/football/teams/145.png,True,1.0,2.0,1.0,1.0,1.0,2.0,,,,,,,
1353391,"Rodrigo Jose Pereira de Lima, Brazil",UTC,2025-06-28T19:00:00+00:00,1751137200,1751137200.0,1751140800.0,280.0,Estádio Onésio Brasileiro Alvarenga,"Goiânia, Goiás",Match Finished,FT,90.0,72,Serie B,Brazil,https://media.api-sports.io/football/leagues/72.png,https://media.api-sports.io/flags/br.svg,2025,Regular Season - 14,142,Vila Nova,https://media.api-sports.io/football/teams/142.png,True,144,Atletico Goianiense,https://media.api-sports.io/football/teams/144.png,False,1.0,0.0,0.0,0.0,1.0,0.0,,,,,,,
1353390,"Raphael Claus, Brazil",UTC,2025-06-28T21:30:00+00:00,1751146200,1751146200.0,1751149800.0,,Ligga Arena,Curitiba,Match Finished,FT,90.0,72,Serie B,Brazil,https://media.api-sports.io/football/leagues/72.png,https://media.api-sports.io/flags/br.svg,2025,Regular Season - 14,134,Atletico Paranaense,https://media.api-sports.io/football/teams/134.png,False,147,Coritiba,https://media.api-sports.io/football/teams/147.png,True,0.0,1.0,0.0,0.0,0.0,1.0,,,,,,,
1353399,"Afro Rocha De Carvalho Filho, Brazil",UTC,2025-06-29T19:00:00+00:00,1751223600,1751223600.0,1751227200.0,,Raulino de Oliveira,Rio de Janeiro,Match Finished,FT,90.0,72,Serie B,Brazil,https://media.api-sports.io/football/leagues/72.png,https://media.api-sports.io/flags/br.svg,2025,Regular Season - 14,7814,Volta Redonda,https://media.api-sports.io/football/teams/7814.png,True,1223,Operario-PR,https://media.api-sports.io/football/teams/1223.png,False,1.0,0.0,0.0,0.0,1.0,0.0,,,,,,,
1353397,"Gustavo Ervino Bauermann, Brazil",UTC,2025-06-29T19:00:00+00:00,1751223600,1751223600.0,1751227200.0,10545.0,Estádio Joaquim Portugal,Minas Gerais,Match Finished,FT,90.0,72,Serie B,Brazil,https://media.api-sports.io/football/leagues/72.png,https://media.api-sports.io/flags/br.svg,2025,Regular Season - 14,13975,Athletic Club,https://media.api-sports.io/football/teams/13975.png,False,1198,remo,https://media.api-sports.io/football/teams/1198.png,True,1.0,2.0,0.0,0.0,1.0,2.0,,,,,,,
1353394,"Wagner do Nascimento Magalhaes, Brazil",UTC,2025-06-29T22:00:00+00:00,1751234400,1751234400.0,1751238000.0,227.0,Arena Condá,"Chapecó, Santa Catarina",Match Finished,FT,90.0,72,Serie B,Brazil,https://media.api-sports.io/football/leagues/72.png,https://media.api-sports.io/flags/br.svg,2025,Regular Season - 14,132,Chapecoense-sc,https://media.api-sports.io/football/teams/132.png,False,151,Goias,https://media.api-sports.io/football/teams/151.png,True,1.0,2.0,1.0,0.0,1.0,2.0,,,,,,,
1353398,"Thiago Saletti Derobio,",UTC,2025-06-29T22:00:00+00:00,1751234400,1751234400.0,1751238000.0,,Estadio Dr. Jorge Ismael de Biasi,Novo Horizonte,Match Finished,FT,90.0,72,Serie B,Brazil,https://media.api-sports.io/football/leagues/72.png,https://media.api-sports.io/flags/br.svg,2025,Regular Season - 14,7834,Novorizontino,https://media.api-sports.io/football/teams/7834.png,,10862,Amazonas,https://media.api-sports.io/football/teams/10862.png,,1.0,1.0,1.0,1.0,1.0,1.0,,,,,,,
1353393,"Jefferson Ferreira de Moraes, Brazil",UTC,2025-06-30T22:00:00+00:00,1751320800,1751320800.0,1751324400.0,,Leonidas Sodre de Castro,Belem,Match Finished,FT,90.0,72,Serie B,Brazil,https://media.api-sports.io/football/leagues/72.png,https://media.api-sports.io/flags/br.svg,2025,Regular Season - 14,149,Paysandu,https://media.api-sports.io/football/teams/149.png,True,7826,Ferroviária,https://media.api-sports.io/football/teams/7826.png,False,2.0,1.0,0.0,1.0,2.0,1.0,,,,,,,
1353392,"Lucas Casagrande, Brazil",UTC,2025-07-01T00:00:00+00:00,1751328000,1751328000.0,1751331600.0,,Arena Pantanal,Cuiabá,Match Finished,FT,90.0,72,Serie B,Brazil,https://media.api-sports.io/football/leagues/72.png,https://media.api-sports.io/flags/br.svg,2025,Regular Season - 14,1193,Cuiaba,https://media.api-sports.io/football/teams/1193.png,False,2618,Botafogo SP,https://media.api-sports.io/football/teams/2618.png,True,0.0,1.0,0.0,0.0,0.0,1.0,,,,,,,
1353402,"Wagner do Nascimento Magalhaes, Brazil",UTC,2025-07-04T00:35:00+00:00,1751589300,1751589300.0,1751592900.0,211.0,Estadio Serra Dourada,"Goiânia, Goiás",Match Finished,FT,90.0,72,Serie B,Brazil,https://media.api-sports.io/football/leagues/72.png,https://media.api-sports.io/flags/br.svg,2025,Regular Season - 15,144,Atletico Goianiense,https://media.api-sports.io/football/teams/144.png,True,146,CRB,https://media.api-sports.io/football/teams/146.png,False,2.0,1.0,1.0,1.0,2.0,1.0,,,,,,,
1353400,"Alisson Sidnei Furtado, Brazil",UTC,2025-07-04T22:00:00+00:00,1751666400,1751666400.0,1751670000.0,230.0,Couto Pereira,Curitiba,Match Finished,FT,90.0,72,Serie B,Brazil,https://media.api-sports.io/football/leagues/72.png,https://media.api-sports.io/flags/br.svg,2025,Regular Season - 15,147,Coritiba,https://media.api-sports.io/football/teams/147.png,True,7814,Volta Redonda,https://media.api-sports.io/football/teams/7814.png,False,2.0,0.0,2.0,0.0,2.0,0.0,,,,,,,
1353403,"Fabio Augusto Santos Sa Junior, Brazil",UTC,2025-07-05T19:00:00+00:00,1751742000,1751742000.0,1751745600.0,,Estadio Olimpico do Para,Belem,Match Finished,FT,90.0,72,Serie B,Brazil,https://media.api-sports.io/football/leagues/72.png,https://media.api-sports.io/flags/br.svg,2025,Regular Season - 15,1198,remo,https://media.api-sports.io/football/teams/1198.png,,1193,Cuiaba,https://media.api-sports.io/football/teams/1193.png,,0.0,0.0,0.0,0.0,0.0,0.0,,,,,,,
1353404,"Felipe Fernandes de Lima, Brazil",UTC,2025-07-05T22:30:00+00:00,1751754600,1751754600.0,1751758200.0,,Ressacada,Florianópolis,Match Finished,FT,90.0,72,Serie B,Brazil,https://media.api-sports.io/football/leagues/72.png,https://media.api-sports.io/flags/br.svg,2025,Regular Season - 15,145,Avai,https://media.api-sports.io/football/teams/145.png,,149,Paysandu,https://media.api-sports.io/football/teams/149.png,,0.0,0.0,0.0,0.0,0.0,0.0,,,,,,,
1353406,"Matheus Delgado Candançan, Brazil",UTC,2025-07-05T23:30:00+00:00,1751758200,1751758200.0,1751761800.0,20767.0,Estádio Municipal Carlos Zamith,Manaus,Match Finished,FT,90.0,72,Serie B,Brazil,https://media.api-sports.io/football/leagues/72.png,https://media.api-sports.io/flags/br.svg,2025,Regular Season - 15,10862,Amazonas,https://media.api-sports.io/football/teams/10862.png,False,134,Atletico Paranaense,https://media.api-sports.io/football/teams/134.png,True,0.0,1.0,0.0,1.0,0.0,1.0,,,,,,,
1353408,"Alex Gomes Stefano, Brazil",UTC,2025-07-06T19:00:00+00:00,1751828400,1751828400.0,1751832000.0,,Arena Fonte Luminosa,Araraquara,Match Finished,FT,90.0,72,Serie B,Brazil,https://media.api-sports.io/football/leagues/72.png,https://media.api-sports.io/flags/br.svg,2025,Regular Season - 15,7826,Ferroviária,https://media.api-sports.io/football/teams/7826.png,False,142,Vila Nova,https://media.api-sports.io/football/teams/142.png,True,1.0,3.0,1.0,1.0,1.0,3.0,,,,,,,
1353409,"Lucas Canetto Bellote, Brazil",UTC,2025-07-06T21:30:00+00:00,1751837400,1751837400.0,1751841000.0,,Estadio Santa Cruz,Ribeirao Preto,Match Finished,FT,90.0,72,Serie B,Brazil,https://media.api-sports.io/football/leagues/72.png,https://media.api-sports.io/flags/br.svg,2025,Regular Season - 15,2618,Botafogo SP,https://media.api-sports.io/football/teams/2618.png,,7834,Novorizontino,https://media.api-sports.io/football/teams/7834.png,,0.0,0.0,0.0,0.0,0.0,0.0,,,,,,,
1353405,"Bruno Pereira Vasconcelos, Brazil",UTC,2025-07-07T22:00:00+00:00,1751925600,1751925600.0,1751929200.0,256.0,Estádio Germano Krüger,Ponta Grossa,Match Finished,FT,90.0,72,Serie B,Brazil,https://media.api-sports.io/football/leagues/72.png,https://media.api-sports.io/flags/br.svg,2025,Regular Season - 15,1223,Operario-PR,https://media.api-sports.io/football/teams/1223.png,False,132,Chapecoense-sc,https://media.api-sports.io/football/teams/132.png,True,1.0,2.0,1.0,0.0,1.0,2.0,,,,,,,
1353407,"Rafael Rodrigo Klein, Brazil",UTC,2025-07-08T00:00:00+00:00,1751932800,1751932800.0,1751936400.0,206.0,Estádio Raimundo Sampaio,Belo Horizonte,Match Finished,FT,90.0,72,Serie B,Brazil,https://media.api-sports.io/football/leagues/72.png,https://media.api-sports.io/flags/br.svg,2025,Regular Season - 15,125,America Mineiro,https://media.api-sports.io/football/teams/125.png,False,13975,Athletic Club,https://media.api-sports.io/football/teams/13975.png,True,0.0,1.0,0.0,1.0,0.0,1.0,,,,,,,
1353401,"Luciano da Silva Miranda Filho, Brazil",UTC,2025-07-08T22:30:00+00:00,1752013800,1752013800.0,1752017400.0,240.0,Estadio da Serrinha,Goiania,Match Finished,FT,90.0,72,Serie B,Brazil,https://media.api-sports.io/football/leagues/72.png,https://media.api-sports.io/flags/br.svg,2025,Regular Season - 15,151,Goias,https://media.api-sports.io/football/teams/151.png,,140,Criciuma,https://media.api-sports.io/football/teams/140.png,,1.0,1.0,0.0,1.0,1.0,1.0,,,,,,,
1353416,"Paulo Cesar Zanovelli da Silva, Brazil",UTC,2025-07-11T00:35:00+00:00,1752194100,1752194100.0,1752197700.0,232.0,Estádio Rei Pelé,"Maceió, Alagoas",Match Finished,FT,90.0,72,Serie B,Brazil,https://media.api-sports.io/football/leagues/72.png,https://media.api-sports.io/flags/br.svg,2025,Regular Season - 16,146,CRB,https://media.api-sports.io/football/teams/146.png,False,147,Coritiba,https://media.api-sports.io/football/teams/147.png,True,0.0,1.0,0.0,0.0,0.0,1.0,,,,,,,
1353411,"Joao Vitor Gobi, Brazil",UTC,2025-07-11T22:00:00+00:00,1752271200,1752271200.0,1752274800.0,280.0,Estádio Onésio Brasileiro Alvarenga,"Goiânia, Goiás",Match Finished,FT,90.0,72,Serie B,Brazil,https://media.api-sports.io/football/leagues/72.png,https://media.api-sports.io/flags/br.svg,2025,Regular Season - 16,142,Vila Nova,https://media.api-sports.io/football/teams/142.png,,1223,Operario-PR,https://media.api-sports.io/football/teams/1223.png,,0.0,0.0,0.0,0.0,0.0,0.0,,,,,,,
1353418,"Lucas Casagrande, Brazil",UTC,2025-07-12T19:00:00+00:00,1752346800,1752346800.0,1752350400.0,,Estadio Dr. Jorge Ismael de Biasi,Novo Horizonte,Match Finished,FT,90.0,72,Serie B,Brazil,https://media.api-sports.io/football/leagues/72.png,https://media.api-sports.io/flags/br.svg,2025,Regular Season - 16,7834,Novorizontino,https://media.api-sports.io/football/teams/7834.png,True,125,America Mineiro,https://media.api-sports.io/football/teams/125.png,False,3.0,1.0,1.0,1.0,3.0,1.0,,,,,,,
1353413,"Kleber Ariel Goncalves da Silva, Brazil",UTC,2025-07-12T21:30:00+00:00,1752355800,1752355800.0,1752359400.0,,Leonidas Sodre de Castro,Belem,Match Finished,FT,90.0,72,Serie B,Brazil,https://media.api-sports.io/football/leagues/72.png,https://media.api-sports.io/flags/br.svg,2025,Regular Season - 16,149,Paysandu,https://media.api-sports.io/football/teams/149.png,,144,Atletico Goianiense,https://media.api-sports.io/football/teams/144.png,,2.0,2.0,1.0,2.0,2.0,2.0,,,,,,,
1353410,"Flavio Rodrigues De Souza, Brazil",UTC,2025-07-12T23:30:00+00:00,1752363000,1752363000.0,1752366600.0,,Ligga Arena,Curitiba,Match Finished,FT,90.0,72,Serie B,Brazil,https://media.api-sports.io/football/leagues/72.png,https://media.api-sports.io/flags/br.svg,2025,Regular Season - 16,134,Atletico Paranaense,https://media.api-sports.io/football/teams/134.png,False,151,Goias,https://media.api-sports.io/football/teams/151.png,True,0.0,1.0,0.0,0.0,0.0,1.0,,,,,,,
1353415,"Yuri Elino Ferreira Da Cruz, Brazil",UTC,2025-07-13T19:00:00+00:00,1752433200,1752433200.0,1752436800.0,233.0,Estádio Heriberto Hülse,"Criciúma, Santa Catarina",Match Finished,FT,90.0,72,Serie B,Brazil,https://media.api-sports.io/football/leagues/72.png,https://media.api-sports.io/flags/br.svg,2025,Regular Season - 16,140,Criciuma,https://media.api-sports.io/football/teams/140.png,True,7826,Ferroviária,https://media.api-sports.io/football/teams/7826.png,False,2.0,1.0,1.0,1.0,2.0,1.0,,,,,,,
1353414,"Marcio dos Santos Oliveira, Brazil",UTC,2025-07-13T21:30:00+00:00,1752442200,1752442200.0,1752445800.0,227.0,Arena Condá,"Chapecó, Santa Catarina",Match Finished,FT,90.0,72,Serie B,Brazil,https://media.api-sports.io/football/leagues/72.png,https://media.api-sports.io/flags/br.svg,2025,Regular Season - 16,132,Chapecoense-sc,https://media.api-sports.io/football/teams/132.png,,1198,remo,https://media.api-sports.io/football/teams/1198.png,,1.0,1.0,0.0,0.0,1.0,1.0,,,,,,,
1353417,"Wagner do Nascimento Magalhaes, Brazil",UTC,2025-07-14T22:00:00+00:00,1752530400,1752530400.0,1752534000.0,10545.0,Estádio Joaquim Portugal,Minas Gerais,Match Finished,FT,90.0,72,Serie B,Brazil,https://media.api-sports.io/football/leagues/72.png,https://media.api-sports.io/flags/br.svg,2025,Regular Season - 16,13975,Athletic Club,https://media.api-sports.io/football/teams/13975.png,True,145,Avai,https://media.api-sports.io/football/teams/145.png,False,4.0,0.0,2.0,0.0,4.0,0.0,,,,,,,
1353419,"Thaillan Azevedo Gomes, Brazil",UTC,2025-07-15T00:30:00+00:00,1752539400,1752539400.0,1752543000.0,,Estadio Santa Cruz,Ribeirao Preto,Match Finished,FT,90.0,72,Serie B,Brazil,https://media.api-sports.io/football/leagues/72.png,https://media.api-sports.io/flags/br.svg,2025,Regular Season - 16,2618,Botafogo SP,https://media.api-sports.io/football/teams/2618.png,,7814,Volta Redonda,https://media.api-sports.io/football/teams/7814.png,,0.0,0.0,0.0,0.0,0.0,0.0,,,,,,,
1353412,"Andre Luiz Skettino Policarpo Bento, Brazil",UTC,2025-07-15T22:30:00+00:00,1752618600,1752618600.0,1752622200.0,,Arena Pantanal,Cuiabá,Match Finished,FT,90.0,72,Serie B,Brazil,https://media.api-sports.io/football/leagues/72.png,https://media.api-sports.io/flags/br.svg,2025,Regular Season - 16,1193,Cuiaba,https://media.api-sports.io/football/teams/1193.png,True,10862,Amazonas,https://media.api-sports.io/football/teams/10862.png,False,3.0,1.0,2.0,1.0,3.0,1.0,,,,,,,
1353425,"Emerson Ricardo de Almeida Andrade, Brazil",UTC,2025-07-17T22:30:00+00:00,1752791400,1752791400.0,1752795000.0,256.0,Estádio Germano Krüger,Ponta Grossa,Match Finished,FT,90.0,72,Serie B,Brazil,https://media.api-sports.io/football/leagues/72.png,https://media.api-sports.io/flags/br.svg,2025,Regular Season - 17,1223,Operario-PR,https://media.api-sports.io/football/teams/1223.png,,146,CRB,https://media.api-sports.io/football/teams/146.png,,1.0,1.0,1.0,1.0,1.0,1.0,,,,,,,
1353423,Afro Rocha de Carvalho Filho,UTC,2025-07-18T00:35:00+00:00,1752798900,1752798900.0,1752802500.0,,Estadio Evandro Almeida,Belem,Match Finished,FT,90.0,72,Serie B,Brazil,https://media.api-sports.io/football/leagues/72.png,https://media.api-sports.io/flags/br.svg,2025,Regular Season - 17,1198,remo,https://media.api-sports.io/football/teams/1198.png,,7834,Novorizontino,https://media.api-sports.io/football/teams/7834.png,,1.0,1.0,1.0,1.0,1.0,1.0,,,,,,,
1353422,"Paulo Roberto Alves Junior, Brazil",UTC,2025-07-18T22:00:00+00:00,1752876000,1752876000.0,1752879600.0,211.0,Estadio Serra Dourada,"Goiânia, Goiás",Match Finished,FT,90.0,72,Serie B,Brazil,https://media.api-sports.io/football/leagues/72.png,https://media.api-sports.io/flags/br.svg,2025,Regular Season - 17,144,Atletico Goianiense,https://media.api-sports.io/football/teams/144.png,False,140,Criciuma,https://media.api-sports.io/football/teams/140.png,True,0.0,1.0,0.0,0.0,0.0,1.0,,,,,,,
1353428,"Anderson Ribeiro Goncalves, Brazil",UTC,2025-07-19T00:30:00+00:00,1752885000,1752885000.0,1752888600.0,,Arena Fonte Luminosa,Araraquara,Match Finished,FT,90.0,72,Serie B,Brazil,https://media.api-sports.io/football/leagues/72.png,https://media.api-sports.io/flags/br.svg,2025,Regular Season - 17,7826,Ferroviária,https://media.api-sports.io/football/teams/7826.png,False,13975,Athletic Club,https://media.api-sports.io/football/teams/13975.png,True,1.0,2.0,1.0,1.0,1.0,2.0,,,,,,,
1353421,"Gustavo Ervino Bauermann, Brazil",UTC,2025-07-19T19:00:00+00:00,1752951600,1752951600.0,1752955200.0,240.0,Estadio da Serrinha,Goiania,Match Finished,FT,90.0,72,Serie B,Brazil,https://media.api-sports.io/football/leagues/72.png,https://media.api-sports.io/flags/br.svg,2025,Regular Season - 17,151,Goias,https://media.api-sports.io/football/teams/151.png,True,1193,Cuiaba,https://media.api-sports.io/football/teams/1193.png,False,3.0,1.0,1.0,0.0,3.0,1.0,,,,,,,
1353424,"Maguielson Lima Barbosa, Brazil",UTC,2025-07-19T21:30:00+00:00,1752960600,1752960600.0,1752964200.0,,Ressacada,Florianópolis,Match Finished,FT,90.0,72,Serie B,Brazil,https://media.api-sports.io/football/leagues/72.png,https://media.api-sports.io/flags/br.svg,2025,Regular Season - 17,145,Avai,https://media.api-sports.io/football/teams/145.png,,142,Vila Nova,https://media.api-sports.io/football/teams/142.png,,1.0,1.0,0.0,0.0,1.0,1.0,,,,,,,
1353420,"Marcelo de Lima Henrique, Brazil",UTC,2025-07-19T21:30:00+00:00,1752960600,1752960600.0,1752964200.0,230.0,Couto Pereira,Curitiba,Match Finished,FT,90.0,72,Serie B,Brazil,https://media.api-sports.io/football/leagues/72.png,https://media.api-sports.io/flags/br.svg,2025,Regular Season - 17,147,Coritiba,https://media.api-sports.io/football/teams/147.png,False,149,Paysandu,https://media.api-sports.io/football/teams/149.png,True,2.0,5.0,1.0,3.0,2.0,5.0,,,,,,,
1353429,"Fabiano Monteiro dos Santos, Brazil",UTC,2025-07-19T23:30:00+00:00,1752967800,1752967800.0,1752971400.0,,Raulino de Oliveira,Rio de Janeiro,Match Finished,FT,90.0,72,Serie B,Brazil,https://media.api-sports.io/football/leagues/72.png,https://media.api-sports.io/flags/br.svg,2025,Regular Season - 17,7814,Volta Redonda,https://media.api-sports.io/football/teams/7814.png,True,134,Atletico Paranaense,https://media.api-sports.io/football/teams/134.png,False,3.0,2.0,0.0,2.0,3.0,2.0,,,,,,,
1353426,"Vinicius Gomes do Amara, Brazil",UTC,2025-07-20T19:00:00+00:00,1753038000,1753038000.0,1753041600.0,20767.0,Estádio Municipal Carlos Zamith,Manaus,Match Finished,FT,90.0,72,Serie B,Brazil,https://media.api-sports.io/football/leagues/72.png,https://media.api-sports.io/flags/br.svg,2025,Regular Season - 17,10862,Amazonas,https://media.api-sports.io/football/teams/10862.png,True,2618,Botafogo SP,https://media.api-sports.io/football/teams/2618.png,False,3.0,0.0,1.0,0.0,3.0,0.0,,,,,,,
1353427,"Fernando Antonio Mendes de Salles Nascimento Filho, Brazil",UTC,2025-07-20T21:30:00+00:00,1753047000,1753047000.0,1753050600.0,206.0,Estádio Raimundo Sampaio,Belo Horizonte,Match Finished,FT,90.0,72,Serie B,Brazil,https://media.api-sports.io/football/leagues/72.png,https://media.api-sports.io/flags/br.svg,2025,Regular Season - 17,125,America Mineiro,https://media.api-sports.io/football/teams/125.png,False,132,Chapecoense-sc,https://media.api-sports.io/football/teams/132.png,True,0.0,1.0,0.0,1.0,0.0,1.0,,,,,,,
1353435,"Bruno Mota Correia, Brazil",UTC,2025-07-22T22:00:00+00:00,1753221600,1753221600.0,1753225200.0,256.0,Estádio Germano Krüger,Ponta Grossa,Match Finished,FT,90.0,72,Serie B,Brazil,https://media.api-sports.io/football/leagues/72.png,https://media.api-sports.io/flags/br.svg,2025,Regular Season - 18,1223,Operario-PR,https://media.api-sports.io/football/teams/1223.png,True,144,Atletico Goianiense,https://media.api-sports.io/football/teams/144.png,False,3.0,0.0,0.0,0.0,3.0,0.0,,,,,,,
1353430,"Alisson Sidnei Furtado, Brazil",UTC,2025-07-22T23:00:00+00:00,1753225200,1753225200.0,1753228800.0,,Ligga Arena,Curitiba,Match Finished,FT,90.0,72,Serie B,Brazil,https://media.api-sports.io/football/leagues/72.png,https://media.api-sports.io/flags/br.svg,2025,Regular Season - 18,134,Atletico Paranaense,https://media.api-sports.io/football/teams/134.png,,7826,Ferroviária,https://media.api-sports.io/football/teams/7826.png,,1.0,1.0,0.0,0.0,1.0,1.0,,,,,,,
1353437,Bruno Pereira Vasconcelos,UTC,2025-07-23T00:30:00+00:00,1753230600,1753230600.0,1753234200.0,10545.0,Estádio Joaquim Portugal,Minas Gerais,Match Finished,FT,90.0,72,Serie B,Brazil,https://media.api-sports.io/football/leagues/72.png,https://media.api-sports.io/flags/br.svg,2025,Regular Season - 18,13975,Athletic Club,https://media.api-sports.io/football/teams/13975.png,,147,Coritiba,https://media.api-sports.io/football/teams/147.png,,1.0,1.0,1.0,1.0,1.0,1.0,,,,,,,
1353431,André Luiz Skettino Policarpo Bento,UTC,2025-07-23T00:35:00+00:00,1753230900,1753230900.0,1753234500.0,280.0,Estádio Onésio Brasileiro Alvarenga,"Goiânia, Goiás",Match Finished,FT,90.0,72,Serie B,Brazil,https://media.api-sports.io/football/leagues/72.png,https://media.api-sports.io/flags/br.svg,2025,Regular Season - 18,142,Vila Nova,https://media.api-sports.io/football/teams/142.png,True,146,CRB,https://media.api-sports.io/football/teams/146.png,False,2.0,0.0,1.0,0.0,2.0,0.0,,,,,,,
1353434,"Joao Vitor Gobi, Brazil",UTC,2025-07-23T22:00:00+00:00,1753308000,1753308000.0,1753311600.0,227.0,Arena Condá,"Chapecó, Santa Catarina",Match Finished,FT,90.0,72,Serie B,Brazil,https://media.api-sports.io/football/leagues/72.png,https://media.api-sports.io/flags/br.svg,2025,Regular Season - 18,132,Chapecoense-sc,https://media.api-sports.io/football/teams/132.png,True,7814,Volta Redonda,https://media.api-sports.io/football/teams/7814.png,False,4.0,2.0,3.0,1.0,4.0,2.0,,,,,,,
1353438,"Wagner do Nascimento Magalhaes, Brazil",UTC,2025-07-23T22:00:00+00:00,1753308000,1753308000.0,1753311600.0,,Estadio Dr. Jorge Ismael de Biasi,Novo Horizonte,Match Finished,FT,90.0,72,Serie B,Brazil,https://media.api-sports.io/football/leagues/72.png,https://media.api-sports.io/flags/br.svg,2025,Regular Season - 18,7834,Novorizontino,https://media.api-sports.io/football/teams/7834.png,True,151,Goias,https://media.api-sports.io/football/teams/151.png,False,1.0,0.0,1.0,0.0,1.0,0.0,,,,,,,
1353432,Yuri Elino Ferreira da Cruz,UTC,2025-07-24T00:30:00+00:00,1753317000,1753317000.0,1753320600.0,,Arena Pantanal,,Match Finished,FT,90.0,72,Serie B,Brazil,https://media.api-sports.io/football/leagues/72.png,https://media.api-sports.io/flags/br.svg,2025,Regular Season - 18,1193,Cuiaba,https://media.api-sports.io/football/teams/1193.png,True,125,America Mineiro,https://media.api-sports.io/football/teams/125.png,False,3.0,1.0,1.0,1.0,3.0,1.0,,,,,,,
1353436,Jefferson Ferreira de Moraes,UTC,2025-07-24T00:30:00+00:00,1753317000,1753317000.0,1753320600.0,20767.0,Estádio Municipal Carlos Zamith,Manaus,Match Finished,FT,90.0,72,Serie B,Brazil,https://media.api-sports.io/football/leagues/72.png,https://media.api-sports.io/flags/br.svg,2025,Regular Season - 18,10862,Amazonas,https://media.api-sports.io/football/teams/10862.png,,149,Paysandu,https://media.api-sports.io/football/teams/149.png,,1.0,1.0,0.0,1.0,1.0,1.0,,,,,,,
1353439,"Jonathan Benkenstein Pinheiro, Brazil",UTC,2025-07-24T22:00:00+00:00,1753394400,1753394400.0,1753398000.0,,Estadio Santa Cruz,Ribeirao Preto,Match Finished,FT,90.0,72,Serie B,Brazil,https://media.api-sports.io/football/leagues/72.png,https://media.api-sports.io/flags/br.svg,2025,Regular Season - 18,2618,Botafogo SP,https://media.api-sports.io/football/teams/2618.png,False,140,Criciuma,https://media.api-sports.io/football/teams/140.png,True,0.0,2.0,0.0,1.0,0.0,2.0,,,,,,,
1353433,"Emerson Ricardo de Almeida Andrade, Brazil",UTC,2025-07-25T00:35:00+00:00,1753403700,1753403700.0,1753407300.0,,Estadio Olimpico do Para,Belem,Match Finished,FT,90.0,72,Serie B,Brazil,https://media.api-sports.io/football/leagues/72.png,https://media.api-sports.io/flags/br.svg,2025,Regular Season - 18,1198,remo,https://media.api-sports.io/football/teams/1198.png,True,145,Avai,https://media.api-sports.io/football/teams/145.png,False,2.0,1.0,2.0,1.0,2.0,1.0,,,,,,,
1353448,"Afro Rocha De Carvalho Filho, Brazil",UTC,2025-07-26T21:30:00+00:00,1753565400,1753565400.0,1753569000.0,,Arena Fonte Luminosa,Araraquara,Match Finished,FT,90.0,72,Serie B,Brazil,https://media.api-sports.io/football/leagues/72.png,https://media.api-sports.io/flags/br.svg,2025,Regular Season - 19,7826,Ferroviária,https://media.api-sports.io/football/teams/7826.png,,1223,Operario-PR,https://media.api-sports.io/football/teams/1223.png,,0.0,0.0,0.0,0.0,0.0,0.0,,,,,,,
1353446,"Jefferson Ferreira de Moraes, Brazil",UTC,2025-07-26T23:30:00+00:00,1753572600,1753572600.0,1753576200.0,232.0,Estádio Rei Pelé,"Maceió, Alagoas",Match Finished,FT,90.0,72,Serie B,Brazil,https://media.api-sports.io/football/leagues/72.png,https://media.api-sports.io/flags/br.svg,2025,Regular Season - 19,146,CRB,https://media.api-sports.io/football/teams/146.png,True,7834,Novorizontino,https://media.api-sports.io/football/teams/7834.png,False,4.0,0.0,1.0,0.0,4.0,0.0,,,,,,,
1353440,"Maguielson Lima Barbosa, Brazil",UTC,2025-07-27T19:00:00+00:00,1753642800,1753642800.0,1753646400.0,230.0,Couto Pereira,Curitiba,Match Finished,FT,90.0,72,Serie B,Brazil,https://media.api-sports.io/football/leagues/72.png,https://media.api-sports.io/flags/br.svg,2025,Regular Season - 19,147,Coritiba,https://media.api-sports.io/football/teams/147.png,,10862,Amazonas,https://media.api-sports.io/football/teams/10862.png,,1.0,1.0,1.0,0.0,1.0,1.0,,,,,,,
1353449,"Bruno Pereira Vasconcelos, Brazil",UTC,2025-07-27T19:00:00+00:00,1753642800,1753642800.0,1753646400.0,,Raulino de Oliveira,Rio de Janeiro,Match Finished,FT,90.0,72,Serie B,Brazil,https://media.api-sports.io/football/leagues/72.png,https://media.api-sports.io/flags/br.svg,2025,Regular Season - 19,7814,Volta Redonda,https://media.api-sports.io/football/teams/7814.png,True,142,Vila Nova,https://media.api-sports.io/football/teams/142.png,False,2.0,1.0,1.0,0.0,2.0,1.0,,,,,,,
1353447,"Marcelo de Lima Henrique, Brazil",UTC,2025-07-27T21:30:00+00:00,1753651800,1753651800.0,1753655400.0,206.0,Estádio Raimundo Sampaio,Belo Horizonte,Match Finished,FT,90.0,72,Serie B,Brazil,https://media.api-sports.io/football/leagues/72.png,https://media.api-sports.io/flags/br.svg,2025,Regular Season - 19,125,America Mineiro,https://media.api-sports.io/football/teams/125.png,,134,Atletico Paranaense,https://media.api-sports.io/football/teams/134.png,,2.0,2.0,0.0,1.0,2.0,2.0,,,,,,,
1353442,"Fabio Augusto Santos Sa Junior, Brazil",UTC,2025-07-27T22:00:00+00:00,1753653600,1753653600.0,1753657200.0,211.0,Estadio Serra Dourada,"Goiânia, Goiás",Match Finished,FT,90.0,72,Serie B,Brazil,https://media.api-sports.io/football/leagues/72.png,https://media.api-sports.io/flags/br.svg,2025,Regular Season - 19,144,Atletico Goianiense,https://media.api-sports.io/football/teams/144.png,,132,Chapecoense-sc,https://media.api-sports.io/football/teams/132.png,,0.0,0.0,0.0,0.0,0.0,0.0,,,,,,,
1353444,"Paulo Belence Alves Dos Prazeres Filho, Brazil",UTC,2025-07-28T22:00:00+00:00,1753740000,1753740000.0,1753743600.0,,Ressacada,Florianópolis,Match Finished,FT,90.0,72,Serie B,Brazil,https://media.api-sports.io/football/leagues/72.png,https://media.api-sports.io/flags/br.svg,2025,Regular Season - 19,145,Avai,https://media.api-sports.io/football/teams/145.png,True,2618,Botafogo SP,https://media.api-sports.io/football/teams/2618.png,False,5.0,0.0,4.0,0.0,5.0,0.0,,,,,,,
1353443,Lucas Paulo Torezin,UTC,2025-07-29T00:30:00+00:00,1753749000,1753749000.0,1753752600.0,,Leonidas Sodre de Castro,Belem,Match Finished,FT,90.0,72,Serie B,Brazil,https://media.api-sports.io/football/leagues/72.png,https://media.api-sports.io/flags/br.svg,2025,Regular Season - 19,149,Paysandu,https://media.api-sports.io/football/teams/149.png,,13975,Athletic Club,https://media.api-sports.io/football/teams/13975.png,,1.0,1.0,1.0,1.0,1.0,1.0,,,,,,,
1353445,"Lucas Guimarães Rechatiko Horn, Brazil",UTC,2025-07-29T23:30:00+00:00,1753831800,1753831800.0,1753835400.0,233.0,Estádio Heriberto Hülse,"Criciúma, Santa Catarina",Match Finished,FT,90.0,72,Serie B,Brazil,https://media.api-sports.io/football/leagues/72.png,https://media.api-sports.io/flags/br.svg,2025,Regular Season - 19,140,Criciuma,https://media.api-sports.io/football/teams/140.png,True,1193,Cuiaba,https://media.api-sports.io/football/teams/1193.png,False,1.0,0.0,1.0,0.0,1.0,0.0,,,,,,,
1353441,"Felipe Fernandes de Lima, Brazil",UTC,2025-07-30T00:35:00+00:00,1753835700,1753835700.0,1753839300.0,240.0,Estadio da Serrinha,Goiania,Match Finished,FT,90.0,72,Serie B,Brazil,https://media.api-sports.io/football/leagues/72.png,https://media.api-sports.io/flags/br.svg,2025,Regular Season - 19,151,Goias,https://media.api-sports.io/football/teams/151.png,,1198,remo,https://media.api-sports.io/football/teams/1198.png,,1.0,1.0,0.0,1.0,1.0,1.0,,,,,,,
1353451,Gustavo Ervino Bauermann,UTC,2025-08-01T00:35:00+00:00,1754008500,1754008500.0,1754012100.0,280.0,Estádio Onésio Brasileiro Alvarenga,"Goiânia, Goiás",Match Finished,FT,90.0,72,Serie B,Brazil,https://media.api-sports.io/football/leagues/72.png,https://media.api-sports.io/flags/br.svg,2025,Regular Season - 20,142,Vila Nova,https://media.api-sports.io/football/teams/142.png,False,147,Coritiba,https://media.api-sports.io/football/teams/147.png,True,1.0,2.0,1.0,2.0,1.0,2.0,,,,,,,
1353453,"Jefferson Ferreira de Moraes, Brazil",UTC,2025-08-01T22:00:00+00:00,1754085600,1754085600.0,1754089200.0,,Estadio Evandro Almeida,Belem,Match Finished,FT,90.0,72,Serie B,Brazil,https://media.api-sports.io/football/leagues/72.png,https://media.api-sports.io/flags/br.svg,2025,Regular Season - 20,1198,remo,https://media.api-sports.io/football/teams/1198.png,False,7826,Ferroviária,https://media.api-sports.io/football/teams/7826.png,True,0.0,2.0,0.0,1.0,0.0,2.0,,,,,,,
1353455,"Savio Pereira Sampaio, Brazil",UTC,2025-08-02T00:30:00+00:00,1754094600,1754094600.0,1754098200.0,256.0,Estádio Germano Krüger,Ponta Grossa,Match Finished,FT,90.0,72,Serie B,Brazil,https://media.api-sports.io/football/leagues/72.png,https://media.api-sports.io/flags/br.svg,2025,Regular Season - 20,1223,Operario-PR,https://media.api-sports.io/football/teams/1223.png,True,140,Criciuma,https://media.api-sports.io/football/teams/140.png,False,1.0,0.0,0.0,0.0,1.0,0.0,,,,,,,
1353459,"Fabio Augusto Santos Sa Junior, Brazil",UTC,2025-08-02T21:30:00+00:00,1754170200,1754170200.0,1754173800.0,,Estadio Santa Cruz,Ribeirao Preto,Match Finished,FT,90.0,72,Serie B,Brazil,https://media.api-sports.io/football/leagues/72.png,https://media.api-sports.io/flags/br.svg,2025,Regular Season - 20,2618,Botafogo SP,https://media.api-sports.io/football/teams/2618.png,True,125,America Mineiro,https://media.api-sports.io/football/teams/125.png,False,2.0,1.0,1.0,1.0,2.0,1.0,,,,,,,
1353456,"Yuri Elino Ferreira Da Cruz, Brazil",UTC,2025-08-02T23:30:00+00:00,1754177400,1754177400.0,1754181000.0,10520.0,Arena da Amazônia,Manaus,Match Finished,FT,90.0,72,Serie B,Brazil,https://media.api-sports.io/football/leagues/72.png,https://media.api-sports.io/flags/br.svg,2025,Regular Season - 20,10862,Amazonas,https://media.api-sports.io/football/teams/10862.png,,151,Goias,https://media.api-sports.io/football/teams/151.png,,2.0,2.0,1.0,2.0,2.0,2.0,,,,,,,
1353454,"Afro Rocha De Carvalho Filho, Brazil",UTC,2025-08-03T19:00:00+00:00,1754247600,1754247600.0,1754251200.0,227.0,Arena Condá,"Chapecó, Santa Catarina",Match Finished,FT,90.0,72,Serie B,Brazil,https://media.api-sports.io/football/leagues/72.png,https://media.api-sports.io/flags/br.svg,2025,Regular Season - 20,132,Chapecoense-sc,https://media.api-sports.io/football/teams/132.png,True,146,CRB,https://media.api-sports.io/football/teams/146.png,False,3.0,2.0,3.0,0.0,3.0,2.0,,,,,,,
1353458,"Fernando Antonio Mendes de Salles Nascimento Filho, Brazil",UTC,2025-08-03T19:00:00+00:00,1754247600,1754247600.0,1754251200.0,,Estadio Dr. Jorge Ismael de Biasi,Novo Horizonte,Match Finished,FT,90.0,72,Serie B,Brazil,https://media.api-sports.io/football/leagues/72.png,https://media.api-sports.io/flags/br.svg,2025,Regular Season - 20,7834,Novorizontino,https://media.api-sports.io/football/teams/7834.png,,145,Avai,https://media.api-sports.io/football/teams/145.png,,1.0,1.0,1.0,1.0,1.0,1.0,,,,,,,
1353450,"Andre Luiz Skettino Policarpo Bento, Brazil",UTC,2025-08-03T21:30:00+00:00,1754256600,1754256600.0,1754260200.0,,Ligga Arena,Curitiba,Match Finished,FT,90.0,72,Serie B,Brazil,https://media.api-sports.io/football/leagues/72.png,https://media.api-sports.io/flags/br.svg,2025,Regular Season - 20,134,Atletico Paranaense,https://media.api-sports.io/football/teams/134.png,,149,Paysandu,https://media.api-sports.io/football/teams/149.png,,1.0,1.0,0.0,0.0,1.0,1.0,,,,,,,
1353457,"Lucas Canetto Bellote, Brazil",UTC,2025-08-04T22:00:00+00:00,1754344800,1754344800.0,1754348400.0,10545.0,Estádio Joaquim Portugal,Minas Gerais,Match Finished,FT,90.0,72,Serie B,Brazil,https://media.api-sports.io/football/leagues/72.png,https://media.api-sports.io/flags/br.svg,2025,Regular Season - 20,13975,Athletic Club,https://media.api-sports.io/football/teams/13975.png,,144,Atletico Goianiense,https://media.api-sports.io/football/teams/144.png,,1.0,1.0,1.0,1.0,1.0,1.0,,,,,,,
1353452,"Maguielson Lima Barbosa, Brazil",UTC,2025-08-05T00:30:00+00:00,1754353800,1754353800.0,1754357400.0,,Arena Pantanal,Cuiabá,Match Finished,FT,90.0,72,Serie B,Brazil,https://media.api-sports.io/football/leagues/72.png,https://media.api-sports.io/flags/br.svg,2025,Regular Season - 20,1193,Cuiaba,https://media.api-sports.io/football/teams/1193.png,True,7814,Volta Redonda,https://media.api-sports.io/football/teams/7814.png,False,2.0,0.0,1.0,0.0,2.0,0.0,,,,,,,
1353468,"Bruno Pereira Vasconcelos, Brazil",UTC,2025-08-08T22:00:00+00:00,1754690400,1754690400.0,1754694000.0,,Arena Fonte Luminosa,Araraquara,Match Finished,FT,90.0,72,Serie B,Brazil,https://media.api-sports.io/football/leagues/72.png,https://media.api-sports.io/flags/br.svg,2025,Regular Season - 21,7826,Ferroviária,https://media.api-sports.io/football/teams/7826.png,True,10862,Amazonas,https://media.api-sports.io/football/teams/10862.png,False,2.0,1.0,1.0,0.0,2.0,1.0,,,,,,,
1353460,Alex Gomes Stefano,UTC,2025-08-09T00:35:00+00:00,1754699700,1754699700.0,1754703300.0,230.0,Couto Pereira,Curitiba,Match Finished,FT,90.0,72,Serie B,Brazil,https://media.api-sports.io/football/leagues/72.png,https://media.api-sports.io/flags/br.svg,2025,Regular Season - 21,147,Coritiba,https://media.api-sports.io/football/teams/147.png,,132,Chapecoense-sc,https://media.api-sports.io/football/teams/132.png,,0.0,0.0,0.0,0.0,0.0,0.0,,,,,,,
1353467,"Wagner do Nascimento Magalhaes, Brazil",UTC,2025-08-09T19:00:00+00:00,1754766000,1754766000.0,1754769600.0,206.0,Estádio Raimundo Sampaio,Belo Horizonte,Match Finished,FT,90.0,72,Serie B,Brazil,https://media.api-sports.io/football/leagues/72.png,https://media.api-sports.io/flags/br.svg,2025,Regular Season - 21,125,America Mineiro,https://media.api-sports.io/football/teams/125.png,False,1198,remo,https://media.api-sports.io/football/teams/1198.png,True,0.0,1.0,0.0,1.0,0.0,1.0,,,,,,,
1353461,"Marcelo de Lima Henrique, Brazil",UTC,2025-08-09T21:30:00+00:00,1754775000,1754775000.0,1754778600.0,240.0,Estadio da Serrinha,Goiania,Match Finished,FT,90.0,72,Serie B,Brazil,https://media.api-sports.io/football/leagues/72.png,https://media.api-sports.io/flags/br.svg,2025,Regular Season - 21,151,Goias,https://media.api-sports.io/football/teams/151.png,True,1223,Operario-PR,https://media.api-sports.io/football/teams/1223.png,False,2.0,1.0,1.0,1.0,2.0,1.0,,,,,,,
1353469,"Jose Mendonca da Silva Junior, Brazil",UTC,2025-08-09T23:30:00+00:00,1754782200,1754782200.0,1754785800.0,,Raulino de Oliveira,Rio de Janeiro,Match Finished,FT,90.0,72,Serie B,Brazil,https://media.api-sports.io/football/leagues/72.png,https://media.api-sports.io/flags/br.svg,2025,Regular Season - 21,7814,Volta Redonda,https://media.api-sports.io/football/teams/7814.png,,7834,Novorizontino,https://media.api-sports.io/football/teams/7834.png,,0.0,0.0,0.0,0.0,0.0,0.0,,,,,,,
1353464,"Andre Luiz Skettino Policarpo Bento, Brazil",UTC,2025-08-10T19:00:00+00:00,1754852400,1754852400.0,1754856000.0,,Ressacada,Florianópolis,Match Finished,FT,90.0,72,Serie B,Brazil,https://media.api-sports.io/football/leagues/72.png,https://media.api-sports.io/flags/br.svg,2025,Regular Season - 21,145,Avai,https://media.api-sports.io/football/teams/145.png,True,1193,Cuiaba,https://media.api-sports.io/football/teams/1193.png,False,2.0,0.0,2.0,0.0,2.0,0.0,,,,,,,
1353462,"Afro Rocha De Carvalho Filho, Brazil",UTC,2025-08-10T21:30:00+00:00,1754861400,1754861400.0,1754865000.0,211.0,Estadio Serra Dourada,"Goiânia, Goiás",Match Finished,FT,90.0,72,Serie B,Brazil,https://media.api-sports.io/football/leagues/72.png,https://media.api-sports.io/flags/br.svg,2025,Regular Season - 21,144,Atletico Goianiense,https://media.api-sports.io/football/teams/144.png,True,2618,Botafogo SP,https://media.api-sports.io/football/teams/2618.png,False,2.0,0.0,0.0,0.0,2.0,0.0,,,,,,,
1353465,"Joao Vitor Gobi, Brazil",UTC,2025-08-11T22:00:00+00:00,1754949600,1754949600.0,1754953200.0,233.0,Estádio Heriberto Hülse,"Criciúma, Santa Catarina",Match Finished,FT,90.0,72,Serie B,Brazil,https://media.api-sports.io/football/leagues/72.png,https://media.api-sports.io/flags/br.svg,2025,Regular Season - 21,140,Criciuma,https://media.api-sports.io/football/teams/140.png,True,134,Atletico Paranaense,https://media.api-sports.io/football/teams/134.png,False,4.0,2.0,1.0,2.0,4.0,2.0,,,,,,,
1353463,Jonathan Benkenstein Pinheiro,UTC,2025-08-12T00:30:00+00:00,1754958600,1754958600.0,1754962200.0,,Leonidas Sodre de Castro,Belem,Match Finished,FT,90.0,72,Serie B,Brazil,https://media.api-sports.io/football/leagues/72.png,https://media.api-sports.io/flags/br.svg,2025,Regular Season - 21,149,Paysandu,https://media.api-sports.io/football/teams/149.png,False,142,Vila Nova,https://media.api-sports.io/football/teams/142.png,True,0.0,1.0,0.0,0.0,0.0,1.0,,,,,,,
1353466,"Rafael Rodrigo Klein, Brazil",UTC,2025-08-12T22:30:00+00:00,1755037800,1755037800.0,1755041400.0,232.0,Estádio Rei Pelé,"Maceió, Alagoas",Match Finished,FT,90.0,72,Serie B,Brazil,https://media.api-sports.io/football/leagues/72.png,https://media.api-sports.io/flags/br.svg,2025,Regular Season - 21,146,CRB,https://media.api-sports.io/football/teams/146.png,True,13975,Athletic Club,https://media.api-sports.io/football/teams/13975.png,False,1.0,0.0,0.0,0.0,1.0,0.0,,,,,,,
1353478,Afro Rocha de Carvalho Filho,UTC,2025-08-15T00:35:00+00:00,1755218100,1755218100.0,1755221700.0,,Estadio Dr. Jorge Ismael de Biasi,Novo Horizonte,Match Finished,FT,90.0,72,Serie B,Brazil,https://media.api-sports.io/football/leagues/72.png,https://media.api-sports.io/flags/br.svg,2025,Regular Season - 22,7834,Novorizontino,https://media.api-sports.io/football/teams/7834.png,False,147,Coritiba,https://media.api-sports.io/football/teams/147.png,True,1.0,2.0,0.0,1.0,1.0,2.0,,,,,,,
1353476,"Jefferson Ferreira de Moraes, Brazil",UTC,2025-08-15T23:00:00+00:00,1755298800,1755298800.0,1755302400.0,20767.0,Estádio Municipal Carlos Zamith,Manaus,Match Finished,FT,90.0,72,Serie B,Brazil,https://media.api-sports.io/football/leagues/72.png,https://media.api-sports.io/flags/br.svg,2025,Regular Season - 22,10862,Amazonas,https://media.api-sports.io/football/teams/10862.png,,125,America Mineiro,https://media.api-sports.io/football/teams/125.png,,2.0,2.0,1.0,0.0,2.0,2.0,,,,,,,
1353473,"Bruno Pereira Vasconcelos, Brazil",UTC,2025-08-16T19:00:00+00:00,1755370800,1755370800.0,1755374400.0,,Estadio Evandro Almeida,Belem,Match Finished,FT,90.0,72,Serie B,Brazil,https://media.api-sports.io/football/leagues/72.png,https://media.api-sports.io/flags/br.svg,2025,Regular Season - 22,1198,remo,https://media.api-sports.io/football/teams/1198.png,,2618,Botafogo SP,https://media.api-sports.io/football/teams/2618.png,,1.0,1.0,1.0,0.0,1.0,1.0,,,,,,,
1353471,"Anderson Daronco, Brazil",UTC,2025-08-16T21:30:00+00:00,1755379800,1755379800.0,1755383400.0,280.0,Estádio Onésio Brasileiro Alvarenga,"Goiânia, Goiás",Match Finished,FT,90.0,72,Serie B,Brazil,https://media.api-sports.io/football/leagues/72.png,https://media.api-sports.io/flags/br.svg,2025,Regular Season - 22,142,Vila Nova,https://media.api-sports.io/football/teams/142.png,True,151,Goias,https://media.api-sports.io/football/teams/151.png,False,2.0,0.0,1.0,0.0,2.0,0.0,,,,,,,
1353470,"Adriana Valeria da Silva, Brazil",UTC,2025-08-16T23:30:00+00:00,1755387000,1755387000.0,1755390600.0,,Ligga Arena,Curitiba,Match Finished,FT,90.0,72,Serie B,Brazil,https://media.api-sports.io/football/leagues/72.png,https://media.api-sports.io/flags/br.svg,2025,Regular Season - 22,134,Atletico Paranaense,https://media.api-sports.io/football/teams/134.png,,1193,Cuiaba,https://media.api-sports.io/football/teams/1193.png,,1.0,1.0,0.0,0.0,1.0,1.0,,,,,,,
1353474,"Leo Simao Holanda, Brazil",UTC,2025-08-17T19:00:00+00:00,1755457200,1755457200.0,1755460800.0,227.0,Arena Condá,"Chapecó, Santa Catarina",Match Finished,FT,90.0,72,Serie B,Brazil,https://media.api-sports.io/football/leagues/72.png,https://media.api-sports.io/flags/br.svg,2025,Regular Season - 22,132,Chapecoense-sc,https://media.api-sports.io/football/teams/132.png,True,149,Paysandu,https://media.api-sports.io/football/teams/149.png,False,2.0,0.0,1.0,0.0,2.0,0.0,,,,,,,
1353472,"Lucas Guimarães Rechatiko Horn, Brazil",UTC,2025-08-17T21:30:00+00:00,1755466200,1755466200.0,1755469800.0,211.0,Estadio Serra Dourada,"Goiânia, Goiás",Match Finished,FT,90.0,72,Serie B,Brazil,https://media.api-sports.io/football/leagues/72.png,https://media.api-sports.io/flags/br.svg,2025,Regular Season - 22,144,Atletico Goianiense,https://media.api-sports.io/football/teams/144.png,False,7826,Ferroviária,https://media.api-sports.io/football/teams/7826.png,True,1.0,3.0,0.0,1.0,1.0,3.0,,,,,,,
1353479,"Lucas Casagrande, Brazil",UTC,2025-08-18T22:00:00+00:00,1755554400,1755554400.0,1755558000.0,,Raulino de Oliveira,Rio de Janeiro,Match Finished,FT,90.0,72,Serie B,Brazil,https://media.api-sports.io/football/leagues/72.png,https://media.api-sports.io/flags/br.svg,2025,Regular Season - 22,7814,Volta Redonda,https://media.api-sports.io/football/teams/7814.png,False,146,CRB,https://media.api-sports.io/football/teams/146.png,True,0.0,1.0,0.0,1.0,0.0,1.0,,,,,,,
1353477,"Jonathan Benkenstein Pinheiro, Brazil",UTC,2025-08-19T00:00:00+00:00,1755561600,1755561600.0,1755565200.0,10545.0,Estádio Joaquim Portugal,Minas Gerais,Match Finished,FT,90.0,72,Serie B,Brazil,https://media.api-sports.io/football/leagues/72.png,https://media.api-sports.io/flags/br.svg,2025,Regular Season - 22,13975,Athletic Club,https://media.api-sports.io/football/teams/13975.png,,140,Criciuma,https://media.api-sports.io/football/teams/140.png,,1.0,1.0,0.0,1.0,1.0,1.0,,,,,,,
1353475,"Joao Vitor Gobi, Brazil",UTC,2025-08-19T22:30:00+00:00,1755642600,1755642600.0,1755646200.0,256.0,Estádio Germano Krüger,Ponta Grossa,Match Finished,FT,90.0,72,Serie B,Brazil,https://media.api-sports.io/football/leagues/72.png,https://media.api-sports.io/flags/br.svg,2025,Regular Season - 22,1223,Operario-PR,https://media.api-sports.io/football/teams/1223.png,,145,Avai,https://media.api-sports.io/football/teams/145.png,,0.0,0.0,0.0,0.0,0.0,0.0,,,,,,,
1353487,"Marcelo de Lima Henrique, Brazil",UTC,2025-08-22T22:00:00+00:00,1755900000,1755900000.0,1755903600.0,10545.0,Estádio Joaquim Portugal,Minas Gerais,Match Finished,FT,90.0,72,Serie B,Brazil,https://media.api-sports.io/football/leagues/72.png,https://media.api-sports.io/flags/br.svg,2025,Regular Season - 23,13975,Athletic Club,https://media.api-sports.io/football/teams/13975.png,False,132,Chapecoense-sc,https://media.api-sports.io/football/teams/132.png,True,0.0,4.0,0.0,0.0,0.0,4.0,,,,,,,
1353485,"Leo Simao Holanda, Brazil",UTC,2025-08-23T00:35:00+00:00,1755909300,1755909300.0,1755912900.0,233.0,Estádio Heriberto Hülse,"Criciúma, Santa Catarina",Match Finished,FT,90.0,72,Serie B,Brazil,https://media.api-sports.io/football/leagues/72.png,https://media.api-sports.io/flags/br.svg,2025,Regular Season - 23,140,Criciuma,https://media.api-sports.io/football/teams/140.png,True,7834,Novorizontino,https://media.api-sports.io/football/teams/7834.png,False,2.0,0.0,0.0,0.0,2.0,0.0,,,,,,,
1353480,"Jefferson Ferreira de Moraes, Brazil",UTC,2025-08-23T19:00:00+00:00,1755975600,1755975600.0,1755979200.0,230.0,Couto Pereira,Curitiba,Match Finished,FT,90.0,72,Serie B,Brazil,https://media.api-sports.io/football/leagues/72.png,https://media.api-sports.io/flags/br.svg,2025,Regular Season - 23,147,Coritiba,https://media.api-sports.io/football/teams/147.png,,1198,remo,https://media.api-sports.io/football/teams/1198.png,,0.0,0.0,0.0,0.0,0.0,0.0,,,,,,,
1353481,"Lucas Guimarães Rechatiko Horn, Brazil",UTC,2025-08-23T21:00:00+00:00,1755982800,1755982800.0,1755986400.0,240.0,Estadio da Serrinha,Goiania,Match Finished,FT,90.0,72,Serie B,Brazil,https://media.api-sports.io/football/leagues/72.png,https://media.api-sports.io/flags/br.svg,2025,Regular Season - 23,151,Goias,https://media.api-sports.io/football/teams/151.png,True,125,America Mineiro,https://media.api-sports.io/football/teams/125.png,False,1.0,0.0,0.0,0.0,1.0,0.0,,,,,,,
1353486,"Wagner do Nascimento Magalhaes, Brazil",UTC,2025-08-23T23:30:00+00:00,1755991800,1755991800.0,1755995400.0,232.0,Estádio Rei Pelé,"Maceió, Alagoas",Match Finished,FT,90.0,72,Serie B,Brazil,https://media.api-sports.io/football/leagues/72.png,https://media.api-sports.io/flags/br.svg,2025,Regular Season - 23,146,CRB,https://media.api-sports.io/football/teams/146.png,False,134,Atletico Paranaense,https://media.api-sports.io/football/teams/134.png,True,0.0,1.0,0.0,0.0,0.0,1.0,,,,,,,
1353483,"Lucas Canetto Bellote, Brazil",UTC,2025-08-24T19:00:00+00:00,1756062000,1756062000.0,1756065600.0,,Leonidas Sodre de Castro,Belem,Match Finished,FT,90.0,72,Serie B,Brazil,https://media.api-sports.io/football/leagues/72.png,https://media.api-sports.io/flags/br.svg,2025,Regular Season - 23,149,Paysandu,https://media.api-sports.io/football/teams/149.png,False,1223,Operario-PR,https://media.api-sports.io/football/teams/1223.png,True,1.0,2.0,1.0,1.0,1.0,2.0,,,,,,,
1353488,"Luiz Augusto Silveira Tisne,",UTC,2025-08-24T21:30:00+00:00,1756071000,1756071000.0,1756074600.0,,Arena Fonte Luminosa,Araraquara,Match Finished,FT,90.0,72,Serie B,Brazil,https://media.api-sports.io/football/leagues/72.png,https://media.api-sports.io/flags/br.svg,2025,Regular Season - 23,7826,Ferroviária,https://media.api-sports.io/football/teams/7826.png,,7814,Volta Redonda,https://media.api-sports.io/football/teams/7814.png,,0.0,0.0,0.0,0.0,0.0,0.0,,,,,,,
1353482,"Afro Rocha De Carvalho Filho, Brazil",UTC,2025-08-24T23:30:00+00:00,1756078200,1756078200.0,1756081800.0,,Arena Pantanal,Cuiabá,Match Finished,FT,90.0,72,Serie B,Brazil,https://media.api-sports.io/football/leagues/72.png,https://media.api-sports.io/flags/br.svg,2025,Regular Season - 23,1193,Cuiaba,https://media.api-sports.io/football/teams/1193.png,,144,Atletico Goianiense,https://media.api-sports.io/football/teams/144.png,,2.0,2.0,1.0,1.0,2.0,2.0,,,,,,,
1353489,"Bruno Arleu de Araujo, Brazil",UTC,2025-08-25T22:00:00+00:00,1756159200,1756159200.0,1756162800.0,,Estadio Santa Cruz,Ribeirao Preto,Match Finished,FT,90.0,72,Serie B,Brazil,https://media.api-sports.io/football/leagues/72.png,https://media.api-sports.io/flags/br.svg,2025,Regular Season - 23,2618,Botafogo SP,https://media.api-sports.io/football/teams/2618.png,True,142,Vila Nova,https://media.api-sports.io/football/teams/142.png,False,2.0,0.0,0.0,0.0,2.0,0.0,,,,,,,
1353484,"Edina Alves Batista, Brazil",UTC,2025-08-26T00:30:00+00:00,1756168200,1756168200.0,1756171800.0,,Ressacada,Florianópolis,Match Finished,FT,90.0,72,Serie B,Brazil,https://media.api-sports.io/football/leagues/72.png,https://media.api-sports.io/flags/br.svg,2025,Regular Season - 23,145,Avai,https://media.api-sports.io/football/teams/145.png,False,10862,Amazonas,https://media.api-sports.io/football/teams/10862.png,True,1.0,2.0,0.0,0.0,1.0,2.0,,,,,,,
1353493,"Andre Luiz Skettino Policarpo Bento, Brazil",UTC,2025-08-29T00:35:00+00:00,1756427700,1756427700.0,1756431300.0,,Estadio Evandro Almeida,Belem,Match Finished,FT,90.0,72,Serie B,Brazil,https://media.api-sports.io/football/leagues/72.png,https://media.api-sports.io/flags/br.svg,2025,Regular Season - 24,1198,remo,https://media.api-sports.io/football/teams/1198.png,False,140,Criciuma,https://media.api-sports.io/football/teams/140.png,True,0.0,1.0,0.0,0.0,0.0,1.0,,,,,,,
1353495,"Flavio Rodrigues De Souza, Brazil",UTC,2025-08-29T22:00:00+00:00,1756504800,1756504800.0,1756508400.0,256.0,Estádio Germano Krüger,Ponta Grossa,Match Finished,FT,90.0,72,Serie B,Brazil,https://media.api-sports.io/football/leagues/72.png,https://media.api-sports.io/flags/br.svg,2025,Regular Season - 24,1223,Operario-PR,https://media.api-sports.io/football/teams/1223.png,True,147,Coritiba,https://media.api-sports.io/football/teams/147.png,False,1.0,0.0,1.0,0.0,1.0,0.0,,,,,,,
1353496,"Edina Alves Batista, Brazil",UTC,2025-08-30T19:00:00+00:00,1756580400,1756580400.0,1756584000.0,232.0,Estádio Rei Pelé,"Maceió, Alagoas",Match Finished,FT,90.0,72,Serie B,Brazil,https://media.api-sports.io/football/leagues/72.png,https://media.api-sports.io/flags/br.svg,2025,Regular Season - 24,146,CRB,https://media.api-sports.io/football/teams/146.png,True,149,Paysandu,https://media.api-sports.io/football/teams/149.png,False,2.0,0.0,0.0,0.0,2.0,0.0,,,,,,,
1353491,"Wagner do Nascimento Magalhaes, Brazil",UTC,2025-08-30T21:30:00+00:00,1756589400,1756589400.0,1756593000.0,240.0,Estadio da Serrinha,Goiania,Match Finished,FT,90.0,72,Serie B,Brazil,https://media.api-sports.io/football/leagues/72.png,https://media.api-sports.io/flags/br.svg,2025,Regular Season - 24,151,Goias,https://media.api-sports.io/football/teams/151.png,False,2618,Botafogo SP,https://media.api-sports.io/football/teams/2618.png,True,2.0,3.0,1.0,1.0,2.0,3.0,,,,,,,
1353490,"Savio Pereira Sampaio, Brazil",UTC,2025-08-30T23:30:00+00:00,1756596600,1756596600.0,1756600200.0,,Ligga Arena,Curitiba,Match Finished,FT,90.0,72,Serie B,Brazil,https://media.api-sports.io/football/leagues/72.png,https://media.api-sports.io/flags/br.svg,2025,Regular Season - 24,134,Atletico Paranaense,https://media.api-sports.io/football/teams/134.png,True,7834,Novorizontino,https://media.api-sports.io/football/teams/7834.png,False,2.0,1.0,1.0,1.0,2.0,1.0,,,,,,,
1353492,"Gustavo Ervino Bauermann, Brazil",UTC,2025-08-31T19:00:00+00:00,1756666800,1756666800.0,1756670400.0,211.0,Estadio Serra Dourada,"Goiânia, Goiás",Match Finished,FT,90.0,72,Serie B,Brazil,https://media.api-sports.io/football/leagues/72.png,https://media.api-sports.io/flags/br.svg,2025,Regular Season - 24,144,Atletico Goianiense,https://media.api-sports.io/football/teams/144.png,True,10862,Amazonas,https://media.api-sports.io/football/teams/10862.png,False,2.0,0.0,1.0,0.0,2.0,0.0,,,,,,,
1353499,"Luciano da Silva Miranda Filho, Brazil",UTC,2025-08-31T21:30:00+00:00,1756675800,1756675800.0,1756679400.0,,Raulino de Oliveira,Rio de Janeiro,Match Finished,FT,90.0,72,Serie B,Brazil,https://media.api-sports.io/football/leagues/72.png,https://media.api-sports.io/flags/br.svg,2025,Regular Season - 24,7814,Volta Redonda,https://media.api-sports.io/football/teams/7814.png,False,13975,Athletic Club,https://media.api-sports.io/football/teams/13975.png,True,0.0,2.0,0.0,0.0,0.0,2.0,,,,,,,
1353494,"Fabio Augusto Santos Sa Junior, Brazil",UTC,2025-09-01T22:00:00+00:00,1756764000,1756764000.0,1756767600.0,227.0,Arena Condá,"Chapecó, Santa Catarina",Match Finished,FT,90.0,72,Serie B,Brazil,https://media.api-sports.io/football/leagues/72.png,https://media.api-sports.io/flags/br.svg,2025,Regular Season - 24,132,Chapecoense-sc,https://media.api-sports.io/football/teams/132.png,,142,Vila Nova,https://media.api-sports.io/football/teams/142.png,,2.0,2.0,1.0,1.0,2.0,2.0,,,,,,,
1353498,"Jonathan Benkenstein Pinheiro, Brazil",UTC,2025-09-02T00:30:00+00:00,1756773000,1756773000.0,1756776600.0,,Arena Fonte Luminosa,Araraquara,Match Finished,FT,90.0,72,Serie B,Brazil,https://media.api-sports.io/football/leagues/72.png,https://media.api-sports.io/flags/br.svg,2025,Regular Season - 24,7826,Ferroviária,https://media.api-sports.io/football/teams/7826.png,,1193,Cuiaba,https://media.api-sports.io/football/teams/1193.png,,2.0,2.0,2.0,0.0,2.0,2.0,,,,,,,
1353497,"Paulo Belence Alves Dos Prazeres Filho, Brazil",UTC,2025-09-02T22:30:00+00:00,1756852200,1756852200.0,1756855800.0,206.0,Estádio Raimundo Sampaio,Belo Horizonte,Match Finished,FT,90.0,72,Serie B,Brazil,https://media.api-sports.io/football/leagues/72.png,https://media.api-sports.io/flags/br.svg,2025,Regular Season - 24,125,America Mineiro,https://media.api-sports.io/football/teams/125.png,True,145,Avai,https://media.api-sports.io/football/teams/145.png,False,2.0,0.0,1.0,0.0,2.0,0.0,,,,,,,
1353506,"Matheus Delgado Candançan, Brazil",UTC,2025-09-05T20:00:00+00:00,1757102400,1757102400.0,1757106000.0,20767.0,Estádio Municipal Carlos Zamith,Manaus,Match Finished,FT,90.0,72,Serie B,Brazil,https://media.api-sports.io/football/leagues/72.png,https://media.api-sports.io/flags/br.svg,2025,Regular Season - 25,10862,Amazonas,https://media.api-sports.io/football/teams/10862.png,False,1198,remo,https://media.api-sports.io/football/teams/1198.png,True,1.0,3.0,0.0,1.0,1.0,3.0,,,,,,,
1353503,"Davi de Oliveira Lacerda, Brazil",UTC,2025-09-05T22:00:00+00:00,1757109600,1757109600.0,1757113200.0,,Leonidas Sodre de Castro,Belem,Match Finished,FT,90.0,72,Serie B,Brazil,https://media.api-sports.io/football/leagues/72.png,https://media.api-sports.io/flags/br.svg,2025,Regular Season - 25,149,Paysandu,https://media.api-sports.io/football/teams/149.png,False,7814,Volta Redonda,https://media.api-sports.io/football/teams/7814.png,True,1.0,2.0,1.0,0.0,1.0,2.0,,,,,,,
1353500,"Bruno Arleu de Araujo, Brazil",UTC,2025-09-06T00:30:00+00:00,1757118600,1757118600.0,1757122200.0,230.0,Estádio Major Antônio Couto Pereira,Curitiba,Match Finished,FT,90.0,72,Serie B,Brazil,https://media.api-sports.io/football/leagues/72.png,https://media.api-sports.io/flags/br.svg,2025,Regular Season - 25,147,Coritiba,https://media.api-sports.io/football/teams/147.png,True,7826,Ferroviária,https://media.api-sports.io/football/teams/7826.png,False,4.0,0.0,0.0,0.0,4.0,0.0,,,,,,,
1353509,"Yuri Elino Ferreira Da Cruz, Brazil",UTC,2025-09-06T19:00:00+00:00,1757185200,1757185200.0,1757188800.0,,Estadio Santa Cruz,Ribeirao Preto,Match Finished,FT,90.0,72,Serie B,Brazil,https://media.api-sports.io/football/leagues/72.png,https://media.api-sports.io/flags/br.svg,2025,Regular Season - 25,2618,Botafogo SP,https://media.api-sports.io/football/teams/2618.png,False,134,Atletico Paranaense,https://media.api-sports.io/football/teams/134.png,True,1.0,3.0,0.0,1.0,1.0,3.0,,,,,,,
1353505,"Felipe Fernandes de Lima, Brazil",UTC,2025-09-07T19:00:00+00:00,1757271600,1757271600.0,1757275200.0,233.0,Estádio Heriberto Hülse,"Criciúma, Santa Catarina",Match Finished,FT,90.0,72,Serie B,Brazil,https://media.api-sports.io/football/leagues/72.png,https://media.api-sports.io/flags/br.svg,2025,Regular Season - 25,140,Criciuma,https://media.api-sports.io/football/teams/140.png,True,132,Chapecoense-sc,https://media.api-sports.io/football/teams/132.png,False,2.0,0.0,2.0,0.0,2.0,0.0,,,,,,,
1353507,"Bruno Pereira Vasconcelos, Brazil",UTC,2025-09-07T21:30:00+00:00,1757280600,1757280600.0,1757284200.0,206.0,Estádio Raimundo Sampaio,Belo Horizonte,Match Finished,FT,90.0,72,Serie B,Brazil,https://media.api-sports.io/football/leagues/72.png,https://media.api-sports.io/flags/br.svg,2025,Regular Season - 25,125,America Mineiro,https://media.api-sports.io/football/teams/125.png,,1223,Operario-PR,https://media.api-sports.io/football/teams/1223.png,,1.0,1.0,1.0,1.0,1.0,1.0,,,,,,,
1353504,"Fernando Antonio Mendes de Salles Nascimento Filho, Brazil",UTC,2025-09-07T23:30:00+00:00,1757287800,1757287800.0,1757291400.0,,Ressacada,Florianópolis,Match Finished,FT,90.0,72,Serie B,Brazil,https://media.api-sports.io/football/leagues/72.png,https://media.api-sports.io/flags/br.svg,2025,Regular Season - 25,145,Avai,https://media.api-sports.io/football/teams/145.png,True,151,Goias,https://media.api-sports.io/football/teams/151.png,False,2.0,1.0,1.0,0.0,2.0,1.0,,,,,,,
1353508,"Jonathan Benkenstein Pinheiro, Brazil",UTC,2025-09-08T22:30:00+00:00,1757370600,1757370600.0,1757374200.0,,Estadio Dr. Jorge Ismael de Biasi,Novo Horizonte,Match Finished,FT,90.0,72,Serie B,Brazil,https://media.api-sports.io/football/leagues/72.png,https://media.api-sports.io/flags/br.svg,2025,Regular Season - 25,7834,Novorizontino,https://media.api-sports.io/football/teams/7834.png,,144,Atletico Goianiense,https://media.api-sports.io/football/teams/144.png,,1.0,1.0,0.0,0.0,1.0,1.0,,,,,,,
1353502,"Kleber Ariel Goncalves da Silva, Brazil",UTC,2025-09-08T23:00:00+00:00,1757372400,1757372400.0,1757376000.0,,Arena Pantanal,Cuiabá,Match Finished,FT,90.0,72,Serie B,Brazil,https://media.api-sports.io/football/leagues/72.png,https://media.api-sports.io/flags/br.svg,2025,Regular Season - 25,1193,Cuiaba,https://media.api-sports.io/football/teams/1193.png,True,146,CRB,https://media.api-sports.io/football/teams/146.png,False,1.0,0.0,1.0,0.0,1.0,0.0,,,,,,,
1353501,"Lucas Canetto Bellote, Brazil",UTC,2025-09-09T00:30:00+00:00,1757377800,1757377800.0,1757381400.0,280.0,Estádio Onésio Brasileiro Alvarenga,"Goiânia, Goiás",Match Finished,FT,90.0,72,Serie B,Brazil,https://media.api-sports.io/football/leagues/72.png,https://media.api-sports.io/flags/br.svg,2025,Regular Season - 25,142,Vila Nova,https://media.api-sports.io/football/teams/142.png,,13975,Athletic Club,https://media.api-sports.io/football/teams/13975.png,,1.0,1.0,1.0,0.0,1.0,1.0,,,,,,,
1353519,"Leo Simao Holanda, Brazil",UTC,2025-09-12T22:00:00+00:00,1757714400,1757714400.0,1757718000.0,,Raulino de Oliveira,Rio de Janeiro,Match Finished,FT,90.0,72,Serie B,Brazil,https://media.api-sports.io/football/leagues/72.png,https://media.api-sports.io/flags/br.svg,2025,Regular Season - 26,7814,Volta Redonda,https://media.api-sports.io/football/teams/7814.png,,140,Criciuma,https://media.api-sports.io/football/teams/140.png,,0.0,0.0,0.0,0.0,0.0,0.0,,,,,,,
1353510,"Alex Gomes Stefano, Brazil",UTC,2025-09-13T00:30:00+00:00,1757723400,1757723400.0,1757727000.0,230.0,Estádio Major Antônio Couto Pereira,Curitiba,Match Finished,FT,90.0,72,Serie B,Brazil,https://media.api-sports.io/football/leagues/72.png,https://media.api-sports.io/flags/br.svg,2025,Regular Season - 26,147,Coritiba,https://media.api-sports.io/football/teams/147.png,,151,Goias,https://media.api-sports.io/football/teams/151.png,,0.0,0.0,0.0,0.0,0.0,0.0,,,,,,,
1353513,"Afro Rocha De Carvalho Filho, Brazil",UTC,2025-09-13T19:00:00+00:00,1757790000,1757790000.0,1757793600.0,,Leonidas Sodre de Castro,Belem,Match Finished,FT,90.0,72,Serie B,Brazil,https://media.api-sports.io/football/leagues/72.png,https://media.api-sports.io/flags/br.svg,2025,Regular Season - 26,149,Paysandu,https://media.api-sports.io/football/teams/149.png,,125,America Mineiro,https://media.api-sports.io/football/teams/125.png,,0.0,0.0,0.0,0.0,0.0,0.0,,,,,,,
1353511,"Jonathan Benkenstein Pinheiro, Brazil",UTC,2025-09-13T21:30:00+00:00,1757799000,1757799000.0,1757802600.0,280.0,Estádio Onésio Brasileiro Alvarenga,"Goiânia, Goiás",Match Finished,FT,90.0,72,Serie B,Brazil,https://media.api-sports.io/football/leagues/72.png,https://media.api-sports.io/flags/br.svg,2025,Regular Season - 26,142,Vila Nova,https://media.api-sports.io/football/teams/142.png,,1198,remo,https://media.api-sports.io/football/teams/1198.png,,1.0,1.0,0.0,0.0,1.0,1.0,,,,,,,
1353515,"Marcio dos Santos Oliveira, Brazil",UTC,2025-09-14T19:00:00+00:00,1757876400,1757876400.0,1757880000.0,256.0,Estádio Germano Krüger,Ponta Grossa,Match Finished,FT,90.0,72,Serie B,Brazil,https://media.api-sports.io/football/leagues/72.png,https://media.api-sports.io/flags/br.svg,2025,Regular Season - 26,1223,Operario-PR,https://media.api-sports.io/football/teams/1223.png,,1193,Cuiaba,https://media.api-sports.io/football/teams/1193.png,,1.0,1.0,0.0,1.0,1.0,1.0,,,,,,,
1353517,"Marcelo de Lima Henrique, Brazil",UTC,2025-09-14T21:30:00+00:00,1757885400,1757885400.0,1757889000.0,10545.0,Estádio Joaquim Portugal,Minas Gerais,Match Finished,FT,90.0,72,Serie B,Brazil,https://media.api-sports.io/football/leagues/72.png,https://media.api-sports.io/flags/br.svg,2025,Regular Season - 26,13975,Athletic Club,https://media.api-sports.io/football/teams/13975.png,True,2618,Botafogo SP,https://media.api-sports.io/football/teams/2618.png,False,2.0,0.0,0.0,0.0,2.0,0.0,,,,,,,
1353518,"Fabiano Monteiro dos Santos, Brazil",UTC,2025-09-15T22:00:00+00:00,1757973600,1757973600.0,1757977200.0,,Arena Fonte Luminosa,Araraquara,Match Finished,FT,90.0,72,Serie B,Brazil,https://media.api-sports.io/football/leagues/72.png,https://media.api-sports.io/flags/br.svg,2025,Regular Season - 26,7826,Ferroviária,https://media.api-sports.io/football/teams/7826.png,False,7834,Novorizontino,https://media.api-sports.io/football/teams/7834.png,True,1.0,2.0,1.0,1.0,1.0,2.0,,,,,,,
1353516,"Paulo Belence Alves Dos Prazeres Filho, Brazil",UTC,2025-09-16T00:30:00+00:00,1757982600,1757982600.0,1757986200.0,232.0,Estádio Rei Pelé,"Maceió, Alagoas",Match Finished,FT,90.0,72,Serie B,Brazil,https://media.api-sports.io/football/leagues/72.png,https://media.api-sports.io/flags/br.svg,2025,Regular Season - 26,146,CRB,https://media.api-sports.io/football/teams/146.png,True,10862,Amazonas,https://media.api-sports.io/football/teams/10862.png,False,2.0,0.0,1.0,0.0,2.0,0.0,,,,,,,
1353512,"Maguielson Lima Barbosa, Brazil",UTC,2025-09-16T22:30:00+00:00,1758061800,1758061800.0,1758065400.0,211.0,Estadio Serra Dourada,"Goiânia, Goiás",Match Finished,FT,90.0,72,Serie B,Brazil,https://media.api-sports.io/football/leagues/72.png,https://media.api-sports.io/flags/br.svg,2025,Regular Season - 26,144,Atletico Goianiense,https://media.api-sports.io/football/teams/144.png,True,145,Avai,https://media.api-sports.io/football/teams/145.png,False,2.0,1.0,1.0,1.0,2.0,1.0,,,,,,,
1353514,"Wagner do Nascimento Magalhaes, Brazil",UTC,2025-09-17T00:35:00+00:00,1758069300,1758069300.0,1758072900.0,227.0,Arena Condá,"Chapecó, Santa Catarina",Match Finished,FT,90.0,72,Serie B,Brazil,https://media.api-sports.io/football/leagues/72.png,https://media.api-sports.io/flags/br.svg,2025,Regular Season - 26,132,Chapecoense-sc,https://media.api-sports.io/football/teams/132.png,False,134,Atletico Paranaense,https://media.api-sports.io/football/teams/134.png,True,2.0,3.0,0.0,1.0,2.0,3.0,,,,,,,
1353529,"Jefferson Ferreira de Moraes, Brazil",UTC,2025-09-18T22:00:00+00:00,1758232800,1758232800.0,1758236400.0,,Estadio Santa Cruz,Ribeirao Preto,Match Finished,FT,90.0,72,Serie B,Brazil,https://media.api-sports.io/football/leagues/72.png,https://media.api-sports.io/flags/br.svg,2025,Regular Season - 27,2618,Botafogo SP,https://media.api-sports.io/football/teams/2618.png,,1223,Operario-PR,https://media.api-sports.io/football/teams/1223.png,,1.0,1.0,0.0,1.0,1.0,1.0,,,,,,,
1353528,"Fernando Antonio Mendes de Salles Nascimento Filho, Brazil",UTC,2025-09-19T22:00:00+00:00,1758319200,1758319200.0,1758322800.0,,Estadio Dr. Jorge Ismael de Biasi,Novo Horizonte,Match Finished,FT,90.0,72,Serie B,Brazil,https://media.api-sports.io/football/leagues/72.png,https://media.api-sports.io/flags/br.svg,2025,Regular Season - 27,7834,Novorizontino,https://media.api-sports.io/football/teams/7834.png,True,13975,Athletic Club,https://media.api-sports.io/football/teams/13975.png,False,1.0,0.0,0.0,0.0,1.0,0.0,,,,,,,
1353521,"Paulo Cesar Zanovelli da Silva, Brazil",UTC,2025-09-20T19:00:00+00:00,1758394800,1758394800.0,1758398400.0,240.0,Estadio da Serrinha,Goiania,Match Finished,FT,90.0,72,Serie B,Brazil,https://media.api-sports.io/football/leagues/72.png,https://media.api-sports.io/flags/br.svg,2025,Regular Season - 27,151,Goias,https://media.api-sports.io/football/teams/151.png,True,149,Paysandu,https://media.api-sports.io/football/teams/149.png,False,1.0,0.0,0.0,0.0,1.0,0.0,,,,,,,
1353524,"Bruno Arleu de Araujo, Brazil",UTC,2025-09-20T21:30:00+00:00,1758403800,1758403800.0,1758407400.0,,Ressacada,Florianópolis,Match Finished,FT,90.0,72,Serie B,Brazil,https://media.api-sports.io/football/leagues/72.png,https://media.api-sports.io/flags/br.svg,2025,Regular Season - 27,145,Avai,https://media.api-sports.io/football/teams/145.png,,7826,Ferroviária,https://media.api-sports.io/football/teams/7826.png,,2.0,2.0,1.0,1.0,2.0,2.0,,,,,,,
1353526,"Gustavo Ervino Bauermann, Brazil",UTC,2025-09-20T21:30:00+00:00,1758403800,1758403800.0,1758407400.0,20767.0,Estádio Municipal Carlos Zamith,Manaus,Match Finished,FT,90.0,72,Serie B,Brazil,https://media.api-sports.io/football/leagues/72.png,https://media.api-sports.io/flags/br.svg,2025,Regular Season - 27,10862,Amazonas,https://media.api-sports.io/football/teams/10862.png,True,7814,Volta Redonda,https://media.api-sports.io/football/teams/7814.png,False,1.0,0.0,1.0,0.0,1.0,0.0,,,,,,,
1353523,"Felipe Fernandes de Lima, Brazil",UTC,2025-09-20T23:30:00+00:00,1758411000,1758411000.0,1758414600.0,,Estadio Evandro Almeida,Belem,Match Finished,FT,90.0,72,Serie B,Brazil,https://media.api-sports.io/football/leagues/72.png,https://media.api-sports.io/flags/br.svg,2025,Regular Season - 27,1198,remo,https://media.api-sports.io/football/teams/1198.png,False,144,Atletico Goianiense,https://media.api-sports.io/football/teams/144.png,True,0.0,1.0,0.0,1.0,0.0,1.0,,,,,,,
1353527,"Lucas Guimarães Rechatiko Horn, Brazil",UTC,2025-09-21T19:00:00+00:00,1758481200,1758481200.0,1758484800.0,206.0,Estádio Raimundo Sampaio,Belo Horizonte,Match Finished,FT,90.0,72,Serie B,Brazil,https://media.api-sports.io/football/leagues/72.png,https://media.api-sports.io/flags/br.svg,2025,Regular Season - 27,125,America Mineiro,https://media.api-sports.io/football/teams/125.png,True,147,Coritiba,https://media.api-sports.io/football/teams/147.png,False,1.0,0.0,0.0,0.0,1.0,0.0,,,,,,,
1353525,"Bruno Mota Correia, Brazil",UTC,2025-09-21T19:00:00+00:00,1758481200,1758481200.0,1758484800.0,233.0,Estádio Heriberto Hülse,"Criciúma, Santa Catarina",Match Finished,FT,90.0,72,Serie B,Brazil,https://media.api-sports.io/football/leagues/72.png,https://media.api-sports.io/flags/br.svg,2025,Regular Season - 27,140,Criciuma,https://media.api-sports.io/football/teams/140.png,True,146,CRB,https://media.api-sports.io/football/teams/146.png,False,1.0,0.0,1.0,0.0,1.0,0.0,,,,,,,
1353520,"Andre Luiz Skettino Policarpo Bento, Brazil",UTC,2025-09-21T22:00:00+00:00,1758492000,1758492000.0,1758495600.0,,Ligga Arena,Curitiba,Match Finished,FT,90.0,72,Serie B,Brazil,https://media.api-sports.io/football/leagues/72.png,https://media.api-sports.io/flags/br.svg,2025,Regular Season - 27,134,Atletico Paranaense,https://media.api-sports.io/football/teams/134.png,True,142,Vila Nova,https://media.api-sports.io/football/teams/142.png,False,2.0,0.0,1.0,0.0,2.0,0.0,,,,,,,
1353522,"Edina Alves Batista, Brazil",UTC,2025-09-21T23:30:00+00:00,1758497400,1758497400.0,1758501000.0,,Arena Pantanal,Cuiabá,Match Finished,FT,90.0,72,Serie B,Brazil,https://media.api-sports.io/football/leagues/72.png,https://media.api-sports.io/flags/br.svg,2025,Regular Season - 27,1193,Cuiaba,https://media.api-sports.io/football/teams/1193.png,True,132,Chapecoense-sc,https://media.api-sports.io/football/teams/132.png,False,1.0,0.0,0.0,0.0,1.0,0.0,,,,,,,
1353533,"Luciano da Silva Miranda Filho, Brazil",UTC,2025-09-23T22:30:00+00:00,1758666600,1758666600.0,1758670200.0,,Leonidas Sodre de Castro,Belem,Match Finished,FT,90.0,72,Serie B,Brazil,https://media.api-sports.io/football/leagues/72.png,https://media.api-sports.io/flags/br.svg,2025,Regular Season - 28,149,Paysandu,https://media.api-sports.io/football/teams/149.png,False,7834,Novorizontino,https://media.api-sports.io/football/teams/7834.png,True,0.0,1.0,0.0,0.0,0.0,1.0,,,,,,,
1353538,"Maguielson Lima Barbosa, Brazil",UTC,2025-09-24T00:35:00+00:00,1758674100,1758674100.0,1758677700.0,,Arena Fonte Luminosa,Araraquara,Match Finished,FT,90.0,72,Serie B,Brazil,https://media.api-sports.io/football/leagues/72.png,https://media.api-sports.io/flags/br.svg,2025,Regular Season - 28,7826,Ferroviária,https://media.api-sports.io/football/teams/7826.png,,151,Goias,https://media.api-sports.io/football/teams/151.png,,1.0,1.0,0.0,1.0,1.0,1.0,,,,,,,
1353531,"Wagner do Nascimento Magalhaes, Brazil",UTC,2025-09-24T22:00:00+00:00,1758751200,1758751200.0,1758754800.0,280.0,Estádio Onésio Brasileiro Alvarenga,"Goiânia, Goiás",Match Finished,FT,90.0,72,Serie B,Brazil,https://media.api-sports.io/football/leagues/72.png,https://media.api-sports.io/flags/br.svg,2025,Regular Season - 28,142,Vila Nova,https://media.api-sports.io/football/teams/142.png,,1193,Cuiaba,https://media.api-sports.io/football/teams/1193.png,,2.0,2.0,0.0,0.0,2.0,2.0,,,,,,,
1353536,"Wagner do Nascimento Magalhaes, Brazil",UTC,2025-09-24T22:00:00+00:00,1758751200,1758751200.0,1758754800.0,232.0,Estádio Rei Pelé,"Maceió, Alagoas",Match Finished,FT,90.0,72,Serie B,Brazil,https://media.api-sports.io/football/leagues/72.png,https://media.api-sports.io/flags/br.svg,2025,Regular Season - 28,146,CRB,https://media.api-sports.io/football/teams/146.png,True,2618,Botafogo SP,https://media.api-sports.io/football/teams/2618.png,False,3.0,2.0,2.0,0.0,3.0,2.0,,,,,,,
1353537,"Marcio dos Santos Oliveira, Brazil",UTC,2025-09-24T22:00:00+00:00,1758751200,1758751200.0,1758754800.0,10545.0,Estádio Joaquim Portugal,Minas Gerais,Match Finished,FT,90.0,72,Serie B,Brazil,https://media.api-sports.io/football/leagues/72.png,https://media.api-sports.io/flags/br.svg,2025,Regular Season - 28,13975,Athletic Club,https://media.api-sports.io/football/teams/13975.png,False,134,Atletico Paranaense,https://media.api-sports.io/football/teams/134.png,True,0.0,3.0,0.0,1.0,0.0,3.0,,,,,,,
1353535,"Thaillan Azevedo Gomes, Brazil",UTC,2025-09-24T23:00:00+00:00,1758754800,1758754800.0,1758758400.0,256.0,Estádio Germano Krüger,Ponta Grossa,Match Finished,FT,90.0,72,Serie B,Brazil,https://media.api-sports.io/football/leagues/72.png,https://media.api-sports.io/flags/br.svg,2025,Regular Season - 28,1223,Operario-PR,https://media.api-sports.io/football/teams/1223.png,True,10862,Amazonas,https://media.api-sports.io/football/teams/10862.png,False,2.0,1.0,1.0,1.0,2.0,1.0,,,,,,,
1353539,"Paulo Roberto Alves Junior, Brazil",UTC,2025-09-25T00:30:00+00:00,1758760200,1758760200.0,1758763800.0,,Raulino de Oliveira,Rio de Janeiro,Match Finished,FT,90.0,72,Serie B,Brazil,https://media.api-sports.io/football/leagues/72.png,https://media.api-sports.io/flags/br.svg,2025,Regular Season - 28,7814,Volta Redonda,https://media.api-sports.io/football/teams/7814.png,True,1198,remo,https://media.api-sports.io/football/teams/1198.png,False,2.0,1.0,1.0,0.0,2.0,1.0,,,,,,,
1353530,"Lucas Canetto Bellote, Brazil",UTC,2025-09-25T22:00:00+00:00,1758837600,1758837600.0,1758841200.0,230.0,Estádio Major Antônio Couto Pereira,Curitiba,Match Finished,FT,90.0,72,Serie B,Brazil,https://media.api-sports.io/football/leagues/72.png,https://media.api-sports.io/flags/br.svg,2025,Regular Season - 28,147,Coritiba,https://media.api-sports.io/football/teams/147.png,False,140,Criciuma,https://media.api-sports.io/football/teams/140.png,True,0.0,2.0,0.0,2.0,0.0,2.0,,,,,,,
1353532,"Paulo Belence Alves Dos Prazeres Filho, Brazil",UTC,2025-09-26T00:30:00+00:00,1758846600,1758846600.0,1758850200.0,211.0,Estadio Serra Dourada,"Goiânia, Goiás",Match Finished,FT,90.0,72,Serie B,Brazil,https://media.api-sports.io/football/leagues/72.png,https://media.api-sports.io/flags/br.svg,2025,Regular Season - 28,144,Atletico Goianiense,https://media.api-sports.io/football/teams/144.png,True,125,America Mineiro,https://media.api-sports.io/football/teams/125.png,False,1.0,0.0,0.0,0.0,1.0,0.0,,,,,,,
1353534,"Paulo Cesar Zanovelli da Silva, Brazil",UTC,2025-09-26T00:35:00+00:00,1758846900,1758846900.0,1758850500.0,227.0,Arena Condá,"Chapecó, Santa Catarina",Match Finished,FT,90.0,72,Serie B,Brazil,https://media.api-sports.io/football/leagues/72.png,https://media.api-sports.io/flags/br.svg,2025,Regular Season - 28,132,Chapecoense-sc,https://media.api-sports.io/football/teams/132.png,False,145,Avai,https://media.api-sports.io/football/teams/145.png,True,0.0,1.0,0.0,0.0,0.0,1.0,,,,,,,
1353540,"Jose Mendonca da Silva Junior, Brazil",UTC,2025-09-27T23:30:00+00:00,1759015800,1759015800.0,1759019400.0,,Ligga Arena,Curitiba,Match Finished,FT,90.0,72,Serie B,Brazil,https://media.api-sports.io/football/leagues/72.png,https://media.api-sports.io/flags/br.svg,2025,Regular Season - 29,134,Atletico Paranaense,https://media.api-sports.io/football/teams/134.png,True,1223,Operario-PR,https://media.api-sports.io/football/teams/1223.png,False,1.0,0.0,1.0,0.0,1.0,0.0,,,,,,,
1353545,"Afro Rocha De Carvalho Filho, Brazil",UTC,2025-09-28T19:00:00+00:00,1759086000,1759086000.0,1759089600.0,233.0,Estádio Heriberto Hülse,"Criciúma, Santa Catarina",Match Finished,FT,90.0,72,Serie B,Brazil,https://media.api-sports.io/football/leagues/72.png,https://media.api-sports.io/flags/br.svg,2025,Regular Season - 29,140,Criciuma,https://media.api-sports.io/football/teams/140.png,False,149,Paysandu,https://media.api-sports.io/football/teams/149.png,True,2.0,4.0,2.0,2.0,2.0,4.0,,,,,,,
1353548,"Andre Luiz Skettino Policarpo Bento, Brazil",UTC,2025-09-28T19:00:00+00:00,1759086000,1759086000.0,1759089600.0,,Estadio Dr. Jorge Ismael de Biasi,Novo Horizonte,Match Finished,FT,90.0,72,Serie B,Brazil,https://media.api-sports.io/football/leagues/72.png,https://media.api-sports.io/flags/br.svg,2025,Regular Season - 29,7834,Novorizontino,https://media.api-sports.io/football/teams/7834.png,,142,Vila Nova,https://media.api-sports.io/football/teams/142.png,,1.0,1.0,0.0,1.0,1.0,1.0,,,,,,,
1353543,"Wagner do Nascimento Magalhaes, Brazil",UTC,2025-09-28T21:00:00+00:00,1759093200,1759093200.0,1759096800.0,,Estadio Evandro Almeida,Belem,Match Finished,FT,90.0,72,Serie B,Brazil,https://media.api-sports.io/football/leagues/72.png,https://media.api-sports.io/flags/br.svg,2025,Regular Season - 29,1198,remo,https://media.api-sports.io/football/teams/1198.png,True,146,CRB,https://media.api-sports.io/football/teams/146.png,False,4.0,2.0,2.0,1.0,4.0,2.0,,,,,,,
1353549,"Charly Wendy Straub Deretti, Brazil",UTC,2025-09-28T21:30:00+00:00,1759095000,1759095000.0,1759098600.0,,Estadio Santa Cruz,Ribeirao Preto,Match Finished,FT,90.0,72,Serie B,Brazil,https://media.api-sports.io/football/leagues/72.png,https://media.api-sports.io/flags/br.svg,2025,Regular Season - 29,2618,Botafogo SP,https://media.api-sports.io/football/teams/2618.png,False,7826,Ferroviária,https://media.api-sports.io/football/teams/7826.png,True,1.0,2.0,0.0,0.0,1.0,2.0,,,,,,,
1353542,"Maguielson Lima Barbosa, Brazil",UTC,2025-09-28T23:30:00+00:00,1759102200,1759102200.0,1759105800.0,,Arena Pantanal,Cuiabá,Match Finished,FT,90.0,72,Serie B,Brazil,https://media.api-sports.io/football/leagues/72.png,https://media.api-sports.io/flags/br.svg,2025,Regular Season - 29,1193,Cuiaba,https://media.api-sports.io/football/teams/1193.png,True,13975,Athletic Club,https://media.api-sports.io/football/teams/13975.png,False,2.0,1.0,1.0,1.0,2.0,1.0,,,,,,,
1353546,"Savio Pereira Sampaio, Brazil",UTC,2025-09-29T19:00:00+00:00,1759172400,1759172400.0,1759176000.0,20767.0,Estádio Municipal Carlos Zamith,Manaus,Match Finished,FT,90.0,72,Serie B,Brazil,https://media.api-sports.io/football/leagues/72.png,https://media.api-sports.io/flags/br.svg,2025,Regular Season - 29,10862,Amazonas,https://media.api-sports.io/football/teams/10862.png,False,132,Chapecoense-sc,https://media.api-sports.io/football/teams/132.png,True,1.0,3.0,1.0,1.0,1.0,3.0,,,,,,,
1353547,"Jonathan Benkenstein Pinheiro, Brazil",UTC,2025-09-29T22:00:00+00:00,1759183200,1759183200.0,1759186800.0,206.0,Estádio Raimundo Sampaio,Belo Horizonte,Match Finished,FT,90.0,72,Serie B,Brazil,https://media.api-sports.io/football/leagues/72.png,https://media.api-sports.io/flags/br.svg,2025,Regular Season - 29,125,America Mineiro,https://media.api-sports.io/football/teams/125.png,True,7814,Volta Redonda,https://media.api-sports.io/football/teams/7814.png,False,2.0,1.0,1.0,0.0,2.0,1.0,,,,,,,
1353544,"Leo Simao Holanda, Brazil",UTC,2025-09-29T22:30:00+00:00,1759185000,1759185000.0,1759188600.0,,Ressacada,Florianópolis,Match Finished,FT,90.0,72,Serie B,Brazil,https://media.api-sports.io/football/leagues/72.png,https://media.api-sports.io/flags/br.svg,2025,Regular Season - 29,145,Avai,https://media.api-sports.io/football/teams/145.png,False,147,Coritiba,https://media.api-sports.io/football/teams/147.png,True,0.0,2.0,0.0,1.0,0.0,2.0,,,,,,,
1353541,"Lucas Paulo Torezin, Brazil",UTC,2025-10-01T00:35:00+00:00,1759278900,1759278900.0,1759282500.0,240.0,Estádio de Hailé Pinheiro,Goiania,Match Finished,FT,90.0,72,Serie B,Brazil,https://media.api-sports.io/football/leagues/72.png,https://media.api-sports.io/flags/br.svg,2025,Regular Season - 29,151,Goias,https://media.api-sports.io/football/teams/151.png,,144,Atletico Goianiense,https://media.api-sports.io/football/teams/144.png,,0.0,0.0,0.0,0.0,0.0,0.0,,,,,,,
1353553,"Emerson Ricardo de Almeida Andrade, Brazil",UTC,2025-10-02T22:00:00+00:00,1759442400,1759442400.0,1759446000.0,,Leonidas Sodre de Castro,Belem,Match Finished,FT,90.0,72,Serie B,Brazil,https://media.api-sports.io/football/leagues/72.png,https://media.api-sports.io/flags/br.svg,2025,Regular Season - 30,149,Paysandu,https://media.api-sports.io/football/teams/149.png,,1193,Cuiaba,https://media.api-sports.io/football/teams/1193.png,,1.0,1.0,0.0,1.0,1.0,1.0,,,,,,,
1353551,"Fernando Antonio Mendes de Salles Nascimento Filho, Brazil",UTC,2025-10-03T00:30:00+00:00,1759451400,1759451400.0,1759455000.0,280.0,Estádio Onésio Brasileiro Alvarenga,"Goiânia, Goiás",Match Finished,FT,90.0,72,Serie B,Brazil,https://media.api-sports.io/football/leagues/72.png,https://media.api-sports.io/flags/br.svg,2025,Regular Season - 30,142,Vila Nova,https://media.api-sports.io/football/teams/142.png,,140,Criciuma,https://media.api-sports.io/football/teams/140.png,,1.0,1.0,1.0,0.0,1.0,1.0,,,,,,,
1353557,"Paulo Roberto Alves Junior, Brazil",UTC,2025-10-03T22:00:00+00:00,1759528800,1759528800.0,1759532400.0,10545.0,Estádio Joaquim Portugal,Minas Gerais,Match Finished,FT,90.0,72,Serie B,Brazil,https://media.api-sports.io/football/leagues/72.png,https://media.api-sports.io/flags/br.svg,2025,Regular Season - 30,13975,Athletic Club,https://media.api-sports.io/football/teams/13975.png,,10862,Amazonas,https://media.api-sports.io/football/teams/10862.png,,2.0,2.0,1.0,1.0,2.0,2.0,,,,,,,
1353550,"Jonathan Benkenstein Pinheiro, Brazil",UTC,2025-10-04T00:30:00+00:00,1759537800,1759537800.0,1759541400.0,230.0,Estádio Major Antônio Couto Pereira,Curitiba,Match Finished,FT,90.0,72,Serie B,Brazil,https://media.api-sports.io/football/leagues/72.png,https://media.api-sports.io/flags/br.svg,2025,Regular Season - 30,147,Coritiba,https://media.api-sports.io/football/teams/147.png,True,2618,Botafogo SP,https://media.api-sports.io/football/teams/2618.png,False,2.0,0.0,2.0,0.0,2.0,0.0,,,,,,,
1353556,"Afro Rocha De Carvalho Filho, Brazil",UTC,2025-10-04T00:35:00+00:00,1759538100,1759538100.0,1759541700.0,232.0,Estádio Rei Pelé,"Maceió, Alagoas",Match Finished,FT,90.0,72,Serie B,Brazil,https://media.api-sports.io/football/leagues/72.png,https://media.api-sports.io/flags/br.svg,2025,Regular Season - 30,146,CRB,https://media.api-sports.io/football/teams/146.png,True,145,Avai,https://media.api-sports.io/football/teams/145.png,False,1.0,0.0,1.0,0.0,1.0,0.0,,,,,,,
1353554,"Alisson Sidnei Furtado, Brazil",UTC,2025-10-04T19:00:00+00:00,1759604400,1759604400.0,1759608000.0,227.0,Arena Condá,"Chapecó, Santa Catarina",Match Finished,FT,90.0,72,Serie B,Brazil,https://media.api-sports.io/football/leagues/72.png,https://media.api-sports.io/flags/br.svg,2025,Regular Season - 30,132,Chapecoense-sc,https://media.api-sports.io/football/teams/132.png,True,7834,Novorizontino,https://media.api-sports.io/football/teams/7834.png,False,1.0,0.0,0.0,0.0,1.0,0.0,,,,,,,
1353559,"Luciano da Silva Miranda Filho, Brazil",UTC,2025-10-04T21:30:00+00:00,1759613400,1759613400.0,1759617000.0,,Raulino de Oliveira,Rio de Janeiro,Match Finished,FT,90.0,72,Serie B,Brazil,https://media.api-sports.io/football/leagues/72.png,https://media.api-sports.io/flags/br.svg,2025,Regular Season - 30,7814,Volta Redonda,https://media.api-sports.io/football/teams/7814.png,,151,Goias,https://media.api-sports.io/football/teams/151.png,,0.0,0.0,0.0,0.0,0.0,0.0,,,,,,,
1353558,"Wagner do Nascimento Magalhaes, Brazil",UTC,2025-10-04T23:30:00+00:00,1759620600,1759620600.0,1759624200.0,5658.0,Arena Fonte Luminosa,Araraquara,Match Finished,FT,90.0,72,Serie B,Brazil,https://media.api-sports.io/football/leagues/72.png,https://media.api-sports.io/flags/br.svg,2025,Regular Season - 30,7826,Ferroviária,https://media.api-sports.io/football/teams/7826.png,False,125,America Mineiro,https://media.api-sports.io/football/teams/125.png,True,1.0,3.0,1.0,1.0,1.0,3.0,,,,,,,
1353555,"Luiz Augusto Silveira Tisne,",UTC,2025-10-05T19:00:00+00:00,1759690800,1759690800.0,1759694400.0,256.0,Estádio Germano Krüger,Ponta Grossa,Match Finished,FT,90.0,72,Serie B,Brazil,https://media.api-sports.io/football/leagues/72.png,https://media.api-sports.io/flags/br.svg,2025,Regular Season - 30,1223,Operario-PR,https://media.api-sports.io/football/teams/1223.png,False,1198,remo,https://media.api-sports.io/football/teams/1198.png,True,0.0,1.0,0.0,0.0,0.0,1.0,,,,,,,
1353552,"Gustavo Ervino Bauermann, Brazil",UTC,2025-10-05T23:30:00+00:00,1759707000,1759707000.0,1759710600.0,211.0,Estádio Antônio Accioly,"Goiânia, Goiás",Match Finished,FT,90.0,72,Serie B,Brazil,https://media.api-sports.io/football/leagues/72.png,https://media.api-sports.io/flags/br.svg,2025,Regular Season - 30,144,Atletico Goianiense,https://media.api-sports.io/football/teams/144.png,True,134,Atletico Paranaense,https://media.api-sports.io/football/teams/134.png,False,3.0,0.0,2.0,0.0,3.0,0.0,,,,,,,
1353566,"Emerson Ricardo de Almeida Andrade, Brazil",UTC,2025-10-07T23:00:00+00:00,1759878000,1759878000.0,1759881600.0,20767.0,Estádio Municipal Carlos Zamith,Manaus,Match Finished,FT,90.0,72,Serie B,Brazil,https://media.api-sports.io/football/leagues/72.png,https://media.api-sports.io/flags/br.svg,2025,Regular Season - 31,10862,Amazonas,https://media.api-sports.io/football/teams/10862.png,True,140,Criciuma,https://media.api-sports.io/football/teams/140.png,False,2.0,1.0,0.0,1.0,2.0,1.0,,,,,,,
1353561,"Matheus Delgado Candançan, Brazil",UTC,2025-10-08T00:30:00+00:00,1759883400,1759883400.0,1759887000.0,240.0,Estádio de Hailé Pinheiro,Goiania,Match Finished,FT,90.0,72,Serie B,Brazil,https://media.api-sports.io/football/leagues/72.png,https://media.api-sports.io/flags/br.svg,2025,Regular Season - 31,151,Goias,https://media.api-sports.io/football/teams/151.png,False,146,CRB,https://media.api-sports.io/football/teams/146.png,True,1.0,2.0,1.0,1.0,1.0,2.0,,,,,,,
1353569,"Andre Luiz Skettino Policarpo Bento, Brazil",UTC,2025-10-08T00:35:00+00:00,1759883700,1759883700.0,1759887300.0,,Estadio Santa Cruz,Ribeirao Preto,Match Finished,FT,90.0,72,Serie B,Brazil,https://media.api-sports.io/football/leagues/72.png,https://media.api-sports.io/flags/br.svg,2025,Regular Season - 31,2618,Botafogo SP,https://media.api-sports.io/football/teams/2618.png,True,149,Paysandu,https://media.api-sports.io/football/teams/149.png,False,1.0,0.0,0.0,0.0,1.0,0.0,,,,,,,
1353562,"Davi de Oliveira Lacerda, Brazil",UTC,2025-10-08T22:00:00+00:00,1759960800,1759960800.0,1759964400.0,,Arena Pantanal,Cuiabá,Match Finished,FT,90.0,72,Serie B,Brazil,https://media.api-sports.io/football/leagues/72.png,https://media.api-sports.io/flags/br.svg,2025,Regular Season - 31,1193,Cuiaba,https://media.api-sports.io/football/teams/1193.png,False,7834,Novorizontino,https://media.api-sports.io/football/teams/7834.png,True,0.0,1.0,0.0,0.0,0.0,1.0,,,,,,,
1353565,"Anderson Daronco, Brazil",UTC,2025-10-08T22:00:00+00:00,1759960800,1759960800.0,1759964400.0,256.0,Estádio Germano Krüger,Ponta Grossa,Match Finished,FT,90.0,72,Serie B,Brazil,https://media.api-sports.io/football/leagues/72.png,https://media.api-sports.io/flags/br.svg,2025,Regular Season - 31,1223,Operario-PR,https://media.api-sports.io/football/teams/1223.png,False,13975,Athletic Club,https://media.api-sports.io/football/teams/13975.png,True,1.0,4.0,1.0,4.0,1.0,4.0,,,,,,,
1353564,"Savio Pereira Sampaio, Brazil",UTC,2025-10-09T00:00:00+00:00,1759968000,1759968000.0,1759971600.0,,Ressacada,Florianópolis,Match Finished,FT,90.0,72,Serie B,Brazil,https://media.api-sports.io/football/leagues/72.png,https://media.api-sports.io/flags/br.svg,2025,Regular Season - 31,145,Avai,https://media.api-sports.io/football/teams/145.png,True,7814,Volta Redonda,https://media.api-sports.io/football/teams/7814.png,False,3.0,0.0,1.0,0.0,3.0,0.0,,,,,,,
1353567,"Leo Simao Holanda, Brazil",UTC,2025-10-09T00:30:00+00:00,1759969800,1759969800.0,1759973400.0,206.0,Estádio Raimundo Sampaio,Belo Horizonte,Match Finished,FT,90.0,72,Serie B,Brazil,https://media.api-sports.io/football/leagues/72.png,https://media.api-sports.io/flags/br.svg,2025,Regular Season - 31,125,America Mineiro,https://media.api-sports.io/football/teams/125.png,,142,Vila Nova,https://media.api-sports.io/football/teams/142.png,,1.0,1.0,0.0,1.0,1.0,1.0,,,,,,,
1353568,"Maguielson Lima Barbosa, Brazil",UTC,2025-10-09T22:00:00+00:00,1760047200,1760047200.0,1760050800.0,5658.0,Arena Fonte Luminosa,Araraquara,Match Finished,FT,90.0,72,Serie B,Brazil,https://media.api-sports.io/football/leagues/72.png,https://media.api-sports.io/flags/br.svg,2025,Regular Season - 31,7826,Ferroviária,https://media.api-sports.io/football/teams/7826.png,False,132,Chapecoense-sc,https://media.api-sports.io/football/teams/132.png,True,0.0,1.0,0.0,0.0,0.0,1.0,,,,,,,
1353560,"Rafael Rodrigo Klein, Brazil",UTC,2025-10-09T22:30:00+00:00,1760049000,1760049000.0,1760052600.0,230.0,Couto Pereira,Curitiba,Match Finished,FT,90.0,72,Serie B,Brazil,https://media.api-sports.io/football/leagues/72.png,https://media.api-sports.io/flags/br.svg,2025,Regular Season - 31,147,Coritiba,https://media.api-sports.io/football/teams/147.png,True,144,Atletico Goianiense,https://media.api-sports.io/football/teams/144.png,False,2.0,1.0,0.0,0.0,2.0,1.0,,,,,,,
1353563,"Afro Rocha De Carvalho Filho, Brazil",UTC,2025-10-10T00:35:00+00:00,1760056500,1760056500.0,1760060100.0,,Estadio Evandro Almeida,Belem,Match Finished,FT,90.0,72,Serie B,Brazil,https://media.api-sports.io/football/leagues/72.png,https://media.api-sports.io/flags/br.svg,2025,Regular Season - 31,1198,remo,https://media.api-sports.io/football/teams/1198.png,True,134,Atletico Paranaense,https://media.api-sports.io/football/teams/134.png,False,2.0,1.0,1.0,0.0,2.0,1.0,,,,,,,
1353577,"Paulo Belence Alves Dos Prazeres Filho, Brazil",UTC,2025-10-11T19:00:00+00:00,1760209200,1760209200.0,1760212800.0,10545.0,Estádio Joaquim Portugal,Minas Gerais,Match Finished,FT,90.0,72,Serie B,Brazil,https://media.api-sports.io/football/leagues/72.png,https://media.api-sports.io/flags/br.svg,2025,Regular Season - 32,13975,Athletic Club,https://media.api-sports.io/football/teams/13975.png,,151,Goias,https://media.api-sports.io/football/teams/151.png,,1.0,1.0,1.0,0.0,1.0,1.0,,,,,,,
1353578,"Andre Luiz Skettino Policarpo Bento, Brazil",UTC,2025-10-12T19:00:00+00:00,1760295600,1760295600.0,1760299200.0,,Estadio Dr. Jorge Ismael de Biasi,Novo Horizonte,Match Finished,FT,90.0,72,Serie B,Brazil,https://media.api-sports.io/football/leagues/72.png,https://media.api-sports.io/flags/br.svg,2025,Regular Season - 32,7834,Novorizontino,https://media.api-sports.io/football/teams/7834.png,True,1223,Operario-PR,https://media.api-sports.io/football/teams/1223.png,False,3.0,0.0,0.0,0.0,3.0,0.0,,,,,,,
1353575,"Bruno Pereira Vasconcelos, Brazil",UTC,2025-10-12T21:30:00+00:00,1760304600,1760304600.0,1760308200.0,233.0,Estádio Heriberto Hülse,"Criciúma, Santa Catarina",Match Finished,FT,90.0,72,Serie B,Brazil,https://media.api-sports.io/football/leagues/72.png,https://media.api-sports.io/flags/br.svg,2025,Regular Season - 32,140,Criciuma,https://media.api-sports.io/football/teams/140.png,True,125,America Mineiro,https://media.api-sports.io/football/teams/125.png,False,2.0,1.0,0.0,0.0,2.0,1.0,,,,,,,
1353571,"Jonathan Benkenstein Pinheiro, Brazil",UTC,2025-10-12T21:30:00+00:00,1760304600,1760304600.0,1760308200.0,280.0,Estádio Onésio Brasileiro Alvarenga,"Goiânia, Goiás",Match Finished,FT,90.0,72,Serie B,Brazil,https://media.api-sports.io/football/leagues/72.png,https://media.api-sports.io/flags/br.svg,2025,Regular Season - 32,142,Vila Nova,https://media.api-sports.io/football/teams/142.png,True,10862,Amazonas,https://media.api-sports.io/football/teams/10862.png,False,1.0,0.0,0.0,0.0,1.0,0.0,,,,,,,
1353572,"Marcelo de Lima Henrique, Brazil",UTC,2025-10-12T23:30:00+00:00,1760311800,1760311800.0,1760315400.0,,Arena Pantanal,Cuiabá,Match Finished,FT,90.0,72,Serie B,Brazil,https://media.api-sports.io/football/leagues/72.png,https://media.api-sports.io/flags/br.svg,2025,Regular Season - 32,1193,Cuiaba,https://media.api-sports.io/football/teams/1193.png,True,147,Coritiba,https://media.api-sports.io/football/teams/147.png,False,1.0,0.0,1.0,0.0,1.0,0.0,,,,,,,
1353579,"Lucas Guimarães Rechatiko Horn, Brazil",UTC,2025-10-13T22:00:00+00:00,1760392800,1760392800.0,1760396400.0,,Raulino de Oliveira,Rio de Janeiro,Match Finished,FT,90.0,72,Serie B,Brazil,https://media.api-sports.io/football/leagues/72.png,https://media.api-sports.io/flags/br.svg,2025,Regular Season - 32,7814,Volta Redonda,https://media.api-sports.io/football/teams/7814.png,True,144,Atletico Goianiense,https://media.api-sports.io/football/teams/144.png,False,3.0,0.0,0.0,0.0,3.0,0.0,,,,,,,
1353576,"Gustavo Ervino Bauermann, Brazil",UTC,2025-10-14T00:30:00+00:00,1760401800,1760401800.0,1760405400.0,232.0,Estádio Rei Pelé,"Maceió, Alagoas",Match Finished,FT,90.0,72,Serie B,Brazil,https://media.api-sports.io/football/leagues/72.png,https://media.api-sports.io/flags/br.svg,2025,Regular Season - 32,146,CRB,https://media.api-sports.io/football/teams/146.png,,7826,Ferroviária,https://media.api-sports.io/football/teams/7826.png,,2.0,2.0,2.0,1.0,2.0,2.0,,,,,,,
1353574,"Fernando Antonio Mendes de Salles Nascimento Filho, Brazil",UTC,2025-10-14T22:30:00+00:00,1760481000,1760481000.0,1760484600.0,227.0,Arena Condá,"Chapecó, Santa Catarina",Match Finished,FT,90.0,72,Serie B,Brazil,https://media.api-sports.io/football/leagues/72.png,https://media.api-sports.io/flags/br.svg,2025,Regular Season - 32,132,Chapecoense-sc,https://media.api-sports.io/football/teams/132.png,,2618,Botafogo SP,https://media.api-sports.io/football/teams/2618.png,,1.0,1.0,0.0,0.0,1.0,1.0,,,,,,,
1353573,"Matheus Delgado Candançan, Brazil",UTC,2025-10-14T22:30:00+00:00,1760481000,1760481000.0,1760484600.0,,Leonidas Sodre de Castro,Belem,Match Finished,FT,90.0,72,Serie B,Brazil,https://media.api-sports.io/football/leagues/72.png,https://media.api-sports.io/flags/br.svg,2025,Regular Season - 32,149,Paysandu,https://media.api-sports.io/football/teams/149.png,False,1198,remo,https://media.api-sports.io/football/teams/1198.png,True,2.0,3.0,0.0,1.0,2.0,3.0,,,,,,,
1353570,"Maguielson Lima Barbosa, Brazil",UTC,2025-10-15T00:30:00+00:00,1760488200,1760488200.0,1760491800.0,,Ligga Arena,Curitiba,Match Finished,FT,90.0,72,Serie B,Brazil,https://media.api-sports.io/football/leagues/72.png,https://media.api-sports.io/flags/br.svg,2025,Regular Season - 32,134,Atletico Paranaense,https://media.api-sports.io/football/teams/134.png,,145,Avai,https://media.api-sports.io/football/teams/145.png,,1.0,1.0,0.0,1.0,1.0,1.0,,,,,,,
1353586,"Afro Rocha De Carvalho Filho, Brazil",UTC,2025-10-17T23:00:00+00:00,1760742000,1760742000.0,1760745600.0,20767.0,Estádio Municipal Carlos Zamith,Manaus,Match Finished,FT,90.0,72,Serie B,Brazil,https://media.api-sports.io/football/leagues/72.png,https://media.api-sports.io/flags/br.svg,2025,Regular Season - 33,10862,Amazonas,https://media.api-sports.io/football/teams/10862.png,,7834,Novorizontino,https://media.api-sports.io/football/teams/7834.png,,0.0,0.0,0.0,0.0,0.0,0.0,,,,,,,
1353582,"Flavio Rodrigues De Souza, Brazil",UTC,2025-10-18T19:00:00+00:00,1760814000,1760814000.0,1760817600.0,211.0,Estadio Serra Dourada,"Goiânia, Goiás",Match Finished,FT,90.0,72,Serie B,Brazil,https://media.api-sports.io/football/leagues/72.png,https://media.api-sports.io/flags/br.svg,2025,Regular Season - 33,144,Atletico Goianiense,https://media.api-sports.io/football/teams/144.png,True,142,Vila Nova,https://media.api-sports.io/football/teams/142.png,False,1.0,0.0,0.0,0.0,1.0,0.0,,,,,,,
1353587,"Emerson Ricardo de Almeida Andrade, Brazil",UTC,2025-10-18T21:30:00+00:00,1760823000,1760823000.0,1760826600.0,206.0,Estádio Raimundo Sampaio,Belo Horizonte,Match Finished,FT,90.0,72,Serie B,Brazil,https://media.api-sports.io/football/leagues/72.png,https://media.api-sports.io/flags/br.svg,2025,Regular Season - 33,125,America Mineiro,https://media.api-sports.io/football/teams/125.png,,146,CRB,https://media.api-sports.io/football/teams/146.png,,1.0,1.0,0.0,1.0,1.0,1.0,,,,,,,
1353583,"Savio Pereira Sampaio, Brazil",UTC,2025-10-18T23:30:00+00:00,1760830200,1760830200.0,1760833800.0,,Estadio Evandro Almeida,Belem,Match Finished,FT,90.0,72,Serie B,Brazil,https://media.api-sports.io/football/leagues/72.png,https://media.api-sports.io/flags/br.svg,2025,Regular Season - 33,1198,remo,https://media.api-sports.io/football/teams/1198.png,True,13975,Athletic Club,https://media.api-sports.io/football/teams/13975.png,False,3.0,1.0,2.0,0.0,3.0,1.0,,,,,,,
1353584,"Bruno Arleu de Araujo, Brazil",UTC,2025-10-19T19:00:00+00:00,1760900400,1760900400.0,1760904000.0,,Ressacada,Florianópolis,Match Finished,FT,90.0,72,Serie B,Brazil,https://media.api-sports.io/football/leagues/72.png,https://media.api-sports.io/flags/br.svg,2025,Regular Season - 33,145,Avai,https://media.api-sports.io/football/teams/145.png,,140,Criciuma,https://media.api-sports.io/football/teams/140.png,,1.0,1.0,0.0,0.0,1.0,1.0,,,,,,,
1353585,"Fernando Antonio Mendes de Salles Nascimento Filho, Brazil",UTC,2025-10-19T19:00:00+00:00,1760900400,1760900400.0,1760904000.0,256.0,Estádio Germano Krüger,Ponta Grossa,Match Finished,FT,90.0,72,Serie B,Brazil,https://media.api-sports.io/football/leagues/72.png,https://media.api-sports.io/flags/br.svg,2025,Regular Season - 33,1223,Operario-PR,https://media.api-sports.io/football/teams/1223.png,True,7814,Volta Redonda,https://media.api-sports.io/football/teams/7814.png,False,2.0,1.0,2.0,0.0,2.0,1.0,,,,,,,
1353580,"Anderson Daronco, Brazil",UTC,2025-10-19T21:30:00+00:00,1760909400,1760909400.0,1760913000.0,230.0,Couto Pereira,Curitiba,Match Finished,FT,90.0,72,Serie B,Brazil,https://media.api-sports.io/football/leagues/72.png,https://media.api-sports.io/flags/br.svg,2025,Regular Season - 33,147,Coritiba,https://media.api-sports.io/football/teams/147.png,,134,Atletico Paranaense,https://media.api-sports.io/football/teams/134.png,,0.0,0.0,0.0,0.0,0.0,0.0,,,,,,,
1353589,"Luciano da Silva Miranda Filho, Brazil",UTC,2025-10-19T21:30:00+00:00,1760909400,1760909400.0,1760913000.0,,Estadio Santa Cruz,Ribeirao Preto,Match Finished,FT,90.0,72,Serie B,Brazil,https://media.api-sports.io/football/leagues/72.png,https://media.api-sports.io/flags/br.svg,2025,Regular Season - 33,2618,Botafogo SP,https://media.api-sports.io/football/teams/2618.png,,1193,Cuiaba,https://media.api-sports.io/football/teams/1193.png,,2.0,2.0,1.0,2.0,2.0,2.0,,,,,,,
1353581,"Marcelo de Lima Henrique, Brazil",UTC,2025-10-19T23:30:00+00:00,1760916600,1760916600.0,1760920200.0,240.0,Estadio da Serrinha,Goiania,Match Finished,FT,90.0,72,Serie B,Brazil,https://media.api-sports.io/football/leagues/72.png,https://media.api-sports.io/flags/br.svg,2025,Regular Season - 33,151,Goias,https://media.api-sports.io/football/teams/151.png,False,132,Chapecoense-sc,https://media.api-sports.io/football/teams/132.png,True,1.0,3.0,0.0,1.0,1.0,3.0,,,,,,,
1353588,"Jonathan Benkenstein Pinheiro, Brazil",UTC,2025-10-20T22:30:00+00:00,1760999400,1760999400.0,1761003000.0,5658.0,Estadio Dr. Adhemar de Barros,Sao Paulo,Match Finished,FT,90.0,72,Serie B,Brazil,https://media.api-sports.io/football/leagues/72.png,https://media.api-sports.io/flags/br.svg,2025,Regular Season - 33,7826,Ferroviária,https://media.api-sports.io/football/teams/7826.png,,149,Paysandu,https://media.api-sports.io/football/teams/149.png,,2.0,2.0,1.0,2.0,2.0,2.0,,,,,,,
1353598,"Joao Vitor Gobi, Brazil",UTC,2025-10-24T22:00:00+00:00,1761343200,1761343200.0,1761346800.0,,Estadio Dr. Jorge Ismael de Biasi,Novo Horizonte,Match Finished,FT,90.0,72,Serie B,Brazil,https://media.api-sports.io/football/leagues/72.png,https://media.api-sports.io/flags/br.svg,2025,Regular Season - 34,7834,Novorizontino,https://media.api-sports.io/football/teams/7834.png,,2618,Botafogo SP,https://media.api-sports.io/football/teams/2618.png,,1.0,1.0,0.0,0.0,1.0,1.0,,,,,,,
1353592,"Paulo Cesar Zanovelli da Silva, Brazil",UTC,2025-10-25T00:35:00+00:00,1761352500,1761352500.0,1761356100.0,,Arena Pantanal,Cuiabá,Match Finished,FT,90.0,72,Serie B,Brazil,https://media.api-sports.io/football/leagues/72.png,https://media.api-sports.io/flags/br.svg,2025,Regular Season - 34,1193,Cuiaba,https://media.api-sports.io/football/teams/1193.png,False,1198,remo,https://media.api-sports.io/football/teams/1198.png,True,1.0,3.0,0.0,2.0,1.0,3.0,,,,,,,
1353599,"Afro Rocha De Carvalho Filho, Brazil",UTC,2025-10-25T19:00:00+00:00,1761418800,1761418800.0,1761422400.0,,Raulino de Oliveira,Rio de Janeiro,Match Finished,FT,90.0,72,Serie B,Brazil,https://media.api-sports.io/football/leagues/72.png,https://media.api-sports.io/flags/br.svg,2025,Regular Season - 34,7814,Volta Redonda,https://media.api-sports.io/football/teams/7814.png,False,147,Coritiba,https://media.api-sports.io/football/teams/147.png,True,0.0,1.0,0.0,1.0,0.0,1.0,,,,,,,
1353597,"Matheus Delgado Candançan, Brazil",UTC,2025-10-25T19:00:00+00:00,1761418800,1761418800.0,1761422400.0,10545.0,Estádio Joaquim Portugal,Minas Gerais,Match Finished,FT,90.0,72,Serie B,Brazil,https://media.api-sports.io/football/leagues/72.png,https://media.api-sports.io/flags/br.svg,2025,Regular Season - 34,13975,Athletic Club,https://media.api-sports.io/football/teams/13975.png,False,125,America Mineiro,https://media.api-sports.io/football/teams/125.png,True,0.0,2.0,0.0,0.0,0.0,2.0,,,,,,,
1353593,"Andre Luiz Skettino Policarpo Bento, Brazil",UTC,2025-10-25T21:30:00+00:00,1761427800,1761427800.0,1761431400.0,,Leonidas Sodre de Castro,Belem,Match Finished,FT,90.0,72,Serie B,Brazil,https://media.api-sports.io/football/leagues/72.png,https://media.api-sports.io/flags/br.svg,2025,Regular Season - 34,149,Paysandu,https://media.api-sports.io/football/teams/149.png,False,145,Avai,https://media.api-sports.io/football/teams/145.png,True,1.0,2.0,0.0,2.0,1.0,2.0,,,,,,,
1353595,"Wagner do Nascimento Magalhaes, Brazil",UTC,2025-10-25T23:30:00+00:00,1761435000,1761435000.0,1761438600.0,233.0,Estádio Heriberto Hülse,"Criciúma, Santa Catarina",Match Finished,FT,90.0,72,Serie B,Brazil,https://media.api-sports.io/football/leagues/72.png,https://media.api-sports.io/flags/br.svg,2025,Regular Season - 34,140,Criciuma,https://media.api-sports.io/football/teams/140.png,False,151,Goias,https://media.api-sports.io/football/teams/151.png,True,1.0,2.0,1.0,1.0,1.0,2.0,,,,,,,
1353596,"Fernando Antonio Mendes de Salles Nascimento Filho, Brazil",UTC,2025-10-26T19:00:00+00:00,1761505200,1761505200.0,1761508800.0,232.0,Estádio Rei Pelé,"Maceió, Alagoas",Match Finished,FT,90.0,72,Serie B,Brazil,https://media.api-sports.io/football/leagues/72.png,https://media.api-sports.io/flags/br.svg,2025,Regular Season - 34,146,CRB,https://media.api-sports.io/football/teams/146.png,True,144,Atletico Goianiense,https://media.api-sports.io/football/teams/144.png,False,2.0,1.0,0.0,1.0,2.0,1.0,,,,,,,
1353591,"Marcelo de Lima Henrique, Brazil",UTC,2025-10-26T21:30:00+00:00,1761514200,1761514200.0,1761517800.0,280.0,Estádio Onésio Brasileiro Alvarenga,"Goiânia, Goiás",Match Finished,FT,90.0,72,Serie B,Brazil,https://media.api-sports.io/football/leagues/72.png,https://media.api-sports.io/flags/br.svg,2025,Regular Season - 34,142,Vila Nova,https://media.api-sports.io/football/teams/142.png,,7826,Ferroviária,https://media.api-sports.io/football/teams/7826.png,,2.0,2.0,2.0,1.0,2.0,2.0,,,,,,,
1353594,"Yuri Elino Ferreira Da Cruz, Brazil",UTC,2025-10-27T22:00:00+00:00,1761602400,1761602400.0,1761606000.0,227.0,Arena Condá,"Chapecó, Santa Catarina",Match Finished,FT,90.0,72,Serie B,Brazil,https://media.api-sports.io/football/leagues/72.png,https://media.api-sports.io/flags/br.svg,2025,Regular Season - 34,132,Chapecoense-sc,https://media.api-sports.io/football/teams/132.png,True,1223,Operario-PR,https://media.api-sports.io/football/teams/1223.png,False,2.0,0.0,2.0,0.0,2.0,0.0,,,,,,,
1353590,"Bruno Pereira Vasconcelos, Brazil",UTC,2025-10-28T00:30:00+00:00,1761611400,1761611400.0,1761615000.0,,Ligga Arena,Curitiba,Match Finished,FT,90.0,72,Serie B,Brazil,https://media.api-sports.io/football/leagues/72.png,https://media.api-sports.io/flags/br.svg,2025,Regular Season - 34,134,Atletico Paranaense,https://media.api-sports.io/football/teams/134.png,True,10862,Amazonas,https://media.api-sports.io/football/teams/10862.png,False,2.0,0.0,1.0,0.0,2.0,0.0,,,,,,,
1353602,"Lucas Canetto Bellote, Brazil",UTC,2025-10-31T22:00:00+00:00,1761948000,1761948000.0,1761951600.0,211.0,Estadio Serra Dourada,"Goiânia, Goiás",Match Finished,FT,90.0,72,Serie B,Brazil,https://media.api-sports.io/football/leagues/72.png,https://media.api-sports.io/flags/br.svg,2025,Regular Season - 35,144,Atletico Goianiense,https://media.api-sports.io/football/teams/144.png,True,149,Paysandu,https://media.api-sports.io/football/teams/149.png,False,2.0,1.0,0.0,1.0,2.0,1.0,,,,,,,
1353600,"Felipe Fernandes de Lima, Brazil",UTC,2025-10-31T22:00:00+00:00,1761948000,1761948000.0,1761951600.0,230.0,Couto Pereira,Curitiba,Match Finished,FT,90.0,72,Serie B,Brazil,https://media.api-sports.io/football/leagues/72.png,https://media.api-sports.io/flags/br.svg,2025,Regular Season - 35,147,Coritiba,https://media.api-sports.io/football/teams/147.png,,146,CRB,https://media.api-sports.io/football/teams/146.png,,0.0,0.0,0.0,0.0,0.0,0.0,,,,,,,
1353608,"Leo Simao Holanda, Brazil",UTC,2025-11-01T00:35:00+00:00,1761957300,1761957300.0,1761960900.0,5658.0,Arena Fonte Luminosa,Araraquara,Match Finished,FT,90.0,72,Serie B,Brazil,https://media.api-sports.io/football/leagues/72.png,https://media.api-sports.io/flags/br.svg,2025,Regular Season - 35,7826,Ferroviária,https://media.api-sports.io/football/teams/7826.png,,140,Criciuma,https://media.api-sports.io/football/teams/140.png,,0.0,0.0,0.0,0.0,0.0,0.0,,,,,,,
1353601,"Rodrigo Jose Pereira de Lima, Brazil",UTC,2025-11-01T19:00:00+00:00,1762023600,1762023600.0,1762027200.0,240.0,Estadio da Serrinha,Goiania,Match Finished,FT,90.0,72,Serie B,Brazil,https://media.api-sports.io/football/leagues/72.png,https://media.api-sports.io/flags/br.svg,2025,Regular Season - 35,151,Goias,https://media.api-sports.io/football/teams/151.png,False,134,Atletico Paranaense,https://media.api-sports.io/football/teams/134.png,True,0.0,1.0,0.0,0.0,0.0,1.0,,,,,,,
1353604,"Paulo Belence Alves Dos Prazeres Filho, Brazil",UTC,2025-11-01T21:30:00+00:00,1762032600,1762032600.0,1762036200.0,,Ressacada,Florianópolis,Match Finished,FT,90.0,72,Serie B,Brazil,https://media.api-sports.io/football/leagues/72.png,https://media.api-sports.io/flags/br.svg,2025,Regular Season - 35,145,Avai,https://media.api-sports.io/football/teams/145.png,True,13975,Athletic Club,https://media.api-sports.io/football/teams/13975.png,False,2.0,1.0,1.0,0.0,2.0,1.0,,,,,,,
1353606,"Gustavo Ervino Bauermann, Brazil",UTC,2025-11-02T19:00:00+00:00,1762110000,1762110000.0,1762113600.0,20767.0,Estádio Municipal Carlos Zamith,Manaus,Match Finished,FT,90.0,72,Serie B,Brazil,https://media.api-sports.io/football/leagues/72.png,https://media.api-sports.io/flags/br.svg,2025,Regular Season - 35,10862,Amazonas,https://media.api-sports.io/football/teams/10862.png,True,1193,Cuiaba,https://media.api-sports.io/football/teams/1193.png,False,2.0,0.0,1.0,0.0,2.0,0.0,,,,,,,
1353603,"Bruno Arleu de Araujo, Brazil",UTC,2025-11-02T21:30:00+00:00,1762119000,1762119000.0,1762122600.0,,Estadio Evandro Almeida,Belem,Match Finished,FT,90.0,72,Serie B,Brazil,https://media.api-sports.io/football/leagues/72.png,https://media.api-sports.io/flags/br.svg,2025,Regular Season - 35,1198,remo,https://media.api-sports.io/football/teams/1198.png,,132,Chapecoense-sc,https://media.api-sports.io/football/teams/132.png,,1.0,1.0,1.0,0.0,1.0,1.0,,,,,,,
1353605,"Afro Rocha De Carvalho Filho, Brazil",UTC,2025-11-02T23:30:00+00:00,1762126200,1762126200.0,1762129800.0,256.0,Estádio Germano Krüger,Ponta Grossa,Match Finished,FT,90.0,72,Serie B,Brazil,https://media.api-sports.io/football/leagues/72.png,https://media.api-sports.io/flags/br.svg,2025,Regular Season - 35,1223,Operario-PR,https://media.api-sports.io/football/teams/1223.png,,142,Vila Nova,https://media.api-sports.io/football/teams/142.png,,2.0,2.0,0.0,1.0,2.0,2.0,,,,,,,
1353607,"Wagner do Nascimento Magalhaes, Brazil",UTC,2025-11-03T22:00:00+00:00,1762207200,1762207200.0,1762210800.0,206.0,Estádio Raimundo Sampaio,Belo Horizonte,Match Finished,FT,90.0,72,Serie B,Brazil,https://media.api-sports.io/football/leagues/72.png,https://media.api-sports.io/flags/br.svg,2025,Regular Season - 35,125,America Mineiro,https://media.api-sports.io/football/teams/125.png,,7834,Novorizontino,https://media.api-sports.io/football/teams/7834.png,,2.0,2.0,1.0,1.0,2.0,2.0,,,,,,,
1353609,"Paulo Roberto Alves Junior, Brazil",UTC,2025-11-03T22:00:00+00:00,1762207200,1762207200.0,1762210800.0,,Raulino de Oliveira,Rio de Janeiro,Match Finished,FT,90.0,72,Serie B,Brazil,https://media.api-sports.io/football/leagues/72.png,https://media.api-sports.io/flags/br.svg,2025,Regular Season - 35,7814,Volta Redonda,https://media.api-sports.io/football/teams/7814.png,False,2618,Botafogo SP,https://media.api-sports.io/football/teams/2618.png,True,0.0,1.0,0.0,0.0,0.0,1.0,,,,,,,
1353617,"Ramon Abatti Abel, Brazil",UTC,2025-11-07T22:00:00+00:00,1762552800,1762552800.0,1762556400.0,10545.0,Estádio Joaquim Portugal,Minas Gerais,Match Finished,FT,90.0,72,Serie B,Brazil,https://media.api-sports.io/football/leagues/72.png,https://media.api-sports.io/flags/br.svg,2025,Regular Season - 36,13975,Athletic Club,https://media.api-sports.io/football/teams/13975.png,True,7826,Ferroviária,https://media.api-sports.io/football/teams/7826.png,False,2.0,1.0,1.0,1.0,2.0,1.0,,,,,,,
1353612,"Afro Rocha De Carvalho Filho, Brazil",UTC,2025-11-08T00:30:00+00:00,1762561800,1762561800.0,1762565400.0,,Arena Pantanal,Cuiabá,Match Finished,FT,90.0,72,Serie B,Brazil,https://media.api-sports.io/football/leagues/72.png,https://media.api-sports.io/flags/br.svg,2025,Regular Season - 36,1193,Cuiaba,https://media.api-sports.io/football/teams/1193.png,False,151,Goias,https://media.api-sports.io/football/teams/151.png,True,0.0,1.0,0.0,1.0,0.0,1.0,,,,,,,
1353618,"Rafael Rodrigo Klein, Brazil",UTC,2025-11-08T19:00:00+00:00,1762628400,1762628400.0,1762632000.0,,Estadio Dr. Jorge Ismael de Biasi,Novo Horizonte,Match Finished,FT,90.0,72,Serie B,Brazil,https://media.api-sports.io/football/leagues/72.png,https://media.api-sports.io/flags/br.svg,2025,Regular Season - 36,7834,Novorizontino,https://media.api-sports.io/football/teams/7834.png,,1198,remo,https://media.api-sports.io/football/teams/1198.png,,1.0,1.0,1.0,0.0,1.0,1.0,,,,,,,
1353610,"Paulo Belence Alves Dos Prazeres Filho, Brazil",UTC,2025-11-08T21:30:00+00:00,1762637400,1762637400.0,1762641000.0,,Ligga Arena,Curitiba,Match Finished,FT,90.0,72,Serie B,Brazil,https://media.api-sports.io/football/leagues/72.png,https://media.api-sports.io/flags/br.svg,2025,Regular Season - 36,134,Atletico Paranaense,https://media.api-sports.io/football/teams/134.png,True,7814,Volta Redonda,https://media.api-sports.io/football/teams/7814.png,False,2.0,0.0,1.0,0.0,2.0,0.0,,,,,,,
1353611,"Paulo Schleich Vollkopf, Brazil",UTC,2025-11-08T23:30:00+00:00,1762644600,1762644600.0,1762648200.0,280.0,Estádio Onésio Brasileiro Alvarenga,"Goiânia, Goiás",Match Finished,FT,90.0,72,Serie B,Brazil,https://media.api-sports.io/football/leagues/72.png,https://media.api-sports.io/flags/br.svg,2025,Regular Season - 36,142,Vila Nova,https://media.api-sports.io/football/teams/142.png,,145,Avai,https://media.api-sports.io/football/teams/145.png,,2.0,2.0,1.0,0.0,2.0,2.0,,,,,,,
1353615,"Alex Gomes Stefano, Brazil",UTC,2025-11-09T20:00:00+00:00,1762718400,1762718400.0,1762722000.0,233.0,Estádio Heriberto Hülse,"Criciúma, Santa Catarina",Match Finished,FT,90.0,72,Serie B,Brazil,https://media.api-sports.io/football/leagues/72.png,https://media.api-sports.io/flags/br.svg,2025,Regular Season - 36,140,Criciuma,https://media.api-sports.io/football/teams/140.png,True,144,Atletico Goianiense,https://media.api-sports.io/football/teams/144.png,False,1.0,0.0,0.0,0.0,1.0,0.0,,,,,,,
1353616,"Marcelo de Lima Henrique, Brazil",UTC,2025-11-09T21:30:00+00:00,1762723800,1762723800.0,1762727400.0,232.0,Estádio Rei Pelé,"Maceió, Alagoas",Match Finished,FT,90.0,72,Serie B,Brazil,https://media.api-sports.io/football/leagues/72.png,https://media.api-sports.io/flags/br.svg,2025,Regular Season - 36,146,CRB,https://media.api-sports.io/football/teams/146.png,,1223,Operario-PR,https://media.api-sports.io/football/teams/1223.png,,2.0,2.0,1.0,1.0,2.0,2.0,,,,,,,
1353613,"Jonathan Benkenstein Pinheiro, Brazil",UTC,2025-11-09T23:30:00+00:00,1762731000,1762731000.0,1762734600.0,,Leonidas Sodre de Castro,Belem,Match Finished,FT,90.0,72,Serie B,Brazil,https://media.api-sports.io/football/leagues/72.png,https://media.api-sports.io/flags/br.svg,2025,Regular Season - 36,149,Paysandu,https://media.api-sports.io/football/teams/149.png,False,147,Coritiba,https://media.api-sports.io/football/teams/147.png,True,1.0,2.0,0.0,2.0,1.0,2.0,,,,,,,
1353614,"Bruno Pereira Vasconcelos, Brazil",UTC,2025-11-10T22:00:00+00:00,1762812000,1762812000.0,1762815600.0,227.0,Arena Condá,"Chapecó, Santa Catarina",Match Finished,FT,90.0,72,Serie B,Brazil,https://media.api-sports.io/football/leagues/72.png,https://media.api-sports.io/flags/br.svg,2025,Regular Season - 36,132,Chapecoense-sc,https://media.api-sports.io/football/teams/132.png,False,125,America Mineiro,https://media.api-sports.io/football/teams/125.png,True,0.0,1.0,0.0,0.0,0.0,1.0,,,,,,,
1353619,"Wagner do Nascimento Magalhaes, Brazil",UTC,2025-11-10T22:00:00+00:00,1762812000,1762812000.0,1762815600.0,,Estadio Santa Cruz,Ribeirao Preto,Match Finished,FT,90.0,72,Serie B,Brazil,https://media.api-sports.io/football/leagues/72.png,https://media.api-sports.io/flags/br.svg,2025,Regular Season - 36,2618,Botafogo SP,https://media.api-sports.io/football/teams/2618.png,True,10862,Amazonas,https://media.api-sports.io/football/teams/10862.png,False,1.0,0.0,0.0,0.0,1.0,0.0,,,,,,,
1353623,"Alex Gomes Stefano, Brazil",UTC,2025-11-14T23:00:00+00:00,1763161200,1763161200.0,1763164800.0,,Leonidas Sodre de Castro,Belem,Match Finished,FT,90.0,72,Serie B,Brazil,https://media.api-sports.io/football/leagues/72.png,https://media.api-sports.io/flags/br.svg,2025,Regular Season - 37,149,Paysandu,https://media.api-sports.io/football/teams/149.png,,10862,Amazonas,https://media.api-sports.io/football/teams/10862.png,,2.0,2.0,0.0,0.0,2.0,2.0,,,,,,,
1353622,"Ramon Abatti Abel, Brazil",UTC,2025-11-15T19:30:00+00:00,1763235000,1763235000.0,1763238600.0,211.0,Estadio Serra Dourada,"Goiânia, Goiás",Match Finished,FT,90.0,72,Serie B,Brazil,https://media.api-sports.io/football/leagues/72.png,https://media.api-sports.io/flags/br.svg,2025,Regular Season - 37,144,Atletico Goianiense,https://media.api-sports.io/football/teams/144.png,,1223,Operario-PR,https://media.api-sports.io/football/teams/1223.png,,0.0,0.0,0.0,0.0,0.0,0.0,,,,,,,
1353624,"Felipe Fernandes de Lima, Brazil",UTC,2025-11-15T19:30:00+00:00,1763235000,1763235000.0,1763238600.0,,Ressacada,Florianópolis,Match Finished,FT,90.0,72,Serie B,Brazil,https://media.api-sports.io/football/leagues/72.png,https://media.api-sports.io/flags/br.svg,2025,Regular Season - 37,145,Avai,https://media.api-sports.io/football/teams/145.png,True,1198,remo,https://media.api-sports.io/football/teams/1198.png,False,3.0,1.0,1.0,0.0,3.0,1.0,,,,,,,
1353626,"Yuri Elino Ferreira Da Cruz, Brazil",UTC,2025-11-15T19:30:00+00:00,1763235000,1763235000.0,1763238600.0,232.0,Estádio Rei Pelé,"Maceió, Alagoas",Match Finished,FT,90.0,72,Serie B,Brazil,https://media.api-sports.io/football/leagues/72.png,https://media.api-sports.io/flags/br.svg,2025,Regular Season - 37,146,CRB,https://media.api-sports.io/football/teams/146.png,True,142,Vila Nova,https://media.api-sports.io/football/teams/142.png,False,2.0,0.0,1.0,0.0,2.0,0.0,,,,,,,
1353620,"Bruno Arleu de Araujo, Brazil",UTC,2025-11-15T19:30:00+00:00,1763235000,1763235000.0,1763238600.0,230.0,Couto Pereira,Curitiba,Match Finished,FT,90.0,72,Serie B,Brazil,https://media.api-sports.io/football/leagues/72.png,https://media.api-sports.io/flags/br.svg,2025,Regular Season - 37,147,Coritiba,https://media.api-sports.io/football/teams/147.png,,13975,Athletic Club,https://media.api-sports.io/football/teams/13975.png,,0.0,0.0,0.0,0.0,0.0,0.0,,,,,,,
1353629,"Rodrigo Jose Pereira de Lima, Brazil",UTC,2025-11-15T19:30:00+00:00,1763235000,1763235000.0,1763238600.0,,Raulino de Oliveira,Rio de Janeiro,Match Finished,FT,90.0,72,Serie B,Brazil,https://media.api-sports.io/football/leagues/72.png,https://media.api-sports.io/flags/br.svg,2025,Regular Season - 37,7814,Volta Redonda,https://media.api-sports.io/football/teams/7814.png,,132,Chapecoense-sc,https://media.api-sports.io/football/teams/132.png,,1.0,1.0,0.0,0.0,1.0,1.0,,,,,,,
1353627,"Edina Alves Batista, Brazil",UTC,2025-11-16T19:30:00+00:00,1763321400,1763321400.0,1763325000.0,206.0,Estádio Raimundo Sampaio,Belo Horizonte,Match Finished,FT,90.0,72,Serie B,Brazil,https://media.api-sports.io/football/leagues/72.png,https://media.api-sports.io/flags/br.svg,2025,Regular Season - 37,125,America Mineiro,https://media.api-sports.io/football/teams/125.png,,1193,Cuiaba,https://media.api-sports.io/football/teams/1193.png,,1.0,1.0,0.0,0.0,1.0,1.0,,,,,,,
1353625,"Davi de Oliveira Lacerda, Brazil",UTC,2025-11-16T19:30:00+00:00,1763321400,1763321400.0,1763325000.0,233.0,Estádio Heriberto Hülse,"Criciúma, Santa Catarina",Match Finished,FT,90.0,72,Serie B,Brazil,https://media.api-sports.io/football/leagues/72.png,https://media.api-sports.io/flags/br.svg,2025,Regular Season - 37,140,Criciuma,https://media.api-sports.io/football/teams/140.png,True,2618,Botafogo SP,https://media.api-sports.io/football/teams/2618.png,False,2.0,0.0,1.0,0.0,2.0,0.0,,,,,,,
1353621,"Anderson Daronco, Brazil",UTC,2025-11-16T19:30:00+00:00,1763321400,1763321400.0,1763325000.0,240.0,Estadio da Serrinha,Goiania,Match Finished,FT,90.0,72,Serie B,Brazil,https://media.api-sports.io/football/leagues/72.png,https://media.api-sports.io/flags/br.svg,2025,Regular Season - 37,151,Goias,https://media.api-sports.io/football/teams/151.png,True,7834,Novorizontino,https://media.api-sports.io/football/teams/7834.png,False,1.0,0.0,0.0,0.0,1.0,0.0,,,,,,,
1353628,"Wagner do Nascimento Magalhaes, Brazil",UTC,2025-11-16T19:30:00+00:00,1763321400,1763321400.0,1763325000.0,5658.0,Estadio Dr. Adhemar de Barros,Sao Paulo,Match Finished,FT,90.0,72,Serie B,Brazil,https://media.api-sports.io/football/leagues/72.png,https://media.api-sports.io/flags/br.svg,2025,Regular Season - 37,7826,Ferroviária,https://media.api-sports.io/football/teams/7826.png,False,134,Atletico Paranaense,https://media.api-sports.io/football/teams/134.png,True,1.0,2.0,0.0,0.0,1.0,2.0,,,,,,,
1353631,,UTC,2025-11-19T22:30:00+00:00,1763591400,,,280.0,Estádio Onésio Brasileiro Alvarenga,"Goiânia, Goiás",Not Started,NS,,72,Serie B,Brazil,https://media.api-sports.io/football/leagues/72.png,https://media.api-sports.io/flags/br.svg,2025,Regular Season - 38,142,Vila Nova,https://media.api-sports.io/football/teams/142.png,,7814,Volta Redonda,https://media.api-sports.io/football/teams/7814.png,,,,,,,,,,,,,,
1353638,,UTC,2025-11-22T22:30:00+00:00,1763850600,,,,Estadio Dr. Jorge Ismael de Biasi,Novo Horizonte,Not Started,NS,,72,Serie B,Brazil,https://media.api-sports.io/football/leagues/72.png,https://media.api-sports.io/flags/br.svg,2025,Regular Season - 38,7834,Novorizontino,https://media.api-sports.io/football/teams/7834.png,,146,CRB,https://media.api-sports.io/football/teams/146.png,,,,,,,,,,,,,,
1353634,,UTC,2025-11-23T19:30:00+00:00,1763926200,,,227.0,Arena Condá,"Chapecó, Santa Catarina",Not Started,NS,,72,Serie B,Brazil,https://media.api-sports.io/football/leagues/72.png,https://media.api-sports.io/flags/br.svg,2025,Regular Season - 38,132,Chapecoense-sc,https://media.api-sports.io/football/teams/132.png,,144,Atletico Goianiense,https://media.api-sports.io/football/teams/144.png,,,,,,,,,,,,,,
1353630,,UTC,2025-11-23T19:30:00+00:00,1763926200,,,,Ligga Arena,Curitiba,Not Started,NS,,72,Serie B,Brazil,https://media.api-sports.io/football/leagues/72.png,https://media.api-sports.io/flags/br.svg,2025,Regular Season - 38,134,Atletico Paranaense,https://media.api-sports.io/football/teams/134.png,,125,America Mineiro,https://media.api-sports.io/football/teams/125.png,,,,,,,,,,,,,,
1353632,,UTC,2025-11-23T19:30:00+00:00,1763926200,,,,Arena Pantanal,,Not Started,NS,,72,Serie B,Brazil,https://media.api-sports.io/football/leagues/72.png,https://media.api-sports.io/flags/br.svg,2025,Regular Season - 38,1193,Cuiaba,https://media.api-sports.io/football/teams/1193.png,,140,Criciuma,https://media.api-sports.io/football/teams/140.png,,,,,,,,,,,,,,
1353633,,UTC,2025-11-23T19:30:00+00:00,1763926200,,,,Estadio Evandro Almeida,Belem,Not Started,NS,,72,Serie B,Brazil,https://media.api-sports.io/football/leagues/72.png,https://media.api-sports.io/flags/br.svg,2025,Regular Season - 38,1198,remo,https://media.api-sports.io/football/teams/1198.png,,151,Goias,https://media.api-sports.io/football/teams/151.png,,,,,,,,,,,,,,
1353635,,UTC,2025-11-23T19:30:00+00:00,1763926200,,,256.0,Estádio Germano Krüger,Ponta Grossa,Not Started,NS,,72,Serie B,Brazil,https://media.api-sports.io/football/leagues/72.png,https://media.api-sports.io/flags/br.svg,2025,Regular Season - 38,1223,Operario-PR,https://media.api-sports.io/football/teams/1223.png,,7826,Ferroviária,https://media.api-sports.io/football/teams/7826.png,,,,,,,,,,,,,,
1353639,,UTC,2025-11-23T19:30:00+00:00,1763926200,,,,Estadio Santa Cruz,Ribeirao Preto,Not Started,NS,,72,Serie B,Brazil,https://media.api-sports.io/football/leagues/72.png,https://media.api-sports.io/flags/br.svg,2025,Regular Season - 38,2618,Botafogo SP,https://media.api-sports.io/football/teams/2618.png,,145,Avai,https://media.api-sports.io/football/teams/145.png,,,,,,,,,,,,,,
1353636,,UTC,2025-11-23T19:30:00+00:00,1763926200,,,20767.0,Estádio Municipal Carlos Zamith,Manaus,Not Started,NS,,72,Serie B,Brazil,https://media.api-sports.io/football/leagues/72.png,https://media.api-sports.io/flags/br.svg,2025,Regular Season - 38,10862,Amazonas,https://media.api-sports.io/football/teams/10862.png,,147,Coritiba,https://media.api-sports.io/football/teams/147.png,,,,,,,,,,,,,,
1353637,,UTC,2025-11-23T19:30:00+00:00,1763926200,,,10545.0,Estádio Joaquim Portugal,Minas Gerais,Not Started,NS,,72,Serie B,Brazil,https://media.api-sports.io/football/leagues/72.png,https://media.api-sports.io/flags/br.svg,2025,Regular Season - 38,13975,Athletic Club,https://media.api-sports.io/football/teams/13975.png,,149,Paysandu,https://media.api-sports.io/football/teams/149.png,,,,,,,,,,,,,,
