fixture_id,fixture_referee,fixture_timezone,fixture_date,fixture_timestamp,fixture_periods_first,fixture_periods_second,fixture_venue_id,fixture_venue_name,fixture_venue_city,fixture_status_long,fixture_status_short,fixture_status_elapsed,fixture_status_extra,league_id,league_name,league_country,league_logo,league_flag,league_season,league_round,league_standings,teams_home_id,teams_home_name,teams_home_logo,teams_home_winner,teams_away_id,teams_away_name,teams_away_logo,teams_away_winner,goals_home,goals_away,score_halftime_home,score_halftime_away,score_fulltime_home,score_fulltime_away,score_extratime_home,score_extratime_away,score_penalty_home,score_penalty_away
1180355,Rodrigo José Pereira de Lima,UTC,2024-04-13T21:30:00+00:00,1713043800,1713043800,1713047400,244,Estádio José Pinheiro Borda,"Porto Alegre, Rio Grande do Sul",Match Finished,FT,90,,71,Serie A,Brazil,https://media.api-sports.io/football/leagues/71.png,https://media.api-sports.io/flags/br.svg,2024,Regular Season - 1,True,119,Internacional,https://media.api-sports.io/football/teams/119.png,True,118,Bahia,https://media.api-sports.io/football/teams/118.png,False,2,1,0,0,2,1,,,,
1180364,Bruno Pereira Vasconcelos,UTC,2024-04-13T21:30:00+00:00,1713043800,1713043800,1713047400,233,Estádio Heriberto Hülse,"Criciúma, Santa Catarina",Match Finished,FT,90,,71,Serie A,Brazil,https://media.api-sports.io/football/leagues/71.png,https://media.api-sports.io/flags/br.svg,2024,Regular Season - 1,True,140,Criciuma,https://media.api-sports.io/football/teams/140.png,,152,Juventude,https://media.api-sports.io/football/teams/152.png,,1,1,1,0,1,1,,,,
1180358,Maguielson Lima Barbosa,UTC,2024-04-14T00:00:00+00:00,1713052800,1713052800,1713056400,,Estadio Jornalista Mário Filho,"Rio de Janeiro, Rio de Janeiro",Match Finished,FT,90,,71,Serie A,Brazil,https://media.api-sports.io/football/leagues/71.png,https://media.api-sports.io/flags/br.svg,2024,Regular Season - 1,True,124,Fluminense,https://media.api-sports.io/football/teams/124.png,,794,RB Bragantino,https://media.api-sports.io/football/teams/794.png,,2,2,1,0,2,2,,,,
1180361,Alex Gomes,UTC,2024-04-14T00:00:00+00:00,1713052800,1713052800,1713056400,20813,MorumBIS,"São Paulo, São Paulo",Match Finished,FT,90,,71,Serie A,Brazil,https://media.api-sports.io/football/leagues/71.png,https://media.api-sports.io/flags/br.svg,2024,Regular Season - 1,True,126,Sao Paulo,https://media.api-sports.io/football/teams/126.png,False,154,Fortaleza EC,https://media.api-sports.io/football/teams/154.png,True,1,2,0,0,1,2,,,,
1180360,Yuri Elino Ferreira da Cruz,UTC,2024-04-14T19:00:00+00:00,1713121200,1713121200,1713124800,11531,Neo Química Arena,"São Paulo, São Paulo",Match Finished,FT,90,,71,Serie A,Brazil,https://media.api-sports.io/football/leagues/71.png,https://media.api-sports.io/flags/br.svg,2024,Regular Season - 1,True,131,Corinthians,https://media.api-sports.io/football/teams/131.png,,1062,Atletico-MG,https://media.api-sports.io/football/teams/1062.png,,0,0,0,0,0,0,,,,
1180359,Flavio Rodrigues De Souza,UTC,2024-04-14T19:00:00+00:00,1713121200,1713121200,1713124800,19377,Estádio São Januário,"Rio de Janeiro, Rio de Janeiro",Match Finished,FT,90,,71,Serie A,Brazil,https://media.api-sports.io/football/leagues/71.png,https://media.api-sports.io/flags/br.svg,2024,Regular Season - 1,True,133,Vasco DA Gama,https://media.api-sports.io/football/teams/133.png,True,130,Gremio,https://media.api-sports.io/football/teams/130.png,False,2,1,2,0,2,1,,,,
1180362,Jonathan Benkenstein Pinheiro,UTC,2024-04-14T19:00:00+00:00,1713121200,1713121200,1713124800,,Ligga Arena,"Curitiba, Paraná",Match Finished,FT,90,,71,Serie A,Brazil,https://media.api-sports.io/football/leagues/71.png,https://media.api-sports.io/flags/br.svg,2024,Regular Season - 1,True,134,Atletico Paranaense,https://media.api-sports.io/football/teams/134.png,True,1193,Cuiaba,https://media.api-sports.io/football/teams/1193.png,False,4,0,3,0,4,0,,,,
1180363,André Luiz,UTC,2024-04-14T19:00:00+00:00,1713121200,1713121200,1713124800,,Estádio do Governo do Estado de Goiás,"Goiânia, Goiás",Match Finished,FT,90,,71,Serie A,Brazil,https://media.api-sports.io/football/leagues/71.png,https://media.api-sports.io/flags/br.svg,2024,Regular Season - 1,True,144,Atletico Goianiense,https://media.api-sports.io/football/teams/144.png,False,127,Flamengo,https://media.api-sports.io/football/teams/127.png,True,1,2,0,1,1,2,,,,
1180356,Matheus Delgado Candançan,UTC,2024-04-14T20:00:00+00:00,1713124800,1713124800,1713128400,234,Estádio Governador Magalhães Pinto,"Belo Horizonte, Minas Gerais",Match Finished,FT,90,,71,Serie A,Brazil,https://media.api-sports.io/football/leagues/71.png,https://media.api-sports.io/flags/br.svg,2024,Regular Season - 1,True,135,Cruzeiro,https://media.api-sports.io/football/teams/135.png,True,120,Botafogo,https://media.api-sports.io/football/teams/120.png,False,3,2,1,1,3,2,,,,
1180357,Braulio da Silva Machado,UTC,2024-04-14T21:30:00+00:00,1713130200,1713130200,1713133800,281,Estádio Manoel Barradas,"Salvador, Bahia",Match Finished,FT,90,,71,Serie A,Brazil,https://media.api-sports.io/football/leagues/71.png,https://media.api-sports.io/flags/br.svg,2024,Regular Season - 1,True,136,Vitoria,https://media.api-sports.io/football/teams/136.png,False,121,Palmeiras,https://media.api-sports.io/football/teams/121.png,True,0,1,0,1,0,1,,,,
1180367,João Gobi,UTC,2024-04-17T00:30:00+00:00,1713313800,1713313800,1713317400,216,Arena Fonte Nova,"Salvador, Bahia",Match Finished,FT,90,,71,Serie A,Brazil,https://media.api-sports.io/football/leagues/71.png,https://media.api-sports.io/flags/br.svg,2024,Regular Season - 2,True,118,Bahia,https://media.api-sports.io/football/teams/118.png,True,124,Fluminense,https://media.api-sports.io/football/teams/124.png,False,2,1,1,1,2,1,,,,
1180365,Marcelo de Lima Henrique,UTC,2024-04-17T22:00:00+00:00,1713391200,1713391200,1713394800,241,Arena do Grêmio,"Porto Alegre, Rio Grande do Sul",Match Finished,FT,90,,71,Serie A,Brazil,https://media.api-sports.io/football/leagues/71.png,https://media.api-sports.io/flags/br.svg,2024,Regular Season - 2,True,130,Gremio,https://media.api-sports.io/football/teams/130.png,True,134,Atletico Paranaense,https://media.api-sports.io/football/teams/134.png,False,2,0,1,0,2,0,,,,
1180371,Paulo Cesar Zanovelli da Silva,UTC,2024-04-17T22:00:00+00:00,1713391200,1713391200,1713394800,220,Estádio Nabi Abi Chedid,"Bragança Paulista, São Paulo",Match Finished,FT,90,,71,Serie A,Brazil,https://media.api-sports.io/football/leagues/71.png,https://media.api-sports.io/flags/br.svg,2024,Regular Season - 2,True,794,RB Bragantino,https://media.api-sports.io/football/teams/794.png,True,133,Vasco DA Gama,https://media.api-sports.io/football/teams/133.png,False,2,1,1,0,2,1,,,,
1180370,Lucas Torezin,UTC,2024-04-17T23:00:00+00:00,1713394800,1713394800,1713398400,255,Arena Barueri,"Barueri, São Paulo",Match Finished,FT,90,,71,Serie A,Brazil,https://media.api-sports.io/football/leagues/71.png,https://media.api-sports.io/flags/br.svg,2024,Regular Season - 2,True,121,Palmeiras,https://media.api-sports.io/football/teams/121.png,False,119,Internacional,https://media.api-sports.io/football/teams/119.png,True,0,1,0,1,0,1,,,,
1180374,Bruno Arleu de Araujo,UTC,2024-04-17T23:00:00+00:00,1713394800,1713394800,1713398400,248,Estádio Alfredo Jaconi,"Caxias do Sul, Rio Grande do Sul",Match Finished,FT,90,,71,Serie A,Brazil,https://media.api-sports.io/football/leagues/71.png,https://media.api-sports.io/flags/br.svg,2024,Regular Season - 2,True,152,Juventude,https://media.api-sports.io/football/teams/152.png,True,131,Corinthians,https://media.api-sports.io/football/teams/131.png,False,2,0,0,0,2,0,,,,
1180372,Bruno Mota Correia,UTC,2024-04-17T23:00:00+00:00,1713394800,1713394800,1713398400,225,Estádio Governador Plácido Aderaldo Castelo,"Fortaleza, Ceará",Match Finished,FT,90,,71,Serie A,Brazil,https://media.api-sports.io/football/leagues/71.png,https://media.api-sports.io/flags/br.svg,2024,Regular Season - 2,True,154,Fortaleza EC,https://media.api-sports.io/football/teams/154.png,,135,Cruzeiro,https://media.api-sports.io/football/teams/135.png,,1,1,1,0,1,1,,,,
1180366,Paulo Belence Alves dos Prazeres Filho,UTC,2024-04-17T23:00:00+00:00,1713394800,1713394800,1713398400,21427,Arena MRV,"Belo Horizonte, Minas Gerais",Match Finished,FT,90,,71,Serie A,Brazil,https://media.api-sports.io/football/leagues/71.png,https://media.api-sports.io/flags/br.svg,2024,Regular Season - 2,True,1062,Atletico-MG,https://media.api-sports.io/football/teams/1062.png,,140,Criciuma,https://media.api-sports.io/football/teams/140.png,,1,1,1,0,1,1,,,,
1180368,Anderson Daronco,UTC,2024-04-18T00:30:00+00:00,1713400200,1713400200,1713403800,,Estadio Jornalista Mário Filho,"Rio de Janeiro, Rio de Janeiro",Match Finished,FT,90,,71,Serie A,Brazil,https://media.api-sports.io/football/leagues/71.png,https://media.api-sports.io/flags/br.svg,2024,Regular Season - 2,True,127,Flamengo,https://media.api-sports.io/football/teams/127.png,True,126,Sao Paulo,https://media.api-sports.io/football/teams/126.png,False,2,1,1,0,2,1,,,,
1180369,Luiz Flávio,UTC,2024-04-19T00:30:00+00:00,1713486600,1713486600,1713490200,218,Estádio Nilton Santos,Rio de Janeiro,Match Finished,FT,90,,71,Serie A,Brazil,https://media.api-sports.io/football/leagues/71.png,https://media.api-sports.io/flags/br.svg,2024,Regular Season - 2,True,120,Botafogo,https://media.api-sports.io/football/teams/120.png,True,144,Atletico Goianiense,https://media.api-sports.io/football/teams/144.png,False,1,0,1,0,1,0,,,,
1180378,Wilton Pereira Sampaio,UTC,2024-04-20T19:00:00+00:00,1713639600,1713639600,1713643200,,Estadio Jornalista Mário Filho,"Rio de Janeiro, Rio de Janeiro",Match Finished,FT,90,,71,Serie A,Brazil,https://media.api-sports.io/football/leagues/71.png,https://media.api-sports.io/flags/br.svg,2024,Regular Season - 3,True,124,Fluminense,https://media.api-sports.io/football/teams/124.png,True,133,Vasco DA Gama,https://media.api-sports.io/football/teams/133.png,False,2,1,1,0,2,1,,,,
1180375,Bruno Pereira Vasconcelos,UTC,2024-04-20T21:30:00+00:00,1713648600,1713648600,1713652200,241,Arena do Grêmio,"Porto Alegre, Rio Grande do Sul",Match Finished,FT,90,,71,Serie A,Brazil,https://media.api-sports.io/football/leagues/71.png,https://media.api-sports.io/flags/br.svg,2024,Regular Season - 3,True,130,Gremio,https://media.api-sports.io/football/teams/130.png,True,1193,Cuiaba,https://media.api-sports.io/football/teams/1193.png,False,1,0,1,0,1,0,,,,
1180381,Rafael Rodrigo Klein,UTC,2024-04-20T21:30:00+00:00,1713648600,1713648600,1713652200,220,Estádio Nabi Abi Chedid,"Bragança Paulista, São Paulo",Match Finished,FT,90,,71,Serie A,Brazil,https://media.api-sports.io/football/leagues/71.png,https://media.api-sports.io/flags/br.svg,2024,Regular Season - 3,True,794,RB Bragantino,https://media.api-sports.io/football/teams/794.png,True,131,Corinthians,https://media.api-sports.io/football/teams/131.png,False,1,0,1,0,1,0,,,,
1180376,Ramon Abatti,UTC,2024-04-21T00:00:00+00:00,1713657600,1713657600,1713661200,21427,Arena MRV,"Belo Horizonte, Minas Gerais",Match Finished,FT,90,,71,Serie A,Brazil,https://media.api-sports.io/football/leagues/71.png,https://media.api-sports.io/flags/br.svg,2024,Regular Season - 3,True,1062,Atletico-MG,https://media.api-sports.io/football/teams/1062.png,True,135,Cruzeiro,https://media.api-sports.io/football/teams/135.png,False,3,0,3,0,3,0,,,,
1180380,Rodrigo José Pereira de Lima,UTC,2024-04-21T19:00:00+00:00,1713726000,1713726000,1713729600,258,Allianz Parque,"São Paulo, São Paulo",Match Finished,FT,90,,71,Serie A,Brazil,https://media.api-sports.io/football/leagues/71.png,https://media.api-sports.io/flags/br.svg,2024,Regular Season - 3,True,121,Palmeiras,https://media.api-sports.io/football/teams/121.png,,127,Flamengo,https://media.api-sports.io/football/teams/127.png,,0,0,0,0,0,0,,,,
1180382,Felipe Fernandes de Lima,UTC,2024-04-21T19:00:00+00:00,1713726000,1713726000,1713729600,,Ligga Arena,"Curitiba, Paraná",Match Finished,FT,90,,71,Serie A,Brazil,https://media.api-sports.io/football/leagues/71.png,https://media.api-sports.io/flags/br.svg,2024,Regular Season - 3,True,134,Atletico Paranaense,https://media.api-sports.io/football/teams/134.png,True,119,Internacional,https://media.api-sports.io/football/teams/119.png,False,1,0,0,0,1,0,,,,
1180377,Raphael Claus,UTC,2024-04-21T19:00:00+00:00,1713726000,1713726000,1713729600,281,Estádio Manoel Barradas,"Salvador, Bahia",Match Finished,FT,90,,71,Serie A,Brazil,https://media.api-sports.io/football/leagues/71.png,https://media.api-sports.io/flags/br.svg,2024,Regular Season - 3,True,136,Vitoria,https://media.api-sports.io/football/teams/136.png,,118,Bahia,https://media.api-sports.io/football/teams/118.png,,2,2,1,0,2,2,,,,
1180379,Arthur Gomes Rabelo,UTC,2024-04-21T21:30:00+00:00,1713735000,1713735000,1713738600,218,Estádio Nilton Santos,Rio de Janeiro,Match Finished,FT,90,,71,Serie A,Brazil,https://media.api-sports.io/football/leagues/71.png,https://media.api-sports.io/flags/br.svg,2024,Regular Season - 3,True,120,Botafogo,https://media.api-sports.io/football/teams/120.png,True,152,Juventude,https://media.api-sports.io/football/teams/152.png,False,5,1,2,0,5,1,,,,
1180383,Braulio da Silva Machado,UTC,2024-04-21T21:30:00+00:00,1713735000,1713735000,1713738600,211,Estádio Antônio Accioly,"Goiânia, Goiás",Match Finished,FT,90,,71,Serie A,Brazil,https://media.api-sports.io/football/leagues/71.png,https://media.api-sports.io/flags/br.svg,2024,Regular Season - 3,True,144,Atletico Goianiense,https://media.api-sports.io/football/teams/144.png,False,126,Sao Paulo,https://media.api-sports.io/football/teams/126.png,True,0,3,0,1,0,3,,,,
1180389,Caio Max Augusto Vieira,UTC,2024-04-27T19:00:00+00:00,1714244400,1714244400,1714248000,19377,Estádio São Januário,"Rio de Janeiro, Rio de Janeiro",Match Finished,FT,90,,71,Serie A,Brazil,https://media.api-sports.io/football/leagues/71.png,https://media.api-sports.io/flags/br.svg,2024,Regular Season - 4,True,133,Vasco DA Gama,https://media.api-sports.io/football/teams/133.png,False,140,Criciuma,https://media.api-sports.io/football/teams/140.png,True,0,4,0,1,0,4,,,,
1180393,Sávio Pereira,UTC,2024-04-27T21:30:00+00:00,1714253400,1714253400,1714257000,235,Arena Pantanal,"Cuiabá, Mato Grosso",Match Finished,FT,90,,71,Serie A,Brazil,https://media.api-sports.io/football/leagues/71.png,https://media.api-sports.io/flags/br.svg,2024,Regular Season - 4,True,1193,Cuiaba,https://media.api-sports.io/football/teams/1193.png,False,1062,Atletico-MG,https://media.api-sports.io/football/teams/1062.png,True,0,3,0,1,0,3,,,,
1180387,Braulio da Silva Machado,UTC,2024-04-28T00:00:00+00:00,1714262400,1714262400,1714266000,216,Arena Fonte Nova,"Salvador, Bahia",Match Finished,FT,90,,71,Serie A,Brazil,https://media.api-sports.io/football/leagues/71.png,https://media.api-sports.io/flags/br.svg,2024,Regular Season - 4,True,118,Bahia,https://media.api-sports.io/football/teams/118.png,True,130,Gremio,https://media.api-sports.io/football/teams/130.png,False,1,0,1,0,1,0,,,,
1180388,Raphael Claus,UTC,2024-04-28T14:00:00+00:00,1714312800,1714312800,1714316400,,Estadio Jornalista Mário Filho,"Rio de Janeiro, Rio de Janeiro",Match Finished,FT,90,,71,Serie A,Brazil,https://media.api-sports.io/football/leagues/71.png,https://media.api-sports.io/flags/br.svg,2024,Regular Season - 4,True,127,Flamengo,https://media.api-sports.io/football/teams/127.png,False,120,Botafogo,https://media.api-sports.io/football/teams/120.png,True,0,2,0,0,0,2,,,,
1180390,Ramon Abatti,UTC,2024-04-28T19:00:00+00:00,1714330800,1714330800,1714334400,11531,Neo Química Arena,"São Paulo, São Paulo",Match Finished,FT,90,,71,Serie A,Brazil,https://media.api-sports.io/football/leagues/71.png,https://media.api-sports.io/flags/br.svg,2024,Regular Season - 4,True,131,Corinthians,https://media.api-sports.io/football/teams/131.png,True,124,Fluminense,https://media.api-sports.io/football/teams/124.png,False,3,0,2,0,3,0,,,,
1180386,Fabio Augusto Santos Sá Junior,UTC,2024-04-28T19:00:00+00:00,1714330800,1714330800,1714334400,234,Estádio Governador Magalhães Pinto,"Belo Horizonte, Minas Gerais",Match Finished,FT,90,,71,Serie A,Brazil,https://media.api-sports.io/football/leagues/71.png,https://media.api-sports.io/flags/br.svg,2024,Regular Season - 4,True,135,Cruzeiro,https://media.api-sports.io/football/teams/135.png,True,136,Vitoria,https://media.api-sports.io/football/teams/136.png,False,3,1,0,0,3,1,,,,
1180394,Alex Gomes,UTC,2024-04-28T21:30:00+00:00,1714339800,1714339800,1714343400,248,Estádio Alfredo Jaconi,"Caxias do Sul, Rio Grande do Sul",Match Finished,FT,90,,71,Serie A,Brazil,https://media.api-sports.io/football/leagues/71.png,https://media.api-sports.io/flags/br.svg,2024,Regular Season - 4,True,152,Juventude,https://media.api-sports.io/football/teams/152.png,,134,Atletico Paranaense,https://media.api-sports.io/football/teams/134.png,,1,1,1,0,1,1,,,,
1180392,Davi de Oliveira Lacerda,UTC,2024-04-28T21:30:00+00:00,1714339800,1714339800,1714343400,225,Estádio Governador Plácido Aderaldo Castelo,"Fortaleza, Ceará",Match Finished,FT,90,,71,Serie A,Brazil,https://media.api-sports.io/football/leagues/71.png,https://media.api-sports.io/flags/br.svg,2024,Regular Season - 4,True,154,Fortaleza EC,https://media.api-sports.io/football/teams/154.png,,794,RB Bragantino,https://media.api-sports.io/football/teams/794.png,,1,1,1,1,1,1,,,,
1180385,Edina Alves Batista,UTC,2024-04-28T23:00:00+00:00,1714345200,1714345200,1714348800,244,Estádio José Pinheiro Borda,"Porto Alegre, Rio Grande do Sul",Match Finished,FT,90,,71,Serie A,Brazil,https://media.api-sports.io/football/leagues/71.png,https://media.api-sports.io/flags/br.svg,2024,Regular Season - 4,True,119,Internacional,https://media.api-sports.io/football/teams/119.png,,144,Atletico Goianiense,https://media.api-sports.io/football/teams/144.png,,1,1,0,0,1,1,,,,
1180391,Wilton Pereira Sampaio,UTC,2024-04-29T23:00:00+00:00,1714431600,1714431600,1714435200,20813,MorumBIS,"São Paulo, São Paulo",Match Finished,FT,90,,71,Serie A,Brazil,https://media.api-sports.io/football/leagues/71.png,https://media.api-sports.io/flags/br.svg,2024,Regular Season - 4,True,126,Sao Paulo,https://media.api-sports.io/football/teams/126.png,,121,Palmeiras,https://media.api-sports.io/football/teams/121.png,,0,0,0,0,0,0,,,,
1180398,Raphael Claus,UTC,2024-05-04T19:00:00+00:00,1714849200,1714849200,1714852800,20691,Estádio Kleber José de Andrade,"Cariacica, Espírito Santo",Match Finished,FT,90,,71,Serie A,Brazil,https://media.api-sports.io/football/leagues/71.png,https://media.api-sports.io/flags/br.svg,2024,Regular Season - 5,True,124,Fluminense,https://media.api-sports.io/football/teams/124.png,,1062,Atletico-MG,https://media.api-sports.io/football/teams/1062.png,,2,2,1,0,2,2,,,,
1180401,Paulo Cesar Zanovelli da Silva,UTC,2024-05-04T21:30:00+00:00,1714858200,1714858200,1714861800,220,Estádio Nabi Abi Chedid,"Bragança Paulista, São Paulo",Match Finished,FT,90,,71,Serie A,Brazil,https://media.api-sports.io/football/leagues/71.png,https://media.api-sports.io/flags/br.svg,2024,Regular Season - 5,True,794,RB Bragantino,https://media.api-sports.io/football/teams/794.png,,127,Flamengo,https://media.api-sports.io/football/teams/127.png,,1,1,1,0,1,1,,,,
1180400,Felipe Fernandes de Lima,UTC,2024-05-05T00:00:00+00:00,1714867200,1714867200,1714870800,11531,Neo Química Arena,"São Paulo, São Paulo",Match Finished,FT,90,,71,Serie A,Brazil,https://media.api-sports.io/football/leagues/71.png,https://media.api-sports.io/flags/br.svg,2024,Regular Season - 5,True,131,Corinthians,https://media.api-sports.io/football/teams/131.png,,154,Fortaleza EC,https://media.api-sports.io/football/teams/154.png,,0,0,0,0,0,0,,,,
1180402,Anderson Daronco,UTC,2024-05-05T19:00:00+00:00,1714935600,1714935600,1714939200,,Ligga Arena,"Curitiba, Paraná",Match Finished,FT,90,,71,Serie A,Brazil,https://media.api-sports.io/football/leagues/71.png,https://media.api-sports.io/flags/br.svg,2024,Regular Season - 5,True,134,Atletico Paranaense,https://media.api-sports.io/football/teams/134.png,True,133,Vasco DA Gama,https://media.api-sports.io/football/teams/133.png,False,1,0,1,0,1,0,,,,
1180397,Ramon Abatti,UTC,2024-05-05T19:00:00+00:00,1714935600,1714935600,1714939200,281,Estádio Manoel Barradas,"Salvador, Bahia",Match Finished,FT,90,,71,Serie A,Brazil,https://media.api-sports.io/football/leagues/71.png,https://media.api-sports.io/flags/br.svg,2024,Regular Season - 5,True,136,Vitoria,https://media.api-sports.io/football/teams/136.png,False,126,Sao Paulo,https://media.api-sports.io/football/teams/126.png,True,1,3,0,1,1,3,,,,
1180399,Rafael Rodrigo Klein,UTC,2024-05-05T21:30:00+00:00,1714944600,1714944600,1714948200,218,Estádio Nilton Santos,Rio de Janeiro,Match Finished,FT,90,,71,Serie A,Brazil,https://media.api-sports.io/football/leagues/71.png,https://media.api-sports.io/flags/br.svg,2024,Regular Season - 5,True,120,Botafogo,https://media.api-sports.io/football/teams/120.png,False,118,Bahia,https://media.api-sports.io/football/teams/118.png,True,1,2,0,1,1,2,,,,
1180403,Bruno Arleu de Araujo,UTC,2024-05-05T21:30:00+00:00,1714944600,1714944600,1714948200,235,Arena Pantanal,"Cuiabá, Mato Grosso",Match Finished,FT,90,,71,Serie A,Brazil,https://media.api-sports.io/football/leagues/71.png,https://media.api-sports.io/flags/br.svg,2024,Regular Season - 5,True,1193,Cuiaba,https://media.api-sports.io/football/teams/1193.png,False,121,Palmeiras,https://media.api-sports.io/football/teams/121.png,True,0,2,0,1,0,2,,,,
1180408,Ramon Abatti,UTC,2024-05-11T19:00:00+00:00,1715454000,1715454000,1715457600,,Estadio Jornalista Mário Filho,"Rio de Janeiro, Rio de Janeiro",Match Finished,FT,90,,71,Serie A,Brazil,https://media.api-sports.io/football/leagues/71.png,https://media.api-sports.io/flags/br.svg,2024,Regular Season - 6,True,127,Flamengo,https://media.api-sports.io/football/teams/127.png,True,131,Corinthians,https://media.api-sports.io/football/teams/131.png,False,2,0,1,0,2,0,,,,
1180410,Braulio da Silva Machado,UTC,2024-05-12T19:00:00+00:00,1715540400,1715540400,1715544000,255,Arena Barueri,"Barueri, São Paulo",Match Finished,FT,90,,71,Serie A,Brazil,https://media.api-sports.io/football/leagues/71.png,https://media.api-sports.io/flags/br.svg,2024,Regular Season - 6,True,121,Palmeiras,https://media.api-sports.io/football/teams/121.png,False,134,Atletico Paranaense,https://media.api-sports.io/football/teams/134.png,True,0,2,0,1,0,2,,,,
1180413,Rodrigo José Pereira de Lima,UTC,2024-05-12T19:00:00+00:00,1715540400,1715540400,1715544000,211,Estádio Antônio Accioly,"Goiânia, Goiás",Match Finished,FT,90,,71,Serie A,Brazil,https://media.api-sports.io/football/leagues/71.png,https://media.api-sports.io/flags/br.svg,2024,Regular Season - 6,True,144,Atletico Goianiense,https://media.api-sports.io/football/teams/144.png,False,135,Cruzeiro,https://media.api-sports.io/football/teams/135.png,True,0,1,0,0,0,1,,,,
1180412,Wilton Pereira Sampaio,UTC,2024-05-12T19:00:00+00:00,1715540400,1715540400,1715544000,225,Estádio Governador Plácido Aderaldo Castelo,"Fortaleza, Ceará",Match Finished,FT,90,,71,Serie A,Brazil,https://media.api-sports.io/football/leagues/71.png,https://media.api-sports.io/flags/br.svg,2024,Regular Season - 6,True,154,Fortaleza EC,https://media.api-sports.io/football/teams/154.png,,120,Botafogo,https://media.api-sports.io/football/teams/120.png,,1,1,1,1,1,1,,,,
1180407,Gustavo Ervino Bauermann,UTC,2024-05-12T21:30:00+00:00,1715549400,1715549400,1715553000,216,Arena Fonte Nova,"Salvador, Bahia",Match Finished,FT,90,,71,Serie A,Brazil,https://media.api-sports.io/football/leagues/71.png,https://media.api-sports.io/flags/br.svg,2024,Regular Season - 6,True,118,Bahia,https://media.api-sports.io/football/teams/118.png,True,794,RB Bragantino,https://media.api-sports.io/football/teams/794.png,False,1,0,1,0,1,0,,,,
1180409,Raphael Claus,UTC,2024-05-12T21:30:00+00:00,1715549400,1715549400,1715553000,19377,Estádio São Januário,"Rio de Janeiro, Rio de Janeiro",Match Finished,FT,90,,71,Serie A,Brazil,https://media.api-sports.io/football/leagues/71.png,https://media.api-sports.io/flags/br.svg,2024,Regular Season - 6,True,133,Vasco DA Gama,https://media.api-sports.io/football/teams/133.png,True,136,Vitoria,https://media.api-sports.io/football/teams/136.png,False,2,1,0,0,2,1,,,,
1180411,Anderson Daronco,UTC,2024-05-13T23:00:00+00:00,1715641200,1715641200,1715644800,20813,MorumBIS,"São Paulo, São Paulo",Match Finished,FT,90,,71,Serie A,Brazil,https://media.api-sports.io/football/leagues/71.png,https://media.api-sports.io/flags/br.svg,2024,Regular Season - 6,True,126,Sao Paulo,https://media.api-sports.io/football/teams/126.png,True,124,Fluminense,https://media.api-sports.io/football/teams/124.png,False,2,1,1,1,2,1,,,,
1180415,Ramon Abatti,UTC,2024-06-01T19:00:00+00:00,1717268400,1717268400,1717272000,230,Estádio Major Antônio Couto Pereira,"Curitiba, Paraná",Match Finished,FT,90,,71,Serie A,Brazil,https://media.api-sports.io/football/leagues/71.png,https://media.api-sports.io/flags/br.svg,2024,Regular Season - 7,True,130,Gremio,https://media.api-sports.io/football/teams/130.png,False,794,RB Bragantino,https://media.api-sports.io/football/teams/794.png,True,0,2,0,1,0,2,,,,
1180417,Kleber Ariel Gonçalves da Silva,UTC,2024-06-01T19:00:00+00:00,1717268400,1717268400,1717272000,281,Estádio Manoel Barradas,"Salvador, Bahia",Match Finished,FT,90,,71,Serie A,Brazil,https://media.api-sports.io/football/leagues/71.png,https://media.api-sports.io/flags/br.svg,2024,Regular Season - 7,True,136,Vitoria,https://media.api-sports.io/football/teams/136.png,False,144,Atletico Goianiense,https://media.api-sports.io/football/teams/144.png,True,0,2,0,1,0,2,,,,
1180418,Matheus Delgado Candançan,UTC,2024-06-01T21:30:00+00:00,1717277400,1717277400,1717281000,,Estadio Jornalista Mário Filho,"Rio de Janeiro, Rio de Janeiro",Match Finished,FT,90,,71,Serie A,Brazil,https://media.api-sports.io/football/leagues/71.png,https://media.api-sports.io/flags/br.svg,2024,Regular Season - 7,True,124,Fluminense,https://media.api-sports.io/football/teams/124.png,,152,Juventude,https://media.api-sports.io/football/teams/152.png,,1,1,1,0,1,1,,,,
1180423,Anderson Ribeiro Gonçalves,UTC,2024-06-01T21:30:00+00:00,1717277400,1717277400,1717281000,235,Arena Pantanal,"Cuiabá, Mato Grosso",Match Finished,FT,90,,71,Serie A,Brazil,https://media.api-sports.io/football/leagues/71.png,https://media.api-sports.io/flags/br.svg,2024,Regular Season - 7,True,1193,Cuiaba,https://media.api-sports.io/football/teams/1193.png,False,119,Internacional,https://media.api-sports.io/football/teams/119.png,True,0,1,0,0,0,1,,,,
1180420,Anderson Daronco,UTC,2024-06-02T00:00:00+00:00,1717286400,1717286400,1717290000,11531,Neo Química Arena,"São Paulo, São Paulo",Match Finished,FT,90,,71,Serie A,Brazil,https://media.api-sports.io/football/leagues/71.png,https://media.api-sports.io/flags/br.svg,2024,Regular Season - 7,True,131,Corinthians,https://media.api-sports.io/football/teams/131.png,False,120,Botafogo,https://media.api-sports.io/football/teams/120.png,True,0,1,0,0,0,1,,,,
1180419,Braulio da Silva Machado,UTC,2024-06-02T19:00:00+00:00,1717354800,1717354800,1717358400,,Estadio Jornalista Mário Filho,"Rio de Janeiro, Rio de Janeiro",Match Finished,FT,90,,71,Serie A,Brazil,https://media.api-sports.io/football/leagues/71.png,https://media.api-sports.io/flags/br.svg,2024,Regular Season - 7,True,133,Vasco DA Gama,https://media.api-sports.io/football/teams/133.png,False,127,Flamengo,https://media.api-sports.io/football/teams/127.png,True,1,6,1,3,1,6,,,,
1180424,Rafael Rodrigo Klein,UTC,2024-06-02T19:00:00+00:00,1717354800,1717354800,1717358400,233,Estádio Heriberto Hülse,"Criciúma, Santa Catarina",Match Finished,FT,90,,71,Serie A,Brazil,https://media.api-sports.io/football/leagues/71.png,https://media.api-sports.io/flags/br.svg,2024,Regular Season - 7,True,140,Criciuma,https://media.api-sports.io/football/teams/140.png,False,121,Palmeiras,https://media.api-sports.io/football/teams/121.png,True,1,2,0,0,1,2,,,,
1180416,Bruno Arleu de Araujo,UTC,2024-06-02T19:00:00+00:00,1717354800,1717354800,1717358400,21427,Arena MRV,"Belo Horizonte, Minas Gerais",Match Finished,FT,90,,71,Serie A,Brazil,https://media.api-sports.io/football/leagues/71.png,https://media.api-sports.io/flags/br.svg,2024,Regular Season - 7,True,1062,Atletico-MG,https://media.api-sports.io/football/teams/1062.png,,118,Bahia,https://media.api-sports.io/football/teams/118.png,,1,1,0,0,1,1,,,,
1180421,Lucas Torezin,UTC,2024-06-02T21:30:00+00:00,1717363800,1717363800,1717367400,20813,MorumBIS,"São Paulo, São Paulo",Match Finished,FT,90,,71,Serie A,Brazil,https://media.api-sports.io/football/leagues/71.png,https://media.api-sports.io/flags/br.svg,2024,Regular Season - 7,True,126,Sao Paulo,https://media.api-sports.io/football/teams/126.png,True,135,Cruzeiro,https://media.api-sports.io/football/teams/135.png,False,2,0,1,0,2,0,,,,
1180422,João Gobi,UTC,2024-06-02T21:30:00+00:00,1717363800,1717363800,1717367400,237,Estádio Municipal Presidente Getúlio Vargas,"Fortaleza, Ceará",Match Finished,FT,90,,71,Serie A,Brazil,https://media.api-sports.io/football/leagues/71.png,https://media.api-sports.io/flags/br.svg,2024,Regular Season - 7,True,154,Fortaleza EC,https://media.api-sports.io/football/teams/154.png,True,134,Atletico Paranaense,https://media.api-sports.io/football/teams/134.png,False,1,0,1,0,1,0,,,,
1180404,Raphael Claus,UTC,2024-06-05T22:00:00+00:00,1717624800,1717624800,1717628400,248,Estádio Alfredo Jaconi,"Caxias do Sul, Rio Grande do Sul",Match Finished,FT,90,,71,Serie A,Brazil,https://media.api-sports.io/football/leagues/71.png,https://media.api-sports.io/flags/br.svg,2024,Regular Season - 5,True,152,Juventude,https://media.api-sports.io/football/teams/152.png,True,144,Atletico Goianiense,https://media.api-sports.io/football/teams/144.png,False,1,0,1,0,1,0,,,,
1180373,Wilton Pereira Sampaio,UTC,2024-06-05T23:00:00+00:00,1717628400,1717628400,1717632000,235,Arena Pantanal,"Cuiabá, Mato Grosso",Match Finished,FT,90,,71,Serie A,Brazil,https://media.api-sports.io/football/leagues/71.png,https://media.api-sports.io/flags/br.svg,2024,Regular Season - 2,True,1193,Cuiaba,https://media.api-sports.io/football/teams/1193.png,,136,Vitoria,https://media.api-sports.io/football/teams/136.png,,0,0,0,0,0,0,,,,
1180414,Bruno Arleu de Araujo,UTC,2024-06-09T19:00:00+00:00,1717959600,1717959600,1717963200,233,Estádio Heriberto Hülse,"Criciúma, Santa Catarina",Match Finished,FT,90,,71,Serie A,Brazil,https://media.api-sports.io/football/leagues/71.png,https://media.api-sports.io/flags/br.svg,2024,Regular Season - 6,True,140,Criciuma,https://media.api-sports.io/football/teams/140.png,False,1193,Cuiaba,https://media.api-sports.io/football/teams/1193.png,True,2,5,0,3,2,5,,,,
1180433,Paulo Cesar Zanovelli da Silva,UTC,2024-06-11T22:00:00+00:00,1718143200,1718143200,1718146800,211,Estádio Antônio Accioly,"Goiânia, Goiás",Match Finished,FT,90,,71,Serie A,Brazil,https://media.api-sports.io/football/leagues/71.png,https://media.api-sports.io/flags/br.svg,2024,Regular Season - 8,True,144,Atletico Goianiense,https://media.api-sports.io/football/teams/144.png,,131,Corinthians,https://media.api-sports.io/football/teams/131.png,,2,2,0,1,2,2,,,,
1180434,Wagner do Nascimento Magalhaes,UTC,2024-06-11T22:00:00+00:00,1718143200,1718143200,1718146800,248,Estádio Alfredo Jaconi,"Caxias do Sul, Rio Grande do Sul",Match Finished,FT,90,,71,Serie A,Brazil,https://media.api-sports.io/football/leagues/71.png,https://media.api-sports.io/flags/br.svg,2024,Regular Season - 8,True,152,Juventude,https://media.api-sports.io/football/teams/152.png,,136,Vitoria,https://media.api-sports.io/football/teams/136.png,,1,1,1,1,1,1,,,,
1180429,Flavio Rodrigues De Souza,UTC,2024-06-11T23:00:00+00:00,1718146800,1718146800,1718150400,218,Estádio Nilton Santos,Rio de Janeiro,Match Finished,FT,90,,71,Serie A,Brazil,https://media.api-sports.io/football/leagues/71.png,https://media.api-sports.io/flags/br.svg,2024,Regular Season - 8,True,120,Botafogo,https://media.api-sports.io/football/teams/120.png,True,124,Fluminense,https://media.api-sports.io/football/teams/124.png,False,1,0,0,0,1,0,,,,
1180431,Rafael Rodrigo Klein,UTC,2024-06-12T00:30:00+00:00,1718152200,1718152200,1718155800,220,Estádio Nabi Abi Chedid,"Bragança Paulista, São Paulo",Match Finished,FT,90,,71,Serie A,Brazil,https://media.api-sports.io/football/leagues/71.png,https://media.api-sports.io/flags/br.svg,2024,Regular Season - 8,True,794,RB Bragantino,https://media.api-sports.io/football/teams/794.png,False,1062,Atletico-MG,https://media.api-sports.io/football/teams/1062.png,True,1,2,1,2,1,2,,,,
1180426,Marcelo de Lima Henrique,UTC,2024-06-13T22:00:00+00:00,1718316000,1718316000,1718319600,234,Estádio Governador Magalhães Pinto,"Belo Horizonte, Minas Gerais",Match Finished,FT,90,,71,Serie A,Brazil,https://media.api-sports.io/football/leagues/71.png,https://media.api-sports.io/flags/br.svg,2024,Regular Season - 8,True,135,Cruzeiro,https://media.api-sports.io/football/teams/135.png,True,1193,Cuiaba,https://media.api-sports.io/football/teams/1193.png,False,2,1,1,0,2,1,,,,
1180425,Braulio da Silva Machado,UTC,2024-06-13T23:00:00+00:00,1718319600,1718319600,1718323200,233,Estádio Heriberto Hülse,"Criciúma, Santa Catarina",Match Finished,FT,90,,71,Serie A,Brazil,https://media.api-sports.io/football/leagues/71.png,https://media.api-sports.io/flags/br.svg,2024,Regular Season - 8,True,119,Internacional,https://media.api-sports.io/football/teams/119.png,,126,Sao Paulo,https://media.api-sports.io/football/teams/126.png,,0,0,0,0,0,0,,,,
1180428,Luiz Flávio,UTC,2024-06-13T23:00:00+00:00,1718319600,1718319600,1718323200,,Estadio Jornalista Mário Filho,"Rio de Janeiro, Rio de Janeiro",Match Finished,FT,90,,71,Serie A,Brazil,https://media.api-sports.io/football/leagues/71.png,https://media.api-sports.io/flags/br.svg,2024,Regular Season - 8,True,127,Flamengo,https://media.api-sports.io/football/teams/127.png,True,130,Gremio,https://media.api-sports.io/football/teams/130.png,False,2,1,1,0,2,1,,,,
1180432,Jonathan Benkenstein Pinheiro,UTC,2024-06-13T23:00:00+00:00,1718319600,1718319600,1718323200,,Ligga Arena,"Curitiba, Paraná",Match Finished,FT,90,,71,Serie A,Brazil,https://media.api-sports.io/football/leagues/71.png,https://media.api-sports.io/flags/br.svg,2024,Regular Season - 8,True,134,Atletico Paranaense,https://media.api-sports.io/football/teams/134.png,True,140,Criciuma,https://media.api-sports.io/football/teams/140.png,False,3,1,1,1,3,1,,,,
1180427,Felipe Fernandes de Lima,UTC,2024-06-14T00:30:00+00:00,1718325000,1718325000,1718328600,216,Arena Fonte Nova,"Salvador, Bahia",Match Finished,FT,90,,71,Serie A,Brazil,https://media.api-sports.io/football/leagues/71.png,https://media.api-sports.io/flags/br.svg,2024,Regular Season - 8,True,118,Bahia,https://media.api-sports.io/football/teams/118.png,True,154,Fortaleza EC,https://media.api-sports.io/football/teams/154.png,False,1,0,0,0,1,0,,,,
1180430,Ramon Abatti,UTC,2024-06-14T00:30:00+00:00,1718325000,1718325000,1718328600,258,Allianz Parque,"São Paulo, São Paulo",Match Finished,FT,90,,71,Serie A,Brazil,https://media.api-sports.io/football/leagues/71.png,https://media.api-sports.io/flags/br.svg,2024,Regular Season - 8,True,121,Palmeiras,https://media.api-sports.io/football/teams/121.png,True,133,Vasco DA Gama,https://media.api-sports.io/football/teams/133.png,False,2,0,1,0,2,0,,,,
1180441,Emerson Ricardo de Almeida Andrade,UTC,2024-06-15T21:30:00+00:00,1718487000,1718487000,1718490600,220,Estádio Nabi Abi Chedid,"Bragança Paulista, São Paulo",Match Finished,FT,90,,71,Serie A,Brazil,https://media.api-sports.io/football/leagues/71.png,https://media.api-sports.io/flags/br.svg,2024,Regular Season - 9,True,794,RB Bragantino,https://media.api-sports.io/football/teams/794.png,True,152,Juventude,https://media.api-sports.io/football/teams/152.png,False,2,1,1,1,2,1,,,,
1180438,Gustavo Ervino Bauermann,UTC,2024-06-16T00:00:00+00:00,1718496000,1718496000,1718499600,,Estadio Jornalista Mário Filho,"Rio de Janeiro, Rio de Janeiro",Match Finished,FT,90,,71,Serie A,Brazil,https://media.api-sports.io/football/leagues/71.png,https://media.api-sports.io/flags/br.svg,2024,Regular Season - 9,True,124,Fluminense,https://media.api-sports.io/football/teams/124.png,False,144,Atletico Goianiense,https://media.api-sports.io/football/teams/144.png,True,1,2,1,0,1,2,,,,
1180440,Ramon Abatti,UTC,2024-06-16T19:00:00+00:00,1718564400,1718564400,1718568000,11531,Neo Química Arena,"São Paulo, São Paulo",Match Finished,FT,90,,71,Serie A,Brazil,https://media.api-sports.io/football/leagues/71.png,https://media.api-sports.io/flags/br.svg,2024,Regular Season - 9,True,131,Corinthians,https://media.api-sports.io/football/teams/131.png,,126,Sao Paulo,https://media.api-sports.io/football/teams/126.png,,2,2,2,2,2,2,,,,
1180442,Anderson Daronco,UTC,2024-06-16T19:00:00+00:00,1718564400,1718564400,1718568000,,Ligga Arena,"Curitiba, Paraná",Match Finished,FT,90,,71,Serie A,Brazil,https://media.api-sports.io/football/leagues/71.png,https://media.api-sports.io/flags/br.svg,2024,Regular Season - 9,True,134,Atletico Paranaense,https://media.api-sports.io/football/teams/134.png,,127,Flamengo,https://media.api-sports.io/football/teams/127.png,,1,1,0,0,1,1,,,,
1180437,Bruno Arleu de Araujo,UTC,2024-06-16T19:00:00+00:00,1718564400,1718564400,1718568000,281,Estádio Manoel Barradas,"Salvador, Bahia",Match Finished,FT,90,,71,Serie A,Brazil,https://media.api-sports.io/football/leagues/71.png,https://media.api-sports.io/flags/br.svg,2024,Regular Season - 9,True,136,Vitoria,https://media.api-sports.io/football/teams/136.png,True,119,Internacional,https://media.api-sports.io/football/teams/119.png,False,2,1,1,0,2,1,,,,
1180435,Paulo Cesar Zanovelli da Silva,UTC,2024-06-16T21:30:00+00:00,1718573400,1718573400,1718577000,20691,Estádio Kleber José de Andrade,"Cariacica, Espírito Santo",Match Finished,FT,90,,71,Serie A,Brazil,https://media.api-sports.io/football/leagues/71.png,https://media.api-sports.io/flags/br.svg,2024,Regular Season - 9,True,130,Gremio,https://media.api-sports.io/football/teams/130.png,False,120,Botafogo,https://media.api-sports.io/football/teams/120.png,True,1,2,1,1,1,2,,,,
1180439,Rafael Rodrigo Klein,UTC,2024-06-16T21:30:00+00:00,1718573400,1718573400,1718577000,19377,Estádio São Januário,"Rio de Janeiro, Rio de Janeiro",Match Finished,FT,90,,71,Serie A,Brazil,https://media.api-sports.io/football/leagues/71.png,https://media.api-sports.io/flags/br.svg,2024,Regular Season - 9,True,133,Vasco DA Gama,https://media.api-sports.io/football/teams/133.png,,135,Cruzeiro,https://media.api-sports.io/football/teams/135.png,,0,0,0,0,0,0,,,,
1180444,Flavio Rodrigues De Souza,UTC,2024-06-16T21:30:00+00:00,1718573400,1718573400,1718577000,233,Estádio Heriberto Hülse,"Criciúma, Santa Catarina",Match Finished,FT,90,,71,Serie A,Brazil,https://media.api-sports.io/football/leagues/71.png,https://media.api-sports.io/flags/br.svg,2024,Regular Season - 9,True,140,Criciuma,https://media.api-sports.io/football/teams/140.png,,118,Bahia,https://media.api-sports.io/football/teams/118.png,,2,2,1,0,2,2,,,,
1180443,Jefferson Ferreira de Moraes,UTC,2024-06-16T21:30:00+00:00,1718573400,1718573400,1718577000,235,Arena Pantanal,"Cuiabá, Mato Grosso",Match Finished,FT,90,,71,Serie A,Brazil,https://media.api-sports.io/football/leagues/71.png,https://media.api-sports.io/flags/br.svg,2024,Regular Season - 9,True,1193,Cuiaba,https://media.api-sports.io/football/teams/1193.png,True,154,Fortaleza EC,https://media.api-sports.io/football/teams/154.png,False,5,0,4,0,5,0,,,,
1180436,Rodrigo José Pereira de Lima,UTC,2024-06-17T23:30:00+00:00,1718667000,1718667000,1718670600,21427,Arena MRV,"Belo Horizonte, Minas Gerais",Match Finished,FT,90,,71,Serie A,Brazil,https://media.api-sports.io/football/leagues/71.png,https://media.api-sports.io/flags/br.svg,2024,Regular Season - 9,True,1062,Atletico-MG,https://media.api-sports.io/football/teams/1062.png,False,121,Palmeiras,https://media.api-sports.io/football/teams/121.png,True,0,4,0,1,0,4,,,,
1180449,Ramon Abatti,UTC,2024-06-19T22:00:00+00:00,1718834400,1718834400,1718838000,218,Estádio Nilton Santos,Rio de Janeiro,Match Finished,FT,90,,71,Serie A,Brazil,https://media.api-sports.io/football/leagues/71.png,https://media.api-sports.io/flags/br.svg,2024,Regular Season - 10,True,120,Botafogo,https://media.api-sports.io/football/teams/120.png,,134,Atletico Paranaense,https://media.api-sports.io/football/teams/134.png,,1,1,0,0,1,1,,,,
1180453,Alex Gomes,UTC,2024-06-19T22:00:00+00:00,1718834400,1718834400,1718838000,211,Estádio Antônio Accioly,"Goiânia, Goiás",Match Finished,FT,90,,71,Serie A,Brazil,https://media.api-sports.io/football/leagues/71.png,https://media.api-sports.io/flags/br.svg,2024,Regular Season - 10,True,144,Atletico Goianiense,https://media.api-sports.io/football/teams/144.png,False,140,Criciuma,https://media.api-sports.io/football/teams/140.png,True,1,2,1,0,1,2,,,,
1180451,Gustavo Ervino Bauermann,UTC,2024-06-19T23:00:00+00:00,1718838000,1718838000,1718841600,20813,MorumBIS,"São Paulo, São Paulo",Match Finished,FT,90,,71,Serie A,Brazil,https://media.api-sports.io/football/leagues/71.png,https://media.api-sports.io/flags/br.svg,2024,Regular Season - 10,True,126,Sao Paulo,https://media.api-sports.io/football/teams/126.png,False,1193,Cuiaba,https://media.api-sports.io/football/teams/1193.png,True,0,1,0,0,0,1,,,,
1180454,Paulo Cesar Zanovelli da Silva,UTC,2024-06-19T23:00:00+00:00,1718838000,1718838000,1718841600,248,Estádio Alfredo Jaconi,"Caxias do Sul, Rio Grande do Sul",Match Finished,FT,90,,71,Serie A,Brazil,https://media.api-sports.io/football/leagues/71.png,https://media.api-sports.io/flags/br.svg,2024,Regular Season - 10,True,152,Juventude,https://media.api-sports.io/football/teams/152.png,True,133,Vasco DA Gama,https://media.api-sports.io/football/teams/133.png,False,2,0,0,0,2,0,,,,
1180452,João Gobi,UTC,2024-06-19T23:00:00+00:00,1718838000,1718838000,1718841600,225,Estádio Governador Plácido Aderaldo Castelo,"Fortaleza, Ceará",Match Finished,FT,90,,71,Serie A,Brazil,https://media.api-sports.io/football/leagues/71.png,https://media.api-sports.io/flags/br.svg,2024,Regular Season - 10,True,154,Fortaleza EC,https://media.api-sports.io/football/teams/154.png,True,130,Gremio,https://media.api-sports.io/football/teams/130.png,False,1,0,1,0,1,0,,,,
1180445,Wagner do Nascimento Magalhaes,UTC,2024-06-20T00:30:00+00:00,1718843400,1718843400,1718847000,7126,Estádio Orlando Scarpelli,"Florianópolis, Santa Catarina",Match Finished,FT,90,,71,Serie A,Brazil,https://media.api-sports.io/football/leagues/71.png,https://media.api-sports.io/flags/br.svg,2024,Regular Season - 10,True,119,Internacional,https://media.api-sports.io/football/teams/119.png,True,131,Corinthians,https://media.api-sports.io/football/teams/131.png,False,1,0,1,0,1,0,,,,
1180446,Matheus Delgado Candançan,UTC,2024-06-20T00:30:00+00:00,1718843400,1718843400,1718847000,234,Estádio Governador Magalhães Pinto,"Belo Horizonte, Minas Gerais",Match Finished,FT,90,,71,Serie A,Brazil,https://media.api-sports.io/football/leagues/71.png,https://media.api-sports.io/flags/br.svg,2024,Regular Season - 10,True,135,Cruzeiro,https://media.api-sports.io/football/teams/135.png,True,124,Fluminense,https://media.api-sports.io/football/teams/124.png,False,2,0,1,0,2,0,,,,
1180447,Marcelo de Lima Henrique,UTC,2024-06-20T21:30:00+00:00,1718919000,1718919000,1718922600,281,Estádio Manoel Barradas,"Salvador, Bahia",Match Finished,FT,90,,71,Serie A,Brazil,https://media.api-sports.io/football/leagues/71.png,https://media.api-sports.io/flags/br.svg,2024,Regular Season - 10,True,136,Vitoria,https://media.api-sports.io/football/teams/136.png,True,1062,Atletico-MG,https://media.api-sports.io/football/teams/1062.png,False,4,2,2,1,4,2,,,,
1180448,Braulio da Silva Machado,UTC,2024-06-20T23:00:00+00:00,1718924400,1718924400,1718928000,,Estadio Jornalista Mário Filho,"Rio de Janeiro, Rio de Janeiro",Match Finished,FT,90,,71,Serie A,Brazil,https://media.api-sports.io/football/leagues/71.png,https://media.api-sports.io/flags/br.svg,2024,Regular Season - 10,True,127,Flamengo,https://media.api-sports.io/football/teams/127.png,True,118,Bahia,https://media.api-sports.io/football/teams/118.png,False,2,1,1,1,2,1,,,,
1180450,Anderson Daronco,UTC,2024-06-21T00:30:00+00:00,1718929800,1718929800,1718933400,258,Allianz Parque,"São Paulo, São Paulo",Match Finished,FT,90,,71,Serie A,Brazil,https://media.api-sports.io/football/leagues/71.png,https://media.api-sports.io/flags/br.svg,2024,Regular Season - 10,True,121,Palmeiras,https://media.api-sports.io/football/teams/121.png,True,794,RB Bragantino,https://media.api-sports.io/football/teams/794.png,False,2,1,1,0,2,1,,,,
1180464,Luiz Flávio,UTC,2024-06-22T19:00:00+00:00,1719082800,1719082800,1719086400,233,Estádio Heriberto Hülse,"Criciúma, Santa Catarina",Match Finished,FT,90,,71,Serie A,Brazil,https://media.api-sports.io/football/leagues/71.png,https://media.api-sports.io/flags/br.svg,2024,Regular Season - 11,True,140,Criciuma,https://media.api-sports.io/football/teams/140.png,True,120,Botafogo,https://media.api-sports.io/football/teams/120.png,False,2,1,1,0,2,1,,,,
1180455,Ramon Abatti,UTC,2024-06-22T20:30:00+00:00,1719088200,1719088200,1719091800,230,Estádio Major Antônio Couto Pereira,"Curitiba, Paraná",Match Finished,FT,90,,71,Serie A,Brazil,https://media.api-sports.io/football/leagues/71.png,https://media.api-sports.io/flags/br.svg,2024,Regular Season - 11,True,130,Gremio,https://media.api-sports.io/football/teams/130.png,False,119,Internacional,https://media.api-sports.io/football/teams/119.png,True,0,1,0,0,0,1,,,,
1180463,Bruno Pereira Vasconcelos,UTC,2024-06-22T21:30:00+00:00,1719091800,1719091800,1719095400,235,Arena Pantanal,"Cuiabá, Mato Grosso",Match Finished,FT,90,,71,Serie A,Brazil,https://media.api-sports.io/football/leagues/71.png,https://media.api-sports.io/flags/br.svg,2024,Regular Season - 11,True,1193,Cuiaba,https://media.api-sports.io/football/teams/1193.png,,144,Atletico Goianiense,https://media.api-sports.io/football/teams/144.png,,0,0,0,0,0,0,,,,
1180459,Caio Max Augusto Vieira,UTC,2024-06-23T00:30:00+00:00,1719102600,1719102600,1719106200,19377,Estádio São Januário,"Rio de Janeiro, Rio de Janeiro",Match Finished,FT,90,,71,Serie A,Brazil,https://media.api-sports.io/football/leagues/71.png,https://media.api-sports.io/flags/br.svg,2024,Regular Season - 11,True,133,Vasco DA Gama,https://media.api-sports.io/football/teams/133.png,True,126,Sao Paulo,https://media.api-sports.io/football/teams/126.png,False,4,1,2,1,4,1,,,,
1180457,Paulo Belence Alves dos Prazeres Filho,UTC,2024-06-23T19:00:00+00:00,1719169200,1719169200,1719172800,216,Arena Fonte Nova,"Salvador, Bahia",Match Finished,FT,90,,71,Serie A,Brazil,https://media.api-sports.io/football/leagues/71.png,https://media.api-sports.io/flags/br.svg,2024,Regular Season - 11,True,118,Bahia,https://media.api-sports.io/football/teams/118.png,True,135,Cruzeiro,https://media.api-sports.io/football/teams/135.png,False,4,1,1,1,4,1,,,,
1180458,Rafael Rodrigo Klein,UTC,2024-06-23T19:00:00+00:00,1719169200,1719169200,1719172800,,Estadio Jornalista Mário Filho,"Rio de Janeiro, Rio de Janeiro",Match Finished,FT,90,,71,Serie A,Brazil,https://media.api-sports.io/football/leagues/71.png,https://media.api-sports.io/flags/br.svg,2024,Regular Season - 11,True,124,Fluminense,https://media.api-sports.io/football/teams/124.png,False,127,Flamengo,https://media.api-sports.io/football/teams/127.png,True,0,1,0,0,0,1,,,,
1180462,Felipe Fernandes de Lima,UTC,2024-06-23T19:00:00+00:00,1719169200,1719169200,1719172800,,Ligga Arena,"Curitiba, Paraná",Match Finished,FT,90,,71,Serie A,Brazil,https://media.api-sports.io/football/leagues/71.png,https://media.api-sports.io/flags/br.svg,2024,Regular Season - 11,True,134,Atletico Paranaense,https://media.api-sports.io/football/teams/134.png,,131,Corinthians,https://media.api-sports.io/football/teams/131.png,,1,1,1,0,1,1,,,,
1180460,Davi de Oliveira Lacerda,UTC,2024-06-23T21:30:00+00:00,1719178200,1719178200,1719181800,258,Allianz Parque,"São Paulo, São Paulo",Match Finished,FT,90,,71,Serie A,Brazil,https://media.api-sports.io/football/leagues/71.png,https://media.api-sports.io/flags/br.svg,2024,Regular Season - 11,True,121,Palmeiras,https://media.api-sports.io/football/teams/121.png,True,152,Juventude,https://media.api-sports.io/football/teams/152.png,False,3,1,0,0,3,1,,,,
1180461,Jonathan Benkenstein Pinheiro,UTC,2024-06-23T21:30:00+00:00,1719178200,1719178200,1719181800,220,Estádio Nabi Abi Chedid,"Bragança Paulista, São Paulo",Match Finished,FT,90,,71,Serie A,Brazil,https://media.api-sports.io/football/leagues/71.png,https://media.api-sports.io/flags/br.svg,2024,Regular Season - 11,True,794,RB Bragantino,https://media.api-sports.io/football/teams/794.png,True,136,Vitoria,https://media.api-sports.io/football/teams/136.png,False,2,1,1,1,2,1,,,,
1180456,Flavio Rodrigues De Souza,UTC,2024-06-23T21:30:00+00:00,1719178200,1719178200,1719181800,21427,Arena MRV,"Belo Horizonte, Minas Gerais",Match Finished,FT,90,,71,Serie A,Brazil,https://media.api-sports.io/football/leagues/71.png,https://media.api-sports.io/flags/br.svg,2024,Regular Season - 11,True,1062,Atletico-MG,https://media.api-sports.io/football/teams/1062.png,,154,Fortaleza EC,https://media.api-sports.io/football/teams/154.png,,1,1,0,1,1,1,,,,
1180469,Gustavo Ervino Bauermann,UTC,2024-06-26T22:00:00+00:00,1719439200,1719439200,1719442800,218,Estádio Nilton Santos,Rio de Janeiro,Match Finished,FT,90,,71,Serie A,Brazil,https://media.api-sports.io/football/leagues/71.png,https://media.api-sports.io/flags/br.svg,2024,Regular Season - 12,True,120,Botafogo,https://media.api-sports.io/football/teams/120.png,True,794,RB Bragantino,https://media.api-sports.io/football/teams/794.png,False,2,1,1,1,2,1,,,,
1180466,Davi de Oliveira Lacerda,UTC,2024-06-26T22:00:00+00:00,1719439200,1719439200,1719442800,234,Estádio Governador Magalhães Pinto,"Belo Horizonte, Minas Gerais",Match Finished,FT,90,,71,Serie A,Brazil,https://media.api-sports.io/football/leagues/71.png,https://media.api-sports.io/flags/br.svg,2024,Regular Season - 12,True,135,Cruzeiro,https://media.api-sports.io/football/teams/135.png,True,134,Atletico Paranaense,https://media.api-sports.io/football/teams/134.png,False,2,0,1,0,2,0,,,,
1180470,Fabio Augusto Santos Sá Junior,UTC,2024-06-26T23:00:00+00:00,1719442800,1719442800,1719446400,11531,Neo Química Arena,"São Paulo, São Paulo",Match Finished,FT,90,,71,Serie A,Brazil,https://media.api-sports.io/football/leagues/71.png,https://media.api-sports.io/flags/br.svg,2024,Regular Season - 12,True,131,Corinthians,https://media.api-sports.io/football/teams/131.png,,1193,Cuiaba,https://media.api-sports.io/football/teams/1193.png,,1,1,0,1,1,1,,,,
1180473,Bruno Arleu de Araujo,UTC,2024-06-26T23:00:00+00:00,1719442800,1719442800,1719446400,211,Estádio Antônio Accioly,"Goiânia, Goiás",Match Finished,FT,90,,71,Serie A,Brazil,https://media.api-sports.io/football/leagues/71.png,https://media.api-sports.io/flags/br.svg,2024,Regular Season - 12,True,144,Atletico Goianiense,https://media.api-sports.io/football/teams/144.png,,130,Gremio,https://media.api-sports.io/football/teams/130.png,,1,1,0,0,1,1,,,,
1180474,Matheus Delgado Candançan,UTC,2024-06-26T23:00:00+00:00,1719442800,1719442800,1719446400,248,Estádio Alfredo Jaconi,"Caxias do Sul, Rio Grande do Sul",Match Finished,FT,90,,71,Serie A,Brazil,https://media.api-sports.io/football/leagues/71.png,https://media.api-sports.io/flags/br.svg,2024,Regular Season - 12,True,152,Juventude,https://media.api-sports.io/football/teams/152.png,True,127,Flamengo,https://media.api-sports.io/football/teams/127.png,False,2,1,1,1,2,1,,,,
1180467,João Gobi,UTC,2024-06-27T00:30:00+00:00,1719448200,1719448200,1719451800,216,Arena Fonte Nova,"Salvador, Bahia",Match Finished,FT,90,,71,Serie A,Brazil,https://media.api-sports.io/football/leagues/71.png,https://media.api-sports.io/flags/br.svg,2024,Regular Season - 12,True,118,Bahia,https://media.api-sports.io/football/teams/118.png,True,133,Vasco DA Gama,https://media.api-sports.io/football/teams/133.png,False,2,1,1,1,2,1,,,,
1180465,Luiz Flávio,UTC,2024-06-27T00:30:00+00:00,1719448200,1719448200,1719451800,233,Estádio Heriberto Hülse,"Criciúma, Santa Catarina",Match Finished,FT,90,,71,Serie A,Brazil,https://media.api-sports.io/football/leagues/71.png,https://media.api-sports.io/flags/br.svg,2024,Regular Season - 12,True,119,Internacional,https://media.api-sports.io/football/teams/119.png,False,1062,Atletico-MG,https://media.api-sports.io/football/teams/1062.png,True,1,2,0,0,1,2,,,,
1180472,Alex Gomes,UTC,2024-06-27T00:30:00+00:00,1719448200,1719448200,1719451800,225,Estádio Governador Plácido Aderaldo Castelo,"Fortaleza, Ceará",Match Finished,FT,90,,71,Serie A,Brazil,https://media.api-sports.io/football/leagues/71.png,https://media.api-sports.io/flags/br.svg,2024,Regular Season - 12,True,154,Fortaleza EC,https://media.api-sports.io/football/teams/154.png,True,121,Palmeiras,https://media.api-sports.io/football/teams/121.png,False,3,0,1,0,3,0,,,,
1180468,Flavio Rodrigues De Souza,UTC,2024-06-27T22:00:00+00:00,1719525600,1719525600,1719529200,,Estadio Jornalista Mário Filho,"Rio de Janeiro, Rio de Janeiro",Match Finished,FT,90,,71,Serie A,Brazil,https://media.api-sports.io/football/leagues/71.png,https://media.api-sports.io/flags/br.svg,2024,Regular Season - 12,True,124,Fluminense,https://media.api-sports.io/football/teams/124.png,False,136,Vitoria,https://media.api-sports.io/football/teams/136.png,True,0,1,0,0,0,1,,,,
1180471,Bruno Pereira Vasconcelos,UTC,2024-06-27T23:00:00+00:00,1719529200,1719529200,1719532800,20813,MorumBIS,"São Paulo, São Paulo",Match Finished,FT,90,,71,Serie A,Brazil,https://media.api-sports.io/football/leagues/71.png,https://media.api-sports.io/flags/br.svg,2024,Regular Season - 12,True,126,Sao Paulo,https://media.api-sports.io/football/teams/126.png,True,140,Criciuma,https://media.api-sports.io/football/teams/140.png,False,2,1,2,0,2,1,,,,
1180479,Ramon Abatti,UTC,2024-06-29T21:30:00+00:00,1719696600,1719696600,1719700200,19377,Estádio São Januário,"Rio de Janeiro, Rio de Janeiro",Match Finished,FT,90,,71,Serie A,Brazil,https://media.api-sports.io/football/leagues/71.png,https://media.api-sports.io/flags/br.svg,2024,Regular Season - 13,True,133,Vasco DA Gama,https://media.api-sports.io/football/teams/133.png,,120,Botafogo,https://media.api-sports.io/football/teams/120.png,,1,1,0,0,1,1,,,,
1180483,Felipe Fernandes de Lima,UTC,2024-06-29T21:30:00+00:00,1719696600,1719696600,1719700200,235,Arena Pantanal,"Cuiabá, Mato Grosso",Match Finished,FT,90,,71,Serie A,Brazil,https://media.api-sports.io/football/leagues/71.png,https://media.api-sports.io/flags/br.svg,2024,Regular Season - 13,True,1193,Cuiaba,https://media.api-sports.io/football/teams/1193.png,,794,RB Bragantino,https://media.api-sports.io/football/teams/794.png,,1,1,1,1,1,1,,,,
1180476,Jonathan Benkenstein Pinheiro,UTC,2024-06-30T14:00:00+00:00,1719756000,1719756000,1719759600,21427,Arena MRV,"Belo Horizonte, Minas Gerais",Match Finished,FT,90,,71,Serie A,Brazil,https://media.api-sports.io/football/leagues/71.png,https://media.api-sports.io/flags/br.svg,2024,Regular Season - 13,True,1062,Atletico-MG,https://media.api-sports.io/football/teams/1062.png,,144,Atletico Goianiense,https://media.api-sports.io/football/teams/144.png,,1,1,1,1,1,1,,,,
1180481,Marcelo de Lima Henrique,UTC,2024-06-30T19:00:00+00:00,1719774000,1719774000,1719777600,20813,MorumBIS,"São Paulo, São Paulo",Match Finished,FT,90,,71,Serie A,Brazil,https://media.api-sports.io/football/leagues/71.png,https://media.api-sports.io/flags/br.svg,2024,Regular Season - 13,True,126,Sao Paulo,https://media.api-sports.io/football/teams/126.png,True,118,Bahia,https://media.api-sports.io/football/teams/118.png,False,3,1,2,0,3,1,,,,
1180475,Paulo Cesar Zanovelli da Silva,UTC,2024-06-30T19:00:00+00:00,1719774000,1719774000,1719777600,5625,Estádio Francisco Stédile,"Caxias do Sul, Rio Grande do Sul",Match Finished,FT,90,,71,Serie A,Brazil,https://media.api-sports.io/football/leagues/71.png,https://media.api-sports.io/flags/br.svg,2024,Regular Season - 13,True,130,Gremio,https://media.api-sports.io/football/teams/130.png,True,124,Fluminense,https://media.api-sports.io/football/teams/124.png,False,1,0,0,0,1,0,,,,
1180482,Rodrigo José Pereira de Lima,UTC,2024-06-30T19:00:00+00:00,1719774000,1719774000,1719777600,225,Estádio Governador Plácido Aderaldo Castelo,"Fortaleza, Ceará",Match Finished,FT,90,,71,Serie A,Brazil,https://media.api-sports.io/football/leagues/71.png,https://media.api-sports.io/flags/br.svg,2024,Regular Season - 13,True,154,Fortaleza EC,https://media.api-sports.io/football/teams/154.png,True,152,Juventude,https://media.api-sports.io/football/teams/152.png,False,2,1,2,0,2,1,,,,
1180478,Braulio da Silva Machado,UTC,2024-06-30T21:30:00+00:00,1719783000,1719783000,1719786600,,Estadio Jornalista Mário Filho,"Rio de Janeiro, Rio de Janeiro",Match Finished,FT,90,,71,Serie A,Brazil,https://media.api-sports.io/football/leagues/71.png,https://media.api-sports.io/flags/br.svg,2024,Regular Season - 13,True,127,Flamengo,https://media.api-sports.io/football/teams/127.png,True,135,Cruzeiro,https://media.api-sports.io/football/teams/135.png,False,2,1,1,1,2,1,,,,
1180477,Bruno Arleu de Araujo,UTC,2024-06-30T21:30:00+00:00,1719783000,1719783000,1719786600,281,Estádio Manoel Barradas,"Salvador, Bahia",Match Finished,FT,90,,71,Serie A,Brazil,https://media.api-sports.io/football/leagues/71.png,https://media.api-sports.io/flags/br.svg,2024,Regular Season - 13,True,136,Vitoria,https://media.api-sports.io/football/teams/136.png,False,134,Atletico Paranaense,https://media.api-sports.io/football/teams/134.png,True,0,1,0,0,0,1,,,,
1180484,Wagner do Nascimento Magalhaes,UTC,2024-06-30T21:30:00+00:00,1719783000,1719783000,1719786600,233,Estádio Heriberto Hülse,"Criciúma, Santa Catarina",Match Finished,FT,90,,71,Serie A,Brazil,https://media.api-sports.io/football/leagues/71.png,https://media.api-sports.io/flags/br.svg,2024,Regular Season - 13,True,140,Criciuma,https://media.api-sports.io/football/teams/140.png,,119,Internacional,https://media.api-sports.io/football/teams/119.png,,1,1,0,1,1,1,,,,
1180480,Anderson Daronco,UTC,2024-07-01T23:00:00+00:00,1719874800,1719874800,1719878400,258,Allianz Parque,"São Paulo, São Paulo",Match Finished,FT,90,,71,Serie A,Brazil,https://media.api-sports.io/football/leagues/71.png,https://media.api-sports.io/flags/br.svg,2024,Regular Season - 13,True,121,Palmeiras,https://media.api-sports.io/football/teams/121.png,True,131,Corinthians,https://media.api-sports.io/football/teams/131.png,False,2,0,0,0,2,0,,,,
1180493,Paulo Cesar Zanovelli da Silva,UTC,2024-07-03T22:00:00+00:00,1720044000,1720044000,1720047600,235,Arena Pantanal,"Cuiabá, Mato Grosso",Match Finished,FT,90,,71,Serie A,Brazil,https://media.api-sports.io/football/leagues/71.png,https://media.api-sports.io/flags/br.svg,2024,Regular Season - 14,True,1193,Cuiaba,https://media.api-sports.io/football/teams/1193.png,False,120,Botafogo,https://media.api-sports.io/football/teams/120.png,True,1,2,1,1,1,2,,,,
1180489,Matheus Delgado Candançan,UTC,2024-07-03T23:00:00+00:00,1720047600,1720047600,1720051200,19377,Estádio São Januário,"Rio de Janeiro, Rio de Janeiro",Match Finished,FT,90,,71,Serie A,Brazil,https://media.api-sports.io/football/leagues/71.png,https://media.api-sports.io/flags/br.svg,2024,Regular Season - 14,True,133,Vasco DA Gama,https://media.api-sports.io/football/teams/133.png,True,154,Fortaleza EC,https://media.api-sports.io/football/teams/154.png,False,2,0,1,0,2,0,,,,
1180494,João Gobi,UTC,2024-07-03T23:00:00+00:00,1720047600,1720047600,1720051200,233,Estádio Heriberto Hülse,"Criciúma, Santa Catarina",Match Finished,FT,90,,71,Serie A,Brazil,https://media.api-sports.io/football/leagues/71.png,https://media.api-sports.io/flags/br.svg,2024,Regular Season - 14,True,140,Criciuma,https://media.api-sports.io/football/teams/140.png,True,135,Cruzeiro,https://media.api-sports.io/football/teams/135.png,False,1,0,0,0,1,0,,,,
1180492,Alex Gomes,UTC,2024-07-04T00:30:00+00:00,1720053000,1720053000,1720056600,,Ligga Arena,"Curitiba, Paraná",Match Finished,FT,90,,71,Serie A,Brazil,https://media.api-sports.io/football/leagues/71.png,https://media.api-sports.io/flags/br.svg,2024,Regular Season - 14,True,134,Atletico Paranaense,https://media.api-sports.io/football/teams/134.png,False,126,Sao Paulo,https://media.api-sports.io/football/teams/126.png,True,1,2,1,1,1,2,,,,
1180491,Davi de Oliveira Lacerda,UTC,2024-07-04T00:30:00+00:00,1720053000,1720053000,1720056600,220,Estádio Nabi Abi Chedid,"Bragança Paulista, São Paulo",Match Finished,FT,90,,71,Serie A,Brazil,https://media.api-sports.io/football/leagues/71.png,https://media.api-sports.io/flags/br.svg,2024,Regular Season - 14,True,794,RB Bragantino,https://media.api-sports.io/football/teams/794.png,True,144,Atletico Goianiense,https://media.api-sports.io/football/teams/144.png,False,3,1,3,1,3,1,,,,
1180486,Ramon Abatti,UTC,2024-07-04T00:30:00+00:00,1720053000,1720053000,1720056600,21427,Arena MRV,"Belo Horizonte, Minas Gerais",Match Finished,FT,90,,71,Serie A,Brazil,https://media.api-sports.io/football/leagues/71.png,https://media.api-sports.io/flags/br.svg,2024,Regular Season - 14,True,1062,Atletico-MG,https://media.api-sports.io/football/teams/1062.png,False,127,Flamengo,https://media.api-sports.io/football/teams/127.png,True,2,4,0,2,2,4,,,,
1180487,Wagner do Nascimento Magalhaes,UTC,2024-07-04T22:00:00+00:00,1720130400,1720130400,1720134000,216,Arena Fonte Nova,"Salvador, Bahia",Match Finished,FT,90,,71,Serie A,Brazil,https://media.api-sports.io/football/leagues/71.png,https://media.api-sports.io/flags/br.svg,2024,Regular Season - 14,True,118,Bahia,https://media.api-sports.io/football/teams/118.png,True,152,Juventude,https://media.api-sports.io/football/teams/152.png,False,2,0,0,0,2,0,,,,
1180485,Marcelo de Lima Henrique,UTC,2024-07-04T22:00:00+00:00,1720130400,1720130400,1720134000,5625,Estádio Francisco Stédile,"Caxias do Sul, Rio Grande do Sul",Match Finished,FT,90,,71,Serie A,Brazil,https://media.api-sports.io/football/leagues/71.png,https://media.api-sports.io/flags/br.svg,2024,Regular Season - 14,True,130,Gremio,https://media.api-sports.io/football/teams/130.png,,121,Palmeiras,https://media.api-sports.io/football/teams/121.png,,2,2,1,0,2,2,,,,
1180488,Felipe Fernandes de Lima,UTC,2024-07-04T23:00:00+00:00,1720134000,1720134000,1720137600,,Estadio Jornalista Mário Filho,"Rio de Janeiro, Rio de Janeiro",Match Finished,FT,90,,71,Serie A,Brazil,https://media.api-sports.io/football/leagues/71.png,https://media.api-sports.io/flags/br.svg,2024,Regular Season - 14,True,124,Fluminense,https://media.api-sports.io/football/teams/124.png,,119,Internacional,https://media.api-sports.io/football/teams/119.png,,1,1,1,1,1,1,,,,
1180490,Gustavo Ervino Bauermann,UTC,2024-07-04T23:00:00+00:00,1720134000,1720134000,1720137600,11531,Neo Química Arena,"São Paulo, São Paulo",Match Finished,FT,90,,71,Serie A,Brazil,https://media.api-sports.io/football/leagues/71.png,https://media.api-sports.io/flags/br.svg,2024,Regular Season - 14,True,131,Corinthians,https://media.api-sports.io/football/teams/131.png,True,136,Vitoria,https://media.api-sports.io/football/teams/136.png,False,3,2,2,1,3,2,,,,
1180501,Bruno Pereira Vasconcelos,UTC,2024-07-06T23:00:00+00:00,1720306800,1720306800,1720310400,20813,MorumBIS,"São Paulo, São Paulo",Match Finished,FT,90,,71,Serie A,Brazil,https://media.api-sports.io/football/leagues/71.png,https://media.api-sports.io/flags/br.svg,2024,Regular Season - 15,True,126,Sao Paulo,https://media.api-sports.io/football/teams/126.png,True,794,RB Bragantino,https://media.api-sports.io/football/teams/794.png,False,2,0,0,0,2,0,,,,
1180498,Rodrigo José Pereira de Lima,UTC,2024-07-06T23:00:00+00:00,1720306800,1720306800,1720310400,,Estadio Jornalista Mário Filho,"Rio de Janeiro, Rio de Janeiro",Match Finished,FT,90,,71,Serie A,Brazil,https://media.api-sports.io/football/leagues/71.png,https://media.api-sports.io/flags/br.svg,2024,Regular Season - 15,True,127,Flamengo,https://media.api-sports.io/football/teams/127.png,,1193,Cuiaba,https://media.api-sports.io/football/teams/1193.png,,1,1,0,1,1,1,,,,
1180496,Alex Gomes,UTC,2024-07-07T19:00:00+00:00,1720378800,1720378800,1720382400,234,Estádio Governador Magalhães Pinto,"Belo Horizonte, Minas Gerais",Match Finished,FT,90,,71,Serie A,Brazil,https://media.api-sports.io/football/leagues/71.png,https://media.api-sports.io/flags/br.svg,2024,Regular Season - 15,True,135,Cruzeiro,https://media.api-sports.io/football/teams/135.png,True,131,Corinthians,https://media.api-sports.io/football/teams/131.png,False,3,0,2,0,3,0,,,,
1180504,Matheus Delgado Candançan,UTC,2024-07-07T19:00:00+00:00,1720378800,1720378800,1720382400,248,Estádio Alfredo Jaconi,"Caxias do Sul, Rio Grande do Sul",Match Finished,FT,90,,71,Serie A,Brazil,https://media.api-sports.io/football/leagues/71.png,https://media.api-sports.io/flags/br.svg,2024,Regular Season - 15,True,152,Juventude,https://media.api-sports.io/football/teams/152.png,True,130,Gremio,https://media.api-sports.io/football/teams/130.png,False,3,0,2,0,3,0,,,,
1180502,Davi de Oliveira Lacerda,UTC,2024-07-07T19:00:00+00:00,1720378800,1720378800,1720382400,225,Estádio Governador Plácido Aderaldo Castelo,"Fortaleza, Ceará",Match Finished,FT,90,,71,Serie A,Brazil,https://media.api-sports.io/football/leagues/71.png,https://media.api-sports.io/flags/br.svg,2024,Regular Season - 15,True,154,Fortaleza EC,https://media.api-sports.io/football/teams/154.png,True,124,Fluminense,https://media.api-sports.io/football/teams/124.png,False,1,0,0,0,1,0,,,,
1180495,Gustavo Ervino Bauermann,UTC,2024-07-07T21:00:00+00:00,1720386000,1720386000,1720389600,244,Estádio José Pinheiro Borda,"Porto Alegre, Rio Grande do Sul",Match Finished,FT,90,,71,Serie A,Brazil,https://media.api-sports.io/football/leagues/71.png,https://media.api-sports.io/flags/br.svg,2024,Regular Season - 15,True,119,Internacional,https://media.api-sports.io/football/teams/119.png,False,133,Vasco DA Gama,https://media.api-sports.io/football/teams/133.png,True,1,2,0,0,1,2,,,,
1180500,Jonathan Benkenstein Pinheiro,UTC,2024-07-07T21:30:00+00:00,1720387800,1720387800,1720391400,258,Allianz Parque,"São Paulo, São Paulo",Match Finished,FT,90,,71,Serie A,Brazil,https://media.api-sports.io/football/leagues/71.png,https://media.api-sports.io/flags/br.svg,2024,Regular Season - 15,True,121,Palmeiras,https://media.api-sports.io/football/teams/121.png,True,118,Bahia,https://media.api-sports.io/football/teams/118.png,False,2,0,1,0,2,0,,,,
1180497,Bruno Mota Correia,UTC,2024-07-07T21:30:00+00:00,1720387800,1720387800,1720391400,281,Estádio Manoel Barradas,"Salvador, Bahia",Match Finished,FT,90,,71,Serie A,Brazil,https://media.api-sports.io/football/leagues/71.png,https://media.api-sports.io/flags/br.svg,2024,Regular Season - 15,True,136,Vitoria,https://media.api-sports.io/football/teams/136.png,True,140,Criciuma,https://media.api-sports.io/football/teams/140.png,False,2,1,2,1,2,1,,,,
1180503,João Gobi,UTC,2024-07-07T21:30:00+00:00,1720387800,1720387800,1720391400,211,Estádio Antônio Accioly,"Goiânia, Goiás",Match Finished,FT,90,,71,Serie A,Brazil,https://media.api-sports.io/football/leagues/71.png,https://media.api-sports.io/flags/br.svg,2024,Regular Season - 15,True,144,Atletico Goianiense,https://media.api-sports.io/football/teams/144.png,False,134,Atletico Paranaense,https://media.api-sports.io/football/teams/134.png,True,1,2,0,0,1,2,,,,
1180499,Rafael Rodrigo Klein,UTC,2024-07-07T23:30:00+00:00,1720395000,1720395000,1720398600,218,Estádio Nilton Santos,Rio de Janeiro,Match Finished,FT,90,,71,Serie A,Brazil,https://media.api-sports.io/football/leagues/71.png,https://media.api-sports.io/flags/br.svg,2024,Regular Season - 15,True,120,Botafogo,https://media.api-sports.io/football/teams/120.png,True,1062,Atletico-MG,https://media.api-sports.io/football/teams/1062.png,False,3,0,1,0,3,0,,,,
1180505,Bruno Arleu de Araujo,UTC,2024-07-10T21:30:00+00:00,1720647000,1720647000,1720650600,5625,Estádio Francisco Stédile,"Caxias do Sul, Rio Grande do Sul",Match Finished,FT,90,,71,Serie A,Brazil,https://media.api-sports.io/football/leagues/71.png,https://media.api-sports.io/flags/br.svg,2024,Regular Season - 16,True,130,Gremio,https://media.api-sports.io/football/teams/130.png,False,135,Cruzeiro,https://media.api-sports.io/football/teams/135.png,True,0,2,0,2,0,2,,,,
1180509,Rafael Rodrigo Klein,UTC,2024-07-10T22:00:00+00:00,1720648800,1720648800,1720652400,19377,Estádio São Januário,"Rio de Janeiro, Rio de Janeiro",Match Finished,FT,90,,71,Serie A,Brazil,https://media.api-sports.io/football/leagues/71.png,https://media.api-sports.io/flags/br.svg,2024,Regular Season - 16,True,133,Vasco DA Gama,https://media.api-sports.io/football/teams/133.png,True,131,Corinthians,https://media.api-sports.io/football/teams/131.png,False,2,0,0,0,2,0,,,,
1180512,Felipe Fernandes de Lima,UTC,2024-07-10T22:00:00+00:00,1720648800,1720648800,1720652400,,Ligga Arena,"Curitiba, Paraná",Match Finished,FT,90,,71,Serie A,Brazil,https://media.api-sports.io/football/leagues/71.png,https://media.api-sports.io/flags/br.svg,2024,Regular Season - 16,True,134,Atletico Paranaense,https://media.api-sports.io/football/teams/134.png,False,118,Bahia,https://media.api-sports.io/football/teams/118.png,True,1,3,0,2,1,3,,,,
1180510,Wagner do Nascimento Magalhaes,UTC,2024-07-11T22:30:00+00:00,1720737000,1720737000,1720740600,258,Allianz Parque,"São Paulo, São Paulo",Match Finished,FT,90,,71,Serie A,Brazil,https://media.api-sports.io/football/leagues/71.png,https://media.api-sports.io/flags/br.svg,2024,Regular Season - 16,True,121,Palmeiras,https://media.api-sports.io/football/teams/121.png,True,144,Atletico Goianiense,https://media.api-sports.io/football/teams/144.png,False,3,1,1,1,3,1,,,,
1180508,Edina Alves Batista,UTC,2024-07-11T23:00:00+00:00,1720738800,1720738800,1720742400,,Estadio Jornalista Mário Filho,"Rio de Janeiro, Rio de Janeiro",Match Finished,FT,90,,71,Serie A,Brazil,https://media.api-sports.io/football/leagues/71.png,https://media.api-sports.io/flags/br.svg,2024,Regular Season - 16,True,127,Flamengo,https://media.api-sports.io/football/teams/127.png,False,154,Fortaleza EC,https://media.api-sports.io/football/teams/154.png,True,1,2,1,1,1,2,,,,
1180514,Anderson Daronco,UTC,2024-07-11T23:00:00+00:00,1720738800,1720738800,1720742400,233,Estádio Heriberto Hülse,"Criciúma, Santa Catarina",Match Finished,FT,90,,71,Serie A,Brazil,https://media.api-sports.io/football/leagues/71.png,https://media.api-sports.io/flags/br.svg,2024,Regular Season - 16,True,140,Criciuma,https://media.api-sports.io/football/teams/140.png,,124,Fluminense,https://media.api-sports.io/football/teams/124.png,,1,1,0,0,1,1,,,,
1180507,Ramon Abatti,UTC,2024-07-12T00:30:00+00:00,1720744200,1720744200,1720747800,281,Estádio Manoel Barradas,"Salvador, Bahia",Match Finished,FT,90,,71,Serie A,Brazil,https://media.api-sports.io/football/leagues/71.png,https://media.api-sports.io/flags/br.svg,2024,Regular Season - 16,True,136,Vitoria,https://media.api-sports.io/football/teams/136.png,False,120,Botafogo,https://media.api-sports.io/football/teams/120.png,True,0,1,0,0,0,1,,,,
1180506,Marcelo de Lima Henrique,UTC,2024-07-12T00:30:00+00:00,1720744200,1720744200,1720747800,21427,Arena MRV,"Belo Horizonte, Minas Gerais",Match Finished,FT,90,,71,Serie A,Brazil,https://media.api-sports.io/football/leagues/71.png,https://media.api-sports.io/flags/br.svg,2024,Regular Season - 16,True,1062,Atletico-MG,https://media.api-sports.io/football/teams/1062.png,True,126,Sao Paulo,https://media.api-sports.io/football/teams/126.png,False,2,1,2,1,2,1,,,,
1180517,Davi de Oliveira Lacerda,UTC,2024-07-13T19:00:00+00:00,1720897200,1720897200,1720900800,216,Arena Fonte Nova,"Salvador, Bahia",Match Finished,FT,90,,71,Serie A,Brazil,https://media.api-sports.io/football/leagues/71.png,https://media.api-sports.io/flags/br.svg,2024,Regular Season - 17,True,118,Bahia,https://media.api-sports.io/football/teams/118.png,False,1193,Cuiaba,https://media.api-sports.io/football/teams/1193.png,True,1,2,0,1,1,2,,,,
1180516,Sávio Pereira,UTC,2024-07-13T19:00:00+00:00,1720897200,1720897200,1720900800,206,Estádio Raimundo Sampaio,"Belo Horizonte, Minas Gerais",Match Finished,FT,90,,71,Serie A,Brazil,https://media.api-sports.io/football/leagues/71.png,https://media.api-sports.io/flags/br.svg,2024,Regular Season - 17,True,135,Cruzeiro,https://media.api-sports.io/football/teams/135.png,True,794,RB Bragantino,https://media.api-sports.io/football/teams/794.png,False,2,1,1,0,2,1,,,,
1180524,Alex Gomes,UTC,2024-07-16T22:00:00+00:00,1721167200,1721167200,1721170800,,Arena BRB Mané Garrincha,"Brasília, Distrito Federal",Match Finished,FT,90,,71,Serie A,Brazil,https://media.api-sports.io/football/leagues/71.png,https://media.api-sports.io/flags/br.svg,2024,Regular Season - 17,True,152,Juventude,https://media.api-sports.io/football/teams/152.png,,1062,Atletico-MG,https://media.api-sports.io/football/teams/1062.png,,1,1,1,1,1,1,,,,
1180520,Jonathan Benkenstein Pinheiro,UTC,2024-07-17T00:00:00+00:00,1721174400,1721174400,1721178000,11531,Neo Química Arena,"São Paulo, São Paulo",Match Finished,FT,90,,71,Serie A,Brazil,https://media.api-sports.io/football/leagues/71.png,https://media.api-sports.io/flags/br.svg,2024,Regular Season - 17,True,131,Corinthians,https://media.api-sports.io/football/teams/131.png,True,140,Criciuma,https://media.api-sports.io/football/teams/140.png,False,2,1,0,1,2,1,,,,
1180523,Matheus Delgado Candançan,UTC,2024-07-17T22:00:00+00:00,1721253600,1721253600,1721257200,211,Estádio Antônio Accioly,"Goiânia, Goiás",Match Finished,FT,90,,71,Serie A,Brazil,https://media.api-sports.io/football/leagues/71.png,https://media.api-sports.io/flags/br.svg,2024,Regular Season - 17,True,144,Atletico Goianiense,https://media.api-sports.io/football/teams/144.png,False,133,Vasco DA Gama,https://media.api-sports.io/football/teams/133.png,True,0,1,0,0,0,1,,,,
1180521,Gustavo Ervino Bauermann,UTC,2024-07-17T23:00:00+00:00,1721257200,1721257200,1721260800,20813,MorumBIS,"São Paulo, São Paulo",Match Finished,FT,90,,71,Serie A,Brazil,https://media.api-sports.io/football/leagues/71.png,https://media.api-sports.io/flags/br.svg,2024,Regular Season - 17,True,126,Sao Paulo,https://media.api-sports.io/football/teams/126.png,True,130,Gremio,https://media.api-sports.io/football/teams/130.png,False,1,0,1,0,1,0,,,,
1180519,Anderson Daronco,UTC,2024-07-18T00:30:00+00:00,1721262600,1721262600,1721266200,218,Estádio Nilton Santos,Rio de Janeiro,Match Finished,FT,90,,71,Serie A,Brazil,https://media.api-sports.io/football/leagues/71.png,https://media.api-sports.io/flags/br.svg,2024,Regular Season - 17,True,120,Botafogo,https://media.api-sports.io/football/teams/120.png,True,121,Palmeiras,https://media.api-sports.io/football/teams/121.png,False,1,0,0,0,1,0,,,,
1180522,Rafael Rodrigo Klein,UTC,2024-07-18T00:30:00+00:00,1721262600,1721262600,1721266200,225,Estádio Governador Plácido Aderaldo Castelo,"Fortaleza, Ceará",Match Finished,FT,90,,71,Serie A,Brazil,https://media.api-sports.io/football/leagues/71.png,https://media.api-sports.io/flags/br.svg,2024,Regular Season - 17,True,154,Fortaleza EC,https://media.api-sports.io/football/teams/154.png,True,136,Vitoria,https://media.api-sports.io/football/teams/136.png,False,3,1,2,0,3,1,,,,
1180528,Maguielson Lima Barbosa,UTC,2024-07-20T19:00:00+00:00,1721502000,1721502000,1721505600,,Arena BRB Mané Garrincha,"Brasília, Distrito Federal",Match Finished,FT,90,,71,Serie A,Brazil,https://media.api-sports.io/football/leagues/71.png,https://media.api-sports.io/flags/br.svg,2024,Regular Season - 18,True,127,Flamengo,https://media.api-sports.io/football/teams/127.png,True,140,Criciuma,https://media.api-sports.io/football/teams/140.png,False,2,1,0,1,2,1,,,,
1180529,Flavio Rodrigues De Souza,UTC,2024-07-20T21:30:00+00:00,1721511000,1721511000,1721514600,218,Estádio Nilton Santos,Rio de Janeiro,Match Finished,FT,90,,71,Serie A,Brazil,https://media.api-sports.io/football/leagues/71.png,https://media.api-sports.io/flags/br.svg,2024,Regular Season - 18,True,120,Botafogo,https://media.api-sports.io/football/teams/120.png,True,119,Internacional,https://media.api-sports.io/football/teams/119.png,False,1,0,1,0,1,0,,,,
1180530,Davi de Oliveira Lacerda,UTC,2024-07-21T00:00:00+00:00,1721520000,1721520000,1721523600,258,Allianz Parque,"São Paulo, São Paulo",Match Finished,FT,90,,71,Serie A,Brazil,https://media.api-sports.io/football/leagues/71.png,https://media.api-sports.io/flags/br.svg,2024,Regular Season - 18,True,121,Palmeiras,https://media.api-sports.io/football/teams/121.png,True,135,Cruzeiro,https://media.api-sports.io/football/teams/135.png,False,2,0,1,0,2,0,,,,
1180525,Sávio Pereira,UTC,2024-07-21T14:00:00+00:00,1721570400,1721570400,1721574000,5625,Estádio Francisco Stédile,"Caxias do Sul, Rio Grande do Sul",Match Finished,FT,90,,71,Serie A,Brazil,https://media.api-sports.io/football/leagues/71.png,https://media.api-sports.io/flags/br.svg,2024,Regular Season - 18,True,130,Gremio,https://media.api-sports.io/football/teams/130.png,True,136,Vitoria,https://media.api-sports.io/football/teams/136.png,False,2,0,0,0,2,0,,,,
1180527,Felipe Fernandes de Lima,UTC,2024-07-21T19:00:00+00:00,1721588400,1721588400,1721592000,216,Arena Fonte Nova,"Salvador, Bahia",Match Finished,FT,90,,71,Serie A,Brazil,https://media.api-sports.io/football/leagues/71.png,https://media.api-sports.io/flags/br.svg,2024,Regular Season - 18,True,118,Bahia,https://media.api-sports.io/football/teams/118.png,False,131,Corinthians,https://media.api-sports.io/football/teams/131.png,True,0,1,0,1,0,1,,,,
1180526,Raphael Claus,UTC,2024-07-21T19:00:00+00:00,1721588400,1721588400,1721592000,21427,Arena MRV,"Belo Horizonte, Minas Gerais",Match Finished,FT,90,,71,Serie A,Brazil,https://media.api-sports.io/football/leagues/71.png,https://media.api-sports.io/flags/br.svg,2024,Regular Season - 18,True,1062,Atletico-MG,https://media.api-sports.io/football/teams/1062.png,True,133,Vasco DA Gama,https://media.api-sports.io/football/teams/133.png,False,2,0,2,0,2,0,,,,
1180534,Wilton Pereira Sampaio,UTC,2024-07-21T21:30:00+00:00,1721597400,1721597400,1721601000,,Arena BRB Mané Garrincha,"Brasília, Distrito Federal",Match Finished,FT,90,,71,Serie A,Brazil,https://media.api-sports.io/football/leagues/71.png,https://media.api-sports.io/flags/br.svg,2024,Regular Season - 18,True,152,Juventude,https://media.api-sports.io/football/teams/152.png,,126,Sao Paulo,https://media.api-sports.io/football/teams/126.png,,0,0,0,0,0,0,,,,
1180532,Lucas Torezin,UTC,2024-07-21T21:30:00+00:00,1721597400,1721597400,1721601000,225,Estádio Governador Plácido Aderaldo Castelo,"Fortaleza, Ceará",Match Finished,FT,90,,71,Serie A,Brazil,https://media.api-sports.io/football/leagues/71.png,https://media.api-sports.io/flags/br.svg,2024,Regular Season - 18,True,154,Fortaleza EC,https://media.api-sports.io/football/teams/154.png,True,144,Atletico Goianiense,https://media.api-sports.io/football/teams/144.png,False,3,1,1,1,3,1,,,,
1180531,Denis Ribeiro Serafim,UTC,2024-07-21T21:30:00+00:00,1721597400,1721597400,1721601000,220,Estádio Nabi Abi Chedid,"Bragança Paulista, São Paulo",Match Finished,FT,90,,71,Serie A,Brazil,https://media.api-sports.io/football/leagues/71.png,https://media.api-sports.io/flags/br.svg,2024,Regular Season - 18,True,794,RB Bragantino,https://media.api-sports.io/football/teams/794.png,True,134,Atletico Paranaense,https://media.api-sports.io/football/teams/134.png,False,1,0,1,0,1,0,,,,
1180533,Anderson Daronco,UTC,2024-07-21T23:00:00+00:00,1721602800,1721602800,1721606400,235,Arena Pantanal,"Cuiabá, Mato Grosso",Match Finished,FT,90,,71,Serie A,Brazil,https://media.api-sports.io/football/leagues/71.png,https://media.api-sports.io/flags/br.svg,2024,Regular Season - 18,True,1193,Cuiaba,https://media.api-sports.io/football/teams/1193.png,False,124,Fluminense,https://media.api-sports.io/football/teams/124.png,True,0,1,0,0,0,1,,,,
1180536,Maguielson Lima Barbosa,UTC,2024-07-24T22:00:00+00:00,1721858400,1721858400,1721862000,234,Estádio Governador Magalhães Pinto,"Belo Horizonte, Minas Gerais",Match Finished,FT,90,,71,Serie A,Brazil,https://media.api-sports.io/football/leagues/71.png,https://media.api-sports.io/flags/br.svg,2024,Regular Season - 19,True,135,Cruzeiro,https://media.api-sports.io/football/teams/135.png,True,152,Juventude,https://media.api-sports.io/football/teams/152.png,False,2,0,1,0,2,0,,,,
1180384,Jonathan Benkenstein Pinheiro,UTC,2024-07-24T22:00:00+00:00,1721858400,1721858400,1721862000,233,Estádio Heriberto Hülse,"Criciúma, Santa Catarina",Match Finished,FT,90,,71,Serie A,Brazil,https://media.api-sports.io/football/leagues/71.png,https://media.api-sports.io/flags/br.svg,2024,Regular Season - 3,True,140,Criciuma,https://media.api-sports.io/football/teams/140.png,,154,Fortaleza EC,https://media.api-sports.io/football/teams/154.png,,1,1,1,0,1,1,,,,
1180541,Felipe Fernandes de Lima,UTC,2024-07-24T22:30:00+00:00,1721860200,1721860200,1721863800,20813,MorumBIS,"São Paulo, São Paulo",Match Finished,FT,90,,71,Serie A,Brazil,https://media.api-sports.io/football/leagues/71.png,https://media.api-sports.io/flags/br.svg,2024,Regular Season - 19,True,126,Sao Paulo,https://media.api-sports.io/football/teams/126.png,,120,Botafogo,https://media.api-sports.io/football/teams/120.png,,2,2,1,2,2,2,,,,
1180537,Raphael Claus,UTC,2024-07-24T23:00:00+00:00,1721862000,1721862000,1721865600,281,Estádio Manoel Barradas,"Salvador, Bahia",Match Finished,FT,90,,71,Serie A,Brazil,https://media.api-sports.io/football/leagues/71.png,https://media.api-sports.io/flags/br.svg,2024,Regular Season - 19,True,136,Vitoria,https://media.api-sports.io/football/teams/136.png,False,127,Flamengo,https://media.api-sports.io/football/teams/127.png,True,1,2,0,1,1,2,,,,
1180538,Wilton Pereira Sampaio,UTC,2024-07-25T00:30:00+00:00,1721867400,1721867400,1721871000,,Estadio Jornalista Mário Filho,"Rio de Janeiro, Rio de Janeiro",Match Finished,FT,90,,71,Serie A,Brazil,https://media.api-sports.io/football/leagues/71.png,https://media.api-sports.io/flags/br.svg,2024,Regular Season - 19,True,124,Fluminense,https://media.api-sports.io/football/teams/124.png,True,121,Palmeiras,https://media.api-sports.io/football/teams/121.png,False,1,0,0,0,1,0,,,,
1180543,Luciano da Silva Miranda Filho,UTC,2024-07-25T00:30:00+00:00,1721867400,1721867400,1721871000,211,Estádio Antônio Accioly,"Goiânia, Goiás",Match Finished,FT,90,,71,Serie A,Brazil,https://media.api-sports.io/football/leagues/71.png,https://media.api-sports.io/flags/br.svg,2024,Regular Season - 19,True,144,Atletico Goianiense,https://media.api-sports.io/football/teams/144.png,,118,Bahia,https://media.api-sports.io/football/teams/118.png,,1,1,0,0,1,1,,,,
1180540,Alex Gomes,UTC,2024-07-25T23:00:00+00:00,1721948400,1721948400,1721952000,11531,Neo Química Arena,"São Paulo, São Paulo",Match Finished,FT,90,,71,Serie A,Brazil,https://media.api-sports.io/football/leagues/71.png,https://media.api-sports.io/flags/br.svg,2024,Regular Season - 19,True,131,Corinthians,https://media.api-sports.io/football/teams/131.png,,130,Gremio,https://media.api-sports.io/football/teams/130.png,,2,2,1,1,2,2,,,,
1180550,Caio Max Augusto Vieira,UTC,2024-07-27T22:00:00+00:00,1722117600,1722117600,1722121200,258,Allianz Parque,"São Paulo, São Paulo",Match Finished,FT,90,,71,Serie A,Brazil,https://media.api-sports.io/football/leagues/71.png,https://media.api-sports.io/flags/br.svg,2024,Regular Season - 20,True,121,Palmeiras,https://media.api-sports.io/football/teams/121.png,False,136,Vitoria,https://media.api-sports.io/football/teams/136.png,True,0,2,0,0,0,2,,,,
1180554,João Gobi,UTC,2024-07-27T22:00:00+00:00,1722117600,1722117600,1722121200,248,Estádio Alfredo Jaconi,"Caxias do Sul, Rio Grande do Sul",Match Finished,FT,90,,71,Serie A,Brazil,https://media.api-sports.io/football/leagues/71.png,https://media.api-sports.io/flags/br.svg,2024,Regular Season - 20,True,152,Juventude,https://media.api-sports.io/football/teams/152.png,False,140,Criciuma,https://media.api-sports.io/football/teams/140.png,True,1,2,0,0,1,2,,,,
1180547,Matheus Delgado Candançan,UTC,2024-07-27T23:00:00+00:00,1722121200,1722121200,1722124800,216,Arena Fonte Nova,"Salvador, Bahia",Match Finished,FT,90,,71,Serie A,Brazil,https://media.api-sports.io/football/leagues/71.png,https://media.api-sports.io/flags/br.svg,2024,Regular Season - 20,True,118,Bahia,https://media.api-sports.io/football/teams/118.png,,119,Internacional,https://media.api-sports.io/football/teams/119.png,,1,1,1,0,1,1,,,,
1180549,Wilton Pereira Sampaio,UTC,2024-07-28T00:30:00+00:00,1722126600,1722126600,1722130200,218,Estádio Nilton Santos,Rio de Janeiro,Match Finished,FT,90,,71,Serie A,Brazil,https://media.api-sports.io/football/leagues/71.png,https://media.api-sports.io/flags/br.svg,2024,Regular Season - 20,True,120,Botafogo,https://media.api-sports.io/football/teams/120.png,False,135,Cruzeiro,https://media.api-sports.io/football/teams/135.png,True,0,3,0,2,0,3,,,,
1180552,Davi de Oliveira Lacerda,UTC,2024-07-28T00:30:00+00:00,1722126600,1722126600,1722130200,225,Estádio Governador Plácido Aderaldo Castelo,"Fortaleza, Ceará",Match Finished,FT,90,,71,Serie A,Brazil,https://media.api-sports.io/football/leagues/71.png,https://media.api-sports.io/flags/br.svg,2024,Regular Season - 20,True,154,Fortaleza EC,https://media.api-sports.io/football/teams/154.png,True,126,Sao Paulo,https://media.api-sports.io/football/teams/126.png,False,1,0,1,0,1,0,,,,
1180551,Lucas Torezin,UTC,2024-07-28T14:00:00+00:00,1722175200,1722175200,1722178800,220,Estádio Nabi Abi Chedid,"Bragança Paulista, São Paulo",Match Finished,FT,90,,71,Serie A,Brazil,https://media.api-sports.io/football/leagues/71.png,https://media.api-sports.io/flags/br.svg,2024,Regular Season - 20,True,794,RB Bragantino,https://media.api-sports.io/football/teams/794.png,False,124,Fluminense,https://media.api-sports.io/football/teams/124.png,True,0,1,0,1,0,1,,,,
1180548,Gustavo Ervino Bauermann,UTC,2024-07-28T19:00:00+00:00,1722193200,1722193200,1722196800,,Estadio Jornalista Mário Filho,"Rio de Janeiro, Rio de Janeiro",Match Finished,FT,90,,71,Serie A,Brazil,https://media.api-sports.io/football/leagues/71.png,https://media.api-sports.io/flags/br.svg,2024,Regular Season - 20,True,127,Flamengo,https://media.api-sports.io/football/teams/127.png,True,144,Atletico Goianiense,https://media.api-sports.io/football/teams/144.png,False,2,0,1,0,2,0,,,,
1180545,Paulo Cesar Zanovelli da Silva,UTC,2024-07-28T22:00:00+00:00,1722204000,1722204000,1722207600,227,Arena Condá,"Chapecó, Santa Catarina",Match Finished,FT,90,,71,Serie A,Brazil,https://media.api-sports.io/football/leagues/71.png,https://media.api-sports.io/flags/br.svg,2024,Regular Season - 20,True,130,Gremio,https://media.api-sports.io/football/teams/130.png,True,133,Vasco DA Gama,https://media.api-sports.io/football/teams/133.png,False,1,0,0,0,1,0,,,,
1180546,Bruno Arleu de Araujo,UTC,2024-07-28T22:00:00+00:00,1722204000,1722204000,1722207600,21427,Arena MRV,"Belo Horizonte, Minas Gerais",Match Finished,FT,90,,71,Serie A,Brazil,https://media.api-sports.io/football/leagues/71.png,https://media.api-sports.io/flags/br.svg,2024,Regular Season - 20,True,1062,Atletico-MG,https://media.api-sports.io/football/teams/1062.png,True,131,Corinthians,https://media.api-sports.io/football/teams/131.png,False,2,1,1,1,2,1,,,,
1180553,Jefferson Ferreira de Moraes,UTC,2024-07-28T22:00:00+00:00,1722204000,1722204000,1722207600,235,Arena Pantanal,"Cuiabá, Mato Grosso",Match Finished,FT,90,,71,Serie A,Brazil,https://media.api-sports.io/football/leagues/71.png,https://media.api-sports.io/flags/br.svg,2024,Regular Season - 20,True,1193,Cuiaba,https://media.api-sports.io/football/teams/1193.png,False,134,Atletico Paranaense,https://media.api-sports.io/football/teams/134.png,True,1,2,0,1,1,2,,,,
1180557,João Gobi,UTC,2024-08-03T19:00:00+00:00,1722711600,1722711600,1722715200,281,Estádio Manoel Barradas,"Salvador, Bahia",Match Finished,FT,90,,71,Serie A,Brazil,https://media.api-sports.io/football/leagues/71.png,https://media.api-sports.io/flags/br.svg,2024,Regular Season - 21,True,136,Vitoria,https://media.api-sports.io/football/teams/136.png,True,1193,Cuiaba,https://media.api-sports.io/football/teams/1193.png,False,1,0,0,0,1,0,,,,
1180559,Gustavo Ervino Bauermann,UTC,2024-08-03T22:00:00+00:00,1722722400,1722722400,1722726000,19377,Estádio São Januário,"Rio de Janeiro, Rio de Janeiro",Match Finished,FT,90,,71,Serie A,Brazil,https://media.api-sports.io/football/leagues/71.png,https://media.api-sports.io/flags/br.svg,2024,Regular Season - 21,True,133,Vasco DA Gama,https://media.api-sports.io/football/teams/133.png,,794,RB Bragantino,https://media.api-sports.io/football/teams/794.png,,2,2,0,1,2,2,,,,
1180564,Jonathan Benkenstein Pinheiro,UTC,2024-08-03T23:00:00+00:00,1722726000,1722726000,1722729600,233,Estádio Heriberto Hülse,"Criciúma, Santa Catarina",Match Finished,FT,90,,71,Serie A,Brazil,https://media.api-sports.io/football/leagues/71.png,https://media.api-sports.io/flags/br.svg,2024,Regular Season - 21,True,140,Criciuma,https://media.api-sports.io/football/teams/140.png,True,1062,Atletico-MG,https://media.api-sports.io/football/teams/1062.png,False,2,1,0,0,2,1,,,,
1180563,Felipe Fernandes de Lima,UTC,2024-08-03T23:00:00+00:00,1722726000,1722726000,1722729600,211,Estádio Antônio Accioly,"Goiânia, Goiás",Match Finished,FT,90,,71,Serie A,Brazil,https://media.api-sports.io/football/leagues/71.png,https://media.api-sports.io/flags/br.svg,2024,Regular Season - 21,True,144,Atletico Goianiense,https://media.api-sports.io/football/teams/144.png,False,120,Botafogo,https://media.api-sports.io/football/teams/120.png,True,1,4,1,1,1,4,,,,
1180561,Rafael Rodrigo Klein,UTC,2024-08-04T00:30:00+00:00,1722731400,1722731400,1722735000,20813,MorumBIS,"São Paulo, São Paulo",Match Finished,FT,90,,71,Serie A,Brazil,https://media.api-sports.io/football/leagues/71.png,https://media.api-sports.io/flags/br.svg,2024,Regular Season - 21,True,126,Sao Paulo,https://media.api-sports.io/football/teams/126.png,True,127,Flamengo,https://media.api-sports.io/football/teams/127.png,False,1,0,0,0,1,0,,,,
1180558,Davi de Oliveira Lacerda,UTC,2024-08-04T19:00:00+00:00,1722798000,1722798000,1722801600,,Estadio Jornalista Mário Filho,"Rio de Janeiro, Rio de Janeiro",Match Finished,FT,90,,71,Serie A,Brazil,https://media.api-sports.io/football/leagues/71.png,https://media.api-sports.io/flags/br.svg,2024,Regular Season - 21,True,124,Fluminense,https://media.api-sports.io/football/teams/124.png,True,118,Bahia,https://media.api-sports.io/football/teams/118.png,False,1,0,1,0,1,0,,,,
1180560,Lucas Torezin,UTC,2024-08-04T19:00:00+00:00,1722798000,1722798000,1722801600,11531,Neo Química Arena,"São Paulo, São Paulo",Match Finished,FT,90,,71,Serie A,Brazil,https://media.api-sports.io/football/leagues/71.png,https://media.api-sports.io/flags/br.svg,2024,Regular Season - 21,True,131,Corinthians,https://media.api-sports.io/football/teams/131.png,,152,Juventude,https://media.api-sports.io/football/teams/152.png,,1,1,0,1,1,1,,,,
1180562,Matheus Delgado Candançan,UTC,2024-08-04T19:00:00+00:00,1722798000,1722798000,1722801600,,Ligga Arena,"Curitiba, Paraná",Match Finished,FT,90,,71,Serie A,Brazil,https://media.api-sports.io/football/leagues/71.png,https://media.api-sports.io/flags/br.svg,2024,Regular Season - 21,True,134,Atletico Paranaense,https://media.api-sports.io/football/teams/134.png,False,130,Gremio,https://media.api-sports.io/football/teams/130.png,True,0,2,0,2,0,2,,,,
1180555,Wagner do Nascimento Magalhaes,UTC,2024-08-04T20:00:00+00:00,1722801600,1722801600,1722805200,244,Estádio José Pinheiro Borda,"Porto Alegre, Rio Grande do Sul",Match Finished,FT,90,,71,Serie A,Brazil,https://media.api-sports.io/football/leagues/71.png,https://media.api-sports.io/flags/br.svg,2024,Regular Season - 21,True,119,Internacional,https://media.api-sports.io/football/teams/119.png,,121,Palmeiras,https://media.api-sports.io/football/teams/121.png,,1,1,1,0,1,1,,,,
1180556,Alex Gomes,UTC,2024-08-06T00:00:00+00:00,1722902400,1722902400,1722906000,20691,Estádio Kleber José de Andrade,"Cariacica, Espírito Santo",Match Finished,FT,90,,71,Serie A,Brazil,https://media.api-sports.io/football/leagues/71.png,https://media.api-sports.io/flags/br.svg,2024,Regular Season - 21,True,135,Cruzeiro,https://media.api-sports.io/football/teams/135.png,False,154,Fortaleza EC,https://media.api-sports.io/football/teams/154.png,True,1,2,1,2,1,2,,,,
1180572,Kleber Ariel Gonçalves da Silva,UTC,2024-08-10T19:00:00+00:00,1723316400,1723316400,1723320000,225,Estádio Governador Plácido Aderaldo Castelo,"Fortaleza, Ceará",Match Finished,FT,90,,71,Serie A,Brazil,https://media.api-sports.io/football/leagues/71.png,https://media.api-sports.io/flags/br.svg,2024,Regular Season - 22,True,154,Fortaleza EC,https://media.api-sports.io/football/teams/154.png,True,140,Criciuma,https://media.api-sports.io/football/teams/140.png,False,1,0,0,0,1,0,,,,
1180573,Bruno Pereira Vasconcelos,UTC,2024-08-10T22:00:00+00:00,1723327200,1723327200,1723330800,235,Arena Pantanal,"Cuiabá, Mato Grosso",Match Finished,FT,90,,71,Serie A,Brazil,https://media.api-sports.io/football/leagues/71.png,https://media.api-sports.io/flags/br.svg,2024,Regular Season - 22,True,1193,Cuiaba,https://media.api-sports.io/football/teams/1193.png,False,130,Gremio,https://media.api-sports.io/football/teams/130.png,True,1,3,0,1,1,3,,,,
1180570,Felipe Fernandes de Lima,UTC,2024-08-11T00:30:00+00:00,1723336200,1723336200,1723339800,11531,Neo Química Arena,"São Paulo, São Paulo",Match Finished,FT,90,,71,Serie A,Brazil,https://media.api-sports.io/football/leagues/71.png,https://media.api-sports.io/flags/br.svg,2024,Regular Season - 22,True,131,Corinthians,https://media.api-sports.io/football/teams/131.png,,794,RB Bragantino,https://media.api-sports.io/football/teams/794.png,,1,1,0,1,1,1,,,,
1180569,Anderson Daronco,UTC,2024-08-11T00:30:00+00:00,1723336200,1723336200,1723339800,218,Estádio Nilton Santos,Rio de Janeiro,Match Finished,FT,90,,71,Serie A,Brazil,https://media.api-sports.io/football/leagues/71.png,https://media.api-sports.io/flags/br.svg,2024,Regular Season - 22,True,133,Vasco DA Gama,https://media.api-sports.io/football/teams/133.png,True,124,Fluminense,https://media.api-sports.io/football/teams/124.png,False,2,0,1,0,2,0,,,,
1180566,Raphael Claus,UTC,2024-08-11T00:30:00+00:00,1723336200,1723336200,1723339800,234,Estádio Governador Magalhães Pinto,"Belo Horizonte, Minas Gerais",Match Finished,FT,90,,71,Serie A,Brazil,https://media.api-sports.io/football/leagues/71.png,https://media.api-sports.io/flags/br.svg,2024,Regular Season - 22,True,135,Cruzeiro,https://media.api-sports.io/football/teams/135.png,,1062,Atletico-MG,https://media.api-sports.io/football/teams/1062.png,,0,0,0,0,0,0,,,,
1180574,Flavio Rodrigues De Souza,UTC,2024-08-11T14:00:00+00:00,1723384800,1723384800,1723388400,248,Estádio Alfredo Jaconi,"Caxias do Sul, Rio Grande do Sul",Match Finished,FT,90,,71,Serie A,Brazil,https://media.api-sports.io/football/leagues/71.png,https://media.api-sports.io/flags/br.svg,2024,Regular Season - 22,True,152,Juventude,https://media.api-sports.io/football/teams/152.png,True,120,Botafogo,https://media.api-sports.io/football/teams/120.png,False,3,2,2,0,3,2,,,,
1180567,Braulio da Silva Machado,UTC,2024-08-11T19:00:00+00:00,1723402800,1723402800,1723406400,216,Arena Fonte Nova,"Salvador, Bahia",Match Finished,FT,90,,71,Serie A,Brazil,https://media.api-sports.io/football/leagues/71.png,https://media.api-sports.io/flags/br.svg,2024,Regular Season - 22,True,118,Bahia,https://media.api-sports.io/football/teams/118.png,True,136,Vitoria,https://media.api-sports.io/football/teams/136.png,False,2,0,1,0,2,0,,,,
1180571,Davi de Oliveira Lacerda,UTC,2024-08-11T19:00:00+00:00,1723402800,1723402800,1723406400,20813,MorumBIS,"São Paulo, São Paulo",Match Finished,FT,90,,71,Serie A,Brazil,https://media.api-sports.io/football/leagues/71.png,https://media.api-sports.io/flags/br.svg,2024,Regular Season - 22,True,126,Sao Paulo,https://media.api-sports.io/football/teams/126.png,True,144,Atletico Goianiense,https://media.api-sports.io/football/teams/144.png,False,1,0,1,0,1,0,,,,
1180568,Wilton Pereira Sampaio,UTC,2024-08-11T19:00:00+00:00,1723402800,1723402800,1723406400,,Estadio Jornalista Mário Filho,"Rio de Janeiro, Rio de Janeiro",Match Finished,FT,90,,71,Serie A,Brazil,https://media.api-sports.io/football/leagues/71.png,https://media.api-sports.io/flags/br.svg,2024,Regular Season - 22,True,127,Flamengo,https://media.api-sports.io/football/teams/127.png,,121,Palmeiras,https://media.api-sports.io/football/teams/121.png,,1,1,0,0,1,1,,,,
1180565,Paulo Cesar Zanovelli da Silva,UTC,2024-08-11T22:00:00+00:00,1723413600,1723413600,1723417200,244,Estádio José Pinheiro Borda,"Porto Alegre, Rio Grande do Sul",Match Finished,FT,90,,71,Serie A,Brazil,https://media.api-sports.io/football/leagues/71.png,https://media.api-sports.io/flags/br.svg,2024,Regular Season - 22,True,119,Internacional,https://media.api-sports.io/football/teams/119.png,,134,Atletico Paranaense,https://media.api-sports.io/football/teams/134.png,,2,2,1,1,2,2,,,,
1180405,Gustavo Ervino Bauermann,UTC,2024-08-14T22:30:00+00:00,1723674600,1723674600,1723678200,244,Estádio José Pinheiro Borda,"Porto Alegre, Rio Grande do Sul",Match Finished,FT,90,,71,Serie A,Brazil,https://media.api-sports.io/football/leagues/71.png,https://media.api-sports.io/flags/br.svg,2024,Regular Season - 6,True,119,Internacional,https://media.api-sports.io/football/teams/119.png,True,152,Juventude,https://media.api-sports.io/football/teams/152.png,False,2,1,0,1,2,1,,,,
1180575,Matheus Delgado Candançan,UTC,2024-08-17T19:00:00+00:00,1723921200,1723921200,1723924800,248,Estádio Alfredo Jaconi,"Caxias do Sul, Rio Grande do Sul",Match Finished,FT,90,,71,Serie A,Brazil,https://media.api-sports.io/football/leagues/71.png,https://media.api-sports.io/flags/br.svg,2024,Regular Season - 23,True,130,Gremio,https://media.api-sports.io/football/teams/130.png,False,118,Bahia,https://media.api-sports.io/football/teams/118.png,True,0,2,0,1,0,2,,,,
1180576,Davi de Oliveira Lacerda,UTC,2024-08-17T19:00:00+00:00,1723921200,1723921200,1723924800,21427,Arena MRV,"Belo Horizonte, Minas Gerais",Match Finished,FT,90,,71,Serie A,Brazil,https://media.api-sports.io/football/leagues/71.png,https://media.api-sports.io/flags/br.svg,2024,Regular Season - 23,True,1062,Atletico-MG,https://media.api-sports.io/football/teams/1062.png,,1193,Cuiaba,https://media.api-sports.io/football/teams/1193.png,,1,1,1,1,1,1,,,,
1180581,Alex Gomes,UTC,2024-08-17T21:30:00+00:00,1723930200,1723930200,1723933800,220,Estádio Nabi Abi Chedid,"Bragança Paulista, São Paulo",Match Finished,FT,90,,71,Serie A,Brazil,https://media.api-sports.io/football/leagues/71.png,https://media.api-sports.io/flags/br.svg,2024,Regular Season - 23,True,794,RB Bragantino,https://media.api-sports.io/football/teams/794.png,False,154,Fortaleza EC,https://media.api-sports.io/football/teams/154.png,True,1,2,1,1,1,2,,,,
1180578,Braulio da Silva Machado,UTC,2024-08-18T00:00:00+00:00,1723939200,1723939200,1723942800,,Estadio Jornalista Mário Filho,"Rio de Janeiro, Rio de Janeiro",Match Finished,FT,90,,71,Serie A,Brazil,https://media.api-sports.io/football/leagues/71.png,https://media.api-sports.io/flags/br.svg,2024,Regular Season - 23,True,124,Fluminense,https://media.api-sports.io/football/teams/124.png,,131,Corinthians,https://media.api-sports.io/football/teams/131.png,,0,0,0,0,0,0,,,,
1180580,Raphael Claus,UTC,2024-08-18T19:00:00+00:00,1724007600,1724007600,1724011200,258,Allianz Parque,"São Paulo, São Paulo",Match Finished,FT,90,,71,Serie A,Brazil,https://media.api-sports.io/football/leagues/71.png,https://media.api-sports.io/flags/br.svg,2024,Regular Season - 23,True,121,Palmeiras,https://media.api-sports.io/football/teams/121.png,True,126,Sao Paulo,https://media.api-sports.io/football/teams/126.png,False,2,1,0,0,2,1,,,,
1180584,Paulo Cesar Zanovelli da Silva,UTC,2024-08-18T19:00:00+00:00,1724007600,1724007600,1724011200,233,Estádio Heriberto Hülse,"Criciúma, Santa Catarina",Match Finished,FT,90,,71,Serie A,Brazil,https://media.api-sports.io/football/leagues/71.png,https://media.api-sports.io/flags/br.svg,2024,Regular Season - 23,True,140,Criciuma,https://media.api-sports.io/football/teams/140.png,,133,Vasco DA Gama,https://media.api-sports.io/football/teams/133.png,,2,2,1,2,2,2,,,,
1180583,Flavio Rodrigues De Souza,UTC,2024-08-18T19:00:00+00:00,1724007600,1724007600,1724011200,211,Estádio Antônio Accioly,"Goiânia, Goiás",Match Finished,FT,90,,71,Serie A,Brazil,https://media.api-sports.io/football/leagues/71.png,https://media.api-sports.io/flags/br.svg,2024,Regular Season - 23,True,144,Atletico Goianiense,https://media.api-sports.io/football/teams/144.png,True,119,Internacional,https://media.api-sports.io/football/teams/119.png,False,1,0,0,0,1,0,,,,
1180579,Bruno Arleu de Araujo,UTC,2024-08-18T21:30:00+00:00,1724016600,1724016600,1724020200,218,Estádio Nilton Santos,Rio de Janeiro,Match Finished,FT,90,,71,Serie A,Brazil,https://media.api-sports.io/football/leagues/71.png,https://media.api-sports.io/flags/br.svg,2024,Regular Season - 23,True,120,Botafogo,https://media.api-sports.io/football/teams/120.png,True,127,Flamengo,https://media.api-sports.io/football/teams/127.png,False,4,1,1,1,4,1,,,,
1180582,João Gobi,UTC,2024-08-18T21:30:00+00:00,1724016600,1724016600,1724020200,,Ligga Arena,"Curitiba, Paraná",Match Finished,FT,90,,71,Serie A,Brazil,https://media.api-sports.io/football/leagues/71.png,https://media.api-sports.io/flags/br.svg,2024,Regular Season - 23,True,134,Atletico Paranaense,https://media.api-sports.io/football/teams/134.png,False,152,Juventude,https://media.api-sports.io/football/teams/152.png,True,1,2,1,1,1,2,,,,
1180577,Marcelo de Lima Henrique,UTC,2024-08-19T23:00:00+00:00,1724108400,1724108400,1724112000,281,Estádio Manoel Barradas,"Salvador, Bahia",Match Finished,FT,90,,71,Serie A,Brazil,https://media.api-sports.io/football/leagues/71.png,https://media.api-sports.io/flags/br.svg,2024,Regular Season - 23,True,136,Vitoria,https://media.api-sports.io/football/teams/136.png,,135,Cruzeiro,https://media.api-sports.io/football/teams/135.png,,2,2,2,0,2,2,,,,
1180593,Bruno Pereira Vasconcelos,UTC,2024-08-24T19:00:00+00:00,1724526000,1724526000,1724529600,211,Estádio Antônio Accioly,"Goiânia, Goiás",Match Finished,FT,90,,71,Serie A,Brazil,https://media.api-sports.io/football/leagues/71.png,https://media.api-sports.io/flags/br.svg,2024,Regular Season - 24,True,144,Atletico Goianiense,https://media.api-sports.io/football/teams/144.png,True,152,Juventude,https://media.api-sports.io/football/teams/152.png,False,2,1,0,0,2,1,,,,
1180590,Alex Gomes,UTC,2024-08-24T21:30:00+00:00,1724535000,1724535000,1724538600,242,Estádio Brinco de Ouro da Princesa,"Campinas, São Paulo",Match Finished,FT,90,,71,Serie A,Brazil,https://media.api-sports.io/football/leagues/71.png,https://media.api-sports.io/flags/br.svg,2024,Regular Season - 24,True,121,Palmeiras,https://media.api-sports.io/football/teams/121.png,True,1193,Cuiaba,https://media.api-sports.io/football/teams/1193.png,False,5,0,4,0,5,0,,,,
1180586,Flavio Rodrigues De Souza,UTC,2024-08-25T00:00:00+00:00,1724544000,1724544000,1724547600,234,Estádio Governador Magalhães Pinto,"Belo Horizonte, Minas Gerais",Match Finished,FT,90,,71,Serie A,Brazil,https://media.api-sports.io/football/leagues/71.png,https://media.api-sports.io/flags/br.svg,2024,Regular Season - 24,True,1062,Atletico-MG,https://media.api-sports.io/football/teams/1062.png,False,124,Fluminense,https://media.api-sports.io/football/teams/124.png,True,0,2,0,1,0,2,,,,
1180587,Ramon Abatti,UTC,2024-08-25T19:00:00+00:00,1724612400,1724612400,1724616000,216,Arena Fonte Nova,"Salvador, Bahia",Match Finished,FT,90,,71,Serie A,Brazil,https://media.api-sports.io/football/leagues/71.png,https://media.api-sports.io/flags/br.svg,2024,Regular Season - 24,True,118,Bahia,https://media.api-sports.io/football/teams/118.png,,120,Botafogo,https://media.api-sports.io/football/teams/120.png,,0,0,0,0,0,0,,,,
1180594,Lucas Torezin,UTC,2024-08-25T19:00:00+00:00,1724612400,1724612400,1724616000,233,Estádio Heriberto Hülse,"Criciúma, Santa Catarina",Match Finished,FT,90,,71,Serie A,Brazil,https://media.api-sports.io/football/leagues/71.png,https://media.api-sports.io/flags/br.svg,2024,Regular Season - 24,True,140,Criciuma,https://media.api-sports.io/football/teams/140.png,False,130,Gremio,https://media.api-sports.io/football/teams/130.png,True,0,1,0,0,0,1,,,,
1180592,Felipe Fernandes de Lima,UTC,2024-08-25T19:00:00+00:00,1724612400,1724612400,1724616000,225,Estádio Governador Plácido Aderaldo Castelo,"Fortaleza, Ceará",Match Finished,FT,90,,71,Serie A,Brazil,https://media.api-sports.io/football/leagues/71.png,https://media.api-sports.io/flags/br.svg,2024,Regular Season - 24,True,154,Fortaleza EC,https://media.api-sports.io/football/teams/154.png,True,131,Corinthians,https://media.api-sports.io/football/teams/131.png,False,1,0,0,0,1,0,,,,
1180591,Wilton Pereira Sampaio,UTC,2024-08-25T21:30:00+00:00,1724621400,1724621400,1724625000,20813,MorumBIS,"São Paulo, São Paulo",Match Finished,FT,90,,71,Serie A,Brazil,https://media.api-sports.io/football/leagues/71.png,https://media.api-sports.io/flags/br.svg,2024,Regular Season - 24,True,126,Sao Paulo,https://media.api-sports.io/football/teams/126.png,True,136,Vitoria,https://media.api-sports.io/football/teams/136.png,False,2,1,2,0,2,1,,,,
1180585,Matheus Delgado Candançan,UTC,2024-08-25T22:00:00+00:00,1724623200,1724623200,1724626800,244,Estádio José Pinheiro Borda,"Porto Alegre, Rio Grande do Sul",Match Finished,FT,90,,71,Serie A,Brazil,https://media.api-sports.io/football/leagues/71.png,https://media.api-sports.io/flags/br.svg,2024,Regular Season - 24,True,119,Internacional,https://media.api-sports.io/football/teams/119.png,True,135,Cruzeiro,https://media.api-sports.io/football/teams/135.png,False,1,0,0,0,1,0,,,,
1180588,Gustavo Ervino Bauermann,UTC,2024-08-25T23:00:00+00:00,1724626800,1724626800,1724630400,,Estadio Jornalista Mário Filho,"Rio de Janeiro, Rio de Janeiro",Match Finished,FT,90,,71,Serie A,Brazil,https://media.api-sports.io/football/leagues/71.png,https://media.api-sports.io/flags/br.svg,2024,Regular Season - 24,True,127,Flamengo,https://media.api-sports.io/football/teams/127.png,True,794,RB Bragantino,https://media.api-sports.io/football/teams/794.png,False,2,1,1,0,2,1,,,,
1180589,Jonathan Benkenstein Pinheiro,UTC,2024-08-27T00:00:00+00:00,1724716800,1724716800,1724720400,19377,Estádio São Januário,"Rio de Janeiro, Rio de Janeiro",Match Finished,FT,90,,71,Serie A,Brazil,https://media.api-sports.io/football/leagues/71.png,https://media.api-sports.io/flags/br.svg,2024,Regular Season - 24,True,133,Vasco DA Gama,https://media.api-sports.io/football/teams/133.png,True,134,Atletico Paranaense,https://media.api-sports.io/football/teams/134.png,False,2,1,0,1,2,1,,,,
1180396,Bruno Arleu de Araujo,UTC,2024-08-28T22:30:00+00:00,1724884200,1724884200,1724887800,234,Estádio Governador Magalhães Pinto,"Belo Horizonte, Minas Gerais",Match Finished,FT,90,,71,Serie A,Brazil,https://media.api-sports.io/football/leagues/71.png,https://media.api-sports.io/flags/br.svg,2024,Regular Season - 5,True,135,Cruzeiro,https://media.api-sports.io/football/teams/135.png,,119,Internacional,https://media.api-sports.io/football/teams/119.png,,0,0,0,0,0,0,,,,
1180544,André Luiz,UTC,2024-08-28T22:30:00+00:00,1724884200,1724884200,1724887800,233,Estádio Heriberto Hülse,"Criciúma, Santa Catarina",Match Finished,FT,90,,71,Serie A,Brazil,https://media.api-sports.io/football/leagues/71.png,https://media.api-sports.io/flags/br.svg,2024,Regular Season - 19,True,140,Criciuma,https://media.api-sports.io/football/teams/140.png,True,794,RB Bragantino,https://media.api-sports.io/football/teams/794.png,False,1,0,1,0,1,0,,,,
1180603,Rodrigo José Pereira de Lima,UTC,2024-08-31T21:30:00+00:00,1725139800,1725139800,1725143400,235,Arena Pantanal,"Cuiabá, Mato Grosso",Match Finished,FT,90,,71,Serie A,Brazil,https://media.api-sports.io/football/leagues/71.png,https://media.api-sports.io/flags/br.svg,2024,Regular Season - 25,True,1193,Cuiaba,https://media.api-sports.io/football/teams/1193.png,True,140,Criciuma,https://media.api-sports.io/football/teams/140.png,False,2,1,0,1,2,1,,,,
1180599,Flavio Rodrigues De Souza,UTC,2024-09-01T00:00:00+00:00,1725148800,1725148800,1725152400,218,Estádio Nilton Santos,Rio de Janeiro,Match Finished,FT,90,,71,Serie A,Brazil,https://media.api-sports.io/football/leagues/71.png,https://media.api-sports.io/flags/br.svg,2024,Regular Season - 25,True,120,Botafogo,https://media.api-sports.io/football/teams/120.png,True,154,Fortaleza EC,https://media.api-sports.io/football/teams/154.png,False,2,0,0,0,2,0,,,,
1180595,Raphael Claus,UTC,2024-09-01T14:00:00+00:00,1725199200,1725199200,1725202800,241,Arena do Grêmio,"Porto Alegre, Rio Grande do Sul",Match Finished,FT,90,,71,Serie A,Brazil,https://media.api-sports.io/football/leagues/71.png,https://media.api-sports.io/flags/br.svg,2024,Regular Season - 25,True,130,Gremio,https://media.api-sports.io/football/teams/130.png,False,1062,Atletico-MG,https://media.api-sports.io/football/teams/1062.png,True,2,3,2,0,2,3,,,,
1180596,Gustavo Ervino Bauermann,UTC,2024-09-01T14:00:00+00:00,1725199200,1725199200,1725202800,234,Estádio Governador Magalhães Pinto,"Belo Horizonte, Minas Gerais",Match Finished,FT,90,,71,Serie A,Brazil,https://media.api-sports.io/football/leagues/71.png,https://media.api-sports.io/flags/br.svg,2024,Regular Season - 25,True,135,Cruzeiro,https://media.api-sports.io/football/teams/135.png,True,144,Atletico Goianiense,https://media.api-sports.io/football/teams/144.png,False,3,1,2,1,3,1,,,,
1180600,Ramon Abatti,UTC,2024-09-01T19:00:00+00:00,1725217200,1725217200,1725220800,11531,Neo Química Arena,"São Paulo, São Paulo",Match Finished,FT,90,,71,Serie A,Brazil,https://media.api-sports.io/football/leagues/71.png,https://media.api-sports.io/flags/br.svg,2024,Regular Season - 25,True,131,Corinthians,https://media.api-sports.io/football/teams/131.png,True,127,Flamengo,https://media.api-sports.io/football/teams/127.png,False,2,1,1,1,2,1,,,,
1180598,Paulo Cesar Zanovelli da Silva,UTC,2024-09-01T21:30:00+00:00,1725226200,1725226200,1725229800,,Estadio Jornalista Mário Filho,"Rio de Janeiro, Rio de Janeiro",Match Finished,FT,90,,71,Serie A,Brazil,https://media.api-sports.io/football/leagues/71.png,https://media.api-sports.io/flags/br.svg,2024,Regular Season - 25,True,124,Fluminense,https://media.api-sports.io/football/teams/124.png,True,126,Sao Paulo,https://media.api-sports.io/football/teams/126.png,False,2,0,1,0,2,0,,,,
1180602,Braulio da Silva Machado,UTC,2024-09-01T21:30:00+00:00,1725226200,1725226200,1725229800,,Ligga Arena,"Curitiba, Paraná",Match Finished,FT,90,,71,Serie A,Brazil,https://media.api-sports.io/football/leagues/71.png,https://media.api-sports.io/flags/br.svg,2024,Regular Season - 25,True,134,Atletico Paranaense,https://media.api-sports.io/football/teams/134.png,False,121,Palmeiras,https://media.api-sports.io/football/teams/121.png,True,0,2,0,1,0,2,,,,
1180597,Luiz Flávio,UTC,2024-09-01T21:30:00+00:00,1725226200,1725226200,1725229800,281,Estádio Manoel Barradas,"Salvador, Bahia",Match Finished,FT,90,,71,Serie A,Brazil,https://media.api-sports.io/football/leagues/71.png,https://media.api-sports.io/flags/br.svg,2024,Regular Season - 25,True,136,Vitoria,https://media.api-sports.io/football/teams/136.png,False,133,Vasco DA Gama,https://media.api-sports.io/football/teams/133.png,True,0,1,0,0,0,1,,,,
1180604,Marcelo de Lima Henrique,UTC,2024-09-01T21:30:00+00:00,1725226200,1725226200,1725229800,248,Estádio Alfredo Jaconi,"Caxias do Sul, Rio Grande do Sul",Match Finished,FT,90,,71,Serie A,Brazil,https://media.api-sports.io/football/leagues/71.png,https://media.api-sports.io/flags/br.svg,2024,Regular Season - 25,True,152,Juventude,https://media.api-sports.io/football/teams/152.png,False,119,Internacional,https://media.api-sports.io/football/teams/119.png,True,1,3,0,2,1,3,,,,
1180601,Davi de Oliveira Lacerda,UTC,2024-09-01T21:30:00+00:00,1725226200,1725226200,1725229800,220,Estádio Nabi Abi Chedid,"Bragança Paulista, São Paulo",Match Finished,FT,90,,71,Serie A,Brazil,https://media.api-sports.io/football/leagues/71.png,https://media.api-sports.io/flags/br.svg,2024,Regular Season - 25,True,794,RB Bragantino,https://media.api-sports.io/football/teams/794.png,True,118,Bahia,https://media.api-sports.io/football/teams/118.png,False,2,1,0,0,2,1,,,,
1180513,Felipe Fernandes de Lima,UTC,2024-09-05T23:00:00+00:00,1725577200,1725577200,1725580800,235,Arena Pantanal,"Cuiabá, Mato Grosso",Match Finished,FT,90,,71,Serie A,Brazil,https://media.api-sports.io/football/leagues/71.png,https://media.api-sports.io/flags/br.svg,2024,Regular Season - 16,True,1193,Cuiaba,https://media.api-sports.io/football/teams/1193.png,,152,Juventude,https://media.api-sports.io/football/teams/152.png,,0,0,0,0,0,0,,,,
1180535,Gustavo Ervino Bauermann,UTC,2024-09-11T22:30:00+00:00,1726093800,1726093800,1726097400,244,Estádio José Pinheiro Borda,"Porto Alegre, Rio Grande do Sul",Match Finished,FT,90,,71,Serie A,Brazil,https://media.api-sports.io/football/leagues/71.png,https://media.api-sports.io/flags/br.svg,2024,Regular Season - 19,True,119,Internacional,https://media.api-sports.io/football/teams/119.png,True,154,Fortaleza EC,https://media.api-sports.io/football/teams/154.png,False,2,1,1,1,2,1,,,,
1180613,Edina Alves Batista,UTC,2024-09-14T19:00:00+00:00,1726340400,1726340400,1726344000,211,Estádio Antônio Accioly,"Goiânia, Goiás",Match Finished,FT,90,,71,Serie A,Brazil,https://media.api-sports.io/football/leagues/71.png,https://media.api-sports.io/flags/br.svg,2024,Regular Season - 26,True,144,Atletico Goianiense,https://media.api-sports.io/football/teams/144.png,False,136,Vitoria,https://media.api-sports.io/football/teams/136.png,True,0,2,0,1,0,2,,,,
1180612,Davi de Oliveira Lacerda,UTC,2024-09-14T21:30:00+00:00,1726349400,1726349400,1726353000,,Ligga Arena,"Curitiba, Paraná",Match Finished,FT,90,,71,Serie A,Brazil,https://media.api-sports.io/football/leagues/71.png,https://media.api-sports.io/flags/br.svg,2024,Regular Season - 26,True,134,Atletico Paranaense,https://media.api-sports.io/football/teams/134.png,,154,Fortaleza EC,https://media.api-sports.io/football/teams/154.png,,1,1,1,1,1,1,,,,
1180609,Anderson Daronco,UTC,2024-09-15T00:00:00+00:00,1726358400,1726358400,1726362000,218,Estádio Nilton Santos,Rio de Janeiro,Match Finished,FT,90,,71,Serie A,Brazil,https://media.api-sports.io/football/leagues/71.png,https://media.api-sports.io/flags/br.svg,2024,Regular Season - 26,True,120,Botafogo,https://media.api-sports.io/football/teams/120.png,True,131,Corinthians,https://media.api-sports.io/football/teams/131.png,False,2,1,1,0,2,1,,,,
1180610,Alex Gomes,UTC,2024-09-15T19:00:00+00:00,1726426800,1726426800,1726430400,258,Allianz Parque,"São Paulo, São Paulo",Match Finished,FT,90,,71,Serie A,Brazil,https://media.api-sports.io/football/leagues/71.png,https://media.api-sports.io/flags/br.svg,2024,Regular Season - 26,True,121,Palmeiras,https://media.api-sports.io/football/teams/121.png,True,140,Criciuma,https://media.api-sports.io/football/teams/140.png,False,5,0,3,0,5,0,,,,
1180614,Flavio Rodrigues De Souza,UTC,2024-09-15T19:00:00+00:00,1726426800,1726426800,1726430400,248,Estádio Alfredo Jaconi,"Caxias do Sul, Rio Grande do Sul",Match Finished,FT,90,,71,Serie A,Brazil,https://media.api-sports.io/football/leagues/71.png,https://media.api-sports.io/flags/br.svg,2024,Regular Season - 26,True,152,Juventude,https://media.api-sports.io/football/teams/152.png,True,124,Fluminense,https://media.api-sports.io/football/teams/124.png,False,2,1,0,1,2,1,,,,
1180611,Bruno Arleu de Araujo,UTC,2024-09-15T19:00:00+00:00,1726426800,1726426800,1726430400,220,Estádio Nabi Abi Chedid,"Bragança Paulista, São Paulo",Match Finished,FT,90,,71,Serie A,Brazil,https://media.api-sports.io/football/leagues/71.png,https://media.api-sports.io/flags/br.svg,2024,Regular Season - 26,True,794,RB Bragantino,https://media.api-sports.io/football/teams/794.png,,130,Gremio,https://media.api-sports.io/football/teams/130.png,,2,2,1,1,2,2,,,,
1180607,Rafael Rodrigo Klein,UTC,2024-09-15T21:30:00+00:00,1726435800,1726435800,1726439400,216,Arena Fonte Nova,"Salvador, Bahia",Match Finished,FT,90,,71,Serie A,Brazil,https://media.api-sports.io/football/leagues/71.png,https://media.api-sports.io/flags/br.svg,2024,Regular Season - 26,True,118,Bahia,https://media.api-sports.io/football/teams/118.png,True,1062,Atletico-MG,https://media.api-sports.io/football/teams/1062.png,False,3,0,0,0,3,0,,,,
1180608,Raphael Claus,UTC,2024-09-15T21:30:00+00:00,1726435800,1726435800,1726439400,,Estadio Jornalista Mário Filho,"Rio de Janeiro, Rio de Janeiro",Match Finished,FT,90,,71,Serie A,Brazil,https://media.api-sports.io/football/leagues/71.png,https://media.api-sports.io/flags/br.svg,2024,Regular Season - 26,True,127,Flamengo,https://media.api-sports.io/football/teams/127.png,,133,Vasco DA Gama,https://media.api-sports.io/football/teams/133.png,,1,1,0,0,1,1,,,,
1180606,Wilton Pereira Sampaio,UTC,2024-09-15T21:30:00+00:00,1726435800,1726435800,1726439400,234,Estádio Governador Magalhães Pinto,"Belo Horizonte, Minas Gerais",Match Finished,FT,90,,71,Serie A,Brazil,https://media.api-sports.io/football/leagues/71.png,https://media.api-sports.io/flags/br.svg,2024,Regular Season - 26,True,135,Cruzeiro,https://media.api-sports.io/football/teams/135.png,False,126,Sao Paulo,https://media.api-sports.io/football/teams/126.png,True,0,1,0,0,0,1,,,,
1180605,Braulio da Silva Machado,UTC,2024-09-16T23:00:00+00:00,1726527600,1726527600,1726531200,244,Estádio José Pinheiro Borda,"Porto Alegre, Rio Grande do Sul",Match Finished,FT,90,,71,Serie A,Brazil,https://media.api-sports.io/football/leagues/71.png,https://media.api-sports.io/flags/br.svg,2024,Regular Season - 26,True,119,Internacional,https://media.api-sports.io/football/teams/119.png,True,1193,Cuiaba,https://media.api-sports.io/football/teams/1193.png,False,3,0,2,0,3,0,,,,
1180620,Bruno Arleu de Araujo,UTC,2024-09-21T19:00:00+00:00,1726945200,1726945200,1726948800,11531,Neo Química Arena,"São Paulo, São Paulo",Match Finished,FT,90,5.0,71,Serie A,Brazil,https://media.api-sports.io/football/leagues/71.png,https://media.api-sports.io/flags/br.svg,2024,Regular Season - 27,True,131,Corinthians,https://media.api-sports.io/football/teams/131.png,True,144,Atletico Goianiense,https://media.api-sports.io/football/teams/144.png,False,3,0,1,0,3,0,,,,
1180617,Braulio da Silva Machado,UTC,2024-09-21T19:00:00+00:00,1726945200,1726945200,1726948800,281,Estádio Manoel Barradas,"Salvador, Bahia",Match Finished,FT,90,80.0,71,Serie A,Brazil,https://media.api-sports.io/football/leagues/71.png,https://media.api-sports.io/flags/br.svg,2024,Regular Season - 27,True,136,Vitoria,https://media.api-sports.io/football/teams/136.png,True,152,Juventude,https://media.api-sports.io/football/teams/152.png,False,1,0,1,0,1,0,,,,
1180618,Wilton Pereira Sampaio,UTC,2024-09-21T21:30:00+00:00,1726954200,1726954200,1726957800,,Estadio Jornalista Mário Filho,"Rio de Janeiro, Rio de Janeiro",Match Finished,FT,90,11.0,71,Serie A,Brazil,https://media.api-sports.io/football/leagues/71.png,https://media.api-sports.io/flags/br.svg,2024,Regular Season - 27,True,124,Fluminense,https://media.api-sports.io/football/teams/124.png,False,120,Botafogo,https://media.api-sports.io/football/teams/120.png,True,0,1,0,0,0,1,,,,
1180622,Raphael Claus,UTC,2024-09-22T00:00:00+00:00,1726963200,1726963200,1726966800,225,Estádio Governador Plácido Aderaldo Castelo,"Fortaleza, Ceará",Match Finished,FT,90,,71,Serie A,Brazil,https://media.api-sports.io/football/leagues/71.png,https://media.api-sports.io/flags/br.svg,2024,Regular Season - 27,True,154,Fortaleza EC,https://media.api-sports.io/football/teams/154.png,True,118,Bahia,https://media.api-sports.io/football/teams/118.png,False,4,1,2,1,4,1,,,,
1180619,Rafael Rodrigo Klein,UTC,2024-09-22T19:00:00+00:00,1727031600,1727031600,1727035200,,Arena BRB Mané Garrincha,"Brasília, Distrito Federal",Match Finished,FT,90,12.0,71,Serie A,Brazil,https://media.api-sports.io/football/leagues/71.png,https://media.api-sports.io/flags/br.svg,2024,Regular Season - 27,True,133,Vasco DA Gama,https://media.api-sports.io/football/teams/133.png,False,121,Palmeiras,https://media.api-sports.io/football/teams/121.png,True,0,1,0,1,0,1,,,,
1180616,Lucas Torezin,UTC,2024-09-22T19:00:00+00:00,1727031600,1727031600,1727035200,21427,Arena MRV,"Belo Horizonte, Minas Gerais",Match Finished,FT,90,6.0,71,Serie A,Brazil,https://media.api-sports.io/football/leagues/71.png,https://media.api-sports.io/flags/br.svg,2024,Regular Season - 27,True,1062,Atletico-MG,https://media.api-sports.io/football/teams/1062.png,True,794,RB Bragantino,https://media.api-sports.io/football/teams/794.png,False,3,0,1,0,3,0,,,,
1180621,Ramon Abatti,UTC,2024-09-22T21:30:00+00:00,1727040600,1727040600,1727044200,20813,MorumBIS,"São Paulo, São Paulo",Match Finished,FT,90,7.0,71,Serie A,Brazil,https://media.api-sports.io/football/leagues/71.png,https://media.api-sports.io/flags/br.svg,2024,Regular Season - 27,True,126,Sao Paulo,https://media.api-sports.io/football/teams/126.png,False,119,Internacional,https://media.api-sports.io/football/teams/119.png,True,1,3,1,1,1,3,,,,
1180615,Matheus Delgado Candançan,UTC,2024-09-22T21:30:00+00:00,1727040600,1727040600,1727044200,241,Arena do Grêmio,"Porto Alegre, Rio Grande do Sul",Match Finished,FT,90,7.0,71,Serie A,Brazil,https://media.api-sports.io/football/leagues/71.png,https://media.api-sports.io/flags/br.svg,2024,Regular Season - 27,True,130,Gremio,https://media.api-sports.io/football/teams/130.png,True,127,Flamengo,https://media.api-sports.io/football/teams/127.png,False,3,2,1,1,3,2,,,,
1180623,Flavio Rodrigues De Souza,UTC,2024-09-22T21:30:00+00:00,1727040600,1727040600,1727044200,235,Arena Pantanal,"Cuiabá, Mato Grosso",Match Finished,FT,90,9.0,71,Serie A,Brazil,https://media.api-sports.io/football/leagues/71.png,https://media.api-sports.io/flags/br.svg,2024,Regular Season - 27,True,1193,Cuiaba,https://media.api-sports.io/football/teams/1193.png,,135,Cruzeiro,https://media.api-sports.io/football/teams/135.png,,0,0,0,0,0,0,,,,
1180624,Anderson Daronco,UTC,2024-09-23T21:30:00+00:00,1727127000,1727127000,1727130600,233,Estádio Heriberto Hülse,"Criciúma, Santa Catarina",Match Finished,FT,90,9.0,71,Serie A,Brazil,https://media.api-sports.io/football/leagues/71.png,https://media.api-sports.io/flags/br.svg,2024,Regular Season - 27,True,140,Criciuma,https://media.api-sports.io/football/teams/140.png,,134,Atletico Paranaense,https://media.api-sports.io/football/teams/134.png,,0,0,0,0,0,0,,,,
1180395,Davi de Oliveira Lacerda,UTC,2024-09-25T22:00:00+00:00,1727301600,1727301600,1727305200,241,Arena do Grêmio,"Porto Alegre, Rio Grande do Sul",Match Finished,FT,90,8.0,71,Serie A,Brazil,https://media.api-sports.io/football/leagues/71.png,https://media.api-sports.io/flags/br.svg,2024,Regular Season - 5,True,130,Gremio,https://media.api-sports.io/football/teams/130.png,False,140,Criciuma,https://media.api-sports.io/football/teams/140.png,True,1,2,0,1,1,2,,,,
1180511,Rodrigo José Pereira de Lima,UTC,2024-09-25T22:00:00+00:00,1727301600,1727301600,1727305200,220,Estádio Nabi Abi Chedid,"Bragança Paulista, São Paulo",Match Finished,FT,90,6.0,71,Serie A,Brazil,https://media.api-sports.io/football/leagues/71.png,https://media.api-sports.io/flags/br.svg,2024,Regular Season - 16,True,794,RB Bragantino,https://media.api-sports.io/football/teams/794.png,,119,Internacional,https://media.api-sports.io/football/teams/119.png,,2,2,1,1,2,2,,,,
1180630,Bruno Arleu de Araujo,UTC,2024-09-28T21:30:00+00:00,1727559000,1727559000,1727562600,242,Estádio Brinco de Ouro da Princesa,"Campinas, São Paulo",Match Finished,FT,90,8.0,71,Serie A,Brazil,https://media.api-sports.io/football/leagues/71.png,https://media.api-sports.io/flags/br.svg,2024,Regular Season - 28,True,121,Palmeiras,https://media.api-sports.io/football/teams/121.png,True,1062,Atletico-MG,https://media.api-sports.io/football/teams/1062.png,False,2,1,1,0,2,1,,,,
1180629,Maguielson Lima Barbosa,UTC,2024-09-29T00:00:00+00:00,1727568000,1727568000,1727571600,218,Arena BRB Mané Garrincha,"Brasília, Distrito Federal",Match Finished,FT,90,,71,Serie A,Brazil,https://media.api-sports.io/football/leagues/71.png,https://media.api-sports.io/flags/br.svg,2024,Regular Season - 28,True,120,Botafogo,https://media.api-sports.io/football/teams/120.png,,130,Gremio,https://media.api-sports.io/football/teams/130.png,,0,0,0,0,0,0,,,,
1180634,Alex Gomes,UTC,2024-09-29T14:00:00+00:00,1727618400,1727618400,1727622000,248,Estádio Alfredo Jaconi,"Caxias do Sul, Rio Grande do Sul",Match Finished,FT,90,8.0,71,Serie A,Brazil,https://media.api-sports.io/football/leagues/71.png,https://media.api-sports.io/flags/br.svg,2024,Regular Season - 28,True,152,Juventude,https://media.api-sports.io/football/teams/152.png,,794,RB Bragantino,https://media.api-sports.io/football/teams/794.png,,1,1,0,0,1,1,,,,
1180631,Rafael Rodrigo Klein,UTC,2024-09-29T19:00:00+00:00,1727636400,1727636400,1727640000,20813,Arena BRB Mané Garrincha,"Brasília, Distrito Federal",Match Finished,FT,90,10.0,71,Serie A,Brazil,https://media.api-sports.io/football/leagues/71.png,https://media.api-sports.io/flags/br.svg,2024,Regular Season - 28,True,126,Sao Paulo,https://media.api-sports.io/football/teams/126.png,True,131,Corinthians,https://media.api-sports.io/football/teams/131.png,False,3,1,1,0,3,1,,,,
1180633,Ramon Abatti,UTC,2024-09-29T19:00:00+00:00,1727636400,1727636400,1727640000,211,Estádio Antônio Accioly,"Goiânia, Goiás",Match Finished,FT,90,11.0,71,Serie A,Brazil,https://media.api-sports.io/football/leagues/71.png,https://media.api-sports.io/flags/br.svg,2024,Regular Season - 28,True,144,Atletico Goianiense,https://media.api-sports.io/football/teams/144.png,True,124,Fluminense,https://media.api-sports.io/football/teams/124.png,False,1,0,0,0,1,0,,,,
1180632,Denis Ribeiro Serafim,UTC,2024-09-29T19:00:00+00:00,1727636400,1727636400,1727640000,225,Estádio Governador Plácido Aderaldo Castelo,"Fortaleza, Ceará",Match Finished,FT,90,7.0,71,Serie A,Brazil,https://media.api-sports.io/football/leagues/71.png,https://media.api-sports.io/flags/br.svg,2024,Regular Season - 28,True,154,Fortaleza EC,https://media.api-sports.io/football/teams/154.png,True,1193,Cuiaba,https://media.api-sports.io/football/teams/1193.png,False,1,0,1,0,1,0,,,,
1180627,Edina Alves Batista,UTC,2024-09-29T21:30:00+00:00,1727645400,1727645400,1727649000,216,Arena Fonte Nova,"Salvador, Bahia",Match Finished,FT,90,10.0,71,Serie A,Brazil,https://media.api-sports.io/football/leagues/71.png,https://media.api-sports.io/flags/br.svg,2024,Regular Season - 28,True,118,Bahia,https://media.api-sports.io/football/teams/118.png,True,140,Criciuma,https://media.api-sports.io/football/teams/140.png,False,1,0,1,0,1,0,,,,
1180625,Wagner do Nascimento Magalhaes,UTC,2024-09-29T21:30:00+00:00,1727645400,1727645400,1727649000,244,Estádio José Pinheiro Borda,"Porto Alegre, Rio Grande do Sul",Match Finished,FT,90,7.0,71,Serie A,Brazil,https://media.api-sports.io/football/leagues/71.png,https://media.api-sports.io/flags/br.svg,2024,Regular Season - 28,True,119,Internacional,https://media.api-sports.io/football/teams/119.png,True,136,Vitoria,https://media.api-sports.io/football/teams/136.png,False,3,1,1,0,3,1,,,,
1180626,Matheus Delgado Candançan,UTC,2024-09-29T21:30:00+00:00,1727645400,1727645400,1727649000,234,Estádio Governador Magalhães Pinto,"Belo Horizonte, Minas Gerais",Match Finished,FT,90,8.0,71,Serie A,Brazil,https://media.api-sports.io/football/leagues/71.png,https://media.api-sports.io/flags/br.svg,2024,Regular Season - 28,True,135,Cruzeiro,https://media.api-sports.io/football/teams/135.png,,133,Vasco DA Gama,https://media.api-sports.io/football/teams/133.png,,1,1,0,1,1,1,,,,
1180628,Davi de Oliveira Lacerda,UTC,2024-09-29T23:00:00+00:00,1727650800,1727650800,1727654400,,Estadio Jornalista Mário Filho,"Rio de Janeiro, Rio de Janeiro",Match Finished,FT,90,7.0,71,Serie A,Brazil,https://media.api-sports.io/football/leagues/71.png,https://media.api-sports.io/flags/br.svg,2024,Regular Season - 28,True,127,Flamengo,https://media.api-sports.io/football/teams/127.png,True,134,Atletico Paranaense,https://media.api-sports.io/football/teams/134.png,False,1,0,0,0,1,0,,,,
1180644,João Gobi,UTC,2024-10-03T22:00:00+00:00,1727992800,1727992800,1727996400,233,Estádio Heriberto Hülse,"Criciúma, Santa Catarina",Match Finished,FT,90,8.0,71,Serie A,Brazil,https://media.api-sports.io/football/leagues/71.png,https://media.api-sports.io/flags/br.svg,2024,Regular Season - 29,True,140,Criciuma,https://media.api-sports.io/football/teams/140.png,True,144,Atletico Goianiense,https://media.api-sports.io/football/teams/144.png,False,2,0,1,0,2,0,,,,
1180638,Gustavo Ervino Bauermann,UTC,2024-10-04T00:30:00+00:00,1728001800,1728001800,1728005400,,Estadio Jornalista Mário Filho,"Rio de Janeiro, Rio de Janeiro",Match Finished,FT,90,9.0,71,Serie A,Brazil,https://media.api-sports.io/football/leagues/71.png,https://media.api-sports.io/flags/br.svg,2024,Regular Season - 29,True,124,Fluminense,https://media.api-sports.io/football/teams/124.png,True,135,Cruzeiro,https://media.api-sports.io/football/teams/135.png,False,1,0,0,0,1,0,,,,
1180635,Davi de Oliveira Lacerda,UTC,2024-10-05T00:30:00+00:00,1728088200,1728088200,1728091800,241,Arena do Grêmio,"Porto Alegre, Rio Grande do Sul",Match Finished,FT,90,9.0,71,Serie A,Brazil,https://media.api-sports.io/football/leagues/71.png,https://media.api-sports.io/flags/br.svg,2024,Regular Season - 29,True,130,Gremio,https://media.api-sports.io/football/teams/130.png,True,154,Fortaleza EC,https://media.api-sports.io/football/teams/154.png,False,3,1,1,1,3,1,,,,
1180642,Flavio Rodrigues De Souza,UTC,2024-10-05T19:30:00+00:00,1728156600,1728156600,1728160200,,Ligga Arena,"Curitiba, Paraná",Match Finished,FT,90,8.0,71,Serie A,Brazil,https://media.api-sports.io/football/leagues/71.png,https://media.api-sports.io/flags/br.svg,2024,Regular Season - 29,True,134,Atletico Paranaense,https://media.api-sports.io/football/teams/134.png,False,120,Botafogo,https://media.api-sports.io/football/teams/120.png,True,0,1,0,1,0,1,,,,
1180641,Braulio da Silva Machado,UTC,2024-10-05T19:30:00+00:00,1728156600,1728156600,1728160200,220,Estádio Nabi Abi Chedid,"Bragança Paulista, São Paulo",Match Finished,FT,90,13.0,71,Serie A,Brazil,https://media.api-sports.io/football/leagues/71.png,https://media.api-sports.io/flags/br.svg,2024,Regular Season - 29,True,794,RB Bragantino,https://media.api-sports.io/football/teams/794.png,,121,Palmeiras,https://media.api-sports.io/football/teams/121.png,,0,0,0,0,0,0,,,,
1180636,Matheus Delgado Candançan,UTC,2024-10-05T19:30:00+00:00,1728156600,1728156600,1728160200,21427,Arena MRV,"Belo Horizonte, Minas Gerais",Match Finished,FT,90,10.0,71,Serie A,Brazil,https://media.api-sports.io/football/leagues/71.png,https://media.api-sports.io/flags/br.svg,2024,Regular Season - 29,True,1062,Atletico-MG,https://media.api-sports.io/football/teams/1062.png,,136,Vitoria,https://media.api-sports.io/football/teams/136.png,,2,2,2,0,2,2,,,,
1180637,Rafael Rodrigo Klein,UTC,2024-10-05T22:00:00+00:00,1728165600,1728165600,1728169200,216,Arena Fonte Nova,"Salvador, Bahia",Match Finished,FT,90,13.0,71,Serie A,Brazil,https://media.api-sports.io/football/leagues/71.png,https://media.api-sports.io/flags/br.svg,2024,Regular Season - 29,True,118,Bahia,https://media.api-sports.io/football/teams/118.png,False,127,Flamengo,https://media.api-sports.io/football/teams/127.png,True,0,2,0,1,0,2,,,,
1180640,Lucas Torezin,UTC,2024-10-05T22:00:00+00:00,1728165600,1728165600,1728169200,11531,Neo Química Arena,"São Paulo, São Paulo",Match Finished,FT,90,9.0,71,Serie A,Brazil,https://media.api-sports.io/football/leagues/71.png,https://media.api-sports.io/flags/br.svg,2024,Regular Season - 29,True,131,Corinthians,https://media.api-sports.io/football/teams/131.png,,119,Internacional,https://media.api-sports.io/football/teams/119.png,,2,2,1,1,2,2,,,,
1180643,Anderson Daronco,UTC,2024-10-05T22:00:00+00:00,1728165600,1728165600,1728169200,235,Arena Pantanal,"Cuiabá, Mato Grosso",Match Finished,FT,90,12.0,71,Serie A,Brazil,https://media.api-sports.io/football/leagues/71.png,https://media.api-sports.io/flags/br.svg,2024,Regular Season - 29,True,1193,Cuiaba,https://media.api-sports.io/football/teams/1193.png,True,126,Sao Paulo,https://media.api-sports.io/football/teams/126.png,False,2,0,2,0,2,0,,,,
1180639,Caio Max Augusto Vieira,UTC,2024-10-06T00:00:00+00:00,1728172800,1728172800,1728176400,19377,Estádio São Januário,"Rio de Janeiro, Rio de Janeiro",Match Finished,FT,90,10.0,71,Serie A,Brazil,https://media.api-sports.io/football/leagues/71.png,https://media.api-sports.io/flags/br.svg,2024,Regular Season - 29,True,133,Vasco DA Gama,https://media.api-sports.io/football/teams/133.png,,152,Juventude,https://media.api-sports.io/football/teams/152.png,,1,1,1,1,1,1,,,,
1180406,Luiz Flávio,UTC,2024-10-09T22:30:00+00:00,1728513000,1728513000,1728516600,21427,Arena MRV,"Belo Horizonte, Minas Gerais",Match Finished,FT,90,7.0,71,Serie A,Brazil,https://media.api-sports.io/football/leagues/71.png,https://media.api-sports.io/flags/br.svg,2024,Regular Season - 6,True,1062,Atletico-MG,https://media.api-sports.io/football/teams/1062.png,True,130,Gremio,https://media.api-sports.io/football/teams/130.png,False,2,1,2,1,2,1,,,,
1180651,Davi de Oliveira Lacerda,UTC,2024-10-17T00:45:00+00:00,1729125900,1729125900,1729129500,242,Estádio Brinco de Ouro da Princesa,"Campinas, São Paulo",Match Finished,FT,90,3.0,71,Serie A,Brazil,https://media.api-sports.io/football/leagues/71.png,https://media.api-sports.io/flags/br.svg,2024,Regular Season - 30,True,126,Sao Paulo,https://media.api-sports.io/football/teams/126.png,True,133,Vasco DA Gama,https://media.api-sports.io/football/teams/133.png,False,3,0,1,0,3,0,,,,
1180652,Rafael Rodrigo Klein,UTC,2024-10-17T00:45:00+00:00,1729125900,1729125900,1729129500,225,Estádio Governador Plácido Aderaldo Castelo,"Fortaleza, Ceará",Match Finished,FT,90,14.0,71,Serie A,Brazil,https://media.api-sports.io/football/leagues/71.png,https://media.api-sports.io/flags/br.svg,2024,Regular Season - 30,True,154,Fortaleza EC,https://media.api-sports.io/football/teams/154.png,,1062,Atletico-MG,https://media.api-sports.io/football/teams/1062.png,,1,1,1,0,1,1,,,,
1180648,Raphael Claus,UTC,2024-10-17T23:00:00+00:00,1729206000,1729206000,1729209600,,Estadio Jornalista Mário Filho,"Rio de Janeiro, Rio de Janeiro",Match Finished,FT,90,6.0,71,Serie A,Brazil,https://media.api-sports.io/football/leagues/71.png,https://media.api-sports.io/flags/br.svg,2024,Regular Season - 30,True,127,Flamengo,https://media.api-sports.io/football/teams/127.png,False,124,Fluminense,https://media.api-sports.io/football/teams/124.png,True,0,2,0,0,0,2,,,,
1180650,Wilton Pereira Sampaio,UTC,2024-10-17T23:00:00+00:00,1729206000,1729206000,1729209600,11531,Neo Química Arena,"São Paulo, São Paulo",Match Finished,FT,90,5.0,71,Serie A,Brazil,https://media.api-sports.io/football/leagues/71.png,https://media.api-sports.io/flags/br.svg,2024,Regular Season - 30,True,131,Corinthians,https://media.api-sports.io/football/teams/131.png,True,134,Atletico Paranaense,https://media.api-sports.io/football/teams/134.png,False,5,2,2,2,5,2,,,,
1180653,Braulio da Silva Machado,UTC,2024-10-18T22:00:00+00:00,1729288800,1729288800,1729292400,211,Estádio Antônio Accioly,"Goiânia, Goiás",Match Finished,FT,90,5.0,71,Serie A,Brazil,https://media.api-sports.io/football/leagues/71.png,https://media.api-sports.io/flags/br.svg,2024,Regular Season - 30,True,144,Atletico Goianiense,https://media.api-sports.io/football/teams/144.png,,1193,Cuiaba,https://media.api-sports.io/football/teams/1193.png,,0,0,0,0,0,0,,,,
1180649,Matheus Delgado Candançan,UTC,2024-10-18T23:00:00+00:00,1729292400,1729292400,1729296000,218,Estadio Jornalista Mário Filho,"Rio de Janeiro, Rio de Janeiro",Match Finished,FT,90,13.0,71,Serie A,Brazil,https://media.api-sports.io/football/leagues/71.png,https://media.api-sports.io/flags/br.svg,2024,Regular Season - 30,True,120,Botafogo,https://media.api-sports.io/football/teams/120.png,,140,Criciuma,https://media.api-sports.io/football/teams/140.png,,1,1,0,0,1,1,,,,
1180646,Flavio Rodrigues De Souza,UTC,2024-10-19T00:30:00+00:00,1729297800,1729297800,1729301400,234,Estádio Governador Magalhães Pinto,"Belo Horizonte, Minas Gerais",Match Finished,FT,90,8.0,71,Serie A,Brazil,https://media.api-sports.io/football/leagues/71.png,https://media.api-sports.io/flags/br.svg,2024,Regular Season - 30,True,135,Cruzeiro,https://media.api-sports.io/football/teams/135.png,,118,Bahia,https://media.api-sports.io/football/teams/118.png,,1,1,0,0,1,1,,,,
1180645,Bruno Arleu de Araújo,UTC,2024-10-19T19:00:00+00:00,1729364400,1729364400,1729368000,244,Estádio José Pinheiro Borda,"Porto Alegre, Rio Grande do Sul",Match Finished,FT,90,7.0,71,Serie A,Brazil,https://media.api-sports.io/football/leagues/71.png,https://media.api-sports.io/flags/br.svg,2024,Regular Season - 30,True,119,Internacional,https://media.api-sports.io/football/teams/119.png,True,130,Gremio,https://media.api-sports.io/football/teams/130.png,False,1,0,0,0,1,0,,,,
1180647,Denis Ribeiro Serafim,UTC,2024-10-19T19:00:00+00:00,1729364400,1729364400,1729368000,281,Estádio Manoel Barradas,"Salvador, Bahia",Match Finished,FT,90,5.0,71,Serie A,Brazil,https://media.api-sports.io/football/leagues/71.png,https://media.api-sports.io/flags/br.svg,2024,Regular Season - 30,True,136,Vitoria,https://media.api-sports.io/football/teams/136.png,True,794,RB Bragantino,https://media.api-sports.io/football/teams/794.png,False,1,0,0,0,1,0,,,,
1180654,Alex Gomes,UTC,2024-10-20T23:00:00+00:00,1729465200,1729465200,1729468800,248,Estádio Alfredo Jaconi,"Caxias do Sul, Rio Grande do Sul",Match Finished,FT,90,8.0,71,Serie A,Brazil,https://media.api-sports.io/football/leagues/71.png,https://media.api-sports.io/flags/br.svg,2024,Regular Season - 30,True,152,Juventude,https://media.api-sports.io/football/teams/152.png,False,121,Palmeiras,https://media.api-sports.io/football/teams/121.png,True,3,5,1,2,3,5,,,,
1180518,Braulio da Silva Machado,UTC,2024-10-22T22:30:00+00:00,1729636200,1729636200,1729639800,,Estadio Jornalista Mário Filho,"Rio de Janeiro, Rio de Janeiro",Match Finished,FT,90,8.0,71,Serie A,Brazil,https://media.api-sports.io/football/leagues/71.png,https://media.api-sports.io/flags/br.svg,2024,Regular Season - 17,True,124,Fluminense,https://media.api-sports.io/football/teams/124.png,True,134,Atletico Paranaense,https://media.api-sports.io/football/teams/134.png,False,1,0,0,0,1,0,,,,
1180539,Wilton Pereira Sampaio,UTC,2024-10-25T22:00:00+00:00,1729893600,1729893600,1729897200,19377,Estádio São Januário,"Rio de Janeiro, Rio de Janeiro",Match Finished,FT,90,7.0,71,Serie A,Brazil,https://media.api-sports.io/football/leagues/71.png,https://media.api-sports.io/flags/br.svg,2024,Regular Season - 19,True,133,Vasco DA Gama,https://media.api-sports.io/football/teams/133.png,True,1193,Cuiaba,https://media.api-sports.io/football/teams/1193.png,False,1,0,0,0,1,0,,,,
1180660,Ramon Abatti,UTC,2024-10-26T19:30:00+00:00,1729971000,1729971000,1729974600,258,Allianz Parque,"São Paulo, São Paulo",Match Finished,FT,90,8.0,71,Serie A,Brazil,https://media.api-sports.io/football/leagues/71.png,https://media.api-sports.io/flags/br.svg,2024,Regular Season - 31,True,121,Palmeiras,https://media.api-sports.io/football/teams/121.png,,154,Fortaleza EC,https://media.api-sports.io/football/teams/154.png,,2,2,1,1,2,2,,,,
1180658,Braulio da Silva Machado,UTC,2024-10-26T19:30:00+00:00,1729971000,1729971000,1729974600,,Estadio Jornalista Mário Filho,"Rio de Janeiro, Rio de Janeiro",Match Finished,FT,90,8.0,71,Serie A,Brazil,https://media.api-sports.io/football/leagues/71.png,https://media.api-sports.io/flags/br.svg,2024,Regular Season - 31,True,127,Flamengo,https://media.api-sports.io/football/teams/127.png,True,152,Juventude,https://media.api-sports.io/football/teams/152.png,False,4,2,1,1,4,2,,,,
1180655,Edina Alves Batista,UTC,2024-10-26T19:30:00+00:00,1729971000,1729971000,1729974600,241,Arena do Grêmio,"Porto Alegre, Rio Grande do Sul",Match Finished,FT,90,5.0,71,Serie A,Brazil,https://media.api-sports.io/football/leagues/71.png,https://media.api-sports.io/flags/br.svg,2024,Regular Season - 31,True,130,Gremio,https://media.api-sports.io/football/teams/130.png,True,144,Atletico Goianiense,https://media.api-sports.io/football/teams/144.png,False,3,1,1,1,3,1,,,,
1180657,Flavio Rodrigues De Souza,UTC,2024-10-26T19:30:00+00:00,1729971000,1729971000,1729974600,281,Estádio Manoel Barradas,"Salvador, Bahia",Match Finished,FT,90,6.0,71,Serie A,Brazil,https://media.api-sports.io/football/leagues/71.png,https://media.api-sports.io/flags/br.svg,2024,Regular Season - 31,True,136,Vitoria,https://media.api-sports.io/football/teams/136.png,True,124,Fluminense,https://media.api-sports.io/football/teams/124.png,False,2,1,1,0,2,1,,,,
1180662,Rodrigo José Pereira de Lima,UTC,2024-10-26T21:30:00+00:00,1729978200,1729978200,1729981800,,Ligga Arena,"Curitiba, Paraná",Match Finished,FT,90,3.0,71,Serie A,Brazil,https://media.api-sports.io/football/leagues/71.png,https://media.api-sports.io/flags/br.svg,2024,Regular Season - 31,True,134,Atletico Paranaense,https://media.api-sports.io/football/teams/134.png,True,135,Cruzeiro,https://media.api-sports.io/football/teams/135.png,False,3,0,1,0,3,0,,,,
1180661,Anderson Daronco,UTC,2024-10-26T23:00:00+00:00,1729983600,1729983600,1729987200,220,Estádio Nabi Abi Chedid,"Bragança Paulista, São Paulo",Match Finished,FT,90,9.0,71,Serie A,Brazil,https://media.api-sports.io/football/leagues/71.png,https://media.api-sports.io/flags/br.svg,2024,Regular Season - 31,True,794,RB Bragantino,https://media.api-sports.io/football/teams/794.png,False,120,Botafogo,https://media.api-sports.io/football/teams/120.png,True,0,1,0,0,0,1,,,,
1180656,Marcelo de Lima Henrique,UTC,2024-10-26T23:00:00+00:00,1729983600,1729983600,1729987200,21427,Arena MRV,"Belo Horizonte, Minas Gerais",Match Finished,FT,90,6.0,71,Serie A,Brazil,https://media.api-sports.io/football/leagues/71.png,https://media.api-sports.io/flags/br.svg,2024,Regular Season - 31,True,1062,Atletico-MG,https://media.api-sports.io/football/teams/1062.png,False,119,Internacional,https://media.api-sports.io/football/teams/119.png,True,1,3,1,2,1,3,,,,
1180664,Rafael Rodrigo Klein,UTC,2024-10-27T01:00:00+00:00,1729990800,1729990800,1729994400,233,Estádio Heriberto Hülse,"Criciúma, Santa Catarina",Match Finished,FT,90,,71,Serie A,Brazil,https://media.api-sports.io/football/leagues/71.png,https://media.api-sports.io/flags/br.svg,2024,Regular Season - 31,True,140,Criciuma,https://media.api-sports.io/football/teams/140.png,,126,Sao Paulo,https://media.api-sports.io/football/teams/126.png,,1,1,1,0,1,1,,,,
1180663,Bruno Arleu de Araújo,UTC,2024-10-28T22:00:00+00:00,1730152800,1730152800,1730156400,235,Arena Pantanal,"Cuiabá, Mato Grosso",Match Finished,FT,90,9.0,71,Serie A,Brazil,https://media.api-sports.io/football/leagues/71.png,https://media.api-sports.io/flags/br.svg,2024,Regular Season - 31,True,1193,Cuiaba,https://media.api-sports.io/football/teams/1193.png,False,131,Corinthians,https://media.api-sports.io/football/teams/131.png,True,0,1,0,1,0,1,,,,
1180659,Raphael Claus,UTC,2024-10-29T00:00:00+00:00,1730160000,1730160000,1730163600,19377,Estádio São Januário,"Rio de Janeiro, Rio de Janeiro",Match Finished,FT,90,8.0,71,Serie A,Brazil,https://media.api-sports.io/football/leagues/71.png,https://media.api-sports.io/flags/br.svg,2024,Regular Season - 31,True,133,Vasco DA Gama,https://media.api-sports.io/football/teams/133.png,True,118,Bahia,https://media.api-sports.io/football/teams/118.png,False,3,2,3,1,3,2,,,,
1180515,Davi de Oliveira Lacerda,UTC,2024-10-30T22:00:00+00:00,1730325600,1730325600,1730329200,244,Estádio José Pinheiro Borda,"Porto Alegre, Rio Grande do Sul",Match Finished,FT,90,7.0,71,Serie A,Brazil,https://media.api-sports.io/football/leagues/71.png,https://media.api-sports.io/flags/br.svg,2024,Regular Season - 17,True,119,Internacional,https://media.api-sports.io/football/teams/119.png,,127,Flamengo,https://media.api-sports.io/football/teams/127.png,,1,1,0,1,1,1,,,,
1180668,Matheus Delgado Candançan,UTC,2024-11-02T00:00:00+00:00,1730505600,1730505600,1730509200,,Estadio Jornalista Mário Filho,"Rio de Janeiro, Rio de Janeiro",Match Finished,FT,90,13.0,71,Serie A,Brazil,https://media.api-sports.io/football/leagues/71.png,https://media.api-sports.io/flags/br.svg,2024,Regular Season - 32,True,124,Fluminense,https://media.api-sports.io/football/teams/124.png,,130,Gremio,https://media.api-sports.io/football/teams/130.png,,2,2,1,1,2,2,,,,
1180671,Marcelo de Lima Henrique,UTC,2024-11-02T19:00:00+00:00,1730574000,1730574000,1730577600,220,Estádio Nabi Abi Chedid,"Bragança Paulista, São Paulo",Match Finished,FT,90,5.0,71,Serie A,Brazil,https://media.api-sports.io/football/leagues/71.png,https://media.api-sports.io/flags/br.svg,2024,Regular Season - 32,True,794,RB Bragantino,https://media.api-sports.io/football/teams/794.png,,1193,Cuiaba,https://media.api-sports.io/football/teams/1193.png,,0,0,0,0,0,0,,,,
1180672,Luiz Flávio,UTC,2024-11-02T21:30:00+00:00,1730583000,1730583000,1730586600,,Ligga Arena,"Curitiba, Paraná",Match Finished,FT,90,8.0,71,Serie A,Brazil,https://media.api-sports.io/football/leagues/71.png,https://media.api-sports.io/flags/br.svg,2024,Regular Season - 32,True,134,Atletico Paranaense,https://media.api-sports.io/football/teams/134.png,False,136,Vitoria,https://media.api-sports.io/football/teams/136.png,True,1,2,1,1,1,2,,,,
1180674,Raphael Claus,UTC,2024-11-02T21:30:00+00:00,1730583000,1730583000,1730586600,248,Estádio Alfredo Jaconi,"Caxias do Sul, Rio Grande do Sul",Match Finished,FT,90,3.0,71,Serie A,Brazil,https://media.api-sports.io/football/leagues/71.png,https://media.api-sports.io/flags/br.svg,2024,Regular Season - 32,True,152,Juventude,https://media.api-sports.io/football/teams/152.png,False,154,Fortaleza EC,https://media.api-sports.io/football/teams/154.png,True,0,3,0,2,0,3,,,,
1180670,Wilton Pereira Sampaio,UTC,2024-11-04T23:00:00+00:00,1730761200,1730761200,1730764800,11531,Neo Química Arena,"São Paulo, São Paulo",Match Finished,FT,90,8.0,71,Serie A,Brazil,https://media.api-sports.io/football/leagues/71.png,https://media.api-sports.io/flags/br.svg,2024,Regular Season - 32,True,131,Corinthians,https://media.api-sports.io/football/teams/131.png,True,121,Palmeiras,https://media.api-sports.io/football/teams/121.png,False,2,0,1,0,2,0,,,,
1180667,Alex Gomes,UTC,2024-11-06T00:30:00+00:00,1730853000,1730853000,1730856600,216,Arena Fonte Nova,"Salvador, Bahia",Match Finished,FT,90,8.0,71,Serie A,Brazil,https://media.api-sports.io/football/leagues/71.png,https://media.api-sports.io/flags/br.svg,2024,Regular Season - 32,True,118,Bahia,https://media.api-sports.io/football/teams/118.png,False,126,Sao Paulo,https://media.api-sports.io/football/teams/126.png,True,0,3,0,1,0,3,,,,
1180665,Felipe Fernandes de Lima,UTC,2024-11-06T00:30:00+00:00,1730853000,1730853000,1730856600,244,Estádio José Pinheiro Borda,"Porto Alegre, Rio Grande do Sul",Match Finished,FT,90,7.0,71,Serie A,Brazil,https://media.api-sports.io/football/leagues/71.png,https://media.api-sports.io/flags/br.svg,2024,Regular Season - 32,True,119,Internacional,https://media.api-sports.io/football/teams/119.png,True,140,Criciuma,https://media.api-sports.io/football/teams/140.png,False,2,0,1,0,2,0,,,,
1180669,Bruno Arleu de Araújo,UTC,2024-11-06T00:30:00+00:00,1730853000,1730853000,1730856600,218,Estádio Nilton Santos,Rio de Janeiro,Match Finished,FT,90,5.0,71,Serie A,Brazil,https://media.api-sports.io/football/leagues/71.png,https://media.api-sports.io/flags/br.svg,2024,Regular Season - 32,True,120,Botafogo,https://media.api-sports.io/football/teams/120.png,True,133,Vasco DA Gama,https://media.api-sports.io/football/teams/133.png,False,3,0,2,0,3,0,,,,
1180666,Gustavo Ervino Bauermann,UTC,2024-11-07T00:00:00+00:00,1730937600,1730937600,1730941200,206,Estádio Raimundo Sampaio,"Belo Horizonte, Minas Gerais",Match Finished,FT,90,8.0,71,Serie A,Brazil,https://media.api-sports.io/football/leagues/71.png,https://media.api-sports.io/flags/br.svg,2024,Regular Season - 32,True,135,Cruzeiro,https://media.api-sports.io/football/teams/135.png,False,127,Flamengo,https://media.api-sports.io/football/teams/127.png,True,0,1,0,0,0,1,,,,
1180673,Jonathan Benkenstein Pinheiro,UTC,2024-11-07T00:00:00+00:00,1730937600,1730937600,1730941200,211,Estádio Antônio Accioly,"Goiânia, Goiás",Match Finished,FT,90,6.0,71,Serie A,Brazil,https://media.api-sports.io/football/leagues/71.png,https://media.api-sports.io/flags/br.svg,2024,Regular Season - 32,True,144,Atletico Goianiense,https://media.api-sports.io/football/teams/144.png,True,1062,Atletico-MG,https://media.api-sports.io/football/teams/1062.png,False,1,0,0,0,1,0,,,,
1180675,Luiz Flávio,UTC,2024-11-08T22:00:00+00:00,1731103200,1731103200,1731106800,244,Estádio José Pinheiro Borda,"Porto Alegre, Rio Grande do Sul",Match Finished,FT,90,8.0,71,Serie A,Brazil,https://media.api-sports.io/football/leagues/71.png,https://media.api-sports.io/flags/br.svg,2024,Regular Season - 33,True,119,Internacional,https://media.api-sports.io/football/teams/119.png,True,124,Fluminense,https://media.api-sports.io/football/teams/124.png,False,2,0,0,0,2,0,,,,
1180680,Marcelo de Lima Henrique,UTC,2024-11-09T00:30:00+00:00,1731112200,1731112200,1731115800,258,Allianz Parque,"São Paulo, São Paulo",Match Finished,FT,90,6.0,71,Serie A,Brazil,https://media.api-sports.io/football/leagues/71.png,https://media.api-sports.io/flags/br.svg,2024,Regular Season - 33,True,121,Palmeiras,https://media.api-sports.io/football/teams/121.png,True,130,Gremio,https://media.api-sports.io/football/teams/130.png,False,1,0,0,0,1,0,,,,
1180679,Rodrigo José Pereira de Lima,UTC,2024-11-09T19:30:00+00:00,1731180600,1731180600,1731184200,218,Estádio Nilton Santos,Rio de Janeiro,Match Finished,FT,90,7.0,71,Serie A,Brazil,https://media.api-sports.io/football/leagues/71.png,https://media.api-sports.io/flags/br.svg,2024,Regular Season - 33,True,120,Botafogo,https://media.api-sports.io/football/teams/120.png,,1193,Cuiaba,https://media.api-sports.io/football/teams/1193.png,,0,0,0,0,0,0,,,,
1180677,Bruno Arleu de Araújo,UTC,2024-11-09T19:30:00+00:00,1731180600,1731180600,1731184200,281,Estádio Manoel Barradas,"Salvador, Bahia",Match Finished,FT,90,5.0,71,Serie A,Brazil,https://media.api-sports.io/football/leagues/71.png,https://media.api-sports.io/flags/br.svg,2024,Regular Season - 33,True,136,Vitoria,https://media.api-sports.io/football/teams/136.png,False,131,Corinthians,https://media.api-sports.io/football/teams/131.png,True,1,2,1,1,1,2,,,,
1180676,Wagner do Nascimento Magalhaes,UTC,2024-11-09T22:00:00+00:00,1731189600,1731189600,1731193200,234,Estádio Governador Magalhães Pinto,"Belo Horizonte, Minas Gerais",Match Finished,FT,90,9.0,71,Serie A,Brazil,https://media.api-sports.io/football/leagues/71.png,https://media.api-sports.io/flags/br.svg,2024,Regular Season - 33,True,135,Cruzeiro,https://media.api-sports.io/football/teams/135.png,True,140,Criciuma,https://media.api-sports.io/football/teams/140.png,False,2,1,1,0,2,1,,,,
1180683,Anderson Daronco,UTC,2024-11-09T22:00:00+00:00,1731189600,1731189600,1731193200,211,Estádio Antônio Accioly,"Goiânia, Goiás",Match Finished,FT,90,5.0,71,Serie A,Brazil,https://media.api-sports.io/football/leagues/71.png,https://media.api-sports.io/flags/br.svg,2024,Regular Season - 33,True,144,Atletico Goianiense,https://media.api-sports.io/football/teams/144.png,,794,RB Bragantino,https://media.api-sports.io/football/teams/794.png,,0,0,0,0,0,0,,,,
1180684,Wilton Pereira Sampaio,UTC,2024-11-09T22:00:00+00:00,1731189600,1731189600,1731193200,248,Estádio Alfredo Jaconi,"Caxias do Sul, Rio Grande do Sul",Match Finished,FT,90,8.0,71,Serie A,Brazil,https://media.api-sports.io/football/leagues/71.png,https://media.api-sports.io/flags/br.svg,2024,Regular Season - 33,True,152,Juventude,https://media.api-sports.io/football/teams/152.png,True,118,Bahia,https://media.api-sports.io/football/teams/118.png,False,2,1,0,1,2,1,,,,
1180682,Lucas Torezin,UTC,2024-11-09T22:00:00+00:00,1731189600,1731189600,1731193200,225,Estádio Governador Plácido Aderaldo Castelo,"Fortaleza, Ceará",Match Finished,FT,90,5.0,71,Serie A,Brazil,https://media.api-sports.io/football/leagues/71.png,https://media.api-sports.io/flags/br.svg,2024,Regular Season - 33,True,154,Fortaleza EC,https://media.api-sports.io/football/teams/154.png,True,133,Vasco DA Gama,https://media.api-sports.io/football/teams/133.png,False,3,0,1,0,3,0,,,,
1180681,Rafael Rodrigo Klein,UTC,2024-11-10T00:00:00+00:00,1731196800,1731196800,1731200400,20813,MorumBIS,"São Paulo, São Paulo",Match Finished,FT,90,8.0,71,Serie A,Brazil,https://media.api-sports.io/football/leagues/71.png,https://media.api-sports.io/flags/br.svg,2024,Regular Season - 33,True,126,Sao Paulo,https://media.api-sports.io/football/teams/126.png,True,134,Atletico Paranaense,https://media.api-sports.io/football/teams/134.png,False,2,1,0,0,2,1,,,,
1180678,Davi de Oliveira Lacerda,UTC,2024-11-13T23:00:00+00:00,1731538800,1731538800,1731542400,,Estadio Jornalista Mário Filho,"Rio de Janeiro, Rio de Janeiro",Match Finished,FT,90,6.0,71,Serie A,Brazil,https://media.api-sports.io/football/leagues/71.png,https://media.api-sports.io/flags/br.svg,2024,Regular Season - 33,True,127,Flamengo,https://media.api-sports.io/football/teams/127.png,,1062,Atletico-MG,https://media.api-sports.io/football/teams/1062.png,,0,0,0,0,0,0,,,,
1180542,Matheus Delgado Candançan,UTC,2024-11-16T21:30:00+00:00,1731792600,1731792600,1731796200,,Ligga Arena,"Curitiba, Paraná",Match Finished,FT,90,9.0,71,Serie A,Brazil,https://media.api-sports.io/football/leagues/71.png,https://media.api-sports.io/flags/br.svg,2024,Regular Season - 19,True,134,Atletico Paranaense,https://media.api-sports.io/football/teams/134.png,True,1062,Atletico-MG,https://media.api-sports.io/football/teams/1062.png,False,1,0,1,0,1,0,,,,
1180690,Jonathan Benkenstein Pinheiro,UTC,2024-11-20T14:00:00+00:00,1732111200,1732111200,1732114800,11531,Neo Química Arena,"São Paulo, São Paulo",Match Finished,FT,90,7.0,71,Serie A,Brazil,https://media.api-sports.io/football/leagues/71.png,https://media.api-sports.io/flags/br.svg,2024,Regular Season - 34,True,131,Corinthians,https://media.api-sports.io/football/teams/131.png,True,135,Cruzeiro,https://media.api-sports.io/football/teams/135.png,False,2,1,2,1,2,1,,,,
1180692,Alex Gomes,UTC,2024-11-20T19:30:00+00:00,1732131000,1732131000,1732134600,,Ligga Arena,"Curitiba, Paraná",Match Finished,FT,90,6.0,71,Serie A,Brazil,https://media.api-sports.io/football/leagues/71.png,https://media.api-sports.io/flags/br.svg,2024,Regular Season - 34,True,134,Atletico Paranaense,https://media.api-sports.io/football/teams/134.png,True,144,Atletico Goianiense,https://media.api-sports.io/football/teams/144.png,False,2,0,1,0,2,0,,,,
1180694,Rafael Rodrigo Klein,UTC,2024-11-20T19:30:00+00:00,1732131000,1732131000,1732134600,233,Estádio Heriberto Hülse,"Criciúma, Santa Catarina",Match Finished,FT,90,8.0,71,Serie A,Brazil,https://media.api-sports.io/football/leagues/71.png,https://media.api-sports.io/flags/br.svg,2024,Regular Season - 34,True,140,Criciuma,https://media.api-sports.io/football/teams/140.png,False,136,Vitoria,https://media.api-sports.io/football/teams/136.png,True,0,1,0,0,0,1,,,,
1180691,Wilton Pereira Sampaio,UTC,2024-11-20T19:30:00+00:00,1732131000,1732131000,1732134600,220,Estádio Nabi Abi Chedid,"Bragança Paulista, São Paulo",Match Finished,FT,90,6.0,71,Serie A,Brazil,https://media.api-sports.io/football/leagues/71.png,https://media.api-sports.io/flags/br.svg,2024,Regular Season - 34,True,794,RB Bragantino,https://media.api-sports.io/football/teams/794.png,,126,Sao Paulo,https://media.api-sports.io/football/teams/126.png,,1,1,1,1,1,1,,,,
1180687,Wagner do Nascimento Magalhaes,UTC,2024-11-20T21:00:00+00:00,1732136400,1732136400,1732140000,216,Arena Fonte Nova,"Salvador, Bahia",Match Finished,FT,90,8.0,71,Serie A,Brazil,https://media.api-sports.io/football/leagues/71.png,https://media.api-sports.io/flags/br.svg,2024,Regular Season - 34,True,118,Bahia,https://media.api-sports.io/football/teams/118.png,False,121,Palmeiras,https://media.api-sports.io/football/teams/121.png,True,1,2,1,1,1,2,,,,
1180685,Bruno Arleu de Araújo,UTC,2024-11-20T22:00:00+00:00,1732140000,1732140000,1732143600,241,Arena do Grêmio,"Porto Alegre, Rio Grande do Sul",Match Finished,FT,90,8.0,71,Serie A,Brazil,https://media.api-sports.io/football/leagues/71.png,https://media.api-sports.io/flags/br.svg,2024,Regular Season - 34,True,130,Gremio,https://media.api-sports.io/football/teams/130.png,,152,Juventude,https://media.api-sports.io/football/teams/152.png,,2,2,1,1,2,2,,,,
1180693,Edina Alves Batista,UTC,2024-11-20T22:00:00+00:00,1732140000,1732140000,1732143600,235,Arena Pantanal,"Cuiabá, Mato Grosso",Match Finished,FT,90,8.0,71,Serie A,Brazil,https://media.api-sports.io/football/leagues/71.png,https://media.api-sports.io/flags/br.svg,2024,Regular Season - 34,True,1193,Cuiaba,https://media.api-sports.io/football/teams/1193.png,False,127,Flamengo,https://media.api-sports.io/football/teams/127.png,True,1,2,0,0,1,2,,,,
1180686,Luiz Flávio,UTC,2024-11-21T00:30:00+00:00,1732149000,1732149000,1732152600,206,Estádio Raimundo Sampaio,"Belo Horizonte, Minas Gerais",Match Finished,FT,90,10.0,71,Serie A,Brazil,https://media.api-sports.io/football/leagues/71.png,https://media.api-sports.io/flags/br.svg,2024,Regular Season - 34,True,1062,Atletico-MG,https://media.api-sports.io/football/teams/1062.png,,120,Botafogo,https://media.api-sports.io/football/teams/120.png,,0,0,0,0,0,0,,,,
1180689,Rodrigo José Pereira de Lima,UTC,2024-11-21T23:00:00+00:00,1732230000,1732230000,1732233600,19377,Estádio São Januário,"Rio de Janeiro, Rio de Janeiro",Match Finished,FT,90,6.0,71,Serie A,Brazil,https://media.api-sports.io/football/leagues/71.png,https://media.api-sports.io/flags/br.svg,2024,Regular Season - 34,True,133,Vasco DA Gama,https://media.api-sports.io/football/teams/133.png,False,119,Internacional,https://media.api-sports.io/football/teams/119.png,True,0,1,0,0,0,1,,,,
1180688,Raphael Claus,UTC,2024-11-23T00:30:00+00:00,1732321800,1732321800,1732325400,,Estadio Jornalista Mário Filho,"Rio de Janeiro, Rio de Janeiro",Match Finished,FT,90,7.0,71,Serie A,Brazil,https://media.api-sports.io/football/leagues/71.png,https://media.api-sports.io/flags/br.svg,2024,Regular Season - 34,True,124,Fluminense,https://media.api-sports.io/football/teams/124.png,,154,Fortaleza EC,https://media.api-sports.io/football/teams/154.png,,2,2,1,2,2,2,,,,
1180699,Ramon Abatti,UTC,2024-11-23T22:30:00+00:00,1732401000,1732401000,1732404600,218,Estádio Nilton Santos,Rio de Janeiro,Match Finished,FT,90,9.0,71,Serie A,Brazil,https://media.api-sports.io/football/leagues/71.png,https://media.api-sports.io/flags/br.svg,2024,Regular Season - 35,True,120,Botafogo,https://media.api-sports.io/football/teams/120.png,,136,Vitoria,https://media.api-sports.io/football/teams/136.png,,1,1,0,1,1,1,,,,
1180703,Jonathan Benkenstein Pinheiro,UTC,2024-11-23T22:30:00+00:00,1732401000,1732401000,1732404600,211,Estádio Antônio Accioly,"Goiânia, Goiás",Match Finished,FT,90,7.0,71,Serie A,Brazil,https://media.api-sports.io/football/leagues/71.png,https://media.api-sports.io/flags/br.svg,2024,Regular Season - 35,True,144,Atletico Goianiense,https://media.api-sports.io/football/teams/144.png,False,121,Palmeiras,https://media.api-sports.io/football/teams/121.png,True,0,1,0,1,0,1,,,,
1180704,Matheus Delgado Candançan,UTC,2024-11-23T22:30:00+00:00,1732401000,1732401000,1732404600,248,Estádio Alfredo Jaconi,"Caxias do Sul, Rio Grande do Sul",Match Finished,FT,90,8.0,71,Serie A,Brazil,https://media.api-sports.io/football/leagues/71.png,https://media.api-sports.io/flags/br.svg,2024,Regular Season - 35,True,152,Juventude,https://media.api-sports.io/football/teams/152.png,,1193,Cuiaba,https://media.api-sports.io/football/teams/1193.png,,1,1,0,0,1,1,,,,
1180701,Alex Gomes,UTC,2024-11-24T00:30:00+00:00,1732408200,1732408200,1732411800,20813,MorumBIS,"São Paulo, São Paulo",Match Finished,FT,90,6.0,71,Serie A,Brazil,https://media.api-sports.io/football/leagues/71.png,https://media.api-sports.io/flags/br.svg,2024,Regular Season - 35,True,126,Sao Paulo,https://media.api-sports.io/football/teams/126.png,,1062,Atletico-MG,https://media.api-sports.io/football/teams/1062.png,,2,2,2,2,2,2,,,,
1180697,Rodrigo José Pereira de Lima,UTC,2024-11-24T19:00:00+00:00,1732474800,1732474800,1732478400,216,Arena Fonte Nova,"Salvador, Bahia",Match Finished,FT,90,9.0,71,Serie A,Brazil,https://media.api-sports.io/football/leagues/71.png,https://media.api-sports.io/flags/br.svg,2024,Regular Season - 35,True,118,Bahia,https://media.api-sports.io/football/teams/118.png,,134,Atletico Paranaense,https://media.api-sports.io/football/teams/134.png,,1,1,0,0,1,1,,,,
1180695,Marcelo de Lima Henrique,UTC,2024-11-24T19:00:00+00:00,1732474800,1732474800,1732478400,244,Estádio José Pinheiro Borda,"Porto Alegre, Rio Grande do Sul",Match Finished,FT,90,5.0,71,Serie A,Brazil,https://media.api-sports.io/football/leagues/71.png,https://media.api-sports.io/flags/br.svg,2024,Regular Season - 35,True,119,Internacional,https://media.api-sports.io/football/teams/119.png,True,794,RB Bragantino,https://media.api-sports.io/football/teams/794.png,False,4,1,2,1,4,1,,,,
1180700,Davi de Oliveira Lacerda,UTC,2024-11-24T19:00:00+00:00,1732474800,1732474800,1732478400,11531,Neo Química Arena,"São Paulo, São Paulo",Match Finished,FT,90,5.0,71,Serie A,Brazil,https://media.api-sports.io/football/leagues/71.png,https://media.api-sports.io/flags/br.svg,2024,Regular Season - 35,True,131,Corinthians,https://media.api-sports.io/football/teams/131.png,True,133,Vasco DA Gama,https://media.api-sports.io/football/teams/133.png,False,3,1,3,0,3,1,,,,
1180698,Luiz Flávio,UTC,2024-11-26T22:00:00+00:00,1732658400,1732658400,1732662000,,Estadio Jornalista Mário Filho,"Rio de Janeiro, Rio de Janeiro",Match Finished,FT,90,8.0,71,Serie A,Brazil,https://media.api-sports.io/football/leagues/71.png,https://media.api-sports.io/flags/br.svg,2024,Regular Season - 35,True,124,Fluminense,https://media.api-sports.io/football/teams/124.png,,140,Criciuma,https://media.api-sports.io/football/teams/140.png,,0,0,0,0,0,0,,,,
1180702,Anderson Daronco,UTC,2024-11-26T23:00:00+00:00,1732662000,1732662000,1732665600,225,Estádio Governador Plácido Aderaldo Castelo,"Fortaleza, Ceará",Match Finished,FT,90,7.0,71,Serie A,Brazil,https://media.api-sports.io/football/leagues/71.png,https://media.api-sports.io/flags/br.svg,2024,Regular Season - 35,True,154,Fortaleza EC,https://media.api-sports.io/football/teams/154.png,,127,Flamengo,https://media.api-sports.io/football/teams/127.png,,0,0,0,0,0,0,,,,
1180710,Wilton Pereira Sampaio,UTC,2024-11-27T00:30:00+00:00,1732667400,1732667400,1732671000,258,Allianz Parque,"São Paulo, São Paulo",Match Finished,FT,90,6.0,71,Serie A,Brazil,https://media.api-sports.io/football/leagues/71.png,https://media.api-sports.io/flags/br.svg,2024,Regular Season - 36,True,121,Palmeiras,https://media.api-sports.io/football/teams/121.png,False,120,Botafogo,https://media.api-sports.io/football/teams/120.png,True,1,3,0,1,1,3,,,,
1180706,Flavio Rodrigues De Souza,UTC,2024-11-27T00:30:00+00:00,1732667400,1732667400,1732671000,206,Estádio Raimundo Sampaio,"Belo Horizonte, Minas Gerais",Match Finished,FT,90,5.0,71,Serie A,Brazil,https://media.api-sports.io/football/leagues/71.png,https://media.api-sports.io/flags/br.svg,2024,Regular Season - 36,True,1062,Atletico-MG,https://media.api-sports.io/football/teams/1062.png,False,152,Juventude,https://media.api-sports.io/football/teams/152.png,True,2,3,0,1,2,3,,,,
1180696,Raphael Claus,UTC,2024-11-28T00:00:00+00:00,1732752000,1732752000,1732755600,234,Estádio Governador Magalhães Pinto,"Belo Horizonte, Minas Gerais",Match Finished,FT,90,6.0,71,Serie A,Brazil,https://media.api-sports.io/football/leagues/71.png,https://media.api-sports.io/flags/br.svg,2024,Regular Season - 35,True,135,Cruzeiro,https://media.api-sports.io/football/teams/135.png,,130,Gremio,https://media.api-sports.io/football/teams/130.png,,1,1,1,1,1,1,,,,
1180714,Anderson Daronco,UTC,2024-11-30T22:30:00+00:00,1733005800,1733005800,1733009400,233,Estádio Heriberto Hülse,"Criciúma, Santa Catarina",Match Finished,FT,90,,71,Serie A,Brazil,https://media.api-sports.io/football/leagues/71.png,https://media.api-sports.io/flags/br.svg,2024,Regular Season - 36,True,140,Criciuma,https://media.api-sports.io/football/teams/140.png,False,131,Corinthians,https://media.api-sports.io/football/teams/131.png,True,2,4,2,0,2,4,,,,
1180713,Davi de Oliveira Lacerda,UTC,2024-11-30T22:30:00+00:00,1733005800,1733005800,1733009400,235,Arena Pantanal,"Cuiabá, Mato Grosso",Match Finished,FT,90,6.0,71,Serie A,Brazil,https://media.api-sports.io/football/leagues/71.png,https://media.api-sports.io/flags/br.svg,2024,Regular Season - 36,True,1193,Cuiaba,https://media.api-sports.io/football/teams/1193.png,False,118,Bahia,https://media.api-sports.io/football/teams/118.png,True,1,2,1,1,1,2,,,,
1180709,Lucas Torezin,UTC,2024-12-01T00:30:00+00:00,1733013000,1733013000,1733016600,19377,Estádio São Januário,"Rio de Janeiro, Rio de Janeiro",Match Finished,FT,90,8.0,71,Serie A,Brazil,https://media.api-sports.io/football/leagues/71.png,https://media.api-sports.io/flags/br.svg,2024,Regular Season - 36,True,133,Vasco DA Gama,https://media.api-sports.io/football/teams/133.png,,144,Atletico Goianiense,https://media.api-sports.io/football/teams/144.png,,2,2,0,1,2,2,,,,
1180708,Rodrigo José Pereira de Lima,UTC,2024-12-01T19:00:00+00:00,1733079600,1733079600,1733083200,,Estadio Jornalista Mário Filho,"Rio de Janeiro, Rio de Janeiro",Match Finished,FT,90,7.0,71,Serie A,Brazil,https://media.api-sports.io/football/leagues/71.png,https://media.api-sports.io/flags/br.svg,2024,Regular Season - 36,True,127,Flamengo,https://media.api-sports.io/football/teams/127.png,True,119,Internacional,https://media.api-sports.io/football/teams/119.png,False,3,2,3,0,3,2,,,,
1180705,Ramon Abatti,UTC,2024-12-01T19:00:00+00:00,1733079600,1733079600,1733083200,241,Arena do Grêmio,"Porto Alegre, Rio Grande do Sul",Match Finished,FT,90,6.0,71,Serie A,Brazil,https://media.api-sports.io/football/leagues/71.png,https://media.api-sports.io/flags/br.svg,2024,Regular Season - 36,True,130,Gremio,https://media.api-sports.io/football/teams/130.png,True,126,Sao Paulo,https://media.api-sports.io/football/teams/126.png,False,2,1,2,0,2,1,,,,
1180712,Raphael Claus,UTC,2024-12-01T21:30:00+00:00,1733088600,1733088600,1733092200,,Ligga Arena,"Curitiba, Paraná",Match Finished,FT,90,8.0,71,Serie A,Brazil,https://media.api-sports.io/football/leagues/71.png,https://media.api-sports.io/flags/br.svg,2024,Regular Season - 36,True,134,Atletico Paranaense,https://media.api-sports.io/football/teams/134.png,,124,Fluminense,https://media.api-sports.io/football/teams/124.png,,1,1,1,0,1,1,,,,
1180707,Wilton Pereira Sampaio,UTC,2024-12-01T21:30:00+00:00,1733088600,1733088600,1733092200,281,Estádio Manoel Barradas,"Salvador, Bahia",Match Finished,FT,90,8.0,71,Serie A,Brazil,https://media.api-sports.io/football/leagues/71.png,https://media.api-sports.io/flags/br.svg,2024,Regular Season - 36,True,136,Vitoria,https://media.api-sports.io/football/teams/136.png,True,154,Fortaleza EC,https://media.api-sports.io/football/teams/154.png,False,2,0,2,0,2,0,,,,
1180711,Rafael Rodrigo Klein,UTC,2024-12-01T21:30:00+00:00,1733088600,1733088600,1733092200,220,Estádio Nabi Abi Chedid,"Bragança Paulista, São Paulo",Match Finished,FT,90,6.0,71,Serie A,Brazil,https://media.api-sports.io/football/leagues/71.png,https://media.api-sports.io/flags/br.svg,2024,Regular Season - 36,True,794,RB Bragantino,https://media.api-sports.io/football/teams/794.png,,135,Cruzeiro,https://media.api-sports.io/football/teams/135.png,,1,1,1,0,1,1,,,,
1180720,Bruno Arleu de Araújo,UTC,2024-12-03T23:00:00+00:00,1733266800,1733266800,1733270400,11531,Neo Química Arena,"São Paulo, São Paulo",Match Finished,FT,90,5.0,71,Serie A,Brazil,https://media.api-sports.io/football/leagues/71.png,https://media.api-sports.io/flags/br.svg,2024,Regular Season - 37,True,131,Corinthians,https://media.api-sports.io/football/teams/131.png,True,118,Bahia,https://media.api-sports.io/football/teams/118.png,False,3,0,2,0,3,0,,,,
1180719,Davi de Oliveira Lacerda,UTC,2024-12-04T22:00:00+00:00,1733349600,1733349600,1733353200,19377,Estádio São Januário,"Rio de Janeiro, Rio de Janeiro",Match Finished,FT,90,6.0,71,Serie A,Brazil,https://media.api-sports.io/football/leagues/71.png,https://media.api-sports.io/flags/br.svg,2024,Regular Season - 37,True,133,Vasco DA Gama,https://media.api-sports.io/football/teams/133.png,True,1062,Atletico-MG,https://media.api-sports.io/football/teams/1062.png,False,2,0,0,0,2,0,,,,
1180721,Sávio Pereira,UTC,2024-12-04T23:00:00+00:00,1733353200,1733353200,1733356800,20813,MorumBIS,"São Paulo, São Paulo",Match Finished,FT,90,8.0,71,Serie A,Brazil,https://media.api-sports.io/football/leagues/71.png,https://media.api-sports.io/flags/br.svg,2024,Regular Season - 37,True,126,Sao Paulo,https://media.api-sports.io/football/teams/126.png,False,152,Juventude,https://media.api-sports.io/football/teams/152.png,True,1,2,0,0,1,2,,,,
1180717,Alex Gomes,UTC,2024-12-04T23:00:00+00:00,1733353200,1733353200,1733356800,281,Estádio Manoel Barradas,"Salvador, Bahia",Match Finished,FT,90,8.0,71,Serie A,Brazil,https://media.api-sports.io/football/leagues/71.png,https://media.api-sports.io/flags/br.svg,2024,Regular Season - 37,True,136,Vitoria,https://media.api-sports.io/football/teams/136.png,,130,Gremio,https://media.api-sports.io/football/teams/130.png,,1,1,0,1,1,1,,,,
1180724,Wilton Pereira Sampaio,UTC,2024-12-04T23:00:00+00:00,1733353200,1733353200,1733356800,233,Estádio Heriberto Hülse,"Criciúma, Santa Catarina",Match Finished,FT,90,5.0,71,Serie A,Brazil,https://media.api-sports.io/football/leagues/71.png,https://media.api-sports.io/flags/br.svg,2024,Regular Season - 37,True,140,Criciuma,https://media.api-sports.io/football/teams/140.png,False,127,Flamengo,https://media.api-sports.io/football/teams/127.png,True,0,3,0,1,0,3,,,,
1180715,Ramon Abatti,UTC,2024-12-05T00:30:00+00:00,1733358600,1733358600,1733362200,244,Estádio José Pinheiro Borda,"Porto Alegre, Rio Grande do Sul",Match Finished,FT,90,6.0,71,Serie A,Brazil,https://media.api-sports.io/football/leagues/71.png,https://media.api-sports.io/flags/br.svg,2024,Regular Season - 37,True,119,Internacional,https://media.api-sports.io/football/teams/119.png,False,120,Botafogo,https://media.api-sports.io/football/teams/120.png,True,0,1,0,1,0,1,,,,
1180716,Anderson Daronco,UTC,2024-12-05T00:30:00+00:00,1733358600,1733358600,1733362200,234,Estádio Governador Magalhães Pinto,"Belo Horizonte, Minas Gerais",Match Finished,FT,90,7.0,71,Serie A,Brazil,https://media.api-sports.io/football/leagues/71.png,https://media.api-sports.io/flags/br.svg,2024,Regular Season - 37,True,135,Cruzeiro,https://media.api-sports.io/football/teams/135.png,False,121,Palmeiras,https://media.api-sports.io/football/teams/121.png,True,1,2,0,0,1,2,,,,
1180723,Lucas Casagrande,UTC,2024-12-05T00:30:00+00:00,1733358600,1733358600,1733362200,211,Estádio Antônio Accioly,"Goiânia, Goiás",Match Finished,FT,90,7.0,71,Serie A,Brazil,https://media.api-sports.io/football/leagues/71.png,https://media.api-sports.io/flags/br.svg,2024,Regular Season - 37,True,144,Atletico Goianiense,https://media.api-sports.io/football/teams/144.png,True,154,Fortaleza EC,https://media.api-sports.io/football/teams/154.png,False,3,1,1,1,3,1,,,,
1180718,Rafael Rodrigo Klein,UTC,2024-12-05T23:00:00+00:00,1733439600,1733439600,1733443200,,Estadio Jornalista Mário Filho,"Rio de Janeiro, Rio de Janeiro",Match Finished,FT,90,6.0,71,Serie A,Brazil,https://media.api-sports.io/football/leagues/71.png,https://media.api-sports.io/flags/br.svg,2024,Regular Season - 37,True,124,Fluminense,https://media.api-sports.io/football/teams/124.png,True,1193,Cuiaba,https://media.api-sports.io/football/teams/1193.png,False,1,0,0,0,1,0,,,,
1180722,Rodrigo José Pereira de Lima,UTC,2024-12-05T23:00:00+00:00,1733439600,1733439600,1733443200,,Ligga Arena,"Curitiba, Paraná",Match Finished,FT,90,8.0,71,Serie A,Brazil,https://media.api-sports.io/football/leagues/71.png,https://media.api-sports.io/flags/br.svg,2024,Regular Season - 37,True,134,Atletico Paranaense,https://media.api-sports.io/football/teams/134.png,False,794,RB Bragantino,https://media.api-sports.io/football/teams/794.png,True,1,2,0,1,1,2,,,,
1180727,Gustavo Ervino Bauermann,UTC,2024-12-08T19:00:00+00:00,1733684400,1733684400,1733688000,216,Arena Fonte Nova,"Salvador, Bahia",Match Finished,FT,90,6.0,71,Serie A,Brazil,https://media.api-sports.io/football/leagues/71.png,https://media.api-sports.io/flags/br.svg,2024,Regular Season - 38,True,118,Bahia,https://media.api-sports.io/football/teams/118.png,True,144,Atletico Goianiense,https://media.api-sports.io/football/teams/144.png,False,2,0,1,0,2,0,,,,
1180729,Anderson Daronco,UTC,2024-12-08T19:00:00+00:00,1733684400,1733684400,1733688000,218,Estádio Nilton Santos,Rio de Janeiro,Match Finished,FT,90,4.0,71,Serie A,Brazil,https://media.api-sports.io/football/leagues/71.png,https://media.api-sports.io/flags/br.svg,2024,Regular Season - 38,True,120,Botafogo,https://media.api-sports.io/football/teams/120.png,True,126,Sao Paulo,https://media.api-sports.io/football/teams/126.png,False,2,1,1,0,2,1,,,,
1180730,Ramon Abatti,UTC,2024-12-08T19:00:00+00:00,1733684400,1733684400,1733688000,258,Allianz Parque,"São Paulo, São Paulo",Match Finished,FT,90,7.0,71,Serie A,Brazil,https://media.api-sports.io/football/leagues/71.png,https://media.api-sports.io/flags/br.svg,2024,Regular Season - 38,True,121,Palmeiras,https://media.api-sports.io/football/teams/121.png,False,124,Fluminense,https://media.api-sports.io/football/teams/124.png,True,0,1,0,1,0,1,,,,
1180728,Lucas Casagrande,UTC,2024-12-08T19:00:00+00:00,1733684400,1733684400,1733688000,,Estadio Jornalista Mário Filho,"Rio de Janeiro, Rio de Janeiro",Match Finished,FT,90,6.0,71,Serie A,Brazil,https://media.api-sports.io/football/leagues/71.png,https://media.api-sports.io/flags/br.svg,2024,Regular Season - 38,True,127,Flamengo,https://media.api-sports.io/football/teams/127.png,,136,Vitoria,https://media.api-sports.io/football/teams/136.png,,2,2,0,1,2,2,,,,
1180725,Paulo Cesar Zanovelli da Silva,UTC,2024-12-08T19:00:00+00:00,1733684400,1733684400,1733688000,241,Arena do Grêmio,"Porto Alegre, Rio Grande do Sul",Match Finished,FT,90,7.0,71,Serie A,Brazil,https://media.api-sports.io/football/leagues/71.png,https://media.api-sports.io/flags/br.svg,2024,Regular Season - 38,True,130,Gremio,https://media.api-sports.io/football/teams/130.png,False,131,Corinthians,https://media.api-sports.io/football/teams/131.png,True,0,3,0,1,0,3,,,,
1180734,Edina Alves Batista,UTC,2024-12-08T19:00:00+00:00,1733684400,1733684400,1733688000,248,Estádio Alfredo Jaconi,"Caxias do Sul, Rio Grande do Sul",Match Finished,FT,90,12.0,71,Serie A,Brazil,https://media.api-sports.io/football/leagues/71.png,https://media.api-sports.io/flags/br.svg,2024,Regular Season - 38,True,152,Juventude,https://media.api-sports.io/football/teams/152.png,False,135,Cruzeiro,https://media.api-sports.io/football/teams/135.png,True,0,1,0,1,0,1,,,,
1180732,Matheus Delgado Candançan,UTC,2024-12-08T19:00:00+00:00,1733684400,1733684400,1733688000,225,Estádio Governador Plácido Aderaldo Castelo,"Fortaleza, Ceará",Match Finished,FT,90,1.0,71,Serie A,Brazil,https://media.api-sports.io/football/leagues/71.png,https://media.api-sports.io/flags/br.svg,2024,Regular Season - 38,True,154,Fortaleza EC,https://media.api-sports.io/football/teams/154.png,True,119,Internacional,https://media.api-sports.io/football/teams/119.png,False,3,0,2,0,3,0,,,,
1180731,Sávio Pereira,UTC,2024-12-08T19:00:00+00:00,1733684400,1733684400,1733688000,220,Estádio Nabi Abi Chedid,"Bragança Paulista, São Paulo",Match Finished,FT,90,3.0,71,Serie A,Brazil,https://media.api-sports.io/football/leagues/71.png,https://media.api-sports.io/flags/br.svg,2024,Regular Season - 38,True,794,RB Bragantino,https://media.api-sports.io/football/teams/794.png,True,140,Criciuma,https://media.api-sports.io/football/teams/140.png,False,5,1,2,1,5,1,,,,
1180726,Rafael Rodrigo Klein,UTC,2024-12-08T19:00:00+00:00,1733684400,1733684400,1733688000,21427,Arena MRV,"Belo Horizonte, Minas Gerais",Match Finished,FT,90,8.0,71,Serie A,Brazil,https://media.api-sports.io/football/leagues/71.png,https://media.api-sports.io/flags/br.svg,2024,Regular Season - 38,True,1062,Atletico-MG,https://media.api-sports.io/football/teams/1062.png,True,134,Atletico Paranaense,https://media.api-sports.io/football/teams/134.png,False,1,0,0,0,1,0,,,,
1180733,Thaillan Azevedo Gomes,UTC,2024-12-08T19:00:00+00:00,1733684400,1733684400,1733688000,235,Arena Pantanal,"Cuiabá, Mato Grosso",Match Finished,FT,90,7.0,71,Serie A,Brazil,https://media.api-sports.io/football/leagues/71.png,https://media.api-sports.io/flags/br.svg,2024,Regular Season - 38,True,1193,Cuiaba,https://media.api-sports.io/football/teams/1193.png,False,133,Vasco DA Gama,https://media.api-sports.io/football/teams/133.png,True,1,2,1,2,1,2,,,,
