fixture_id,fixture_referee,fixture_timezone,fixture_date,fixture_timestamp,fixture_periods_first,fixture_periods_second,fixture_venue_id,fixture_venue_name,fixture_venue_city,fixture_status_long,fixture_status_short,fixture_status_elapsed,league_id,league_name,league_country,league_logo,league_flag,league_season,league_round,teams_home_id,teams_home_name,teams_home_logo,teams_home_winner,teams_away_id,teams_away_name,teams_away_logo,teams_away_winner,goals_home,goals_away,score_halftime_home,score_halftime_away,score_fulltime_home,score_fulltime_away,score_extratime_home,score_extratime_away,score_penalty_home,score_penalty_away
688918,Denis Ribeiro Serafim,UTC,2021-05-29T22:00:00+00:00,1622325600,1622325600,1622329200,235.0,Arena Pantanal,"Cuiabá, Mato Grosso",Match Finished,FT,90,71,Serie A,Brazil,https://media.api-sports.io/football/leagues/71.png,https://media.api-sports.io/flags/br.svg,2021,Regular Season - 1,1193,Cuiaba,https://media.api-sports.io/football/teams/1193.png,,152,Juventude,https://media.api-sports.io/football/teams/152.png,,2,2,1,2,2,2,,,,
688915,Bruno Arleu de Araujo,UTC,2021-05-29T23:00:00+00:00,1622329200,1622329200,1622332800,11287.0,Estádio Governador Roberto Santos,"Salvador de Bahia, Bahia",Match Finished,FT,90,71,Serie A,Brazil,https://media.api-sports.io/football/leagues/71.png,https://media.api-sports.io/flags/br.svg,2021,Regular Season - 1,118,Bahia,https://media.api-sports.io/football/teams/118.png,True,128,Santos,https://media.api-sports.io/football/teams/128.png,False,3,0,0,0,3,0,,,,
688911,Rodolpho Toski Marques,UTC,2021-05-30T00:00:00+00:00,1622332800,1622332800,1622336400,,Estádio Cícero Pompeu de Toledo,"São Paulo, São Paulo",Match Finished,FT,90,71,Serie A,Brazil,https://media.api-sports.io/football/leagues/71.png,https://media.api-sports.io/flags/br.svg,2021,Regular Season - 1,126,Sao Paulo,https://media.api-sports.io/football/teams/126.png,,124,Fluminense,https://media.api-sports.io/football/teams/124.png,,0,0,0,0,0,0,,,,
688912,Caio Max Augusto Vieira,UTC,2021-05-30T14:00:00+00:00,1622383200,1622383200,1622386800,234.0,Estádio Governador Magalhães Pinto,"Belo Horizonte, Minas Gerais",Match Finished,FT,90,71,Serie A,Brazil,https://media.api-sports.io/football/leagues/71.png,https://media.api-sports.io/flags/br.svg,2021,Regular Season - 1,1062,Atletico-MG,https://media.api-sports.io/football/teams/1062.png,False,154,Fortaleza EC,https://media.api-sports.io/football/teams/154.png,True,1,2,1,0,1,2,,,,
688909,Anderson Daronco,UTC,2021-05-30T19:00:00+00:00,1622401200,1622401200,1622404800,,Estadio Jornalista Mário Filho,"Rio de Janeiro, Rio de Janeiro",Match Finished,FT,90,71,Serie A,Brazil,https://media.api-sports.io/football/leagues/71.png,https://media.api-sports.io/flags/br.svg,2021,Regular Season - 1,127,Flamengo,https://media.api-sports.io/football/teams/127.png,True,121,Palmeiras,https://media.api-sports.io/football/teams/121.png,False,1,0,0,0,1,0,,,,
688914,Savio Pereira,UTC,2021-05-30T19:00:00+00:00,1622401200,1622401200,1622404800,225.0,Estádio Governador Plácido Aderaldo Castelo,"Fortaleza, Ceará",Match Finished,FT,90,71,Serie A,Brazil,https://media.api-sports.io/football/leagues/71.png,https://media.api-sports.io/flags/br.svg,2021,Regular Season - 1,129,Ceara,https://media.api-sports.io/football/teams/129.png,True,130,Gremio,https://media.api-sports.io/football/teams/130.png,False,3,2,2,1,3,2,,,,
688910,Felipe Fernandes de Lima,UTC,2021-05-30T21:15:00+00:00,1622409300,1622409300,1622412900,11531.0,Neo Química Arena,"São Paulo, São Paulo",Match Finished,FT,90,71,Serie A,Brazil,https://media.api-sports.io/football/leagues/71.png,https://media.api-sports.io/flags/br.svg,2021,Regular Season - 1,131,Corinthians,https://media.api-sports.io/football/teams/131.png,False,144,Atletico Goianiense,https://media.api-sports.io/football/teams/144.png,True,0,1,0,1,0,1,,,,
688917,Marielson Alves Silva,UTC,2021-05-30T21:15:00+00:00,1622409300,1622409300,1622412900,227.0,Arena Condá,"Chapecó, Santa Catarina",Match Finished,FT,90,71,Serie A,Brazil,https://media.api-sports.io/football/leagues/71.png,https://media.api-sports.io/flags/br.svg,2021,Regular Season - 1,132,Chapecoense-sc,https://media.api-sports.io/football/teams/132.png,False,794,RB Bragantino,https://media.api-sports.io/football/teams/794.png,True,0,3,0,2,0,3,,,,
688916,Jefferson Ferreira de Moraes,UTC,2021-05-30T21:15:00+00:00,1622409300,1622409300,1622412900,10493.0,Arena da Baixada,"Curitiba, Paraná",Match Finished,FT,90,71,Serie A,Brazil,https://media.api-sports.io/football/leagues/71.png,https://media.api-sports.io/flags/br.svg,2021,Regular Season - 1,134,Atletico Paranaense,https://media.api-sports.io/football/teams/134.png,True,125,America Mineiro,https://media.api-sports.io/football/teams/125.png,False,1,0,0,0,1,0,,,,
688913,Vinicius Gonçalves Dias Araujo,UTC,2021-05-30T23:30:00+00:00,1622417400,1622417400,1622421000,244.0,Estádio José Pinheiro Borda,"Porto Alegre, Rio Grande do Sul",Match Finished,FT,90,71,Serie A,Brazil,https://media.api-sports.io/football/leagues/71.png,https://media.api-sports.io/flags/br.svg,2021,Regular Season - 1,119,Internacional,https://media.api-sports.io/football/teams/119.png,,123,Sport Recife,https://media.api-sports.io/football/teams/123.png,,2,2,2,0,2,2,,,,
688928,Diego Pombo Lopez,UTC,2021-06-05T22:00:00+00:00,1622930400,1622930400,1622934000,211.0,Estádio Antônio Accioly,"Goiânia, Goiás",Match Finished,FT,90,71,Serie A,Brazil,https://media.api-sports.io/football/leagues/71.png,https://media.api-sports.io/flags/br.svg,2021,Regular Season - 2,144,Atletico Goianiense,https://media.api-sports.io/football/teams/144.png,True,126,Sao Paulo,https://media.api-sports.io/football/teams/126.png,False,2,0,1,0,2,0,,,,
688921,Jean Pierre Goncalves Lima,UTC,2021-06-06T00:00:00+00:00,1622937600,1622937600,1622941200,10494.0,Estádio Urbano Caldeira,"Santos, São Paulo",Match Finished,FT,90,71,Serie A,Brazil,https://media.api-sports.io/football/leagues/71.png,https://media.api-sports.io/flags/br.svg,2021,Regular Season - 2,128,Santos,https://media.api-sports.io/football/teams/128.png,True,129,Ceara,https://media.api-sports.io/football/teams/129.png,False,3,1,1,1,3,1,,,,
688926,Vinicius Gomes,UTC,2021-06-06T00:00:00+00:00,1622937600,1622937600,1622941200,220.0,Estádio Nabi Abi Chedid,"Bragança Paulista, São Paulo",Match Finished,FT,90,71,Serie A,Brazil,https://media.api-sports.io/football/leagues/71.png,https://media.api-sports.io/flags/br.svg,2021,Regular Season - 2,794,RB Bragantino,https://media.api-sports.io/football/teams/794.png,,118,Bahia,https://media.api-sports.io/football/teams/118.png,,3,3,1,2,3,3,,,,
688919,Edina Alves Batista,UTC,2021-06-06T14:00:00+00:00,1622988000,1622988000,1622991600,279.0,Estádio Club de Regatas Vasco da Gama,"Rio de Janeiro, Rio de Janeiro",Match Finished,FT,90,71,Serie A,Brazil,https://media.api-sports.io/football/leagues/71.png,https://media.api-sports.io/flags/br.svg,2021,Regular Season - 2,124,Fluminense,https://media.api-sports.io/football/teams/124.png,True,1193,Cuiaba,https://media.api-sports.io/football/teams/1193.png,False,1,0,1,0,1,0,,,,
688922,Marcelo de Lima Henrique,UTC,2021-06-06T19:00:00+00:00,1623006000,1623006000,1623009600,206.0,Estádio Raimundo Sampaio,"Belo Horizonte, Minas Gerais",Match Finished,FT,90,71,Serie A,Brazil,https://media.api-sports.io/football/leagues/71.png,https://media.api-sports.io/flags/br.svg,2021,Regular Season - 2,125,America Mineiro,https://media.api-sports.io/football/teams/125.png,False,131,Corinthians,https://media.api-sports.io/football/teams/131.png,True,0,1,0,1,0,1,,,,
688924,Paulo Roberto Alves Júnior,UTC,2021-06-06T19:00:00+00:00,1623006000,1623006000,1623009600,225.0,Estádio Governador Plácido Aderaldo Castelo,"Fortaleza, Ceará",Match Finished,FT,90,71,Serie A,Brazil,https://media.api-sports.io/football/leagues/71.png,https://media.api-sports.io/flags/br.svg,2021,Regular Season - 2,154,Fortaleza EC,https://media.api-sports.io/football/teams/154.png,True,119,Internacional,https://media.api-sports.io/football/teams/119.png,False,5,1,2,0,5,1,,,,
688920,Leo Simão,UTC,2021-06-06T21:15:00+00:00,1623014100,1623014100,1623017700,258.0,Allianz Parque,"São Paulo, São Paulo",Match Finished,FT,90,71,Serie A,Brazil,https://media.api-sports.io/football/leagues/71.png,https://media.api-sports.io/flags/br.svg,2021,Regular Season - 2,121,Palmeiras,https://media.api-sports.io/football/teams/121.png,True,132,Chapecoense-sc,https://media.api-sports.io/football/teams/132.png,False,3,1,3,0,3,1,,,,
688927,Paulo Cesar Zanovelli,UTC,2021-06-06T21:15:00+00:00,1623014100,1623014100,1623017700,248.0,Estádio Alfredo Jaconi,"Caxias do Sul, Rio Grande do Sul",Match Finished,FT,90,71,Serie A,Brazil,https://media.api-sports.io/football/leagues/71.png,https://media.api-sports.io/flags/br.svg,2021,Regular Season - 2,152,Juventude,https://media.api-sports.io/football/teams/152.png,False,134,Atletico Paranaense,https://media.api-sports.io/football/teams/134.png,True,0,3,0,0,0,3,,,,
688925,Raphael Claus,UTC,2021-06-06T23:30:00+00:00,1623022200,1623022200,1623025800,276.0,Estádio Adelmar da Costa Carvalho,"Recife, Pernambuco",Match Finished,FT,90,71,Serie A,Brazil,https://media.api-sports.io/football/leagues/71.png,https://media.api-sports.io/flags/br.svg,2021,Regular Season - 2,123,Sport Recife,https://media.api-sports.io/football/teams/123.png,False,1062,Atletico-MG,https://media.api-sports.io/football/teams/1062.png,True,0,1,0,1,0,1,,,,
688930,Flavio Rodrigues De Souza,UTC,2021-06-12T22:00:00+00:00,1623535200,1623535200,1623538800,258.0,Allianz Parque,"São Paulo, São Paulo",Match Finished,FT,90,71,Serie A,Brazil,https://media.api-sports.io/football/leagues/71.png,https://media.api-sports.io/flags/br.svg,2021,Regular Season - 3,121,Palmeiras,https://media.api-sports.io/football/teams/121.png,,131,Corinthians,https://media.api-sports.io/football/teams/131.png,,1,1,1,0,1,1,,,,
688931,Alexandre Vargas Tavares de Jesus,UTC,2021-06-12T22:00:00+00:00,1623535200,1623535200,1623538800,10494.0,Estádio Urbano Caldeira,"Santos, São Paulo",Match Finished,FT,90,71,Serie A,Brazil,https://media.api-sports.io/football/leagues/71.png,https://media.api-sports.io/flags/br.svg,2021,Regular Season - 3,128,Santos,https://media.api-sports.io/football/teams/128.png,,152,Juventude,https://media.api-sports.io/football/teams/152.png,,0,0,0,0,0,0,,,,
688929,Ramon Abatti,UTC,2021-06-13T19:00:00+00:00,1623610800,1623610800,1623614400,,Estadio Jornalista Mário Filho,"Rio de Janeiro, Rio de Janeiro",Match Finished,FT,90,71,Serie A,Brazil,https://media.api-sports.io/football/leagues/71.png,https://media.api-sports.io/flags/br.svg,2021,Regular Season - 3,127,Flamengo,https://media.api-sports.io/football/teams/127.png,True,125,America Mineiro,https://media.api-sports.io/football/teams/125.png,False,2,0,1,0,2,0,,,,
688933,Ricardo Marques Ribeiro,UTC,2021-06-13T19:00:00+00:00,1623610800,1623610800,1623614400,241.0,Arena do Grêmio,"Porto Alegre, Rio Grande do Sul",Match Finished,FT,90,71,Serie A,Brazil,https://media.api-sports.io/football/leagues/71.png,https://media.api-sports.io/flags/br.svg,2021,Regular Season - 3,130,Gremio,https://media.api-sports.io/football/teams/130.png,False,134,Atletico Paranaense,https://media.api-sports.io/football/teams/134.png,True,0,1,0,1,0,1,,,,
688932,Anderson Daronco,UTC,2021-06-13T19:00:00+00:00,1623610800,1623610800,1623614400,234.0,Estádio Governador Magalhães Pinto,"Belo Horizonte, Minas Gerais",Match Finished,FT,90,71,Serie A,Brazil,https://media.api-sports.io/football/leagues/71.png,https://media.api-sports.io/flags/br.svg,2021,Regular Season - 3,1062,Atletico-MG,https://media.api-sports.io/football/teams/1062.png,True,126,Sao Paulo,https://media.api-sports.io/football/teams/126.png,False,1,0,1,0,1,0,,,,
688935,Wagner do Nascimento Magalhaes,UTC,2021-06-13T23:30:00+00:00,1623627000,1623627000,1623630600,11287.0,Estádio Governador Roberto Santos,"Salvador de Bahia, Bahia",Match Finished,FT,90,71,Serie A,Brazil,https://media.api-sports.io/football/leagues/71.png,https://media.api-sports.io/flags/br.svg,2021,Regular Season - 3,118,Bahia,https://media.api-sports.io/football/teams/118.png,False,119,Internacional,https://media.api-sports.io/football/teams/119.png,True,0,1,0,1,0,1,,,,
688937,Vinicius Gonçalves Dias Araujo,UTC,2021-06-13T23:30:00+00:00,1623627000,1623627000,1623630600,227.0,Arena Condá,"Chapecó, Santa Catarina",Match Finished,FT,90,71,Serie A,Brazil,https://media.api-sports.io/football/leagues/71.png,https://media.api-sports.io/flags/br.svg,2021,Regular Season - 3,132,Chapecoense-sc,https://media.api-sports.io/football/teams/132.png,,129,Ceara,https://media.api-sports.io/football/teams/129.png,,0,0,0,0,0,0,,,,
688934,Braulio da Silva Machado,UTC,2021-06-13T23:30:00+00:00,1623627000,1623627000,1623630600,225.0,Estádio Governador Plácido Aderaldo Castelo,"Fortaleza, Ceará",Match Finished,FT,90,71,Serie A,Brazil,https://media.api-sports.io/football/leagues/71.png,https://media.api-sports.io/flags/br.svg,2021,Regular Season - 3,154,Fortaleza EC,https://media.api-sports.io/football/teams/154.png,True,123,Sport Recife,https://media.api-sports.io/football/teams/123.png,False,1,0,0,0,1,0,,,,
688936,Leandro Vuaden,UTC,2021-06-13T23:30:00+00:00,1623627000,1623627000,1623630600,220.0,Estádio Nabi Abi Chedid,"Bragança Paulista, São Paulo",Match Finished,FT,90,71,Serie A,Brazil,https://media.api-sports.io/football/leagues/71.png,https://media.api-sports.io/flags/br.svg,2021,Regular Season - 3,794,RB Bragantino,https://media.api-sports.io/football/teams/794.png,,124,Fluminense,https://media.api-sports.io/football/teams/124.png,,2,2,2,0,2,2,,,,
688943,Luiz Flavio De Oliveira,UTC,2021-06-16T22:00:00+00:00,1623880800,1623880800,1623884400,244.0,Estádio José Pinheiro Borda,"Porto Alegre, Rio Grande do Sul",Match Finished,FT,90,71,Serie A,Brazil,https://media.api-sports.io/football/leagues/71.png,https://media.api-sports.io/flags/br.svg,2021,Regular Season - 4,119,Internacional,https://media.api-sports.io/football/teams/119.png,False,1062,Atletico-MG,https://media.api-sports.io/football/teams/1062.png,True,0,1,0,1,0,1,,,,
688941,Dyorgines José Padovani Andrade,UTC,2021-06-16T22:00:00+00:00,1623880800,1623880800,1623884400,,Estádio Cícero Pompeu de Toledo,"São Paulo, São Paulo",Match Finished,FT,90,71,Serie A,Brazil,https://media.api-sports.io/football/leagues/71.png,https://media.api-sports.io/flags/br.svg,2021,Regular Season - 4,126,Sao Paulo,https://media.api-sports.io/football/teams/126.png,,132,Chapecoense-sc,https://media.api-sports.io/football/teams/132.png,,1,1,1,0,1,1,,,,
688940,Thiago Luis Scarascati,UTC,2021-06-16T23:30:00+00:00,1623886200,1623886200,1623889800,11531.0,Neo Química Arena,"São Paulo, São Paulo",Match Finished,FT,90,71,Serie A,Brazil,https://media.api-sports.io/football/leagues/71.png,https://media.api-sports.io/flags/br.svg,2021,Regular Season - 4,131,Corinthians,https://media.api-sports.io/football/teams/131.png,False,794,RB Bragantino,https://media.api-sports.io/football/teams/794.png,True,1,2,1,0,1,2,,,,
688947,Marielson Alves Silva,UTC,2021-06-17T00:30:00+00:00,1623889800,1623889800,1623893400,248.0,Estádio Alfredo Jaconi,"Caxias do Sul, Rio Grande do Sul",Match Finished,FT,90,71,Serie A,Brazil,https://media.api-sports.io/football/leagues/71.png,https://media.api-sports.io/flags/br.svg,2021,Regular Season - 4,152,Juventude,https://media.api-sports.io/football/teams/152.png,False,121,Palmeiras,https://media.api-sports.io/football/teams/121.png,True,0,3,0,0,0,3,,,,
688942,Antonio Dib Moraes de Sousa,UTC,2021-06-17T19:00:00+00:00,1623956400,1623956400,1623960000,206.0,Estádio Raimundo Sampaio,"Belo Horizonte, Minas Gerais",Match Finished,FT,90,71,Serie A,Brazil,https://media.api-sports.io/football/leagues/71.png,https://media.api-sports.io/flags/br.svg,2021,Regular Season - 4,125,America Mineiro,https://media.api-sports.io/football/teams/125.png,,1193,Cuiaba,https://media.api-sports.io/football/teams/1193.png,,0,0,0,0,0,0,,,,
688944,Marcelo de Lima Henrique,UTC,2021-06-17T19:00:00+00:00,1623956400,1623956400,1623960000,225.0,Estádio Governador Plácido Aderaldo Castelo,"Fortaleza, Ceará",Match Finished,FT,90,71,Serie A,Brazil,https://media.api-sports.io/football/leagues/71.png,https://media.api-sports.io/flags/br.svg,2021,Regular Season - 4,129,Ceara,https://media.api-sports.io/football/teams/129.png,False,118,Bahia,https://media.api-sports.io/football/teams/118.png,True,1,2,1,2,1,2,,,,
688945,Denis Ribeiro Serafim,UTC,2021-06-17T22:00:00+00:00,1623967200,1623967200,1623970800,276.0,Estádio Adelmar da Costa Carvalho,"Recife, Pernambuco",Match Finished,FT,90,71,Serie A,Brazil,https://media.api-sports.io/football/leagues/71.png,https://media.api-sports.io/flags/br.svg,2021,Regular Season - 4,123,Sport Recife,https://media.api-sports.io/football/teams/123.png,True,130,Gremio,https://media.api-sports.io/football/teams/130.png,False,1,0,1,0,1,0,,,,
688939,Paulo Roberto Alves Júnior,UTC,2021-06-17T22:00:00+00:00,1623967200,1623967200,1623970800,,Estadio Jornalista Mário Filho,"Rio de Janeiro, Rio de Janeiro",Match Finished,FT,90,71,Serie A,Brazil,https://media.api-sports.io/football/leagues/71.png,https://media.api-sports.io/flags/br.svg,2021,Regular Season - 4,124,Fluminense,https://media.api-sports.io/football/teams/124.png,True,128,Santos,https://media.api-sports.io/football/teams/128.png,False,1,0,0,0,1,0,,,,
688948,Douglas Schwengber,UTC,2021-06-17T22:00:00+00:00,1623967200,1623967200,1623970800,211.0,Estádio Antônio Accioly,"Goiânia, Goiás",Match Finished,FT,90,71,Serie A,Brazil,https://media.api-sports.io/football/leagues/71.png,https://media.api-sports.io/flags/br.svg,2021,Regular Season - 4,144,Atletico Goianiense,https://media.api-sports.io/football/teams/144.png,,154,Fortaleza EC,https://media.api-sports.io/football/teams/154.png,,0,0,0,0,0,0,,,,
688949,Braulio da Silva Machado,UTC,2021-06-20T00:00:00+00:00,1624147200,1624147200,1624150800,,Estadio Jornalista Mário Filho,"Rio de Janeiro, Rio de Janeiro",Match Finished,FT,90,71,Serie A,Brazil,https://media.api-sports.io/football/leagues/71.png,https://media.api-sports.io/flags/br.svg,2021,Regular Season - 5,127,Flamengo,https://media.api-sports.io/football/teams/127.png,False,794,RB Bragantino,https://media.api-sports.io/football/teams/794.png,True,2,3,1,1,2,3,,,,
688950,Jefferson Ferreira de Moraes,UTC,2021-06-20T14:00:00+00:00,1624197600,1624197600,1624201200,258.0,Allianz Parque,"São Paulo, São Paulo",Match Finished,FT,90,71,Serie A,Brazil,https://media.api-sports.io/football/leagues/71.png,https://media.api-sports.io/flags/br.svg,2021,Regular Season - 5,121,Palmeiras,https://media.api-sports.io/football/teams/121.png,True,125,America Mineiro,https://media.api-sports.io/football/teams/125.png,False,2,1,1,1,2,1,,,,
688955,Bruno Arleu de Araujo,UTC,2021-06-20T19:00:00+00:00,1624215600,1624215600,1624219200,11287.0,Estádio Governador Roberto Santos,"Salvador de Bahia, Bahia",Match Finished,FT,90,71,Serie A,Brazil,https://media.api-sports.io/football/leagues/71.png,https://media.api-sports.io/flags/br.svg,2021,Regular Season - 5,118,Bahia,https://media.api-sports.io/football/teams/118.png,,131,Corinthians,https://media.api-sports.io/football/teams/131.png,,0,0,0,0,0,0,,,,
688953,Diego Pombo Lopez,UTC,2021-06-20T19:00:00+00:00,1624215600,1624215600,1624219200,244.0,Estádio José Pinheiro Borda,"Porto Alegre, Rio Grande do Sul",Match Finished,FT,90,71,Serie A,Brazil,https://media.api-sports.io/football/leagues/71.png,https://media.api-sports.io/flags/br.svg,2021,Regular Season - 5,119,Internacional,https://media.api-sports.io/football/teams/119.png,,129,Ceara,https://media.api-sports.io/football/teams/129.png,,1,1,1,1,1,1,,,,
688951,Savio Pereira,UTC,2021-06-20T21:15:00+00:00,1624223700,1624223700,1624227300,10494.0,Estádio Urbano Caldeira,"Santos, São Paulo",Match Finished,FT,90,71,Serie A,Brazil,https://media.api-sports.io/football/leagues/71.png,https://media.api-sports.io/flags/br.svg,2021,Regular Season - 5,128,Santos,https://media.api-sports.io/football/teams/128.png,True,126,Sao Paulo,https://media.api-sports.io/football/teams/126.png,False,2,0,2,0,2,0,,,,
688956,Felipe Fernandes de Lima,UTC,2021-06-20T21:15:00+00:00,1624223700,1624223700,1624227300,10493.0,Arena da Baixada,"Curitiba, Paraná",Match Finished,FT,90,71,Serie A,Brazil,https://media.api-sports.io/football/leagues/71.png,https://media.api-sports.io/flags/br.svg,2021,Regular Season - 5,134,Atletico Paranaense,https://media.api-sports.io/football/teams/134.png,True,144,Atletico Goianiense,https://media.api-sports.io/football/teams/144.png,False,2,1,1,1,2,1,,,,
688954,Flavio Rodrigues De Souza,UTC,2021-06-20T21:15:00+00:00,1624223700,1624223700,1624227300,225.0,Estádio Governador Plácido Aderaldo Castelo,"Fortaleza, Ceará",Match Finished,FT,90,71,Serie A,Brazil,https://media.api-sports.io/football/leagues/71.png,https://media.api-sports.io/flags/br.svg,2021,Regular Season - 5,154,Fortaleza EC,https://media.api-sports.io/football/teams/154.png,,124,Fluminense,https://media.api-sports.io/football/teams/124.png,,1,1,0,0,1,1,,,,
688957,Edina Alves Batista,UTC,2021-06-20T23:30:00+00:00,1624231800,1624231800,1624235400,248.0,Estádio Alfredo Jaconi,"Caxias do Sul, Rio Grande do Sul",Match Finished,FT,90,71,Serie A,Brazil,https://media.api-sports.io/football/leagues/71.png,https://media.api-sports.io/flags/br.svg,2021,Regular Season - 5,152,Juventude,https://media.api-sports.io/football/teams/152.png,True,123,Sport Recife,https://media.api-sports.io/football/teams/123.png,False,1,0,0,0,1,0,,,,
688952,Rodolpho Toski Marques,UTC,2021-06-21T23:00:00+00:00,1624316400,1624316400,1624320000,234.0,Estádio Governador Magalhães Pinto,"Belo Horizonte, Minas Gerais",Match Finished,FT,90,71,Serie A,Brazil,https://media.api-sports.io/football/leagues/71.png,https://media.api-sports.io/flags/br.svg,2021,Regular Season - 5,1062,Atletico-MG,https://media.api-sports.io/football/teams/1062.png,,132,Chapecoense-sc,https://media.api-sports.io/football/teams/132.png,,1,1,1,0,1,1,,,,
688961,Ricardo Marques Ribeiro,UTC,2021-06-23T22:00:00+00:00,1624485600,1624485600,1624489200,,Estádio Cícero Pompeu de Toledo,"São Paulo, São Paulo",Match Finished,FT,90,71,Serie A,Brazil,https://media.api-sports.io/football/leagues/71.png,https://media.api-sports.io/flags/br.svg,2021,Regular Season - 6,126,Sao Paulo,https://media.api-sports.io/football/teams/126.png,,1193,Cuiaba,https://media.api-sports.io/football/teams/1193.png,,2,2,2,2,2,2,,,,
688959,Anderson Daronco,UTC,2021-06-23T22:00:00+00:00,1624485600,1624485600,1624489200,,Estadio Jornalista Mário Filho,"Rio de Janeiro, Rio de Janeiro",Match Finished,FT,90,71,Serie A,Brazil,https://media.api-sports.io/football/leagues/71.png,https://media.api-sports.io/flags/br.svg,2021,Regular Season - 6,127,Flamengo,https://media.api-sports.io/football/teams/127.png,True,154,Fortaleza EC,https://media.api-sports.io/football/teams/154.png,False,2,1,2,0,2,1,,,,
688968,Paulo Cesar Zanovelli,UTC,2021-06-23T22:00:00+00:00,1624485600,1624485600,1624489200,211.0,Estádio Antônio Accioly,"Goiânia, Goiás",Match Finished,FT,90,71,Serie A,Brazil,https://media.api-sports.io/football/leagues/71.png,https://media.api-sports.io/flags/br.svg,2021,Regular Season - 6,144,Atletico Goianiense,https://media.api-sports.io/football/teams/144.png,True,124,Fluminense,https://media.api-sports.io/football/teams/124.png,False,1,0,0,0,1,0,,,,
688966,Luiz Flavio De Oliveira,UTC,2021-06-23T22:00:00+00:00,1624485600,1624485600,1624489200,220.0,Estádio Nabi Abi Chedid,"Bragança Paulista, São Paulo",Match Finished,FT,90,71,Serie A,Brazil,https://media.api-sports.io/football/leagues/71.png,https://media.api-sports.io/flags/br.svg,2021,Regular Season - 6,794,RB Bragantino,https://media.api-sports.io/football/teams/794.png,True,121,Palmeiras,https://media.api-sports.io/football/teams/121.png,False,3,1,2,0,3,1,,,,
688962,Wagner do Nascimento Magalhaes,UTC,2021-06-24T19:00:00+00:00,1624561200,1624561200,1624564800,206.0,Estádio Raimundo Sampaio,"Belo Horizonte, Minas Gerais",Match Finished,FT,90,71,Serie A,Brazil,https://media.api-sports.io/football/leagues/71.png,https://media.api-sports.io/flags/br.svg,2021,Regular Season - 6,125,America Mineiro,https://media.api-sports.io/football/teams/125.png,,152,Juventude,https://media.api-sports.io/football/teams/152.png,,1,1,0,1,1,1,,,,
688964,Leandro Vuaden,UTC,2021-06-24T22:00:00+00:00,1624572000,1624572000,1624575600,225.0,Estádio Governador Plácido Aderaldo Castelo,"Fortaleza, Ceará",Match Finished,FT,90,71,Serie A,Brazil,https://media.api-sports.io/football/leagues/71.png,https://media.api-sports.io/flags/br.svg,2021,Regular Season - 6,129,Ceara,https://media.api-sports.io/football/teams/129.png,True,1062,Atletico-MG,https://media.api-sports.io/football/teams/1062.png,False,2,1,1,0,2,1,,,,
688960,Paulo Roberto Alves Júnior,UTC,2021-06-24T22:00:00+00:00,1624572000,1624572000,1624575600,11531.0,Neo Química Arena,"São Paulo, São Paulo",Match Finished,FT,90,71,Serie A,Brazil,https://media.api-sports.io/football/leagues/71.png,https://media.api-sports.io/flags/br.svg,2021,Regular Season - 6,131,Corinthians,https://media.api-sports.io/football/teams/131.png,True,123,Sport Recife,https://media.api-sports.io/football/teams/123.png,False,2,1,1,0,2,1,,,,
688967,Alexandre Vargas Tavares de Jesus,UTC,2021-06-24T22:00:00+00:00,1624572000,1624572000,1624575600,227.0,Arena Condá,"Chapecó, Santa Catarina",Match Finished,FT,90,71,Serie A,Brazil,https://media.api-sports.io/football/leagues/71.png,https://media.api-sports.io/flags/br.svg,2021,Regular Season - 6,132,Chapecoense-sc,https://media.api-sports.io/football/teams/132.png,False,119,Internacional,https://media.api-sports.io/football/teams/119.png,True,1,2,0,2,1,2,,,,
688965,Antonio Dib Moraes de Sousa,UTC,2021-06-25T00:30:00+00:00,1624581000,1624581000,1624584600,11287.0,Estádio Governador Roberto Santos,"Salvador de Bahia, Bahia",Match Finished,FT,90,71,Serie A,Brazil,https://media.api-sports.io/football/leagues/71.png,https://media.api-sports.io/flags/br.svg,2021,Regular Season - 6,118,Bahia,https://media.api-sports.io/football/teams/118.png,True,134,Atletico Paranaense,https://media.api-sports.io/football/teams/134.png,False,2,1,1,1,2,1,,,,
688963,Caio Max Augusto Vieira,UTC,2021-06-25T00:30:00+00:00,1624581000,1624581000,1624584600,241.0,Arena do Grêmio,"Porto Alegre, Rio Grande do Sul",Match Finished,FT,90,71,Serie A,Brazil,https://media.api-sports.io/football/leagues/71.png,https://media.api-sports.io/flags/br.svg,2021,Regular Season - 6,130,Gremio,https://media.api-sports.io/football/teams/130.png,,128,Santos,https://media.api-sports.io/football/teams/128.png,,2,2,2,1,2,2,,,,
688977,Thiago Luis Scarascati,UTC,2021-06-27T14:00:00+00:00,1624802400,1624802400,1624806000,248.0,Estádio Alfredo Jaconi,"Caxias do Sul, Rio Grande do Sul",Match Finished,FT,90,71,Serie A,Brazil,https://media.api-sports.io/football/leagues/71.png,https://media.api-sports.io/flags/br.svg,2021,Regular Season - 7,152,Juventude,https://media.api-sports.io/football/teams/152.png,True,127,Flamengo,https://media.api-sports.io/football/teams/127.png,False,1,0,1,0,1,0,,,,
688969,Savio Pereira,UTC,2021-06-27T19:00:00+00:00,1624820400,1624820400,1624824000,279.0,Estádio Club de Regatas Vasco da Gama,"Rio de Janeiro, Rio de Janeiro",Match Finished,FT,90,71,Serie A,Brazil,https://media.api-sports.io/football/leagues/71.png,https://media.api-sports.io/flags/br.svg,2021,Regular Season - 7,124,Fluminense,https://media.api-sports.io/football/teams/124.png,,131,Corinthians,https://media.api-sports.io/football/teams/131.png,,1,1,0,1,1,1,,,,
688970,Denis Ribeiro Serafim,UTC,2021-06-27T23:00:00+00:00,1624834800,1624834800,1624838400,258.0,Allianz Parque,"São Paulo, São Paulo",Match Finished,FT,90,71,Serie A,Brazil,https://media.api-sports.io/football/leagues/71.png,https://media.api-sports.io/flags/br.svg,2021,Regular Season - 7,121,Palmeiras,https://media.api-sports.io/football/teams/121.png,True,118,Bahia,https://media.api-sports.io/football/teams/118.png,False,3,2,1,1,3,2,,,,
688973,Marcelo de Lima Henrique,UTC,2021-06-27T23:00:00+00:00,1624834800,1624834800,1624838400,241.0,Arena do Grêmio,"Porto Alegre, Rio Grande do Sul",Match Finished,FT,90,71,Serie A,Brazil,https://media.api-sports.io/football/leagues/71.png,https://media.api-sports.io/flags/br.svg,2021,Regular Season - 7,130,Gremio,https://media.api-sports.io/football/teams/130.png,,154,Fortaleza EC,https://media.api-sports.io/football/teams/154.png,,0,0,0,0,0,0,,,,
688976,Vinicius Gomes,UTC,2021-06-27T23:00:00+00:00,1624834800,1624834800,1624838400,10493.0,Arena da Baixada,"Curitiba, Paraná",Match Finished,FT,90,71,Serie A,Brazil,https://media.api-sports.io/football/leagues/71.png,https://media.api-sports.io/flags/br.svg,2021,Regular Season - 7,134,Atletico Paranaense,https://media.api-sports.io/football/teams/134.png,,132,Chapecoense-sc,https://media.api-sports.io/football/teams/132.png,,2,2,1,1,2,2,,,,
688975,Marielson Alves Silva,UTC,2021-06-27T23:30:00+00:00,1624836600,1624836600,1624840200,276.0,Estádio Adelmar da Costa Carvalho,"Recife, Pernambuco",Match Finished,FT,90,71,Serie A,Brazil,https://media.api-sports.io/football/leagues/71.png,https://media.api-sports.io/flags/br.svg,2021,Regular Season - 7,123,Sport Recife,https://media.api-sports.io/football/teams/123.png,,1193,Cuiaba,https://media.api-sports.io/football/teams/1193.png,,0,0,0,0,0,0,,,,
688972,Braulio da Silva Machado,UTC,2021-06-27T23:30:00+00:00,1624836600,1624836600,1624840200,206.0,Estádio Raimundo Sampaio,"Belo Horizonte, Minas Gerais",Match Finished,FT,90,71,Serie A,Brazil,https://media.api-sports.io/football/leagues/71.png,https://media.api-sports.io/flags/br.svg,2021,Regular Season - 7,125,America Mineiro,https://media.api-sports.io/football/teams/125.png,,119,Internacional,https://media.api-sports.io/football/teams/119.png,,1,1,1,0,1,1,,,,
688971,Bruno Arleu de Araujo,UTC,2021-06-27T23:30:00+00:00,1624836600,1624836600,1624840200,10494.0,Estádio Urbano Caldeira,"Santos, São Paulo",Match Finished,FT,90,71,Serie A,Brazil,https://media.api-sports.io/football/leagues/71.png,https://media.api-sports.io/flags/br.svg,2021,Regular Season - 7,128,Santos,https://media.api-sports.io/football/teams/128.png,True,1062,Atletico-MG,https://media.api-sports.io/football/teams/1062.png,False,2,0,0,0,2,0,,,,
688974,Felipe Fernandes de Lima,UTC,2021-06-27T23:30:00+00:00,1624836600,1624836600,1624840200,225.0,Estádio Governador Plácido Aderaldo Castelo,"Fortaleza, Ceará",Match Finished,FT,90,71,Serie A,Brazil,https://media.api-sports.io/football/leagues/71.png,https://media.api-sports.io/flags/br.svg,2021,Regular Season - 7,129,Ceara,https://media.api-sports.io/football/teams/129.png,,126,Sao Paulo,https://media.api-sports.io/football/teams/126.png,,1,1,1,0,1,1,,,,
688978,Ramon Abatti,UTC,2021-06-28T23:00:00+00:00,1624921200,1624921200,1624924800,211.0,Estádio Antônio Accioly,"Goiânia, Goiás",Match Finished,FT,90,71,Serie A,Brazil,https://media.api-sports.io/football/leagues/71.png,https://media.api-sports.io/flags/br.svg,2021,Regular Season - 7,144,Atletico Goianiense,https://media.api-sports.io/football/teams/144.png,False,794,RB Bragantino,https://media.api-sports.io/football/teams/794.png,True,0,1,0,0,0,1,,,,
688979,Ricardo Marques Ribeiro,UTC,2021-06-30T19:00:00+00:00,1625079600,1625079600,1625083200,5650.0,Estádio Municipal General Raulino de Oliveira,"Volta Redonda, Rio de Janeiro",Match Finished,FT,90,71,Serie A,Brazil,https://media.api-sports.io/football/leagues/71.png,https://media.api-sports.io/flags/br.svg,2021,Regular Season - 8,124,Fluminense,https://media.api-sports.io/football/teams/124.png,False,134,Atletico Paranaense,https://media.api-sports.io/football/teams/134.png,True,1,4,1,1,1,4,,,,
688984,Antonio Dib Moraes de Sousa,UTC,2021-06-30T19:00:00+00:00,1625079600,1625079600,1625083200,225.0,Estádio Governador Plácido Aderaldo Castelo,"Fortaleza, Ceará",Match Finished,FT,90,71,Serie A,Brazil,https://media.api-sports.io/football/leagues/71.png,https://media.api-sports.io/flags/br.svg,2021,Regular Season - 8,154,Fortaleza EC,https://media.api-sports.io/football/teams/154.png,True,132,Chapecoense-sc,https://media.api-sports.io/football/teams/132.png,False,3,2,0,1,3,2,,,,
688985,Leo Simão,UTC,2021-06-30T22:00:00+00:00,1625090400,1625090400,1625094000,11287.0,Estádio Governador Roberto Santos,"Salvador de Bahia, Bahia",Match Finished,FT,90,71,Serie A,Brazil,https://media.api-sports.io/football/leagues/71.png,https://media.api-sports.io/flags/br.svg,2021,Regular Season - 8,118,Bahia,https://media.api-sports.io/football/teams/118.png,False,125,America Mineiro,https://media.api-sports.io/football/teams/125.png,True,3,4,1,2,3,4,,,,
688983,Paulo Roberto Alves Júnior,UTC,2021-06-30T22:00:00+00:00,1625090400,1625090400,1625094000,244.0,Estádio José Pinheiro Borda,"Porto Alegre, Rio Grande do Sul",Match Finished,FT,90,71,Serie A,Brazil,https://media.api-sports.io/football/leagues/71.png,https://media.api-sports.io/flags/br.svg,2021,Regular Season - 8,119,Internacional,https://media.api-sports.io/football/teams/119.png,False,121,Palmeiras,https://media.api-sports.io/football/teams/121.png,True,1,2,0,1,1,2,,,,
688981,Douglas Schwengber,UTC,2021-06-30T23:30:00+00:00,1625095800,1625095800,1625099400,10494.0,Estádio Urbano Caldeira,"Santos, São Paulo",Match Finished,FT,90,71,Serie A,Brazil,https://media.api-sports.io/football/leagues/71.png,https://media.api-sports.io/flags/br.svg,2021,Regular Season - 8,128,Santos,https://media.api-sports.io/football/teams/128.png,,123,Sport Recife,https://media.api-sports.io/football/teams/123.png,,0,0,0,0,0,0,,,,
688980,Leandro Vuaden,UTC,2021-07-01T00:30:00+00:00,1625099400,1625099400,1625103000,11531.0,Neo Química Arena,"São Paulo, São Paulo",Match Finished,FT,90,71,Serie A,Brazil,https://media.api-sports.io/football/leagues/71.png,https://media.api-sports.io/flags/br.svg,2021,Regular Season - 8,131,Corinthians,https://media.api-sports.io/football/teams/131.png,,126,Sao Paulo,https://media.api-sports.io/football/teams/126.png,,0,0,0,0,0,0,,,,
688987,Vinicius Gonçalves Dias Araujo,UTC,2021-07-01T00:30:00+00:00,1625099400,1625099400,1625103000,248.0,Estádio Alfredo Jaconi,"Caxias do Sul, Rio Grande do Sul",Match Finished,FT,90,71,Serie A,Brazil,https://media.api-sports.io/football/leagues/71.png,https://media.api-sports.io/flags/br.svg,2021,Regular Season - 8,152,Juventude,https://media.api-sports.io/football/teams/152.png,True,130,Gremio,https://media.api-sports.io/football/teams/130.png,False,2,0,1,0,2,0,,,,
688986,Wagner do Nascimento Magalhaes,UTC,2021-07-01T19:00:00+00:00,1625166000,1625166000,1625169600,220.0,Estádio Nabi Abi Chedid,"Bragança Paulista, São Paulo",Match Finished,FT,90,71,Serie A,Brazil,https://media.api-sports.io/football/leagues/71.png,https://media.api-sports.io/flags/br.svg,2021,Regular Season - 8,794,RB Bragantino,https://media.api-sports.io/football/teams/794.png,,129,Ceara,https://media.api-sports.io/football/teams/129.png,,0,0,0,0,0,0,,,,
688982,Flavio Rodrigues De Souza,UTC,2021-07-01T22:00:00+00:00,1625176800,1625176800,1625180400,234.0,Estádio Governador Magalhães Pinto,"Belo Horizonte, Minas Gerais",Match Finished,FT,90,71,Serie A,Brazil,https://media.api-sports.io/football/leagues/71.png,https://media.api-sports.io/flags/br.svg,2021,Regular Season - 8,1062,Atletico-MG,https://media.api-sports.io/football/teams/1062.png,True,144,Atletico Goianiense,https://media.api-sports.io/football/teams/144.png,False,4,1,3,1,4,1,,,,
688988,Rodolpho Toski Marques,UTC,2021-07-01T23:00:00+00:00,1625180400,1625180400,1625184000,235.0,Arena Pantanal,"Cuiabá, Mato Grosso",Match Finished,FT,90,71,Serie A,Brazil,https://media.api-sports.io/football/leagues/71.png,https://media.api-sports.io/flags/br.svg,2021,Regular Season - 8,1193,Cuiaba,https://media.api-sports.io/football/teams/1193.png,False,127,Flamengo,https://media.api-sports.io/football/teams/127.png,True,0,2,0,1,0,2,,,,
688992,Denis Ribeiro Serafim,UTC,2021-07-03T22:00:00+00:00,1625349600,1625349600,1625353200,206.0,Estádio Raimundo Sampaio,"Belo Horizonte, Minas Gerais",Match Finished,FT,90,71,Serie A,Brazil,https://media.api-sports.io/football/leagues/71.png,https://media.api-sports.io/flags/br.svg,2021,Regular Season - 9,125,America Mineiro,https://media.api-sports.io/football/teams/125.png,True,128,Santos,https://media.api-sports.io/football/teams/128.png,False,2,0,0,0,2,0,,,,
688996,Paulo Cesar Zanovelli,UTC,2021-07-03T22:00:00+00:00,1625349600,1625349600,1625353200,10493.0,Arena da Baixada,"Curitiba, Paraná",Match Finished,FT,90,71,Serie A,Brazil,https://media.api-sports.io/football/leagues/71.png,https://media.api-sports.io/flags/br.svg,2021,Regular Season - 9,134,Atletico Paranaense,https://media.api-sports.io/football/teams/134.png,True,154,Fortaleza EC,https://media.api-sports.io/football/teams/154.png,False,2,1,2,0,2,1,,,,
688990,Marcelo de Lima Henrique,UTC,2021-07-04T00:00:00+00:00,1625356800,1625356800,1625360400,11531.0,Neo Química Arena,"São Paulo, São Paulo",Match Finished,FT,90,71,Serie A,Brazil,https://media.api-sports.io/football/leagues/71.png,https://media.api-sports.io/flags/br.svg,2021,Regular Season - 9,131,Corinthians,https://media.api-sports.io/football/teams/131.png,,119,Internacional,https://media.api-sports.io/football/teams/119.png,,1,1,0,1,1,1,,,,
688997,Edina Alves Batista,UTC,2021-07-04T14:00:00+00:00,1625407200,1625407200,1625410800,227.0,Arena Condá,"Chapecó, Santa Catarina",Match Finished,FT,90,71,Serie A,Brazil,https://media.api-sports.io/football/leagues/71.png,https://media.api-sports.io/flags/br.svg,2021,Regular Season - 9,132,Chapecoense-sc,https://media.api-sports.io/football/teams/132.png,False,118,Bahia,https://media.api-sports.io/football/teams/118.png,True,0,2,0,0,0,2,,,,
688995,Caio Max Augusto Vieira,UTC,2021-07-04T19:00:00+00:00,1625425200,1625425200,1625428800,276.0,Estádio Adelmar da Costa Carvalho,"Recife, Pernambuco",Match Finished,FT,90,71,Serie A,Brazil,https://media.api-sports.io/football/leagues/71.png,https://media.api-sports.io/flags/br.svg,2021,Regular Season - 9,123,Sport Recife,https://media.api-sports.io/football/teams/123.png,False,121,Palmeiras,https://media.api-sports.io/football/teams/121.png,True,0,1,0,1,0,1,,,,
688989,Luiz Flavio De Oliveira,UTC,2021-07-04T19:00:00+00:00,1625425200,1625425200,1625428800,11531.0,Neo Química Arena,"São Paulo, São Paulo",Match Finished,FT,90,71,Serie A,Brazil,https://media.api-sports.io/football/leagues/71.png,https://media.api-sports.io/flags/br.svg,2021,Regular Season - 9,127,Flamengo,https://media.api-sports.io/football/teams/127.png,False,124,Fluminense,https://media.api-sports.io/football/teams/124.png,True,0,1,0,0,0,1,,,,
688991,Anderson Daronco,UTC,2021-07-04T21:15:00+00:00,1625433300,1625433300,1625436900,,Estádio Cícero Pompeu de Toledo,"São Paulo, São Paulo",Match Finished,FT,90,71,Serie A,Brazil,https://media.api-sports.io/football/leagues/71.png,https://media.api-sports.io/flags/br.svg,2021,Regular Season - 9,126,Sao Paulo,https://media.api-sports.io/football/teams/126.png,False,794,RB Bragantino,https://media.api-sports.io/football/teams/794.png,True,1,2,1,0,1,2,,,,
688994,Alisson Furtado,UTC,2021-07-04T21:15:00+00:00,1625433300,1625433300,1625436900,225.0,Estádio Governador Plácido Aderaldo Castelo,"Fortaleza, Ceará",Match Finished,FT,90,71,Serie A,Brazil,https://media.api-sports.io/football/leagues/71.png,https://media.api-sports.io/flags/br.svg,2021,Regular Season - 9,129,Ceara,https://media.api-sports.io/football/teams/129.png,True,152,Juventude,https://media.api-sports.io/football/teams/152.png,False,2,0,0,0,2,0,,,,
688998,Savio Pereira,UTC,2021-07-04T21:15:00+00:00,1625433300,1625433300,1625436900,235.0,Arena Pantanal,"Cuiabá, Mato Grosso",Match Finished,FT,90,71,Serie A,Brazil,https://media.api-sports.io/football/leagues/71.png,https://media.api-sports.io/flags/br.svg,2021,Regular Season - 9,1193,Cuiaba,https://media.api-sports.io/football/teams/1193.png,False,1062,Atletico-MG,https://media.api-sports.io/football/teams/1062.png,True,0,1,0,1,0,1,,,,
688993,Marielson Alves Silva,UTC,2021-07-04T23:30:00+00:00,1625441400,1625441400,1625445000,241.0,Arena do Grêmio,"Porto Alegre, Rio Grande do Sul",Match Finished,FT,90,71,Serie A,Brazil,https://media.api-sports.io/football/leagues/71.png,https://media.api-sports.io/flags/br.svg,2021,Regular Season - 9,130,Gremio,https://media.api-sports.io/football/teams/130.png,False,144,Atletico Goianiense,https://media.api-sports.io/football/teams/144.png,True,0,1,0,0,0,1,,,,
689001,Vinicius Gomes,UTC,2021-07-06T22:30:00+00:00,1625610600,1625610600,1625614200,10494.0,Estádio Urbano Caldeira,"Santos, São Paulo",Match Finished,FT,90,71,Serie A,Brazil,https://media.api-sports.io/football/leagues/71.png,https://media.api-sports.io/flags/br.svg,2021,Regular Season - 10,128,Santos,https://media.api-sports.io/football/teams/128.png,True,134,Atletico Paranaense,https://media.api-sports.io/football/teams/134.png,False,2,1,1,1,2,1,,,,
689005,Douglas Marques das Flores,UTC,2021-07-07T21:00:00+00:00,1625691600,1625691600,1625695200,11287.0,Estádio Governador Roberto Santos,"Salvador de Bahia, Bahia",Match Finished,FT,90,71,Serie A,Brazil,https://media.api-sports.io/football/leagues/71.png,https://media.api-sports.io/flags/br.svg,2021,Regular Season - 10,118,Bahia,https://media.api-sports.io/football/teams/118.png,True,152,Juventude,https://media.api-sports.io/football/teams/152.png,False,1,0,0,0,1,0,,,,
689004,Thiago Luis Scarascati,UTC,2021-07-07T21:00:00+00:00,1625691600,1625691600,1625695200,225.0,Estádio Governador Plácido Aderaldo Castelo,"Fortaleza, Ceará",Match Finished,FT,90,71,Serie A,Brazil,https://media.api-sports.io/football/leagues/71.png,https://media.api-sports.io/flags/br.svg,2021,Regular Season - 10,154,Fortaleza EC,https://media.api-sports.io/football/teams/154.png,True,125,America Mineiro,https://media.api-sports.io/football/teams/125.png,False,4,0,1,0,4,0,,,,
689006,Douglas Schwengber,UTC,2021-07-07T21:00:00+00:00,1625691600,1625691600,1625695200,220.0,Estádio Nabi Abi Chedid,"Bragança Paulista, São Paulo",Match Finished,FT,90,71,Serie A,Brazil,https://media.api-sports.io/football/leagues/71.png,https://media.api-sports.io/flags/br.svg,2021,Regular Season - 10,794,RB Bragantino,https://media.api-sports.io/football/teams/794.png,,1193,Cuiaba,https://media.api-sports.io/football/teams/1193.png,,1,1,1,0,1,1,,,,
689000,Felipe Fernandes de Lima,UTC,2021-07-07T22:00:00+00:00,1625695200,1625695200,1625698800,258.0,Allianz Parque,"São Paulo, São Paulo",Match Finished,FT,90,71,Serie A,Brazil,https://media.api-sports.io/football/leagues/71.png,https://media.api-sports.io/flags/br.svg,2021,Regular Season - 10,121,Palmeiras,https://media.api-sports.io/football/teams/121.png,True,130,Gremio,https://media.api-sports.io/football/teams/130.png,False,2,0,2,0,2,0,,,,
689002,Paulo Roberto Alves Júnior,UTC,2021-07-07T22:00:00+00:00,1625695200,1625695200,1625698800,234.0,Estádio Governador Magalhães Pinto,"Belo Horizonte, Minas Gerais",Match Finished,FT,90,71,Serie A,Brazil,https://media.api-sports.io/football/leagues/71.png,https://media.api-sports.io/flags/br.svg,2021,Regular Season - 10,1062,Atletico-MG,https://media.api-sports.io/football/teams/1062.png,True,127,Flamengo,https://media.api-sports.io/football/teams/127.png,False,2,1,0,0,2,1,,,,
689008,Leo Simão,UTC,2021-07-07T22:15:00+00:00,1625696100,1625696100,1625699700,211.0,Estádio Antônio Accioly,"Goiânia, Goiás",Match Finished,FT,90,71,Serie A,Brazil,https://media.api-sports.io/football/leagues/71.png,https://media.api-sports.io/flags/br.svg,2021,Regular Season - 10,144,Atletico Goianiense,https://media.api-sports.io/football/teams/144.png,,123,Sport Recife,https://media.api-sports.io/football/teams/123.png,,1,1,0,0,1,1,,,,
689003,Bruno Arleu de Araujo,UTC,2021-07-08T00:30:00+00:00,1625704200,1625704200,1625707800,244.0,Estádio José Pinheiro Borda,"Porto Alegre, Rio Grande do Sul",Match Finished,FT,90,71,Serie A,Brazil,https://media.api-sports.io/football/leagues/71.png,https://media.api-sports.io/flags/br.svg,2021,Regular Season - 10,119,Internacional,https://media.api-sports.io/football/teams/119.png,False,126,Sao Paulo,https://media.api-sports.io/football/teams/126.png,True,0,2,0,1,0,2,,,,
688999,Ramon Abatti,UTC,2021-07-08T00:30:00+00:00,1625704200,1625704200,1625707800,279.0,Estádio Club de Regatas Vasco da Gama,"Rio de Janeiro, Rio de Janeiro",Match Finished,FT,90,71,Serie A,Brazil,https://media.api-sports.io/football/leagues/71.png,https://media.api-sports.io/flags/br.svg,2021,Regular Season - 10,124,Fluminense,https://media.api-sports.io/football/teams/124.png,,129,Ceara,https://media.api-sports.io/football/teams/129.png,,0,0,0,0,0,0,,,,
689007,Ricardo Marques Ribeiro,UTC,2021-07-09T00:00:00+00:00,1625788800,1625788800,1625792400,227.0,Arena Condá,"Chapecó, Santa Catarina",Match Finished,FT,90,71,Serie A,Brazil,https://media.api-sports.io/football/leagues/71.png,https://media.api-sports.io/flags/br.svg,2021,Regular Season - 10,132,Chapecoense-sc,https://media.api-sports.io/football/teams/132.png,False,131,Corinthians,https://media.api-sports.io/football/teams/131.png,True,0,1,0,0,0,1,,,,
689010,Braulio da Silva Machado,UTC,2021-07-10T19:30:00+00:00,1625945400,1625945400,1625949000,258.0,Allianz Parque,"São Paulo, São Paulo",Match Finished,FT,90,71,Serie A,Brazil,https://media.api-sports.io/football/leagues/71.png,https://media.api-sports.io/flags/br.svg,2021,Regular Season - 11,121,Palmeiras,https://media.api-sports.io/football/teams/121.png,True,128,Santos,https://media.api-sports.io/football/teams/128.png,False,3,2,2,0,3,2,,,,
689013,Flavio Rodrigues De Souza,UTC,2021-07-10T19:30:00+00:00,1625945400,1625945400,1625949000,241.0,Arena do Grêmio,"Porto Alegre, Rio Grande do Sul",Match Finished,FT,90,71,Serie A,Brazil,https://media.api-sports.io/football/leagues/71.png,https://media.api-sports.io/flags/br.svg,2021,Regular Season - 11,130,Gremio,https://media.api-sports.io/football/teams/130.png,,119,Internacional,https://media.api-sports.io/football/teams/119.png,,0,0,0,0,0,0,,,,
689016,Leandro Vuaden,UTC,2021-07-10T20:30:00+00:00,1625949000,1625949000,1625952600,10493.0,Arena da Baixada,"Curitiba, Paraná",Match Finished,FT,90,71,Serie A,Brazil,https://media.api-sports.io/football/leagues/71.png,https://media.api-sports.io/flags/br.svg,2021,Regular Season - 11,134,Atletico Paranaense,https://media.api-sports.io/football/teams/134.png,,794,RB Bragantino,https://media.api-sports.io/football/teams/794.png,,2,2,1,1,2,2,,,,
689015,Antonio Dib Moraes de Sousa,UTC,2021-07-10T22:00:00+00:00,1625954400,1625954400,1625958000,276.0,Estádio Adelmar da Costa Carvalho,"Recife, Pernambuco",Match Finished,FT,90,71,Serie A,Brazil,https://media.api-sports.io/football/leagues/71.png,https://media.api-sports.io/flags/br.svg,2021,Regular Season - 11,123,Sport Recife,https://media.api-sports.io/football/teams/123.png,False,124,Fluminense,https://media.api-sports.io/football/teams/124.png,True,1,2,1,0,1,2,,,,
689012,Anderson Daronco,UTC,2021-07-10T22:00:00+00:00,1625954400,1625954400,1625958000,206.0,Estádio Raimundo Sampaio,"Belo Horizonte, Minas Gerais",Match Finished,FT,90,71,Serie A,Brazil,https://media.api-sports.io/football/leagues/71.png,https://media.api-sports.io/flags/br.svg,2021,Regular Season - 11,125,America Mineiro,https://media.api-sports.io/football/teams/125.png,False,1062,Atletico-MG,https://media.api-sports.io/football/teams/1062.png,True,0,1,0,0,0,1,,,,
689011,Marcelo de Lima Henrique,UTC,2021-07-10T22:00:00+00:00,1625954400,1625954400,1625958000,,Estádio Cícero Pompeu de Toledo,"São Paulo, São Paulo",Match Finished,FT,90,71,Serie A,Brazil,https://media.api-sports.io/football/leagues/71.png,https://media.api-sports.io/flags/br.svg,2021,Regular Season - 11,126,Sao Paulo,https://media.api-sports.io/football/teams/126.png,True,118,Bahia,https://media.api-sports.io/football/teams/118.png,False,1,0,0,0,1,0,,,,
689017,Wagner do Nascimento Magalhaes,UTC,2021-07-11T14:00:00+00:00,1626012000,1626012000,1626015600,248.0,Estádio Alfredo Jaconi,"Caxias do Sul, Rio Grande do Sul",Match Finished,FT,90,71,Serie A,Brazil,https://media.api-sports.io/football/leagues/71.png,https://media.api-sports.io/flags/br.svg,2021,Regular Season - 11,152,Juventude,https://media.api-sports.io/football/teams/152.png,,144,Atletico Goianiense,https://media.api-sports.io/football/teams/144.png,,1,1,0,0,1,1,,,,
689009,Paulo Cesar Zanovelli,UTC,2021-07-11T21:15:00+00:00,1626038100,1626038100,1626041700,,Estadio Jornalista Mário Filho,"Rio de Janeiro, Rio de Janeiro",Match Finished,FT,90,71,Serie A,Brazil,https://media.api-sports.io/football/leagues/71.png,https://media.api-sports.io/flags/br.svg,2021,Regular Season - 11,127,Flamengo,https://media.api-sports.io/football/teams/127.png,True,132,Chapecoense-sc,https://media.api-sports.io/football/teams/132.png,False,2,1,0,0,2,1,,,,
689018,Edina Alves Batista,UTC,2021-07-11T21:15:00+00:00,1626038100,1626038100,1626041700,235.0,Arena Pantanal,"Cuiabá, Mato Grosso",Match Finished,FT,90,71,Serie A,Brazil,https://media.api-sports.io/football/leagues/71.png,https://media.api-sports.io/flags/br.svg,2021,Regular Season - 11,1193,Cuiaba,https://media.api-sports.io/football/teams/1193.png,,129,Ceara,https://media.api-sports.io/football/teams/129.png,,2,2,1,0,2,2,,,,
689014,Caio Max Augusto Vieira,UTC,2021-07-11T23:30:00+00:00,1626046200,1626046200,1626049800,237.0,Estádio Municipal Presidente Getúlio Vargas,"Fortaleza, Ceará",Match Finished,FT,90,71,Serie A,Brazil,https://media.api-sports.io/football/leagues/71.png,https://media.api-sports.io/flags/br.svg,2021,Regular Season - 11,154,Fortaleza EC,https://media.api-sports.io/football/teams/154.png,True,131,Corinthians,https://media.api-sports.io/football/teams/131.png,False,1,0,1,0,1,0,,,,
689021,Savio Pereira,UTC,2021-07-17T20:00:00+00:00,1626552000,1626552000,1626555600,,Estádio Cícero Pompeu de Toledo,"São Paulo, São Paulo",Match Finished,FT,90,71,Serie A,Brazil,https://media.api-sports.io/football/leagues/71.png,https://media.api-sports.io/flags/br.svg,2021,Regular Season - 12,126,Sao Paulo,https://media.api-sports.io/football/teams/126.png,False,154,Fortaleza EC,https://media.api-sports.io/football/teams/154.png,True,0,1,0,0,0,1,,,,
689024,Marielson Alves Silva,UTC,2021-07-17T20:00:00+00:00,1626552000,1626552000,1626555600,225.0,Estádio Governador Plácido Aderaldo Castelo,"Fortaleza, Ceará",Match Finished,FT,90,71,Serie A,Brazil,https://media.api-sports.io/football/leagues/71.png,https://media.api-sports.io/flags/br.svg,2021,Regular Season - 12,129,Ceara,https://media.api-sports.io/football/teams/129.png,True,134,Atletico Paranaense,https://media.api-sports.io/football/teams/134.png,False,1,0,0,0,1,0,,,,
689020,Jean Pierre Goncalves Lima,UTC,2021-07-17T22:00:00+00:00,1626559200,1626559200,1626562800,11531.0,Neo Química Arena,"São Paulo, São Paulo",Match Finished,FT,90,71,Serie A,Brazil,https://media.api-sports.io/football/leagues/71.png,https://media.api-sports.io/flags/br.svg,2021,Regular Season - 12,131,Corinthians,https://media.api-sports.io/football/teams/131.png,False,1062,Atletico-MG,https://media.api-sports.io/football/teams/1062.png,True,1,2,1,0,1,2,,,,
689019,Paulo Roberto Alves Júnior,UTC,2021-07-18T00:00:00+00:00,1626566400,1626566400,1626570000,,Estadio Jornalista Mário Filho,"Rio de Janeiro, Rio de Janeiro",Match Finished,FT,90,71,Serie A,Brazil,https://media.api-sports.io/football/leagues/71.png,https://media.api-sports.io/flags/br.svg,2021,Regular Season - 12,124,Fluminense,https://media.api-sports.io/football/teams/124.png,False,130,Gremio,https://media.api-sports.io/football/teams/130.png,True,0,1,0,0,0,1,,,,
689027,Jefferson Ferreira de Moraes,UTC,2021-07-18T14:00:00+00:00,1626616800,1626616800,1626620400,227.0,Arena Condá,"Chapecó, Santa Catarina",Match Finished,FT,90,71,Serie A,Brazil,https://media.api-sports.io/football/leagues/71.png,https://media.api-sports.io/flags/br.svg,2021,Regular Season - 12,132,Chapecoense-sc,https://media.api-sports.io/football/teams/132.png,False,1193,Cuiaba,https://media.api-sports.io/football/teams/1193.png,True,2,3,2,2,2,3,,,,
689028,Denis Ribeiro Serafim,UTC,2021-07-18T19:00:00+00:00,1626634800,1626634800,1626638400,,Estádio do Governo do Estado de Goiás,"Goiânia, Goiás",Match Finished,FT,90,71,Serie A,Brazil,https://media.api-sports.io/football/leagues/71.png,https://media.api-sports.io/flags/br.svg,2021,Regular Season - 12,144,Atletico Goianiense,https://media.api-sports.io/football/teams/144.png,False,121,Palmeiras,https://media.api-sports.io/football/teams/121.png,True,0,3,0,0,0,3,,,,
689025,Wilton Pereira Sampaio,UTC,2021-07-18T21:15:00+00:00,1626642900,1626642900,1626646500,216.0,Arena Fonte Nova,"Salvador, Bahia",Match Finished,FT,90,71,Serie A,Brazil,https://media.api-sports.io/football/leagues/71.png,https://media.api-sports.io/flags/br.svg,2021,Regular Season - 12,118,Bahia,https://media.api-sports.io/football/teams/118.png,False,127,Flamengo,https://media.api-sports.io/football/teams/127.png,True,0,5,0,2,0,5,,,,
689023,Rodolpho Toski Marques,UTC,2021-07-18T23:30:00+00:00,1626651000,1626651000,1626654600,244.0,Estádio José Pinheiro Borda,"Porto Alegre, Rio Grande do Sul",Match Finished,FT,90,71,Serie A,Brazil,https://media.api-sports.io/football/leagues/71.png,https://media.api-sports.io/flags/br.svg,2021,Regular Season - 12,119,Internacional,https://media.api-sports.io/football/teams/119.png,True,152,Juventude,https://media.api-sports.io/football/teams/152.png,False,1,0,0,0,1,0,,,,
689026,Luiz Flavio De Oliveira,UTC,2021-07-18T23:30:00+00:00,1626651000,1626651000,1626654600,220.0,Estádio Nabi Abi Chedid,"Bragança Paulista, São Paulo",Match Finished,FT,90,71,Serie A,Brazil,https://media.api-sports.io/football/leagues/71.png,https://media.api-sports.io/flags/br.svg,2021,Regular Season - 12,794,RB Bragantino,https://media.api-sports.io/football/teams/794.png,,128,Santos,https://media.api-sports.io/football/teams/128.png,,2,2,1,0,2,2,,,,
689022,Vinicius Gomes,UTC,2021-07-19T23:00:00+00:00,1626735600,1626735600,1626739200,206.0,Estádio Raimundo Sampaio,"Belo Horizonte, Minas Gerais",Match Finished,FT,90,71,Serie A,Brazil,https://media.api-sports.io/football/leagues/71.png,https://media.api-sports.io/flags/br.svg,2021,Regular Season - 12,125,America Mineiro,https://media.api-sports.io/football/teams/125.png,False,123,Sport Recife,https://media.api-sports.io/football/teams/123.png,True,0,1,0,0,0,1,,,,
688938,Dyorgines José Padovani Andrade,UTC,2021-07-21T22:00:00+00:00,1626904800,1626904800,1626908400,235.0,Arena Pantanal,"Cuiabá, Mato Grosso",Match Finished,FT,90,71,Serie A,Brazil,https://media.api-sports.io/football/leagues/71.png,https://media.api-sports.io/flags/br.svg,2021,Regular Season - 3,1193,Cuiaba,https://media.api-sports.io/football/teams/1193.png,True,144,Atletico Goianiense,https://media.api-sports.io/football/teams/144.png,False,2,1,1,0,2,1,,,,
689033,Alisson Furtado,UTC,2021-07-24T20:00:00+00:00,1627156800,1627156800,1627160400,241.0,Arena do Grêmio,"Porto Alegre, Rio Grande do Sul",Match Finished,FT,90,71,Serie A,Brazil,https://media.api-sports.io/football/leagues/71.png,https://media.api-sports.io/flags/br.svg,2021,Regular Season - 13,130,Gremio,https://media.api-sports.io/football/teams/130.png,,125,America Mineiro,https://media.api-sports.io/football/teams/125.png,,1,1,1,1,1,1,,,,
689030,Savio Pereira,UTC,2021-07-24T22:00:00+00:00,1627164000,1627164000,1627167600,258.0,Allianz Parque,"São Paulo, São Paulo",Match Finished,FT,90,71,Serie A,Brazil,https://media.api-sports.io/football/leagues/71.png,https://media.api-sports.io/flags/br.svg,2021,Regular Season - 13,121,Palmeiras,https://media.api-sports.io/football/teams/121.png,True,124,Fluminense,https://media.api-sports.io/football/teams/124.png,False,1,0,0,0,1,0,,,,
689032,Antonio Dib Moraes de Sousa,UTC,2021-07-25T14:00:00+00:00,1627221600,1627221600,1627225200,234.0,Estádio Governador Magalhães Pinto,"Belo Horizonte, Minas Gerais",Match Finished,FT,90,71,Serie A,Brazil,https://media.api-sports.io/football/leagues/71.png,https://media.api-sports.io/flags/br.svg,2021,Regular Season - 13,1062,Atletico-MG,https://media.api-sports.io/football/teams/1062.png,True,118,Bahia,https://media.api-sports.io/football/teams/118.png,False,3,0,0,0,3,0,,,,
689029,Felipe Fernandes de Lima,UTC,2021-07-25T19:00:00+00:00,1627239600,1627239600,1627243200,,Estadio Jornalista Mário Filho,"Rio de Janeiro, Rio de Janeiro",Match Finished,FT,90,71,Serie A,Brazil,https://media.api-sports.io/football/leagues/71.png,https://media.api-sports.io/flags/br.svg,2021,Regular Season - 13,127,Flamengo,https://media.api-sports.io/football/teams/127.png,True,126,Sao Paulo,https://media.api-sports.io/football/teams/126.png,False,5,1,0,0,5,1,,,,
689034,Bruno Arleu de Araujo,UTC,2021-07-25T19:00:00+00:00,1627239600,1627239600,1627243200,225.0,Estádio Governador Plácido Aderaldo Castelo,"Fortaleza, Ceará",Match Finished,FT,90,71,Serie A,Brazil,https://media.api-sports.io/football/leagues/71.png,https://media.api-sports.io/flags/br.svg,2021,Regular Season - 13,154,Fortaleza EC,https://media.api-sports.io/football/teams/154.png,True,794,RB Bragantino,https://media.api-sports.io/football/teams/794.png,False,1,0,1,0,1,0,,,,
689031,Leandro Vuaden,UTC,2021-07-25T21:15:00+00:00,1627247700,1627247700,1627251300,10494.0,Estádio Urbano Caldeira,"Santos, São Paulo",Match Finished,FT,90,71,Serie A,Brazil,https://media.api-sports.io/football/leagues/71.png,https://media.api-sports.io/flags/br.svg,2021,Regular Season - 13,128,Santos,https://media.api-sports.io/football/teams/128.png,False,144,Atletico Goianiense,https://media.api-sports.io/football/teams/144.png,True,0,1,0,1,0,1,,,,
689036,Thiago Luis Scarascati,UTC,2021-07-25T21:15:00+00:00,1627247700,1627247700,1627251300,10493.0,Arena da Baixada,"Curitiba, Paraná",Match Finished,FT,90,71,Serie A,Brazil,https://media.api-sports.io/football/leagues/71.png,https://media.api-sports.io/flags/br.svg,2021,Regular Season - 13,134,Atletico Paranaense,https://media.api-sports.io/football/teams/134.png,True,119,Internacional,https://media.api-sports.io/football/teams/119.png,False,2,1,2,0,2,1,,,,
689035,Vinicius Gonçalves Dias Araujo,UTC,2021-07-25T23:30:00+00:00,1627255800,1627255800,1627259400,276.0,Estádio Adelmar da Costa Carvalho,"Recife, Pernambuco",Match Finished,FT,90,71,Serie A,Brazil,https://media.api-sports.io/football/leagues/71.png,https://media.api-sports.io/flags/br.svg,2021,Regular Season - 13,123,Sport Recife,https://media.api-sports.io/football/teams/123.png,,129,Ceara,https://media.api-sports.io/football/teams/129.png,,0,0,0,0,0,0,,,,
689037,Leo Simão,UTC,2021-07-26T21:00:00+00:00,1627333200,1627333200,1627336800,248.0,Estádio Alfredo Jaconi,"Caxias do Sul, Rio Grande do Sul",Match Finished,FT,90,71,Serie A,Brazil,https://media.api-sports.io/football/leagues/71.png,https://media.api-sports.io/flags/br.svg,2021,Regular Season - 13,152,Juventude,https://media.api-sports.io/football/teams/152.png,True,132,Chapecoense-sc,https://media.api-sports.io/football/teams/132.png,False,1,0,1,0,1,0,,,,
689038,Ramon Abatti,UTC,2021-07-26T23:00:00+00:00,1627340400,1627340400,1627344000,235.0,Arena Pantanal,"Cuiabá, Mato Grosso",Match Finished,FT,90,71,Serie A,Brazil,https://media.api-sports.io/football/leagues/71.png,https://media.api-sports.io/flags/br.svg,2021,Regular Season - 13,1193,Cuiaba,https://media.api-sports.io/football/teams/1193.png,False,131,Corinthians,https://media.api-sports.io/football/teams/131.png,True,1,2,0,2,1,2,,,,
689041,Luiz Flavio De Oliveira,UTC,2021-07-31T22:00:00+00:00,1627768800,1627768800,1627772400,,Estádio Cícero Pompeu de Toledo,"São Paulo, São Paulo",Match Finished,FT,90,71,Serie A,Brazil,https://media.api-sports.io/football/leagues/71.png,https://media.api-sports.io/flags/br.svg,2021,Regular Season - 14,126,Sao Paulo,https://media.api-sports.io/football/teams/126.png,,121,Palmeiras,https://media.api-sports.io/football/teams/121.png,,0,0,0,0,0,0,,,,
689043,Paulo Cesar Zanovelli,UTC,2021-07-31T23:00:00+00:00,1627772400,1627772400,1627776000,244.0,Estádio José Pinheiro Borda,"Porto Alegre, Rio Grande do Sul",Match Finished,FT,90,71,Serie A,Brazil,https://media.api-sports.io/football/leagues/71.png,https://media.api-sports.io/flags/br.svg,2021,Regular Season - 14,119,Internacional,https://media.api-sports.io/football/teams/119.png,,1193,Cuiaba,https://media.api-sports.io/football/teams/1193.png,,0,0,0,0,0,0,,,,
689046,Ricardo Marques Ribeiro,UTC,2021-08-01T00:00:00+00:00,1627776000,1627776000,1627779600,220.0,Estádio Nabi Abi Chedid,"Bragança Paulista, São Paulo",Match Finished,FT,90,71,Serie A,Brazil,https://media.api-sports.io/football/leagues/71.png,https://media.api-sports.io/flags/br.svg,2021,Regular Season - 14,794,RB Bragantino,https://media.api-sports.io/football/teams/794.png,True,130,Gremio,https://media.api-sports.io/football/teams/130.png,False,1,0,0,0,1,0,,,,
689040,Leandro Vuaden,UTC,2021-08-01T19:00:00+00:00,1627844400,1627844400,1627848000,11531.0,Neo Química Arena,"São Paulo, São Paulo",Match Finished,FT,90,71,Serie A,Brazil,https://media.api-sports.io/football/leagues/71.png,https://media.api-sports.io/flags/br.svg,2021,Regular Season - 14,131,Corinthians,https://media.api-sports.io/football/teams/131.png,False,127,Flamengo,https://media.api-sports.io/football/teams/127.png,True,1,3,0,3,1,3,,,,
689042,Braulio da Silva Machado,UTC,2021-08-01T19:00:00+00:00,1627844400,1627844400,1627848000,234.0,Estádio Governador Magalhães Pinto,"Belo Horizonte, Minas Gerais",Match Finished,FT,90,71,Serie A,Brazil,https://media.api-sports.io/football/leagues/71.png,https://media.api-sports.io/flags/br.svg,2021,Regular Season - 14,1062,Atletico-MG,https://media.api-sports.io/football/teams/1062.png,True,134,Atletico Paranaense,https://media.api-sports.io/football/teams/134.png,False,2,0,0,0,2,0,,,,
689045,Jefferson Ferreira de Moraes,UTC,2021-08-01T21:15:00+00:00,1627852500,1627852500,1627856100,11287.0,Estádio Governador Roberto Santos,"Salvador de Bahia, Bahia",Match Finished,FT,90,71,Serie A,Brazil,https://media.api-sports.io/football/leagues/71.png,https://media.api-sports.io/flags/br.svg,2021,Regular Season - 14,118,Bahia,https://media.api-sports.io/football/teams/118.png,False,123,Sport Recife,https://media.api-sports.io/football/teams/123.png,True,0,1,0,0,0,1,,,,
689047,Rodolpho Toski Marques,UTC,2021-08-01T21:15:00+00:00,1627852500,1627852500,1627856100,227.0,Arena Condá,"Chapecó, Santa Catarina",Match Finished,FT,90,71,Serie A,Brazil,https://media.api-sports.io/football/leagues/71.png,https://media.api-sports.io/flags/br.svg,2021,Regular Season - 14,132,Chapecoense-sc,https://media.api-sports.io/football/teams/132.png,False,128,Santos,https://media.api-sports.io/football/teams/128.png,True,0,1,0,1,0,1,,,,
689044,Denis Ribeiro Serafim,UTC,2021-08-01T23:30:00+00:00,1627860600,1627860600,1627864200,225.0,Estádio Governador Plácido Aderaldo Castelo,"Fortaleza, Ceará",Match Finished,FT,90,71,Serie A,Brazil,https://media.api-sports.io/football/leagues/71.png,https://media.api-sports.io/flags/br.svg,2021,Regular Season - 14,129,Ceara,https://media.api-sports.io/football/teams/129.png,True,154,Fortaleza EC,https://media.api-sports.io/football/teams/154.png,False,3,1,1,1,3,1,,,,
689048,Douglas Marques das Flores,UTC,2021-08-01T23:30:00+00:00,1627860600,1627860600,1627864200,211.0,Estádio Antônio Accioly,"Goiânia, Goiás",Match Finished,FT,90,71,Serie A,Brazil,https://media.api-sports.io/football/leagues/71.png,https://media.api-sports.io/flags/br.svg,2021,Regular Season - 14,144,Atletico Goianiense,https://media.api-sports.io/football/teams/144.png,,125,America Mineiro,https://media.api-sports.io/football/teams/125.png,,1,1,1,1,1,1,,,,
689055,Wagner do Nascimento Magalhaes,UTC,2021-08-06T22:00:00+00:00,1628287200,1628287200,1628290800,276.0,Estádio Adelmar da Costa Carvalho,"Recife, Pernambuco",Match Finished,FT,90,71,Serie A,Brazil,https://media.api-sports.io/football/leagues/71.png,https://media.api-sports.io/flags/br.svg,2021,Regular Season - 15,123,Sport Recife,https://media.api-sports.io/football/teams/123.png,,794,RB Bragantino,https://media.api-sports.io/football/teams/794.png,,0,0,0,0,0,0,,,,
689056,Jean Pierre Goncalves Lima,UTC,2021-08-07T21:00:00+00:00,1628370000,1628370000,1628373600,10493.0,Arena da Baixada,"Curitiba, Paraná",Match Finished,FT,90,71,Serie A,Brazil,https://media.api-sports.io/football/leagues/71.png,https://media.api-sports.io/flags/br.svg,2021,Regular Season - 15,134,Atletico Paranaense,https://media.api-sports.io/football/teams/134.png,False,126,Sao Paulo,https://media.api-sports.io/football/teams/126.png,True,1,2,1,2,1,2,,,,
689050,Wilton Pereira Sampaio,UTC,2021-08-08T00:00:00+00:00,1628380800,1628380800,1628384400,258.0,Allianz Parque,"São Paulo, São Paulo",Match Finished,FT,90,71,Serie A,Brazil,https://media.api-sports.io/football/leagues/71.png,https://media.api-sports.io/flags/br.svg,2021,Regular Season - 15,121,Palmeiras,https://media.api-sports.io/football/teams/121.png,False,154,Fortaleza EC,https://media.api-sports.io/football/teams/154.png,True,2,3,2,2,2,3,,,,
689058,Heber Lopes,UTC,2021-08-08T00:00:00+00:00,1628380800,1628380800,1628384400,235.0,Arena Pantanal,"Cuiabá, Mato Grosso",Match Finished,FT,90,71,Serie A,Brazil,https://media.api-sports.io/football/leagues/71.png,https://media.api-sports.io/flags/br.svg,2021,Regular Season - 15,1193,Cuiaba,https://media.api-sports.io/football/teams/1193.png,,118,Bahia,https://media.api-sports.io/football/teams/118.png,,1,1,1,1,1,1,,,,
689052,Marielson Alves Silva,UTC,2021-08-08T19:00:00+00:00,1628449200,1628449200,1628452800,206.0,Estádio Raimundo Sampaio,"Belo Horizonte, Minas Gerais",Match Finished,FT,90,71,Serie A,Brazil,https://media.api-sports.io/football/leagues/71.png,https://media.api-sports.io/flags/br.svg,2021,Regular Season - 15,125,America Mineiro,https://media.api-sports.io/football/teams/125.png,True,124,Fluminense,https://media.api-sports.io/football/teams/124.png,False,1,0,0,0,1,0,,,,
689051,Flavio Rodrigues De Souza,UTC,2021-08-08T19:00:00+00:00,1628449200,1628449200,1628452800,10494.0,Estádio Urbano Caldeira,"Santos, São Paulo",Match Finished,FT,90,71,Serie A,Brazil,https://media.api-sports.io/football/leagues/71.png,https://media.api-sports.io/flags/br.svg,2021,Regular Season - 15,128,Santos,https://media.api-sports.io/football/teams/128.png,,131,Corinthians,https://media.api-sports.io/football/teams/131.png,,0,0,0,0,0,0,,,,
689057,André Castro,UTC,2021-08-08T19:00:00+00:00,1628449200,1628449200,1628452800,248.0,Estádio Alfredo Jaconi,"Caxias do Sul, Rio Grande do Sul",Match Finished,FT,90,71,Serie A,Brazil,https://media.api-sports.io/football/leagues/71.png,https://media.api-sports.io/flags/br.svg,2021,Regular Season - 15,152,Juventude,https://media.api-sports.io/football/teams/152.png,False,1062,Atletico-MG,https://media.api-sports.io/football/teams/1062.png,True,1,2,1,0,1,2,,,,
689049,Paulo Roberto Alves Júnior,UTC,2021-08-08T21:15:00+00:00,1628457300,1628457300,1628460900,,Estadio Jornalista Mário Filho,"Rio de Janeiro, Rio de Janeiro",Match Finished,FT,90,71,Serie A,Brazil,https://media.api-sports.io/football/leagues/71.png,https://media.api-sports.io/flags/br.svg,2021,Regular Season - 15,127,Flamengo,https://media.api-sports.io/football/teams/127.png,False,119,Internacional,https://media.api-sports.io/football/teams/119.png,True,0,4,0,2,0,4,,,,
689054,Rafael Traci,UTC,2021-08-08T21:15:00+00:00,1628457300,1628457300,1628460900,225.0,Estádio Governador Plácido Aderaldo Castelo,"Fortaleza, Ceará",Match Finished,FT,90,71,Serie A,Brazil,https://media.api-sports.io/football/leagues/71.png,https://media.api-sports.io/flags/br.svg,2021,Regular Season - 15,129,Ceara,https://media.api-sports.io/football/teams/129.png,,144,Atletico Goianiense,https://media.api-sports.io/football/teams/144.png,,0,0,0,0,0,0,,,,
689053,Marcelo de Lima Henrique,UTC,2021-08-09T23:00:00+00:00,1628550000,1628550000,1628553600,241.0,Arena do Grêmio,"Porto Alegre, Rio Grande do Sul",Match Finished,FT,90,71,Serie A,Brazil,https://media.api-sports.io/football/leagues/71.png,https://media.api-sports.io/flags/br.svg,2021,Regular Season - 15,130,Gremio,https://media.api-sports.io/football/teams/130.png,True,132,Chapecoense-sc,https://media.api-sports.io/football/teams/132.png,False,2,1,2,1,2,1,,,,
689066,Denis Ribeiro Serafim,UTC,2021-08-14T20:00:00+00:00,1628971200,1628971200,1628974800,220.0,Estádio Nabi Abi Chedid,"Bragança Paulista, São Paulo",Match Finished,FT,90,71,Serie A,Brazil,https://media.api-sports.io/football/leagues/71.png,https://media.api-sports.io/flags/br.svg,2021,Regular Season - 16,794,RB Bragantino,https://media.api-sports.io/football/teams/794.png,False,152,Juventude,https://media.api-sports.io/football/teams/152.png,True,1,2,1,0,1,2,,,,
689062,Bruno Arleu de Araujo,UTC,2021-08-14T22:00:00+00:00,1628978400,1628978400,1628982000,234.0,Estádio Governador Magalhães Pinto,"Belo Horizonte, Minas Gerais",Match Finished,FT,90,71,Serie A,Brazil,https://media.api-sports.io/football/leagues/71.png,https://media.api-sports.io/flags/br.svg,2021,Regular Season - 16,1062,Atletico-MG,https://media.api-sports.io/football/teams/1062.png,True,121,Palmeiras,https://media.api-sports.io/football/teams/121.png,False,2,0,1,0,2,0,,,,
689061,Braulio da Silva Machado,UTC,2021-08-15T00:00:00+00:00,1628985600,1628985600,1628989200,,Estádio Cícero Pompeu de Toledo,"São Paulo, São Paulo",Match Finished,FT,90,71,Serie A,Brazil,https://media.api-sports.io/football/leagues/71.png,https://media.api-sports.io/flags/br.svg,2021,Regular Season - 16,126,Sao Paulo,https://media.api-sports.io/football/teams/126.png,True,130,Gremio,https://media.api-sports.io/football/teams/130.png,False,2,1,1,1,2,1,,,,
689059,Raphael Claus,UTC,2021-08-15T19:00:00+00:00,1629054000,1629054000,1629057600,5650.0,Estádio Municipal General Raulino de Oliveira,"Volta Redonda, Rio de Janeiro",Match Finished,FT,90,71,Serie A,Brazil,https://media.api-sports.io/football/leagues/71.png,https://media.api-sports.io/flags/br.svg,2021,Regular Season - 16,127,Flamengo,https://media.api-sports.io/football/teams/127.png,True,123,Sport Recife,https://media.api-sports.io/football/teams/123.png,False,2,0,1,0,2,0,,,,
689060,Rodolpho Toski Marques,UTC,2021-08-15T19:00:00+00:00,1629054000,1629054000,1629057600,11531.0,Neo Química Arena,"São Paulo, São Paulo",Match Finished,FT,90,71,Serie A,Brazil,https://media.api-sports.io/football/leagues/71.png,https://media.api-sports.io/flags/br.svg,2021,Regular Season - 16,131,Corinthians,https://media.api-sports.io/football/teams/131.png,True,129,Ceara,https://media.api-sports.io/football/teams/129.png,False,3,1,2,0,3,1,,,,
689065,Ricardo Marques Ribeiro,UTC,2021-08-15T21:15:00+00:00,1629062100,1629062100,1629065700,11287.0,Estádio Governador Roberto Santos,"Salvador de Bahia, Bahia",Match Finished,FT,90,71,Serie A,Brazil,https://media.api-sports.io/football/leagues/71.png,https://media.api-sports.io/flags/br.svg,2021,Regular Season - 16,118,Bahia,https://media.api-sports.io/football/teams/118.png,False,144,Atletico Goianiense,https://media.api-sports.io/football/teams/144.png,True,1,2,1,0,1,2,,,,
689064,André Castro,UTC,2021-08-15T21:15:00+00:00,1629062100,1629062100,1629065700,225.0,Estádio Governador Plácido Aderaldo Castelo,"Fortaleza, Ceará",Match Finished,FT,90,71,Serie A,Brazil,https://media.api-sports.io/football/leagues/71.png,https://media.api-sports.io/flags/br.svg,2021,Regular Season - 16,154,Fortaleza EC,https://media.api-sports.io/football/teams/154.png,,128,Santos,https://media.api-sports.io/football/teams/128.png,,1,1,1,1,1,1,,,,
689068,Alisson Furtado,UTC,2021-08-15T21:15:00+00:00,1629062100,1629062100,1629065700,235.0,Arena Pantanal,"Cuiabá, Mato Grosso",Match Finished,FT,90,71,Serie A,Brazil,https://media.api-sports.io/football/leagues/71.png,https://media.api-sports.io/flags/br.svg,2021,Regular Season - 16,1193,Cuiaba,https://media.api-sports.io/football/teams/1193.png,True,134,Atletico Paranaense,https://media.api-sports.io/football/teams/134.png,False,1,0,0,0,1,0,,,,
689063,Luiz Flavio De Oliveira,UTC,2021-08-15T23:30:00+00:00,1629070200,1629070200,1629073800,244.0,Estádio José Pinheiro Borda,"Porto Alegre, Rio Grande do Sul",Match Finished,FT,90,71,Serie A,Brazil,https://media.api-sports.io/football/leagues/71.png,https://media.api-sports.io/flags/br.svg,2021,Regular Season - 16,119,Internacional,https://media.api-sports.io/football/teams/119.png,True,124,Fluminense,https://media.api-sports.io/football/teams/124.png,False,4,2,1,1,4,2,,,,
689067,Douglas Schwengber,UTC,2021-08-16T23:00:00+00:00,1629154800,1629154800,1629158400,227.0,Arena Condá,"Chapecó, Santa Catarina",Match Finished,FT,90,71,Serie A,Brazil,https://media.api-sports.io/football/leagues/71.png,https://media.api-sports.io/flags/br.svg,2021,Regular Season - 16,132,Chapecoense-sc,https://media.api-sports.io/football/teams/132.png,,125,America Mineiro,https://media.api-sports.io/football/teams/125.png,,1,1,0,0,1,1,,,,
688958,Leo Simão,UTC,2021-08-18T22:00:00+00:00,1629324000,1629324000,1629327600,235.0,Arena Pantanal,"Cuiabá, Mato Grosso",Match Finished,FT,90,71,Serie A,Brazil,https://media.api-sports.io/football/leagues/71.png,https://media.api-sports.io/flags/br.svg,2021,Regular Season - 5,1193,Cuiaba,https://media.api-sports.io/football/teams/1193.png,False,130,Gremio,https://media.api-sports.io/football/teams/130.png,True,0,1,0,1,0,1,,,,
689078,Adriano Barros Carneiro,UTC,2021-08-21T20:00:00+00:00,1629576000,1629576000,1629579600,211.0,Estádio Antônio Accioly,"Goiânia, Goiás",Match Finished,FT,90,71,Serie A,Brazil,https://media.api-sports.io/football/leagues/71.png,https://media.api-sports.io/flags/br.svg,2021,Regular Season - 17,144,Atletico Goianiense,https://media.api-sports.io/football/teams/144.png,,132,Chapecoense-sc,https://media.api-sports.io/football/teams/132.png,,1,1,0,1,1,1,,,,
689073,Caio Max Augusto Vieira,UTC,2021-08-21T22:00:00+00:00,1629583200,1629583200,1629586800,241.0,Arena do Grêmio,"Porto Alegre, Rio Grande do Sul",Match Finished,FT,90,71,Serie A,Brazil,https://media.api-sports.io/football/leagues/71.png,https://media.api-sports.io/flags/br.svg,2021,Regular Season - 17,130,Gremio,https://media.api-sports.io/football/teams/130.png,True,118,Bahia,https://media.api-sports.io/football/teams/118.png,False,2,0,0,0,2,0,,,,
689077,Raphael Claus,UTC,2021-08-22T00:00:00+00:00,1629590400,1629590400,1629594000,248.0,Estádio Alfredo Jaconi,"Caxias do Sul, Rio Grande do Sul",Match Finished,FT,90,71,Serie A,Brazil,https://media.api-sports.io/football/leagues/71.png,https://media.api-sports.io/flags/br.svg,2021,Regular Season - 17,152,Juventude,https://media.api-sports.io/football/teams/152.png,,154,Fortaleza EC,https://media.api-sports.io/football/teams/154.png,,1,1,0,1,1,1,,,,
689070,Anderson Daronco,UTC,2021-08-22T14:00:00+00:00,1629640800,1629640800,1629644400,258.0,Allianz Parque,"São Paulo, São Paulo",Match Finished,FT,90,71,Serie A,Brazil,https://media.api-sports.io/football/leagues/71.png,https://media.api-sports.io/flags/br.svg,2021,Regular Season - 17,121,Palmeiras,https://media.api-sports.io/football/teams/121.png,False,1193,Cuiaba,https://media.api-sports.io/football/teams/1193.png,True,0,2,0,1,0,2,,,,
689074,Leandro Vuaden,UTC,2021-08-22T19:00:00+00:00,1629658800,1629658800,1629662400,225.0,Estádio Governador Plácido Aderaldo Castelo,"Fortaleza, Ceará",Match Finished,FT,90,71,Serie A,Brazil,https://media.api-sports.io/football/leagues/71.png,https://media.api-sports.io/flags/br.svg,2021,Regular Season - 17,129,Ceara,https://media.api-sports.io/football/teams/129.png,,127,Flamengo,https://media.api-sports.io/football/teams/127.png,,1,1,1,0,1,1,,,,
689076,Wilton Pereira Sampaio,UTC,2021-08-22T19:00:00+00:00,1629658800,1629658800,1629662400,10493.0,Arena da Baixada,"Curitiba, Paraná",Match Finished,FT,90,71,Serie A,Brazil,https://media.api-sports.io/football/leagues/71.png,https://media.api-sports.io/flags/br.svg,2021,Regular Season - 17,134,Atletico Paranaense,https://media.api-sports.io/football/teams/134.png,False,131,Corinthians,https://media.api-sports.io/football/teams/131.png,True,0,1,0,0,0,1,,,,
689071,Wagner do Nascimento Magalhaes,UTC,2021-08-22T21:15:00+00:00,1629666900,1629666900,1629670500,10494.0,Estádio Urbano Caldeira,"Santos, São Paulo",Match Finished,FT,90,71,Serie A,Brazil,https://media.api-sports.io/football/leagues/71.png,https://media.api-sports.io/flags/br.svg,2021,Regular Season - 17,128,Santos,https://media.api-sports.io/football/teams/128.png,,119,Internacional,https://media.api-sports.io/football/teams/119.png,,2,2,2,1,2,2,,,,
689075,Paulo Roberto Alves Júnior,UTC,2021-08-22T23:30:00+00:00,1629675000,1629675000,1629678600,276.0,Estádio Adelmar da Costa Carvalho,"Recife, Pernambuco",Match Finished,FT,90,71,Serie A,Brazil,https://media.api-sports.io/football/leagues/71.png,https://media.api-sports.io/flags/br.svg,2021,Regular Season - 17,123,Sport Recife,https://media.api-sports.io/football/teams/123.png,False,126,Sao Paulo,https://media.api-sports.io/football/teams/126.png,True,0,1,0,1,0,1,,,,
689069,Flavio Rodrigues De Souza,UTC,2021-08-23T23:00:00+00:00,1629759600,1629759600,1629763200,279.0,Estádio Club de Regatas Vasco da Gama,"Rio de Janeiro, Rio de Janeiro",Match Finished,FT,90,71,Serie A,Brazil,https://media.api-sports.io/football/leagues/71.png,https://media.api-sports.io/flags/br.svg,2021,Regular Season - 17,124,Fluminense,https://media.api-sports.io/football/teams/124.png,,1062,Atletico-MG,https://media.api-sports.io/football/teams/1062.png,,1,1,1,0,1,1,,,,
689072,Rafael Traci,UTC,2021-08-23T23:00:00+00:00,1629759600,1629759600,1629763200,206.0,Estádio Raimundo Sampaio,"Belo Horizonte, Minas Gerais",Match Finished,FT,90,71,Serie A,Brazil,https://media.api-sports.io/football/leagues/71.png,https://media.api-sports.io/flags/br.svg,2021,Regular Season - 17,125,America Mineiro,https://media.api-sports.io/football/teams/125.png,False,794,RB Bragantino,https://media.api-sports.io/football/teams/794.png,True,0,2,0,1,0,2,,,,
689085,Jefferson Ferreira de Moraes,UTC,2021-08-28T20:00:00+00:00,1630180800,1630180800,1630184400,276.0,Estádio Adelmar da Costa Carvalho,"Recife, Pernambuco",Match Finished,FT,90,71,Serie A,Brazil,https://media.api-sports.io/football/leagues/71.png,https://media.api-sports.io/flags/br.svg,2021,Regular Season - 18,123,Sport Recife,https://media.api-sports.io/football/teams/123.png,,132,Chapecoense-sc,https://media.api-sports.io/football/teams/132.png,,0,0,0,0,0,0,,,,
689081,Braulio da Silva Machado,UTC,2021-08-28T22:00:00+00:00,1630188000,1630188000,1630191600,10494.0,Estádio Urbano Caldeira,"Santos, São Paulo",Match Finished,FT,90,71,Serie A,Brazil,https://media.api-sports.io/football/leagues/71.png,https://media.api-sports.io/flags/br.svg,2021,Regular Season - 18,128,Santos,https://media.api-sports.io/football/teams/128.png,False,127,Flamengo,https://media.api-sports.io/football/teams/127.png,True,0,4,0,0,0,4,,,,
689080,Leandro Vuaden,UTC,2021-08-29T00:00:00+00:00,1630195200,1630195200,1630198800,258.0,Allianz Parque,"São Paulo, São Paulo",Match Finished,FT,90,71,Serie A,Brazil,https://media.api-sports.io/football/leagues/71.png,https://media.api-sports.io/flags/br.svg,2021,Regular Season - 18,121,Palmeiras,https://media.api-sports.io/football/teams/121.png,True,134,Atletico Paranaense,https://media.api-sports.io/football/teams/134.png,False,2,1,1,0,2,1,,,,
689083,Ricardo Marques Ribeiro,UTC,2021-08-29T00:00:00+00:00,1630195200,1630195200,1630198800,241.0,Arena do Grêmio,"Porto Alegre, Rio Grande do Sul",Match Finished,FT,90,71,Serie A,Brazil,https://media.api-sports.io/football/leagues/71.png,https://media.api-sports.io/flags/br.svg,2021,Regular Season - 18,130,Gremio,https://media.api-sports.io/football/teams/130.png,False,131,Corinthians,https://media.api-sports.io/football/teams/131.png,True,0,1,0,0,0,1,,,,
689082,Raphael Claus,UTC,2021-08-29T14:00:00+00:00,1630245600,1630245600,1630249200,206.0,Estádio Raimundo Sampaio,"Belo Horizonte, Minas Gerais",Match Finished,FT,90,71,Serie A,Brazil,https://media.api-sports.io/football/leagues/71.png,https://media.api-sports.io/flags/br.svg,2021,Regular Season - 18,125,America Mineiro,https://media.api-sports.io/football/teams/125.png,True,129,Ceara,https://media.api-sports.io/football/teams/129.png,False,2,0,1,0,2,0,,,,
689087,Antonio Dib Moraes de Sousa,UTC,2021-08-29T19:00:00+00:00,1630263600,1630263600,1630267200,248.0,Estádio Alfredo Jaconi,"Caxias do Sul, Rio Grande do Sul",Match Finished,FT,90,71,Serie A,Brazil,https://media.api-sports.io/football/leagues/71.png,https://media.api-sports.io/flags/br.svg,2021,Regular Season - 18,152,Juventude,https://media.api-sports.io/football/teams/152.png,,126,Sao Paulo,https://media.api-sports.io/football/teams/126.png,,1,1,0,0,1,1,,,,
689088,Marielson Alves Silva,UTC,2021-08-29T21:15:00+00:00,1630271700,1630271700,1630275300,211.0,Estádio Antônio Accioly,"Goiânia, Goiás",Match Finished,FT,90,71,Serie A,Brazil,https://media.api-sports.io/football/leagues/71.png,https://media.api-sports.io/flags/br.svg,2021,Regular Season - 18,144,Atletico Goianiense,https://media.api-sports.io/football/teams/144.png,,119,Internacional,https://media.api-sports.io/football/teams/119.png,,0,0,0,0,0,0,,,,
689086,Ramon Abatti,UTC,2021-08-29T23:30:00+00:00,1630279800,1630279800,1630283400,220.0,Estádio Nabi Abi Chedid,"Bragança Paulista, São Paulo",Match Finished,FT,90,71,Serie A,Brazil,https://media.api-sports.io/football/leagues/71.png,https://media.api-sports.io/flags/br.svg,2021,Regular Season - 18,794,RB Bragantino,https://media.api-sports.io/football/teams/794.png,,1062,Atletico-MG,https://media.api-sports.io/football/teams/1062.png,,1,1,1,0,1,1,,,,
689079,Edina Alves Batista,UTC,2021-08-30T22:00:00+00:00,1630360800,1630360800,1630364400,,Estadio Jornalista Mário Filho,"Rio de Janeiro, Rio de Janeiro",Match Finished,FT,90,71,Serie A,Brazil,https://media.api-sports.io/football/leagues/71.png,https://media.api-sports.io/flags/br.svg,2021,Regular Season - 18,124,Fluminense,https://media.api-sports.io/football/teams/124.png,True,118,Bahia,https://media.api-sports.io/football/teams/118.png,False,2,0,1,0,2,0,,,,
689084,Paulo Cesar Zanovelli,UTC,2021-08-31T00:30:00+00:00,1630369800,1630369800,1630373400,225.0,Estádio Governador Plácido Aderaldo Castelo,"Fortaleza, Ceará",Match Finished,FT,90,71,Serie A,Brazil,https://media.api-sports.io/football/leagues/71.png,https://media.api-sports.io/flags/br.svg,2021,Regular Season - 18,154,Fortaleza EC,https://media.api-sports.io/football/teams/154.png,,1193,Cuiaba,https://media.api-sports.io/football/teams/1193.png,,0,0,0,0,0,0,,,,
689039,Heber Lopes,UTC,2021-09-02T22:00:00+00:00,1630620000,1630620000,1630623600,,Estadio Jornalista Mário Filho,"Rio de Janeiro, Rio de Janeiro",Match Finished,FT,90,71,Serie A,Brazil,https://media.api-sports.io/football/leagues/71.png,https://media.api-sports.io/flags/br.svg,2021,Regular Season - 14,124,Fluminense,https://media.api-sports.io/football/teams/124.png,,152,Juventude,https://media.api-sports.io/football/teams/152.png,,1,1,0,0,1,1,,,,
689095,Luiz Flavio De Oliveira,UTC,2021-09-05T00:00:00+00:00,1630800000,1630800000,1630803600,11287.0,Estádio Governador Roberto Santos,"Salvador de Bahia, Bahia",Match Finished,FT,90,71,Serie A,Brazil,https://media.api-sports.io/football/leagues/71.png,https://media.api-sports.io/flags/br.svg,2021,Regular Season - 19,118,Bahia,https://media.api-sports.io/football/teams/118.png,True,154,Fortaleza EC,https://media.api-sports.io/football/teams/154.png,False,4,2,1,0,4,2,,,,
689098,Bruno Arleu de Araujo,UTC,2021-09-05T00:00:00+00:00,1630800000,1630800000,1630803600,235.0,Arena Pantanal,"Cuiabá, Mato Grosso",Match Finished,FT,90,71,Serie A,Brazil,https://media.api-sports.io/football/leagues/71.png,https://media.api-sports.io/flags/br.svg,2021,Regular Season - 19,1193,Cuiaba,https://media.api-sports.io/football/teams/1193.png,True,128,Santos,https://media.api-sports.io/football/teams/128.png,False,2,1,1,0,2,1,,,,
689096,Denis Ribeiro Serafim,UTC,2021-09-05T21:15:00+00:00,1630876500,1630876500,1630880100,10493.0,Arena da Baixada,"Curitiba, Paraná",Match Finished,FT,90,71,Serie A,Brazil,https://media.api-sports.io/football/leagues/71.png,https://media.api-sports.io/flags/br.svg,2021,Regular Season - 19,134,Atletico Paranaense,https://media.api-sports.io/football/teams/134.png,,123,Sport Recife,https://media.api-sports.io/football/teams/123.png,,0,0,0,0,0,0,,,,
689090,Ramon Abatti,UTC,2021-09-08T00:30:00+00:00,1631061000,1631061000,1631064600,11531.0,Neo Química Arena,"São Paulo, São Paulo",Match Finished,FT,90,71,Serie A,Brazil,https://media.api-sports.io/football/leagues/71.png,https://media.api-sports.io/flags/br.svg,2021,Regular Season - 19,131,Corinthians,https://media.api-sports.io/football/teams/131.png,,152,Juventude,https://media.api-sports.io/football/teams/152.png,,1,1,0,1,1,1,,,,
689097,Savio Pereira,UTC,2021-09-08T00:30:00+00:00,1631061000,1631061000,1631064600,227.0,Arena Condá,"Chapecó, Santa Catarina",Match Finished,FT,90,71,Serie A,Brazil,https://media.api-sports.io/football/leagues/71.png,https://media.api-sports.io/flags/br.svg,2021,Regular Season - 19,132,Chapecoense-sc,https://media.api-sports.io/football/teams/132.png,False,124,Fluminense,https://media.api-sports.io/football/teams/124.png,True,1,2,0,2,1,2,,,,
689102,Marielson Alves Silva,UTC,2021-09-11T19:00:00+00:00,1631386800,1631386800,1631390400,206.0,Estádio Raimundo Sampaio,"Belo Horizonte, Minas Gerais",Match Finished,FT,90,71,Serie A,Brazil,https://media.api-sports.io/football/leagues/71.png,https://media.api-sports.io/flags/br.svg,2021,Regular Season - 20,125,America Mineiro,https://media.api-sports.io/football/teams/125.png,True,134,Atletico Paranaense,https://media.api-sports.io/football/teams/134.png,False,2,0,0,0,2,0,,,,
689107,Caio Max Augusto Vieira,UTC,2021-09-11T20:00:00+00:00,1631390400,1631390400,1631394000,248.0,Estádio Alfredo Jaconi,"Caxias do Sul, Rio Grande do Sul",Match Finished,FT,90,71,Serie A,Brazil,https://media.api-sports.io/football/leagues/71.png,https://media.api-sports.io/flags/br.svg,2021,Regular Season - 20,152,Juventude,https://media.api-sports.io/football/teams/152.png,False,1193,Cuiaba,https://media.api-sports.io/football/teams/1193.png,True,1,2,0,1,1,2,,,,
689106,Marcelo de Lima Henrique,UTC,2021-09-11T22:00:00+00:00,1631397600,1631397600,1631401200,220.0,Estádio Nabi Abi Chedid,"Bragança Paulista, São Paulo",Match Finished,FT,90,71,Serie A,Brazil,https://media.api-sports.io/football/leagues/71.png,https://media.api-sports.io/flags/br.svg,2021,Regular Season - 20,794,RB Bragantino,https://media.api-sports.io/football/teams/794.png,False,132,Chapecoense-sc,https://media.api-sports.io/football/teams/132.png,True,1,2,1,0,1,2,,,,
689101,Paulo Cesar Zanovelli,UTC,2021-09-12T00:00:00+00:00,1631404800,1631404800,1631408400,10494.0,Estádio Urbano Caldeira,"Santos, São Paulo",Match Finished,FT,90,71,Serie A,Brazil,https://media.api-sports.io/football/leagues/71.png,https://media.api-sports.io/flags/br.svg,2021,Regular Season - 20,128,Santos,https://media.api-sports.io/football/teams/128.png,,118,Bahia,https://media.api-sports.io/football/teams/118.png,,0,0,0,0,0,0,,,,
689103,Flavio Rodrigues De Souza,UTC,2021-09-12T14:00:00+00:00,1631455200,1631455200,1631458800,241.0,Arena do Grêmio,"Porto Alegre, Rio Grande do Sul",Match Finished,FT,90,71,Serie A,Brazil,https://media.api-sports.io/football/leagues/71.png,https://media.api-sports.io/flags/br.svg,2021,Regular Season - 20,130,Gremio,https://media.api-sports.io/football/teams/130.png,True,129,Ceara,https://media.api-sports.io/football/teams/129.png,False,2,0,2,0,2,0,,,,
689100,Wilton Pereira Sampaio,UTC,2021-09-12T19:00:00+00:00,1631473200,1631473200,1631476800,258.0,Allianz Parque,"São Paulo, São Paulo",Match Finished,FT,90,71,Serie A,Brazil,https://media.api-sports.io/football/leagues/71.png,https://media.api-sports.io/flags/br.svg,2021,Regular Season - 20,121,Palmeiras,https://media.api-sports.io/football/teams/121.png,False,127,Flamengo,https://media.api-sports.io/football/teams/127.png,True,1,3,1,1,1,3,,,,
689104,Braulio da Silva Machado,UTC,2021-09-12T19:00:00+00:00,1631473200,1631473200,1631476800,225.0,Estádio Governador Plácido Aderaldo Castelo,"Fortaleza, Ceará",Match Finished,FT,90,71,Serie A,Brazil,https://media.api-sports.io/football/leagues/71.png,https://media.api-sports.io/flags/br.svg,2021,Regular Season - 20,154,Fortaleza EC,https://media.api-sports.io/football/teams/154.png,False,1062,Atletico-MG,https://media.api-sports.io/football/teams/1062.png,True,0,2,0,0,0,2,,,,
689108,Antonio Dib Moraes de Sousa,UTC,2021-09-12T21:15:00+00:00,1631481300,1631481300,1631484900,211.0,Estádio Antônio Accioly,"Goiânia, Goiás",Match Finished,FT,90,71,Serie A,Brazil,https://media.api-sports.io/football/leagues/71.png,https://media.api-sports.io/flags/br.svg,2021,Regular Season - 20,144,Atletico Goianiense,https://media.api-sports.io/football/teams/144.png,,131,Corinthians,https://media.api-sports.io/football/teams/131.png,,1,1,0,0,1,1,,,,
689099,Jefferson Ferreira de Moraes,UTC,2021-09-12T23:30:00+00:00,1631489400,1631489400,1631493000,,Estadio Jornalista Mário Filho,"Rio de Janeiro, Rio de Janeiro",Match Finished,FT,90,71,Serie A,Brazil,https://media.api-sports.io/football/leagues/71.png,https://media.api-sports.io/flags/br.svg,2021,Regular Season - 20,124,Fluminense,https://media.api-sports.io/football/teams/124.png,True,126,Sao Paulo,https://media.api-sports.io/football/teams/126.png,False,2,1,0,0,2,1,,,,
689105,André Castro,UTC,2021-09-13T23:00:00+00:00,1631574000,1631574000,1631577600,276.0,Estádio Adelmar da Costa Carvalho,"Recife, Pernambuco",Match Finished,FT,90,71,Serie A,Brazil,https://media.api-sports.io/football/leagues/71.png,https://media.api-sports.io/flags/br.svg,2021,Regular Season - 20,123,Sport Recife,https://media.api-sports.io/football/teams/123.png,False,119,Internacional,https://media.api-sports.io/football/teams/119.png,True,0,1,0,1,0,1,,,,
689117,Paulo Roberto Alves Júnior,UTC,2021-09-18T20:00:00+00:00,1631995200,1631995200,1631998800,227.0,Arena Condá,"Chapecó, Santa Catarina",Match Finished,FT,90,71,Serie A,Brazil,https://media.api-sports.io/football/leagues/71.png,https://media.api-sports.io/flags/br.svg,2021,Regular Season - 21,132,Chapecoense-sc,https://media.api-sports.io/football/teams/132.png,False,121,Palmeiras,https://media.api-sports.io/football/teams/121.png,True,0,2,0,2,0,2,,,,
689116,Leo Simão,UTC,2021-09-18T21:45:00+00:00,1632001500,1632001500,1632005100,10493.0,Arena da Baixada,"Curitiba, Paraná",Match Finished,FT,90,71,Serie A,Brazil,https://media.api-sports.io/football/leagues/71.png,https://media.api-sports.io/flags/br.svg,2021,Regular Season - 21,134,Atletico Paranaense,https://media.api-sports.io/football/teams/134.png,True,152,Juventude,https://media.api-sports.io/football/teams/152.png,False,2,1,0,0,2,1,,,,
689112,Vinicius Gonçalves Dias Araujo,UTC,2021-09-18T22:00:00+00:00,1632002400,1632002400,1632006000,234.0,Estádio Governador Magalhães Pinto,"Belo Horizonte, Minas Gerais",Match Finished,FT,90,71,Serie A,Brazil,https://media.api-sports.io/football/leagues/71.png,https://media.api-sports.io/flags/br.svg,2021,Regular Season - 21,1062,Atletico-MG,https://media.api-sports.io/football/teams/1062.png,True,123,Sport Recife,https://media.api-sports.io/football/teams/123.png,False,3,0,2,0,3,0,,,,
689115,Wilton Pereira Sampaio,UTC,2021-09-19T00:00:00+00:00,1632009600,1632009600,1632013200,216.0,Arena Fonte Nova,"Salvador, Bahia",Match Finished,FT,90,71,Serie A,Brazil,https://media.api-sports.io/football/leagues/71.png,https://media.api-sports.io/flags/br.svg,2021,Regular Season - 21,118,Bahia,https://media.api-sports.io/football/teams/118.png,,794,RB Bragantino,https://media.api-sports.io/football/teams/794.png,,1,1,0,0,1,1,,,,
689114,Anderson Daronco,UTC,2021-09-19T00:00:00+00:00,1632009600,1632009600,1632013200,225.0,Estádio Governador Plácido Aderaldo Castelo,"Fortaleza, Ceará",Match Finished,FT,90,71,Serie A,Brazil,https://media.api-sports.io/football/leagues/71.png,https://media.api-sports.io/flags/br.svg,2021,Regular Season - 21,129,Ceara,https://media.api-sports.io/football/teams/129.png,,128,Santos,https://media.api-sports.io/football/teams/128.png,,0,0,0,0,0,0,,,,
689113,Edina Alves Batista,UTC,2021-09-19T14:00:00+00:00,1632060000,1632060000,1632063600,244.0,Estádio José Pinheiro Borda,"Porto Alegre, Rio Grande do Sul",Match Finished,FT,90,71,Serie A,Brazil,https://media.api-sports.io/football/leagues/71.png,https://media.api-sports.io/flags/br.svg,2021,Regular Season - 21,119,Internacional,https://media.api-sports.io/football/teams/119.png,True,154,Fortaleza EC,https://media.api-sports.io/football/teams/154.png,False,1,0,0,0,1,0,,,,
689111,Caio Max Augusto Vieira,UTC,2021-09-19T19:00:00+00:00,1632078000,1632078000,1632081600,,Estádio Cícero Pompeu de Toledo,"São Paulo, São Paulo",Match Finished,FT,90,71,Serie A,Brazil,https://media.api-sports.io/football/leagues/71.png,https://media.api-sports.io/flags/br.svg,2021,Regular Season - 21,126,Sao Paulo,https://media.api-sports.io/football/teams/126.png,True,144,Atletico Goianiense,https://media.api-sports.io/football/teams/144.png,False,2,1,1,0,2,1,,,,
689110,Savio Pereira,UTC,2021-09-19T21:15:00+00:00,1632086100,1632086100,1632089700,11531.0,Neo Química Arena,"São Paulo, São Paulo",Match Finished,FT,90,71,Serie A,Brazil,https://media.api-sports.io/football/leagues/71.png,https://media.api-sports.io/flags/br.svg,2021,Regular Season - 21,131,Corinthians,https://media.api-sports.io/football/teams/131.png,,125,America Mineiro,https://media.api-sports.io/football/teams/125.png,,1,1,1,1,1,1,,,,
689109,Marielson Alves Silva,UTC,2021-09-19T23:30:00+00:00,1632094200,1632094200,1632097800,,Estadio Jornalista Mário Filho,"Rio de Janeiro, Rio de Janeiro",Match Finished,FT,90,71,Serie A,Brazil,https://media.api-sports.io/football/leagues/71.png,https://media.api-sports.io/flags/br.svg,2021,Regular Season - 21,127,Flamengo,https://media.api-sports.io/football/teams/127.png,False,130,Gremio,https://media.api-sports.io/football/teams/130.png,True,0,1,0,1,0,1,,,,
689118,Ramon Abatti,UTC,2021-09-20T23:00:00+00:00,1632178800,1632178800,1632182400,235.0,Arena Pantanal,"Cuiabá, Mato Grosso",Match Finished,FT,90,71,Serie A,Brazil,https://media.api-sports.io/football/leagues/71.png,https://media.api-sports.io/flags/br.svg,2021,Regular Season - 21,1193,Cuiaba,https://media.api-sports.io/football/teams/1193.png,,124,Fluminense,https://media.api-sports.io/football/teams/124.png,,2,2,1,2,2,2,,,,
689091,Braulio da Silva Machado,UTC,2021-09-22T23:30:00+00:00,1632353400,1632353400,1632357000,,Estádio Cícero Pompeu de Toledo,"São Paulo, São Paulo",Match Finished,FT,90,71,Serie A,Brazil,https://media.api-sports.io/football/leagues/71.png,https://media.api-sports.io/flags/br.svg,2021,Regular Season - 19,126,Sao Paulo,https://media.api-sports.io/football/teams/126.png,,125,America Mineiro,https://media.api-sports.io/football/teams/125.png,,0,0,0,0,0,0,,,,
689124,Caio Max Augusto Vieira,UTC,2021-09-25T20:00:00+00:00,1632600000,1632600000,1632603600,225.0,Estádio Governador Plácido Aderaldo Castelo,"Fortaleza, Ceará",Match Finished,FT,90,71,Serie A,Brazil,https://media.api-sports.io/football/leagues/71.png,https://media.api-sports.io/flags/br.svg,2021,Regular Season - 22,129,Ceara,https://media.api-sports.io/football/teams/129.png,True,132,Chapecoense-sc,https://media.api-sports.io/football/teams/132.png,False,1,0,0,0,1,0,,,,
689120,Raphael Claus,UTC,2021-09-25T22:00:00+00:00,1632607200,1632607200,1632610800,11531.0,Neo Química Arena,"São Paulo, São Paulo",Match Finished,FT,90,71,Serie A,Brazil,https://media.api-sports.io/football/leagues/71.png,https://media.api-sports.io/flags/br.svg,2021,Regular Season - 22,131,Corinthians,https://media.api-sports.io/football/teams/131.png,True,121,Palmeiras,https://media.api-sports.io/football/teams/121.png,False,2,1,1,1,2,1,,,,
689121,Wilton Pereira Sampaio,UTC,2021-09-26T00:00:00+00:00,1632614400,1632614400,1632618000,,Estádio Cícero Pompeu de Toledo,"São Paulo, São Paulo",Match Finished,FT,90,71,Serie A,Brazil,https://media.api-sports.io/football/leagues/71.png,https://media.api-sports.io/flags/br.svg,2021,Regular Season - 22,126,Sao Paulo,https://media.api-sports.io/football/teams/126.png,,1062,Atletico-MG,https://media.api-sports.io/football/teams/1062.png,,0,0,0,0,0,0,,,,
689122,Anderson Daronco,UTC,2021-09-26T14:00:00+00:00,1632664800,1632664800,1632668400,206.0,Estádio Raimundo Sampaio,"Belo Horizonte, Minas Gerais",Match Finished,FT,90,71,Serie A,Brazil,https://media.api-sports.io/football/leagues/71.png,https://media.api-sports.io/flags/br.svg,2021,Regular Season - 22,125,America Mineiro,https://media.api-sports.io/football/teams/125.png,,127,Flamengo,https://media.api-sports.io/football/teams/127.png,,1,1,0,0,1,1,,,,
689123,Bruno Arleu de Araujo,UTC,2021-09-26T19:00:00+00:00,1632682800,1632682800,1632686400,244.0,Estádio José Pinheiro Borda,"Porto Alegre, Rio Grande do Sul",Match Finished,FT,90,71,Serie A,Brazil,https://media.api-sports.io/football/leagues/71.png,https://media.api-sports.io/flags/br.svg,2021,Regular Season - 22,119,Internacional,https://media.api-sports.io/football/teams/119.png,True,118,Bahia,https://media.api-sports.io/football/teams/118.png,False,2,0,1,0,2,0,,,,
689119,Leandro Vuaden,UTC,2021-09-26T19:00:00+00:00,1632682800,1632682800,1632686400,,Estadio Jornalista Mário Filho,"Rio de Janeiro, Rio de Janeiro",Match Finished,FT,90,71,Serie A,Brazil,https://media.api-sports.io/football/leagues/71.png,https://media.api-sports.io/flags/br.svg,2021,Regular Season - 22,124,Fluminense,https://media.api-sports.io/football/teams/124.png,True,794,RB Bragantino,https://media.api-sports.io/football/teams/794.png,False,2,1,2,0,2,1,,,,
689127,Jefferson Ferreira de Moraes,UTC,2021-09-26T19:00:00+00:00,1632682800,1632682800,1632686400,248.0,Estádio Alfredo Jaconi,"Caxias do Sul, Rio Grande do Sul",Match Finished,FT,90,71,Serie A,Brazil,https://media.api-sports.io/football/leagues/71.png,https://media.api-sports.io/flags/br.svg,2021,Regular Season - 22,152,Juventude,https://media.api-sports.io/football/teams/152.png,True,128,Santos,https://media.api-sports.io/football/teams/128.png,False,3,0,1,0,3,0,,,,
689125,Wagner do Nascimento Magalhaes,UTC,2021-09-26T21:15:00+00:00,1632690900,1632690900,1632694500,253.0,Itaipava Arena Pernambuco,"Recife, Pernambuco",Match Finished,FT,90,71,Serie A,Brazil,https://media.api-sports.io/football/leagues/71.png,https://media.api-sports.io/flags/br.svg,2021,Regular Season - 22,123,Sport Recife,https://media.api-sports.io/football/teams/123.png,False,154,Fortaleza EC,https://media.api-sports.io/football/teams/154.png,True,0,1,0,1,0,1,,,,
689126,Luiz Flavio De Oliveira,UTC,2021-09-26T21:15:00+00:00,1632690900,1632690900,1632694500,10493.0,Arena da Baixada,"Curitiba, Paraná",Match Finished,FT,90,71,Serie A,Brazil,https://media.api-sports.io/football/leagues/71.png,https://media.api-sports.io/flags/br.svg,2021,Regular Season - 22,134,Atletico Paranaense,https://media.api-sports.io/football/teams/134.png,True,130,Gremio,https://media.api-sports.io/football/teams/130.png,False,4,2,2,0,4,2,,,,
689128,Marielson Alves Silva,UTC,2021-09-26T23:30:00+00:00,1632699000,1632699000,1632702600,211.0,Estádio Antônio Accioly,"Goiânia, Goiás",Match Finished,FT,90,71,Serie A,Brazil,https://media.api-sports.io/football/leagues/71.png,https://media.api-sports.io/flags/br.svg,2021,Regular Season - 22,144,Atletico Goianiense,https://media.api-sports.io/football/teams/144.png,,1193,Cuiaba,https://media.api-sports.io/football/teams/1193.png,,0,0,0,0,0,0,,,,
689134,Alisson Furtado,UTC,2021-10-02T20:00:00+00:00,1633204800,1633204800,1633208400,225.0,Estádio Governador Plácido Aderaldo Castelo,"Fortaleza, Ceará",Match Finished,FT,90,71,Serie A,Brazil,https://media.api-sports.io/football/leagues/71.png,https://media.api-sports.io/flags/br.svg,2021,Regular Season - 23,154,Fortaleza EC,https://media.api-sports.io/football/teams/154.png,False,144,Atletico Goianiense,https://media.api-sports.io/football/teams/144.png,True,0,3,0,1,0,3,,,,
689138,Rafael Traci,UTC,2021-10-02T20:00:00+00:00,1633204800,1633204800,1633208400,235.0,Arena Pantanal,"Cuiabá, Mato Grosso",Match Finished,FT,90,71,Serie A,Brazil,https://media.api-sports.io/football/leagues/71.png,https://media.api-sports.io/flags/br.svg,2021,Regular Season - 23,1193,Cuiaba,https://media.api-sports.io/football/teams/1193.png,False,125,America Mineiro,https://media.api-sports.io/football/teams/125.png,True,0,2,0,1,0,2,,,,
689136,Flavio Rodrigues De Souza,UTC,2021-10-02T22:00:00+00:00,1633212000,1633212000,1633215600,220.0,Estádio Nabi Abi Chedid,"Bragança Paulista, São Paulo",Match Finished,FT,90,71,Serie A,Brazil,https://media.api-sports.io/football/leagues/71.png,https://media.api-sports.io/flags/br.svg,2021,Regular Season - 23,794,RB Bragantino,https://media.api-sports.io/football/teams/794.png,,131,Corinthians,https://media.api-sports.io/football/teams/131.png,,2,2,0,0,2,2,,,,
689132,Luiz Flavio De Oliveira,UTC,2021-10-03T00:00:00+00:00,1633219200,1633219200,1633222800,234.0,Estádio Governador Magalhães Pinto,"Belo Horizonte, Minas Gerais",Match Finished,FT,90,71,Serie A,Brazil,https://media.api-sports.io/football/leagues/71.png,https://media.api-sports.io/flags/br.svg,2021,Regular Season - 23,1062,Atletico-MG,https://media.api-sports.io/football/teams/1062.png,True,119,Internacional,https://media.api-sports.io/football/teams/119.png,False,1,0,0,0,1,0,,,,
689129,Savio Pereira,UTC,2021-10-03T19:00:00+00:00,1633287600,1633287600,1633291200,,Estadio Jornalista Mário Filho,"Rio de Janeiro, Rio de Janeiro",Match Finished,FT,90,71,Serie A,Brazil,https://media.api-sports.io/football/leagues/71.png,https://media.api-sports.io/flags/br.svg,2021,Regular Season - 23,127,Flamengo,https://media.api-sports.io/football/teams/127.png,True,134,Atletico Paranaense,https://media.api-sports.io/football/teams/134.png,False,3,0,3,0,3,0,,,,
689137,Marielson Alves Silva,UTC,2021-10-03T19:00:00+00:00,1633287600,1633287600,1633291200,227.0,Arena Condá,"Chapecó, Santa Catarina",Match Finished,FT,90,71,Serie A,Brazil,https://media.api-sports.io/football/leagues/71.png,https://media.api-sports.io/flags/br.svg,2021,Regular Season - 23,132,Chapecoense-sc,https://media.api-sports.io/football/teams/132.png,,126,Sao Paulo,https://media.api-sports.io/football/teams/126.png,,1,1,0,1,1,1,,,,
689130,Marcelo de Lima Henrique,UTC,2021-10-03T21:15:00+00:00,1633295700,1633295700,1633299300,258.0,Allianz Parque,"São Paulo, São Paulo",Match Finished,FT,90,71,Serie A,Brazil,https://media.api-sports.io/football/leagues/71.png,https://media.api-sports.io/flags/br.svg,2021,Regular Season - 23,121,Palmeiras,https://media.api-sports.io/football/teams/121.png,,152,Juventude,https://media.api-sports.io/football/teams/152.png,,1,1,1,1,1,1,,,,
689133,Felipe Fernandes de Lima,UTC,2021-10-03T23:30:00+00:00,1633303800,1633303800,1633307400,241.0,Arena do Grêmio,"Porto Alegre, Rio Grande do Sul",Match Finished,FT,90,71,Serie A,Brazil,https://media.api-sports.io/football/leagues/71.png,https://media.api-sports.io/flags/br.svg,2021,Regular Season - 23,130,Gremio,https://media.api-sports.io/football/teams/130.png,False,123,Sport Recife,https://media.api-sports.io/football/teams/123.png,True,1,2,0,0,1,2,,,,
689140,Denis Ribeiro Serafim,UTC,2021-10-06T00:30:00+00:00,1633480200,1633480200,1633483800,11531.0,Neo Química Arena,"São Paulo, São Paulo",Match Finished,FT,90,71,Serie A,Brazil,https://media.api-sports.io/football/leagues/71.png,https://media.api-sports.io/flags/br.svg,2021,Regular Season - 24,131,Corinthians,https://media.api-sports.io/football/teams/131.png,True,118,Bahia,https://media.api-sports.io/football/teams/118.png,False,3,1,1,1,3,1,,,,
689145,Braulio da Silva Machado,UTC,2021-10-06T22:00:00+00:00,1633557600,1633557600,1633561200,253.0,Itaipava Arena Pernambuco,"Recife, Pernambuco",Match Finished,FT,90,71,Serie A,Brazil,https://media.api-sports.io/football/leagues/71.png,https://media.api-sports.io/flags/br.svg,2021,Regular Season - 24,123,Sport Recife,https://media.api-sports.io/football/teams/123.png,True,152,Juventude,https://media.api-sports.io/football/teams/152.png,False,3,1,1,0,3,1,,,,
689144,Rodolpho Toski Marques,UTC,2021-10-06T22:00:00+00:00,1633557600,1633557600,1633561200,225.0,Estádio Governador Plácido Aderaldo Castelo,"Fortaleza, Ceará",Match Finished,FT,90,71,Serie A,Brazil,https://media.api-sports.io/football/leagues/71.png,https://media.api-sports.io/flags/br.svg,2021,Regular Season - 24,129,Ceara,https://media.api-sports.io/football/teams/129.png,,119,Internacional,https://media.api-sports.io/football/teams/119.png,,0,0,0,0,0,0,,,,
689147,André Castro,UTC,2021-10-06T22:00:00+00:00,1633557600,1633557600,1633561200,227.0,Arena Condá,"Chapecó, Santa Catarina",Match Finished,FT,90,71,Serie A,Brazil,https://media.api-sports.io/football/leagues/71.png,https://media.api-sports.io/flags/br.svg,2021,Regular Season - 24,132,Chapecoense-sc,https://media.api-sports.io/football/teams/132.png,,1062,Atletico-MG,https://media.api-sports.io/football/teams/1062.png,,2,2,1,1,2,2,,,,
689148,Wagner do Nascimento Magalhaes,UTC,2021-10-06T22:00:00+00:00,1633557600,1633557600,1633561200,211.0,Estádio Antônio Accioly,"Goiânia, Goiás",Match Finished,FT,90,71,Serie A,Brazil,https://media.api-sports.io/football/leagues/71.png,https://media.api-sports.io/flags/br.svg,2021,Regular Season - 24,144,Atletico Goianiense,https://media.api-sports.io/football/teams/144.png,False,134,Atletico Paranaense,https://media.api-sports.io/football/teams/134.png,True,0,2,0,1,0,2,,,,
689146,Ramon Abatti,UTC,2021-10-06T23:30:00+00:00,1633563000,1633563000,1633566600,220.0,Estádio Nabi Abi Chedid,"Bragança Paulista, São Paulo",Match Finished,FT,90,71,Serie A,Brazil,https://media.api-sports.io/football/leagues/71.png,https://media.api-sports.io/flags/br.svg,2021,Regular Season - 24,794,RB Bragantino,https://media.api-sports.io/football/teams/794.png,,127,Flamengo,https://media.api-sports.io/football/teams/127.png,,1,1,0,1,1,1,,,,
689139,Paulo Roberto Alves Júnior,UTC,2021-10-07T00:30:00+00:00,1633566600,1633566600,1633570200,,Estadio Jornalista Mário Filho,"Rio de Janeiro, Rio de Janeiro",Match Finished,FT,90,71,Serie A,Brazil,https://media.api-sports.io/football/leagues/71.png,https://media.api-sports.io/flags/br.svg,2021,Regular Season - 24,124,Fluminense,https://media.api-sports.io/football/teams/124.png,False,154,Fortaleza EC,https://media.api-sports.io/football/teams/154.png,True,0,2,0,0,0,2,,,,
689142,Leandro Vuaden,UTC,2021-10-07T00:30:00+00:00,1633566600,1633566600,1633570200,206.0,Estádio Raimundo Sampaio,"Belo Horizonte, Minas Gerais",Match Finished,FT,90,71,Serie A,Brazil,https://media.api-sports.io/football/leagues/71.png,https://media.api-sports.io/flags/br.svg,2021,Regular Season - 24,125,America Mineiro,https://media.api-sports.io/football/teams/125.png,True,121,Palmeiras,https://media.api-sports.io/football/teams/121.png,False,2,1,0,1,2,1,,,,
689143,Wilton Pereira Sampaio,UTC,2021-10-07T00:30:00+00:00,1633566600,1633566600,1633570200,241.0,Arena do Grêmio,"Porto Alegre, Rio Grande do Sul",Match Finished,FT,90,71,Serie A,Brazil,https://media.api-sports.io/football/leagues/71.png,https://media.api-sports.io/flags/br.svg,2021,Regular Season - 24,130,Gremio,https://media.api-sports.io/football/teams/130.png,,1193,Cuiaba,https://media.api-sports.io/football/teams/1193.png,,2,2,0,1,2,2,,,,
689141,Raphael Claus,UTC,2021-10-07T21:30:00+00:00,1633642200,1633642200,1633645800,,Estádio Cícero Pompeu de Toledo,"São Paulo, São Paulo",Match Finished,FT,90,71,Serie A,Brazil,https://media.api-sports.io/football/leagues/71.png,https://media.api-sports.io/flags/br.svg,2021,Regular Season - 24,126,Sao Paulo,https://media.api-sports.io/football/teams/126.png,,128,Santos,https://media.api-sports.io/football/teams/128.png,,1,1,1,1,1,1,,,,
689155,Savio Pereira,UTC,2021-10-09T19:30:00+00:00,1633807800,1633807800,1633811400,253.0,Itaipava Arena Pernambuco,"Recife, Pernambuco",Match Finished,FT,90,71,Serie A,Brazil,https://media.api-sports.io/football/leagues/71.png,https://media.api-sports.io/flags/br.svg,2021,Regular Season - 25,123,Sport Recife,https://media.api-sports.io/football/teams/123.png,True,131,Corinthians,https://media.api-sports.io/football/teams/131.png,False,1,0,0,0,1,0,,,,
689149,Edina Alves Batista,UTC,2021-10-09T19:30:00+00:00,1633807800,1633807800,1633811400,,Estadio Jornalista Mário Filho,"Rio de Janeiro, Rio de Janeiro",Match Finished,FT,90,71,Serie A,Brazil,https://media.api-sports.io/football/leagues/71.png,https://media.api-sports.io/flags/br.svg,2021,Regular Season - 25,124,Fluminense,https://media.api-sports.io/football/teams/124.png,,144,Atletico Goianiense,https://media.api-sports.io/football/teams/144.png,,0,0,0,0,0,0,,,,
689152,Jefferson Ferreira de Moraes,UTC,2021-10-09T19:30:00+00:00,1633807800,1633807800,1633811400,234.0,Estádio Governador Magalhães Pinto,"Belo Horizonte, Minas Gerais",Match Finished,FT,90,71,Serie A,Brazil,https://media.api-sports.io/football/leagues/71.png,https://media.api-sports.io/flags/br.svg,2021,Regular Season - 25,1062,Atletico-MG,https://media.api-sports.io/football/teams/1062.png,True,129,Ceara,https://media.api-sports.io/football/teams/129.png,False,3,1,2,0,3,1,,,,
689156,Marcelo de Lima Henrique,UTC,2021-10-09T22:00:00+00:00,1633816800,1633816800,1633820400,10493.0,Arena da Baixada,"Curitiba, Paraná",Match Finished,FT,90,71,Serie A,Brazil,https://media.api-sports.io/football/leagues/71.png,https://media.api-sports.io/flags/br.svg,2021,Regular Season - 25,134,Atletico Paranaense,https://media.api-sports.io/football/teams/134.png,False,118,Bahia,https://media.api-sports.io/football/teams/118.png,True,0,2,0,1,0,2,,,,
689154,Felipe Fernandes de Lima,UTC,2021-10-09T22:00:00+00:00,1633816800,1633816800,1633820400,225.0,Estádio Governador Plácido Aderaldo Castelo,"Fortaleza, Ceará",Match Finished,FT,90,71,Serie A,Brazil,https://media.api-sports.io/football/leagues/71.png,https://media.api-sports.io/flags/br.svg,2021,Regular Season - 25,154,Fortaleza EC,https://media.api-sports.io/football/teams/154.png,False,127,Flamengo,https://media.api-sports.io/football/teams/127.png,True,0,3,0,0,0,3,,,,
689150,Rafael Traci,UTC,2021-10-10T00:00:00+00:00,1633824000,1633824000,1633827600,258.0,Allianz Parque,"São Paulo, São Paulo",Match Finished,FT,90,71,Serie A,Brazil,https://media.api-sports.io/football/leagues/71.png,https://media.api-sports.io/flags/br.svg,2021,Regular Season - 25,121,Palmeiras,https://media.api-sports.io/football/teams/121.png,False,794,RB Bragantino,https://media.api-sports.io/football/teams/794.png,True,2,4,1,3,2,4,,,,
689157,Alexandre Vargas Tavares de Jesus,UTC,2021-10-10T00:00:00+00:00,1633824000,1633824000,1633827600,248.0,Estádio Alfredo Jaconi,"Caxias do Sul, Rio Grande do Sul",Match Finished,FT,90,71,Serie A,Brazil,https://media.api-sports.io/football/leagues/71.png,https://media.api-sports.io/flags/br.svg,2021,Regular Season - 25,152,Juventude,https://media.api-sports.io/football/teams/152.png,,125,America Mineiro,https://media.api-sports.io/football/teams/125.png,,1,1,1,1,1,1,,,,
689153,Alisson Furtado,UTC,2021-10-10T14:00:00+00:00,1633874400,1633874400,1633878000,244.0,Estádio José Pinheiro Borda,"Porto Alegre, Rio Grande do Sul",Match Finished,FT,90,71,Serie A,Brazil,https://media.api-sports.io/football/leagues/71.png,https://media.api-sports.io/flags/br.svg,2021,Regular Season - 25,119,Internacional,https://media.api-sports.io/football/teams/119.png,True,132,Chapecoense-sc,https://media.api-sports.io/football/teams/132.png,False,5,2,4,0,5,2,,,,
689151,Bruno Arleu de Araujo,UTC,2021-10-10T19:00:00+00:00,1633892400,1633892400,1633896000,10494.0,Estádio Urbano Caldeira,"Santos, São Paulo",Match Finished,FT,90,71,Serie A,Brazil,https://media.api-sports.io/football/leagues/71.png,https://media.api-sports.io/flags/br.svg,2021,Regular Season - 25,128,Santos,https://media.api-sports.io/football/teams/128.png,True,130,Gremio,https://media.api-sports.io/football/teams/130.png,False,1,0,0,0,1,0,,,,
689158,Anderson Daronco,UTC,2021-10-11T23:00:00+00:00,1633993200,1633993200,1633996800,235.0,Arena Pantanal,"Cuiabá, Mato Grosso",Match Finished,FT,90,71,Serie A,Brazil,https://media.api-sports.io/football/leagues/71.png,https://media.api-sports.io/flags/br.svg,2021,Regular Season - 25,1193,Cuiaba,https://media.api-sports.io/football/teams/1193.png,,126,Sao Paulo,https://media.api-sports.io/football/teams/126.png,,0,0,0,0,0,0,,,,
689166,Savio Pereira,UTC,2021-10-12T22:00:00+00:00,1634076000,1634076000,1634079600,220.0,Estádio Nabi Abi Chedid,"Bragança Paulista, São Paulo",Match Finished,FT,90,71,Serie A,Brazil,https://media.api-sports.io/football/leagues/71.png,https://media.api-sports.io/flags/br.svg,2021,Regular Season - 26,794,RB Bragantino,https://media.api-sports.io/football/teams/794.png,True,144,Atletico Goianiense,https://media.api-sports.io/football/teams/144.png,False,1,0,0,0,1,0,,,,
689165,Ramon Abatti,UTC,2021-10-13T00:30:00+00:00,1634085000,1634085000,1634088600,216.0,Arena Fonte Nova,"Salvador, Bahia",Match Finished,FT,90,71,Serie A,Brazil,https://media.api-sports.io/football/leagues/71.png,https://media.api-sports.io/flags/br.svg,2021,Regular Season - 26,118,Bahia,https://media.api-sports.io/football/teams/118.png,,121,Palmeiras,https://media.api-sports.io/football/teams/121.png,,0,0,0,0,0,0,,,,
689159,André Castro,UTC,2021-10-13T22:00:00+00:00,1634162400,1634162400,1634166000,,Estadio Jornalista Mário Filho,"Rio de Janeiro, Rio de Janeiro",Match Finished,FT,90,71,Serie A,Brazil,https://media.api-sports.io/football/leagues/71.png,https://media.api-sports.io/flags/br.svg,2021,Regular Season - 26,127,Flamengo,https://media.api-sports.io/football/teams/127.png,True,152,Juventude,https://media.api-sports.io/football/teams/152.png,False,3,1,3,0,3,1,,,,
689167,Luiz Flavio De Oliveira,UTC,2021-10-13T22:00:00+00:00,1634162400,1634162400,1634166000,227.0,Arena Condá,"Chapecó, Santa Catarina",Match Finished,FT,90,71,Serie A,Brazil,https://media.api-sports.io/football/leagues/71.png,https://media.api-sports.io/flags/br.svg,2021,Regular Season - 26,132,Chapecoense-sc,https://media.api-sports.io/football/teams/132.png,,134,Atletico Paranaense,https://media.api-sports.io/football/teams/134.png,,1,1,0,0,1,1,,,,
689162,Paulo Roberto Alves Júnior,UTC,2021-10-13T22:00:00+00:00,1634162400,1634162400,1634166000,234.0,Estádio Governador Magalhães Pinto,"Belo Horizonte, Minas Gerais",Match Finished,FT,90,71,Serie A,Brazil,https://media.api-sports.io/football/leagues/71.png,https://media.api-sports.io/flags/br.svg,2021,Regular Season - 26,1062,Atletico-MG,https://media.api-sports.io/football/teams/1062.png,True,128,Santos,https://media.api-sports.io/football/teams/128.png,False,3,1,0,0,3,1,,,,
689164,Vinicius Gonçalves Dias Araujo,UTC,2021-10-13T23:30:00+00:00,1634167800,1634167800,1634171400,225.0,Estádio Governador Plácido Aderaldo Castelo,"Fortaleza, Ceará",Match Finished,FT,90,71,Serie A,Brazil,https://media.api-sports.io/football/leagues/71.png,https://media.api-sports.io/flags/br.svg,2021,Regular Season - 26,154,Fortaleza EC,https://media.api-sports.io/football/teams/154.png,True,130,Gremio,https://media.api-sports.io/football/teams/130.png,False,1,0,0,0,1,0,,,,
689160,Marielson Alves Silva,UTC,2021-10-14T00:00:00+00:00,1634169600,1634169600,1634173200,11531.0,Neo Química Arena,"São Paulo, São Paulo",Match Finished,FT,90,71,Serie A,Brazil,https://media.api-sports.io/football/leagues/71.png,https://media.api-sports.io/flags/br.svg,2021,Regular Season - 26,131,Corinthians,https://media.api-sports.io/football/teams/131.png,True,124,Fluminense,https://media.api-sports.io/football/teams/124.png,False,1,0,0,0,1,0,,,,
689163,Caio Max Augusto Vieira,UTC,2021-10-14T00:30:00+00:00,1634171400,1634171400,1634175000,244.0,Estádio José Pinheiro Borda,"Porto Alegre, Rio Grande do Sul",Match Finished,FT,90,71,Serie A,Brazil,https://media.api-sports.io/football/leagues/71.png,https://media.api-sports.io/flags/br.svg,2021,Regular Season - 26,119,Internacional,https://media.api-sports.io/football/teams/119.png,True,125,America Mineiro,https://media.api-sports.io/football/teams/125.png,False,3,1,1,1,3,1,,,,
689161,Paulo Cesar Zanovelli,UTC,2021-10-14T22:00:00+00:00,1634248800,1634248800,1634252400,,Estádio Cícero Pompeu de Toledo,"São Paulo, São Paulo",Match Finished,FT,90,71,Serie A,Brazil,https://media.api-sports.io/football/leagues/71.png,https://media.api-sports.io/flags/br.svg,2021,Regular Season - 26,126,Sao Paulo,https://media.api-sports.io/football/teams/126.png,,129,Ceara,https://media.api-sports.io/football/teams/129.png,,1,1,0,1,1,1,,,,
689168,Leandro Vuaden,UTC,2021-10-14T22:00:00+00:00,1634248800,1634248800,1634252400,235.0,Arena Pantanal,"Cuiabá, Mato Grosso",Match Finished,FT,90,71,Serie A,Brazil,https://media.api-sports.io/football/leagues/71.png,https://media.api-sports.io/flags/br.svg,2021,Regular Season - 26,1193,Cuiaba,https://media.api-sports.io/football/teams/1193.png,True,123,Sport Recife,https://media.api-sports.io/football/teams/123.png,False,1,0,0,0,1,0,,,,
689177,Zandick Gondim Alves Junior,UTC,2021-10-16T22:00:00+00:00,1634421600,1634421600,1634425200,227.0,Arena Condá,"Chapecó, Santa Catarina",Match Finished,FT,90,71,Serie A,Brazil,https://media.api-sports.io/football/leagues/71.png,https://media.api-sports.io/flags/br.svg,2021,Regular Season - 27,132,Chapecoense-sc,https://media.api-sports.io/football/teams/132.png,False,154,Fortaleza EC,https://media.api-sports.io/football/teams/154.png,True,1,2,1,1,1,2,,,,
689172,Alisson Furtado,UTC,2021-10-17T00:00:00+00:00,1634428800,1634428800,1634432400,206.0,Estádio Raimundo Sampaio,"Belo Horizonte, Minas Gerais",Match Finished,FT,90,71,Serie A,Brazil,https://media.api-sports.io/football/leagues/71.png,https://media.api-sports.io/flags/br.svg,2021,Regular Season - 27,125,America Mineiro,https://media.api-sports.io/football/teams/125.png,,118,Bahia,https://media.api-sports.io/football/teams/118.png,,0,0,0,0,0,0,,,,
689170,Braulio da Silva Machado,UTC,2021-10-17T19:00:00+00:00,1634497200,1634497200,1634500800,258.0,Allianz Parque,"São Paulo, São Paulo",Match Finished,FT,90,71,Serie A,Brazil,https://media.api-sports.io/football/leagues/71.png,https://media.api-sports.io/flags/br.svg,2021,Regular Season - 27,121,Palmeiras,https://media.api-sports.io/football/teams/121.png,True,119,Internacional,https://media.api-sports.io/football/teams/119.png,False,1,0,0,0,1,0,,,,
689176,Felipe Fernandes de Lima,UTC,2021-10-17T19:00:00+00:00,1634497200,1634497200,1634500800,10493.0,Arena da Baixada,"Curitiba, Paraná",Match Finished,FT,90,71,Serie A,Brazil,https://media.api-sports.io/football/leagues/71.png,https://media.api-sports.io/flags/br.svg,2021,Regular Season - 27,134,Atletico Paranaense,https://media.api-sports.io/football/teams/134.png,False,124,Fluminense,https://media.api-sports.io/football/teams/124.png,True,0,1,0,1,0,1,,,,
689174,Wagner do Nascimento Magalhaes,UTC,2021-10-17T21:15:00+00:00,1634505300,1634505300,1634508900,225.0,Estádio Governador Plácido Aderaldo Castelo,"Fortaleza, Ceará",Match Finished,FT,90,71,Serie A,Brazil,https://media.api-sports.io/football/leagues/71.png,https://media.api-sports.io/flags/br.svg,2021,Regular Season - 27,129,Ceara,https://media.api-sports.io/football/teams/129.png,,794,RB Bragantino,https://media.api-sports.io/football/teams/794.png,,2,2,0,1,2,2,,,,
689173,Marcelo de Lima Henrique,UTC,2021-10-17T21:15:00+00:00,1634505300,1634505300,1634508900,241.0,Arena do Grêmio,"Porto Alegre, Rio Grande do Sul",Match Finished,FT,90,71,Serie A,Brazil,https://media.api-sports.io/football/leagues/71.png,https://media.api-sports.io/flags/br.svg,2021,Regular Season - 27,130,Gremio,https://media.api-sports.io/football/teams/130.png,True,152,Juventude,https://media.api-sports.io/football/teams/152.png,False,3,2,2,0,3,2,,,,
689178,Raphael Claus,UTC,2021-10-17T21:15:00+00:00,1634505300,1634505300,1634508900,211.0,Estádio Antônio Accioly,"Goiânia, Goiás",Match Finished,FT,90,71,Serie A,Brazil,https://media.api-sports.io/football/leagues/71.png,https://media.api-sports.io/flags/br.svg,2021,Regular Season - 27,144,Atletico Goianiense,https://media.api-sports.io/football/teams/144.png,True,1062,Atletico-MG,https://media.api-sports.io/football/teams/1062.png,False,2,1,0,0,2,1,,,,
689175,Anderson Daronco,UTC,2021-10-17T23:30:00+00:00,1634513400,1634513400,1634517000,276.0,Estádio Adelmar da Costa Carvalho,"Recife, Pernambuco",Match Finished,FT,90,71,Serie A,Brazil,https://media.api-sports.io/football/leagues/71.png,https://media.api-sports.io/flags/br.svg,2021,Regular Season - 27,123,Sport Recife,https://media.api-sports.io/football/teams/123.png,,128,Santos,https://media.api-sports.io/football/teams/128.png,,0,0,0,0,0,0,,,,
689169,Flavio Rodrigues De Souza,UTC,2021-10-17T23:30:00+00:00,1634513400,1634513400,1634517000,,Estadio Jornalista Mário Filho,"Rio de Janeiro, Rio de Janeiro",Match Finished,FT,90,71,Serie A,Brazil,https://media.api-sports.io/football/leagues/71.png,https://media.api-sports.io/flags/br.svg,2021,Regular Season - 27,127,Flamengo,https://media.api-sports.io/football/teams/127.png,,1193,Cuiaba,https://media.api-sports.io/football/teams/1193.png,,0,0,0,0,0,0,,,,
689171,Leandro Vuaden,UTC,2021-10-18T23:00:00+00:00,1634598000,1634598000,1634601600,,Estádio Cícero Pompeu de Toledo,"São Paulo, São Paulo",Match Finished,FT,90,71,Serie A,Brazil,https://media.api-sports.io/football/leagues/71.png,https://media.api-sports.io/flags/br.svg,2021,Regular Season - 27,126,Sao Paulo,https://media.api-sports.io/football/teams/126.png,True,131,Corinthians,https://media.api-sports.io/football/teams/131.png,False,1,0,1,0,1,0,,,,
689094,André Castro,UTC,2021-10-20T22:00:00+00:00,1634767200,1634767200,1634770800,225.0,Estádio Governador Plácido Aderaldo Castelo,"Fortaleza, Ceará",Match Finished,FT,90,71,Serie A,Brazil,https://media.api-sports.io/football/leagues/71.png,https://media.api-sports.io/flags/br.svg,2021,Regular Season - 19,129,Ceara,https://media.api-sports.io/football/teams/129.png,False,121,Palmeiras,https://media.api-sports.io/football/teams/121.png,True,1,2,0,1,1,2,,,,
689093,Marielson Alves Silva,UTC,2021-10-21T23:00:00+00:00,1634857200,1634857200,1634860800,244.0,Estádio José Pinheiro Borda,"Porto Alegre, Rio Grande do Sul",Match Finished,FT,90,71,Serie A,Brazil,https://media.api-sports.io/football/leagues/71.png,https://media.api-sports.io/flags/br.svg,2021,Regular Season - 19,119,Internacional,https://media.api-sports.io/football/teams/119.png,,794,RB Bragantino,https://media.api-sports.io/football/teams/794.png,,1,1,1,0,1,1,,,,
689181,Marcelo de Lima Henrique,UTC,2021-10-23T20:00:00+00:00,1635019200,1635019200,1635022800,10494.0,Estádio Urbano Caldeira,"Santos, São Paulo",Match Finished,FT,90,71,Serie A,Brazil,https://media.api-sports.io/football/leagues/71.png,https://media.api-sports.io/flags/br.svg,2021,Regular Season - 28,128,Santos,https://media.api-sports.io/football/teams/128.png,False,125,America Mineiro,https://media.api-sports.io/football/teams/125.png,True,0,2,0,1,0,2,,,,
689187,Rodolpho Toski Marques,UTC,2021-10-23T20:00:00+00:00,1635019200,1635019200,1635022800,248.0,Estádio Alfredo Jaconi,"Caxias do Sul, Rio Grande do Sul",Match Finished,FT,90,71,Serie A,Brazil,https://media.api-sports.io/football/leagues/71.png,https://media.api-sports.io/flags/br.svg,2021,Regular Season - 28,152,Juventude,https://media.api-sports.io/football/teams/152.png,,129,Ceara,https://media.api-sports.io/football/teams/129.png,,0,0,0,0,0,0,,,,
689179,Vinicius Gonçalves Dias Araujo,UTC,2021-10-23T22:00:00+00:00,1635026400,1635026400,1635030000,,Estadio Jornalista Mário Filho,"Rio de Janeiro, Rio de Janeiro",Match Finished,FT,90,71,Serie A,Brazil,https://media.api-sports.io/football/leagues/71.png,https://media.api-sports.io/flags/br.svg,2021,Regular Season - 28,124,Fluminense,https://media.api-sports.io/football/teams/124.png,True,127,Flamengo,https://media.api-sports.io/football/teams/127.png,False,3,1,1,0,3,1,,,,
689184,Denis Ribeiro Serafim,UTC,2021-10-23T22:15:00+00:00,1635027300,1635027300,1635030900,225.0,Estádio Governador Plácido Aderaldo Castelo,"Fortaleza, Ceará",Match Finished,FT,90,71,Serie A,Brazil,https://media.api-sports.io/football/leagues/71.png,https://media.api-sports.io/flags/br.svg,2021,Regular Season - 28,154,Fortaleza EC,https://media.api-sports.io/football/teams/154.png,True,134,Atletico Paranaense,https://media.api-sports.io/football/teams/134.png,False,3,0,2,0,3,0,,,,
689183,Bruno Arleu de Araujo,UTC,2021-10-24T19:00:00+00:00,1635102000,1635102000,1635105600,244.0,Estádio José Pinheiro Borda,"Porto Alegre, Rio Grande do Sul",Match Finished,FT,90,71,Serie A,Brazil,https://media.api-sports.io/football/leagues/71.png,https://media.api-sports.io/flags/br.svg,2021,Regular Season - 28,119,Internacional,https://media.api-sports.io/football/teams/119.png,,131,Corinthians,https://media.api-sports.io/football/teams/131.png,,2,2,1,0,2,2,,,,
689182,Savio Pereira,UTC,2021-10-24T19:00:00+00:00,1635102000,1635102000,1635105600,234.0,Estádio Governador Magalhães Pinto,"Belo Horizonte, Minas Gerais",Match Finished,FT,90,71,Serie A,Brazil,https://media.api-sports.io/football/leagues/71.png,https://media.api-sports.io/flags/br.svg,2021,Regular Season - 28,1062,Atletico-MG,https://media.api-sports.io/football/teams/1062.png,True,1193,Cuiaba,https://media.api-sports.io/football/teams/1193.png,False,2,1,2,1,2,1,,,,
689186,Felipe Fernandes de Lima,UTC,2021-10-24T21:15:00+00:00,1635110100,1635110100,1635113700,220.0,Estádio Nabi Abi Chedid,"Bragança Paulista, São Paulo",Match Finished,FT,90,71,Serie A,Brazil,https://media.api-sports.io/football/leagues/71.png,https://media.api-sports.io/flags/br.svg,2021,Regular Season - 28,794,RB Bragantino,https://media.api-sports.io/football/teams/794.png,True,126,Sao Paulo,https://media.api-sports.io/football/teams/126.png,False,1,0,0,0,1,0,,,,
689185,Wilton Pereira Sampaio,UTC,2021-10-24T23:30:00+00:00,1635118200,1635118200,1635121800,216.0,Arena Fonte Nova,"Salvador, Bahia",Match Finished,FT,90,71,Serie A,Brazil,https://media.api-sports.io/football/leagues/71.png,https://media.api-sports.io/flags/br.svg,2021,Regular Season - 28,118,Bahia,https://media.api-sports.io/football/teams/118.png,True,132,Chapecoense-sc,https://media.api-sports.io/football/teams/132.png,False,3,0,2,0,3,0,,,,
689188,Caio Max Augusto Vieira,UTC,2021-10-25T23:00:00+00:00,1635202800,1635202800,1635206400,211.0,Estádio Antônio Accioly,"Goiânia, Goiás",Match Finished,FT,90,71,Serie A,Brazil,https://media.api-sports.io/football/leagues/71.png,https://media.api-sports.io/flags/br.svg,2021,Regular Season - 28,144,Atletico Goianiense,https://media.api-sports.io/football/teams/144.png,True,130,Gremio,https://media.api-sports.io/football/teams/130.png,False,2,0,1,0,2,0,,,,
689180,Wagner do Nascimento Magalhaes,UTC,2021-10-26T00:30:00+00:00,1635208200,1635208200,1635211800,258.0,Allianz Parque,"São Paulo, São Paulo",Match Finished,FT,90,71,Serie A,Brazil,https://media.api-sports.io/football/leagues/71.png,https://media.api-sports.io/flags/br.svg,2021,Regular Season - 28,121,Palmeiras,https://media.api-sports.io/football/teams/121.png,True,123,Sport Recife,https://media.api-sports.io/football/teams/123.png,False,2,1,0,1,2,1,,,,
689135,Antonio Dib Moraes de Sousa,UTC,2021-10-27T22:00:00+00:00,1635372000,1635372000,1635375600,216.0,Arena Fonte Nova,"Salvador, Bahia",Match Finished,FT,90,71,Serie A,Brazil,https://media.api-sports.io/football/leagues/71.png,https://media.api-sports.io/flags/br.svg,2021,Regular Season - 23,118,Bahia,https://media.api-sports.io/football/teams/118.png,,129,Ceara,https://media.api-sports.io/football/teams/129.png,,1,1,0,0,1,1,,,,
689131,Wilton Pereira Sampaio,UTC,2021-10-27T22:00:00+00:00,1635372000,1635372000,1635375600,10494.0,Estádio Urbano Caldeira,"Santos, São Paulo",Match Finished,FT,90,71,Serie A,Brazil,https://media.api-sports.io/football/leagues/71.png,https://media.api-sports.io/flags/br.svg,2021,Regular Season - 23,128,Santos,https://media.api-sports.io/football/teams/128.png,True,124,Fluminense,https://media.api-sports.io/football/teams/124.png,False,2,0,1,0,2,0,,,,
689246,Bruno Arleu de Araujo,UTC,2021-10-28T22:00:00+00:00,1635458400,1635458400,1635462000,220.0,Estádio Nabi Abi Chedid,"Bragança Paulista, São Paulo",Match Finished,FT,90,71,Serie A,Brazil,https://media.api-sports.io/football/leagues/71.png,https://media.api-sports.io/flags/br.svg,2021,Regular Season - 34,794,RB Bragantino,https://media.api-sports.io/football/teams/794.png,True,123,Sport Recife,https://media.api-sports.io/football/teams/123.png,False,3,0,1,0,3,0,,,,
689196,Leandro Vuaden,UTC,2021-10-30T20:00:00+00:00,1635624000,1635624000,1635627600,10493.0,Arena da Baixada,"Curitiba, Paraná",Match Finished,FT,90,71,Serie A,Brazil,https://media.api-sports.io/football/leagues/71.png,https://media.api-sports.io/flags/br.svg,2021,Regular Season - 29,134,Atletico Paranaense,https://media.api-sports.io/football/teams/134.png,False,128,Santos,https://media.api-sports.io/football/teams/128.png,True,0,1,0,0,0,1,,,,
689189,Anderson Daronco,UTC,2021-10-30T23:00:00+00:00,1635634800,1635634800,1635638400,,Estadio Jornalista Mário Filho,"Rio de Janeiro, Rio de Janeiro",Match Finished,FT,90,71,Serie A,Brazil,https://media.api-sports.io/football/leagues/71.png,https://media.api-sports.io/flags/br.svg,2021,Regular Season - 29,127,Flamengo,https://media.api-sports.io/football/teams/127.png,True,1062,Atletico-MG,https://media.api-sports.io/football/teams/1062.png,False,1,0,1,0,1,0,,,,
689197,Paulo Roberto Alves Júnior,UTC,2021-10-30T23:15:00+00:00,1635635700,1635635700,1635639300,248.0,Estádio Alfredo Jaconi,"Caxias do Sul, Rio Grande do Sul",Match Finished,FT,90,71,Serie A,Brazil,https://media.api-sports.io/football/leagues/71.png,https://media.api-sports.io/flags/br.svg,2021,Regular Season - 29,152,Juventude,https://media.api-sports.io/football/teams/152.png,,118,Bahia,https://media.api-sports.io/football/teams/118.png,,0,0,0,0,0,0,,,,
689192,Flavio Rodrigues De Souza,UTC,2021-10-31T01:00:00+00:00,1635642000,1635642000,1635645600,206.0,Estádio Raimundo Sampaio,"Belo Horizonte, Minas Gerais",Match Finished,FT,90,71,Serie A,Brazil,https://media.api-sports.io/football/leagues/71.png,https://media.api-sports.io/flags/br.svg,2021,Regular Season - 29,125,America Mineiro,https://media.api-sports.io/football/teams/125.png,True,154,Fortaleza EC,https://media.api-sports.io/football/teams/154.png,False,2,1,1,0,2,1,,,,
689194,Raphael Claus,UTC,2021-10-31T19:00:00+00:00,1635706800,1635706800,1635710400,225.0,Estádio Governador Plácido Aderaldo Castelo,"Fortaleza, Ceará",Match Finished,FT,90,71,Serie A,Brazil,https://media.api-sports.io/football/leagues/71.png,https://media.api-sports.io/flags/br.svg,2021,Regular Season - 29,129,Ceara,https://media.api-sports.io/football/teams/129.png,True,124,Fluminense,https://media.api-sports.io/football/teams/124.png,False,1,0,1,0,1,0,,,,
689193,Savio Pereira,UTC,2021-10-31T19:00:00+00:00,1635706800,1635706800,1635710400,241.0,Arena do Grêmio,"Porto Alegre, Rio Grande do Sul",Match Finished,FT,90,71,Serie A,Brazil,https://media.api-sports.io/football/leagues/71.png,https://media.api-sports.io/flags/br.svg,2021,Regular Season - 29,130,Gremio,https://media.api-sports.io/football/teams/130.png,False,121,Palmeiras,https://media.api-sports.io/football/teams/121.png,True,1,3,1,2,1,3,,,,
689191,André Castro,UTC,2021-10-31T21:15:00+00:00,1635714900,1635714900,1635718500,,Estádio Cícero Pompeu de Toledo,"São Paulo, São Paulo",Match Finished,FT,90,71,Serie A,Brazil,https://media.api-sports.io/football/leagues/71.png,https://media.api-sports.io/flags/br.svg,2021,Regular Season - 29,126,Sao Paulo,https://media.api-sports.io/football/teams/126.png,True,119,Internacional,https://media.api-sports.io/football/teams/119.png,False,1,0,1,0,1,0,,,,
689195,Luiz Flavio De Oliveira,UTC,2021-10-31T23:30:00+00:00,1635723000,1635723000,1635726600,253.0,Itaipava Arena Pernambuco,"Recife, Pernambuco",Match Finished,FT,90,71,Serie A,Brazil,https://media.api-sports.io/football/leagues/71.png,https://media.api-sports.io/flags/br.svg,2021,Regular Season - 29,123,Sport Recife,https://media.api-sports.io/football/teams/123.png,True,144,Atletico Goianiense,https://media.api-sports.io/football/teams/144.png,False,2,0,0,0,2,0,,,,
689198,Jefferson Ferreira de Moraes,UTC,2021-11-01T23:00:00+00:00,1635807600,1635807600,1635811200,235.0,Arena Pantanal,"Cuiabá, Mato Grosso",Match Finished,FT,90,71,Serie A,Brazil,https://media.api-sports.io/football/leagues/71.png,https://media.api-sports.io/flags/br.svg,2021,Regular Season - 29,1193,Cuiaba,https://media.api-sports.io/football/teams/1193.png,True,794,RB Bragantino,https://media.api-sports.io/football/teams/794.png,False,1,0,0,0,1,0,,,,
689190,Paulo Cesar Zanovelli,UTC,2021-11-02T00:30:00+00:00,1635813000,1635813000,1635816600,11531.0,Neo Química Arena,"São Paulo, São Paulo",Match Finished,FT,90,71,Serie A,Brazil,https://media.api-sports.io/football/leagues/71.png,https://media.api-sports.io/flags/br.svg,2021,Regular Season - 29,131,Corinthians,https://media.api-sports.io/football/teams/131.png,True,132,Chapecoense-sc,https://media.api-sports.io/football/teams/132.png,False,1,0,0,0,1,0,,,,
688946,Marielson Alves Silva,UTC,2021-11-02T19:00:00+00:00,1635879600,1635879600,1635883200,10493.0,Arena da Baixada,"Curitiba, Paraná",Match Finished,FT,90,71,Serie A,Brazil,https://media.api-sports.io/football/leagues/71.png,https://media.api-sports.io/flags/br.svg,2021,Regular Season - 4,134,Atletico Paranaense,https://media.api-sports.io/football/teams/134.png,,127,Flamengo,https://media.api-sports.io/football/teams/127.png,,2,2,0,2,2,2,,,,
689092,Luiz Flavio De Oliveira,UTC,2021-11-04T00:00:00+00:00,1635984000,1635984000,1635987600,234.0,Estádio Governador Magalhães Pinto,"Belo Horizonte, Minas Gerais",Match Finished,FT,90,71,Serie A,Brazil,https://media.api-sports.io/football/leagues/71.png,https://media.api-sports.io/flags/br.svg,2021,Regular Season - 19,1062,Atletico-MG,https://media.api-sports.io/football/teams/1062.png,True,130,Gremio,https://media.api-sports.io/football/teams/130.png,False,2,1,1,0,2,1,,,,
689218,Ricardo Marques Ribeiro,UTC,2021-11-05T00:00:00+00:00,1636070400,1636070400,1636074000,235.0,Arena Pantanal,"Cuiabá, Mato Grosso",Match Finished,FT,90,71,Serie A,Brazil,https://media.api-sports.io/football/leagues/71.png,https://media.api-sports.io/flags/br.svg,2021,Regular Season - 31,1193,Cuiaba,https://media.api-sports.io/football/teams/1193.png,,132,Chapecoense-sc,https://media.api-sports.io/football/teams/132.png,,0,0,0,0,0,0,,,,
689089,Rodolpho Toski Marques,UTC,2021-11-06T00:30:00+00:00,1636158600,1636158600,1636162200,,Estadio Jornalista Mário Filho,"Rio de Janeiro, Rio de Janeiro",Match Finished,FT,90,71,Serie A,Brazil,https://media.api-sports.io/football/leagues/71.png,https://media.api-sports.io/flags/br.svg,2021,Regular Season - 19,127,Flamengo,https://media.api-sports.io/football/teams/127.png,True,144,Atletico Goianiense,https://media.api-sports.io/football/teams/144.png,False,2,0,1,0,2,0,,,,
689200,Ramon Abatti,UTC,2021-11-06T20:00:00+00:00,1636228800,1636228800,1636232400,11531.0,Neo Química Arena,"São Paulo, São Paulo",Match Finished,FT,90,71,Serie A,Brazil,https://media.api-sports.io/football/leagues/71.png,https://media.api-sports.io/flags/br.svg,2021,Regular Season - 30,131,Corinthians,https://media.api-sports.io/football/teams/131.png,True,154,Fortaleza EC,https://media.api-sports.io/football/teams/154.png,False,1,0,0,0,1,0,,,,
689203,Marcelo de Lima Henrique,UTC,2021-11-06T22:00:00+00:00,1636236000,1636236000,1636239600,244.0,Estádio José Pinheiro Borda,"Porto Alegre, Rio Grande do Sul",Match Finished,FT,90,71,Serie A,Brazil,https://media.api-sports.io/football/leagues/71.png,https://media.api-sports.io/flags/br.svg,2021,Regular Season - 30,119,Internacional,https://media.api-sports.io/football/teams/119.png,True,130,Gremio,https://media.api-sports.io/football/teams/130.png,False,1,0,1,0,1,0,,,,
689199,Jefferson Ferreira de Moraes,UTC,2021-11-07T00:00:00+00:00,1636243200,1636243200,1636246800,,Estadio Jornalista Mário Filho,"Rio de Janeiro, Rio de Janeiro",Match Finished,FT,90,71,Serie A,Brazil,https://media.api-sports.io/football/leagues/71.png,https://media.api-sports.io/flags/br.svg,2021,Regular Season - 30,124,Fluminense,https://media.api-sports.io/football/teams/124.png,True,123,Sport Recife,https://media.api-sports.io/football/teams/123.png,False,1,0,0,0,1,0,,,,
689201,Raphael Claus,UTC,2021-11-07T19:00:00+00:00,1636311600,1636311600,1636315200,10494.0,Estádio Urbano Caldeira,"Santos, São Paulo",Match Finished,FT,90,71,Serie A,Brazil,https://media.api-sports.io/football/leagues/71.png,https://media.api-sports.io/flags/br.svg,2021,Regular Season - 30,128,Santos,https://media.api-sports.io/football/teams/128.png,False,121,Palmeiras,https://media.api-sports.io/football/teams/121.png,True,0,2,0,1,0,2,,,,
689206,Anderson Daronco,UTC,2021-11-07T19:00:00+00:00,1636311600,1636311600,1636315200,220.0,Estádio Nabi Abi Chedid,"Bragança Paulista, São Paulo",Match Finished,FT,90,71,Serie A,Brazil,https://media.api-sports.io/football/leagues/71.png,https://media.api-sports.io/flags/br.svg,2021,Regular Season - 30,794,RB Bragantino,https://media.api-sports.io/football/teams/794.png,False,134,Atletico Paranaense,https://media.api-sports.io/football/teams/134.png,True,0,2,0,0,0,2,,,,
689202,Wilton Pereira Sampaio,UTC,2021-11-07T19:00:00+00:00,1636311600,1636311600,1636315200,234.0,Estádio Governador Magalhães Pinto,"Belo Horizonte, Minas Gerais",Match Finished,FT,90,71,Serie A,Brazil,https://media.api-sports.io/football/leagues/71.png,https://media.api-sports.io/flags/br.svg,2021,Regular Season - 30,1062,Atletico-MG,https://media.api-sports.io/football/teams/1062.png,True,125,America Mineiro,https://media.api-sports.io/football/teams/125.png,False,1,0,0,0,1,0,,,,
689205,Savio Pereira,UTC,2021-11-07T21:15:00+00:00,1636319700,1636319700,1636323300,216.0,Arena Fonte Nova,"Salvador, Bahia",Match Finished,FT,90,71,Serie A,Brazil,https://media.api-sports.io/football/leagues/71.png,https://media.api-sports.io/flags/br.svg,2021,Regular Season - 30,118,Bahia,https://media.api-sports.io/football/teams/118.png,True,126,Sao Paulo,https://media.api-sports.io/football/teams/126.png,False,1,0,0,0,1,0,,,,
689204,Heber Lopes,UTC,2021-11-07T23:30:00+00:00,1636327800,1636327800,1636331400,225.0,Estádio Governador Plácido Aderaldo Castelo,"Fortaleza, Ceará",Match Finished,FT,90,71,Serie A,Brazil,https://media.api-sports.io/football/leagues/71.png,https://media.api-sports.io/flags/br.svg,2021,Regular Season - 30,129,Ceara,https://media.api-sports.io/football/teams/129.png,True,1193,Cuiaba,https://media.api-sports.io/football/teams/1193.png,False,1,0,0,0,1,0,,,,
689207,Denis Ribeiro Serafim,UTC,2021-11-08T23:00:00+00:00,1636412400,1636412400,1636416000,227.0,Arena Condá,"Chapecó, Santa Catarina",Match Finished,FT,90,71,Serie A,Brazil,https://media.api-sports.io/football/leagues/71.png,https://media.api-sports.io/flags/br.svg,2021,Regular Season - 30,132,Chapecoense-sc,https://media.api-sports.io/football/teams/132.png,,127,Flamengo,https://media.api-sports.io/football/teams/127.png,,2,2,2,2,2,2,,,,
689213,Vinicius Gonçalves Dias Araujo,UTC,2021-11-10T00:30:00+00:00,1636504200,1636504200,1636507800,241.0,Arena do Grêmio,"Porto Alegre, Rio Grande do Sul",Match Finished,FT,90,71,Serie A,Brazil,https://media.api-sports.io/football/leagues/71.png,https://media.api-sports.io/flags/br.svg,2021,Regular Season - 31,130,Gremio,https://media.api-sports.io/football/teams/130.png,True,124,Fluminense,https://media.api-sports.io/football/teams/124.png,False,1,0,0,0,1,0,,,,
689216,Wilton Pereira Sampaio,UTC,2021-11-10T21:30:00+00:00,1636579800,1636579800,1636583400,10493.0,Arena da Baixada,"Curitiba, Paraná",Match Finished,FT,90,71,Serie A,Brazil,https://media.api-sports.io/football/leagues/71.png,https://media.api-sports.io/flags/br.svg,2021,Regular Season - 31,134,Atletico Paranaense,https://media.api-sports.io/football/teams/134.png,True,129,Ceara,https://media.api-sports.io/football/teams/129.png,False,2,1,1,0,2,1,,,,
689211,Leandro Vuaden,UTC,2021-11-10T22:00:00+00:00,1636581600,1636581600,1636585200,10494.0,Estádio Urbano Caldeira,"Santos, São Paulo",Match Finished,FT,90,71,Serie A,Brazil,https://media.api-sports.io/football/leagues/71.png,https://media.api-sports.io/flags/br.svg,2021,Regular Season - 31,128,Santos,https://media.api-sports.io/football/teams/128.png,True,794,RB Bragantino,https://media.api-sports.io/football/teams/794.png,False,2,0,1,0,2,0,,,,
689212,Braulio da Silva Machado,UTC,2021-11-10T22:00:00+00:00,1636581600,1636581600,1636585200,234.0,Estádio Governador Magalhães Pinto,"Belo Horizonte, Minas Gerais",Match Finished,FT,90,71,Serie A,Brazil,https://media.api-sports.io/football/leagues/71.png,https://media.api-sports.io/flags/br.svg,2021,Regular Season - 31,1062,Atletico-MG,https://media.api-sports.io/football/teams/1062.png,True,131,Corinthians,https://media.api-sports.io/football/teams/131.png,False,3,0,1,0,3,0,,,,
689210,Anderson Daronco,UTC,2021-11-10T23:30:00+00:00,1636587000,1636587000,1636590600,258.0,Allianz Parque,"São Paulo, São Paulo",Match Finished,FT,90,71,Serie A,Brazil,https://media.api-sports.io/football/leagues/71.png,https://media.api-sports.io/flags/br.svg,2021,Regular Season - 31,121,Palmeiras,https://media.api-sports.io/football/teams/121.png,True,144,Atletico Goianiense,https://media.api-sports.io/football/teams/144.png,False,4,0,2,0,4,0,,,,
689215,Raphael Claus,UTC,2021-11-11T00:30:00+00:00,1636590600,1636590600,1636594200,253.0,Itaipava Arena Pernambuco,"Recife, Pernambuco",Match Finished,FT,90,71,Serie A,Brazil,https://media.api-sports.io/football/leagues/71.png,https://media.api-sports.io/flags/br.svg,2021,Regular Season - 31,123,Sport Recife,https://media.api-sports.io/football/teams/123.png,False,125,America Mineiro,https://media.api-sports.io/football/teams/125.png,True,2,3,0,1,2,3,,,,
689217,Bruno Arleu de Araujo,UTC,2021-11-11T00:30:00+00:00,1636590600,1636590600,1636594200,248.0,Estádio Alfredo Jaconi,"Caxias do Sul, Rio Grande do Sul",Match Finished,FT,90,71,Serie A,Brazil,https://media.api-sports.io/football/leagues/71.png,https://media.api-sports.io/flags/br.svg,2021,Regular Season - 31,152,Juventude,https://media.api-sports.io/football/teams/152.png,True,119,Internacional,https://media.api-sports.io/football/teams/119.png,False,2,1,0,0,2,1,,,,
689214,Paulo Roberto Alves Júnior,UTC,2021-11-11T00:30:00+00:00,1636590600,1636590600,1636594200,225.0,Estádio Governador Plácido Aderaldo Castelo,"Fortaleza, Ceará",Match Finished,FT,90,71,Serie A,Brazil,https://media.api-sports.io/football/leagues/71.png,https://media.api-sports.io/flags/br.svg,2021,Regular Season - 31,154,Fortaleza EC,https://media.api-sports.io/football/teams/154.png,,126,Sao Paulo,https://media.api-sports.io/football/teams/126.png,,1,1,0,0,1,1,,,,
689209,André Castro,UTC,2021-11-11T22:00:00+00:00,1636668000,1636668000,1636671600,,Estadio Jornalista Mário Filho,"Rio de Janeiro, Rio de Janeiro",Match Finished,FT,90,71,Serie A,Brazil,https://media.api-sports.io/football/leagues/71.png,https://media.api-sports.io/flags/br.svg,2021,Regular Season - 31,127,Flamengo,https://media.api-sports.io/football/teams/127.png,True,118,Bahia,https://media.api-sports.io/football/teams/118.png,False,3,0,1,0,3,0,,,,
689228,Felipe Fernandes de Lima,UTC,2021-11-13T20:00:00+00:00,1636833600,1636833600,1636837200,211.0,Estádio Antônio Accioly,"Goiânia, Goiás",Match Finished,FT,90,71,Serie A,Brazil,https://media.api-sports.io/football/leagues/71.png,https://media.api-sports.io/flags/br.svg,2021,Regular Season - 32,144,Atletico Goianiense,https://media.api-sports.io/football/teams/144.png,,128,Santos,https://media.api-sports.io/football/teams/128.png,,0,0,0,0,0,0,,,,
689222,Flavio Rodrigues De Souza,UTC,2021-11-13T21:30:00+00:00,1636839000,1636839000,1636842600,206.0,Estádio Raimundo Sampaio,"Belo Horizonte, Minas Gerais",Match Finished,FT,90,71,Serie A,Brazil,https://media.api-sports.io/football/leagues/71.png,https://media.api-sports.io/flags/br.svg,2021,Regular Season - 32,125,America Mineiro,https://media.api-sports.io/football/teams/125.png,True,130,Gremio,https://media.api-sports.io/football/teams/130.png,False,3,1,2,0,3,1,,,,
689223,Ramon Abatti,UTC,2021-11-13T22:00:00+00:00,1636840800,1636840800,1636844400,244.0,Estádio José Pinheiro Borda,"Porto Alegre, Rio Grande do Sul",Match Finished,FT,90,71,Serie A,Brazil,https://media.api-sports.io/football/leagues/71.png,https://media.api-sports.io/flags/br.svg,2021,Regular Season - 32,119,Internacional,https://media.api-sports.io/football/teams/119.png,True,134,Atletico Paranaense,https://media.api-sports.io/football/teams/134.png,False,2,1,1,1,2,1,,,,
689226,Rafael Traci,UTC,2021-11-13T22:00:00+00:00,1636840800,1636840800,1636844400,220.0,Estádio Nabi Abi Chedid,"Bragança Paulista, São Paulo",Match Finished,FT,90,71,Serie A,Brazil,https://media.api-sports.io/football/leagues/71.png,https://media.api-sports.io/flags/br.svg,2021,Regular Season - 32,794,RB Bragantino,https://media.api-sports.io/football/teams/794.png,True,154,Fortaleza EC,https://media.api-sports.io/football/teams/154.png,False,3,0,2,0,3,0,,,,
689220,Rodolpho Toski Marques,UTC,2021-11-14T00:00:00+00:00,1636848000,1636848000,1636851600,11531.0,Neo Química Arena,"São Paulo, São Paulo",Match Finished,FT,90,71,Serie A,Brazil,https://media.api-sports.io/football/leagues/71.png,https://media.api-sports.io/flags/br.svg,2021,Regular Season - 32,131,Corinthians,https://media.api-sports.io/football/teams/131.png,True,1193,Cuiaba,https://media.api-sports.io/football/teams/1193.png,False,3,2,1,1,3,2,,,,
689221,Leandro Vuaden,UTC,2021-11-14T19:00:00+00:00,1636916400,1636916400,1636920000,,Estádio Cícero Pompeu de Toledo,"São Paulo, São Paulo",Match Finished,FT,90,71,Serie A,Brazil,https://media.api-sports.io/football/leagues/71.png,https://media.api-sports.io/flags/br.svg,2021,Regular Season - 32,126,Sao Paulo,https://media.api-sports.io/football/teams/126.png,False,127,Flamengo,https://media.api-sports.io/football/teams/127.png,True,0,4,0,3,0,4,,,,
689219,Caio Max Augusto Vieira,UTC,2021-11-14T21:15:00+00:00,1636924500,1636924500,1636928100,,Estadio Jornalista Mário Filho,"Rio de Janeiro, Rio de Janeiro",Match Finished,FT,90,71,Serie A,Brazil,https://media.api-sports.io/football/leagues/71.png,https://media.api-sports.io/flags/br.svg,2021,Regular Season - 32,124,Fluminense,https://media.api-sports.io/football/teams/124.png,True,121,Palmeiras,https://media.api-sports.io/football/teams/121.png,False,2,1,0,1,2,1,,,,
689224,Marcelo de Lima Henrique,UTC,2021-11-14T22:00:00+00:00,1636927200,1636927200,1636930800,225.0,Estádio Governador Plácido Aderaldo Castelo,"Fortaleza, Ceará",Match Finished,FT,90,71,Serie A,Brazil,https://media.api-sports.io/football/leagues/71.png,https://media.api-sports.io/flags/br.svg,2021,Regular Season - 32,129,Ceara,https://media.api-sports.io/football/teams/129.png,True,123,Sport Recife,https://media.api-sports.io/football/teams/123.png,False,2,1,1,0,2,1,,,,
689227,Alisson Furtado,UTC,2021-11-14T22:00:00+00:00,1636927200,1636927200,1636930800,227.0,Arena Condá,"Chapecó, Santa Catarina",Match Finished,FT,90,71,Serie A,Brazil,https://media.api-sports.io/football/leagues/71.png,https://media.api-sports.io/flags/br.svg,2021,Regular Season - 32,132,Chapecoense-sc,https://media.api-sports.io/football/teams/132.png,False,152,Juventude,https://media.api-sports.io/football/teams/152.png,True,0,2,0,2,0,2,,,,
689236,Savio Pereira,UTC,2021-11-16T19:00:00+00:00,1637089200,1637089200,1637092800,10493.0,Arena da Baixada,"Curitiba, Paraná",Match Finished,FT,90,71,Serie A,Brazil,https://media.api-sports.io/football/leagues/71.png,https://media.api-sports.io/flags/br.svg,2021,Regular Season - 33,134,Atletico Paranaense,https://media.api-sports.io/football/teams/134.png,False,1062,Atletico-MG,https://media.api-sports.io/football/teams/1062.png,True,0,1,0,1,0,1,,,,
689233,Caio Max Augusto Vieira,UTC,2021-11-16T21:00:00+00:00,1637096400,1637096400,1637100000,241.0,Arena do Grêmio,"Porto Alegre, Rio Grande do Sul",Match Finished,FT,90,71,Serie A,Brazil,https://media.api-sports.io/football/leagues/71.png,https://media.api-sports.io/flags/br.svg,2021,Regular Season - 33,130,Gremio,https://media.api-sports.io/football/teams/130.png,True,794,RB Bragantino,https://media.api-sports.io/football/teams/794.png,False,3,0,3,0,3,0,,,,
689232,Leandro Vuaden,UTC,2021-11-17T22:00:00+00:00,1637186400,1637186400,1637190000,206.0,Estádio Raimundo Sampaio,"Belo Horizonte, Minas Gerais",Match Finished,FT,90,71,Serie A,Brazil,https://media.api-sports.io/football/leagues/71.png,https://media.api-sports.io/flags/br.svg,2021,Regular Season - 33,125,America Mineiro,https://media.api-sports.io/football/teams/125.png,,144,Atletico Goianiense,https://media.api-sports.io/football/teams/144.png,,0,0,0,0,0,0,,,,
689231,Paulo Cesar Zanovelli,UTC,2021-11-17T22:00:00+00:00,1637186400,1637186400,1637190000,10494.0,Estádio Urbano Caldeira,"Santos, São Paulo",Match Finished,FT,90,71,Serie A,Brazil,https://media.api-sports.io/football/leagues/71.png,https://media.api-sports.io/flags/br.svg,2021,Regular Season - 33,128,Santos,https://media.api-sports.io/football/teams/128.png,True,132,Chapecoense-sc,https://media.api-sports.io/football/teams/132.png,False,2,0,1,0,2,0,,,,
689238,Paulo Roberto Alves Júnior,UTC,2021-11-17T22:00:00+00:00,1637186400,1637186400,1637190000,235.0,Arena Pantanal,"Cuiabá, Mato Grosso",Match Finished,FT,90,71,Serie A,Brazil,https://media.api-sports.io/football/leagues/71.png,https://media.api-sports.io/flags/br.svg,2021,Regular Season - 33,1193,Cuiaba,https://media.api-sports.io/football/teams/1193.png,True,119,Internacional,https://media.api-sports.io/football/teams/119.png,False,1,0,0,0,1,0,,,,
689234,Raphael Claus,UTC,2021-11-17T23:00:00+00:00,1637190000,1637190000,1637193600,225.0,Estádio Governador Plácido Aderaldo Castelo,"Fortaleza, Ceará",Match Finished,FT,90,71,Serie A,Brazil,https://media.api-sports.io/football/leagues/71.png,https://media.api-sports.io/flags/br.svg,2021,Regular Season - 33,154,Fortaleza EC,https://media.api-sports.io/football/teams/154.png,False,129,Ceara,https://media.api-sports.io/football/teams/129.png,True,0,4,0,2,0,4,,,,
689230,Marcelo de Lima Henrique,UTC,2021-11-17T23:30:00+00:00,1637191800,1637191800,1637195400,258.0,Allianz Parque,"São Paulo, São Paulo",Match Finished,FT,90,71,Serie A,Brazil,https://media.api-sports.io/football/leagues/71.png,https://media.api-sports.io/flags/br.svg,2021,Regular Season - 33,121,Palmeiras,https://media.api-sports.io/football/teams/121.png,False,126,Sao Paulo,https://media.api-sports.io/football/teams/126.png,True,0,2,0,1,0,2,,,,
689237,Ricardo Marques Ribeiro,UTC,2021-11-17T23:30:00+00:00,1637191800,1637191800,1637195400,248.0,Estádio Alfredo Jaconi,"Caxias do Sul, Rio Grande do Sul",Match Finished,FT,90,71,Serie A,Brazil,https://media.api-sports.io/football/leagues/71.png,https://media.api-sports.io/flags/br.svg,2021,Regular Season - 33,152,Juventude,https://media.api-sports.io/football/teams/152.png,True,124,Fluminense,https://media.api-sports.io/football/teams/124.png,False,1,0,1,0,1,0,,,,
689229,Anderson Daronco,UTC,2021-11-18T00:30:00+00:00,1637195400,1637195400,1637199000,,Estadio Jornalista Mário Filho,"Rio de Janeiro, Rio de Janeiro",Match Finished,FT,90,71,Serie A,Brazil,https://media.api-sports.io/football/leagues/71.png,https://media.api-sports.io/flags/br.svg,2021,Regular Season - 33,127,Flamengo,https://media.api-sports.io/football/teams/127.png,True,131,Corinthians,https://media.api-sports.io/football/teams/131.png,False,1,0,0,0,1,0,,,,
689235,Flavio Rodrigues De Souza,UTC,2021-11-19T00:00:00+00:00,1637280000,1637280000,1637283600,253.0,Itaipava Arena Pernambuco,"Recife, Pernambuco",Match Finished,FT,90,71,Serie A,Brazil,https://media.api-sports.io/football/leagues/71.png,https://media.api-sports.io/flags/br.svg,2021,Regular Season - 33,123,Sport Recife,https://media.api-sports.io/football/teams/123.png,True,118,Bahia,https://media.api-sports.io/football/teams/118.png,False,1,0,0,0,1,0,,,,
689247,Rodolpho Toski Marques,UTC,2021-11-20T22:00:00+00:00,1637445600,1637445600,1637449200,227.0,Arena Condá,"Chapecó, Santa Catarina",Match Finished,FT,90,71,Serie A,Brazil,https://media.api-sports.io/football/leagues/71.png,https://media.api-sports.io/flags/br.svg,2021,Regular Season - 34,132,Chapecoense-sc,https://media.api-sports.io/football/teams/132.png,False,130,Gremio,https://media.api-sports.io/football/teams/130.png,True,1,3,0,1,1,3,,,,
689244,Ramon Abatti,UTC,2021-11-20T22:00:00+00:00,1637445600,1637445600,1637449200,225.0,Estádio Governador Plácido Aderaldo Castelo,"Fortaleza, Ceará",Match Finished,FT,90,71,Serie A,Brazil,https://media.api-sports.io/football/leagues/71.png,https://media.api-sports.io/flags/br.svg,2021,Regular Season - 34,154,Fortaleza EC,https://media.api-sports.io/football/teams/154.png,True,121,Palmeiras,https://media.api-sports.io/football/teams/121.png,False,1,0,1,0,1,0,,,,
689242,Luiz Flavio De Oliveira,UTC,2021-11-20T22:00:00+00:00,1637445600,1637445600,1637449200,234.0,Estádio Governador Magalhães Pinto,"Belo Horizonte, Minas Gerais",Match Finished,FT,90,71,Serie A,Brazil,https://media.api-sports.io/football/leagues/71.png,https://media.api-sports.io/flags/br.svg,2021,Regular Season - 34,1062,Atletico-MG,https://media.api-sports.io/football/teams/1062.png,True,152,Juventude,https://media.api-sports.io/football/teams/152.png,False,2,0,0,0,2,0,,,,
689248,Braulio da Silva Machado,UTC,2021-11-21T00:00:00+00:00,1637452800,1637452800,1637456400,211.0,Estádio Antônio Accioly,"Goiânia, Goiás",Match Finished,FT,90,71,Serie A,Brazil,https://media.api-sports.io/football/leagues/71.png,https://media.api-sports.io/flags/br.svg,2021,Regular Season - 34,144,Atletico Goianiense,https://media.api-sports.io/football/teams/144.png,,129,Ceara,https://media.api-sports.io/football/teams/129.png,,1,1,0,0,1,1,,,,
689243,Savio Pereira,UTC,2021-11-21T00:30:00+00:00,1637454600,1637454600,1637458200,244.0,Estádio José Pinheiro Borda,"Porto Alegre, Rio Grande do Sul",Match Finished,FT,90,71,Serie A,Brazil,https://media.api-sports.io/football/leagues/71.png,https://media.api-sports.io/flags/br.svg,2021,Regular Season - 34,119,Internacional,https://media.api-sports.io/football/teams/119.png,False,127,Flamengo,https://media.api-sports.io/football/teams/127.png,True,1,2,1,2,1,2,,,,
689240,Leandro Vuaden,UTC,2021-11-21T19:00:00+00:00,1637521200,1637521200,1637524800,11531.0,Neo Química Arena,"São Paulo, São Paulo",Match Finished,FT,90,71,Serie A,Brazil,https://media.api-sports.io/football/leagues/71.png,https://media.api-sports.io/flags/br.svg,2021,Regular Season - 34,131,Corinthians,https://media.api-sports.io/football/teams/131.png,True,128,Santos,https://media.api-sports.io/football/teams/128.png,False,2,0,0,0,2,0,,,,
689239,Heber Lopes,UTC,2021-11-21T20:00:00+00:00,1637524800,1637524800,1637528400,,Estadio Jornalista Mário Filho,"Rio de Janeiro, Rio de Janeiro",Match Finished,FT,90,71,Serie A,Brazil,https://media.api-sports.io/football/leagues/71.png,https://media.api-sports.io/flags/br.svg,2021,Regular Season - 34,124,Fluminense,https://media.api-sports.io/football/teams/124.png,True,125,America Mineiro,https://media.api-sports.io/football/teams/125.png,False,2,0,1,0,2,0,,,,
689245,Raphael Claus,UTC,2021-11-21T22:00:00+00:00,1637532000,1637532000,1637535600,216.0,Arena Fonte Nova,"Salvador, Bahia",Match Finished,FT,90,71,Serie A,Brazil,https://media.api-sports.io/football/leagues/71.png,https://media.api-sports.io/flags/br.svg,2021,Regular Season - 34,118,Bahia,https://media.api-sports.io/football/teams/118.png,,1193,Cuiaba,https://media.api-sports.io/football/teams/1193.png,,0,0,0,0,0,0,,,,
689208,Flavio Rodrigues De Souza,UTC,2021-11-23T22:00:00+00:00,1637704800,1637704800,1637708400,211.0,Estádio Antônio Accioly,"Goiânia, Goiás",Match Finished,FT,90,71,Serie A,Brazil,https://media.api-sports.io/football/leagues/71.png,https://media.api-sports.io/flags/br.svg,2021,Regular Season - 30,144,Atletico Goianiense,https://media.api-sports.io/football/teams/144.png,,152,Juventude,https://media.api-sports.io/football/teams/152.png,,1,1,0,0,1,1,,,,
688923,Braulio da Silva Machado,UTC,2021-11-24T00:00:00+00:00,1637712000,1637712000,1637715600,241.0,Arena do Grêmio,"Porto Alegre, Rio Grande do Sul",Match Finished,FT,90,71,Serie A,Brazil,https://media.api-sports.io/football/leagues/71.png,https://media.api-sports.io/flags/br.svg,2021,Regular Season - 2,130,Gremio,https://media.api-sports.io/football/teams/130.png,,127,Flamengo,https://media.api-sports.io/football/teams/127.png,,2,2,0,0,2,2,,,,
689250,Anderson Daronco,UTC,2021-11-24T00:30:00+00:00,1637713800,1637713800,1637717400,258.0,Allianz Parque,"São Paulo, São Paulo",Match Finished,FT,90,71,Serie A,Brazil,https://media.api-sports.io/football/leagues/71.png,https://media.api-sports.io/flags/br.svg,2021,Regular Season - 35,121,Palmeiras,https://media.api-sports.io/football/teams/121.png,,1062,Atletico-MG,https://media.api-sports.io/football/teams/1062.png,,2,2,1,1,2,2,,,,
689249,Felipe Fernandes de Lima,UTC,2021-11-25T00:30:00+00:00,1637800200,1637800200,1637803800,,Estadio Jornalista Mário Filho,"Rio de Janeiro, Rio de Janeiro",Match Finished,FT,90,71,Serie A,Brazil,https://media.api-sports.io/football/leagues/71.png,https://media.api-sports.io/flags/br.svg,2021,Regular Season - 35,124,Fluminense,https://media.api-sports.io/football/teams/124.png,True,119,Internacional,https://media.api-sports.io/football/teams/119.png,False,1,0,1,0,1,0,,,,
689241,Leandro Vuaden,UTC,2021-11-25T00:30:00+00:00,1637800200,1637800200,1637803800,,Estádio Cícero Pompeu de Toledo,"São Paulo, São Paulo",Match Finished,FT,90,71,Serie A,Brazil,https://media.api-sports.io/football/leagues/71.png,https://media.api-sports.io/flags/br.svg,2021,Regular Season - 34,126,Sao Paulo,https://media.api-sports.io/football/teams/126.png,,134,Atletico Paranaense,https://media.api-sports.io/football/teams/134.png,,0,0,0,0,0,0,,,,
689251,Wagner do Nascimento Magalhaes,UTC,2021-11-25T22:00:00+00:00,1637877600,1637877600,1637881200,10494.0,Estádio Urbano Caldeira,"Santos, São Paulo",Match Finished,FT,90,71,Serie A,Brazil,https://media.api-sports.io/football/leagues/71.png,https://media.api-sports.io/flags/br.svg,2021,Regular Season - 35,128,Santos,https://media.api-sports.io/football/teams/128.png,True,154,Fortaleza EC,https://media.api-sports.io/football/teams/154.png,False,2,0,0,0,2,0,,,,
689254,Paulo Roberto Alves Júnior,UTC,2021-11-25T23:00:00+00:00,1637881200,1637881200,1637884800,225.0,Estádio Governador Plácido Aderaldo Castelo,"Fortaleza, Ceará",Match Finished,FT,90,71,Serie A,Brazil,https://media.api-sports.io/football/leagues/71.png,https://media.api-sports.io/flags/br.svg,2021,Regular Season - 35,129,Ceara,https://media.api-sports.io/football/teams/129.png,True,131,Corinthians,https://media.api-sports.io/football/teams/131.png,False,2,1,1,0,2,1,,,,
689265,Bruno Arleu de Araujo,UTC,2021-11-26T22:00:00+00:00,1637964000,1637964000,1637967600,216.0,Arena Fonte Nova,"Salvador, Bahia",Match Finished,FT,90,71,Serie A,Brazil,https://media.api-sports.io/football/leagues/71.png,https://media.api-sports.io/flags/br.svg,2021,Regular Season - 36,118,Bahia,https://media.api-sports.io/football/teams/118.png,True,130,Gremio,https://media.api-sports.io/football/teams/130.png,False,3,1,2,0,3,1,,,,
689266,Anderson Daronco,UTC,2021-11-27T22:30:00+00:00,1638052200,1638052200,1638055800,220.0,Estádio Nabi Abi Chedid,"Bragança Paulista, São Paulo",Match Finished,FT,90,71,Serie A,Brazil,https://media.api-sports.io/football/leagues/71.png,https://media.api-sports.io/flags/br.svg,2021,Regular Season - 36,794,RB Bragantino,https://media.api-sports.io/football/teams/794.png,,125,America Mineiro,https://media.api-sports.io/football/teams/125.png,,1,1,0,0,1,1,,,,
689261,Heber Lopes,UTC,2021-11-28T00:30:00+00:00,1638059400,1638059400,1638063000,,Estádio Cícero Pompeu de Toledo,"São Paulo, São Paulo",Match Finished,FT,90,71,Serie A,Brazil,https://media.api-sports.io/football/leagues/71.png,https://media.api-sports.io/flags/br.svg,2021,Regular Season - 36,126,Sao Paulo,https://media.api-sports.io/football/teams/126.png,True,123,Sport Recife,https://media.api-sports.io/football/teams/123.png,False,2,0,0,0,2,0,,,,
689260,Paulo Cesar Zanovelli,UTC,2021-11-28T19:00:00+00:00,1638126000,1638126000,1638129600,11531.0,Neo Química Arena,"São Paulo, São Paulo",Match Finished,FT,90,71,Serie A,Brazil,https://media.api-sports.io/football/leagues/71.png,https://media.api-sports.io/flags/br.svg,2021,Regular Season - 36,131,Corinthians,https://media.api-sports.io/football/teams/131.png,True,134,Atletico Paranaense,https://media.api-sports.io/football/teams/134.png,False,1,0,0,0,1,0,,,,
689262,Marielson Alves Silva,UTC,2021-11-28T19:00:00+00:00,1638126000,1638126000,1638129600,234.0,Estádio Governador Magalhães Pinto,"Belo Horizonte, Minas Gerais",Match Finished,FT,90,71,Serie A,Brazil,https://media.api-sports.io/football/leagues/71.png,https://media.api-sports.io/flags/br.svg,2021,Regular Season - 36,1062,Atletico-MG,https://media.api-sports.io/football/teams/1062.png,True,124,Fluminense,https://media.api-sports.io/football/teams/124.png,False,2,1,1,1,2,1,,,,
689263,Braulio da Silva Machado,UTC,2021-11-28T22:00:00+00:00,1638136800,1638136800,1638140400,244.0,Estádio José Pinheiro Borda,"Porto Alegre, Rio Grande do Sul",Match Finished,FT,90,71,Serie A,Brazil,https://media.api-sports.io/football/leagues/71.png,https://media.api-sports.io/flags/br.svg,2021,Regular Season - 36,119,Internacional,https://media.api-sports.io/football/teams/119.png,,128,Santos,https://media.api-sports.io/football/teams/128.png,,1,1,1,0,1,1,,,,
689258,Ramon Abatti,UTC,2021-11-29T22:00:00+00:00,1638223200,1638223200,1638226800,211.0,Estádio Antônio Accioly,"Goiânia, Goiás",Match Finished,FT,90,71,Serie A,Brazil,https://media.api-sports.io/football/leagues/71.png,https://media.api-sports.io/flags/br.svg,2021,Regular Season - 35,144,Atletico Goianiense,https://media.api-sports.io/football/teams/144.png,True,118,Bahia,https://media.api-sports.io/football/teams/118.png,False,2,1,0,0,2,1,,,,
689257,Felipe Fernandes de Lima,UTC,2021-11-30T22:00:00+00:00,1638309600,1638309600,1638313200,248.0,Estádio Alfredo Jaconi,"Caxias do Sul, Rio Grande do Sul",Match Finished,FT,90,71,Serie A,Brazil,https://media.api-sports.io/football/leagues/71.png,https://media.api-sports.io/flags/br.svg,2021,Regular Season - 35,152,Juventude,https://media.api-sports.io/football/teams/152.png,True,794,RB Bragantino,https://media.api-sports.io/football/teams/794.png,False,1,0,1,0,1,0,,,,
689259,Caio Max Augusto Vieira,UTC,2021-11-30T23:00:00+00:00,1638313200,1638313200,1638316800,,Estadio Jornalista Mário Filho,"Rio de Janeiro, Rio de Janeiro",Match Finished,FT,90,71,Serie A,Brazil,https://media.api-sports.io/football/leagues/71.png,https://media.api-sports.io/flags/br.svg,2021,Regular Season - 36,127,Flamengo,https://media.api-sports.io/football/teams/127.png,True,129,Ceara,https://media.api-sports.io/football/teams/129.png,False,2,1,1,0,2,1,,,,
689252,Luiz Flavio De Oliveira,UTC,2021-12-01T00:00:00+00:00,1638316800,1638316800,1638320400,206.0,Estádio Raimundo Sampaio,"Belo Horizonte, Minas Gerais",Match Finished,FT,90,71,Serie A,Brazil,https://media.api-sports.io/football/leagues/71.png,https://media.api-sports.io/flags/br.svg,2021,Regular Season - 35,125,America Mineiro,https://media.api-sports.io/football/teams/125.png,True,132,Chapecoense-sc,https://media.api-sports.io/football/teams/132.png,False,3,0,1,0,3,0,,,,
689268,Paulo Roberto Alves Júnior,UTC,2021-12-01T01:00:00+00:00,1638320400,1638320400,1638324000,235.0,Arena Pantanal,"Cuiabá, Mato Grosso",Match Finished,FT,90,71,Serie A,Brazil,https://media.api-sports.io/football/leagues/71.png,https://media.api-sports.io/flags/br.svg,2021,Regular Season - 36,1193,Cuiaba,https://media.api-sports.io/football/teams/1193.png,False,121,Palmeiras,https://media.api-sports.io/football/teams/121.png,True,1,3,1,2,1,3,,,,
689225,Flavio Rodrigues De Souza,UTC,2021-12-02T21:00:00+00:00,1638478800,1638478800,1638482400,216.0,Arena Fonte Nova,"Salvador, Bahia",Match Finished,FT,90,71,Serie A,Brazil,https://media.api-sports.io/football/leagues/71.png,https://media.api-sports.io/flags/br.svg,2021,Regular Season - 32,118,Bahia,https://media.api-sports.io/football/teams/118.png,False,1062,Atletico-MG,https://media.api-sports.io/football/teams/1062.png,True,2,3,0,0,2,3,,,,
689253,Savio Pereira,UTC,2021-12-02T23:00:00+00:00,1638486000,1638486000,1638489600,241.0,Arena do Grêmio,"Porto Alegre, Rio Grande do Sul",Match Finished,FT,90,71,Serie A,Brazil,https://media.api-sports.io/football/leagues/71.png,https://media.api-sports.io/flags/br.svg,2021,Regular Season - 35,130,Gremio,https://media.api-sports.io/football/teams/130.png,True,126,Sao Paulo,https://media.api-sports.io/football/teams/126.png,False,3,0,1,0,3,0,,,,
689256,Braulio da Silva Machado,UTC,2021-12-03T22:00:00+00:00,1638568800,1638568800,1638572400,10493.0,Arena da Baixada,"Curitiba, Paraná",Match Finished,FT,90,71,Serie A,Brazil,https://media.api-sports.io/football/leagues/71.png,https://media.api-sports.io/flags/br.svg,2021,Regular Season - 35,134,Atletico Paranaense,https://media.api-sports.io/football/teams/134.png,True,1193,Cuiaba,https://media.api-sports.io/football/teams/1193.png,False,1,0,0,0,1,0,,,,
689255,Leandro Vuaden,UTC,2021-12-03T23:00:00+00:00,1638572400,1638572400,1638576000,253.0,Itaipava Arena Pernambuco,"Recife, Pernambuco",Match Finished,FT,90,71,Serie A,Brazil,https://media.api-sports.io/football/leagues/71.png,https://media.api-sports.io/flags/br.svg,2021,Regular Season - 35,123,Sport Recife,https://media.api-sports.io/football/teams/123.png,,127,Flamengo,https://media.api-sports.io/football/teams/127.png,,1,1,0,1,1,1,,,,
689267,Caio Max Augusto Vieira,UTC,2021-12-03T23:00:00+00:00,1638572400,1638572400,1638576000,227.0,Arena Condá,"Chapecó, Santa Catarina",Match Finished,FT,90,71,Serie A,Brazil,https://media.api-sports.io/football/leagues/71.png,https://media.api-sports.io/flags/br.svg,2021,Regular Season - 36,132,Chapecoense-sc,https://media.api-sports.io/football/teams/132.png,False,144,Atletico Goianiense,https://media.api-sports.io/football/teams/144.png,True,0,1,0,0,0,1,,,,
689264,Bruno Arleu de Araujo,UTC,2021-12-04T00:00:00+00:00,1638576000,1638576000,1638579600,225.0,Estádio Governador Plácido Aderaldo Castelo,"Fortaleza, Ceará",Match Finished,FT,90,71,Serie A,Brazil,https://media.api-sports.io/football/leagues/71.png,https://media.api-sports.io/flags/br.svg,2021,Regular Season - 36,154,Fortaleza EC,https://media.api-sports.io/football/teams/154.png,True,152,Juventude,https://media.api-sports.io/football/teams/152.png,False,1,0,0,0,1,0,,,,
689275,Luiz Flavio De Oliveira,UTC,2021-12-05T19:00:00+00:00,1638730800,1638730800,1638734400,216.0,Arena Fonte Nova,"Salvador, Bahia",Match Finished,FT,90,71,Serie A,Brazil,https://media.api-sports.io/football/leagues/71.png,https://media.api-sports.io/flags/br.svg,2021,Regular Season - 37,118,Bahia,https://media.api-sports.io/football/teams/118.png,True,124,Fluminense,https://media.api-sports.io/football/teams/124.png,False,2,0,2,0,2,0,,,,
689270,Bruno Arleu de Araujo,UTC,2021-12-05T19:00:00+00:00,1638730800,1638730800,1638734400,11531.0,Neo Química Arena,"São Paulo, São Paulo",Match Finished,FT,90,71,Serie A,Brazil,https://media.api-sports.io/football/leagues/71.png,https://media.api-sports.io/flags/br.svg,2021,Regular Season - 37,131,Corinthians,https://media.api-sports.io/football/teams/131.png,,130,Gremio,https://media.api-sports.io/football/teams/130.png,,1,1,0,1,1,1,,,,
689272,Rodolpho Toski Marques,UTC,2021-12-05T19:00:00+00:00,1638730800,1638730800,1638734400,234.0,Estádio Governador Magalhães Pinto,"Belo Horizonte, Minas Gerais",Match Finished,FT,90,71,Serie A,Brazil,https://media.api-sports.io/football/leagues/71.png,https://media.api-sports.io/flags/br.svg,2021,Regular Season - 37,1062,Atletico-MG,https://media.api-sports.io/football/teams/1062.png,True,794,RB Bragantino,https://media.api-sports.io/football/teams/794.png,False,4,3,1,1,4,3,,,,
689274,Raphael Claus,UTC,2021-12-05T22:00:00+00:00,1638741600,1638741600,1638745200,225.0,Estádio Governador Plácido Aderaldo Castelo,"Fortaleza, Ceará",Match Finished,FT,90,71,Serie A,Brazil,https://media.api-sports.io/football/leagues/71.png,https://media.api-sports.io/flags/br.svg,2021,Regular Season - 37,129,Ceara,https://media.api-sports.io/football/teams/129.png,,125,America Mineiro,https://media.api-sports.io/football/teams/125.png,,0,0,0,0,0,0,,,,
689271,Braulio da Silva Machado,UTC,2021-12-06T22:00:00+00:00,1638828000,1638828000,1638831600,,Estádio Cícero Pompeu de Toledo,"São Paulo, São Paulo",Match Finished,FT,90,71,Serie A,Brazil,https://media.api-sports.io/football/leagues/71.png,https://media.api-sports.io/flags/br.svg,2021,Regular Season - 37,126,Sao Paulo,https://media.api-sports.io/football/teams/126.png,True,152,Juventude,https://media.api-sports.io/football/teams/152.png,False,3,1,2,0,3,1,,,,
689276,Wagner do Nascimento Magalhaes,UTC,2021-12-06T22:00:00+00:00,1638828000,1638828000,1638831600,10493.0,Arena da Baixada,"Curitiba, Paraná",Match Finished,FT,90,71,Serie A,Brazil,https://media.api-sports.io/football/leagues/71.png,https://media.api-sports.io/flags/br.svg,2021,Regular Season - 37,134,Atletico Paranaense,https://media.api-sports.io/football/teams/134.png,,121,Palmeiras,https://media.api-sports.io/football/teams/121.png,,0,0,0,0,0,0,,,,
689273,Flavio Rodrigues De Souza,UTC,2021-12-06T23:00:00+00:00,1638831600,1638831600,1638835200,244.0,Estádio José Pinheiro Borda,"Porto Alegre, Rio Grande do Sul",Match Finished,FT,90,71,Serie A,Brazil,https://media.api-sports.io/football/leagues/71.png,https://media.api-sports.io/flags/br.svg,2021,Regular Season - 37,119,Internacional,https://media.api-sports.io/football/teams/119.png,False,144,Atletico Goianiense,https://media.api-sports.io/football/teams/144.png,True,1,2,1,2,1,2,,,,
689269,Anderson Daronco,UTC,2021-12-06T23:00:00+00:00,1638831600,1638831600,1638835200,,Estadio Jornalista Mário Filho,"Rio de Janeiro, Rio de Janeiro",Match Finished,FT,90,71,Serie A,Brazil,https://media.api-sports.io/football/leagues/71.png,https://media.api-sports.io/flags/br.svg,2021,Regular Season - 37,127,Flamengo,https://media.api-sports.io/football/teams/127.png,False,128,Santos,https://media.api-sports.io/football/teams/128.png,True,0,1,0,0,0,1,,,,
689278,Heber Lopes,UTC,2021-12-06T23:00:00+00:00,1638831600,1638831600,1638835200,235.0,Arena Pantanal,"Cuiabá, Mato Grosso",Match Finished,FT,90,71,Serie A,Brazil,https://media.api-sports.io/football/leagues/71.png,https://media.api-sports.io/flags/br.svg,2021,Regular Season - 37,1193,Cuiaba,https://media.api-sports.io/football/teams/1193.png,True,154,Fortaleza EC,https://media.api-sports.io/football/teams/154.png,False,1,0,1,0,1,0,,,,
689277,Paulo Cesar Zanovelli,UTC,2021-12-07T00:00:00+00:00,1638835200,1638835200,1638838800,227.0,Arena Condá,"Chapecó, Santa Catarina",Match Finished,FT,90,71,Serie A,Brazil,https://media.api-sports.io/football/leagues/71.png,https://media.api-sports.io/flags/br.svg,2021,Regular Season - 37,132,Chapecoense-sc,https://media.api-sports.io/football/teams/132.png,False,123,Sport Recife,https://media.api-sports.io/football/teams/123.png,True,0,1,0,0,0,1,,,,
689280,Savio Pereira,UTC,2021-12-10T00:30:00+00:00,1639096200,1639096200,1639099800,255.0,Arena Barueri,"Barueri, São Paulo",Match Finished,FT,90,71,Serie A,Brazil,https://media.api-sports.io/football/leagues/71.png,https://media.api-sports.io/flags/br.svg,2021,Regular Season - 38,121,Palmeiras,https://media.api-sports.io/football/teams/121.png,True,129,Ceara,https://media.api-sports.io/football/teams/129.png,False,1,0,1,0,1,0,,,,
689285,Ramon Abatti,UTC,2021-12-10T00:30:00+00:00,1639096200,1639096200,1639099800,253.0,Itaipava Arena Pernambuco,"Recife, Pernambuco",Match Finished,FT,90,71,Serie A,Brazil,https://media.api-sports.io/football/leagues/71.png,https://media.api-sports.io/flags/br.svg,2021,Regular Season - 38,123,Sport Recife,https://media.api-sports.io/football/teams/123.png,,134,Atletico Paranaense,https://media.api-sports.io/football/teams/134.png,,1,1,1,1,1,1,,,,
689279,Leandro Vuaden,UTC,2021-12-10T00:30:00+00:00,1639096200,1639096200,1639099800,,Estadio Jornalista Mário Filho,"Rio de Janeiro, Rio de Janeiro",Match Finished,FT,90,71,Serie A,Brazil,https://media.api-sports.io/football/leagues/71.png,https://media.api-sports.io/flags/br.svg,2021,Regular Season - 38,124,Fluminense,https://media.api-sports.io/football/teams/124.png,True,132,Chapecoense-sc,https://media.api-sports.io/football/teams/132.png,False,3,0,0,0,3,0,,,,
689282,Caio Max Augusto Vieira,UTC,2021-12-10T00:30:00+00:00,1639096200,1639096200,1639099800,206.0,Estádio Raimundo Sampaio,"Belo Horizonte, Minas Gerais",Match Finished,FT,90,71,Serie A,Brazil,https://media.api-sports.io/football/leagues/71.png,https://media.api-sports.io/flags/br.svg,2021,Regular Season - 38,125,America Mineiro,https://media.api-sports.io/football/teams/125.png,True,126,Sao Paulo,https://media.api-sports.io/football/teams/126.png,False,2,0,0,0,2,0,,,,
689281,Wagner do Nascimento Magalhaes,UTC,2021-12-10T00:30:00+00:00,1639096200,1639096200,1639099800,10494.0,Estádio Urbano Caldeira,"Santos, São Paulo",Match Finished,FT,90,71,Serie A,Brazil,https://media.api-sports.io/football/leagues/71.png,https://media.api-sports.io/flags/br.svg,2021,Regular Season - 38,128,Santos,https://media.api-sports.io/football/teams/128.png,,1193,Cuiaba,https://media.api-sports.io/football/teams/1193.png,,1,1,0,1,1,1,,,,
689283,Raphael Claus,UTC,2021-12-10T00:30:00+00:00,1639096200,1639096200,1639099800,241.0,Arena do Grêmio,"Porto Alegre, Rio Grande do Sul",Match Finished,FT,90,71,Serie A,Brazil,https://media.api-sports.io/football/leagues/71.png,https://media.api-sports.io/flags/br.svg,2021,Regular Season - 38,130,Gremio,https://media.api-sports.io/football/teams/130.png,True,1062,Atletico-MG,https://media.api-sports.io/football/teams/1062.png,False,4,3,3,2,4,3,,,,
689288,Paulo Roberto Alves Júnior,UTC,2021-12-10T00:30:00+00:00,1639096200,1639096200,1639099800,211.0,Estádio Antônio Accioly,"Goiânia, Goiás",Match Finished,FT,90,71,Serie A,Brazil,https://media.api-sports.io/football/leagues/71.png,https://media.api-sports.io/flags/br.svg,2021,Regular Season - 38,144,Atletico Goianiense,https://media.api-sports.io/football/teams/144.png,True,127,Flamengo,https://media.api-sports.io/football/teams/127.png,False,2,0,0,0,2,0,,,,
689287,Rodolpho Toski Marques,UTC,2021-12-10T00:30:00+00:00,1639096200,1639096200,1639099800,248.0,Estádio Alfredo Jaconi,"Caxias do Sul, Rio Grande do Sul",Match Finished,FT,90,71,Serie A,Brazil,https://media.api-sports.io/football/leagues/71.png,https://media.api-sports.io/flags/br.svg,2021,Regular Season - 38,152,Juventude,https://media.api-sports.io/football/teams/152.png,True,131,Corinthians,https://media.api-sports.io/football/teams/131.png,False,1,0,0,0,1,0,,,,
689284,Flavio Rodrigues De Souza,UTC,2021-12-10T00:30:00+00:00,1639096200,1639096200,1639099800,225.0,Estádio Governador Plácido Aderaldo Castelo,"Fortaleza, Ceará",Match Finished,FT,90,71,Serie A,Brazil,https://media.api-sports.io/football/leagues/71.png,https://media.api-sports.io/flags/br.svg,2021,Regular Season - 38,154,Fortaleza EC,https://media.api-sports.io/football/teams/154.png,True,118,Bahia,https://media.api-sports.io/football/teams/118.png,False,2,1,1,1,2,1,,,,
689286,Braulio da Silva Machado,UTC,2021-12-10T00:30:00+00:00,1639096200,1639096200,1639099800,220.0,Estádio Nabi Abi Chedid,"Bragança Paulista, São Paulo",Match Finished,FT,90,71,Serie A,Brazil,https://media.api-sports.io/football/leagues/71.png,https://media.api-sports.io/flags/br.svg,2021,Regular Season - 38,794,RB Bragantino,https://media.api-sports.io/football/teams/794.png,True,119,Internacional,https://media.api-sports.io/football/teams/119.png,False,1,0,0,0,1,0,,,,
