fixture_id,fixture_referee,fixture_timezone,fixture_date,fixture_timestamp,fixture_periods_first,fixture_periods_second,fixture_venue_id,fixture_venue_name,fixture_venue_city,fixture_status_long,fixture_status_short,fixture_status_elapsed,league_id,league_name,league_country,league_logo,league_flag,league_season,league_round,teams_home_id,teams_home_name,teams_home_logo,teams_home_winner,teams_away_id,teams_away_name,teams_away_logo,teams_away_winner,goals_home,goals_away,score_halftime_home,score_halftime_away,score_fulltime_home,score_fulltime_away,score_extratime_home,score_extratime_away,score_penalty_home,score_penalty_away,fixture_status_extra,league_standings,chave
93094986156,,UTC,2003-03-29T16:00:00+00:00,1048953600,1048953600.0,1048957200.0,,Arena da Baixada,,Match Finished,FT,90.0,71,Serie A,Brazil,https://media.api-sports.io/football/leagues/71.png,https://media.api-sports.io/flags/br.svg,2003,Regular Season - 1,134,Atletico Paranaense,,True,130,Gremio,,False,2.0,0.0,,,,,,,,,,True,
90704402235,,UTC,2003-03-29T16:00:00+00:00,1048953600,1048953600.0,1048957200.0,,Brinco de Ouro,,Match Finished,FT,90.0,71,Serie A,Brazil,https://media.api-sports.io/football/leagues/71.png,https://media.api-sports.io/flags/br.svg,2003,Regular Season - 1,138,Guarani Campinas,,True,133,Vasco DA Gama,,False,4.0,2.0,,,,,,,,,,True,
87635542231,,UTC,2003-03-30T16:00:00+00:00,1049040000,1049040000.0,1049043600.0,,Castelão,,Match Finished,FT,90.0,71,Serie A,Brazil,https://media.api-sports.io/football/leagues/71.png,https://media.api-sports.io/flags/br.svg,2003,Regular Season - 1,154,Fortaleza EC,,,118,Bahia,,,0.0,0.0,,,,,,,,,,True,
64192340147,,UTC,2003-03-30T16:00:00+00:00,1049040000,1049040000.0,1049043600.0,,Maracanã,,Match Finished,FT,90.0,71,Serie A,Brazil,https://media.api-sports.io/football/leagues/71.png,https://media.api-sports.io/flags/br.svg,2003,Regular Season - 1,127,Flamengo,,,147,Coritiba,,,1.0,1.0,,,,,,,,,,True,
39772824137,,UTC,2003-03-30T16:00:00+00:00,1049040000,1049040000.0,1049043600.0,,Barradão,,Match Finished,FT,90.0,71,Serie A,Brazil,https://media.api-sports.io/football/leagues/71.png,https://media.api-sports.io/flags/br.svg,2003,Regular Season - 1,136,Vitoria,,,454769,Figueirense,,,1.0,1.0,,,,,,,,,,True,
91833163709,,UTC,2003-03-30T18:00:00+00:00,1049047200,1049047200.0,1049050800.0,,Vila Belmiro,,Match Finished,FT,90.0,71,Serie A,Brazil,https://media.api-sports.io/football/leagues/71.png,https://media.api-sports.io/flags/br.svg,2003,Regular Season - 1,128,Santos,,,122,Parana,,,2.0,2.0,,,,,,,,,,True,
14371247415,,UTC,2003-03-30T16:00:00+00:00,1049040000,1049040000.0,1049043600.0,,Serra Dourada,,Match Finished,FT,90.0,71,Serie A,Brazil,https://media.api-sports.io/football/leagues/71.png,https://media.api-sports.io/flags/br.svg,2003,Regular Season - 1,151,Goias,,,303369,Paysandu,,,2.0,2.0,,,,,,,,,,True,
60524545597,,UTC,2003-03-30T16:00:00+00:00,1049040000,1049040000.0,1049043600.0,,Beira Rio,,Match Finished,FT,90.0,71,Serie A,Brazil,https://media.api-sports.io/football/leagues/71.png,https://media.api-sports.io/flags/br.svg,2003,Regular Season - 1,119,Internacional,,,139,Ponte Preta,,,1.0,1.0,,,,,,,,,,True,
7723846860,,UTC,2003-03-30T16:00:00+00:00,1049040000,1049040000.0,1049043600.0,,Mineirão,,Match Finished,FT,90.0,71,Serie A,Brazil,https://media.api-sports.io/football/leagues/71.png,https://media.api-sports.io/flags/br.svg,2003,Regular Season - 1,135,Cruzeiro,,,539683,São Caetano,,,2.0,2.0,,,,,,,,,,True,
94939943607,,UTC,2003-03-30T16:00:00+00:00,1049040000,1049040000.0,1049043600.0,,Alfredo Jaconi,,Match Finished,FT,90.0,71,Serie A,Brazil,https://media.api-sports.io/football/leagues/71.png,https://media.api-sports.io/flags/br.svg,2003,Regular Season - 1,152,Juventude,,,126,Sao Paulo,,,2.0,2.0,,,,,,,,,,True,
35414989281,,UTC,2003-03-30T18:00:00+00:00,1049047200,1049047200.0,1049050800.0,,Pacaembu,,Match Finished,FT,90.0,71,Serie A,Brazil,https://media.api-sports.io/football/leagues/71.png,https://media.api-sports.io/flags/br.svg,2003,Regular Season - 1,131,Corinthians,,False,1062,Atletico-MG,,True,0.0,3.0,,,,,,,,,,True,
90371632109,,UTC,2003-03-30T16:00:00+00:00,1049040000,1049040000.0,1049043600.0,,Heriberto Hulse,,Match Finished,FT,90.0,71,Serie A,Brazil,https://media.api-sports.io/football/leagues/71.png,https://media.api-sports.io/flags/br.svg,2003,Regular Season - 1,140,Criciuma,,True,124,Fluminense,,False,2.0,0.0,,,,,,,,,,True,
23624802554,,UTC,2003-04-05T16:00:00+00:00,1049558400,1049558400.0,1049562000.0,,Maracanã,,Match Finished,FT,90.0,71,Serie A,Brazil,https://media.api-sports.io/football/leagues/71.png,https://media.api-sports.io/flags/br.svg,2003,Regular Season - 2,124,Fluminense,,,154,Fortaleza EC,,,1.0,1.0,,,,,,,,,,True,
27123805680,,UTC,2003-04-05T16:00:00+00:00,1049558400,1049558400.0,1049562000.0,,Mineirão,,Match Finished,FT,90.0,71,Serie A,Brazil,https://media.api-sports.io/football/leagues/71.png,https://media.api-sports.io/flags/br.svg,2003,Regular Season - 2,1062,Atletico-MG,,,128,Santos,,,0.0,0.0,,,,,,,,,,True,
15790562715,,UTC,2003-04-05T18:00:00+00:00,1049565600,1049565600.0,1049569200.0,,Olímpico Monumental,,Match Finished,FT,90.0,71,Serie A,Brazil,https://media.api-sports.io/football/leagues/71.png,https://media.api-sports.io/flags/br.svg,2003,Regular Season - 2,130,Gremio,,True,138,Guarani Campinas,,False,3.0,1.0,,,,,,,,,,True,
70545728489,,UTC,2003-04-05T16:00:00+00:00,1049558400,1049558400.0,1049562000.0,,Couto Pereira,,Match Finished,FT,90.0,71,Serie A,Brazil,https://media.api-sports.io/football/leagues/71.png,https://media.api-sports.io/flags/br.svg,2003,Regular Season - 2,147,Coritiba,,False,119,Internacional,,True,0.0,1.0,,,,,,,,,,True,
44345795016,,UTC,2003-04-06T16:00:00+00:00,1049644800,1049644800.0,1049648400.0,,Orlando Scarpelli,,Match Finished,FT,90.0,71,Serie A,Brazil,https://media.api-sports.io/football/leagues/71.png,https://media.api-sports.io/flags/br.svg,2003,Regular Season - 2,454769,Figueirense,,,131,Corinthians,,,3.0,3.0,,,,,,,,,,True,
12604945960,,UTC,2003-04-06T18:00:00+00:00,1049652000,1049652000.0,1049655600.0,,Morumbi,,Match Finished,FT,90.0,71,Serie A,Brazil,https://media.api-sports.io/football/leagues/71.png,https://media.api-sports.io/flags/br.svg,2003,Regular Season - 2,126,Sao Paulo,,False,135,Cruzeiro,,True,2.0,4.0,,,,,,,,,,True,
91104735662,,UTC,2003-04-06T16:00:00+00:00,1049644800,1049644800.0,1049648400.0,,Fonte Nova,,Match Finished,FT,90.0,71,Serie A,Brazil,https://media.api-sports.io/football/leagues/71.png,https://media.api-sports.io/flags/br.svg,2003,Regular Season - 2,118,Bahia,,False,127,Flamengo,,True,1.0,2.0,,,,,,,,,,True,
12667941646,,UTC,2003-04-06T16:00:00+00:00,1049644800,1049644800.0,1049648400.0,,Pinheirão,,Match Finished,FT,90.0,71,Serie A,Brazil,https://media.api-sports.io/football/leagues/71.png,https://media.api-sports.io/flags/br.svg,2003,Regular Season - 2,122,Parana,,True,134,Atletico Paranaense,,False,3.0,0.0,,,,,,,,,,True,
69845460196,,UTC,2003-04-06T16:00:00+00:00,1049644800,1049644800.0,1049648400.0,,Moisés Lucarelli,,Match Finished,FT,90.0,71,Serie A,Brazil,https://media.api-sports.io/football/leagues/71.png,https://media.api-sports.io/flags/br.svg,2003,Regular Season - 2,139,Ponte Preta,,True,152,Juventude,,False,1.0,0.0,,,,,,,,,,True,
7134118897,,UTC,2003-04-06T16:00:00+00:00,1049644800,1049644800.0,1049648400.0,,Anacleto Campanella,,Match Finished,FT,90.0,71,Serie A,Brazil,https://media.api-sports.io/football/leagues/71.png,https://media.api-sports.io/flags/br.svg,2003,Regular Season - 2,539683,São Caetano,,True,140,Criciuma,,False,3.0,2.0,,,,,,,,,,True,
87429841242,,UTC,2003-04-06T18:00:00+00:00,1049652000,1049652000.0,1049655600.0,,São Januário,,Match Finished,FT,90.0,71,Serie A,Brazil,https://media.api-sports.io/football/leagues/71.png,https://media.api-sports.io/flags/br.svg,2003,Regular Season - 2,133,Vasco DA Gama,,True,151,Goias,,False,6.0,4.0,,,,,,,,,,True,
79075183542,,UTC,2003-04-06T16:00:00+00:00,1049644800,1049644800.0,1049648400.0,,Mangueirão,,Match Finished,FT,90.0,71,Serie A,Brazil,https://media.api-sports.io/football/leagues/71.png,https://media.api-sports.io/flags/br.svg,2003,Regular Season - 2,303369,Paysandu,,False,136,Vitoria,,True,1.0,2.0,,,,,,,,,,True,
53605002829,,UTC,2003-04-09T21:40:00+00:00,1049924400,1049924400.0,1049928000.0,,Mangueirão,,Match Finished,FT,90.0,71,Serie A,Brazil,https://media.api-sports.io/football/leagues/71.png,https://media.api-sports.io/flags/br.svg,2003,Regular Season - 4,303369,Paysandu,,True,128,Santos,,False,2.0,1.0,,,,,,,,,,True,
73444494587,,UTC,2003-04-12T16:00:00+00:00,1050163200,1050163200.0,1050166800.0,,Arena da Baixada,,Match Finished,FT,90.0,71,Serie A,Brazil,https://media.api-sports.io/football/leagues/71.png,https://media.api-sports.io/flags/br.svg,2003,Regular Season - 3,134,Atletico Paranaense,,False,1062,Atletico-MG,,True,1.0,2.0,,,,,,,,,,True,
19244359875,,UTC,2003-04-12T18:00:00+00:00,1050170400,1050170400.0,1050174000.0,,Pacaembu,,Match Finished,FT,90.0,71,Serie A,Brazil,https://media.api-sports.io/football/leagues/71.png,https://media.api-sports.io/flags/br.svg,2003,Regular Season - 3,131,Corinthians,,True,303369,Paysandu,,False,6.0,1.0,,,,,,,,,,True,
63181596668,,UTC,2003-04-12T16:00:00+00:00,1050163200,1050163200.0,1050166800.0,,Beira Rio,,Match Finished,FT,90.0,71,Serie A,Brazil,https://media.api-sports.io/football/leagues/71.png,https://media.api-sports.io/flags/br.svg,2003,Regular Season - 3,119,Internacional,,True,118,Bahia,,False,2.0,0.0,,,,,,,,,,True,
84554330189,,UTC,2003-04-12T16:00:00+00:00,1050163200,1050163200.0,1050166800.0,,Vila Belmiro,,Match Finished,FT,90.0,71,Serie A,Brazil,https://media.api-sports.io/football/leagues/71.png,https://media.api-sports.io/flags/br.svg,2003,Regular Season - 3,128,Santos,,True,454769,Figueirense,,False,2.0,0.0,,,,,,,,,,True,
83149371064,,UTC,2003-04-13T16:00:00+00:00,1050249600,1050249600.0,1050253200.0,,Serra Dourada,,Match Finished,FT,90.0,71,Serie A,Brazil,https://media.api-sports.io/football/leagues/71.png,https://media.api-sports.io/flags/br.svg,2003,Regular Season - 3,151,Goias,,,130,Gremio,,,1.0,1.0,,,,,,,,,,True,
65605384410,,UTC,2003-04-13T16:00:00+00:00,1050249600,1050249600.0,1050253200.0,,Presidente Vargas,,Match Finished,FT,90.0,71,Serie A,Brazil,https://media.api-sports.io/football/leagues/71.png,https://media.api-sports.io/flags/br.svg,2003,Regular Season - 3,154,Fortaleza EC,,,539683,São Caetano,,,1.0,1.0,,,,,,,,,,True,
57871819647,,UTC,2003-04-13T16:00:00+00:00,1050249600,1050249600.0,1050253200.0,,Heriberto Hulse,,Match Finished,FT,90.0,71,Serie A,Brazil,https://media.api-sports.io/football/leagues/71.png,https://media.api-sports.io/flags/br.svg,2003,Regular Season - 3,140,Criciuma,,,126,Sao Paulo,,,1.0,1.0,,,,,,,,,,True,
73916194631,,UTC,2003-04-13T18:00:00+00:00,1050256800,1050256800.0,1050260400.0,,Mineirão,,Match Finished,FT,90.0,71,Serie A,Brazil,https://media.api-sports.io/football/leagues/71.png,https://media.api-sports.io/flags/br.svg,2003,Regular Season - 3,135,Cruzeiro,,True,139,Ponte Preta,,False,3.0,0.0,,,,,,,,,,True,
25118120487,,UTC,2003-04-13T18:00:00+00:00,1050256800,1050256800.0,1050260400.0,,Maracanã,,Match Finished,FT,90.0,71,Serie A,Brazil,https://media.api-sports.io/football/leagues/71.png,https://media.api-sports.io/flags/br.svg,2003,Regular Season - 3,127,Flamengo,,True,124,Fluminense,,False,4.0,1.0,,,,,,,,,,True,
10762110302,,UTC,2003-04-13T16:00:00+00:00,1050249600,1050249600.0,1050253200.0,,Brinco de Ouro,,Match Finished,FT,90.0,71,Serie A,Brazil,https://media.api-sports.io/football/leagues/71.png,https://media.api-sports.io/flags/br.svg,2003,Regular Season - 3,138,Guarani Campinas,,True,122,Parana,,False,2.0,0.0,,,,,,,,,,True,
59194822348,,UTC,2003-04-13T16:00:00+00:00,1050249600,1050249600.0,1050253200.0,,Alfredo Jaconi,,Match Finished,FT,90.0,71,Serie A,Brazil,https://media.api-sports.io/football/leagues/71.png,https://media.api-sports.io/flags/br.svg,2003,Regular Season - 3,152,Juventude,,True,147,Coritiba,,False,2.0,1.0,,,,,,,,,,True,
17991882276,,UTC,2003-04-13T16:00:00+00:00,1050249600,1050249600.0,1050253200.0,,Barradão,,Match Finished,FT,90.0,71,Serie A,Brazil,https://media.api-sports.io/football/leagues/71.png,https://media.api-sports.io/flags/br.svg,2003,Regular Season - 3,136,Vitoria,,True,133,Vasco DA Gama,,False,2.0,1.0,,,,,,,,,,True,
98116578436,,UTC,2003-04-16T20:30:00+00:00,1050525000,1050525000.0,1050528600.0,,Orlando Scarpelli,,Match Finished,FT,90.0,71,Serie A,Brazil,https://media.api-sports.io/football/leagues/71.png,https://media.api-sports.io/flags/br.svg,2003,Regular Season - 4,454769,Figueirense,,,134,Atletico Paranaense,,,1.0,1.0,,,,,,,,,,True,
49579596878,,UTC,2003-04-16T21:40:00+00:00,1050529200,1050529200.0,1050532800.0,,São Januário,,Match Finished,FT,90.0,71,Serie A,Brazil,https://media.api-sports.io/football/leagues/71.png,https://media.api-sports.io/flags/br.svg,2003,Regular Season - 4,133,Vasco DA Gama,,,131,Corinthians,,,2.0,2.0,,,,,,,,,,True,
89443345770,,UTC,2003-04-16T20:30:00+00:00,1050525000,1050525000.0,1050528600.0,,Moisés Lucarelli,,Match Finished,FT,90.0,71,Serie A,Brazil,https://media.api-sports.io/football/leagues/71.png,https://media.api-sports.io/flags/br.svg,2003,Regular Season - 4,139,Ponte Preta,,,140,Criciuma,,,1.0,1.0,,,,,,,,,,True,
23634703480,,UTC,2003-04-16T21:40:00+00:00,1050529200,1050529200.0,1050532800.0,,Anacleto Campanella,,Match Finished,FT,90.0,71,Serie A,Brazil,https://media.api-sports.io/football/leagues/71.png,https://media.api-sports.io/flags/br.svg,2003,Regular Season - 4,539683,São Caetano,,,127,Flamengo,,,1.0,1.0,,,,,,,,,,True,
66377090767,,UTC,2003-04-16T20:30:00+00:00,1050525000,1050525000.0,1050528600.0,,Mineirão,,Match Finished,FT,90.0,71,Serie A,Brazil,https://media.api-sports.io/football/leagues/71.png,https://media.api-sports.io/flags/br.svg,2003,Regular Season - 4,1062,Atletico-MG,,True,138,Guarani Campinas,,False,3.0,2.0,,,,,,,,,,True,
427234163,,UTC,2003-04-16T20:30:00+00:00,1050525000,1050525000.0,1050528600.0,,Fonte Nova,,Match Finished,FT,90.0,71,Serie A,Brazil,https://media.api-sports.io/football/leagues/71.png,https://media.api-sports.io/flags/br.svg,2003,Regular Season - 4,118,Bahia,,True,152,Juventude,,False,3.0,1.0,,,,,,,,,,True,
13645463481,,UTC,2003-04-16T21:40:00+00:00,1050529200,1050529200.0,1050532800.0,,Couto Pereira,,Match Finished,FT,90.0,71,Serie A,Brazil,https://media.api-sports.io/football/leagues/71.png,https://media.api-sports.io/flags/br.svg,2003,Regular Season - 4,147,Coritiba,,False,135,Cruzeiro,,True,3.0,4.0,,,,,,,,,,True,
77005116203,,UTC,2003-04-16T20:30:00+00:00,1050525000,1050525000.0,1050528600.0,,Olímpico Monumental,,Match Finished,FT,90.0,71,Serie A,Brazil,https://media.api-sports.io/football/leagues/71.png,https://media.api-sports.io/flags/br.svg,2003,Regular Season - 4,130,Gremio,,True,136,Vitoria,,False,2.0,1.0,,,,,,,,,,True,
60767228267,,UTC,2003-04-17T20:30:00+00:00,1050611400,1050611400.0,1050615000.0,,Maracanã,,Match Finished,FT,90.0,71,Serie A,Brazil,https://media.api-sports.io/football/leagues/71.png,https://media.api-sports.io/flags/br.svg,2003,Regular Season - 4,124,Fluminense,,True,119,Internacional,,False,3.0,1.0,,,,,,,,,,True,
38596458651,,UTC,2003-04-17T20:30:00+00:00,1050611400,1050611400.0,1050615000.0,,Pinheirão,,Match Finished,FT,90.0,71,Serie A,Brazil,https://media.api-sports.io/football/leagues/71.png,https://media.api-sports.io/flags/br.svg,2003,Regular Season - 4,122,Parana,,True,151,Goias,,False,3.0,1.0,,,,,,,,,,True,
66561145134,,UTC,2003-04-17T20:30:00+00:00,1050611400,1050611400.0,1050615000.0,,Morumbi,,Match Finished,FT,90.0,71,Serie A,Brazil,https://media.api-sports.io/football/leagues/71.png,https://media.api-sports.io/flags/br.svg,2003,Regular Season - 4,126,Sao Paulo,,True,154,Fortaleza EC,,False,3.0,1.0,,,,,,,,,,True,
8174030675,,UTC,2003-04-18T20:30:00+00:00,1050697800,1050697800.0,1050701400.0,,Maracanã,,Match Finished,FT,90.0,71,Serie A,Brazil,https://media.api-sports.io/football/leagues/71.png,https://media.api-sports.io/flags/br.svg,2003,Regular Season - 12,127,Flamengo,,True,135,Cruzeiro,,False,3.0,0.0,,,,,,,,,,True,
15355206733,,UTC,2003-04-19T16:00:00+00:00,1050768000,1050768000.0,1050771600.0,,Anacleto Campanella,,Match Finished,FT,90.0,71,Serie A,Brazil,https://media.api-sports.io/football/leagues/71.png,https://media.api-sports.io/flags/br.svg,2003,Regular Season - 5,539683,São Caetano,,,130,Gremio,,,1.0,1.0,,,,,,,,,,True,
61847492049,,UTC,2003-04-19T16:00:00+00:00,1050768000,1050768000.0,1050771600.0,,Fonte Nova,,Match Finished,FT,90.0,71,Serie A,Brazil,https://media.api-sports.io/football/leagues/71.png,https://media.api-sports.io/flags/br.svg,2003,Regular Season - 5,118,Bahia,,False,1062,Atletico-MG,,True,2.0,4.0,,,,,,,,,,True,
3468145074,,UTC,2003-04-19T18:00:00+00:00,1050775200,1050775200.0,1050778800.0,,Maracanã,,Match Finished,FT,90.0,71,Serie A,Brazil,https://media.api-sports.io/football/leagues/71.png,https://media.api-sports.io/flags/br.svg,2003,Regular Season - 5,127,Flamengo,,False,128,Santos,,True,0.0,2.0,,,,,,,,,,True,
54238486751,,UTC,2003-04-20T18:00:00+00:00,1050861600,1050861600.0,1050865200.0,,Maracanã,,Match Finished,FT,90.0,71,Serie A,Brazil,https://media.api-sports.io/football/leagues/71.png,https://media.api-sports.io/flags/br.svg,2003,Regular Season - 5,124,Fluminense,,,122,Parana,,,0.0,0.0,,,,,,,,,,True,
39423826173,,UTC,2003-04-20T16:00:00+00:00,1050854400,1050854400.0,1050858000.0,,Moisés Lucarelli,,Match Finished,FT,90.0,71,Serie A,Brazil,https://media.api-sports.io/football/leagues/71.png,https://media.api-sports.io/flags/br.svg,2003,Regular Season - 5,139,Ponte Preta,,,303369,Paysandu,,,4.0,4.0,,,,,,,,,,True,
26344962558,,UTC,2003-04-20T16:00:00+00:00,1050854400,1050854400.0,1050858000.0,,Alfredo Jaconi,,Match Finished,FT,90.0,71,Serie A,Brazil,https://media.api-sports.io/football/leagues/71.png,https://media.api-sports.io/flags/br.svg,2003,Regular Season - 5,152,Juventude,,,136,Vitoria,,,1.0,1.0,,,,,,,,,,True,
37337884611,,UTC,2003-04-20T16:00:00+00:00,1050854400,1050854400.0,1050858000.0,,Heriberto Hulse,,Match Finished,FT,90.0,71,Serie A,Brazil,https://media.api-sports.io/football/leagues/71.png,https://media.api-sports.io/flags/br.svg,2003,Regular Season - 5,140,Criciuma,,True,138,Guarani Campinas,,False,1.0,0.0,,,,,,,,,,True,
51836526645,,UTC,2003-04-20T18:00:00+00:00,1050861600,1050861600.0,1050865200.0,,Mineirão,,Match Finished,FT,90.0,71,Serie A,Brazil,https://media.api-sports.io/football/leagues/71.png,https://media.api-sports.io/flags/br.svg,2003,Regular Season - 5,135,Cruzeiro,,True,151,Goias,,False,4.0,1.0,,,,,,,,,,True,
38363766962,,UTC,2003-04-20T16:00:00+00:00,1050854400,1050854400.0,1050858000.0,,Presidente Vargas,,Match Finished,FT,90.0,71,Serie A,Brazil,https://media.api-sports.io/football/leagues/71.png,https://media.api-sports.io/flags/br.svg,2003,Regular Season - 5,154,Fortaleza EC,,True,134,Atletico Paranaense,,False,1.0,0.0,,,,,,,,,,True,
46027447176,,UTC,2003-04-20T16:00:00+00:00,1050854400,1050854400.0,1050858000.0,,Beira Rio,,Match Finished,FT,90.0,71,Serie A,Brazil,https://media.api-sports.io/football/leagues/71.png,https://media.api-sports.io/flags/br.svg,2003,Regular Season - 5,119,Internacional,,True,131,Corinthians,,False,2.0,1.0,,,,,,,,,,True,
27443492424,,UTC,2003-04-20T16:00:00+00:00,1050854400,1050854400.0,1050858000.0,,Morumbi,,Match Finished,FT,90.0,71,Serie A,Brazil,https://media.api-sports.io/football/leagues/71.png,https://media.api-sports.io/flags/br.svg,2003,Regular Season - 5,126,Sao Paulo,,True,133,Vasco DA Gama,,False,3.0,1.0,,,,,,,,,,True,
96295773911,,UTC,2003-04-21T20:30:00+00:00,1050957000,1050957000.0,1050960600.0,,Couto Pereira,,Match Finished,FT,90.0,71,Serie A,Brazil,https://media.api-sports.io/football/leagues/71.png,https://media.api-sports.io/flags/br.svg,2003,Regular Season - 5,147,Coritiba,,True,454769,Figueirense,,False,1.0,0.0,,,,,,,,,,True,
13380914742,,UTC,2003-04-26T18:00:00+00:00,1051380000,1051380000.0,1051383600.0,,Brinco de Ouro,,Match Finished,FT,90.0,71,Serie A,Brazil,https://media.api-sports.io/football/leagues/71.png,https://media.api-sports.io/flags/br.svg,2003,Regular Season - 6,138,Guarani Campinas,,,135,Cruzeiro,,,1.0,1.0,,,,,,,,,,True,
31366166840,,UTC,2003-04-26T16:00:00+00:00,1051372800,1051372800.0,1051376400.0,,Mineirão,,Match Finished,FT,90.0,71,Serie A,Brazil,https://media.api-sports.io/football/leagues/71.png,https://media.api-sports.io/flags/br.svg,2003,Regular Season - 6,1062,Atletico-MG,,False,147,Coritiba,,True,1.0,2.0,,,,,,,,,,True,
40008485985,,UTC,2003-04-26T16:00:00+00:00,1051372800,1051372800.0,1051376400.0,,Barradão,,Match Finished,FT,90.0,71,Serie A,Brazil,https://media.api-sports.io/football/leagues/71.png,https://media.api-sports.io/flags/br.svg,2003,Regular Season - 6,136,Vitoria,,False,119,Internacional,,True,0.0,3.0,,,,,,,,,,True,
89122858338,,UTC,2003-04-26T16:00:00+00:00,1051372800,1051372800.0,1051376400.0,,Pinheirão,,Match Finished,FT,90.0,71,Serie A,Brazil,https://media.api-sports.io/football/leagues/71.png,https://media.api-sports.io/flags/br.svg,2003,Regular Season - 6,122,Parana,,True,118,Bahia,,False,3.0,1.0,,,,,,,,,,True,
89581297891,,UTC,2003-04-27T16:00:00+00:00,1051459200,1051459200.0,1051462800.0,,Pacaembu,,Match Finished,FT,90.0,71,Serie A,Brazil,https://media.api-sports.io/football/leagues/71.png,https://media.api-sports.io/flags/br.svg,2003,Regular Season - 6,131,Corinthians,,,127,Flamengo,,,1.0,1.0,,,,,,,,,,True,
54503162146,,UTC,2003-04-27T16:00:00+00:00,1051459200,1051459200.0,1051462800.0,,Orlando Scarpelli,,Match Finished,FT,90.0,71,Serie A,Brazil,https://media.api-sports.io/football/leagues/71.png,https://media.api-sports.io/flags/br.svg,2003,Regular Season - 6,454769,Figueirense,,,139,Ponte Preta,,,0.0,0.0,,,,,,,,,,True,
10196027830,,UTC,2003-04-27T16:00:00+00:00,1051459200,1051459200.0,1051462800.0,,Arena da Baixada,,Match Finished,FT,90.0,71,Serie A,Brazil,https://media.api-sports.io/football/leagues/71.png,https://media.api-sports.io/flags/br.svg,2003,Regular Season - 6,134,Atletico Paranaense,,True,140,Criciuma,,False,5.0,2.0,,,,,,,,,,True,
58138519503,,UTC,2003-04-27T16:00:00+00:00,1051459200,1051459200.0,1051462800.0,,Olímpico Monumental,,Match Finished,FT,90.0,71,Serie A,Brazil,https://media.api-sports.io/football/leagues/71.png,https://media.api-sports.io/flags/br.svg,2003,Regular Season - 6,130,Gremio,,False,124,Fluminense,,True,0.0,1.0,,,,,,,,,,True,
44751178765,,UTC,2003-04-27T16:00:00+00:00,1051459200,1051459200.0,1051462800.0,,Serra Dourada,,Match Finished,FT,90.0,71,Serie A,Brazil,https://media.api-sports.io/football/leagues/71.png,https://media.api-sports.io/flags/br.svg,2003,Regular Season - 6,151,Goias,,True,152,Juventude,,False,7.0,0.0,,,,,,,,,,True,
66919466711,,UTC,2003-04-27T18:00:00+00:00,1051466400,1051466400.0,1051470000.0,,Mangueirão,,Match Finished,FT,90.0,71,Serie A,Brazil,https://media.api-sports.io/football/leagues/71.png,https://media.api-sports.io/flags/br.svg,2003,Regular Season - 6,303369,Paysandu,,True,126,Sao Paulo,,False,5.0,2.0,,,,,,,,,,True,
96555106973,,UTC,2003-04-27T16:00:00+00:00,1051459200,1051459200.0,1051462800.0,,Vila Belmiro,,Match Finished,FT,90.0,71,Serie A,Brazil,https://media.api-sports.io/football/leagues/71.png,https://media.api-sports.io/flags/br.svg,2003,Regular Season - 6,128,Santos,,True,154,Fortaleza EC,,False,4.0,0.0,,,,,,,,,,True,
75285828683,,UTC,2003-04-27T18:00:00+00:00,1051466400,1051466400.0,1051470000.0,,São Januário,,Match Finished,FT,90.0,71,Serie A,Brazil,https://media.api-sports.io/football/leagues/71.png,https://media.api-sports.io/flags/br.svg,2003,Regular Season - 6,133,Vasco DA Gama,,True,539683,São Caetano,,False,1.0,0.0,,,,,,,,,,True,
37028675708,,UTC,2003-05-03T16:00:00+00:00,1051977600,1051977600.0,1051981200.0,,Fonte Nova,,Match Finished,FT,90.0,71,Serie A,Brazil,https://media.api-sports.io/football/leagues/71.png,https://media.api-sports.io/flags/br.svg,2003,Regular Season - 7,118,Bahia,,True,130,Gremio,,False,2.0,1.0,,,,,,,,,,True,
63068963153,,UTC,2003-05-03T18:00:00+00:00,1051984800,1051984800.0,1051988400.0,,Mineirão,,Match Finished,FT,90.0,71,Serie A,Brazil,https://media.api-sports.io/football/leagues/71.png,https://media.api-sports.io/flags/br.svg,2003,Regular Season - 7,135,Cruzeiro,,True,134,Atletico Paranaense,,False,5.0,2.0,,,,,,,,,,True,
33981367448,,UTC,2003-05-03T16:00:00+00:00,1051977600,1051977600.0,1051981200.0,,Maracanã,,Match Finished,FT,90.0,71,Serie A,Brazil,https://media.api-sports.io/football/leagues/71.png,https://media.api-sports.io/flags/br.svg,2003,Regular Season - 7,127,Flamengo,,True,136,Vitoria,,False,2.0,1.0,,,,,,,,,,True,
15986669784,,UTC,2003-05-04T16:00:00+00:00,1052064000,1052064000.0,1052067600.0,,Alfredo Jaconi,,Match Finished,FT,90.0,71,Serie A,Brazil,https://media.api-sports.io/football/leagues/71.png,https://media.api-sports.io/flags/br.svg,2003,Regular Season - 7,152,Juventude,,,138,Guarani Campinas,,,1.0,1.0,,,,,,,,,,True,
58667255830,,UTC,2003-05-04T18:00:00+00:00,1052071200,1052071200.0,1052074800.0,,Maracanã,,Match Finished,FT,90.0,71,Serie A,Brazil,https://media.api-sports.io/football/leagues/71.png,https://media.api-sports.io/flags/br.svg,2003,Regular Season - 7,124,Fluminense,,,133,Vasco DA Gama,,,0.0,0.0,,,,,,,,,,True,
78823723447,,UTC,2003-05-04T16:00:00+00:00,1052064000,1052064000.0,1052067600.0,,Castelão,,Match Finished,FT,90.0,71,Serie A,Brazil,https://media.api-sports.io/football/leagues/71.png,https://media.api-sports.io/flags/br.svg,2003,Regular Season - 7,154,Fortaleza EC,,False,131,Corinthians,,True,1.0,2.0,,,,,,,,,,True,
59316731106,,UTC,2003-05-04T16:00:00+00:00,1052064000,1052064000.0,1052067600.0,,Couto Pereira,,Match Finished,FT,90.0,71,Serie A,Brazil,https://media.api-sports.io/football/leagues/71.png,https://media.api-sports.io/flags/br.svg,2003,Regular Season - 7,147,Coritiba,,True,122,Parana,,False,2.0,1.0,,,,,,,,,,True,
894242280,,UTC,2003-05-04T16:00:00+00:00,1052064000,1052064000.0,1052067600.0,,Beira Rio,,Match Finished,FT,90.0,71,Serie A,Brazil,https://media.api-sports.io/football/leagues/71.png,https://media.api-sports.io/flags/br.svg,2003,Regular Season - 7,119,Internacional,,True,151,Goias,,False,2.0,1.0,,,,,,,,,,True,
75220299436,,UTC,2003-05-04T16:00:00+00:00,1052064000,1052064000.0,1052067600.0,,Moisés Lucarelli,,Match Finished,FT,90.0,71,Serie A,Brazil,https://media.api-sports.io/football/leagues/71.png,https://media.api-sports.io/flags/br.svg,2003,Regular Season - 7,139,Ponte Preta,,True,1062,Atletico-MG,,False,2.0,1.0,,,,,,,,,,True,
37111847020,,UTC,2003-05-04T18:00:00+00:00,1052071200,1052071200.0,1052074800.0,,Heriberto Hulse,,Match Finished,FT,90.0,71,Serie A,Brazil,https://media.api-sports.io/football/leagues/71.png,https://media.api-sports.io/flags/br.svg,2003,Regular Season - 7,140,Criciuma,,False,128,Santos,,True,1.0,3.0,,,,,,,,,,True,
4903373428,,UTC,2003-05-04T16:00:00+00:00,1052064000,1052064000.0,1052067600.0,,Anacleto Campanella,,Match Finished,FT,90.0,71,Serie A,Brazil,https://media.api-sports.io/football/leagues/71.png,https://media.api-sports.io/flags/br.svg,2003,Regular Season - 7,539683,São Caetano,,True,303369,Paysandu,,False,2.0,0.0,,,,,,,,,,True,
35987038669,,UTC,2003-05-04T16:00:00+00:00,1052064000,1052064000.0,1052067600.0,,Morumbi,,Match Finished,FT,90.0,71,Serie A,Brazil,https://media.api-sports.io/football/leagues/71.png,https://media.api-sports.io/flags/br.svg,2003,Regular Season - 7,126,Sao Paulo,,True,454769,Figueirense,,False,3.0,2.0,,,,,,,,,,True,
44729898224,,UTC,2003-05-10T16:00:00+00:00,1052582400,1052582400.0,1052586000.0,,Serra Dourada,,Match Finished,FT,90.0,71,Serie A,Brazil,https://media.api-sports.io/football/leagues/71.png,https://media.api-sports.io/flags/br.svg,2003,Regular Season - 8,151,Goias,,,127,Flamengo,,,1.0,1.0,,,,,,,,,,True,
4788879462,,UTC,2003-05-10T18:00:00+00:00,1052589600,1052589600.0,1052593200.0,,Pacaembu,,Match Finished,FT,90.0,71,Serie A,Brazil,https://media.api-sports.io/football/leagues/71.png,https://media.api-sports.io/flags/br.svg,2003,Regular Season - 8,131,Corinthians,,True,140,Criciuma,,False,3.0,0.0,,,,,,,,,,True,
29724006159,,UTC,2003-05-10T16:00:00+00:00,1052582400,1052582400.0,1052586000.0,,Vila Belmiro,,Match Finished,FT,90.0,71,Serie A,Brazil,https://media.api-sports.io/football/leagues/71.png,https://media.api-sports.io/flags/br.svg,2003,Regular Season - 8,128,Santos,,False,135,Cruzeiro,,True,0.0,2.0,,,,,,,,,,True,
20172370252,,UTC,2003-05-10T16:00:00+00:00,1052582400,1052582400.0,1052586000.0,,Pinheirão,,Match Finished,FT,90.0,71,Serie A,Brazil,https://media.api-sports.io/football/leagues/71.png,https://media.api-sports.io/flags/br.svg,2003,Regular Season - 8,122,Parana,,True,139,Ponte Preta,,False,3.0,2.0,,,,,,,,,,True,
49881886095,,UTC,2003-05-11T16:00:00+00:00,1052668800,1052668800.0,1052672400.0,,São Januário,,Match Finished,FT,90.0,71,Serie A,Brazil,https://media.api-sports.io/football/leagues/71.png,https://media.api-sports.io/flags/br.svg,2003,Regular Season - 8,133,Vasco DA Gama,,,118,Bahia,,,1.0,1.0,,,,,,,,,,True,
4569188811,,UTC,2003-05-11T16:00:00+00:00,1052668800,1052668800.0,1052672400.0,,Mangueirão,,Match Finished,FT,90.0,71,Serie A,Brazil,https://media.api-sports.io/football/leagues/71.png,https://media.api-sports.io/flags/br.svg,2003,Regular Season - 8,303369,Paysandu,,,124,Fluminense,,,2.0,2.0,,,,,,,,,,True,
85201831953,,UTC,2003-05-11T16:00:00+00:00,1052668800,1052668800.0,1052672400.0,,Mineirão,,Match Finished,FT,90.0,71,Serie A,Brazil,https://media.api-sports.io/football/leagues/71.png,https://media.api-sports.io/flags/br.svg,2003,Regular Season - 8,1062,Atletico-MG,,,126,Sao Paulo,,,2.0,2.0,,,,,,,,,,True,
20915206506,,UTC,2003-05-11T16:00:00+00:00,1052668800,1052668800.0,1052672400.0,,Arena da Baixada,,Match Finished,FT,90.0,71,Serie A,Brazil,https://media.api-sports.io/football/leagues/71.png,https://media.api-sports.io/flags/br.svg,2003,Regular Season - 8,134,Atletico Paranaense,,True,152,Juventude,,False,2.0,0.0,,,,,,,,,,True,
17593083283,,UTC,2003-05-11T16:00:00+00:00,1052668800,1052668800.0,1052672400.0,,Orlando Scarpelli,,Match Finished,FT,90.0,71,Serie A,Brazil,https://media.api-sports.io/football/leagues/71.png,https://media.api-sports.io/flags/br.svg,2003,Regular Season - 8,454769,Figueirense,,True,539683,São Caetano,,False,3.0,0.0,,,,,,,,,,True,
33753658425,,UTC,2003-05-11T18:00:00+00:00,1052676000,1052676000.0,1052679600.0,,Olímpico Monumental,,Match Finished,FT,90.0,71,Serie A,Brazil,https://media.api-sports.io/football/leagues/71.png,https://media.api-sports.io/flags/br.svg,2003,Regular Season - 8,130,Gremio,,True,147,Coritiba,,False,1.0,0.0,,,,,,,,,,True,
93299944380,,UTC,2003-05-11T16:00:00+00:00,1052668800,1052668800.0,1052672400.0,,Brinco de Ouro,,Match Finished,FT,90.0,71,Serie A,Brazil,https://media.api-sports.io/football/leagues/71.png,https://media.api-sports.io/flags/br.svg,2003,Regular Season - 8,138,Guarani Campinas,,True,119,Internacional,,False,3.0,0.0,,,,,,,,,,True,
27880701690,,UTC,2003-05-11T16:00:00+00:00,1052668800,1052668800.0,1052672400.0,,Barradão,,Match Finished,FT,90.0,71,Serie A,Brazil,https://media.api-sports.io/football/leagues/71.png,https://media.api-sports.io/flags/br.svg,2003,Regular Season - 8,136,Vitoria,,True,154,Fortaleza EC,,False,2.0,1.0,,,,,,,,,,True,
45125561996,,UTC,2003-05-17T18:00:00+00:00,1053194400,1053194400.0,1053198000.0,,Alfredo Jaconi,,Match Finished,FT,90.0,71,Serie A,Brazil,https://media.api-sports.io/football/leagues/71.png,https://media.api-sports.io/flags/br.svg,2003,Regular Season - 9,152,Juventude,,,128,Santos,,,1.0,1.0,,,,,,,,,,True,
77525370818,,UTC,2003-05-17T16:00:00+00:00,1053187200,1053187200.0,1053190800.0,,Maracanã,,Match Finished,FT,90.0,71,Serie A,Brazil,https://media.api-sports.io/football/leagues/71.png,https://media.api-sports.io/flags/br.svg,2003,Regular Season - 9,124,Fluminense,,True,454769,Figueirense,,False,3.0,0.0,,,,,,,,,,True,
48251335396,,UTC,2003-05-17T16:00:00+00:00,1053187200,1053187200.0,1053190800.0,,Anacleto Campanella,,Match Finished,FT,90.0,71,Serie A,Brazil,https://media.api-sports.io/football/leagues/71.png,https://media.api-sports.io/flags/br.svg,2003,Regular Season - 9,539683,São Caetano,,True,1062,Atletico-MG,,False,2.0,0.0,,,,,,,,,,True,
82176510005,,UTC,2003-05-18T16:00:00+00:00,1053273600,1053273600.0,1053277200.0,,Beira Rio,,Match Finished,FT,90.0,71,Serie A,Brazil,https://media.api-sports.io/football/leagues/71.png,https://media.api-sports.io/flags/br.svg,2003,Regular Season - 9,119,Internacional,,,134,Atletico Paranaense,,,1.0,1.0,,,,,,,,,,True,
99576727795,,UTC,2003-05-18T16:00:00+00:00,1053273600,1053273600.0,1053277200.0,,Mineirão,,Match Finished,FT,90.0,71,Serie A,Brazil,https://media.api-sports.io/football/leagues/71.png,https://media.api-sports.io/flags/br.svg,2003,Regular Season - 9,135,Cruzeiro,,,131,Corinthians,,,1.0,1.0,,,,,,,,,,True,
68745013912,,UTC,2003-05-18T18:00:00+00:00,1053280800,1053280800.0,1053284400.0,,Maracanã,,Match Finished,FT,90.0,71,Serie A,Brazil,https://media.api-sports.io/football/leagues/71.png,https://media.api-sports.io/flags/br.svg,2003,Regular Season - 9,127,Flamengo,,,138,Guarani Campinas,,,1.0,1.0,,,,,,,,,,True,
40067127942,,UTC,2003-05-18T16:00:00+00:00,1053273600,1053273600.0,1053277200.0,,Couto Pereira,,Match Finished,FT,90.0,71,Serie A,Brazil,https://media.api-sports.io/football/leagues/71.png,https://media.api-sports.io/flags/br.svg,2003,Regular Season - 9,147,Coritiba,,,133,Vasco DA Gama,,,1.0,1.0,,,,,,,,,,True,
44503562209,,UTC,2003-05-18T16:00:00+00:00,1053273600,1053273600.0,1053277200.0,,Heriberto Hulse,,Match Finished,FT,90.0,71,Serie A,Brazil,https://media.api-sports.io/football/leagues/71.png,https://media.api-sports.io/flags/br.svg,2003,Regular Season - 9,140,Criciuma,,,136,Vitoria,,,1.0,1.0,,,,,,,,,,True,
8472842654,,UTC,2003-05-18T16:00:00+00:00,1053273600,1053273600.0,1053277200.0,,Fonte Nova,,Match Finished,FT,90.0,71,Serie A,Brazil,https://media.api-sports.io/football/leagues/71.png,https://media.api-sports.io/flags/br.svg,2003,Regular Season - 9,118,Bahia,,True,303369,Paysandu,,False,2.0,0.0,,,,,,,,,,True,
38462934793,,UTC,2003-05-18T16:00:00+00:00,1053273600,1053273600.0,1053277200.0,,Castelão,,Match Finished,FT,90.0,71,Serie A,Brazil,https://media.api-sports.io/football/leagues/71.png,https://media.api-sports.io/flags/br.svg,2003,Regular Season - 9,154,Fortaleza EC,,True,151,Goias,,False,1.0,0.0,,,,,,,,,,True,
37911965310,,UTC,2003-05-18T16:00:00+00:00,1053273600,1053273600.0,1053277200.0,,Moisés Lucarelli,,Match Finished,FT,90.0,71,Serie A,Brazil,https://media.api-sports.io/football/leagues/71.png,https://media.api-sports.io/flags/br.svg,2003,Regular Season - 9,139,Ponte Preta,,True,130,Gremio,,False,2.0,1.0,,,,,,,,,,True,
9371715184,,UTC,2003-05-18T18:00:00+00:00,1053280800,1053280800.0,1053284400.0,,Morumbi,,Match Finished,FT,90.0,71,Serie A,Brazil,https://media.api-sports.io/football/leagues/71.png,https://media.api-sports.io/flags/br.svg,2003,Regular Season - 9,126,Sao Paulo,,True,122,Parana,,False,2.0,0.0,,,,,,,,,,True,
13197592430,,UTC,2003-05-24T16:00:00+00:00,1053792000,1053792000.0,1053795600.0,,Pinheirão,,Match Finished,FT,90.0,71,Serie A,Brazil,https://media.api-sports.io/football/leagues/71.png,https://media.api-sports.io/flags/br.svg,2003,Regular Season - 10,122,Parana,,,539683,São Caetano,,,1.0,1.0,,,,,,,,,,True,
21774918924,,UTC,2003-05-24T16:00:00+00:00,1053792000,1053792000.0,1053795600.0,,Independência,,Match Finished,FT,90.0,71,Serie A,Brazil,https://media.api-sports.io/football/leagues/71.png,https://media.api-sports.io/flags/br.svg,2003,Regular Season - 10,1062,Atletico-MG,,True,124,Fluminense,,False,3.0,0.0,,,,,,,,,,True,
64502026161,,UTC,2003-05-24T16:00:00+00:00,1053792000,1053792000.0,1053795600.0,,Pacaembu,,Match Finished,FT,90.0,71,Serie A,Brazil,https://media.api-sports.io/football/leagues/71.png,https://media.api-sports.io/flags/br.svg,2003,Regular Season - 10,131,Corinthians,,True,152,Juventude,,False,3.0,0.0,,,,,,,,,,True,
94509259460,,UTC,2003-05-24T18:00:00+00:00,1053799200,1053799200.0,1053802800.0,,São Januário,,Match Finished,FT,90.0,71,Serie A,Brazil,https://media.api-sports.io/football/leagues/71.png,https://media.api-sports.io/flags/br.svg,2003,Regular Season - 10,133,Vasco DA Gama,,True,139,Ponte Preta,,False,1.0,0.0,,,,,,,,,,True,
14116138871,,UTC,2003-05-25T16:00:00+00:00,1053878400,1053878400.0,1053882000.0,,Arena da Baixada,,Match Finished,FT,90.0,71,Serie A,Brazil,https://media.api-sports.io/football/leagues/71.png,https://media.api-sports.io/flags/br.svg,2003,Regular Season - 10,134,Atletico Paranaense,,True,127,Flamengo,,False,4.0,1.0,,,,,,,,,,True,
32183919236,,UTC,2003-05-25T16:00:00+00:00,1053878400,1053878400.0,1053882000.0,,Mangueirão,,Match Finished,FT,90.0,71,Serie A,Brazil,https://media.api-sports.io/football/leagues/71.png,https://media.api-sports.io/flags/br.svg,2003,Regular Season - 10,303369,Paysandu,,False,147,Coritiba,,True,1.0,3.0,,,,,,,,,,True,
38872397092,,UTC,2003-05-25T16:00:00+00:00,1053878400,1053878400.0,1053882000.0,,Serra Dourada,,Match Finished,FT,90.0,71,Serie A,Brazil,https://media.api-sports.io/football/leagues/71.png,https://media.api-sports.io/flags/br.svg,2003,Regular Season - 10,151,Goias,,False,140,Criciuma,,True,0.0,2.0,,,,,,,,,,True,
34693019221,,UTC,2003-05-25T16:00:00+00:00,1053878400,1053878400.0,1053882000.0,,Orlando Scarpelli,,Match Finished,FT,90.0,71,Serie A,Brazil,https://media.api-sports.io/football/leagues/71.png,https://media.api-sports.io/flags/br.svg,2003,Regular Season - 10,454769,Figueirense,,True,118,Bahia,,False,1.0,0.0,,,,,,,,,,True,
96509051944,,UTC,2003-05-25T16:00:00+00:00,1053878400,1053878400.0,1053882000.0,,Brinco de Ouro,,Match Finished,FT,90.0,71,Serie A,Brazil,https://media.api-sports.io/football/leagues/71.png,https://media.api-sports.io/flags/br.svg,2003,Regular Season - 10,138,Guarani Campinas,,True,154,Fortaleza EC,,False,2.0,1.0,,,,,,,,,,True,
94290136674,,UTC,2003-05-25T18:00:00+00:00,1053885600,1053885600.0,1053889200.0,,Vila Belmiro,,Match Finished,FT,90.0,71,Serie A,Brazil,https://media.api-sports.io/football/leagues/71.png,https://media.api-sports.io/flags/br.svg,2003,Regular Season - 10,128,Santos,,True,119,Internacional,,False,2.0,1.0,,,,,,,,,,True,
64177059704,,UTC,2003-05-25T16:00:00+00:00,1053878400,1053878400.0,1053882000.0,,Olímpico Monumental,,Match Finished,FT,90.0,71,Serie A,Brazil,https://media.api-sports.io/football/leagues/71.png,https://media.api-sports.io/flags/br.svg,2003,Regular Season - 10,130,Gremio,,False,126,Sao Paulo,,True,1.0,2.0,,,,,,,,,,True,
87448342834,,UTC,2003-05-25T18:00:00+00:00,1053885600,1053885600.0,1053889200.0,,Barradão,,Match Finished,FT,90.0,71,Serie A,Brazil,https://media.api-sports.io/football/leagues/71.png,https://media.api-sports.io/flags/br.svg,2003,Regular Season - 10,136,Vitoria,,True,135,Cruzeiro,,False,2.0,1.0,,,,,,,,,,True,
89809420957,,UTC,2003-05-31T16:00:00+00:00,1054396800,1054396800.0,1054400400.0,,Moisés Lucarelli,,Match Finished,FT,90.0,71,Serie A,Brazil,https://media.api-sports.io/football/leagues/71.png,https://media.api-sports.io/flags/br.svg,2003,Regular Season - 11,139,Ponte Preta,,,539683,São Caetano,,,0.0,0.0,,,,,,,,,,True,
29416978341,,UTC,2003-05-31T16:00:00+00:00,1054396800,1054396800.0,1054400400.0,,Couto Pereira,,Match Finished,FT,90.0,71,Serie A,Brazil,https://media.api-sports.io/football/leagues/71.png,https://media.api-sports.io/flags/br.svg,2003,Regular Season - 11,147,Coritiba,,True,138,Guarani Campinas,,False,3.0,2.0,,,,,,,,,,True,
89626078911,,UTC,2003-05-31T16:00:00+00:00,1054396800,1054396800.0,1054400400.0,,Mineirão,,Match Finished,FT,90.0,71,Serie A,Brazil,https://media.api-sports.io/football/leagues/71.png,https://media.api-sports.io/flags/br.svg,2003,Regular Season - 11,135,Cruzeiro,,True,140,Criciuma,,False,2.0,0.0,,,,,,,,,,True,
14415997684,,UTC,2003-05-31T16:00:00+00:00,1054396800,1054396800.0,1054400400.0,,Edson Passos,,Match Finished,FT,90.0,71,Serie A,Brazil,https://media.api-sports.io/football/leagues/71.png,https://media.api-sports.io/flags/br.svg,2003,Regular Season - 11,124,Fluminense,,True,134,Atletico Paranaense,,False,2.0,1.0,,,,,,,,,,True,
79140305914,,UTC,2003-05-31T18:00:00+00:00,1054404000,1054404000.0,1054407600.0,,Beira Rio,,Match Finished,FT,90.0,71,Serie A,Brazil,https://media.api-sports.io/football/leagues/71.png,https://media.api-sports.io/flags/br.svg,2003,Regular Season - 11,119,Internacional,,True,303369,Paysandu,,False,2.0,1.0,,,,,,,,,,True,
21690602980,,UTC,2003-06-01T18:00:00+00:00,1054490400,1054490400.0,1054494000.0,,São Januário,,Match Finished,FT,90.0,71,Serie A,Brazil,https://media.api-sports.io/football/leagues/71.png,https://media.api-sports.io/flags/br.svg,2003,Regular Season - 11,133,Vasco DA Gama,,,1062,Atletico-MG,,,2.0,2.0,,,,,,,,,,True,
81231029508,,UTC,2003-06-01T16:00:00+00:00,1054483200,1054483200.0,1054486800.0,,Fonte Nova,,Match Finished,FT,90.0,71,Serie A,Brazil,https://media.api-sports.io/football/leagues/71.png,https://media.api-sports.io/flags/br.svg,2003,Regular Season - 11,118,Bahia,,True,151,Goias,,False,2.0,1.0,,,,,,,,,,True,
36655636461,,UTC,2003-06-01T18:00:00+00:00,1054490400,1054490400.0,1054494000.0,,Pacaembu,,Match Finished,FT,90.0,71,Serie A,Brazil,https://media.api-sports.io/football/leagues/71.png,https://media.api-sports.io/flags/br.svg,2003,Regular Season - 11,131,Corinthians,,True,136,Vitoria,,False,4.0,0.0,,,,,,,,,,True,
57778654058,,UTC,2003-06-01T16:00:00+00:00,1054483200,1054483200.0,1054486800.0,,Orlando Scarpelli,,Match Finished,FT,90.0,71,Serie A,Brazil,https://media.api-sports.io/football/leagues/71.png,https://media.api-sports.io/flags/br.svg,2003,Regular Season - 11,454769,Figueirense,,True,130,Gremio,,False,2.0,1.0,,,,,,,,,,True,
53125916883,,UTC,2003-06-01T16:00:00+00:00,1054483200,1054483200.0,1054486800.0,,Castelão,,Match Finished,FT,90.0,71,Serie A,Brazil,https://media.api-sports.io/football/leagues/71.png,https://media.api-sports.io/flags/br.svg,2003,Regular Season - 11,154,Fortaleza EC,,True,152,Juventude,,False,3.0,1.0,,,,,,,,,,True,
94721076688,,UTC,2003-06-01T16:00:00+00:00,1054483200,1054483200.0,1054486800.0,,Pinheirão,,Match Finished,FT,90.0,71,Serie A,Brazil,https://media.api-sports.io/football/leagues/71.png,https://media.api-sports.io/flags/br.svg,2003,Regular Season - 11,122,Parana,,True,127,Flamengo,,False,6.0,2.0,,,,,,,,,,True,
74753118429,,UTC,2003-06-01T16:00:00+00:00,1054483200,1054483200.0,1054486800.0,,Vila Belmiro,,Match Finished,FT,90.0,71,Serie A,Brazil,https://media.api-sports.io/football/leagues/71.png,https://media.api-sports.io/flags/br.svg,2003,Regular Season - 11,128,Santos,,True,126,Sao Paulo,,False,3.0,2.0,,,,,,,,,,True,
81925685658,,UTC,2003-06-07T18:00:00+00:00,1055008800,1055008800.0,1055012400.0,,Independência,,Match Finished,FT,90.0,71,Serie A,Brazil,https://media.api-sports.io/football/leagues/71.png,https://media.api-sports.io/flags/br.svg,2003,Regular Season - 12,1062,Atletico-MG,,,454769,Figueirense,,,1.0,1.0,,,,,,,,,,True,
85432019680,,UTC,2003-06-07T16:00:00+00:00,1055001600,1055001600.0,1055005200.0,,Olímpico Monumental,,Match Finished,FT,90.0,71,Serie A,Brazil,https://media.api-sports.io/football/leagues/71.png,https://media.api-sports.io/flags/br.svg,2003,Regular Season - 12,130,Gremio,,True,154,Fortaleza EC,,False,3.0,1.0,,,,,,,,,,True,
55808546382,,UTC,2003-06-07T16:00:00+00:00,1055001600,1055001600.0,1055005200.0,,Brinco de Ouro,,Match Finished,FT,90.0,71,Serie A,Brazil,https://media.api-sports.io/football/leagues/71.png,https://media.api-sports.io/flags/br.svg,2003,Regular Season - 12,138,Guarani Campinas,,False,128,Santos,,True,1.0,2.0,,,,,,,,,,True,
75321661780,,UTC,2003-06-07T16:00:00+00:00,1055001600,1055001600.0,1055005200.0,,Barradão,,Match Finished,FT,90.0,71,Serie A,Brazil,https://media.api-sports.io/football/leagues/71.png,https://media.api-sports.io/flags/br.svg,2003,Regular Season - 12,136,Vitoria,,True,124,Fluminense,,False,2.0,1.0,,,,,,,,,,True,
65042628365,,UTC,2003-06-08T18:00:00+00:00,1055095200,1055095200.0,1055098800.0,,Morumbi,,Match Finished,FT,90.0,71,Serie A,Brazil,https://media.api-sports.io/football/leagues/71.png,https://media.api-sports.io/flags/br.svg,2003,Regular Season - 12,126,Sao Paulo,,,118,Bahia,,,2.0,2.0,,,,,,,,,,True,
83535272658,,UTC,2003-06-08T16:00:00+00:00,1055088000,1055088000.0,1055091600.0,,Alfredo Jaconi,,Match Finished,FT,90.0,71,Serie A,Brazil,https://media.api-sports.io/football/leagues/71.png,https://media.api-sports.io/flags/br.svg,2003,Regular Season - 12,152,Juventude,,,133,Vasco DA Gama,,,0.0,0.0,,,,,,,,,,True,
17924235482,,UTC,2003-06-08T16:00:00+00:00,1055088000,1055088000.0,1055091600.0,,Arena da Baixada,,Match Finished,FT,90.0,71,Serie A,Brazil,https://media.api-sports.io/football/leagues/71.png,https://media.api-sports.io/flags/br.svg,2003,Regular Season - 12,134,Atletico Paranaense,,True,139,Ponte Preta,,False,4.0,2.0,,,,,,,,,,True,
94334467693,,UTC,2003-06-08T16:00:00+00:00,1055088000,1055088000.0,1055091600.0,,Serra Dourada,,Match Finished,FT,90.0,71,Serie A,Brazil,https://media.api-sports.io/football/leagues/71.png,https://media.api-sports.io/flags/br.svg,2003,Regular Season - 12,151,Goias,,False,147,Coritiba,,True,1.0,2.0,,,,,,,,,,True,
28014677554,,UTC,2003-06-08T18:00:00+00:00,1055095200,1055095200.0,1055098800.0,,Heriberto Hulse,,Match Finished,FT,90.0,71,Serie A,Brazil,https://media.api-sports.io/football/leagues/71.png,https://media.api-sports.io/flags/br.svg,2003,Regular Season - 12,140,Criciuma,,True,119,Internacional,,False,1.0,0.0,,,,,,,,,,True,
21228319951,,UTC,2003-06-08T16:00:00+00:00,1055088000,1055088000.0,1055091600.0,,Mangueirão,,Match Finished,FT,90.0,71,Serie A,Brazil,https://media.api-sports.io/football/leagues/71.png,https://media.api-sports.io/flags/br.svg,2003,Regular Season - 12,303369,Paysandu,,True,122,Parana,,False,3.0,0.0,,,,,,,,,,True,
85609076769,,UTC,2003-06-08T16:00:00+00:00,1055088000,1055088000.0,1055091600.0,,Anacleto Campanella,,Match Finished,FT,90.0,71,Serie A,Brazil,https://media.api-sports.io/football/leagues/71.png,https://media.api-sports.io/flags/br.svg,2003,Regular Season - 12,539683,São Caetano,,True,131,Corinthians,,False,1.0,0.0,,,,,,,,,,True,
54699052923,,UTC,2003-06-14T18:00:00+00:00,1055613600,1055613600.0,1055617200.0,,Couto Pereira,,Match Finished,FT,90.0,71,Serie A,Brazil,https://media.api-sports.io/football/leagues/71.png,https://media.api-sports.io/flags/br.svg,2003,Regular Season - 13,147,Coritiba,,True,134,Atletico Paranaense,,False,2.0,0.0,,,,,,,,,,True,
3534824734,,UTC,2003-06-14T16:00:00+00:00,1055606400,1055606400.0,1055610000.0,,Maracanã,,Match Finished,FT,90.0,71,Serie A,Brazil,https://media.api-sports.io/football/leagues/71.png,https://media.api-sports.io/flags/br.svg,2003,Regular Season - 13,124,Fluminense,,False,151,Goias,,True,2.0,3.0,,,,,,,,,,True,
82888550198,,UTC,2003-06-14T16:00:00+00:00,1055606400,1055606400.0,1055610000.0,,Moisés Lucarelli,,Match Finished,FT,90.0,71,Serie A,Brazil,https://media.api-sports.io/football/leagues/71.png,https://media.api-sports.io/flags/br.svg,2003,Regular Season - 13,139,Ponte Preta,,False,138,Guarani Campinas,,True,0.0,2.0,,,,,,,,,,True,
62940264721,,UTC,2003-06-15T18:00:00+00:00,1055700000,1055700000.0,1055703600.0,,Mineirão,,Match Finished,FT,90.0,71,Serie A,Brazil,https://media.api-sports.io/football/leagues/71.png,https://media.api-sports.io/flags/br.svg,2003,Regular Season - 13,135,Cruzeiro,,,1062,Atletico-MG,,,0.0,0.0,,,,,,,,,,True,
20581280626,,UTC,2003-06-15T16:00:00+00:00,1055692800,1055692800.0,1055696400.0,,Olímpico Monumental,,Match Finished,FT,90.0,71,Serie A,Brazil,https://media.api-sports.io/football/leagues/71.png,https://media.api-sports.io/flags/br.svg,2003,Regular Season - 13,130,Gremio,,,119,Internacional,,,0.0,0.0,,,,,,,,,,True,
78353277405,,UTC,2003-06-15T16:00:00+00:00,1055692800,1055692800.0,1055696400.0,,Fonte Nova,,Match Finished,FT,90.0,71,Serie A,Brazil,https://media.api-sports.io/football/leagues/71.png,https://media.api-sports.io/flags/br.svg,2003,Regular Season - 13,118,Bahia,,True,136,Vitoria,,False,2.0,1.0,,,,,,,,,,True,
76869602726,,UTC,2003-06-15T16:00:00+00:00,1055692800,1055692800.0,1055696400.0,,Heriberto Hulse,,Match Finished,FT,90.0,71,Serie A,Brazil,https://media.api-sports.io/football/leagues/71.png,https://media.api-sports.io/flags/br.svg,2003,Regular Season - 13,140,Criciuma,,True,454769,Figueirense,,False,1.0,0.0,,,,,,,,,,True,
10686227989,,UTC,2003-06-15T18:00:00+00:00,1055700000,1055700000.0,1055703600.0,,Maracanã,,Match Finished,FT,90.0,71,Serie A,Brazil,https://media.api-sports.io/football/leagues/71.png,https://media.api-sports.io/flags/br.svg,2003,Regular Season - 13,133,Vasco DA Gama,,False,127,Flamengo,,True,1.0,2.0,,,,,,,,,,True,
34209620668,,UTC,2003-06-15T16:00:00+00:00,1055692800,1055692800.0,1055696400.0,,Pinheirão,,Match Finished,FT,90.0,71,Serie A,Brazil,https://media.api-sports.io/football/leagues/71.png,https://media.api-sports.io/flags/br.svg,2003,Regular Season - 13,122,Parana,,False,152,Juventude,,True,1.0,2.0,,,,,,,,,,True,
45416919375,,UTC,2003-06-15T16:00:00+00:00,1055692800,1055692800.0,1055696400.0,,Presidente Vargas,,Match Finished,FT,90.0,71,Serie A,Brazil,https://media.api-sports.io/football/leagues/71.png,https://media.api-sports.io/flags/br.svg,2003,Regular Season - 13,154,Fortaleza EC,,False,303369,Paysandu,,True,1.0,2.0,,,,,,,,,,True,
5954766444,,UTC,2003-06-15T16:00:00+00:00,1055692800,1055692800.0,1055696400.0,,Vila Belmiro,,Match Finished,FT,90.0,71,Serie A,Brazil,https://media.api-sports.io/football/leagues/71.png,https://media.api-sports.io/flags/br.svg,2003,Regular Season - 13,128,Santos,,False,539683,São Caetano,,True,0.0,1.0,,,,,,,,,,True,
73326390911,,UTC,2003-06-15T16:00:00+00:00,1055692800,1055692800.0,1055696400.0,,Morumbi,,Match Finished,FT,90.0,71,Serie A,Brazil,https://media.api-sports.io/football/leagues/71.png,https://media.api-sports.io/flags/br.svg,2003,Regular Season - 13,131,Corinthians,,False,126,Sao Paulo,,True,1.0,2.0,,,,,,,,,,True,
42237934448,,UTC,2003-06-19T16:00:00+00:00,1056038400,1056038400.0,1056042000.0,,Fonte Nova,,Match Finished,FT,90.0,71,Serie A,Brazil,https://media.api-sports.io/football/leagues/71.png,https://media.api-sports.io/flags/br.svg,2003,Regular Season - 14,118,Bahia,,,147,Coritiba,,,2.0,2.0,,,,,,,,,,True,
29427314719,,UTC,2003-06-21T16:00:00+00:00,1056211200,1056211200.0,1056214800.0,,Mineirão,,Match Finished,FT,90.0,71,Serie A,Brazil,https://media.api-sports.io/football/leagues/71.png,https://media.api-sports.io/flags/br.svg,2003,Regular Season - 14,1062,Atletico-MG,,True,130,Gremio,,False,3.0,2.0,,,,,,,,,,True,
98171169509,,UTC,2003-06-21T16:00:00+00:00,1056211200,1056211200.0,1056214800.0,,Beira Rio,,Match Finished,FT,90.0,71,Serie A,Brazil,https://media.api-sports.io/football/leagues/71.png,https://media.api-sports.io/flags/br.svg,2003,Regular Season - 14,119,Internacional,,True,122,Parana,,False,2.0,1.0,,,,,,,,,,True,
67637914504,,UTC,2003-06-21T18:00:00+00:00,1056218400,1056218400.0,1056222000.0,,Morumbi,,Match Finished,FT,90.0,71,Serie A,Brazil,https://media.api-sports.io/football/leagues/71.png,https://media.api-sports.io/flags/br.svg,2003,Regular Season - 14,126,Sao Paulo,,True,151,Goias,,False,1.0,0.0,,,,,,,,,,True,
98217667458,,UTC,2003-06-21T16:00:00+00:00,1056211200,1056211200.0,1056214800.0,,São Januário,,Match Finished,FT,90.0,71,Serie A,Brazil,https://media.api-sports.io/football/leagues/71.png,https://media.api-sports.io/flags/br.svg,2003,Regular Season - 14,133,Vasco DA Gama,,True,140,Criciuma,,False,2.0,0.0,,,,,,,,,,True,
43974576351,,UTC,2003-06-22T16:00:00+00:00,1056297600,1056297600.0,1056301200.0,,Moisés Lucarelli,,Match Finished,FT,90.0,71,Serie A,Brazil,https://media.api-sports.io/football/leagues/71.png,https://media.api-sports.io/flags/br.svg,2003,Regular Season - 14,139,Ponte Preta,,,131,Corinthians,,,3.0,3.0,,,,,,,,,,True,
87298896451,,UTC,2003-06-22T16:00:00+00:00,1056297600,1056297600.0,1056301200.0,,Mangueirão,,Match Finished,FT,90.0,71,Serie A,Brazil,https://media.api-sports.io/football/leagues/71.png,https://media.api-sports.io/flags/br.svg,2003,Regular Season - 14,303369,Paysandu,,,127,Flamengo,,,2.0,2.0,,,,,,,,,,True,
8243178577,,UTC,2003-06-22T16:00:00+00:00,1056297600,1056297600.0,1056301200.0,,Orlando Scarpelli,,Match Finished,FT,90.0,71,Serie A,Brazil,https://media.api-sports.io/football/leagues/71.png,https://media.api-sports.io/flags/br.svg,2003,Regular Season - 14,454769,Figueirense,,,154,Fortaleza EC,,,2.0,2.0,,,,,,,,,,True,
65328001689,,UTC,2003-06-22T18:00:00+00:00,1056304800,1056304800.0,1056308400.0,,Alfredo Jaconi,,Match Finished,FT,90.0,71,Serie A,Brazil,https://media.api-sports.io/football/leagues/71.png,https://media.api-sports.io/flags/br.svg,2003,Regular Season - 14,152,Juventude,,False,135,Cruzeiro,,True,0.0,1.0,,,,,,,,,,True,
36158356317,,UTC,2003-06-22T18:00:00+00:00,1056304800,1056304800.0,1056308400.0,,Maracanã,,Match Finished,FT,90.0,71,Serie A,Brazil,https://media.api-sports.io/football/leagues/71.png,https://media.api-sports.io/flags/br.svg,2003,Regular Season - 14,124,Fluminense,,True,138,Guarani Campinas,,False,5.0,2.0,,,,,,,,,,True,
46569291337,,UTC,2003-06-22T16:00:00+00:00,1056297600,1056297600.0,1056301200.0,,Anacleto Campanella,,Match Finished,FT,90.0,71,Serie A,Brazil,https://media.api-sports.io/football/leagues/71.png,https://media.api-sports.io/flags/br.svg,2003,Regular Season - 14,539683,São Caetano,,True,136,Vitoria,,False,2.0,1.0,,,,,,,,,,True,
82328003942,,UTC,2003-06-28T16:00:00+00:00,1056816000,1056816000.0,1056819600.0,,Couto Pereira,,Match Finished,FT,90.0,71,Serie A,Brazil,https://media.api-sports.io/football/leagues/71.png,https://media.api-sports.io/flags/br.svg,2003,Regular Season - 15,147,Coritiba,,True,539683,São Caetano,,False,2.0,0.0,,,,,,,,,,True,
59235199554,,UTC,2003-06-28T18:00:00+00:00,1056823200,1056823200.0,1056826800.0,,Maracanã,,Match Finished,FT,90.0,71,Serie A,Brazil,https://media.api-sports.io/football/leagues/71.png,https://media.api-sports.io/flags/br.svg,2003,Regular Season - 15,127,Flamengo,,False,454769,Figueirense,,True,0.0,2.0,,,,,,,,,,True,
75486132265,,UTC,2003-06-28T16:00:00+00:00,1056816000,1056816000.0,1056819600.0,,Olímpico Monumental,,Match Finished,FT,90.0,71,Serie A,Brazil,https://media.api-sports.io/football/leagues/71.png,https://media.api-sports.io/flags/br.svg,2003,Regular Season - 15,130,Gremio,,False,152,Juventude,,True,1.0,4.0,,,,,,,,,,True,
21331861173,,UTC,2003-06-28T16:00:00+00:00,1056816000,1056816000.0,1056819600.0,,Vila Belmiro,,Match Finished,FT,90.0,71,Serie A,Brazil,https://media.api-sports.io/football/leagues/71.png,https://media.api-sports.io/flags/br.svg,2003,Regular Season - 15,128,Santos,,True,118,Bahia,,False,4.0,0.0,,,,,,,,,,True,
75682171253,,UTC,2003-06-28T16:00:00+00:00,1056816000,1056816000.0,1056819600.0,,Castelão,,Match Finished,FT,90.0,71,Serie A,Brazil,https://media.api-sports.io/football/leagues/71.png,https://media.api-sports.io/flags/br.svg,2003,Regular Season - 15,154,Fortaleza EC,,False,133,Vasco DA Gama,,True,0.0,1.0,,,,,,,,,,True,
64800009035,,UTC,2003-06-29T18:00:00+00:00,1056909600,1056909600.0,1056913200.0,,Pinheirão,,Match Finished,FT,90.0,71,Serie A,Brazil,https://media.api-sports.io/football/leagues/71.png,https://media.api-sports.io/flags/br.svg,2003,Regular Season - 15,122,Parana,,,1062,Atletico-MG,,,1.0,1.0,,,,,,,,,,True,
47842831874,,UTC,2003-06-29T16:00:00+00:00,1056902400,1056902400.0,1056906000.0,,Pacaembu,,Match Finished,FT,90.0,71,Serie A,Brazil,https://media.api-sports.io/football/leagues/71.png,https://media.api-sports.io/flags/br.svg,2003,Regular Season - 15,131,Corinthians,,True,124,Fluminense,,False,1.0,0.0,,,,,,,,,,True,
76879341428,,UTC,2003-06-29T16:00:00+00:00,1056902400,1056902400.0,1056906000.0,,Heriberto Hulse,,Match Finished,FT,90.0,71,Serie A,Brazil,https://media.api-sports.io/football/leagues/71.png,https://media.api-sports.io/flags/br.svg,2003,Regular Season - 15,140,Criciuma,,True,303369,Paysandu,,False,2.0,0.0,,,,,,,,,,True,
95280092616,,UTC,2003-06-29T18:00:00+00:00,1056909600,1056909600.0,1056913200.0,,Mineirão,,Match Finished,FT,90.0,71,Serie A,Brazil,https://media.api-sports.io/football/leagues/71.png,https://media.api-sports.io/flags/br.svg,2003,Regular Season - 15,135,Cruzeiro,,True,119,Internacional,,False,3.0,2.0,,,,,,,,,,True,
32324635107,,UTC,2003-06-29T16:00:00+00:00,1056902400,1056902400.0,1056906000.0,,Brinco de Ouro,,Match Finished,FT,90.0,71,Serie A,Brazil,https://media.api-sports.io/football/leagues/71.png,https://media.api-sports.io/flags/br.svg,2003,Regular Season - 15,138,Guarani Campinas,,False,126,Sao Paulo,,True,0.0,1.0,,,,,,,,,,True,
22454803263,,UTC,2003-06-29T16:00:00+00:00,1056902400,1056902400.0,1056906000.0,,Barradão,,Match Finished,FT,90.0,71,Serie A,Brazil,https://media.api-sports.io/football/leagues/71.png,https://media.api-sports.io/flags/br.svg,2003,Regular Season - 15,136,Vitoria,,True,134,Atletico Paranaense,,False,1.0,0.0,,,,,,,,,,True,
76155692348,,UTC,2003-07-05T16:00:00+00:00,1057420800,1057420800.0,1057424400.0,,Morumbi,,Match Finished,FT,90.0,71,Serie A,Brazil,https://media.api-sports.io/football/leagues/71.png,https://media.api-sports.io/flags/br.svg,2003,Regular Season - 16,126,Sao Paulo,,,539683,São Caetano,,,1.0,1.0,,,,,,,,,,True,
29810951035,,UTC,2003-07-05T16:00:00+00:00,1057420800,1057420800.0,1057424400.0,,Independência,,Match Finished,FT,90.0,71,Serie A,Brazil,https://media.api-sports.io/football/leagues/71.png,https://media.api-sports.io/flags/br.svg,2003,Regular Season - 16,1062,Atletico-MG,,True,303369,Paysandu,,False,3.0,2.0,,,,,,,,,,True,
9128511901,,UTC,2003-07-05T16:00:00+00:00,1057420800,1057420800.0,1057424400.0,,Orlando Scarpelli,,Match Finished,FT,90.0,71,Serie A,Brazil,https://media.api-sports.io/football/leagues/71.png,https://media.api-sports.io/flags/br.svg,2003,Regular Season - 16,454769,Figueirense,,True,135,Cruzeiro,,False,1.0,0.0,,,,,,,,,,True,
70024985584,,UTC,2003-07-05T16:00:00+00:00,1057420800,1057420800.0,1057424400.0,,São Januário,,Match Finished,FT,90.0,71,Serie A,Brazil,https://media.api-sports.io/football/leagues/71.png,https://media.api-sports.io/flags/br.svg,2003,Regular Season - 16,133,Vasco DA Gama,,False,122,Parana,,True,1.0,4.0,,,,,,,,,,True,
28731877288,,UTC,2003-07-06T16:00:00+00:00,1057507200,1057507200.0,1057510800.0,,Alfredo Jaconi,,Match Finished,FT,90.0,71,Serie A,Brazil,https://media.api-sports.io/football/leagues/71.png,https://media.api-sports.io/flags/br.svg,2003,Regular Season - 16,152,Juventude,,,119,Internacional,,,1.0,1.0,,,,,,,,,,True,
38884020457,,UTC,2003-07-06T16:00:00+00:00,1057507200,1057507200.0,1057510800.0,,Arena da Baixada,,Match Finished,FT,90.0,71,Serie A,Brazil,https://media.api-sports.io/football/leagues/71.png,https://media.api-sports.io/flags/br.svg,2003,Regular Season - 16,134,Atletico Paranaense,,True,131,Corinthians,,False,3.0,1.0,,,,,,,,,,True,
90464650471,,UTC,2003-07-06T16:00:00+00:00,1057507200,1057507200.0,1057510800.0,,Presidente Vargas,,Match Finished,FT,90.0,71,Serie A,Brazil,https://media.api-sports.io/football/leagues/71.png,https://media.api-sports.io/flags/br.svg,2003,Regular Season - 16,154,Fortaleza EC,,False,140,Criciuma,,True,0.0,1.0,,,,,,,,,,True,
23595061207,,UTC,2003-07-06T18:00:00+00:00,1057514400,1057514400.0,1057518000.0,,Maracanã,,Match Finished,FT,90.0,71,Serie A,Brazil,https://media.api-sports.io/football/leagues/71.png,https://media.api-sports.io/flags/br.svg,2003,Regular Season - 16,124,Fluminense,,True,118,Bahia,,False,1.0,0.0,,,,,,,,,,True,
7219477051,,UTC,2003-07-06T16:00:00+00:00,1057507200,1057507200.0,1057510800.0,,Olímpico Monumental,,Match Finished,FT,90.0,71,Serie A,Brazil,https://media.api-sports.io/football/leagues/71.png,https://media.api-sports.io/flags/br.svg,2003,Regular Season - 16,130,Gremio,,True,127,Flamengo,,False,2.0,0.0,,,,,,,,,,True,
64076264802,,UTC,2003-07-06T16:00:00+00:00,1057507200,1057507200.0,1057510800.0,,Brinco de Ouro,,Match Finished,FT,90.0,71,Serie A,Brazil,https://media.api-sports.io/football/leagues/71.png,https://media.api-sports.io/flags/br.svg,2003,Regular Season - 16,138,Guarani Campinas,,True,151,Goias,,False,3.0,2.0,,,,,,,,,,True,
80136123558,,UTC,2003-07-06T16:00:00+00:00,1057507200,1057507200.0,1057510800.0,,Barradão,,Match Finished,FT,90.0,71,Serie A,Brazil,https://media.api-sports.io/football/leagues/71.png,https://media.api-sports.io/flags/br.svg,2003,Regular Season - 16,136,Vitoria,,False,139,Ponte Preta,,True,1.0,4.0,,,,,,,,,,True,
90194310713,,UTC,2003-07-06T18:00:00+00:00,1057514400,1057514400.0,1057518000.0,,Vila Belmiro,,Match Finished,FT,90.0,71,Serie A,Brazil,https://media.api-sports.io/football/leagues/71.png,https://media.api-sports.io/flags/br.svg,2003,Regular Season - 16,128,Santos,,True,147,Coritiba,,False,3.0,1.0,,,,,,,,,,True,
10202357764,,UTC,2003-07-09T16:00:00+00:00,1057766400,1057766400.0,1057770000.0,,Anacleto Campanella,,Match Finished,FT,90.0,71,Serie A,Brazil,https://media.api-sports.io/football/leagues/71.png,https://media.api-sports.io/flags/br.svg,2003,Regular Season - 17,539683,São Caetano,,,134,Atletico Paranaense,,,0.0,0.0,,,,,,,,,,True,
10555759453,,UTC,2003-07-09T16:00:00+00:00,1057766400,1057766400.0,1057770000.0,,Morumbi,,Match Finished,FT,90.0,71,Serie A,Brazil,https://media.api-sports.io/football/leagues/71.png,https://media.api-sports.io/flags/br.svg,2003,Regular Season - 17,131,Corinthians,,,128,Santos,,,1.0,1.0,,,,,,,,,,True,
35644794099,,UTC,2003-07-09T20:30:00+00:00,1057782600,1057782600.0,1057786200.0,,Serra Dourada,,Match Finished,FT,90.0,71,Serie A,Brazil,https://media.api-sports.io/football/leagues/71.png,https://media.api-sports.io/flags/br.svg,2003,Regular Season - 17,151,Goias,,,136,Vitoria,,,1.0,1.0,,,,,,,,,,True,
40963751760,,UTC,2003-07-09T20:30:00+00:00,1057782600,1057782600.0,1057786200.0,,Fonte Nova,,Match Finished,FT,90.0,71,Serie A,Brazil,https://media.api-sports.io/football/leagues/71.png,https://media.api-sports.io/flags/br.svg,2003,Regular Season - 17,118,Bahia,,True,138,Guarani Campinas,,False,2.0,0.0,,,,,,,,,,True,
61801722122,,UTC,2003-07-09T20:30:00+00:00,1057782600,1057782600.0,1057786200.0,,Mineirão,,Match Finished,FT,90.0,71,Serie A,Brazil,https://media.api-sports.io/football/leagues/71.png,https://media.api-sports.io/flags/br.svg,2003,Regular Season - 17,135,Cruzeiro,,True,154,Fortaleza EC,,False,2.0,0.0,,,,,,,,,,True,
56705831263,,UTC,2003-07-09T20:30:00+00:00,1057782600,1057782600.0,1057786200.0,,Maracanã,,Match Finished,FT,90.0,71,Serie A,Brazil,https://media.api-sports.io/football/leagues/71.png,https://media.api-sports.io/flags/br.svg,2003,Regular Season - 17,127,Flamengo,,True,152,Juventude,,False,2.0,1.0,,,,,,,,,,True,
35302115622,,UTC,2003-07-09T21:40:00+00:00,1057786800,1057786800.0,1057790400.0,,Beira Rio,,Match Finished,FT,90.0,71,Serie A,Brazil,https://media.api-sports.io/football/leagues/71.png,https://media.api-sports.io/flags/br.svg,2003,Regular Season - 17,119,Internacional,,True,133,Vasco DA Gama,,False,2.0,1.0,,,,,,,,,,True,
30198049630,,UTC,2003-07-09T20:30:00+00:00,1057782600,1057782600.0,1057786200.0,,Mangueirão,,Match Finished,FT,90.0,71,Serie A,Brazil,https://media.api-sports.io/football/leagues/71.png,https://media.api-sports.io/flags/br.svg,2003,Regular Season - 17,303369,Paysandu,,True,454769,Figueirense,,False,1.0,0.0,,,,,,,,,,True,
77150073575,,UTC,2003-07-09T21:40:00+00:00,1057786800,1057786800.0,1057790400.0,,Couto Pereira,,Match Finished,FT,90.0,71,Serie A,Brazil,https://media.api-sports.io/football/leagues/71.png,https://media.api-sports.io/flags/br.svg,2003,Regular Season - 17,147,Coritiba,,False,126,Sao Paulo,,True,0.0,2.0,,,,,,,,,,True,
10991289216,,UTC,2003-07-10T20:30:00+00:00,1057869000,1057869000.0,1057872600.0,,Heriberto Hulse,,Match Finished,FT,90.0,71,Serie A,Brazil,https://media.api-sports.io/football/leagues/71.png,https://media.api-sports.io/flags/br.svg,2003,Regular Season - 17,140,Criciuma,,True,1062,Atletico-MG,,False,1.0,0.0,,,,,,,,,,True,
45454475345,,UTC,2003-07-10T20:30:00+00:00,1057869000,1057869000.0,1057872600.0,,Pinheirão,,Match Finished,FT,90.0,71,Serie A,Brazil,https://media.api-sports.io/football/leagues/71.png,https://media.api-sports.io/flags/br.svg,2003,Regular Season - 17,122,Parana,,True,130,Gremio,,False,3.0,1.0,,,,,,,,,,True,
19626652658,,UTC,2003-07-10T20:30:00+00:00,1057869000,1057869000.0,1057872600.0,,Moisés Lucarelli,,Match Finished,FT,90.0,71,Serie A,Brazil,https://media.api-sports.io/football/leagues/71.png,https://media.api-sports.io/flags/br.svg,2003,Regular Season - 17,139,Ponte Preta,,True,124,Fluminense,,False,3.0,0.0,,,,,,,,,,True,
90334761190,,UTC,2003-07-12T16:00:00+00:00,1058025600,1058025600.0,1058029200.0,,Arena da Baixada,,Match Finished,FT,90.0,71,Serie A,Brazil,https://media.api-sports.io/football/leagues/71.png,https://media.api-sports.io/flags/br.svg,2003,Regular Season - 18,134,Atletico Paranaense,,,151,Goias,,,0.0,0.0,,,,,,,,,,True,
50249444875,,UTC,2003-07-12T16:00:00+00:00,1058025600,1058025600.0,1058029200.0,,Castelão,,Match Finished,FT,90.0,71,Serie A,Brazil,https://media.api-sports.io/football/leagues/71.png,https://media.api-sports.io/flags/br.svg,2003,Regular Season - 18,154,Fortaleza EC,,True,119,Internacional,,False,3.0,0.0,,,,,,,,,,True,
84823199694,,UTC,2003-07-12T18:00:00+00:00,1058032800,1058032800.0,1058036400.0,,São Januário,,Match Finished,FT,90.0,71,Serie A,Brazil,https://media.api-sports.io/football/leagues/71.png,https://media.api-sports.io/flags/br.svg,2003,Regular Season - 18,133,Vasco DA Gama,,False,303369,Paysandu,,True,0.0,2.0,,,,,,,,,,True,
13259421277,,UTC,2003-07-13T16:00:00+00:00,1058112000,1058112000.0,1058115600.0,,Mineirão,,Match Finished,FT,90.0,71,Serie A,Brazil,https://media.api-sports.io/football/leagues/71.png,https://media.api-sports.io/flags/br.svg,2003,Regular Season - 18,1062,Atletico-MG,,True,127,Flamengo,,False,1.0,0.0,,,,,,,,,,True,
36781925403,,UTC,2003-07-13T16:00:00+00:00,1058112000,1058112000.0,1058115600.0,,Morumbi,,Match Finished,FT,90.0,71,Serie A,Brazil,https://media.api-sports.io/football/leagues/71.png,https://media.api-sports.io/flags/br.svg,2003,Regular Season - 18,131,Corinthians,,False,147,Coritiba,,True,0.0,1.0,,,,,,,,,,True,
41655099010,,UTC,2003-07-13T16:00:00+00:00,1058112000,1058112000.0,1058115600.0,,Heriberto Hulse,,Match Finished,FT,90.0,71,Serie A,Brazil,https://media.api-sports.io/football/leagues/71.png,https://media.api-sports.io/flags/br.svg,2003,Regular Season - 18,140,Criciuma,,True,152,Juventude,,False,3.0,0.0,,,,,,,,,,True,
79931971626,,UTC,2003-07-13T18:00:00+00:00,1058119200,1058119200.0,1058122800.0,,Olímpico Monumental,,Match Finished,FT,90.0,71,Serie A,Brazil,https://media.api-sports.io/football/leagues/71.png,https://media.api-sports.io/flags/br.svg,2003,Regular Season - 18,130,Gremio,,False,135,Cruzeiro,,True,0.0,1.0,,,,,,,,,,True,
40251018828,,UTC,2003-07-13T16:00:00+00:00,1058112000,1058112000.0,1058115600.0,,Orlando Scarpelli,,Match Finished,FT,90.0,71,Serie A,Brazil,https://media.api-sports.io/football/leagues/71.png,https://media.api-sports.io/flags/br.svg,2003,Regular Season - 18,454769,Figueirense,,True,122,Parana,,False,4.0,2.0,,,,,,,,,,True,
5586825853,,UTC,2003-07-13T16:00:00+00:00,1058112000,1058112000.0,1058115600.0,,Anacleto Campanella,,Match Finished,FT,90.0,71,Serie A,Brazil,https://media.api-sports.io/football/leagues/71.png,https://media.api-sports.io/flags/br.svg,2003,Regular Season - 18,539683,São Caetano,,False,138,Guarani Campinas,,True,0.0,2.0,,,,,,,,,,True,
71800024357,,UTC,2003-07-13T16:00:00+00:00,1058112000,1058112000.0,1058115600.0,,Moisés Lucarelli,,Match Finished,FT,90.0,71,Serie A,Brazil,https://media.api-sports.io/football/leagues/71.png,https://media.api-sports.io/flags/br.svg,2003,Regular Season - 18,139,Ponte Preta,,True,118,Bahia,,False,1.0,0.0,,,,,,,,,,True,
80692159852,,UTC,2003-07-13T16:00:00+00:00,1058112000,1058112000.0,1058115600.0,,Maracanã,,Match Finished,FT,90.0,71,Serie A,Brazil,https://media.api-sports.io/football/leagues/71.png,https://media.api-sports.io/flags/br.svg,2003,Regular Season - 18,124,Fluminense,,False,126,Sao Paulo,,True,1.0,3.0,,,,,,,,,,True,
58492171357,,UTC,2003-07-13T18:00:00+00:00,1058119200,1058119200.0,1058122800.0,,Barradão,,Match Finished,FT,90.0,71,Serie A,Brazil,https://media.api-sports.io/football/leagues/71.png,https://media.api-sports.io/flags/br.svg,2003,Regular Season - 18,136,Vitoria,,True,128,Santos,,False,2.0,0.0,,,,,,,,,,True,
28956695894,,UTC,2003-07-16T20:30:00+00:00,1058387400,1058387400.0,1058391000.0,,Beira Rio,,Match Finished,FT,90.0,71,Serie A,Brazil,https://media.api-sports.io/football/leagues/71.png,https://media.api-sports.io/flags/br.svg,2003,Regular Season - 19,119,Internacional,,,1062,Atletico-MG,,,3.0,3.0,,,,,,,,,,True,
80643924636,,UTC,2003-07-16T21:40:00+00:00,1058391600,1058391600.0,1058395200.0,,Serra Dourada,,Match Finished,FT,90.0,71,Serie A,Brazil,https://media.api-sports.io/football/leagues/71.png,https://media.api-sports.io/flags/br.svg,2003,Regular Season - 19,151,Goias,,,131,Corinthians,,,1.0,1.0,,,,,,,,,,True,
58439063548,,UTC,2003-07-16T20:30:00+00:00,1058387400,1058387400.0,1058391000.0,,Fonte Nova,,Match Finished,FT,90.0,71,Serie A,Brazil,https://media.api-sports.io/football/leagues/71.png,https://media.api-sports.io/flags/br.svg,2003,Regular Season - 19,118,Bahia,,,539683,São Caetano,,,0.0,0.0,,,,,,,,,,True,
90014814863,,UTC,2003-07-16T20:30:00+00:00,1058387400,1058387400.0,1058391000.0,,Brinco de Ouro,,Match Finished,FT,90.0,71,Serie A,Brazil,https://media.api-sports.io/football/leagues/71.png,https://media.api-sports.io/flags/br.svg,2003,Regular Season - 19,138,Guarani Campinas,,,136,Vitoria,,,2.0,2.0,,,,,,,,,,True,
55717407449,,UTC,2003-07-16T20:30:00+00:00,1058387400,1058387400.0,1058391000.0,,Couto Pereira,,Match Finished,FT,90.0,71,Serie A,Brazil,https://media.api-sports.io/football/leagues/71.png,https://media.api-sports.io/flags/br.svg,2003,Regular Season - 19,147,Coritiba,,True,124,Fluminense,,False,3.0,0.0,,,,,,,,,,True,
25535209144,,UTC,2003-07-16T21:40:00+00:00,1058391600,1058391600.0,1058395200.0,,Mineirão,,Match Finished,FT,90.0,71,Serie A,Brazil,https://media.api-sports.io/football/leagues/71.png,https://media.api-sports.io/flags/br.svg,2003,Regular Season - 19,135,Cruzeiro,,True,133,Vasco DA Gama,,False,4.0,1.0,,,,,,,,,,True,
40059906282,,UTC,2003-07-16T20:30:00+00:00,1058387400,1058387400.0,1058391000.0,,Alfredo Jaconi,,Match Finished,FT,90.0,71,Serie A,Brazil,https://media.api-sports.io/football/leagues/71.png,https://media.api-sports.io/flags/br.svg,2003,Regular Season - 19,152,Juventude,,False,454769,Figueirense,,True,1.0,2.0,,,,,,,,,,True,
40802115382,,UTC,2003-07-16T20:30:00+00:00,1058387400,1058387400.0,1058391000.0,,Maracanã,,Match Finished,FT,90.0,71,Serie A,Brazil,https://media.api-sports.io/football/leagues/71.png,https://media.api-sports.io/flags/br.svg,2003,Regular Season - 19,127,Flamengo,,False,154,Fortaleza EC,,True,0.0,2.0,,,,,,,,,,True,
63745411629,,UTC,2003-07-16T21:40:00+00:00,1058391600,1058391600.0,1058395200.0,,Vila Belmiro,,Match Finished,FT,90.0,71,Serie A,Brazil,https://media.api-sports.io/football/leagues/71.png,https://media.api-sports.io/flags/br.svg,2003,Regular Season - 19,128,Santos,,True,139,Ponte Preta,,False,2.0,1.0,,,,,,,,,,True,
81066370687,,UTC,2003-07-17T20:30:00+00:00,1058473800,1058473800.0,1058477400.0,,Mangueirão,,Match Finished,FT,90.0,71,Serie A,Brazil,https://media.api-sports.io/football/leagues/71.png,https://media.api-sports.io/flags/br.svg,2003,Regular Season - 19,303369,Paysandu,,,130,Gremio,,,1.0,1.0,,,,,,,,,,True,
41326925779,,UTC,2003-07-17T20:30:00+00:00,1058473800,1058473800.0,1058477400.0,,Morumbi,,Match Finished,FT,90.0,71,Serie A,Brazil,https://media.api-sports.io/football/leagues/71.png,https://media.api-sports.io/flags/br.svg,2003,Regular Season - 19,126,Sao Paulo,,True,134,Atletico Paranaense,,False,2.0,0.0,,,,,,,,,,True,
2223185245,,UTC,2003-07-19T16:00:00+00:00,1058630400,1058630400.0,1058634000.0,,Pacaembu,,Match Finished,FT,90.0,71,Serie A,Brazil,https://media.api-sports.io/football/leagues/71.png,https://media.api-sports.io/flags/br.svg,2003,Regular Season - 20,131,Corinthians,,True,138,Guarani Campinas,,False,1.0,0.0,,,,,,,,,,True,
2221539207,,UTC,2003-07-19T16:00:00+00:00,1058630400,1058630400.0,1058634000.0,,Castelão,,Match Finished,FT,90.0,71,Serie A,Brazil,https://media.api-sports.io/football/leagues/71.png,https://media.api-sports.io/flags/br.svg,2003,Regular Season - 20,154,Fortaleza EC,,True,1062,Atletico-MG,,False,4.0,3.0,,,,,,,,,,True,
14220141837,,UTC,2003-07-19T18:00:00+00:00,1058637600,1058637600.0,1058641200.0,,Beira Rio,,Match Finished,FT,90.0,71,Serie A,Brazil,https://media.api-sports.io/football/leagues/71.png,https://media.api-sports.io/flags/br.svg,2003,Regular Season - 20,119,Internacional,,True,454769,Figueirense,,False,3.0,0.0,,,,,,,,,,True,
50146622010,,UTC,2003-07-19T16:00:00+00:00,1058630400,1058630400.0,1058634000.0,,Giulite Coutinho,,Match Finished,FT,90.0,71,Serie A,Brazil,https://media.api-sports.io/football/leagues/71.png,https://media.api-sports.io/flags/br.svg,2003,Regular Season - 20,124,Fluminense,,False,128,Santos,,True,1.0,4.0,,,,,,,,,,True,
79066234846,,UTC,2003-07-20T16:00:00+00:00,1058716800,1058716800.0,1058720400.0,,Moisés Lucarelli,,Match Finished,FT,90.0,71,Serie A,Brazil,https://media.api-sports.io/football/leagues/71.png,https://media.api-sports.io/flags/br.svg,2003,Regular Season - 20,139,Ponte Preta,,,147,Coritiba,,,1.0,1.0,,,,,,,,,,True,
18763446649,,UTC,2003-07-20T16:00:00+00:00,1058716800,1058716800.0,1058720400.0,,Arena da Baixada,,Match Finished,FT,90.0,71,Serie A,Brazil,https://media.api-sports.io/football/leagues/71.png,https://media.api-sports.io/flags/br.svg,2003,Regular Season - 20,134,Atletico Paranaense,,True,118,Bahia,,False,2.0,1.0,,,,,,,,,,True,
61079006445,,UTC,2003-07-20T16:00:00+00:00,1058716800,1058716800.0,1058720400.0,,Heriberto Hulse,,Match Finished,FT,90.0,71,Serie A,Brazil,https://media.api-sports.io/football/leagues/71.png,https://media.api-sports.io/flags/br.svg,2003,Regular Season - 20,140,Criciuma,,True,127,Flamengo,,False,4.0,3.0,,,,,,,,,,True,
76158922760,,UTC,2003-07-20T18:00:00+00:00,1058724000,1058724000.0,1058727600.0,,Mineirão,,Match Finished,FT,90.0,71,Serie A,Brazil,https://media.api-sports.io/football/leagues/71.png,https://media.api-sports.io/flags/br.svg,2003,Regular Season - 20,135,Cruzeiro,,True,122,Parana,,False,5.0,1.0,,,,,,,,,,True,
40022863559,,UTC,2003-07-20T16:00:00+00:00,1058716800,1058716800.0,1058720400.0,,Serra Dourada,,Match Finished,FT,90.0,71,Serie A,Brazil,https://media.api-sports.io/football/leagues/71.png,https://media.api-sports.io/flags/br.svg,2003,Regular Season - 20,151,Goias,,True,539683,São Caetano,,False,2.0,1.0,,,,,,,,,,True,
18778611028,,UTC,2003-07-20T16:00:00+00:00,1058716800,1058716800.0,1058720400.0,,Alfredo Jaconi,,Match Finished,FT,90.0,71,Serie A,Brazil,https://media.api-sports.io/football/leagues/71.png,https://media.api-sports.io/flags/br.svg,2003,Regular Season - 20,152,Juventude,,True,303369,Paysandu,,False,2.0,0.0,,,,,,,,,,True,
71312055642,,UTC,2003-07-20T16:00:00+00:00,1058716800,1058716800.0,1058720400.0,,Barradão,,Match Finished,FT,90.0,71,Serie A,Brazil,https://media.api-sports.io/football/leagues/71.png,https://media.api-sports.io/flags/br.svg,2003,Regular Season - 20,136,Vitoria,,False,126,Sao Paulo,,True,0.0,2.0,,,,,,,,,,True,
26967582684,,UTC,2003-07-20T18:00:00+00:00,1058724000,1058724000.0,1058727600.0,,São Januário,,Match Finished,FT,90.0,71,Serie A,Brazil,https://media.api-sports.io/football/leagues/71.png,https://media.api-sports.io/flags/br.svg,2003,Regular Season - 20,133,Vasco DA Gama,,True,130,Gremio,,False,2.0,0.0,,,,,,,,,,True,
40480007847,,UTC,2003-07-23T21:40:00+00:00,1058996400,1058996400.0,1059000000.0,,Fonte Nova,,Match Finished,FT,90.0,71,Serie A,Brazil,https://media.api-sports.io/football/leagues/71.png,https://media.api-sports.io/flags/br.svg,2003,Regular Season - 21,118,Bahia,,,131,Corinthians,,,0.0,0.0,,,,,,,,,,True,
24789961349,,UTC,2003-07-23T21:40:00+00:00,1058996400,1058996400.0,1059000000.0,,Vila Belmiro,,Match Finished,FT,90.0,71,Serie A,Brazil,https://media.api-sports.io/football/leagues/71.png,https://media.api-sports.io/flags/br.svg,2003,Regular Season - 21,128,Santos,,,151,Goias,,,3.0,3.0,,,,,,,,,,True,
79719595616,,UTC,2003-07-23T21:40:00+00:00,1058996400,1058996400.0,1059000000.0,,Orlando Scarpelli,,Match Finished,FT,90.0,71,Serie A,Brazil,https://media.api-sports.io/football/leagues/71.png,https://media.api-sports.io/flags/br.svg,2003,Regular Season - 21,454769,Figueirense,,,133,Vasco DA Gama,,,0.0,0.0,,,,,,,,,,True,
93255890115,,UTC,2003-07-23T20:30:00+00:00,1058992200,1058992200.0,1058995800.0,,Mineirão,,Match Finished,FT,90.0,71,Serie A,Brazil,https://media.api-sports.io/football/leagues/71.png,https://media.api-sports.io/flags/br.svg,2003,Regular Season - 21,1062,Atletico-MG,,True,152,Juventude,,False,2.0,1.0,,,,,,,,,,True,
24605070358,,UTC,2003-07-23T20:30:00+00:00,1058992200,1058992200.0,1058995800.0,,Brinco de Ouro,,Match Finished,FT,90.0,71,Serie A,Brazil,https://media.api-sports.io/football/leagues/71.png,https://media.api-sports.io/flags/br.svg,2003,Regular Season - 21,138,Guarani Campinas,,True,134,Atletico Paranaense,,False,1.0,0.0,,,,,,,,,,True,
52021357869,,UTC,2003-07-23T20:30:00+00:00,1058992200,1058992200.0,1058995800.0,,Pinheirão,,Match Finished,FT,90.0,71,Serie A,Brazil,https://media.api-sports.io/football/leagues/71.png,https://media.api-sports.io/flags/br.svg,2003,Regular Season - 21,122,Parana,,True,154,Fortaleza EC,,False,4.0,1.0,,,,,,,,,,True,
10307293663,,UTC,2003-07-23T20:30:00+00:00,1058992200,1058992200.0,1058995800.0,,Mangueirão,,Match Finished,FT,90.0,71,Serie A,Brazil,https://media.api-sports.io/football/leagues/71.png,https://media.api-sports.io/flags/br.svg,2003,Regular Season - 21,303369,Paysandu,,True,135,Cruzeiro,,False,3.0,0.0,,,,,,,,,,True,
25139328088,,UTC,2003-07-24T20:30:00+00:00,1059078600,1059078600.0,1059082200.0,,Couto Pereira,,Match Finished,FT,90.0,71,Serie A,Brazil,https://media.api-sports.io/football/leagues/71.png,https://media.api-sports.io/flags/br.svg,2003,Regular Season - 21,147,Coritiba,,,136,Vitoria,,,1.0,1.0,,,,,,,,,,True,
73963566442,,UTC,2003-07-24T20:30:00+00:00,1059078600,1059078600.0,1059082200.0,,Olímpico Monumental,,Match Finished,FT,90.0,71,Serie A,Brazil,https://media.api-sports.io/football/leagues/71.png,https://media.api-sports.io/flags/br.svg,2003,Regular Season - 21,130,Gremio,,False,140,Criciuma,,True,0.0,2.0,,,,,,,,,,True,
93190338010,,UTC,2003-07-24T20:30:00+00:00,1059078600,1059078600.0,1059082200.0,,Maracanã,,Match Finished,FT,90.0,71,Serie A,Brazil,https://media.api-sports.io/football/leagues/71.png,https://media.api-sports.io/flags/br.svg,2003,Regular Season - 21,127,Flamengo,,True,119,Internacional,,False,2.0,1.0,,,,,,,,,,True,
17678071296,,UTC,2003-07-24T20:30:00+00:00,1059078600,1059078600.0,1059082200.0,,Morumbi,,Match Finished,FT,90.0,71,Serie A,Brazil,https://media.api-sports.io/football/leagues/71.png,https://media.api-sports.io/flags/br.svg,2003,Regular Season - 21,126,Sao Paulo,,False,139,Ponte Preta,,True,1.0,2.0,,,,,,,,,,True,
60329567969,,UTC,2003-07-24T20:30:00+00:00,1059078600,1059078600.0,1059082200.0,,Anacleto Campanella,,Match Finished,FT,90.0,71,Serie A,Brazil,https://media.api-sports.io/football/leagues/71.png,https://media.api-sports.io/flags/br.svg,2003,Regular Season - 21,539683,São Caetano,,True,124,Fluminense,,False,2.0,0.0,,,,,,,,,,True,
33287592715,,UTC,2003-07-26T16:00:00+00:00,1059235200,1059235200.0,1059238800.0,,Serra Dourada,,Match Finished,FT,90.0,71,Serie A,Brazil,https://media.api-sports.io/football/leagues/71.png,https://media.api-sports.io/flags/br.svg,2003,Regular Season - 22,151,Goias,,,1062,Atletico-MG,,,1.0,1.0,,,,,,,,,,True,
10240639204,,UTC,2003-07-26T16:00:00+00:00,1059235200,1059235200.0,1059238800.0,,Arena da Baixada,,Match Finished,FT,90.0,71,Serie A,Brazil,https://media.api-sports.io/football/leagues/71.png,https://media.api-sports.io/flags/br.svg,2003,Regular Season - 22,134,Atletico Paranaense,,,303369,Paysandu,,,1.0,1.0,,,,,,,,,,True,
22971379798,,UTC,2003-07-26T16:00:00+00:00,1059235200,1059235200.0,1059238800.0,,Vila Belmiro,,Match Finished,FT,90.0,71,Serie A,Brazil,https://media.api-sports.io/football/leagues/71.png,https://media.api-sports.io/flags/br.svg,2003,Regular Season - 22,128,Santos,,True,133,Vasco DA Gama,,False,2.0,1.0,,,,,,,,,,True,
21031754159,,UTC,2003-07-27T18:00:00+00:00,1059328800,1059328800.0,1059332400.0,,Beira Rio,,Match Finished,FT,90.0,71,Serie A,Brazil,https://media.api-sports.io/football/leagues/71.png,https://media.api-sports.io/flags/br.svg,2003,Regular Season - 22,119,Internacional,,,539683,São Caetano,,,0.0,0.0,,,,,,,,,,True,
10517325576,,UTC,2003-07-27T16:00:00+00:00,1059321600,1059321600.0,1059325200.0,,Maracanã,,Match Finished,FT,90.0,71,Serie A,Brazil,https://media.api-sports.io/football/leagues/71.png,https://media.api-sports.io/flags/br.svg,2003,Regular Season - 22,127,Flamengo,,,126,Sao Paulo,,,1.0,1.0,,,,,,,,,,True,
63657216482,,UTC,2003-07-27T16:00:00+00:00,1059321600,1059321600.0,1059325200.0,,Pacaembu,,Match Finished,FT,90.0,71,Serie A,Brazil,https://media.api-sports.io/football/leagues/71.png,https://media.api-sports.io/flags/br.svg,2003,Regular Season - 22,131,Corinthians,,True,130,Gremio,,False,1.0,0.0,,,,,,,,,,True,
7145857472,,UTC,2003-07-27T16:00:00+00:00,1059321600,1059321600.0,1059325200.0,,Heriberto Hulse,,Match Finished,FT,90.0,71,Serie A,Brazil,https://media.api-sports.io/football/leagues/71.png,https://media.api-sports.io/flags/br.svg,2003,Regular Season - 22,140,Criciuma,,False,147,Coritiba,,True,2.0,3.0,,,,,,,,,,True,
30969778224,,UTC,2003-07-27T18:00:00+00:00,1059328800,1059328800.0,1059332400.0,,Mineirão,,Match Finished,FT,90.0,71,Serie A,Brazil,https://media.api-sports.io/football/leagues/71.png,https://media.api-sports.io/flags/br.svg,2003,Regular Season - 22,135,Cruzeiro,,True,118,Bahia,,False,5.0,2.0,,,,,,,,,,True,
17866613751,,UTC,2003-07-27T16:00:00+00:00,1059321600,1059321600.0,1059325200.0,,Brinco de Ouro,,Match Finished,FT,90.0,71,Serie A,Brazil,https://media.api-sports.io/football/leagues/71.png,https://media.api-sports.io/flags/br.svg,2003,Regular Season - 22,138,Guarani Campinas,,True,454769,Figueirense,,False,3.0,0.0,,,,,,,,,,True,
71041622955,,UTC,2003-07-27T16:00:00+00:00,1059321600,1059321600.0,1059325200.0,,Alfredo Jaconi,,Match Finished,FT,90.0,71,Serie A,Brazil,https://media.api-sports.io/football/leagues/71.png,https://media.api-sports.io/flags/br.svg,2003,Regular Season - 22,152,Juventude,,True,124,Fluminense,,False,2.0,1.0,,,,,,,,,,True,
83092786739,,UTC,2003-07-27T16:00:00+00:00,1059321600,1059321600.0,1059325200.0,,Barradão,,Match Finished,FT,90.0,71,Serie A,Brazil,https://media.api-sports.io/football/leagues/71.png,https://media.api-sports.io/flags/br.svg,2003,Regular Season - 22,136,Vitoria,,False,122,Parana,,True,0.0,3.0,,,,,,,,,,True,
16531794492,,UTC,2003-07-27T09:00:00+00:00,1059296400,1059296400.0,1059300000.0,,Castelão,,Match Finished,FT,90.0,71,Serie A,Brazil,https://media.api-sports.io/football/leagues/71.png,https://media.api-sports.io/flags/br.svg,2003,Regular Season - 22,154,Fortaleza EC,,False,139,Ponte Preta,,True,2.0,3.0,,,,,,,,,,True,
93417697459,,UTC,2003-07-30T20:30:00+00:00,1059597000,1059597000.0,1059600600.0,,Serra Dourada,,Match Finished,FT,90.0,71,Serie A,Brazil,https://media.api-sports.io/football/leagues/71.png,https://media.api-sports.io/flags/br.svg,2003,Regular Season - 15,151,Goias,,,139,Ponte Preta,,,0.0,0.0,,,,,,,,,,True,
75785739858,,UTC,2003-07-30T20:30:00+00:00,1059597000,1059597000.0,1059600600.0,,Arena da Baixada,,Match Finished,FT,90.0,71,Serie A,Brazil,https://media.api-sports.io/football/leagues/71.png,https://media.api-sports.io/flags/br.svg,2003,Regular Season - 15,134,Atletico Paranaense,,False,128,Santos,,True,0.0,2.0,,,,,,,,,,True,
79884222235,,UTC,2003-07-31T20:30:00+00:00,1059683400,1059683400.0,1059687000.0,,Pinheirão,,Match Finished,FT,90.0,71,Serie A,Brazil,https://media.api-sports.io/football/leagues/71.png,https://media.api-sports.io/flags/br.svg,2003,Regular Season - 19,122,Parana,,True,140,Criciuma,,False,2.0,1.0,,,,,,,,,,True,
46751006776,,UTC,2003-08-02T16:00:00+00:00,1059840000,1059840000.0,1059843600.0,,Giulite Coutinho,,Match Finished,FT,90.0,71,Serie A,Brazil,https://media.api-sports.io/football/leagues/71.png,https://media.api-sports.io/flags/br.svg,2003,Regular Season - 23,124,Fluminense,,,135,Cruzeiro,,,2.0,2.0,,,,,,,,,,True,
18628960603,,UTC,2003-08-02T18:00:00+00:00,1059847200,1059847200.0,1059850800.0,,Anacleto Campanella,,Match Finished,FT,90.0,71,Serie A,Brazil,https://media.api-sports.io/football/leagues/71.png,https://media.api-sports.io/flags/br.svg,2003,Regular Season - 23,539683,São Caetano,,,152,Juventude,,,1.0,1.0,,,,,,,,,,True,
23967033846,,UTC,2003-08-02T16:00:00+00:00,1059840000,1059840000.0,1059843600.0,,Olímpico Monumental,,Match Finished,FT,90.0,71,Serie A,Brazil,https://media.api-sports.io/football/leagues/71.png,https://media.api-sports.io/flags/br.svg,2003,Regular Season - 23,130,Gremio,,True,128,Santos,,False,2.0,0.0,,,,,,,,,,True,
37400990252,,UTC,2003-08-02T18:00:00+00:00,1059847200,1059847200.0,1059850800.0,,Morumbi,,Match Finished,FT,90.0,71,Serie A,Brazil,https://media.api-sports.io/football/leagues/71.png,https://media.api-sports.io/flags/br.svg,2003,Regular Season - 23,126,Sao Paulo,,False,119,Internacional,,True,0.0,2.0,,,,,,,,,,True,
35684290667,,UTC,2003-08-03T16:00:00+00:00,1059926400,1059926400.0,1059930000.0,,Arena da Baixada,,Match Finished,FT,90.0,71,Serie A,Brazil,https://media.api-sports.io/football/leagues/71.png,https://media.api-sports.io/flags/br.svg,2003,Regular Season - 23,122,Parana,,,131,Corinthians,,,1.0,1.0,,,,,,,,,,True,
26143516118,,UTC,2003-08-03T16:00:00+00:00,1059926400,1059926400.0,1059930000.0,,Fonte Nova,,Match Finished,FT,90.0,71,Serie A,Brazil,https://media.api-sports.io/football/leagues/71.png,https://media.api-sports.io/flags/br.svg,2003,Regular Season - 23,118,Bahia,,,140,Criciuma,,,2.0,2.0,,,,,,,,,,True,
92998684452,,UTC,2003-08-03T16:00:00+00:00,1059926400,1059926400.0,1059930000.0,,Moisés Lucarelli,,Match Finished,FT,90.0,71,Serie A,Brazil,https://media.api-sports.io/football/leagues/71.png,https://media.api-sports.io/flags/br.svg,2003,Regular Season - 23,139,Ponte Preta,,,127,Flamengo,,,1.0,1.0,,,,,,,,,,True,
27652218548,,UTC,2003-08-03T16:00:00+00:00,1059926400,1059926400.0,1059930000.0,,Couto Pereira,,Match Finished,FT,90.0,71,Serie A,Brazil,https://media.api-sports.io/football/leagues/71.png,https://media.api-sports.io/flags/br.svg,2003,Regular Season - 23,147,Coritiba,,,154,Fortaleza EC,,,1.0,1.0,,,,,,,,,,True,
77723976027,,UTC,2003-08-03T18:00:00+00:00,1059933600,1059933600.0,1059937200.0,,Mineirão,,Match Finished,FT,90.0,71,Serie A,Brazil,https://media.api-sports.io/football/leagues/71.png,https://media.api-sports.io/flags/br.svg,2003,Regular Season - 23,1062,Atletico-MG,,True,136,Vitoria,,False,1.0,0.0,,,,,,,,,,True,
74415372623,,UTC,2003-08-03T16:00:00+00:00,1059926400,1059926400.0,1059930000.0,,Orlando Scarpelli,,Match Finished,FT,90.0,71,Serie A,Brazil,https://media.api-sports.io/football/leagues/71.png,https://media.api-sports.io/flags/br.svg,2003,Regular Season - 23,454769,Figueirense,,False,151,Goias,,True,0.0,1.0,,,,,,,,,,True,
89103037094,,UTC,2003-08-03T16:00:00+00:00,1059926400,1059926400.0,1059930000.0,,Mangueirão,,Match Finished,FT,90.0,71,Serie A,Brazil,https://media.api-sports.io/football/leagues/71.png,https://media.api-sports.io/flags/br.svg,2003,Regular Season - 23,303369,Paysandu,,True,138,Guarani Campinas,,False,6.0,1.0,,,,,,,,,,True,
90289466432,,UTC,2003-08-03T18:00:00+00:00,1059933600,1059933600.0,1059937200.0,,São Januário,,Match Finished,FT,90.0,71,Serie A,Brazil,https://media.api-sports.io/football/leagues/71.png,https://media.api-sports.io/flags/br.svg,2003,Regular Season - 23,133,Vasco DA Gama,,True,134,Atletico Paranaense,,False,2.0,1.0,,,,,,,,,,True,
11475688338,,UTC,2003-08-06T21:40:00+00:00,1060206000,1060206000.0,1060209600.0,,Vila Belmiro,,Match Finished,FT,90.0,71,Serie A,Brazil,https://media.api-sports.io/football/leagues/71.png,https://media.api-sports.io/flags/br.svg,2003,Regular Season - 24,128,Santos,,,1062,Atletico-MG,,,3.0,3.0,,,,,,,,,,True,
50923797180,,UTC,2003-08-06T20:30:00+00:00,1060201800,1060201800.0,1060205400.0,,Barradão,,Match Finished,FT,90.0,71,Serie A,Brazil,https://media.api-sports.io/football/leagues/71.png,https://media.api-sports.io/flags/br.svg,2003,Regular Season - 24,136,Vitoria,,,303369,Paysandu,,,1.0,1.0,,,,,,,,,,True,
32337036974,,UTC,2003-08-06T20:30:00+00:00,1060201800,1060201800.0,1060205400.0,,Alfredo Jaconi,,Match Finished,FT,90.0,71,Serie A,Brazil,https://media.api-sports.io/football/leagues/71.png,https://media.api-sports.io/flags/br.svg,2003,Regular Season - 24,152,Juventude,,,139,Ponte Preta,,,0.0,0.0,,,,,,,,,,True,
94134879125,,UTC,2003-08-06T21:40:00+00:00,1060206000,1060206000.0,1060209600.0,,Mineirão,,Match Finished,FT,90.0,71,Serie A,Brazil,https://media.api-sports.io/football/leagues/71.png,https://media.api-sports.io/flags/br.svg,2003,Regular Season - 24,135,Cruzeiro,,,126,Sao Paulo,,,1.0,1.0,,,,,,,,,,True,
11057866438,,UTC,2003-08-06T20:30:00+00:00,1060201800,1060201800.0,1060205400.0,,Arena da Baixada,,Match Finished,FT,90.0,71,Serie A,Brazil,https://media.api-sports.io/football/leagues/71.png,https://media.api-sports.io/flags/br.svg,2003,Regular Season - 24,134,Atletico Paranaense,,True,122,Parana,,False,1.0,0.0,,,,,,,,,,True,
54125412836,,UTC,2003-08-06T20:30:00+00:00,1060201800,1060201800.0,1060205400.0,,Castelão,,Match Finished,FT,90.0,71,Serie A,Brazil,https://media.api-sports.io/football/leagues/71.png,https://media.api-sports.io/flags/br.svg,2003,Regular Season - 24,154,Fortaleza EC,,True,124,Fluminense,,False,3.0,1.0,,,,,,,,,,True,
77683437518,,UTC,2003-08-06T21:40:00+00:00,1060206000,1060206000.0,1060209600.0,,Serra Dourada,,Match Finished,FT,90.0,71,Serie A,Brazil,https://media.api-sports.io/football/leagues/71.png,https://media.api-sports.io/flags/br.svg,2003,Regular Season - 24,151,Goias,,True,133,Vasco DA Gama,,False,3.0,1.0,,,,,,,,,,True,
13984253151,,UTC,2003-08-06T20:30:00+00:00,1060201800,1060201800.0,1060205400.0,,Heriberto Hulse,,Match Finished,FT,90.0,71,Serie A,Brazil,https://media.api-sports.io/football/leagues/71.png,https://media.api-sports.io/flags/br.svg,2003,Regular Season - 24,140,Criciuma,,False,539683,São Caetano,,True,0.0,1.0,,,,,,,,,,True,
85026183005,,UTC,2003-08-07T20:30:00+00:00,1060288200,1060288200.0,1060291800.0,,Pacaembu,,Match Finished,FT,90.0,71,Serie A,Brazil,https://media.api-sports.io/football/leagues/71.png,https://media.api-sports.io/flags/br.svg,2003,Regular Season - 24,131,Corinthians,,False,454769,Figueirense,,True,0.0,1.0,,,,,,,,,,True,
95797470272,,UTC,2003-08-07T20:30:00+00:00,1060288200,1060288200.0,1060291800.0,,Maracanã,,Match Finished,FT,90.0,71,Serie A,Brazil,https://media.api-sports.io/football/leagues/71.png,https://media.api-sports.io/flags/br.svg,2003,Regular Season - 24,127,Flamengo,,True,118,Bahia,,False,6.0,0.0,,,,,,,,,,True,
78631708850,,UTC,2003-08-07T20:30:00+00:00,1060288200,1060288200.0,1060291800.0,,Brinco de Ouro,,Match Finished,FT,90.0,71,Serie A,Brazil,https://media.api-sports.io/football/leagues/71.png,https://media.api-sports.io/flags/br.svg,2003,Regular Season - 24,138,Guarani Campinas,,True,130,Gremio,,False,2.0,0.0,,,,,,,,,,True,
42512286090,,UTC,2003-08-07T15:00:00+00:00,1060268400,1060268400.0,1060272000.0,,Beira Rio,,Match Finished,FT,90.0,71,Serie A,Brazil,https://media.api-sports.io/football/leagues/71.png,https://media.api-sports.io/flags/br.svg,2003,Regular Season - 24,119,Internacional,,True,147,Coritiba,,False,1.0,0.0,,,,,,,,,,True,
22598789602,,UTC,2003-08-09T16:00:00+00:00,1060444800,1060444800.0,1060448400.0,,Maracanã,,Match Finished,FT,90.0,71,Serie A,Brazil,https://media.api-sports.io/football/leagues/71.png,https://media.api-sports.io/flags/br.svg,2003,Regular Season - 25,124,Fluminense,,,140,Criciuma,,,1.0,1.0,,,,,,,,,,True,
60054662457,,UTC,2003-08-09T16:00:00+00:00,1060444800,1060444800.0,1060448400.0,,Couto Pereira,,Match Finished,FT,90.0,71,Serie A,Brazil,https://media.api-sports.io/football/leagues/71.png,https://media.api-sports.io/flags/br.svg,2003,Regular Season - 25,122,Parana,,False,128,Santos,,True,1.0,2.0,,,,,,,,,,True,
85707792538,,UTC,2003-08-09T16:00:00+00:00,1060444800,1060444800.0,1060448400.0,,Anacleto Campanella,,Match Finished,FT,90.0,71,Serie A,Brazil,https://media.api-sports.io/football/leagues/71.png,https://media.api-sports.io/flags/br.svg,2003,Regular Season - 25,539683,São Caetano,,True,135,Cruzeiro,,False,2.0,0.0,,,,,,,,,,True,
40798670535,,UTC,2003-08-09T18:00:00+00:00,1060452000,1060452000.0,1060455600.0,,Morumbi,,Match Finished,FT,90.0,71,Serie A,Brazil,https://media.api-sports.io/football/leagues/71.png,https://media.api-sports.io/flags/br.svg,2003,Regular Season - 25,126,Sao Paulo,,True,152,Juventude,,False,3.0,1.0,,,,,,,,,,True,
64455927824,,UTC,2003-08-10T18:00:00+00:00,1060538400,1060538400.0,1060542000.0,,Olímpico Monumental,,Match Finished,FT,90.0,71,Serie A,Brazil,https://media.api-sports.io/football/leagues/71.png,https://media.api-sports.io/flags/br.svg,2003,Regular Season - 25,130,Gremio,,,134,Atletico Paranaense,,,1.0,1.0,,,,,,,,,,True,
53075693449,,UTC,2003-08-10T16:00:00+00:00,1060531200,1060531200.0,1060534800.0,,Mangueirão,,Match Finished,FT,90.0,71,Serie A,Brazil,https://media.api-sports.io/football/leagues/71.png,https://media.api-sports.io/flags/br.svg,2003,Regular Season - 25,303369,Paysandu,,,151,Goias,,,2.0,2.0,,,,,,,,,,True,
86571936450,,UTC,2003-08-10T18:00:00+00:00,1060538400,1060538400.0,1060542000.0,,São Januário,,Match Finished,FT,90.0,71,Serie A,Brazil,https://media.api-sports.io/football/leagues/71.png,https://media.api-sports.io/flags/br.svg,2003,Regular Season - 25,133,Vasco DA Gama,,,138,Guarani Campinas,,,0.0,0.0,,,,,,,,,,True,
67810129049,,UTC,2003-08-10T16:00:00+00:00,1060531200,1060531200.0,1060534800.0,,Fonte Nova,,Match Finished,FT,90.0,71,Serie A,Brazil,https://media.api-sports.io/football/leagues/71.png,https://media.api-sports.io/flags/br.svg,2003,Regular Season - 25,118,Bahia,,True,154,Fortaleza EC,,False,1.0,0.0,,,,,,,,,,True,
91110142545,,UTC,2003-08-10T16:00:00+00:00,1060531200,1060531200.0,1060534800.0,,Mineirão,,Match Finished,FT,90.0,71,Serie A,Brazil,https://media.api-sports.io/football/leagues/71.png,https://media.api-sports.io/flags/br.svg,2003,Regular Season - 25,1062,Atletico-MG,,False,131,Corinthians,,True,2.0,3.0,,,,,,,,,,True,
78454817753,,UTC,2003-08-10T16:00:00+00:00,1060531200,1060531200.0,1060534800.0,,Couto Pereira,,Match Finished,FT,90.0,71,Serie A,Brazil,https://media.api-sports.io/football/leagues/71.png,https://media.api-sports.io/flags/br.svg,2003,Regular Season - 25,147,Coritiba,,True,127,Flamengo,,False,5.0,0.0,,,,,,,,,,True,
36589043904,,UTC,2003-08-10T16:00:00+00:00,1060531200,1060531200.0,1060534800.0,,Moisés Lucarelli,,Match Finished,FT,90.0,71,Serie A,Brazil,https://media.api-sports.io/football/leagues/71.png,https://media.api-sports.io/flags/br.svg,2003,Regular Season - 25,139,Ponte Preta,,False,119,Internacional,,True,1.0,4.0,,,,,,,,,,True,
19114871626,,UTC,2003-08-10T16:00:00+00:00,1060531200,1060531200.0,1060534800.0,,Orlando Scarpelli,,Match Finished,FT,90.0,71,Serie A,Brazil,https://media.api-sports.io/football/leagues/71.png,https://media.api-sports.io/flags/br.svg,2003,Regular Season - 25,454769,Figueirense,,False,136,Vitoria,,True,1.0,2.0,,,,,,,,,,True,
15690947482,,UTC,2003-08-16T18:00:00+00:00,1061056800,1061056800.0,1061060400.0,,Santa Cruz,,Match Finished,FT,90.0,71,Serie A,Brazil,https://media.api-sports.io/football/leagues/71.png,https://media.api-sports.io/flags/br.svg,2003,Regular Season - 26,126,Sao Paulo,,,140,Criciuma,,,0.0,0.0,,,,,,,,,,True,
77097372887,,UTC,2003-08-16T18:00:00+00:00,1061056800,1061056800.0,1061060400.0,,Mineirão,,Match Finished,FT,90.0,71,Serie A,Brazil,https://media.api-sports.io/football/leagues/71.png,https://media.api-sports.io/flags/br.svg,2003,Regular Season - 26,1062,Atletico-MG,,False,134,Atletico Paranaense,,True,1.0,2.0,,,,,,,,,,True,
99186084717,,UTC,2003-08-16T16:00:00+00:00,1061049600,1061049600.0,1061053200.0,,Couto Pereira,,Match Finished,FT,90.0,71,Serie A,Brazil,https://media.api-sports.io/football/leagues/71.png,https://media.api-sports.io/flags/br.svg,2003,Regular Season - 26,147,Coritiba,,True,152,Juventude,,False,1.0,0.0,,,,,,,,,,True,
48172381965,,UTC,2003-08-16T16:00:00+00:00,1061049600,1061049600.0,1061053200.0,,Orlando Scarpelli,,Match Finished,FT,90.0,71,Serie A,Brazil,https://media.api-sports.io/football/leagues/71.png,https://media.api-sports.io/flags/br.svg,2003,Regular Season - 26,454769,Figueirense,,True,128,Santos,,False,1.0,0.0,,,,,,,,,,True,
39960489679,,UTC,2003-08-16T16:00:00+00:00,1061049600,1061049600.0,1061053200.0,,Fonte Nova,,Match Finished,FT,90.0,71,Serie A,Brazil,https://media.api-sports.io/football/leagues/71.png,https://media.api-sports.io/flags/br.svg,2003,Regular Season - 26,118,Bahia,,False,119,Internacional,,True,1.0,3.0,,,,,,,,,,True,
77707302973,,UTC,2003-08-16T16:00:00+00:00,1061049600,1061049600.0,1061053200.0,,São Januário,,Match Finished,FT,90.0,71,Serie A,Brazil,https://media.api-sports.io/football/leagues/71.png,https://media.api-sports.io/flags/br.svg,2003,Regular Season - 26,133,Vasco DA Gama,,True,136,Vitoria,,False,1.0,0.0,,,,,,,,,,True,
13846347824,,UTC,2003-08-17T16:00:00+00:00,1061136000,1061136000.0,1061139600.0,,Mangueirão,,Match Finished,FT,90.0,71,Serie A,Brazil,https://media.api-sports.io/football/leagues/71.png,https://media.api-sports.io/flags/br.svg,2003,Regular Season - 26,303369,Paysandu,,,131,Corinthians,,,2.0,2.0,,,,,,,,,,True,
39732811343,,UTC,2003-08-17T16:00:00+00:00,1061136000,1061136000.0,1061139600.0,,Pinheirão,,Match Finished,FT,90.0,71,Serie A,Brazil,https://media.api-sports.io/football/leagues/71.png,https://media.api-sports.io/flags/br.svg,2003,Regular Season - 26,122,Parana,,,138,Guarani Campinas,,,0.0,0.0,,,,,,,,,,True,
82474381693,,UTC,2003-08-17T16:00:00+00:00,1061136000,1061136000.0,1061139600.0,,Moisés Lucarelli,,Match Finished,FT,90.0,71,Serie A,Brazil,https://media.api-sports.io/football/leagues/71.png,https://media.api-sports.io/flags/br.svg,2003,Regular Season - 26,139,Ponte Preta,,False,135,Cruzeiro,,True,1.0,3.0,,,,,,,,,,True,
14168539709,,UTC,2003-08-17T18:00:00+00:00,1061143200,1061143200.0,1061146800.0,,Maracanã,,Match Finished,FT,90.0,71,Serie A,Brazil,https://media.api-sports.io/football/leagues/71.png,https://media.api-sports.io/flags/br.svg,2003,Regular Season - 26,124,Fluminense,,False,127,Flamengo,,True,0.0,1.0,,,,,,,,,,True,
36250378381,,UTC,2003-08-17T16:00:00+00:00,1061136000,1061136000.0,1061139600.0,,Olímpico Monumental,,Match Finished,FT,90.0,71,Serie A,Brazil,https://media.api-sports.io/football/leagues/71.png,https://media.api-sports.io/flags/br.svg,2003,Regular Season - 26,130,Gremio,,False,151,Goias,,True,0.0,1.0,,,,,,,,,,True,
54196725110,,UTC,2003-08-17T16:00:00+00:00,1061136000,1061136000.0,1061139600.0,,Anacleto Campanella,,Match Finished,FT,90.0,71,Serie A,Brazil,https://media.api-sports.io/football/leagues/71.png,https://media.api-sports.io/flags/br.svg,2003,Regular Season - 26,539683,São Caetano,,True,154,Fortaleza EC,,False,3.0,0.0,,,,,,,,,,True,
16024562624,,UTC,2003-08-20T20:30:00+00:00,1061411400,1061411400.0,1061415000.0,,Mineirão,,Match Finished,FT,90.0,71,Serie A,Brazil,https://media.api-sports.io/football/leagues/71.png,https://media.api-sports.io/flags/br.svg,2003,Regular Season - 27,135,Cruzeiro,,,147,Coritiba,,,2.0,2.0,,,,,,,,,,True,
79501043234,,UTC,2003-08-20T21:40:00+00:00,1061415600,1061415600.0,1061419200.0,,Pacaembu,,Match Finished,FT,90.0,71,Serie A,Brazil,https://media.api-sports.io/football/leagues/71.png,https://media.api-sports.io/flags/br.svg,2003,Regular Season - 27,131,Corinthians,,,133,Vasco DA Gama,,,0.0,0.0,,,,,,,,,,True,
49858667363,,UTC,2003-08-20T20:30:00+00:00,1061411400,1061411400.0,1061415000.0,,Arena da Baixada,,Match Finished,FT,90.0,71,Serie A,Brazil,https://media.api-sports.io/football/leagues/71.png,https://media.api-sports.io/flags/br.svg,2003,Regular Season - 27,134,Atletico Paranaense,,False,454769,Figueirense,,True,1.0,2.0,,,,,,,,,,True,
64227272878,,UTC,2003-08-20T20:30:00+00:00,1061411400,1061411400.0,1061415000.0,,Maracanã,,Match Finished,FT,90.0,71,Serie A,Brazil,https://media.api-sports.io/football/leagues/71.png,https://media.api-sports.io/flags/br.svg,2003,Regular Season - 27,127,Flamengo,,True,539683,São Caetano,,False,1.0,0.0,,,,,,,,,,True,
57848653885,,UTC,2003-08-20T20:30:00+00:00,1061411400,1061411400.0,1061415000.0,,Serra Dourada,,Match Finished,FT,90.0,71,Serie A,Brazil,https://media.api-sports.io/football/leagues/71.png,https://media.api-sports.io/flags/br.svg,2003,Regular Season - 27,151,Goias,,True,122,Parana,,False,1.0,0.0,,,,,,,,,,True,
2576172170,,UTC,2003-08-20T20:30:00+00:00,1061411400,1061411400.0,1061415000.0,,Alfredo Jaconi,,Match Finished,FT,90.0,71,Serie A,Brazil,https://media.api-sports.io/football/leagues/71.png,https://media.api-sports.io/flags/br.svg,2003,Regular Season - 27,152,Juventude,,True,118,Bahia,,False,1.0,0.0,,,,,,,,,,True,
31141283461,,UTC,2003-08-20T21:40:00+00:00,1061415600,1061415600.0,1061419200.0,,Vila Belmiro,,Match Finished,FT,90.0,71,Serie A,Brazil,https://media.api-sports.io/football/leagues/71.png,https://media.api-sports.io/flags/br.svg,2003,Regular Season - 27,128,Santos,,True,303369,Paysandu,,False,2.0,0.0,,,,,,,,,,True,
60473341738,,UTC,2003-08-20T21:40:00+00:00,1061415600,1061415600.0,1061419200.0,,Castelão,,Match Finished,FT,90.0,71,Serie A,Brazil,https://media.api-sports.io/football/leagues/71.png,https://media.api-sports.io/flags/br.svg,2003,Regular Season - 27,154,Fortaleza EC,,False,126,Sao Paulo,,True,0.0,2.0,,,,,,,,,,True,
40563014650,,UTC,2003-08-20T20:30:00+00:00,1061411400,1061411400.0,1061415000.0,,Barradão,,Match Finished,FT,90.0,71,Serie A,Brazil,https://media.api-sports.io/football/leagues/71.png,https://media.api-sports.io/flags/br.svg,2003,Regular Season - 27,136,Vitoria,,True,130,Gremio,,False,4.0,1.0,,,,,,,,,,True,
53405005864,,UTC,2003-08-21T20:30:00+00:00,1061497800,1061497800.0,1061501400.0,,Brinco de Ouro,,Match Finished,FT,90.0,71,Serie A,Brazil,https://media.api-sports.io/football/leagues/71.png,https://media.api-sports.io/flags/br.svg,2003,Regular Season - 27,138,Guarani Campinas,,,1062,Atletico-MG,,,2.0,2.0,,,,,,,,,,True,
61694804549,,UTC,2003-08-21T20:30:00+00:00,1061497800,1061497800.0,1061501400.0,,Heriberto Hulse,,Match Finished,FT,90.0,71,Serie A,Brazil,https://media.api-sports.io/football/leagues/71.png,https://media.api-sports.io/flags/br.svg,2003,Regular Season - 27,140,Criciuma,,True,139,Ponte Preta,,False,3.0,0.0,,,,,,,,,,True,
11953585077,,UTC,2003-08-21T15:00:00+00:00,1061478000,1061478000.0,1061481600.0,,Beira Rio,,Match Finished,FT,90.0,71,Serie A,Brazil,https://media.api-sports.io/football/leagues/71.png,https://media.api-sports.io/flags/br.svg,2003,Regular Season - 27,119,Internacional,,False,124,Fluminense,,True,0.0,1.0,,,,,,,,,,True,
54374234097,,UTC,2003-08-23T18:00:00+00:00,1061661600,1061661600.0,1061665200.0,,Olímpico Monumental,,Match Finished,FT,90.0,71,Serie A,Brazil,https://media.api-sports.io/football/leagues/71.png,https://media.api-sports.io/flags/br.svg,2003,Regular Season - 28,130,Gremio,,,539683,São Caetano,,,0.0,0.0,,,,,,,,,,True,
5567105391,,UTC,2003-08-23T16:00:00+00:00,1061654400,1061654400.0,1061658000.0,,Arena da Baixada,,Match Finished,FT,90.0,71,Serie A,Brazil,https://media.api-sports.io/football/leagues/71.png,https://media.api-sports.io/flags/br.svg,2003,Regular Season - 28,134,Atletico Paranaense,,True,154,Fortaleza EC,,False,3.0,1.0,,,,,,,,,,True,
19647080390,,UTC,2003-08-23T16:00:00+00:00,1061654400,1061654400.0,1061658000.0,,Serra Dourada,,Match Finished,FT,90.0,71,Serie A,Brazil,https://media.api-sports.io/football/leagues/71.png,https://media.api-sports.io/flags/br.svg,2003,Regular Season - 28,151,Goias,,True,135,Cruzeiro,,False,1.0,0.0,,,,,,,,,,True,
28467697142,,UTC,2003-08-23T16:00:00+00:00,1061654400,1061654400.0,1061658000.0,,Vila Belmiro,,Match Finished,FT,90.0,71,Serie A,Brazil,https://media.api-sports.io/football/leagues/71.png,https://media.api-sports.io/flags/br.svg,2003,Regular Season - 28,128,Santos,,True,127,Flamengo,,False,2.0,1.0,,,,,,,,,,True,
91846590733,,UTC,2003-08-24T18:00:00+00:00,1061748000,1061748000.0,1061751600.0,,Mineirão,,Match Finished,FT,90.0,71,Serie A,Brazil,https://media.api-sports.io/football/leagues/71.png,https://media.api-sports.io/flags/br.svg,2003,Regular Season - 28,1062,Atletico-MG,,True,118,Bahia,,False,1.0,0.0,,,,,,,,,,True,
10226142897,,UTC,2003-08-24T18:00:00+00:00,1061748000,1061748000.0,1061751600.0,,Pacaembu,,Match Finished,FT,90.0,71,Serie A,Brazil,https://media.api-sports.io/football/leagues/71.png,https://media.api-sports.io/flags/br.svg,2003,Regular Season - 28,131,Corinthians,,True,119,Internacional,,False,3.0,1.0,,,,,,,,,,True,
50035453189,,UTC,2003-08-24T16:00:00+00:00,1061740800,1061740800.0,1061744400.0,,Orlando Scarpelli,,Match Finished,FT,90.0,71,Serie A,Brazil,https://media.api-sports.io/football/leagues/71.png,https://media.api-sports.io/flags/br.svg,2003,Regular Season - 28,454769,Figueirense,,False,147,Coritiba,,True,1.0,2.0,,,,,,,,,,True,
87342631942,,UTC,2003-08-24T16:00:00+00:00,1061740800,1061740800.0,1061744400.0,,Brinco de Ouro,,Match Finished,FT,90.0,71,Serie A,Brazil,https://media.api-sports.io/football/leagues/71.png,https://media.api-sports.io/flags/br.svg,2003,Regular Season - 28,138,Guarani Campinas,,True,140,Criciuma,,False,1.0,0.0,,,,,,,,,,True,
45350580483,,UTC,2003-08-24T16:00:00+00:00,1061740800,1061740800.0,1061744400.0,,Willie Davids,,Match Finished,FT,90.0,71,Serie A,Brazil,https://media.api-sports.io/football/leagues/71.png,https://media.api-sports.io/flags/br.svg,2003,Regular Season - 28,122,Parana,,True,124,Fluminense,,False,2.0,0.0,,,,,,,,,,True,
65182677194,,UTC,2003-08-24T16:00:00+00:00,1061740800,1061740800.0,1061744400.0,,Mangueirão,,Match Finished,FT,90.0,71,Serie A,Brazil,https://media.api-sports.io/football/leagues/71.png,https://media.api-sports.io/flags/br.svg,2003,Regular Season - 28,303369,Paysandu,,True,139,Ponte Preta,,False,3.0,2.0,,,,,,,,,,True,
9254313451,,UTC,2003-08-24T16:00:00+00:00,1061740800,1061740800.0,1061744400.0,,São Januário,,Match Finished,FT,90.0,71,Serie A,Brazil,https://media.api-sports.io/football/leagues/71.png,https://media.api-sports.io/flags/br.svg,2003,Regular Season - 28,133,Vasco DA Gama,,True,126,Sao Paulo,,False,3.0,2.0,,,,,,,,,,True,
54887948361,,UTC,2003-08-24T16:00:00+00:00,1061740800,1061740800.0,1061744400.0,,Barradão,,Match Finished,FT,90.0,71,Serie A,Brazil,https://media.api-sports.io/football/leagues/71.png,https://media.api-sports.io/flags/br.svg,2003,Regular Season - 28,136,Vitoria,,True,152,Juventude,,False,3.0,0.0,,,,,,,,,,True,
4290267264,,UTC,2003-08-30T16:00:00+00:00,1062259200,1062259200.0,1062262800.0,,Castelão,,Match Finished,FT,90.0,71,Serie A,Brazil,https://media.api-sports.io/football/leagues/71.png,https://media.api-sports.io/flags/br.svg,2003,Regular Season - 29,154,Fortaleza EC,,,128,Santos,,,0.0,0.0,,,,,,,,,,True,
94543367833,,UTC,2003-08-30T18:00:00+00:00,1062266400,1062266400.0,1062270000.0,,Mineirão,,Match Finished,FT,90.0,71,Serie A,Brazil,https://media.api-sports.io/football/leagues/71.png,https://media.api-sports.io/flags/br.svg,2003,Regular Season - 29,135,Cruzeiro,,True,138,Guarani Campinas,,False,4.0,1.0,,,,,,,,,,True,
2202928222,,UTC,2003-08-30T16:00:00+00:00,1062259200,1062259200.0,1062262800.0,,Municipal Juiz de Fora,,Match Finished,FT,90.0,71,Serie A,Brazil,https://media.api-sports.io/football/leagues/71.png,https://media.api-sports.io/flags/br.svg,2003,Regular Season - 29,124,Fluminense,,True,130,Gremio,,False,2.0,0.0,,,,,,,,,,True,
54125806440,,UTC,2003-08-30T18:00:00+00:00,1062266400,1062266400.0,1062270000.0,,Benedito Teixeira,,Match Finished,FT,90.0,71,Serie A,Brazil,https://media.api-sports.io/football/leagues/71.png,https://media.api-sports.io/flags/br.svg,2003,Regular Season - 29,126,Sao Paulo,,True,303369,Paysandu,,False,1.0,0.0,,,,,,,,,,True,
74304926198,,UTC,2003-08-30T16:00:00+00:00,1062259200,1062259200.0,1062262800.0,,Beira Rio,,Match Finished,FT,90.0,71,Serie A,Brazil,https://media.api-sports.io/football/leagues/71.png,https://media.api-sports.io/flags/br.svg,2003,Regular Season - 29,119,Internacional,,False,136,Vitoria,,True,0.0,1.0,,,,,,,,,,True,
89839679980,,UTC,2003-08-31T18:00:00+00:00,1062352800,1062352800.0,1062356400.0,,Couto Pereira,,Match Finished,FT,90.0,71,Serie A,Brazil,https://media.api-sports.io/football/leagues/71.png,https://media.api-sports.io/flags/br.svg,2003,Regular Season - 29,147,Coritiba,,,1062,Atletico-MG,,,2.0,2.0,,,,,,,,,,True,
82424707784,,UTC,2003-08-31T16:00:00+00:00,1062345600,1062345600.0,1062349200.0,,Moisés Lucarelli,,Match Finished,FT,90.0,71,Serie A,Brazil,https://media.api-sports.io/football/leagues/71.png,https://media.api-sports.io/flags/br.svg,2003,Regular Season - 29,139,Ponte Preta,,,454769,Figueirense,,,1.0,1.0,,,,,,,,,,True,
4677589952,,UTC,2003-08-31T16:00:00+00:00,1062345600,1062345600.0,1062349200.0,,Fonte Nova,,Match Finished,FT,90.0,71,Serie A,Brazil,https://media.api-sports.io/football/leagues/71.png,https://media.api-sports.io/flags/br.svg,2003,Regular Season - 29,118,Bahia,,True,122,Parana,,False,4.0,2.0,,,,,,,,,,True,
93863052958,,UTC,2003-08-31T18:00:00+00:00,1062352800,1062352800.0,1062356400.0,,Heriberto Hulse,,Match Finished,FT,90.0,71,Serie A,Brazil,https://media.api-sports.io/football/leagues/71.png,https://media.api-sports.io/flags/br.svg,2003,Regular Season - 29,140,Criciuma,,True,134,Atletico Paranaense,,False,2.0,0.0,,,,,,,,,,True,
1808173277,,UTC,2003-08-31T16:00:00+00:00,1062345600,1062345600.0,1062349200.0,,Maracanã,,Match Finished,FT,90.0,71,Serie A,Brazil,https://media.api-sports.io/football/leagues/71.png,https://media.api-sports.io/flags/br.svg,2003,Regular Season - 29,127,Flamengo,,True,131,Corinthians,,False,1.0,0.0,,,,,,,,,,True,
65314192101,,UTC,2003-08-31T16:00:00+00:00,1062345600,1062345600.0,1062349200.0,,Alfredo Jaconi,,Match Finished,FT,90.0,71,Serie A,Brazil,https://media.api-sports.io/football/leagues/71.png,https://media.api-sports.io/flags/br.svg,2003,Regular Season - 29,152,Juventude,,False,151,Goias,,True,0.0,2.0,,,,,,,,,,True,
88130513483,,UTC,2003-08-31T16:00:00+00:00,1062345600,1062345600.0,1062349200.0,,Anacleto Campanella,,Match Finished,FT,90.0,71,Serie A,Brazil,https://media.api-sports.io/football/leagues/71.png,https://media.api-sports.io/flags/br.svg,2003,Regular Season - 29,539683,São Caetano,,True,133,Vasco DA Gama,,False,1.0,0.0,,,,,,,,,,True,
55014486380,,UTC,2003-09-13T18:00:00+00:00,1063476000,1063476000.0,1063479600.0,,Olímpico Monumental,,Match Finished,FT,90.0,71,Serie A,Brazil,https://media.api-sports.io/football/leagues/71.png,https://media.api-sports.io/flags/br.svg,2003,Regular Season - 30,130,Gremio,,,118,Bahia,,,1.0,1.0,,,,,,,,,,True,
13548293279,,UTC,2003-09-13T18:00:00+00:00,1063476000,1063476000.0,1063479600.0,,Pacaembu,,Match Finished,FT,90.0,71,Serie A,Brazil,https://media.api-sports.io/football/leagues/71.png,https://media.api-sports.io/flags/br.svg,2003,Regular Season - 30,131,Corinthians,,True,154,Fortaleza EC,,False,2.0,0.0,,,,,,,,,,True,
12378200665,,UTC,2003-09-13T16:00:00+00:00,1063468800,1063468800.0,1063472400.0,,Arena da Baixada,,Match Finished,FT,90.0,71,Serie A,Brazil,https://media.api-sports.io/football/leagues/71.png,https://media.api-sports.io/flags/br.svg,2003,Regular Season - 30,134,Atletico Paranaense,,False,135,Cruzeiro,,True,1.0,4.0,,,,,,,,,,True,
72773975910,,UTC,2003-09-13T16:00:00+00:00,1063468800,1063468800.0,1063472400.0,,Vila Belmiro,,Match Finished,FT,90.0,71,Serie A,Brazil,https://media.api-sports.io/football/leagues/71.png,https://media.api-sports.io/flags/br.svg,2003,Regular Season - 30,128,Santos,,True,140,Criciuma,,False,5.0,2.0,,,,,,,,,,True,
44539047484,,UTC,2003-09-14T16:00:00+00:00,1063555200,1063555200.0,1063558800.0,,Orlando Scarpelli,,Match Finished,FT,90.0,71,Serie A,Brazil,https://media.api-sports.io/football/leagues/71.png,https://media.api-sports.io/flags/br.svg,2003,Regular Season - 30,454769,Figueirense,,,126,Sao Paulo,,,2.0,2.0,,,,,,,,,,True,
70402518821,,UTC,2003-09-14T18:00:00+00:00,1063562400,1063562400.0,1063566000.0,,Independência,,Match Finished,FT,90.0,71,Serie A,Brazil,https://media.api-sports.io/football/leagues/71.png,https://media.api-sports.io/flags/br.svg,2003,Regular Season - 30,1062,Atletico-MG,,True,139,Ponte Preta,,False,2.0,0.0,,,,,,,,,,True,
80572778167,,UTC,2003-09-14T16:00:00+00:00,1063555200,1063555200.0,1063558800.0,,Couto Pereira,,Match Finished,FT,90.0,71,Serie A,Brazil,https://media.api-sports.io/football/leagues/71.png,https://media.api-sports.io/flags/br.svg,2003,Regular Season - 30,122,Parana,,False,147,Coritiba,,True,2.0,3.0,,,,,,,,,,True,
65286860090,,UTC,2003-09-14T16:00:00+00:00,1063555200,1063555200.0,1063558800.0,,Serra Dourada,,Match Finished,FT,90.0,71,Serie A,Brazil,https://media.api-sports.io/football/leagues/71.png,https://media.api-sports.io/flags/br.svg,2003,Regular Season - 30,151,Goias,,True,119,Internacional,,False,3.0,1.0,,,,,,,,,,True,
9327763179,,UTC,2003-09-14T16:00:00+00:00,1063555200,1063555200.0,1063558800.0,,Brinco de Ouro,,Match Finished,FT,90.0,71,Serie A,Brazil,https://media.api-sports.io/football/leagues/71.png,https://media.api-sports.io/flags/br.svg,2003,Regular Season - 30,138,Guarani Campinas,,True,152,Juventude,,False,2.0,0.0,,,,,,,,,,True,
89657607871,,UTC,2003-09-14T16:00:00+00:00,1063555200,1063555200.0,1063558800.0,,Mangueirão,,Match Finished,FT,90.0,71,Serie A,Brazil,https://media.api-sports.io/football/leagues/71.png,https://media.api-sports.io/flags/br.svg,2003,Regular Season - 30,303369,Paysandu,,True,539683,São Caetano,,False,1.0,0.0,,,,,,,,,,True,
94897674564,,UTC,2003-09-14T18:00:00+00:00,1063562400,1063562400.0,1063566000.0,,Maracanã,,Match Finished,FT,90.0,71,Serie A,Brazil,https://media.api-sports.io/football/leagues/71.png,https://media.api-sports.io/flags/br.svg,2003,Regular Season - 30,133,Vasco DA Gama,,True,124,Fluminense,,False,1.0,0.0,,,,,,,,,,True,
43773331346,,UTC,2003-09-14T16:00:00+00:00,1063555200,1063555200.0,1063558800.0,,Barradão,,Match Finished,FT,90.0,71,Serie A,Brazil,https://media.api-sports.io/football/leagues/71.png,https://media.api-sports.io/flags/br.svg,2003,Regular Season - 30,136,Vitoria,,True,127,Flamengo,,False,1.0,0.0,,,,,,,,,,True,
15555374089,,UTC,2003-09-20T18:00:00+00:00,1064080800,1064080800.0,1064084400.0,,Maracanã,,Match Finished,FT,90.0,71,Serie A,Brazil,https://media.api-sports.io/football/leagues/71.png,https://media.api-sports.io/flags/br.svg,2003,Regular Season - 31,124,Fluminense,,,303369,Paysandu,,,1.0,1.0,,,,,,,,,,True,
24044638282,,UTC,2003-09-20T16:00:00+00:00,1064073600,1064073600.0,1064077200.0,,Couto Pereira,,Match Finished,FT,90.0,71,Serie A,Brazil,https://media.api-sports.io/football/leagues/71.png,https://media.api-sports.io/flags/br.svg,2003,Regular Season - 31,147,Coritiba,,True,130,Gremio,,False,1.0,0.0,,,,,,,,,,True,
94715276930,,UTC,2003-09-20T16:00:00+00:00,1064073600,1064073600.0,1064077200.0,,Mineirão,,Match Finished,FT,90.0,71,Serie A,Brazil,https://media.api-sports.io/football/leagues/71.png,https://media.api-sports.io/flags/br.svg,2003,Regular Season - 31,135,Cruzeiro,,True,128,Santos,,False,3.0,0.0,,,,,,,,,,True,
66486147297,,UTC,2003-09-20T18:00:00+00:00,1064080800,1064080800.0,1064084400.0,,Beira Rio,,Match Finished,FT,90.0,71,Serie A,Brazil,https://media.api-sports.io/football/leagues/71.png,https://media.api-sports.io/flags/br.svg,2003,Regular Season - 31,119,Internacional,,True,138,Guarani Campinas,,False,2.0,0.0,,,,,,,,,,True,
15050522812,,UTC,2003-09-20T16:00:00+00:00,1064073600,1064073600.0,1064077200.0,,Vila Belmiro,,Match Finished,FT,90.0,71,Serie A,Brazil,https://media.api-sports.io/football/leagues/71.png,https://media.api-sports.io/flags/br.svg,2003,Regular Season - 31,139,Ponte Preta,,True,122,Parana,,False,4.0,0.0,,,,,,,,,,True,
7019354286,,UTC,2003-09-21T18:00:00+00:00,1064167200,1064167200.0,1064170800.0,,Morumbi,,Match Finished,FT,90.0,71,Serie A,Brazil,https://media.api-sports.io/football/leagues/71.png,https://media.api-sports.io/flags/br.svg,2003,Regular Season - 31,126,Sao Paulo,,,1062,Atletico-MG,,,2.0,2.0,,,,,,,,,,True,
24671090129,,UTC,2003-09-21T18:00:00+00:00,1064167200,1064167200.0,1064170800.0,,Maracanã,,Match Finished,FT,90.0,71,Serie A,Brazil,https://media.api-sports.io/football/leagues/71.png,https://media.api-sports.io/flags/br.svg,2003,Regular Season - 31,127,Flamengo,,,151,Goias,,,1.0,1.0,,,,,,,,,,True,
43642876870,,UTC,2003-09-21T16:00:00+00:00,1064160000,1064160000.0,1064163600.0,,Fonte Nova,,Match Finished,FT,90.0,71,Serie A,Brazil,https://media.api-sports.io/football/leagues/71.png,https://media.api-sports.io/flags/br.svg,2003,Regular Season - 31,118,Bahia,,True,133,Vasco DA Gama,,False,3.0,0.0,,,,,,,,,,True,
54242625225,,UTC,2003-09-21T16:00:00+00:00,1064160000,1064160000.0,1064163600.0,,Heriberto Hulse,,Match Finished,FT,90.0,71,Serie A,Brazil,https://media.api-sports.io/football/leagues/71.png,https://media.api-sports.io/flags/br.svg,2003,Regular Season - 31,140,Criciuma,,True,131,Corinthians,,False,1.0,0.0,,,,,,,,,,True,
64933356154,,UTC,2003-09-21T16:00:00+00:00,1064160000,1064160000.0,1064163600.0,,Anacleto Campanella,,Match Finished,FT,90.0,71,Serie A,Brazil,https://media.api-sports.io/football/leagues/71.png,https://media.api-sports.io/flags/br.svg,2003,Regular Season - 31,539683,São Caetano,,False,454769,Figueirense,,True,0.0,2.0,,,,,,,,,,True,
89627972570,,UTC,2003-09-21T16:00:00+00:00,1064160000,1064160000.0,1064163600.0,,Plácido Castelo,,Match Finished,FT,90.0,71,Serie A,Brazil,https://media.api-sports.io/football/leagues/71.png,https://media.api-sports.io/flags/br.svg,2003,Regular Season - 31,154,Fortaleza EC,,True,136,Vitoria,,False,1.0,0.0,,,,,,,,,,True,
5931795123,,UTC,2003-09-21T16:00:00+00:00,1064160000,1064160000.0,1064163600.0,,Alfredo Jaconi,,Match Finished,FT,90.0,71,Serie A,Brazil,https://media.api-sports.io/football/leagues/71.png,https://media.api-sports.io/flags/br.svg,2003,Regular Season - 31,152,Juventude,,True,134,Atletico Paranaense,,False,4.0,0.0,,,,,,,,,,True,
61162121827,,UTC,2003-09-24T20:30:00+00:00,1064435400,1064435400.0,1064439000.0,,Barradão,,Match Finished,FT,90.0,71,Serie A,Brazil,https://media.api-sports.io/football/leagues/71.png,https://media.api-sports.io/flags/br.svg,2003,Regular Season - 32,136,Vitoria,,,140,Criciuma,,,1.0,1.0,,,,,,,,,,True,
41460460742,,UTC,2003-09-24T21:40:00+00:00,1064439600,1064439600.0,1064443200.0,,Vila Belmiro,,Match Finished,FT,90.0,71,Serie A,Brazil,https://media.api-sports.io/football/leagues/71.png,https://media.api-sports.io/flags/br.svg,2003,Regular Season - 32,128,Santos,,,152,Juventude,,,1.0,1.0,,,,,,,,,,True,
69686547712,,UTC,2003-09-24T20:30:00+00:00,1064435400,1064435400.0,1064439000.0,,Olímpico Monumental,,Match Finished,FT,90.0,71,Serie A,Brazil,https://media.api-sports.io/football/leagues/71.png,https://media.api-sports.io/flags/br.svg,2003,Regular Season - 32,130,Gremio,,,139,Ponte Preta,,,2.0,2.0,,,,,,,,,,True,
2620715781,,UTC,2003-09-24T19:00:00+00:00,1064430000,1064430000.0,1064433600.0,,Arena da Baixada,,Match Finished,FT,90.0,71,Serie A,Brazil,https://media.api-sports.io/football/leagues/71.png,https://media.api-sports.io/flags/br.svg,2003,Regular Season - 32,134,Atletico Paranaense,,True,119,Internacional,,False,2.0,1.0,,,,,,,,,,True,
24193454569,,UTC,2003-09-24T21:40:00+00:00,1064439600,1064439600.0,1064443200.0,,Pacaembu,,Match Finished,FT,90.0,71,Serie A,Brazil,https://media.api-sports.io/football/leagues/71.png,https://media.api-sports.io/flags/br.svg,2003,Regular Season - 32,131,Corinthians,,False,135,Cruzeiro,,True,0.0,1.0,,,,,,,,,,True,
43021555686,,UTC,2003-09-24T20:30:00+00:00,1064435400,1064435400.0,1064439000.0,,Serra Dourada,,Match Finished,FT,90.0,71,Serie A,Brazil,https://media.api-sports.io/football/leagues/71.png,https://media.api-sports.io/flags/br.svg,2003,Regular Season - 32,151,Goias,,False,154,Fortaleza EC,,True,0.0,1.0,,,,,,,,,,True,
96149279926,,UTC,2003-09-24T21:40:00+00:00,1064439600,1064439600.0,1064443200.0,,Brinco de Ouro,,Match Finished,FT,90.0,71,Serie A,Brazil,https://media.api-sports.io/football/leagues/71.png,https://media.api-sports.io/flags/br.svg,2003,Regular Season - 32,138,Guarani Campinas,,True,127,Flamengo,,False,5.0,3.0,,,,,,,,,,True,
14623324826,,UTC,2003-09-24T21:40:00+00:00,1064439600,1064439600.0,1064443200.0,,Pinheirão,,Match Finished,FT,90.0,71,Serie A,Brazil,https://media.api-sports.io/football/leagues/71.png,https://media.api-sports.io/flags/br.svg,2003,Regular Season - 32,122,Parana,,True,126,Sao Paulo,,False,4.0,2.0,,,,,,,,,,True,
32627755835,,UTC,2003-09-24T20:30:00+00:00,1064435400,1064435400.0,1064439000.0,,Mangueirão,,Match Finished,FT,90.0,71,Serie A,Brazil,https://media.api-sports.io/football/leagues/71.png,https://media.api-sports.io/flags/br.svg,2003,Regular Season - 32,303369,Paysandu,,True,118,Bahia,,False,4.0,0.0,,,,,,,,,,True,
80455104709,,UTC,2003-09-25T20:30:00+00:00,1064521800,1064521800.0,1064525400.0,,Orlando Scarpelli,,Match Finished,FT,90.0,71,Serie A,Brazil,https://media.api-sports.io/football/leagues/71.png,https://media.api-sports.io/flags/br.svg,2003,Regular Season - 32,454769,Figueirense,,,124,Fluminense,,,2.0,2.0,,,,,,,,,,True,
22195986773,,UTC,2003-09-25T20:30:00+00:00,1064521800,1064521800.0,1064525400.0,,Independência,,Match Finished,FT,90.0,71,Serie A,Brazil,https://media.api-sports.io/football/leagues/71.png,https://media.api-sports.io/flags/br.svg,2003,Regular Season - 32,1062,Atletico-MG,,True,539683,São Caetano,,False,3.0,1.0,,,,,,,,,,True,
73444072018,,UTC,2003-09-25T20:30:00+00:00,1064521800,1064521800.0,1064525400.0,,São Januário,,Match Finished,FT,90.0,71,Serie A,Brazil,https://media.api-sports.io/football/leagues/71.png,https://media.api-sports.io/flags/br.svg,2003,Regular Season - 32,133,Vasco DA Gama,,True,147,Coritiba,,False,2.0,1.0,,,,,,,,,,True,
83534910509,,UTC,2003-09-27T18:00:00+00:00,1064685600,1064685600.0,1064689200.0,,Maracanã,,Match Finished,FT,90.0,71,Serie A,Brazil,https://media.api-sports.io/football/leagues/71.png,https://media.api-sports.io/flags/br.svg,2003,Regular Season - 33,127,Flamengo,,True,134,Atletico Paranaense,,False,2.0,1.0,,,,,,,,,,True,
51809438364,,UTC,2003-09-27T16:00:00+00:00,1064678400,1064678400.0,1064682000.0,,Beira Rio,,Match Finished,FT,90.0,71,Serie A,Brazil,https://media.api-sports.io/football/leagues/71.png,https://media.api-sports.io/flags/br.svg,2003,Regular Season - 33,119,Internacional,,True,128,Santos,,False,1.0,0.0,,,,,,,,,,True,
83073583436,,UTC,2003-09-27T16:00:00+00:00,1064678400,1064678400.0,1064682000.0,,Morumbi,,Match Finished,FT,90.0,71,Serie A,Brazil,https://media.api-sports.io/football/leagues/71.png,https://media.api-sports.io/flags/br.svg,2003,Regular Season - 33,126,Sao Paulo,,True,130,Gremio,,False,3.0,1.0,,,,,,,,,,True,
35614023071,,UTC,2003-09-28T16:00:00+00:00,1064764800,1064764800.0,1064768400.0,,Fonte Nova,,Match Finished,FT,90.0,71,Serie A,Brazil,https://media.api-sports.io/football/leagues/71.png,https://media.api-sports.io/flags/br.svg,2003,Regular Season - 33,118,Bahia,,,454769,Figueirense,,,1.0,1.0,,,,,,,,,,True,
72072298192,,UTC,2003-09-28T16:00:00+00:00,1064764800,1064764800.0,1064768400.0,,Moisés Lucarelli,,Match Finished,FT,90.0,71,Serie A,Brazil,https://media.api-sports.io/football/leagues/71.png,https://media.api-sports.io/flags/br.svg,2003,Regular Season - 33,139,Ponte Preta,,,133,Vasco DA Gama,,,2.0,2.0,,,,,,,,,,True,
83886812417,,UTC,2003-09-28T18:00:00+00:00,1064772000,1064772000.0,1064775600.0,,Giulite Coutinho,,Match Finished,FT,90.0,71,Serie A,Brazil,https://media.api-sports.io/football/leagues/71.png,https://media.api-sports.io/flags/br.svg,2003,Regular Season - 33,124,Fluminense,,False,1062,Atletico-MG,,True,0.0,1.0,,,,,,,,,,True,
29763100214,,UTC,2003-09-28T18:00:00+00:00,1064772000,1064772000.0,1064775600.0,,Couto Pereira,,Match Finished,FT,90.0,71,Serie A,Brazil,https://media.api-sports.io/football/leagues/71.png,https://media.api-sports.io/flags/br.svg,2003,Regular Season - 33,147,Coritiba,,True,303369,Paysandu,,False,1.0,0.0,,,,,,,,,,True,
74046528219,,UTC,2003-09-28T16:00:00+00:00,1064764800,1064764800.0,1064768400.0,,Heriberto Hulse,,Match Finished,FT,90.0,71,Serie A,Brazil,https://media.api-sports.io/football/leagues/71.png,https://media.api-sports.io/flags/br.svg,2003,Regular Season - 33,140,Criciuma,,True,151,Goias,,False,1.0,0.0,,,,,,,,,,True,
73070170550,,UTC,2003-09-28T16:00:00+00:00,1064764800,1064764800.0,1064768400.0,,Mineirão,,Match Finished,FT,90.0,71,Serie A,Brazil,https://media.api-sports.io/football/leagues/71.png,https://media.api-sports.io/flags/br.svg,2003,Regular Season - 33,135,Cruzeiro,,True,136,Vitoria,,False,1.0,0.0,,,,,,,,,,True,
26048152384,,UTC,2003-09-28T16:00:00+00:00,1064764800,1064764800.0,1064768400.0,,Presidente Vargas,,Match Finished,FT,90.0,71,Serie A,Brazil,https://media.api-sports.io/football/leagues/71.png,https://media.api-sports.io/flags/br.svg,2003,Regular Season - 33,154,Fortaleza EC,,True,138,Guarani Campinas,,False,3.0,0.0,,,,,,,,,,True,
37372142461,,UTC,2003-09-28T16:00:00+00:00,1064764800,1064764800.0,1064768400.0,,Alfredo Jaconi,,Match Finished,FT,90.0,71,Serie A,Brazil,https://media.api-sports.io/football/leagues/71.png,https://media.api-sports.io/flags/br.svg,2003,Regular Season - 33,152,Juventude,,True,131,Corinthians,,False,6.0,1.0,,,,,,,,,,True,
12682912976,,UTC,2003-09-28T16:00:00+00:00,1064764800,1064764800.0,1064768400.0,,Anacleto Campanella,,Match Finished,FT,90.0,71,Serie A,Brazil,https://media.api-sports.io/football/leagues/71.png,https://media.api-sports.io/flags/br.svg,2003,Regular Season - 33,539683,São Caetano,,True,122,Parana,,False,2.0,0.0,,,,,,,,,,True,
90581322007,,UTC,2003-10-04T16:00:00+00:00,1065283200,1065283200.0,1065286800.0,,Arena da Baixada,,Match Finished,FT,90.0,71,Serie A,Brazil,https://media.api-sports.io/football/leagues/71.png,https://media.api-sports.io/flags/br.svg,2003,Regular Season - 34,134,Atletico Paranaense,,,124,Fluminense,,,0.0,0.0,,,,,,,,,,True,
68791302506,,UTC,2003-10-04T16:00:00+00:00,1065283200,1065283200.0,1065286800.0,,Mangueirão,,Match Finished,FT,90.0,71,Serie A,Brazil,https://media.api-sports.io/football/leagues/71.png,https://media.api-sports.io/flags/br.svg,2003,Regular Season - 34,303369,Paysandu,,,119,Internacional,,,0.0,0.0,,,,,,,,,,True,
34911103668,,UTC,2003-10-04T18:00:00+00:00,1065290400,1065290400.0,1065294000.0,,Olímpico Monumental,,Match Finished,FT,90.0,71,Serie A,Brazil,https://media.api-sports.io/football/leagues/71.png,https://media.api-sports.io/flags/br.svg,2003,Regular Season - 34,130,Gremio,,True,454769,Figueirense,,False,3.0,1.0,,,,,,,,,,True,
48864885352,,UTC,2003-10-04T18:00:00+00:00,1065290400,1065290400.0,1065294000.0,,Morumbi,,Match Finished,FT,90.0,71,Serie A,Brazil,https://media.api-sports.io/football/leagues/71.png,https://media.api-sports.io/flags/br.svg,2003,Regular Season - 34,126,Sao Paulo,,False,128,Santos,,True,1.0,2.0,,,,,,,,,,True,
99055273937,,UTC,2003-10-04T16:00:00+00:00,1065283200,1065283200.0,1065286800.0,,Anacleto Campanella,,Match Finished,FT,90.0,71,Serie A,Brazil,https://media.api-sports.io/football/leagues/71.png,https://media.api-sports.io/flags/br.svg,2003,Regular Season - 34,539683,São Caetano,,True,139,Ponte Preta,,False,1.0,0.0,,,,,,,,,,True,
41744485785,,UTC,2003-10-05T16:00:00+00:00,1065369600,1065369600.0,1065373200.0,,Alfredo Jaconi,,Match Finished,FT,90.0,71,Serie A,Brazil,https://media.api-sports.io/football/leagues/71.png,https://media.api-sports.io/flags/br.svg,2003,Regular Season - 34,152,Juventude,,,154,Fortaleza EC,,,2.0,2.0,,,,,,,,,,True,
76646635389,,UTC,2003-10-05T16:00:00+00:00,1065369600,1065369600.0,1065373200.0,,Independência,,Match Finished,FT,90.0,71,Serie A,Brazil,https://media.api-sports.io/football/leagues/71.png,https://media.api-sports.io/flags/br.svg,2003,Regular Season - 34,1062,Atletico-MG,,True,133,Vasco DA Gama,,False,2.0,1.0,,,,,,,,,,True,
79061652939,,UTC,2003-10-05T16:00:00+00:00,1065369600,1065369600.0,1065373200.0,,Barradão,,Match Finished,FT,90.0,71,Serie A,Brazil,https://media.api-sports.io/football/leagues/71.png,https://media.api-sports.io/flags/br.svg,2003,Regular Season - 34,136,Vitoria,,False,131,Corinthians,,True,1.0,2.0,,,,,,,,,,True,
24894963279,,UTC,2003-10-05T18:00:00+00:00,1065376800,1065376800.0,1065380400.0,,Heriberto Hulse,,Match Finished,FT,90.0,71,Serie A,Brazil,https://media.api-sports.io/football/leagues/71.png,https://media.api-sports.io/flags/br.svg,2003,Regular Season - 34,140,Criciuma,,False,135,Cruzeiro,,True,1.0,3.0,,,,,,,,,,True,
30970651237,,UTC,2003-10-05T16:00:00+00:00,1065369600,1065369600.0,1065373200.0,,Serra Dourada,,Match Finished,FT,90.0,71,Serie A,Brazil,https://media.api-sports.io/football/leagues/71.png,https://media.api-sports.io/flags/br.svg,2003,Regular Season - 34,151,Goias,,True,118,Bahia,,False,3.0,1.0,,,,,,,,,,True,
76885983757,,UTC,2003-10-05T16:00:00+00:00,1065369600,1065369600.0,1065373200.0,,Brinco de Ouro,,Match Finished,FT,90.0,71,Serie A,Brazil,https://media.api-sports.io/football/leagues/71.png,https://media.api-sports.io/flags/br.svg,2003,Regular Season - 34,138,Guarani Campinas,,True,147,Coritiba,,False,2.0,1.0,,,,,,,,,,True,
67896268710,,UTC,2003-10-05T18:00:00+00:00,1065376800,1065376800.0,1065380400.0,,Maracanã,,Match Finished,FT,90.0,71,Serie A,Brazil,https://media.api-sports.io/football/leagues/71.png,https://media.api-sports.io/flags/br.svg,2003,Regular Season - 34,127,Flamengo,,False,122,Parana,,True,0.0,3.0,,,,,,,,,,True,
20376493353,,UTC,2003-10-08T20:30:00+00:00,1065645000,1065645000.0,1065648600.0,,Moisés Lucarelli,,Match Finished,FT,90.0,71,Serie A,Brazil,https://media.api-sports.io/football/leagues/71.png,https://media.api-sports.io/flags/br.svg,2003,Regular Season - 35,139,Ponte Preta,,,134,Atletico Paranaense,,,2.0,2.0,,,,,,,,,,True,
43857175732,,UTC,2003-10-08T20:30:00+00:00,1065645000,1065645000.0,1065648600.0,,Castelão,,Match Finished,FT,90.0,71,Serie A,Brazil,https://media.api-sports.io/football/leagues/71.png,https://media.api-sports.io/flags/br.svg,2003,Regular Season - 35,154,Fortaleza EC,,,130,Gremio,,,2.0,2.0,,,,,,,,,,True,
59831013661,,UTC,2003-10-08T21:40:00+00:00,1065649200,1065649200.0,1065652800.0,,Vila Belmiro,,Match Finished,FT,90.0,71,Serie A,Brazil,https://media.api-sports.io/football/leagues/71.png,https://media.api-sports.io/flags/br.svg,2003,Regular Season - 35,128,Santos,,,138,Guarani Campinas,,,1.0,1.0,,,,,,,,,,True,
77857003858,,UTC,2003-10-08T19:00:00+00:00,1065639600,1065639600.0,1065643200.0,,Maracanã,,Match Finished,FT,90.0,71,Serie A,Brazil,https://media.api-sports.io/football/leagues/71.png,https://media.api-sports.io/flags/br.svg,2003,Regular Season - 35,133,Vasco DA Gama,,,152,Juventude,,,1.0,1.0,,,,,,,,,,True,
63260207366,,UTC,2003-10-08T21:40:00+00:00,1065649200,1065649200.0,1065652800.0,,Fonte Nova,,Match Finished,FT,90.0,71,Serie A,Brazil,https://media.api-sports.io/football/leagues/71.png,https://media.api-sports.io/flags/br.svg,2003,Regular Season - 35,118,Bahia,,True,126,Sao Paulo,,False,3.0,0.0,,,,,,,,,,True,
41369431512,,UTC,2003-10-08T20:30:00+00:00,1065645000,1065645000.0,1065648600.0,,Couto Pereira,,Match Finished,FT,90.0,71,Serie A,Brazil,https://media.api-sports.io/football/leagues/71.png,https://media.api-sports.io/flags/br.svg,2003,Regular Season - 35,147,Coritiba,,True,151,Goias,,False,1.0,0.0,,,,,,,,,,True,
34050849680,,UTC,2003-10-08T21:40:00+00:00,1065649200,1065649200.0,1065652800.0,,Mineirão,,Match Finished,FT,90.0,71,Serie A,Brazil,https://media.api-sports.io/football/leagues/71.png,https://media.api-sports.io/flags/br.svg,2003,Regular Season - 35,135,Cruzeiro,,True,127,Flamengo,,False,2.0,0.0,,,,,,,,,,True,
7646092029,,UTC,2003-10-08T20:30:00+00:00,1065645000,1065645000.0,1065648600.0,,Pacaembu,,Match Finished,FT,90.0,71,Serie A,Brazil,https://media.api-sports.io/football/leagues/71.png,https://media.api-sports.io/flags/br.svg,2003,Regular Season - 35,131,Corinthians,,False,539683,São Caetano,,True,0.0,3.0,,,,,,,,,,True,
74893973509,,UTC,2003-10-09T20:30:00+00:00,1065731400,1065731400.0,1065735000.0,,Orlando Scarpelli,,Match Finished,FT,90.0,71,Serie A,Brazil,https://media.api-sports.io/football/leagues/71.png,https://media.api-sports.io/flags/br.svg,2003,Regular Season - 35,454769,Figueirense,,False,1062,Atletico-MG,,True,0.0,1.0,,,,,,,,,,True,
52075513998,,UTC,2003-10-09T20:30:00+00:00,1065731400,1065731400.0,1065735000.0,,Maracanã,,Match Finished,FT,90.0,71,Serie A,Brazil,https://media.api-sports.io/football/leagues/71.png,https://media.api-sports.io/flags/br.svg,2003,Regular Season - 35,124,Fluminense,,True,136,Vitoria,,False,2.0,0.0,,,,,,,,,,True,
87157258237,,UTC,2003-10-09T20:30:00+00:00,1065731400,1065731400.0,1065735000.0,,Beira Rio,,Match Finished,FT,90.0,71,Serie A,Brazil,https://media.api-sports.io/football/leagues/71.png,https://media.api-sports.io/flags/br.svg,2003,Regular Season - 35,119,Internacional,,True,140,Criciuma,,False,2.0,0.0,,,,,,,,,,True,
70809455095,,UTC,2003-10-09T20:30:00+00:00,1065731400,1065731400.0,1065735000.0,,Couto Pereira,,Match Finished,FT,90.0,71,Serie A,Brazil,https://media.api-sports.io/football/leagues/71.png,https://media.api-sports.io/flags/br.svg,2003,Regular Season - 35,122,Parana,,True,303369,Paysandu,,False,4.0,2.0,,,,,,,,,,True,
87207266258,,UTC,2003-10-11T16:00:00+00:00,1065888000,1065888000.0,1065891600.0,,Anacleto Campanella,,Match Finished,FT,90.0,71,Serie A,Brazil,https://media.api-sports.io/football/leagues/71.png,https://media.api-sports.io/flags/br.svg,2003,Regular Season - 36,539683,São Caetano,,,128,Santos,,,2.0,2.0,,,,,,,,,,True,
80103424723,,UTC,2003-10-11T16:00:00+00:00,1065888000,1065888000.0,1065891600.0,,Arena da Baixada,,Match Finished,FT,90.0,71,Serie A,Brazil,https://media.api-sports.io/football/leagues/71.png,https://media.api-sports.io/flags/br.svg,2003,Regular Season - 36,134,Atletico Paranaense,,True,147,Coritiba,,False,2.0,0.0,,,,,,,,,,True,
10427014391,,UTC,2003-10-11T16:00:00+00:00,1065888000,1065888000.0,1065891600.0,,Brinco de Ouro,,Match Finished,FT,90.0,71,Serie A,Brazil,https://media.api-sports.io/football/leagues/71.png,https://media.api-sports.io/flags/br.svg,2003,Regular Season - 36,138,Guarani Campinas,,False,139,Ponte Preta,,True,1.0,3.0,,,,,,,,,,True,
83107530593,,UTC,2003-10-12T16:00:00+00:00,1065974400,1065974400.0,1065978000.0,,Alfredo Jaconi,,Match Finished,FT,90.0,71,Serie A,Brazil,https://media.api-sports.io/football/leagues/71.png,https://media.api-sports.io/flags/br.svg,2003,Regular Season - 36,152,Juventude,,,122,Parana,,,1.0,1.0,,,,,,,,,,True,
4717236515,,UTC,2003-10-12T16:00:00+00:00,1065974400,1065974400.0,1065978000.0,,Mineirão,,Match Finished,FT,90.0,71,Serie A,Brazil,https://media.api-sports.io/football/leagues/71.png,https://media.api-sports.io/flags/br.svg,2003,Regular Season - 36,1062,Atletico-MG,,False,135,Cruzeiro,,True,0.0,1.0,,,,,,,,,,True,
20070841091,,UTC,2003-10-12T16:00:00+00:00,1065974400,1065974400.0,1065978000.0,,Orlando Scarpelli,,Match Finished,FT,90.0,71,Serie A,Brazil,https://media.api-sports.io/football/leagues/71.png,https://media.api-sports.io/flags/br.svg,2003,Regular Season - 36,454769,Figueirense,,True,140,Criciuma,,False,4.0,2.0,,,,,,,,,,True,
5400689520,,UTC,2003-10-12T18:00:00+00:00,1065981600,1065981600.0,1065985200.0,,Maracanã,,Match Finished,FT,90.0,71,Serie A,Brazil,https://media.api-sports.io/football/leagues/71.png,https://media.api-sports.io/flags/br.svg,2003,Regular Season - 36,127,Flamengo,,True,133,Vasco DA Gama,,False,2.0,1.0,,,,,,,,,,True,
17028686306,,UTC,2003-10-12T16:00:00+00:00,1065974400,1065974400.0,1065978000.0,,Serra Dourada,,Match Finished,FT,90.0,71,Serie A,Brazil,https://media.api-sports.io/football/leagues/71.png,https://media.api-sports.io/flags/br.svg,2003,Regular Season - 36,151,Goias,,True,124,Fluminense,,False,6.0,1.0,,,,,,,,,,True,
1515647495,,UTC,2003-10-12T18:00:00+00:00,1065981600,1065981600.0,1065985200.0,,Beira Rio,,Match Finished,FT,90.0,71,Serie A,Brazil,https://media.api-sports.io/football/leagues/71.png,https://media.api-sports.io/flags/br.svg,2003,Regular Season - 36,119,Internacional,,False,130,Gremio,,True,0.0,1.0,,,,,,,,,,True,
96031561407,,UTC,2003-10-12T16:00:00+00:00,1065974400,1065974400.0,1065978000.0,,Morumbi,,Match Finished,FT,90.0,71,Serie A,Brazil,https://media.api-sports.io/football/leagues/71.png,https://media.api-sports.io/flags/br.svg,2003,Regular Season - 36,126,Sao Paulo,,True,131,Corinthians,,False,3.0,0.0,,,,,,,,,,True,
94897428977,,UTC,2003-10-12T16:00:00+00:00,1065974400,1065974400.0,1065978000.0,,Barradão,,Match Finished,FT,90.0,71,Serie A,Brazil,https://media.api-sports.io/football/leagues/71.png,https://media.api-sports.io/flags/br.svg,2003,Regular Season - 36,136,Vitoria,,True,118,Bahia,,False,2.0,1.0,,,,,,,,,,True,
24913097960,,UTC,2003-10-15T16:00:00+00:00,1066233600,1066233600.0,1066237200.0,,Mangueirão,,Match Finished,FT,90.0,71,Serie A,Brazil,https://media.api-sports.io/football/leagues/71.png,https://media.api-sports.io/flags/br.svg,2003,Regular Season - 36,303369,Paysandu,,True,154,Fortaleza EC,,False,3.0,0.0,,,,,,,,,,True,
65178218358,,UTC,2003-10-18T18:00:00+00:00,1066500000,1066500000.0,1066503600.0,,Olímpico Monumental,,Match Finished,FT,90.0,71,Serie A,Brazil,https://media.api-sports.io/football/leagues/71.png,https://media.api-sports.io/flags/br.svg,2003,Regular Season - 37,130,Gremio,,,1062,Atletico-MG,,,2.0,2.0,,,,,,,,,,True,
48611578531,,UTC,2003-10-18T19:00:00+00:00,1066503600,1066503600.0,1066507200.0,,Couto Pereira,,Match Finished,FT,90.0,71,Serie A,Brazil,https://media.api-sports.io/football/leagues/71.png,https://media.api-sports.io/flags/br.svg,2003,Regular Season - 37,147,Coritiba,,True,118,Bahia,,False,3.0,2.0,,,,,,,,,,True,
59420437413,,UTC,2003-10-18T18:00:00+00:00,1066500000,1066500000.0,1066503600.0,,Maracanã,,Match Finished,FT,90.0,71,Serie A,Brazil,https://media.api-sports.io/football/leagues/71.png,https://media.api-sports.io/flags/br.svg,2003,Regular Season - 37,127,Flamengo,,True,303369,Paysandu,,False,2.0,0.0,,,,,,,,,,True,
28346433887,,UTC,2003-10-18T16:00:00+00:00,1066492800,1066492800.0,1066496400.0,,Serra Dourada,,Match Finished,FT,90.0,71,Serie A,Brazil,https://media.api-sports.io/football/leagues/71.png,https://media.api-sports.io/flags/br.svg,2003,Regular Season - 37,151,Goias,,True,126,Sao Paulo,,False,3.0,1.0,,,,,,,,,,True,
49635539745,,UTC,2003-10-18T16:00:00+00:00,1066492800,1066492800.0,1066496400.0,,Brinco de Ouro,,Match Finished,FT,90.0,71,Serie A,Brazil,https://media.api-sports.io/football/leagues/71.png,https://media.api-sports.io/flags/br.svg,2003,Regular Season - 37,138,Guarani Campinas,,True,124,Fluminense,,False,2.0,0.0,,,,,,,,,,True,
4761690460,,UTC,2003-10-19T17:00:00+00:00,1066582800,1066582800.0,1066586400.0,,Presidente Vargas,,Match Finished,FT,90.0,71,Serie A,Brazil,https://media.api-sports.io/football/leagues/71.png,https://media.api-sports.io/flags/br.svg,2003,Regular Season - 37,154,Fortaleza EC,,,454769,Figueirense,,,1.0,1.0,,,,,,,,,,True,
46588094260,,UTC,2003-10-19T17:00:00+00:00,1066582800,1066582800.0,1066586400.0,,Barradão,,Match Finished,FT,90.0,71,Serie A,Brazil,https://media.api-sports.io/football/leagues/71.png,https://media.api-sports.io/flags/br.svg,2003,Regular Season - 37,136,Vitoria,,,539683,São Caetano,,,0.0,0.0,,,,,,,,,,True,
20798985374,,UTC,2003-10-19T18:00:00+00:00,1066586400,1066586400.0,1066590000.0,,Pacaembu,,Match Finished,FT,90.0,71,Serie A,Brazil,https://media.api-sports.io/football/leagues/71.png,https://media.api-sports.io/flags/br.svg,2003,Regular Season - 37,131,Corinthians,,True,139,Ponte Preta,,False,3.0,0.0,,,,,,,,,,True,
27267422226,,UTC,2003-10-19T16:00:00+00:00,1066579200,1066579200.0,1066582800.0,,Heriberto Hulse,,Match Finished,FT,90.0,71,Serie A,Brazil,https://media.api-sports.io/football/leagues/71.png,https://media.api-sports.io/flags/br.svg,2003,Regular Season - 37,140,Criciuma,,True,133,Vasco DA Gama,,False,2.0,1.0,,,,,,,,,,True,
77932396954,,UTC,2003-10-19T18:00:00+00:00,1066586400,1066586400.0,1066590000.0,,Mineirão,,Match Finished,FT,90.0,71,Serie A,Brazil,https://media.api-sports.io/football/leagues/71.png,https://media.api-sports.io/flags/br.svg,2003,Regular Season - 37,135,Cruzeiro,,False,152,Juventude,,True,1.0,2.0,,,,,,,,,,True,
56010696459,,UTC,2003-10-19T16:00:00+00:00,1066579200,1066579200.0,1066582800.0,,Couto Pereira,,Match Finished,FT,90.0,71,Serie A,Brazil,https://media.api-sports.io/football/leagues/71.png,https://media.api-sports.io/flags/br.svg,2003,Regular Season - 37,122,Parana,,True,119,Internacional,,False,4.0,0.0,,,,,,,,,,True,
32927436917,,UTC,2003-10-19T16:00:00+00:00,1066579200,1066579200.0,1066582800.0,,Vila Belmiro,,Match Finished,FT,90.0,71,Serie A,Brazil,https://media.api-sports.io/football/leagues/71.png,https://media.api-sports.io/flags/br.svg,2003,Regular Season - 37,128,Santos,,True,134,Atletico Paranaense,,False,3.0,2.0,,,,,,,,,,True,
36830158325,,UTC,2003-10-22T20:30:00+00:00,1066854600,1066854600.0,1066858200.0,,Orlando Scarpelli,,Match Finished,FT,90.0,71,Serie A,Brazil,https://media.api-sports.io/football/leagues/71.png,https://media.api-sports.io/flags/br.svg,2003,Regular Season - 38,454769,Figueirense,,,127,Flamengo,,,0.0,0.0,,,,,,,,,,True,
62980812791,,UTC,2003-10-22T21:40:00+00:00,1066858800,1066858800.0,1066862400.0,,Maracanã,,Match Finished,FT,90.0,71,Serie A,Brazil,https://media.api-sports.io/football/leagues/71.png,https://media.api-sports.io/flags/br.svg,2003,Regular Season - 38,124,Fluminense,,True,131,Corinthians,,False,1.0,0.0,,,,,,,,,,True,
84943076970,,UTC,2003-10-22T20:30:00+00:00,1066854600,1066854600.0,1066858200.0,,Moisés Lucarelli,,Match Finished,FT,90.0,71,Serie A,Brazil,https://media.api-sports.io/football/leagues/71.png,https://media.api-sports.io/flags/br.svg,2003,Regular Season - 38,139,Ponte Preta,,False,151,Goias,,True,0.0,2.0,,,,,,,,,,True,
65522741343,,UTC,2003-10-22T21:40:00+00:00,1066858800,1066858800.0,1066862400.0,,Beira Rio,,Match Finished,FT,90.0,71,Serie A,Brazil,https://media.api-sports.io/football/leagues/71.png,https://media.api-sports.io/flags/br.svg,2003,Regular Season - 38,119,Internacional,,True,135,Cruzeiro,,False,1.0,0.0,,,,,,,,,,True,
8298849262,,UTC,2003-10-22T21:40:00+00:00,1066858800,1066858800.0,1066862400.0,,Fonte Nova,,Match Finished,FT,90.0,71,Serie A,Brazil,https://media.api-sports.io/football/leagues/71.png,https://media.api-sports.io/flags/br.svg,2003,Regular Season - 38,118,Bahia,,False,128,Santos,,True,4.0,7.0,,,,,,,,,,True,
9748167297,,UTC,2003-10-22T20:30:00+00:00,1066854600,1066854600.0,1066858200.0,,Anacleto Campanella,,Match Finished,FT,90.0,71,Serie A,Brazil,https://media.api-sports.io/football/leagues/71.png,https://media.api-sports.io/flags/br.svg,2003,Regular Season - 38,539683,São Caetano,,True,147,Coritiba,,False,2.0,0.0,,,,,,,,,,True,
31078410726,,UTC,2003-10-22T20:30:00+00:00,1066854600,1066854600.0,1066858200.0,,Estádio do Café,,Match Finished,FT,90.0,71,Serie A,Brazil,https://media.api-sports.io/football/leagues/71.png,https://media.api-sports.io/flags/br.svg,2003,Regular Season - 38,134,Atletico Paranaense,,False,136,Vitoria,,True,1.0,2.0,,,,,,,,,,True,
3779045500,,UTC,2003-10-23T20:30:00+00:00,1066941000,1066941000.0,1066944600.0,,Vivaldo Lima,,Match Finished,FT,90.0,71,Serie A,Brazil,https://media.api-sports.io/football/leagues/71.png,https://media.api-sports.io/flags/br.svg,2003,Regular Season - 38,133,Vasco DA Gama,,,154,Fortaleza EC,,,1.0,1.0,,,,,,,,,,True,
8304645156,,UTC,2003-10-23T20:30:00+00:00,1066941000,1066941000.0,1066944600.0,,Morumbi,,Match Finished,FT,90.0,71,Serie A,Brazil,https://media.api-sports.io/football/leagues/71.png,https://media.api-sports.io/flags/br.svg,2003,Regular Season - 38,126,Sao Paulo,,,138,Guarani Campinas,,,3.0,3.0,,,,,,,,,,True,
82000408208,,UTC,2003-10-23T20:30:00+00:00,1066941000,1066941000.0,1066944600.0,,Mineirão,,Match Finished,FT,90.0,71,Serie A,Brazil,https://media.api-sports.io/football/leagues/71.png,https://media.api-sports.io/flags/br.svg,2003,Regular Season - 38,1062,Atletico-MG,,,122,Parana,,,2.0,2.0,,,,,,,,,,True,
88008756729,,UTC,2003-10-23T20:30:00+00:00,1066941000,1066941000.0,1066944600.0,,Alfredo Jaconi,,Match Finished,FT,90.0,71,Serie A,Brazil,https://media.api-sports.io/football/leagues/71.png,https://media.api-sports.io/flags/br.svg,2003,Regular Season - 38,152,Juventude,,False,130,Gremio,,True,1.0,2.0,,,,,,,,,,True,
88374989943,,UTC,2003-10-23T21:30:00+00:00,1066944600,1066944600.0,1066948200.0,,Mangueirão,,Match Finished,FT,90.0,71,Serie A,Brazil,https://media.api-sports.io/football/leagues/71.png,https://media.api-sports.io/flags/br.svg,2003,Regular Season - 38,303369,Paysandu,,True,140,Criciuma,,False,4.0,0.0,,,,,,,,,,True,
90569293246,,UTC,2003-10-25T16:00:00+00:00,1067097600,1067097600.0,1067101200.0,,Fonte Nova,,Match Finished,FT,90.0,71,Serie A,Brazil,https://media.api-sports.io/football/leagues/71.png,https://media.api-sports.io/flags/br.svg,2003,Regular Season - 39,118,Bahia,,,124,Fluminense,,,2.0,2.0,,,,,,,,,,True,
34303317332,,UTC,2003-10-25T17:00:00+00:00,1067101200,1067101200.0,1067104800.0,,Moisés Lucarelli,,Match Finished,FT,90.0,71,Serie A,Brazil,https://media.api-sports.io/football/leagues/71.png,https://media.api-sports.io/flags/br.svg,2003,Regular Season - 39,139,Ponte Preta,,,136,Vitoria,,,1.0,1.0,,,,,,,,,,True,
36162985816,,UTC,2003-10-25T19:00:00+00:00,1067108400,1067108400.0,1067112000.0,,Mineirão,,Match Finished,FT,90.0,71,Serie A,Brazil,https://media.api-sports.io/football/leagues/71.png,https://media.api-sports.io/flags/br.svg,2003,Regular Season - 39,135,Cruzeiro,,True,454769,Figueirense,,False,1.0,0.0,,,,,,,,,,True,
33800146282,,UTC,2003-10-25T16:00:00+00:00,1067097600,1067097600.0,1067101200.0,,Couto Pereira,,Match Finished,FT,90.0,71,Serie A,Brazil,https://media.api-sports.io/football/leagues/71.png,https://media.api-sports.io/flags/br.svg,2003,Regular Season - 39,147,Coritiba,,False,128,Santos,,True,0.0,4.0,,,,,,,,,,True,
54587189516,,UTC,2003-10-26T16:00:00+00:00,1067184000,1067184000.0,1067187600.0,,Heriberto Hulse,,Match Finished,FT,90.0,71,Serie A,Brazil,https://media.api-sports.io/football/leagues/71.png,https://media.api-sports.io/flags/br.svg,2003,Regular Season - 39,140,Criciuma,,,154,Fortaleza EC,,,2.0,2.0,,,,,,,,,,True,
68407463859,,UTC,2003-10-26T18:00:00+00:00,1067191200,1067191200.0,1067194800.0,,Beira Rio,,Match Finished,FT,90.0,71,Serie A,Brazil,https://media.api-sports.io/football/leagues/71.png,https://media.api-sports.io/flags/br.svg,2003,Regular Season - 39,119,Internacional,,,152,Juventude,,,0.0,0.0,,,,,,,,,,True,
27442920032,,UTC,2003-10-26T16:00:00+00:00,1067184000,1067184000.0,1067187600.0,,Orlando Scarpelli,,Match Finished,FT,90.0,71,Serie A,Brazil,https://media.api-sports.io/football/leagues/71.png,https://media.api-sports.io/flags/br.svg,2003,Regular Season - 39,122,Parana,,,133,Vasco DA Gama,,,3.0,3.0,,,,,,,,,,True,
52425713931,,UTC,2003-10-26T16:00:00+00:00,1067184000,1067184000.0,1067187600.0,,Pacaembu,,Match Finished,FT,90.0,71,Serie A,Brazil,https://media.api-sports.io/football/leagues/71.png,https://media.api-sports.io/flags/br.svg,2003,Regular Season - 39,131,Corinthians,,False,134,Atletico Paranaense,,True,2.0,3.0,,,,,,,,,,True,
12777660534,,UTC,2003-10-26T18:00:00+00:00,1067191200,1067191200.0,1067194800.0,,Maracanã,,Match Finished,FT,90.0,71,Serie A,Brazil,https://media.api-sports.io/football/leagues/71.png,https://media.api-sports.io/flags/br.svg,2003,Regular Season - 39,127,Flamengo,,True,130,Gremio,,False,2.0,1.0,,,,,,,,,,True,
62847199824,,UTC,2003-10-26T16:00:00+00:00,1067184000,1067184000.0,1067187600.0,,Serra Dourada,,Match Finished,FT,90.0,71,Serie A,Brazil,https://media.api-sports.io/football/leagues/71.png,https://media.api-sports.io/flags/br.svg,2003,Regular Season - 39,151,Goias,,True,138,Guarani Campinas,,False,3.0,0.0,,,,,,,,,,True,
85313673429,,UTC,2003-10-26T17:00:00+00:00,1067187600,1067187600.0,1067191200.0,,Mangueirão,,Match Finished,FT,90.0,71,Serie A,Brazil,https://media.api-sports.io/football/leagues/71.png,https://media.api-sports.io/flags/br.svg,2003,Regular Season - 39,303369,Paysandu,,True,1062,Atletico-MG,,False,1.0,0.0,,,,,,,,,,True,
64010024544,,UTC,2003-10-26T16:00:00+00:00,1067184000,1067184000.0,1067187600.0,,Anacleto Campanella,,Match Finished,FT,90.0,71,Serie A,Brazil,https://media.api-sports.io/football/leagues/71.png,https://media.api-sports.io/flags/br.svg,2003,Regular Season - 39,539683,São Caetano,,False,126,Sao Paulo,,True,0.0,1.0,,,,,,,,,,True,
41427940996,,UTC,2003-11-01T18:00:00+00:00,1067709600,1067709600.0,1067713200.0,,Independência,,Match Finished,FT,90.0,71,Serie A,Brazil,https://media.api-sports.io/football/leagues/71.png,https://media.api-sports.io/flags/br.svg,2003,Regular Season - 40,1062,Atletico-MG,,,140,Criciuma,,,1.0,1.0,,,,,,,,,,True,
4711850155,,UTC,2003-11-01T18:00:00+00:00,1067709600,1067709600.0,1067713200.0,,Maracanã,,Match Finished,FT,90.0,71,Serie A,Brazil,https://media.api-sports.io/football/leagues/71.png,https://media.api-sports.io/flags/br.svg,2003,Regular Season - 40,124,Fluminense,,,139,Ponte Preta,,,2.0,2.0,,,,,,,,,,True,
93764335658,,UTC,2003-11-01T16:00:00+00:00,1067702400,1067702400.0,1067706000.0,,Arena da Baixada,,Match Finished,FT,90.0,71,Serie A,Brazil,https://media.api-sports.io/football/leagues/71.png,https://media.api-sports.io/flags/br.svg,2003,Regular Season - 40,134,Atletico Paranaense,,True,539683,São Caetano,,False,1.0,0.0,,,,,,,,,,True,
44645836226,,UTC,2003-11-01T16:00:00+00:00,1067702400,1067702400.0,1067706000.0,,Brinco de Ouro,,Match Finished,FT,90.0,71,Serie A,Brazil,https://media.api-sports.io/football/leagues/71.png,https://media.api-sports.io/flags/br.svg,2003,Regular Season - 40,138,Guarani Campinas,,True,118,Bahia,,False,3.0,2.0,,,,,,,,,,True,
43969918878,,UTC,2003-11-01T16:00:00+00:00,1067702400,1067702400.0,1067706000.0,,Olímpico Monumental,,Match Finished,FT,90.0,71,Serie A,Brazil,https://media.api-sports.io/football/leagues/71.png,https://media.api-sports.io/flags/br.svg,2003,Regular Season - 40,130,Gremio,,False,122,Parana,,True,0.0,2.0,,,,,,,,,,True,
90926122154,,UTC,2003-11-02T16:00:00+00:00,1067788800,1067788800.0,1067792400.0,,Alfredo Jaconi,,Match Finished,FT,90.0,71,Serie A,Brazil,https://media.api-sports.io/football/leagues/71.png,https://media.api-sports.io/flags/br.svg,2003,Regular Season - 40,152,Juventude,,,127,Flamengo,,,2.0,2.0,,,,,,,,,,True,
28340256379,,UTC,2003-11-02T16:00:00+00:00,1067788800,1067788800.0,1067792400.0,,Castelão,,Match Finished,FT,90.0,71,Serie A,Brazil,https://media.api-sports.io/football/leagues/71.png,https://media.api-sports.io/flags/br.svg,2003,Regular Season - 40,154,Fortaleza EC,,False,135,Cruzeiro,,True,1.0,2.0,,,,,,,,,,True,
96597764749,,UTC,2003-11-02T16:00:00+00:00,1067788800,1067788800.0,1067792400.0,,Orlando Scarpelli,,Match Finished,FT,90.0,71,Serie A,Brazil,https://media.api-sports.io/football/leagues/71.png,https://media.api-sports.io/flags/br.svg,2003,Regular Season - 40,454769,Figueirense,,True,303369,Paysandu,,False,6.0,0.0,,,,,,,,,,True,
86481402623,,UTC,2003-11-02T17:00:00+00:00,1067792400,1067792400.0,1067796000.0,,Barradão,,Match Finished,FT,90.0,71,Serie A,Brazil,https://media.api-sports.io/football/leagues/71.png,https://media.api-sports.io/flags/br.svg,2003,Regular Season - 40,136,Vitoria,,False,151,Goias,,True,3.0,4.0,,,,,,,,,,True,
7880662181,,UTC,2003-11-02T18:00:00+00:00,1067796000,1067796000.0,1067799600.0,,Batistão,,Match Finished,FT,90.0,71,Serie A,Brazil,https://media.api-sports.io/football/leagues/71.png,https://media.api-sports.io/flags/br.svg,2003,Regular Season - 40,133,Vasco DA Gama,,False,119,Internacional,,True,0.0,1.0,,,,,,,,,,True,
90358446317,,UTC,2003-11-02T16:00:00+00:00,1067788800,1067788800.0,1067792400.0,,Vila Belmiro,,Match Finished,FT,90.0,71,Serie A,Brazil,https://media.api-sports.io/football/leagues/71.png,https://media.api-sports.io/flags/br.svg,2003,Regular Season - 40,128,Santos,,True,131,Corinthians,,False,3.0,1.0,,,,,,,,,,True,
1044622129,,UTC,2003-11-02T18:00:00+00:00,1067796000,1067796000.0,1067799600.0,,Morumbi,,Match Finished,FT,90.0,71,Serie A,Brazil,https://media.api-sports.io/football/leagues/71.png,https://media.api-sports.io/flags/br.svg,2003,Regular Season - 40,126,Sao Paulo,,True,147,Coritiba,,False,1.0,0.0,,,,,,,,,,True,
74775313368,,UTC,2003-11-05T20:30:00+00:00,1068064200,1068064200.0,1068067800.0,,Estádio do Café,,Match Finished,FT,90.0,71,Serie A,Brazil,https://media.api-sports.io/football/leagues/71.png,https://media.api-sports.io/flags/br.svg,2003,Regular Season - 41,122,Parana,,,454769,Figueirense,,,1.0,1.0,,,,,,,,,,True,
42882650383,,UTC,2003-11-05T20:30:00+00:00,1068064200,1068064200.0,1068067800.0,,Beira Rio,,Match Finished,FT,90.0,71,Serie A,Brazil,https://media.api-sports.io/football/leagues/71.png,https://media.api-sports.io/flags/br.svg,2003,Regular Season - 41,119,Internacional,,,154,Fortaleza EC,,,1.0,1.0,,,,,,,,,,True,
41452626611,,UTC,2003-11-05T21:40:00+00:00,1068068400,1068068400.0,1068072000.0,,Couto Pereira,,Match Finished,FT,90.0,71,Serie A,Brazil,https://media.api-sports.io/football/leagues/71.png,https://media.api-sports.io/flags/br.svg,2003,Regular Season - 41,147,Coritiba,,True,131,Corinthians,,False,1.0,0.0,,,,,,,,,,True,
49432848433,,UTC,2003-11-05T21:40:00+00:00,1068068400,1068068400.0,1068072000.0,,Mineirão,,Match Finished,FT,90.0,71,Serie A,Brazil,https://media.api-sports.io/football/leagues/71.png,https://media.api-sports.io/flags/br.svg,2003,Regular Season - 41,135,Cruzeiro,,True,130,Gremio,,False,3.0,0.0,,,,,,,,,,True,
30037867367,,UTC,2003-11-05T20:30:00+00:00,1068064200,1068064200.0,1068067800.0,,Alfredo Jaconi,,Match Finished,FT,90.0,71,Serie A,Brazil,https://media.api-sports.io/football/leagues/71.png,https://media.api-sports.io/flags/br.svg,2003,Regular Season - 41,152,Juventude,,True,140,Criciuma,,False,3.0,1.0,,,,,,,,,,True,
28650136017,,UTC,2003-11-05T21:40:00+00:00,1068068400,1068068400.0,1068072000.0,,Vila Belmiro,,Match Finished,FT,90.0,71,Serie A,Brazil,https://media.api-sports.io/football/leagues/71.png,https://media.api-sports.io/flags/br.svg,2003,Regular Season - 41,128,Santos,,True,136,Vitoria,,False,3.0,1.0,,,,,,,,,,True,
99754759564,,UTC,2003-11-05T21:40:00+00:00,1068068400,1068068400.0,1068072000.0,,Morumbi,,Match Finished,FT,90.0,71,Serie A,Brazil,https://media.api-sports.io/football/leagues/71.png,https://media.api-sports.io/flags/br.svg,2003,Regular Season - 41,126,Sao Paulo,,True,124,Fluminense,,False,1.0,0.0,,,,,,,,,,True,
35963612740,,UTC,2003-11-05T21:30:00+00:00,1068067800,1068067800.0,1068071400.0,,Mangueirão,,Match Finished,FT,90.0,71,Serie A,Brazil,https://media.api-sports.io/football/leagues/71.png,https://media.api-sports.io/flags/br.svg,2003,Regular Season - 41,303369,Paysandu,,False,133,Vasco DA Gama,,True,1.0,2.0,,,,,,,,,,True,
85699452376,,UTC,2003-11-06T21:30:00+00:00,1068154200,1068154200.0,1068157800.0,,Fonte Nova,,Match Finished,FT,90.0,71,Serie A,Brazil,https://media.api-sports.io/football/leagues/71.png,https://media.api-sports.io/flags/br.svg,2003,Regular Season - 41,118,Bahia,,True,139,Ponte Preta,,False,1.0,0.0,,,,,,,,,,True,
72952811517,,UTC,2003-11-06T21:30:00+00:00,1068154200,1068154200.0,1068157800.0,,Maracanã,,Match Finished,FT,90.0,71,Serie A,Brazil,https://media.api-sports.io/football/leagues/71.png,https://media.api-sports.io/flags/br.svg,2003,Regular Season - 41,127,Flamengo,,True,1062,Atletico-MG,,False,3.0,2.0,,,,,,,,,,True,
51304919136,,UTC,2003-11-06T20:30:00+00:00,1068150600,1068150600.0,1068154200.0,,Serra Dourada,,Match Finished,FT,90.0,71,Serie A,Brazil,https://media.api-sports.io/football/leagues/71.png,https://media.api-sports.io/flags/br.svg,2003,Regular Season - 41,151,Goias,,True,134,Atletico Paranaense,,False,4.0,1.0,,,,,,,,,,True,
33677562500,,UTC,2003-11-06T20:30:00+00:00,1068150600,1068150600.0,1068154200.0,,Brinco de Ouro,,Match Finished,FT,90.0,71,Serie A,Brazil,https://media.api-sports.io/football/leagues/71.png,https://media.api-sports.io/flags/br.svg,2003,Regular Season - 41,138,Guarani Campinas,,False,539683,São Caetano,,True,0.0,1.0,,,,,,,,,,True,
72069574809,,UTC,2003-11-08T16:00:00+00:00,1068307200,1068307200.0,1068310800.0,,Maracanã,,Match Finished,FT,90.0,71,Serie A,Brazil,https://media.api-sports.io/football/leagues/71.png,https://media.api-sports.io/flags/br.svg,2003,Regular Season - 42,124,Fluminense,,True,147,Coritiba,,False,3.0,2.0,,,,,,,,,,True,
79505787028,,UTC,2003-11-08T18:00:00+00:00,1068314400,1068314400.0,1068318000.0,,Olímpico Monumental,,Match Finished,FT,90.0,71,Serie A,Brazil,https://media.api-sports.io/football/leagues/71.png,https://media.api-sports.io/flags/br.svg,2003,Regular Season - 42,130,Gremio,,True,303369,Paysandu,,False,2.0,0.0,,,,,,,,,,True,
50691622704,,UTC,2003-11-08T18:00:00+00:00,1068314400,1068314400.0,1068318000.0,,Ressacada,,Match Finished,FT,90.0,71,Serie A,Brazil,https://media.api-sports.io/football/leagues/71.png,https://media.api-sports.io/flags/br.svg,2003,Regular Season - 42,140,Criciuma,,False,122,Parana,,True,1.0,2.0,,,,,,,,,,True,
69667652914,,UTC,2003-11-09T17:00:00+00:00,1068397200,1068397200.0,1068400800.0,,Barradão,,Match Finished,FT,90.0,71,Serie A,Brazil,https://media.api-sports.io/football/leagues/71.png,https://media.api-sports.io/flags/br.svg,2003,Regular Season - 42,136,Vitoria,,,138,Guarani Campinas,,,0.0,0.0,,,,,,,,,,True,
77239914400,,UTC,2003-11-09T16:00:00+00:00,1068393600,1068393600.0,1068397200.0,,Arena da Baixada,,Match Finished,FT,90.0,71,Serie A,Brazil,https://media.api-sports.io/football/leagues/71.png,https://media.api-sports.io/flags/br.svg,2003,Regular Season - 42,134,Atletico Paranaense,,True,126,Sao Paulo,,False,4.0,3.0,,,,,,,,,,True,
23351819623,,UTC,2003-11-09T18:00:00+00:00,1068400800,1068400800.0,1068404400.0,,Pacaembu,,Match Finished,FT,90.0,71,Serie A,Brazil,https://media.api-sports.io/football/leagues/71.png,https://media.api-sports.io/flags/br.svg,2003,Regular Season - 42,131,Corinthians,,True,151,Goias,,False,2.0,0.0,,,,,,,,,,True,
33459823473,,UTC,2003-11-09T16:00:00+00:00,1068393600,1068393600.0,1068397200.0,,Pedro Pedrossian,,Match Finished,FT,90.0,71,Serie A,Brazil,https://media.api-sports.io/football/leagues/71.png,https://media.api-sports.io/flags/br.svg,2003,Regular Season - 42,133,Vasco DA Gama,,False,135,Cruzeiro,,True,0.0,1.0,,,,,,,,,,True,
61141813469,,UTC,2003-11-09T16:00:00+00:00,1068393600,1068393600.0,1068397200.0,,Orlando Scarpelli,,Match Finished,FT,90.0,71,Serie A,Brazil,https://media.api-sports.io/football/leagues/71.png,https://media.api-sports.io/flags/br.svg,2003,Regular Season - 42,454769,Figueirense,,True,152,Juventude,,False,2.0,1.0,,,,,,,,,,True,
72857166836,,UTC,2003-11-09T16:00:00+00:00,1068393600,1068393600.0,1068397200.0,,Castelão,,Match Finished,FT,90.0,71,Serie A,Brazil,https://media.api-sports.io/football/leagues/71.png,https://media.api-sports.io/flags/br.svg,2003,Regular Season - 42,154,Fortaleza EC,,True,127,Flamengo,,False,4.0,1.0,,,,,,,,,,True,
4221392223,,UTC,2003-11-09T18:00:00+00:00,1068400800,1068400800.0,1068404400.0,,Independência,,Match Finished,FT,90.0,71,Serie A,Brazil,https://media.api-sports.io/football/leagues/71.png,https://media.api-sports.io/flags/br.svg,2003,Regular Season - 42,1062,Atletico-MG,,False,119,Internacional,,True,1.0,2.0,,,,,,,,,,True,
39483965458,,UTC,2003-11-09T16:00:00+00:00,1068393600,1068393600.0,1068397200.0,,Moisés Lucarelli,,Match Finished,FT,90.0,71,Serie A,Brazil,https://media.api-sports.io/football/leagues/71.png,https://media.api-sports.io/flags/br.svg,2003,Regular Season - 42,139,Ponte Preta,,False,128,Santos,,True,3.0,4.0,,,,,,,,,,True,
73373684745,,UTC,2003-11-09T16:00:00+00:00,1068393600,1068393600.0,1068397200.0,,Anacleto Campanella,,Match Finished,FT,90.0,71,Serie A,Brazil,https://media.api-sports.io/football/leagues/71.png,https://media.api-sports.io/flags/br.svg,2003,Regular Season - 42,539683,São Caetano,,True,118,Bahia,,False,4.0,1.0,,,,,,,,,,True,
71589995829,,UTC,2003-11-22T17:00:00+00:00,1069520400,1069520400.0,1069524000.0,,Couto Pereira,,Match Finished,FT,90.0,71,Serie A,Brazil,https://media.api-sports.io/football/leagues/71.png,https://media.api-sports.io/flags/br.svg,2003,Regular Season - 43,147,Coritiba,,,139,Ponte Preta,,,1.0,1.0,,,,,,,,,,True,
64738947317,,UTC,2003-11-22T17:00:00+00:00,1069520400,1069520400.0,1069524000.0,,Ipatingão,,Match Finished,FT,90.0,71,Serie A,Brazil,https://media.api-sports.io/football/leagues/71.png,https://media.api-sports.io/flags/br.svg,2003,Regular Season - 43,1062,Atletico-MG,,True,154,Fortaleza EC,,False,2.0,0.0,,,,,,,,,,True,
51288654322,,UTC,2003-11-22T17:00:00+00:00,1069520400,1069520400.0,1069524000.0,,Orlando Scarpelli,,Match Finished,FT,90.0,71,Serie A,Brazil,https://media.api-sports.io/football/leagues/71.png,https://media.api-sports.io/flags/br.svg,2003,Regular Season - 43,454769,Figueirense,,True,119,Internacional,,False,3.0,2.0,,,,,,,,,,True,
13021035990,,UTC,2003-11-22T18:00:00+00:00,1069524000,1069524000.0,1069527600.0,,Maracanã,,Match Finished,FT,90.0,71,Serie A,Brazil,https://media.api-sports.io/football/leagues/71.png,https://media.api-sports.io/flags/br.svg,2003,Regular Season - 43,127,Flamengo,,True,140,Criciuma,,False,1.0,0.0,,,,,,,,,,True,
39462122881,,UTC,2003-11-22T18:00:00+00:00,1069524000,1069524000.0,1069527600.0,,Olímpico Monumental,,Match Finished,FT,90.0,71,Serie A,Brazil,https://media.api-sports.io/football/leagues/71.png,https://media.api-sports.io/flags/br.svg,2003,Regular Season - 43,130,Gremio,,True,133,Vasco DA Gama,,False,4.0,3.0,,,,,,,,,,True,
26847415299,,UTC,2003-11-23T17:00:00+00:00,1069606800,1069606800.0,1069610400.0,,Fonte Nova,,Match Finished,FT,90.0,71,Serie A,Brazil,https://media.api-sports.io/football/leagues/71.png,https://media.api-sports.io/flags/br.svg,2003,Regular Season - 43,118,Bahia,,False,134,Atletico Paranaense,,True,0.0,2.0,,,,,,,,,,True,
84209627321,,UTC,2003-11-23T18:00:00+00:00,1069610400,1069610400.0,1069614000.0,,Brinco de Ouro,,Match Finished,FT,90.0,71,Serie A,Brazil,https://media.api-sports.io/football/leagues/71.png,https://media.api-sports.io/flags/br.svg,2003,Regular Season - 43,138,Guarani Campinas,,False,131,Corinthians,,True,0.0,1.0,,,,,,,,,,True,
75857885547,,UTC,2003-11-23T16:00:00+00:00,1069603200,1069603200.0,1069606800.0,,Pinheirão,,Match Finished,FT,90.0,71,Serie A,Brazil,https://media.api-sports.io/football/leagues/71.png,https://media.api-sports.io/flags/br.svg,2003,Regular Season - 43,122,Parana,,False,135,Cruzeiro,,True,1.0,3.0,,,,,,,,,,True,
20696193168,,UTC,2003-11-23T18:00:00+00:00,1069610400,1069610400.0,1069614000.0,,Mangueirão,,Match Finished,FT,90.0,71,Serie A,Brazil,https://media.api-sports.io/football/leagues/71.png,https://media.api-sports.io/flags/br.svg,2003,Regular Season - 43,303369,Paysandu,,True,152,Juventude,,False,3.0,2.0,,,,,,,,,,True,
69452194350,,UTC,2003-11-23T16:00:00+00:00,1069603200,1069603200.0,1069606800.0,,Vila Belmiro,,Match Finished,FT,90.0,71,Serie A,Brazil,https://media.api-sports.io/football/leagues/71.png,https://media.api-sports.io/flags/br.svg,2003,Regular Season - 43,128,Santos,,True,124,Fluminense,,False,3.0,1.0,,,,,,,,,,True,
26322873832,,UTC,2003-11-23T17:00:00+00:00,1069606800,1069606800.0,1069610400.0,,Anacleto Campanella,,Match Finished,FT,90.0,71,Serie A,Brazil,https://media.api-sports.io/football/leagues/71.png,https://media.api-sports.io/flags/br.svg,2003,Regular Season - 43,539683,São Caetano,,True,151,Goias,,False,1.0,0.0,,,,,,,,,,True,
26657745737,,UTC,2003-11-23T18:00:00+00:00,1069610400,1069610400.0,1069614000.0,,Morumbi,,Match Finished,FT,90.0,71,Serie A,Brazil,https://media.api-sports.io/football/leagues/71.png,https://media.api-sports.io/flags/br.svg,2003,Regular Season - 43,126,Sao Paulo,,True,136,Vitoria,,False,3.0,1.0,,,,,,,,,,True,
45310725983,,UTC,2003-11-29T17:00:00+00:00,1070125200,1070125200.0,1070128800.0,,Arena da Baixada,,Match Finished,FT,90.0,71,Serie A,Brazil,https://media.api-sports.io/football/leagues/71.png,https://media.api-sports.io/flags/br.svg,2003,Regular Season - 44,134,Atletico Paranaense,,True,138,Guarani Campinas,,False,3.0,1.0,,,,,,,,,,True,
43039544899,,UTC,2003-11-29T18:00:00+00:00,1070128800,1070128800.0,1070132400.0,,Maracanã,,Match Finished,FT,90.0,71,Serie A,Brazil,https://media.api-sports.io/football/leagues/71.png,https://media.api-sports.io/flags/br.svg,2003,Regular Season - 44,124,Fluminense,,True,539683,São Caetano,,False,2.0,1.0,,,,,,,,,,True,
15229949491,,UTC,2003-11-29T18:00:00+00:00,1070128800,1070128800.0,1070132400.0,,Beira Rio,,Match Finished,FT,90.0,71,Serie A,Brazil,https://media.api-sports.io/football/leagues/71.png,https://media.api-sports.io/flags/br.svg,2003,Regular Season - 44,119,Internacional,,True,127,Flamengo,,False,3.0,1.0,,,,,,,,,,True,
781823559,,UTC,2003-11-29T17:00:00+00:00,1070125200,1070125200.0,1070128800.0,,Alfredo Jaconi,,Match Finished,FT,90.0,71,Serie A,Brazil,https://media.api-sports.io/football/leagues/71.png,https://media.api-sports.io/flags/br.svg,2003,Regular Season - 44,152,Juventude,,True,1062,Atletico-MG,,False,1.0,0.0,,,,,,,,,,True,
80435106037,,UTC,2003-11-29T17:00:00+00:00,1070125200,1070125200.0,1070128800.0,,São Januário,,Match Finished,FT,90.0,71,Serie A,Brazil,https://media.api-sports.io/football/leagues/71.png,https://media.api-sports.io/flags/br.svg,2003,Regular Season - 44,133,Vasco DA Gama,,True,454769,Figueirense,,False,1.0,0.0,,,,,,,,,,True,
92903330855,,UTC,2003-11-30T18:00:00+00:00,1070215200,1070215200.0,1070218800.0,,Pacaembu,,Match Finished,FT,90.0,71,Serie A,Brazil,https://media.api-sports.io/football/leagues/71.png,https://media.api-sports.io/flags/br.svg,2003,Regular Season - 44,131,Corinthians,,False,118,Bahia,,True,1.0,2.0,,,,,,,,,,True,
56072622594,,UTC,2003-11-30T16:00:00+00:00,1070208000,1070208000.0,1070211600.0,,Mineirão,,Match Finished,FT,90.0,71,Serie A,Brazil,https://media.api-sports.io/football/leagues/71.png,https://media.api-sports.io/flags/br.svg,2003,Regular Season - 44,135,Cruzeiro,,True,303369,Paysandu,,False,2.0,1.0,,,,,,,,,,True,
81967425721,,UTC,2003-11-30T16:00:00+00:00,1070208000,1070208000.0,1070211600.0,,Castelão,,Match Finished,FT,90.0,71,Serie A,Brazil,https://media.api-sports.io/football/leagues/71.png,https://media.api-sports.io/flags/br.svg,2003,Regular Season - 44,154,Fortaleza EC,,True,122,Parana,,False,5.0,3.0,,,,,,,,,,True,
55155264789,,UTC,2003-11-30T16:00:00+00:00,1070208000,1070208000.0,1070211600.0,,Serra Dourada,,Match Finished,FT,90.0,71,Serie A,Brazil,https://media.api-sports.io/football/leagues/71.png,https://media.api-sports.io/flags/br.svg,2003,Regular Season - 44,151,Goias,,True,128,Santos,,False,3.0,0.0,,,,,,,,,,True,
41617920128,,UTC,2003-11-30T16:00:00+00:00,1070208000,1070208000.0,1070211600.0,,Heriberto Hulse,,Match Finished,FT,90.0,71,Serie A,Brazil,https://media.api-sports.io/football/leagues/71.png,https://media.api-sports.io/flags/br.svg,2003,Regular Season - 44,140,Criciuma,,False,130,Gremio,,True,0.0,2.0,,,,,,,,,,True,
30560192422,,UTC,2003-11-30T18:00:00+00:00,1070215200,1070215200.0,1070218800.0,,Moisés Lucarelli,,Match Finished,FT,90.0,71,Serie A,Brazil,https://media.api-sports.io/football/leagues/71.png,https://media.api-sports.io/flags/br.svg,2003,Regular Season - 44,139,Ponte Preta,,False,126,Sao Paulo,,True,1.0,2.0,,,,,,,,,,True,
28878212587,,UTC,2003-11-30T17:00:00+00:00,1070211600,1070211600.0,1070215200.0,,Barradão,,Match Finished,FT,90.0,71,Serie A,Brazil,https://media.api-sports.io/football/leagues/71.png,https://media.api-sports.io/flags/br.svg,2003,Regular Season - 44,136,Vitoria,,True,147,Coritiba,,False,1.0,0.0,,,,,,,,,,True,
35675310528,,UTC,2003-12-06T18:00:00+00:00,1070733600,1070733600.0,1070737200.0,,Pacaembu,,Match Finished,FT,90.0,71,Serie A,Brazil,https://media.api-sports.io/football/leagues/71.png,https://media.api-sports.io/flags/br.svg,2003,Regular Season - 45,131,Corinthians,,,122,Parana,,,1.0,1.0,,,,,,,,,,True,
63523972199,,UTC,2003-12-06T18:00:00+00:00,1070733600,1070733600.0,1070737200.0,,Arena da Baixada,,Match Finished,FT,90.0,71,Serie A,Brazil,https://media.api-sports.io/football/leagues/71.png,https://media.api-sports.io/flags/br.svg,2003,Regular Season - 45,134,Atletico Paranaense,,,133,Vasco DA Gama,,,2.0,2.0,,,,,,,,,,True,
20327946512,,UTC,2003-12-06T17:00:00+00:00,1070730000,1070730000.0,1070733600.0,,Barradão,,Match Finished,FT,90.0,71,Serie A,Brazil,https://media.api-sports.io/football/leagues/71.png,https://media.api-sports.io/flags/br.svg,2003,Regular Season - 45,136,Vitoria,,False,1062,Atletico-MG,,True,0.0,1.0,,,,,,,,,,True,
94169334147,,UTC,2003-12-06T17:00:00+00:00,1070730000,1070730000.0,1070733600.0,,Serra Dourada,,Match Finished,FT,90.0,71,Serie A,Brazil,https://media.api-sports.io/football/leagues/71.png,https://media.api-sports.io/flags/br.svg,2003,Regular Season - 45,151,Goias,,False,454769,Figueirense,,True,0.0,3.0,,,,,,,,,,True,
52678033938,,UTC,2003-12-07T16:00:00+00:00,1070812800,1070812800.0,1070816400.0,,Presidente Vargas,,Match Finished,FT,90.0,71,Serie A,Brazil,https://media.api-sports.io/football/leagues/71.png,https://media.api-sports.io/flags/br.svg,2003,Regular Season - 45,154,Fortaleza EC,,,147,Coritiba,,,2.0,2.0,,,,,,,,,,True,
69247720546,,UTC,2003-12-07T16:00:00+00:00,1070812800,1070812800.0,1070816400.0,,Vila Belmiro,,Match Finished,FT,90.0,71,Serie A,Brazil,https://media.api-sports.io/football/leagues/71.png,https://media.api-sports.io/flags/br.svg,2003,Regular Season - 45,128,Santos,,,130,Gremio,,,2.0,2.0,,,,,,,,,,True,
69605434293,,UTC,2003-12-07T16:00:00+00:00,1070812800,1070812800.0,1070816400.0,,Maracanã,,Match Finished,FT,90.0,71,Serie A,Brazil,https://media.api-sports.io/football/leagues/71.png,https://media.api-sports.io/flags/br.svg,2003,Regular Season - 45,127,Flamengo,,,139,Ponte Preta,,,1.0,1.0,,,,,,,,,,True,
4136932106,,UTC,2003-12-07T18:00:00+00:00,1070820000,1070820000.0,1070823600.0,,Beira Rio,,Match Finished,FT,90.0,71,Serie A,Brazil,https://media.api-sports.io/football/leagues/71.png,https://media.api-sports.io/flags/br.svg,2003,Regular Season - 45,119,Internacional,,,126,Sao Paulo,,,1.0,1.0,,,,,,,,,,True,
85989906383,,UTC,2003-12-07T16:00:00+00:00,1070812800,1070812800.0,1070816400.0,,Heriberto Hulse,,Match Finished,FT,90.0,71,Serie A,Brazil,https://media.api-sports.io/football/leagues/71.png,https://media.api-sports.io/flags/br.svg,2003,Regular Season - 45,140,Criciuma,,True,118,Bahia,,False,3.0,2.0,,,,,,,,,,True,
6653324839,,UTC,2003-12-07T16:00:00+00:00,1070812800,1070812800.0,1070816400.0,,Mineirão,,Match Finished,FT,90.0,71,Serie A,Brazil,https://media.api-sports.io/football/leagues/71.png,https://media.api-sports.io/flags/br.svg,2003,Regular Season - 45,135,Cruzeiro,,True,124,Fluminense,,False,5.0,2.0,,,,,,,,,,True,
41958287869,,UTC,2003-12-07T16:00:00+00:00,1070812800,1070812800.0,1070816400.0,,Brinco de Ouro,,Match Finished,FT,90.0,71,Serie A,Brazil,https://media.api-sports.io/football/leagues/71.png,https://media.api-sports.io/flags/br.svg,2003,Regular Season - 45,138,Guarani Campinas,,True,303369,Paysandu,,False,2.0,1.0,,,,,,,,,,True,
44462863986,,UTC,2003-12-07T18:00:00+00:00,1070820000,1070820000.0,1070823600.0,,Alfredo Jaconi,,Match Finished,FT,90.0,71,Serie A,Brazil,https://media.api-sports.io/football/leagues/71.png,https://media.api-sports.io/flags/br.svg,2003,Regular Season - 45,152,Juventude,,True,539683,São Caetano,,False,2.0,1.0,,,,,,,,,,True,
93003792513,,UTC,2003-12-13T16:00:00+00:00,1071331200,1071331200.0,1071334800.0,,Ipatingão,,Match Finished,FT,90.0,71,Serie A,Brazil,https://media.api-sports.io/football/leagues/71.png,https://media.api-sports.io/flags/br.svg,2003,Regular Season - 46,1062,Atletico-MG,,True,151,Goias,,False,3.0,2.0,,,,,,,,,,True,
76131696927,,UTC,2003-12-13T16:00:00+00:00,1071331200,1071331200.0,1071334800.0,,Couto Pereira,,Match Finished,FT,90.0,71,Serie A,Brazil,https://media.api-sports.io/football/leagues/71.png,https://media.api-sports.io/flags/br.svg,2003,Regular Season - 46,147,Coritiba,,True,140,Criciuma,,False,2.0,0.0,,,,,,,,,,True,
83777595633,,UTC,2003-12-13T16:00:00+00:00,1071331200,1071331200.0,1071334800.0,,Orlando Scarpelli,,Match Finished,FT,90.0,71,Serie A,Brazil,https://media.api-sports.io/football/leagues/71.png,https://media.api-sports.io/flags/br.svg,2003,Regular Season - 46,454769,Figueirense,,True,138,Guarani Campinas,,False,2.0,0.0,,,,,,,,,,True,
28131894764,,UTC,2003-12-13T16:00:00+00:00,1071331200,1071331200.0,1071334800.0,,Pinheirão,,Match Finished,FT,90.0,71,Serie A,Brazil,https://media.api-sports.io/football/leagues/71.png,https://media.api-sports.io/flags/br.svg,2003,Regular Season - 46,122,Parana,,True,136,Vitoria,,False,2.0,0.0,,,,,,,,,,True,
26785294274,,UTC,2003-12-13T16:00:00+00:00,1071331200,1071331200.0,1071334800.0,,Anacleto Campanella,,Match Finished,FT,90.0,71,Serie A,Brazil,https://media.api-sports.io/football/leagues/71.png,https://media.api-sports.io/flags/br.svg,2003,Regular Season - 46,539683,São Caetano,,True,119,Internacional,,False,5.0,0.0,,,,,,,,,,True,
52758174450,,UTC,2003-12-14T16:00:00+00:00,1071417600,1071417600.0,1071421200.0,,Mangueirão,,Match Finished,FT,90.0,71,Serie A,Brazil,https://media.api-sports.io/football/leagues/71.png,https://media.api-sports.io/flags/br.svg,2003,Regular Season - 46,303369,Paysandu,,,134,Atletico Paranaense,,,2.0,2.0,,,,,,,,,,True,
93225912076,,UTC,2003-12-14T18:00:00+00:00,1071424800,1071424800.0,1071428400.0,,São Januário,,Match Finished,FT,90.0,71,Serie A,Brazil,https://media.api-sports.io/football/leagues/71.png,https://media.api-sports.io/flags/br.svg,2003,Regular Season - 46,133,Vasco DA Gama,,,128,Santos,,,1.0,1.0,,,,,,,,,,True,
5290090825,,UTC,2003-12-14T16:00:00+00:00,1071417600,1071417600.0,1071421200.0,,Fonte Nova,,Match Finished,FT,90.0,71,Serie A,Brazil,https://media.api-sports.io/football/leagues/71.png,https://media.api-sports.io/flags/br.svg,2003,Regular Season - 46,118,Bahia,,False,135,Cruzeiro,,True,0.0,7.0,,,,,,,,,,True,
27386283963,,UTC,2003-12-14T18:00:00+00:00,1071424800,1071424800.0,1071428400.0,,Morumbi,,Match Finished,FT,90.0,71,Serie A,Brazil,https://media.api-sports.io/football/leagues/71.png,https://media.api-sports.io/flags/br.svg,2003,Regular Season - 46,126,Sao Paulo,,False,127,Flamengo,,True,1.0,3.0,,,,,,,,,,True,
5605293919,,UTC,2003-12-14T16:00:00+00:00,1071417600,1071417600.0,1071421200.0,,Maracanã,,Match Finished,FT,90.0,71,Serie A,Brazil,https://media.api-sports.io/football/leagues/71.png,https://media.api-sports.io/flags/br.svg,2003,Regular Season - 46,124,Fluminense,,True,152,Juventude,,False,1.0,0.0,,,,,,,,,,True,
7509159717,,UTC,2003-12-14T16:00:00+00:00,1071417600,1071417600.0,1071421200.0,,Olímpico Monumental,,Match Finished,FT,90.0,71,Serie A,Brazil,https://media.api-sports.io/football/leagues/71.png,https://media.api-sports.io/flags/br.svg,2003,Regular Season - 46,130,Gremio,,True,131,Corinthians,,False,3.0,0.0,,,,,,,,,,True,
11629421121,,UTC,2003-12-14T16:00:00+00:00,1071417600,1071417600.0,1071421200.0,,Moisés Lucarelli,,Match Finished,FT,90.0,71,Serie A,Brazil,https://media.api-sports.io/football/leagues/71.png,https://media.api-sports.io/flags/br.svg,2003,Regular Season - 46,139,Ponte Preta,,True,154,Fortaleza EC,,False,2.0,0.0,,,,,,,,,,True,
