fixture_id,fixture_referee,fixture_timezone,fixture_date,fixture_timestamp,fixture_periods_first,fixture_periods_second,fixture_venue_id,fixture_venue_name,fixture_venue_city,fixture_status_long,fixture_status_short,fixture_status_elapsed,league_id,league_name,league_country,league_logo,league_flag,league_season,league_round,teams_home_id,teams_home_name,teams_home_logo,teams_home_winner,teams_away_id,teams_away_name,teams_away_logo,teams_away_winner,goals_home,goals_away,score_halftime_home,score_halftime_away,score_fulltime_home,score_fulltime_away,score_extratime_home,score_extratime_away,score_penalty_home,score_penalty_away,fixture_status_extra,league_standings,chave
85611844169,,UTC,2004-04-21T18:00:00+00:00,1082570400,1082570400.0,1082574000.0,,Parque Antártica,,Match Finished,FT,90.0,71,Serie A,Brazil,https://media.api-sports.io/football/leagues/71.png,https://media.api-sports.io/flags/br.svg,2004,Regular Season - 1,121,Palmeiras,,,1062,Atletico-MG,,,0.0,0.0,,,,,,,,,,True,
5375802655,,UTC,2004-04-21T21:45:00+00:00,1082583900,1082583900.0,1082587500.0,,Olímpico Monumental,,Match Finished,FT,90.0,71,Serie A,Brazil,https://media.api-sports.io/football/leagues/71.png,https://media.api-sports.io/flags/br.svg,2004,Regular Season - 1,130,Gremio,,,127,Flamengo,,,0.0,0.0,,,,,,,,,,True,
63628863012,,UTC,2004-04-21T18:00:00+00:00,1082570400,1082570400.0,1082574000.0,,Ipatingão,,Match Finished,FT,90.0,71,Serie A,Brazil,https://media.api-sports.io/football/leagues/71.png,https://media.api-sports.io/flags/br.svg,2004,Regular Season - 1,135,Cruzeiro,,True,152,Juventude,,False,2.0,1.0,,,,,,,,,,True,
41825130963,,UTC,2004-04-21T16:00:00+00:00,1082563200,1082563200.0,1082566800.0,,Orlando Scarpelli,,Match Finished,FT,90.0,71,Serie A,Brazil,https://media.api-sports.io/football/leagues/71.png,https://media.api-sports.io/flags/br.svg,2004,Regular Season - 1,454769,Figueirense,,True,119,Internacional,,False,1.0,0.0,,,,,,,,,,True,
72334471978,,UTC,2004-04-21T16:00:00+00:00,1082563200,1082563200.0,1082566800.0,,Caio Martins,,Match Finished,FT,90.0,71,Serie A,Brazil,https://media.api-sports.io/football/leagues/71.png,https://media.api-sports.io/flags/br.svg,2004,Regular Season - 1,120,Botafogo,,False,151,Goias,,True,1.0,4.0,,,,,,,,,,True,
15525008696,,UTC,2004-04-21T21:45:00+00:00,1082583900,1082583900.0,1082587500.0,,Pinheirão,,Match Finished,FT,90.0,71,Serie A,Brazil,https://media.api-sports.io/football/leagues/71.png,https://media.api-sports.io/flags/br.svg,2004,Regular Season - 1,122,Parana,,True,128,Santos,,False,3.0,2.0,,,,,,,,,,True,
58179271979,,UTC,2004-04-21T21:45:00+00:00,1082583900,1082583900.0,1082587500.0,,Moisés Lucarelli,,Match Finished,FT,90.0,71,Serie A,Brazil,https://media.api-sports.io/football/leagues/71.png,https://media.api-sports.io/flags/br.svg,2004,Regular Season - 1,139,Ponte Preta,,True,131,Corinthians,,False,3.0,2.0,,,,,,,,,,True,
77618732612,,UTC,2004-04-21T16:00:00+00:00,1082563200,1082563200.0,1082566800.0,,Anacleto Campanella,,Match Finished,FT,90.0,71,Serie A,Brazil,https://media.api-sports.io/football/leagues/71.png,https://media.api-sports.io/flags/br.svg,2004,Regular Season - 1,539683,São Caetano,,True,136,Vitoria,,False,1.0,0.0,,,,,,,,,,True,
98422095280,,UTC,2004-04-22T20:30:00+00:00,1082665800,1082665800.0,1082669400.0,,Mangueirão,,Match Finished,FT,90.0,71,Serie A,Brazil,https://media.api-sports.io/football/leagues/71.png,https://media.api-sports.io/flags/br.svg,2004,Regular Season - 1,303369,Paysandu,,,124,Fluminense,,,3.0,3.0,,,,,,,,,,True,
69170413311,,UTC,2004-04-22T20:30:00+00:00,1082665800,1082665800.0,1082669400.0,,Couto Pereira,,Match Finished,FT,90.0,71,Serie A,Brazil,https://media.api-sports.io/football/leagues/71.png,https://media.api-sports.io/flags/br.svg,2004,Regular Season - 1,147,Coritiba,,True,138,Guarani Campinas,,False,1.0,0.0,,,,,,,,,,True,
30289099836,,UTC,2004-04-22T20:30:00+00:00,1082665800,1082665800.0,1082669400.0,,São Januário,,Match Finished,FT,90.0,71,Serie A,Brazil,https://media.api-sports.io/football/leagues/71.png,https://media.api-sports.io/flags/br.svg,2004,Regular Season - 1,133,Vasco DA Gama,,False,140,Criciuma,,True,0.0,1.0,,,,,,,,,,True,
96330926200,,UTC,2004-04-22T20:30:00+00:00,1082665800,1082665800.0,1082669400.0,,Morumbi,,Match Finished,FT,90.0,71,Serie A,Brazil,https://media.api-sports.io/football/leagues/71.png,https://media.api-sports.io/flags/br.svg,2004,Regular Season - 1,126,Sao Paulo,,True,134,Atletico Paranaense,,False,1.0,0.0,,,,,,,,,,True,
20444080078,,UTC,2004-04-24T16:00:00+00:00,1082822400,1082822400.0,1082826000.0,,Serra Dourada,,Match Finished,FT,90.0,71,Serie A,Brazil,https://media.api-sports.io/football/leagues/71.png,https://media.api-sports.io/flags/br.svg,2004,Regular Season - 2,151,Goias,,,135,Cruzeiro,,,2.0,2.0,,,,,,,,,,True,
44340540631,,UTC,2004-04-24T16:00:00+00:00,1082822400,1082822400.0,1082826000.0,,Alfredo Jaconi,,Match Finished,FT,90.0,71,Serie A,Brazil,https://media.api-sports.io/football/leagues/71.png,https://media.api-sports.io/flags/br.svg,2004,Regular Season - 2,152,Juventude,,,130,Gremio,,,1.0,1.0,,,,,,,,,,True,
18467803680,,UTC,2004-04-24T16:00:00+00:00,1082822400,1082822400.0,1082826000.0,,Raulino de Oliveira,,Match Finished,FT,90.0,71,Serie A,Brazil,https://media.api-sports.io/football/leagues/71.png,https://media.api-sports.io/flags/br.svg,2004,Regular Season - 2,127,Flamengo,,,139,Ponte Preta,,,0.0,0.0,,,,,,,,,,True,
34905186067,,UTC,2004-04-25T16:00:00+00:00,1082908800,1082908800.0,1082912400.0,,Maracanã,,Match Finished,FT,90.0,71,Serie A,Brazil,https://media.api-sports.io/football/leagues/71.png,https://media.api-sports.io/flags/br.svg,2004,Regular Season - 2,124,Fluminense,,,147,Coritiba,,,1.0,1.0,,,,,,,,,,True,
35542055425,,UTC,2004-04-25T16:00:00+00:00,1082908800,1082908800.0,1082912400.0,,Brinco de Ouro,,Match Finished,FT,90.0,71,Serie A,Brazil,https://media.api-sports.io/football/leagues/71.png,https://media.api-sports.io/flags/br.svg,2004,Regular Season - 2,138,Guarani Campinas,,,539683,São Caetano,,,1.0,1.0,,,,,,,,,,True,
63493710741,,UTC,2004-04-25T18:00:00+00:00,1082916000,1082916000.0,1082919600.0,,Heriberto Hulse,,Match Finished,FT,90.0,71,Serie A,Brazil,https://media.api-sports.io/football/leagues/71.png,https://media.api-sports.io/flags/br.svg,2004,Regular Season - 2,140,Criciuma,,,126,Sao Paulo,,,1.0,1.0,,,,,,,,,,True,
96901398467,,UTC,2004-04-25T16:00:00+00:00,1082908800,1082908800.0,1082912400.0,,Mineirão,,Match Finished,FT,90.0,71,Serie A,Brazil,https://media.api-sports.io/football/leagues/71.png,https://media.api-sports.io/flags/br.svg,2004,Regular Season - 2,1062,Atletico-MG,,,133,Vasco DA Gama,,,1.0,1.0,,,,,,,,,,True,
87024076548,,UTC,2004-04-25T16:00:00+00:00,1082908800,1082908800.0,1082912400.0,,Pacaembu,,Match Finished,FT,90.0,71,Serie A,Brazil,https://media.api-sports.io/football/leagues/71.png,https://media.api-sports.io/flags/br.svg,2004,Regular Season - 2,131,Corinthians,,True,303369,Paysandu,,False,2.0,1.0,,,,,,,,,,True,
15200082667,,UTC,2004-04-25T16:00:00+00:00,1082908800,1082908800.0,1082912400.0,,Arena da Baixada,,Match Finished,FT,90.0,71,Serie A,Brazil,https://media.api-sports.io/football/leagues/71.png,https://media.api-sports.io/flags/br.svg,2004,Regular Season - 2,134,Atletico Paranaense,,False,454769,Figueirense,,True,0.0,3.0,,,,,,,,,,True,
59741463244,,UTC,2004-04-25T16:00:00+00:00,1082908800,1082908800.0,1082912400.0,,Beira Rio,,Match Finished,FT,90.0,71,Serie A,Brazil,https://media.api-sports.io/football/leagues/71.png,https://media.api-sports.io/flags/br.svg,2004,Regular Season - 2,119,Internacional,,True,121,Palmeiras,,False,1.0,0.0,,,,,,,,,,True,
79653031064,,UTC,2004-04-25T18:00:00+00:00,1082916000,1082916000.0,1082919600.0,,Vila Belmiro,,Match Finished,FT,90.0,71,Serie A,Brazil,https://media.api-sports.io/football/leagues/71.png,https://media.api-sports.io/flags/br.svg,2004,Regular Season - 2,128,Santos,,True,120,Botafogo,,False,2.0,0.0,,,,,,,,,,True,
66406874939,,UTC,2004-04-25T17:00:00+00:00,1082912400,1082912400.0,1082916000.0,,Barradão,,Match Finished,FT,90.0,71,Serie A,Brazil,https://media.api-sports.io/football/leagues/71.png,https://media.api-sports.io/flags/br.svg,2004,Regular Season - 2,136,Vitoria,,True,122,Parana,,False,6.0,1.0,,,,,,,,,,True,
12121284266,,UTC,2004-04-28T20:30:00+00:00,1083184200,1083184200.0,1083187800.0,,Caio Martins,,Match Finished,FT,90.0,71,Serie A,Brazil,https://media.api-sports.io/football/leagues/71.png,https://media.api-sports.io/flags/br.svg,2004,Regular Season - 3,120,Botafogo,,,1062,Atletico-MG,,,2.0,2.0,,,,,,,,,,True,
71840262241,,UTC,2004-04-28T20:30:00+00:00,1083184200,1083184200.0,1083187800.0,,Independência,,Match Finished,FT,90.0,71,Serie A,Brazil,https://media.api-sports.io/football/leagues/71.png,https://media.api-sports.io/flags/br.svg,2004,Regular Season - 3,135,Cruzeiro,,,140,Criciuma,,,2.0,2.0,,,,,,,,,,True,
92258693723,,UTC,2004-04-28T20:30:00+00:00,1083184200,1083184200.0,1083187800.0,,Couto Pereira,,Match Finished,FT,90.0,71,Serie A,Brazil,https://media.api-sports.io/football/leagues/71.png,https://media.api-sports.io/flags/br.svg,2004,Regular Season - 3,147,Coritiba,,,119,Internacional,,,1.0,1.0,,,,,,,,,,True,
78088372313,,UTC,2004-04-28T20:30:00+00:00,1083184200,1083184200.0,1083187800.0,,Mangueirão,,Match Finished,FT,90.0,71,Serie A,Brazil,https://media.api-sports.io/football/leagues/71.png,https://media.api-sports.io/flags/br.svg,2004,Regular Season - 3,303369,Paysandu,,False,134,Atletico Paranaense,,True,0.0,3.0,,,,,,,,,,True,
37015780792,,UTC,2004-04-28T21:45:00+00:00,1083188700,1083188700.0,1083192300.0,,Orlando Scarpelli,,Match Finished,FT,90.0,71,Serie A,Brazil,https://media.api-sports.io/football/leagues/71.png,https://media.api-sports.io/flags/br.svg,2004,Regular Season - 3,454769,Figueirense,,True,128,Santos,,False,2.0,1.0,,,,,,,,,,True,
52768925030,,UTC,2004-04-28T21:45:00+00:00,1083188700,1083188700.0,1083192300.0,,Olímpico Monumental,,Match Finished,FT,90.0,71,Serie A,Brazil,https://media.api-sports.io/football/leagues/71.png,https://media.api-sports.io/flags/br.svg,2004,Regular Season - 3,130,Gremio,,True,131,Corinthians,,False,4.0,0.0,,,,,,,,,,True,
49368529387,,UTC,2004-04-28T20:30:00+00:00,1083184200,1083184200.0,1083187800.0,,Moisés Lucarelli,,Match Finished,FT,90.0,71,Serie A,Brazil,https://media.api-sports.io/football/leagues/71.png,https://media.api-sports.io/flags/br.svg,2004,Regular Season - 3,139,Ponte Preta,,True,151,Goias,,False,2.0,0.0,,,,,,,,,,True,
1295231718,,UTC,2004-04-28T21:45:00+00:00,1083188700,1083188700.0,1083192300.0,,Morumbi,,Match Finished,FT,90.0,71,Serie A,Brazil,https://media.api-sports.io/football/leagues/71.png,https://media.api-sports.io/flags/br.svg,2004,Regular Season - 3,126,Sao Paulo,,True,124,Fluminense,,False,1.0,0.0,,,,,,,,,,True,
42827361785,,UTC,2004-04-29T20:30:00+00:00,1083270600,1083270600.0,1083274200.0,,Parque Antártica,,Match Finished,FT,90.0,71,Serie A,Brazil,https://media.api-sports.io/football/leagues/71.png,https://media.api-sports.io/flags/br.svg,2004,Regular Season - 3,121,Palmeiras,,,136,Vitoria,,,2.0,2.0,,,,,,,,,,True,
2588252269,,UTC,2004-04-29T20:30:00+00:00,1083270600,1083270600.0,1083274200.0,,São Januário,,Match Finished,FT,90.0,71,Serie A,Brazil,https://media.api-sports.io/football/leagues/71.png,https://media.api-sports.io/flags/br.svg,2004,Regular Season - 3,133,Vasco DA Gama,,False,138,Guarani Campinas,,True,0.0,1.0,,,,,,,,,,True,
44369459470,,UTC,2004-04-29T20:30:00+00:00,1083270600,1083270600.0,1083274200.0,,Pinheirão,,Match Finished,FT,90.0,71,Serie A,Brazil,https://media.api-sports.io/football/leagues/71.png,https://media.api-sports.io/flags/br.svg,2004,Regular Season - 3,122,Parana,,True,127,Flamengo,,False,2.0,1.0,,,,,,,,,,True,
2477616260,,UTC,2004-05-01T16:00:00+00:00,1083427200,1083427200.0,1083430800.0,,Heriberto Hulse,,Match Finished,FT,90.0,71,Serie A,Brazil,https://media.api-sports.io/football/leagues/71.png,https://media.api-sports.io/flags/br.svg,2004,Regular Season - 4,140,Criciuma,,True,120,Botafogo,,False,1.0,0.0,,,,,,,,,,True,
72774055954,,UTC,2004-05-01T18:00:00+00:00,1083434400,1083434400.0,1083438000.0,,Serra Dourada,,Match Finished,FT,90.0,71,Serie A,Brazil,https://media.api-sports.io/football/leagues/71.png,https://media.api-sports.io/flags/br.svg,2004,Regular Season - 4,151,Goias,,True,130,Gremio,,False,4.0,0.0,,,,,,,,,,True,
65283112654,,UTC,2004-05-01T16:00:00+00:00,1083427200,1083427200.0,1083430800.0,,Beira Rio,,Match Finished,FT,90.0,71,Serie A,Brazil,https://media.api-sports.io/football/leagues/71.png,https://media.api-sports.io/flags/br.svg,2004,Regular Season - 4,119,Internacional,,True,303369,Paysandu,,False,1.0,0.0,,,,,,,,,,True,
52334927824,,UTC,2004-05-01T18:00:00+00:00,1083434400,1083434400.0,1083438000.0,,Independência,,Match Finished,FT,90.0,71,Serie A,Brazil,https://media.api-sports.io/football/leagues/71.png,https://media.api-sports.io/flags/br.svg,2004,Regular Season - 4,1062,Atletico-MG,,False,139,Ponte Preta,,True,1.0,2.0,,,,,,,,,,True,
65120241076,,UTC,2004-05-02T18:00:00+00:00,1083520800,1083520800.0,1083524400.0,,Arena da Baixada,,Match Finished,FT,90.0,71,Serie A,Brazil,https://media.api-sports.io/football/leagues/71.png,https://media.api-sports.io/flags/br.svg,2004,Regular Season - 4,134,Atletico Paranaense,,,147,Coritiba,,,1.0,1.0,,,,,,,,,,True,
25550345238,,UTC,2004-05-02T16:00:00+00:00,1083513600,1083513600.0,1083517200.0,,Raulino de Oliveira,,Match Finished,FT,90.0,71,Serie A,Brazil,https://media.api-sports.io/football/leagues/71.png,https://media.api-sports.io/flags/br.svg,2004,Regular Season - 4,127,Flamengo,,,539683,São Caetano,,,1.0,1.0,,,,,,,,,,True,
61416267329,,UTC,2004-05-02T16:00:00+00:00,1083513600,1083513600.0,1083517200.0,,Vila Belmiro,,Match Finished,FT,90.0,71,Serie A,Brazil,https://media.api-sports.io/football/leagues/71.png,https://media.api-sports.io/flags/br.svg,2004,Regular Season - 4,128,Santos,,False,135,Cruzeiro,,True,1.0,3.0,,,,,,,,,,True,
71182739444,,UTC,2004-05-02T16:00:00+00:00,1083513600,1083513600.0,1083517200.0,,Maracanã,,Match Finished,FT,90.0,71,Serie A,Brazil,https://media.api-sports.io/football/leagues/71.png,https://media.api-sports.io/flags/br.svg,2004,Regular Season - 4,124,Fluminense,,True,133,Vasco DA Gama,,False,1.0,0.0,,,,,,,,,,True,
44148395475,,UTC,2004-05-02T16:00:00+00:00,1083513600,1083513600.0,1083517200.0,,Alfredo Jaconi,,Match Finished,FT,90.0,71,Serie A,Brazil,https://media.api-sports.io/football/leagues/71.png,https://media.api-sports.io/flags/br.svg,2004,Regular Season - 4,152,Juventude,,True,122,Parana,,False,4.0,0.0,,,,,,,,,,True,
66136465755,,UTC,2004-05-02T16:00:00+00:00,1083513600,1083513600.0,1083517200.0,,Morumbi,,Match Finished,FT,90.0,71,Serie A,Brazil,https://media.api-sports.io/football/leagues/71.png,https://media.api-sports.io/flags/br.svg,2004,Regular Season - 4,131,Corinthians,,False,121,Palmeiras,,True,0.0,4.0,,,,,,,,,,True,
63677015156,,UTC,2004-05-02T18:00:00+00:00,1083520800,1083520800.0,1083524400.0,,Brinco de Ouro,,Match Finished,FT,90.0,71,Serie A,Brazil,https://media.api-sports.io/football/leagues/71.png,https://media.api-sports.io/flags/br.svg,2004,Regular Season - 4,138,Guarani Campinas,,False,126,Sao Paulo,,True,2.0,3.0,,,,,,,,,,True,
77582146271,,UTC,2004-05-02T17:00:00+00:00,1083517200,1083517200.0,1083520800.0,,Barradão,,Match Finished,FT,90.0,71,Serie A,Brazil,https://media.api-sports.io/football/leagues/71.png,https://media.api-sports.io/flags/br.svg,2004,Regular Season - 4,136,Vitoria,,True,454769,Figueirense,,False,3.0,1.0,,,,,,,,,,True,
27060906396,,UTC,2004-05-08T16:00:00+00:00,1084032000,1084032000.0,1084035600.0,,Brinco de Ouro,,Match Finished,FT,90.0,71,Serie A,Brazil,https://media.api-sports.io/football/leagues/71.png,https://media.api-sports.io/flags/br.svg,2004,Regular Season - 5,138,Guarani Campinas,,,134,Atletico Paranaense,,,0.0,0.0,,,,,,,,,,True,
63882894199,,UTC,2004-05-08T18:00:00+00:00,1084039200,1084039200.0,1084042800.0,,São Januário,,Match Finished,FT,90.0,71,Serie A,Brazil,https://media.api-sports.io/football/leagues/71.png,https://media.api-sports.io/flags/br.svg,2004,Regular Season - 5,133,Vasco DA Gama,,,130,Gremio,,,1.0,1.0,,,,,,,,,,True,
60786722680,,UTC,2004-05-08T18:00:00+00:00,1084039200,1084039200.0,1084042800.0,,Parque Antártica,,Match Finished,FT,90.0,71,Serie A,Brazil,https://media.api-sports.io/football/leagues/71.png,https://media.api-sports.io/flags/br.svg,2004,Regular Season - 5,121,Palmeiras,,True,139,Ponte Preta,,False,3.0,0.0,,,,,,,,,,True,
53936477500,,UTC,2004-05-08T16:00:00+00:00,1084032000,1084032000.0,1084035600.0,,Pinheirão,,Match Finished,FT,90.0,71,Serie A,Brazil,https://media.api-sports.io/football/leagues/71.png,https://media.api-sports.io/flags/br.svg,2004,Regular Season - 5,122,Parana,,True,135,Cruzeiro,,False,2.0,0.0,,,,,,,,,,True,
11363389912,,UTC,2004-05-08T16:00:00+00:00,1084032000,1084032000.0,1084035600.0,,Vila Belmiro,,Match Finished,FT,90.0,71,Serie A,Brazil,https://media.api-sports.io/football/leagues/71.png,https://media.api-sports.io/flags/br.svg,2004,Regular Season - 5,128,Santos,,True,152,Juventude,,False,2.0,1.0,,,,,,,,,,True,
70885766544,,UTC,2004-05-08T16:00:00+00:00,1084032000,1084032000.0,1084035600.0,,Anacleto Campanella,,Match Finished,FT,90.0,71,Serie A,Brazil,https://media.api-sports.io/football/leagues/71.png,https://media.api-sports.io/flags/br.svg,2004,Regular Season - 5,539683,São Caetano,,True,140,Criciuma,,False,5.0,0.0,,,,,,,,,,True,
96727174230,,UTC,2004-05-09T16:00:00+00:00,1084118400,1084118400.0,1084122000.0,,Independência,,Match Finished,FT,90.0,71,Serie A,Brazil,https://media.api-sports.io/football/leagues/71.png,https://media.api-sports.io/flags/br.svg,2004,Regular Season - 5,1062,Atletico-MG,,,131,Corinthians,,,2.0,2.0,,,,,,,,,,True,
50677730968,,UTC,2004-05-09T16:00:00+00:00,1084118400,1084118400.0,1084122000.0,,Beira Rio,,Match Finished,FT,90.0,71,Serie A,Brazil,https://media.api-sports.io/football/leagues/71.png,https://media.api-sports.io/flags/br.svg,2004,Regular Season - 5,119,Internacional,,,124,Fluminense,,,0.0,0.0,,,,,,,,,,True,
88441574008,,UTC,2004-05-09T16:00:00+00:00,1084118400,1084118400.0,1084122000.0,,Caio Martins,,Match Finished,FT,90.0,71,Serie A,Brazil,https://media.api-sports.io/football/leagues/71.png,https://media.api-sports.io/flags/br.svg,2004,Regular Season - 5,120,Botafogo,,,303369,Paysandu,,,2.0,2.0,,,,,,,,,,True,
63141621469,,UTC,2004-05-09T17:00:00+00:00,1084122000,1084122000.0,1084125600.0,,Serra Dourada,,Match Finished,FT,90.0,71,Serie A,Brazil,https://media.api-sports.io/football/leagues/71.png,https://media.api-sports.io/flags/br.svg,2004,Regular Season - 5,151,Goias,,True,454769,Figueirense,,False,1.0,0.0,,,,,,,,,,True,
16886578107,,UTC,2004-05-09T18:00:00+00:00,1084125600,1084125600.0,1084129200.0,,Couto Pereira,,Match Finished,FT,90.0,71,Serie A,Brazil,https://media.api-sports.io/football/leagues/71.png,https://media.api-sports.io/flags/br.svg,2004,Regular Season - 5,147,Coritiba,,False,126,Sao Paulo,,True,1.0,2.0,,,,,,,,,,True,
84144777092,,UTC,2004-05-09T18:00:00+00:00,1084125600,1084125600.0,1084129200.0,,Barradão,,Match Finished,FT,90.0,71,Serie A,Brazil,https://media.api-sports.io/football/leagues/71.png,https://media.api-sports.io/flags/br.svg,2004,Regular Season - 5,136,Vitoria,,True,127,Flamengo,,False,5.0,1.0,,,,,,,,,,True,
57705872057,,UTC,2004-05-15T18:00:00+00:00,1084644000,1084644000.0,1084647600.0,,Arena da Baixada,,Match Finished,FT,90.0,71,Serie A,Brazil,https://media.api-sports.io/football/leagues/71.png,https://media.api-sports.io/flags/br.svg,2004,Regular Season - 6,134,Atletico Paranaense,,True,128,Santos,,False,1.0,0.0,,,,,,,,,,True,
54567529073,,UTC,2004-05-15T18:00:00+00:00,1084644000,1084644000.0,1084647600.0,,Mangueirão,,Match Finished,FT,90.0,71,Serie A,Brazil,https://media.api-sports.io/football/leagues/71.png,https://media.api-sports.io/flags/br.svg,2004,Regular Season - 6,303369,Paysandu,,False,133,Vasco DA Gama,,True,1.0,2.0,,,,,,,,,,True,
472012107,,UTC,2004-05-16T16:00:00+00:00,1084723200,1084723200.0,1084726800.0,,Alfredo Jaconi,,Match Finished,FT,90.0,71,Serie A,Brazil,https://media.api-sports.io/football/leagues/71.png,https://media.api-sports.io/flags/br.svg,2004,Regular Season - 6,152,Juventude,,,1062,Atletico-MG,,,1.0,1.0,,,,,,,,,,True,
34476913698,,UTC,2004-05-16T18:00:00+00:00,1084730400,1084730400.0,1084734000.0,,Olímpico Monumental,,Match Finished,FT,90.0,71,Serie A,Brazil,https://media.api-sports.io/football/leagues/71.png,https://media.api-sports.io/flags/br.svg,2004,Regular Season - 6,130,Gremio,,,120,Botafogo,,,2.0,2.0,,,,,,,,,,True,
81654767487,,UTC,2004-05-16T16:00:00+00:00,1084723200,1084723200.0,1084726800.0,,Moisés Lucarelli,,Match Finished,FT,90.0,71,Serie A,Brazil,https://media.api-sports.io/football/leagues/71.png,https://media.api-sports.io/flags/br.svg,2004,Regular Season - 6,139,Ponte Preta,,,147,Coritiba,,,0.0,0.0,,,,,,,,,,True,
59695347226,,UTC,2004-05-16T18:00:00+00:00,1084730400,1084730400.0,1084734000.0,,Morumbi,,Match Finished,FT,90.0,71,Serie A,Brazil,https://media.api-sports.io/football/leagues/71.png,https://media.api-sports.io/flags/br.svg,2004,Regular Season - 6,126,Sao Paulo,,,122,Parana,,,2.0,2.0,,,,,,,,,,True,
9415936711,,UTC,2004-05-16T19:00:00+00:00,1084734000,1084734000.0,1084737600.0,,Pacaembu,,Match Finished,FT,90.0,71,Serie A,Brazil,https://media.api-sports.io/football/leagues/71.png,https://media.api-sports.io/flags/br.svg,2004,Regular Season - 6,131,Corinthians,,True,138,Guarani Campinas,,False,1.0,0.0,,,,,,,,,,True,
239681366,,UTC,2004-05-16T16:00:00+00:00,1084723200,1084723200.0,1084726800.0,,Heriberto Hulse,,Match Finished,FT,90.0,71,Serie A,Brazil,https://media.api-sports.io/football/leagues/71.png,https://media.api-sports.io/flags/br.svg,2004,Regular Season - 6,140,Criciuma,,True,151,Goias,,False,7.0,2.0,,,,,,,,,,True,
32446024148,,UTC,2004-05-16T16:00:00+00:00,1084723200,1084723200.0,1084726800.0,,Independência,,Match Finished,FT,90.0,71,Serie A,Brazil,https://media.api-sports.io/football/leagues/71.png,https://media.api-sports.io/flags/br.svg,2004,Regular Season - 6,135,Cruzeiro,,True,121,Palmeiras,,False,2.0,1.0,,,,,,,,,,True,
24696431578,,UTC,2004-05-16T16:00:00+00:00,1084723200,1084723200.0,1084726800.0,,Orlando Scarpelli,,Match Finished,FT,90.0,71,Serie A,Brazil,https://media.api-sports.io/football/leagues/71.png,https://media.api-sports.io/flags/br.svg,2004,Regular Season - 6,454769,Figueirense,,True,539683,São Caetano,,False,1.0,0.0,,,,,,,,,,True,
38008375175,,UTC,2004-05-16T18:30:00+00:00,1084732200,1084732200.0,1084735800.0,,Maracanã,,Match Finished,FT,90.0,71,Serie A,Brazil,https://media.api-sports.io/football/leagues/71.png,https://media.api-sports.io/flags/br.svg,2004,Regular Season - 6,124,Fluminense,,True,136,Vitoria,,False,1.0,0.0,,,,,,,,,,True,
86910039044,,UTC,2004-05-16T16:00:00+00:00,1084723200,1084723200.0,1084726800.0,,Raulino de Oliveira,,Match Finished,FT,90.0,71,Serie A,Brazil,https://media.api-sports.io/football/leagues/71.png,https://media.api-sports.io/flags/br.svg,2004,Regular Season - 6,127,Flamengo,,False,119,Internacional,,True,1.0,2.0,,,,,,,,,,True,
73631117702,,UTC,2004-05-22T16:00:00+00:00,1085241600,1085241600.0,1085245200.0,,Caio Martins,,Match Finished,FT,90.0,71,Serie A,Brazil,https://media.api-sports.io/football/leagues/71.png,https://media.api-sports.io/flags/br.svg,2004,Regular Season - 7,120,Botafogo,,,454769,Figueirense,,,1.0,1.0,,,,,,,,,,True,
68365867105,,UTC,2004-05-22T18:00:00+00:00,1085248800,1085248800.0,1085252400.0,,Couto Pereira,,Match Finished,FT,90.0,71,Serie A,Brazil,https://media.api-sports.io/football/leagues/71.png,https://media.api-sports.io/flags/br.svg,2004,Regular Season - 7,147,Coritiba,,False,1062,Atletico-MG,,True,0.0,1.0,,,,,,,,,,True,
4615194089,,UTC,2004-05-22T16:00:00+00:00,1085241600,1085241600.0,1085245200.0,,Mangueirão,,Match Finished,FT,90.0,71,Serie A,Brazil,https://media.api-sports.io/football/leagues/71.png,https://media.api-sports.io/flags/br.svg,2004,Regular Season - 7,303369,Paysandu,,False,130,Gremio,,True,1.0,3.0,,,,,,,,,,True,
54883122299,,UTC,2004-05-22T18:00:00+00:00,1085248800,1085248800.0,1085252400.0,,Beira Rio,,Match Finished,FT,90.0,71,Serie A,Brazil,https://media.api-sports.io/football/leagues/71.png,https://media.api-sports.io/flags/br.svg,2004,Regular Season - 7,119,Internacional,,True,151,Goias,,False,1.0,0.0,,,,,,,,,,True,
66899662575,,UTC,2004-05-23T18:00:00+00:00,1085335200,1085335200.0,1085338800.0,,Pacaembu,,Match Finished,FT,90.0,71,Serie A,Brazil,https://media.api-sports.io/football/leagues/71.png,https://media.api-sports.io/flags/br.svg,2004,Regular Season - 7,131,Corinthians,,False,134,Atletico Paranaense,,True,0.0,5.0,,,,,,,,,,True,
74792889601,,UTC,2004-05-23T16:00:00+00:00,1085328000,1085328000.0,1085331600.0,,Heriberto Hulse,,Match Finished,FT,90.0,71,Serie A,Brazil,https://media.api-sports.io/football/leagues/71.png,https://media.api-sports.io/flags/br.svg,2004,Regular Season - 7,140,Criciuma,,True,136,Vitoria,,False,2.0,0.0,,,,,,,,,,True,
87096916913,,UTC,2004-05-23T18:00:00+00:00,1085335200,1085335200.0,1085338800.0,,Mineirão,,Match Finished,FT,90.0,71,Serie A,Brazil,https://media.api-sports.io/football/leagues/71.png,https://media.api-sports.io/flags/br.svg,2004,Regular Season - 7,135,Cruzeiro,,True,126,Sao Paulo,,False,2.0,1.0,,,,,,,,,,True,
29322952434,,UTC,2004-05-23T16:00:00+00:00,1085328000,1085328000.0,1085331600.0,,Maracanã,,Match Finished,FT,90.0,71,Serie A,Brazil,https://media.api-sports.io/football/leagues/71.png,https://media.api-sports.io/flags/br.svg,2004,Regular Season - 7,127,Flamengo,,False,124,Fluminense,,True,1.0,2.0,,,,,,,,,,True,
92997068534,,UTC,2004-05-23T16:00:00+00:00,1085328000,1085328000.0,1085331600.0,,Alfredo Jaconi,,Match Finished,FT,90.0,71,Serie A,Brazil,https://media.api-sports.io/football/leagues/71.png,https://media.api-sports.io/flags/br.svg,2004,Regular Season - 7,152,Juventude,,True,138,Guarani Campinas,,False,2.0,0.0,,,,,,,,,,True,
57666839302,,UTC,2004-05-23T16:00:00+00:00,1085328000,1085328000.0,1085331600.0,,Vila Belmiro,,Match Finished,FT,90.0,71,Serie A,Brazil,https://media.api-sports.io/football/leagues/71.png,https://media.api-sports.io/flags/br.svg,2004,Regular Season - 7,128,Santos,,False,121,Palmeiras,,True,0.0,4.0,,,,,,,,,,True,
66921304304,,UTC,2004-05-23T16:00:00+00:00,1085328000,1085328000.0,1085331600.0,,Pinheirão,,Match Finished,FT,90.0,71,Serie A,Brazil,https://media.api-sports.io/football/leagues/71.png,https://media.api-sports.io/flags/br.svg,2004,Regular Season - 7,122,Parana,,False,139,Ponte Preta,,True,0.0,1.0,,,,,,,,,,True,
78964678694,,UTC,2004-05-23T16:00:00+00:00,1085328000,1085328000.0,1085331600.0,,Anacleto Campanella,,Match Finished,FT,90.0,71,Serie A,Brazil,https://media.api-sports.io/football/leagues/71.png,https://media.api-sports.io/flags/br.svg,2004,Regular Season - 7,539683,São Caetano,,True,133,Vasco DA Gama,,False,3.0,2.0,,,,,,,,,,True,
28420039867,,UTC,2004-05-29T16:00:00+00:00,1085846400,1085846400.0,1085850000.0,,Maracanã,,Match Finished,FT,90.0,71,Serie A,Brazil,https://media.api-sports.io/football/leagues/71.png,https://media.api-sports.io/flags/br.svg,2004,Regular Season - 8,124,Fluminense,,,140,Criciuma,,,1.0,1.0,,,,,,,,,,True,
72515633038,,UTC,2004-05-29T16:00:00+00:00,1085846400,1085846400.0,1085850000.0,,Orlando Scarpelli,,Match Finished,FT,90.0,71,Serie A,Brazil,https://media.api-sports.io/football/leagues/71.png,https://media.api-sports.io/flags/br.svg,2004,Regular Season - 8,454769,Figueirense,,,303369,Paysandu,,,1.0,1.0,,,,,,,,,,True,
13466936640,,UTC,2004-05-29T16:00:00+00:00,1085846400,1085846400.0,1085850000.0,,Moisés Lucarelli,,Match Finished,FT,90.0,71,Serie A,Brazil,https://media.api-sports.io/football/leagues/71.png,https://media.api-sports.io/flags/br.svg,2004,Regular Season - 8,139,Ponte Preta,,False,152,Juventude,,True,0.0,1.0,,,,,,,,,,True,
3886007602,,UTC,2004-05-29T18:00:00+00:00,1085853600,1085853600.0,1085857200.0,,Parque Antártica,,Match Finished,FT,90.0,71,Serie A,Brazil,https://media.api-sports.io/football/leagues/71.png,https://media.api-sports.io/flags/br.svg,2004,Regular Season - 8,121,Palmeiras,,True,147,Coritiba,,False,2.0,0.0,,,,,,,,,,True,
25060917882,,UTC,2004-05-29T18:00:00+00:00,1085853600,1085853600.0,1085857200.0,,Barradão,,Match Finished,FT,90.0,71,Serie A,Brazil,https://media.api-sports.io/football/leagues/71.png,https://media.api-sports.io/flags/br.svg,2004,Regular Season - 8,136,Vitoria,,True,119,Internacional,,False,2.0,1.0,,,,,,,,,,True,
87646440878,,UTC,2004-05-30T16:00:00+00:00,1085932800,1085932800.0,1085936400.0,,Morumbi,,Match Finished,FT,90.0,71,Serie A,Brazil,https://media.api-sports.io/football/leagues/71.png,https://media.api-sports.io/flags/br.svg,2004,Regular Season - 8,126,Sao Paulo,,,131,Corinthians,,,1.0,1.0,,,,,,,,,,True,
9643856071,,UTC,2004-05-30T16:00:00+00:00,1085932800,1085932800.0,1085936400.0,,Serra Dourada,,Match Finished,FT,90.0,71,Serie A,Brazil,https://media.api-sports.io/football/leagues/71.png,https://media.api-sports.io/flags/br.svg,2004,Regular Season - 8,151,Goias,,,127,Flamengo,,,2.0,2.0,,,,,,,,,,True,
33300728133,,UTC,2004-05-30T16:00:00+00:00,1085932800,1085932800.0,1085936400.0,,Mineirão,,Match Finished,FT,90.0,71,Serie A,Brazil,https://media.api-sports.io/football/leagues/71.png,https://media.api-sports.io/flags/br.svg,2004,Regular Season - 8,1062,Atletico-MG,,,128,Santos,,,3.0,3.0,,,,,,,,,,True,
98663319092,,UTC,2004-05-30T18:00:00+00:00,1085940000,1085940000.0,1085943600.0,,Arena da Baixada,,Match Finished,FT,90.0,71,Serie A,Brazil,https://media.api-sports.io/football/leagues/71.png,https://media.api-sports.io/flags/br.svg,2004,Regular Season - 8,134,Atletico Paranaense,,True,135,Cruzeiro,,False,3.0,1.0,,,,,,,,,,True,
37155836826,,UTC,2004-05-30T16:00:00+00:00,1085932800,1085932800.0,1085936400.0,,Brinco de Ouro,,Match Finished,FT,90.0,71,Serie A,Brazil,https://media.api-sports.io/football/leagues/71.png,https://media.api-sports.io/flags/br.svg,2004,Regular Season - 8,138,Guarani Campinas,,True,122,Parana,,False,1.0,0.0,,,,,,,,,,True,
92711316302,,UTC,2004-05-30T18:00:00+00:00,1085940000,1085940000.0,1085943600.0,,Olímpico Monumental,,Match Finished,FT,90.0,71,Serie A,Brazil,https://media.api-sports.io/football/leagues/71.png,https://media.api-sports.io/flags/br.svg,2004,Regular Season - 8,130,Gremio,,False,539683,São Caetano,,True,1.0,2.0,,,,,,,,,,True,
23587291419,,UTC,2004-05-30T16:00:00+00:00,1085932800,1085932800.0,1085936400.0,,Maracanã,,Match Finished,FT,90.0,71,Serie A,Brazil,https://media.api-sports.io/football/leagues/71.png,https://media.api-sports.io/flags/br.svg,2004,Regular Season - 8,133,Vasco DA Gama,,True,120,Botafogo,,False,4.0,0.0,,,,,,,,,,True,
43767879090,,UTC,2004-06-12T16:00:00+00:00,1087056000,1087056000.0,1087059600.0,,Pinheirão,,Match Finished,FT,90.0,71,Serie A,Brazil,https://media.api-sports.io/football/leagues/71.png,https://media.api-sports.io/flags/br.svg,2004,Regular Season - 9,122,Parana,,,120,Botafogo,,,1.0,1.0,,,,,,,,,,True,
70099414011,,UTC,2004-06-12T16:00:00+00:00,1087056000,1087056000.0,1087059600.0,,Raulino de Oliveira,,Match Finished,FT,90.0,71,Serie A,Brazil,https://media.api-sports.io/football/leagues/71.png,https://media.api-sports.io/flags/br.svg,2004,Regular Season - 9,124,Fluminense,,,138,Guarani Campinas,,,1.0,1.0,,,,,,,,,,True,
60051517381,,UTC,2004-06-12T18:00:00+00:00,1087063200,1087063200.0,1087066800.0,,Beira Rio,,Match Finished,FT,90.0,71,Serie A,Brazil,https://media.api-sports.io/football/leagues/71.png,https://media.api-sports.io/flags/br.svg,2004,Regular Season - 9,119,Internacional,,True,1062,Atletico-MG,,False,4.0,1.0,,,,,,,,,,True,
64050657282,,UTC,2004-06-12T18:00:00+00:00,1087063200,1087063200.0,1087066800.0,,Morumbi,,Match Finished,FT,90.0,71,Serie A,Brazil,https://media.api-sports.io/football/leagues/71.png,https://media.api-sports.io/flags/br.svg,2004,Regular Season - 9,126,Sao Paulo,,True,130,Gremio,,False,3.0,2.0,,,,,,,,,,True,
57768359050,,UTC,2004-06-13T16:00:00+00:00,1087142400,1087142400.0,1087146000.0,,Serra Dourada,,Match Finished,FT,90.0,71,Serie A,Brazil,https://media.api-sports.io/football/leagues/71.png,https://media.api-sports.io/flags/br.svg,2004,Regular Season - 9,151,Goias,,,131,Corinthians,,,1.0,1.0,,,,,,,,,,True,
78758479103,,UTC,2004-06-13T16:00:00+00:00,1087142400,1087142400.0,1087146000.0,,Parque Antártica,,Match Finished,FT,90.0,71,Serie A,Brazil,https://media.api-sports.io/football/leagues/71.png,https://media.api-sports.io/flags/br.svg,2004,Regular Season - 9,121,Palmeiras,,,133,Vasco DA Gama,,,2.0,2.0,,,,,,,,,,True,
68662163610,,UTC,2004-06-13T16:00:00+00:00,1087142400,1087142400.0,1087146000.0,,Couto Pereira,,Match Finished,FT,90.0,71,Serie A,Brazil,https://media.api-sports.io/football/leagues/71.png,https://media.api-sports.io/flags/br.svg,2004,Regular Season - 9,147,Coritiba,,True,539683,São Caetano,,False,1.0,0.0,,,,,,,,,,True,
43325707581,,UTC,2004-06-13T16:00:00+00:00,1087142400,1087142400.0,1087146000.0,,Heriberto Hulse,,Match Finished,FT,90.0,71,Serie A,Brazil,https://media.api-sports.io/football/leagues/71.png,https://media.api-sports.io/flags/br.svg,2004,Regular Season - 9,140,Criciuma,,True,152,Juventude,,False,2.0,0.0,,,,,,,,,,True,
74764748483,,UTC,2004-06-13T16:00:00+00:00,1087142400,1087142400.0,1087146000.0,,Mineirão,,Match Finished,FT,90.0,71,Serie A,Brazil,https://media.api-sports.io/football/leagues/71.png,https://media.api-sports.io/flags/br.svg,2004,Regular Season - 9,135,Cruzeiro,,True,303369,Paysandu,,False,1.0,0.0,,,,,,,,,,True,
35914106922,,UTC,2004-06-13T16:00:00+00:00,1087142400,1087142400.0,1087146000.0,,Moisés Lucarelli,,Match Finished,FT,90.0,71,Serie A,Brazil,https://media.api-sports.io/football/leagues/71.png,https://media.api-sports.io/flags/br.svg,2004,Regular Season - 9,139,Ponte Preta,,False,454769,Figueirense,,True,0.0,2.0,,,,,,,,,,True,
39259538255,,UTC,2004-06-13T18:00:00+00:00,1087149600,1087149600.0,1087153200.0,,Raulino de Oliveira,,Match Finished,FT,90.0,71,Serie A,Brazil,https://media.api-sports.io/football/leagues/71.png,https://media.api-sports.io/flags/br.svg,2004,Regular Season - 9,127,Flamengo,,True,134,Atletico Paranaense,,False,3.0,0.0,,,,,,,,,,True,
2865722364,,UTC,2004-06-13T18:00:00+00:00,1087149600,1087149600.0,1087153200.0,,Barradão,,Match Finished,FT,90.0,71,Serie A,Brazil,https://media.api-sports.io/football/leagues/71.png,https://media.api-sports.io/flags/br.svg,2004,Regular Season - 9,136,Vitoria,,False,128,Santos,,True,1.0,2.0,,,,,,,,,,True,
81091423702,,UTC,2004-06-19T16:00:00+00:00,1087660800,1087660800.0,1087664400.0,,Olímpico Monumental,,Match Finished,FT,90.0,71,Serie A,Brazil,https://media.api-sports.io/football/leagues/71.png,https://media.api-sports.io/flags/br.svg,2004,Regular Season - 10,130,Gremio,,,147,Coritiba,,,1.0,1.0,,,,,,,,,,True,
96136492243,,UTC,2004-06-19T18:00:00+00:00,1087668000,1087668000.0,1087671600.0,,Orlando Scarpelli,,Match Finished,FT,90.0,71,Serie A,Brazil,https://media.api-sports.io/football/leagues/71.png,https://media.api-sports.io/flags/br.svg,2004,Regular Season - 10,454769,Figueirense,,,135,Cruzeiro,,,0.0,0.0,,,,,,,,,,True,
61137789567,,UTC,2004-06-19T18:00:00+00:00,1087668000,1087668000.0,1087671600.0,,São Januário,,Match Finished,FT,90.0,71,Serie A,Brazil,https://media.api-sports.io/football/leagues/71.png,https://media.api-sports.io/flags/br.svg,2004,Regular Season - 10,133,Vasco DA Gama,,,122,Parana,,,0.0,0.0,,,,,,,,,,True,
5619538702,,UTC,2004-06-19T16:00:00+00:00,1087660800,1087660800.0,1087664400.0,,Arena da Baixada,,Match Finished,FT,90.0,71,Serie A,Brazil,https://media.api-sports.io/football/leagues/71.png,https://media.api-sports.io/flags/br.svg,2004,Regular Season - 10,134,Atletico Paranaense,,False,136,Vitoria,,True,1.0,3.0,,,,,,,,,,True,
8714818706,,UTC,2004-06-20T16:00:00+00:00,1087747200,1087747200.0,1087750800.0,,Mj José Levi Sobrinho,,Match Finished,FT,90.0,71,Serie A,Brazil,https://media.api-sports.io/football/leagues/71.png,https://media.api-sports.io/flags/br.svg,2004,Regular Season - 10,131,Corinthians,,,127,Flamengo,,,1.0,1.0,,,,,,,,,,True,
19320166717,,UTC,2004-06-20T16:00:00+00:00,1087747200,1087747200.0,1087750800.0,,Alfredo Jaconi,,Match Finished,FT,90.0,71,Serie A,Brazil,https://media.api-sports.io/football/leagues/71.png,https://media.api-sports.io/flags/br.svg,2004,Regular Season - 10,152,Juventude,,,151,Goias,,,1.0,1.0,,,,,,,,,,True,
82308872084,,UTC,2004-06-20T16:00:00+00:00,1087747200,1087747200.0,1087750800.0,,Anacleto Campanella,,Match Finished,FT,90.0,71,Serie A,Brazil,https://media.api-sports.io/football/leagues/71.png,https://media.api-sports.io/flags/br.svg,2004,Regular Season - 10,539683,São Caetano,,,121,Palmeiras,,,1.0,1.0,,,,,,,,,,True,
77786211522,,UTC,2004-06-20T18:00:00+00:00,1087754400,1087754400.0,1087758000.0,,Mineirão,,Match Finished,FT,90.0,71,Serie A,Brazil,https://media.api-sports.io/football/leagues/71.png,https://media.api-sports.io/flags/br.svg,2004,Regular Season - 10,1062,Atletico-MG,,True,124,Fluminense,,False,2.0,1.0,,,,,,,,,,True,
80136460930,,UTC,2004-06-20T16:00:00+00:00,1087747200,1087747200.0,1087750800.0,,Brinco de Ouro,,Match Finished,FT,90.0,71,Serie A,Brazil,https://media.api-sports.io/football/leagues/71.png,https://media.api-sports.io/flags/br.svg,2004,Regular Season - 10,138,Guarani Campinas,,True,140,Criciuma,,False,2.0,1.0,,,,,,,,,,True,
56043379882,,UTC,2004-06-20T16:00:00+00:00,1087747200,1087747200.0,1087750800.0,,Mangueirão,,Match Finished,FT,90.0,71,Serie A,Brazil,https://media.api-sports.io/football/leagues/71.png,https://media.api-sports.io/flags/br.svg,2004,Regular Season - 10,303369,Paysandu,,True,126,Sao Paulo,,False,1.0,0.0,,,,,,,,,,True,
60951668212,,UTC,2004-06-20T16:00:00+00:00,1087747200,1087747200.0,1087750800.0,,Caio Martins,,Match Finished,FT,90.0,71,Serie A,Brazil,https://media.api-sports.io/football/leagues/71.png,https://media.api-sports.io/flags/br.svg,2004,Regular Season - 10,120,Botafogo,,False,139,Ponte Preta,,True,0.0,1.0,,,,,,,,,,True,
39446103746,,UTC,2004-06-20T18:00:00+00:00,1087754400,1087754400.0,1087758000.0,,Vila Belmiro,,Match Finished,FT,90.0,71,Serie A,Brazil,https://media.api-sports.io/football/leagues/71.png,https://media.api-sports.io/flags/br.svg,2004,Regular Season - 10,128,Santos,,True,119,Internacional,,False,3.0,0.0,,,,,,,,,,True,
9003664529,,UTC,2004-06-24T20:30:00+00:00,1088109000,1088109000.0,1088112600.0,,Anacleto Campanella,,Match Finished,FT,90.0,71,Serie A,Brazil,https://media.api-sports.io/football/leagues/71.png,https://media.api-sports.io/flags/br.svg,2004,Regular Season - 3,539683,São Caetano,,True,152,Juventude,,False,1.0,0.0,,,,,,,,,,True,
93802476227,,UTC,2004-06-26T16:00:00+00:00,1088265600,1088265600.0,1088269200.0,,Couto Pereira,,Match Finished,FT,90.0,71,Serie A,Brazil,https://media.api-sports.io/football/leagues/71.png,https://media.api-sports.io/flags/br.svg,2004,Regular Season - 11,147,Coritiba,,,122,Parana,,,1.0,1.0,,,,,,,,,,True,
48827594082,,UTC,2004-06-26T18:00:00+00:00,1088272800,1088272800.0,1088276400.0,,Raulino de Oliveira,,Match Finished,FT,90.0,71,Serie A,Brazil,https://media.api-sports.io/football/leagues/71.png,https://media.api-sports.io/flags/br.svg,2004,Regular Season - 11,127,Flamengo,,False,454769,Figueirense,,True,0.0,3.0,,,,,,,,,,True,
25902525473,,UTC,2004-06-26T16:00:00+00:00,1088265600,1088265600.0,1088269200.0,,Heriberto Hulse,,Match Finished,FT,90.0,71,Serie A,Brazil,https://media.api-sports.io/football/leagues/71.png,https://media.api-sports.io/flags/br.svg,2004,Regular Season - 11,140,Criciuma,,False,130,Gremio,,True,1.0,2.0,,,,,,,,,,True,
44321543946,,UTC,2004-06-26T18:00:00+00:00,1088272800,1088272800.0,1088276400.0,,Pacaembu,,Match Finished,FT,90.0,71,Serie A,Brazil,https://media.api-sports.io/football/leagues/71.png,https://media.api-sports.io/flags/br.svg,2004,Regular Season - 11,128,Santos,,True,138,Guarani Campinas,,False,2.0,1.0,,,,,,,,,,True,
769901849,,UTC,2004-06-27T16:00:00+00:00,1088352000,1088352000.0,1088355600.0,,Maracanã,,Match Finished,FT,90.0,71,Serie A,Brazil,https://media.api-sports.io/football/leagues/71.png,https://media.api-sports.io/flags/br.svg,2004,Regular Season - 11,120,Botafogo,,,124,Fluminense,,,3.0,3.0,,,,,,,,,,True,
75073952214,,UTC,2004-06-27T18:00:00+00:00,1088359200,1088359200.0,1088362800.0,,Mineirão,,Match Finished,FT,90.0,71,Serie A,Brazil,https://media.api-sports.io/football/leagues/71.png,https://media.api-sports.io/flags/br.svg,2004,Regular Season - 11,1062,Atletico-MG,,False,134,Atletico Paranaense,,True,0.0,1.0,,,,,,,,,,True,
15728166817,,UTC,2004-06-27T17:00:00+00:00,1088355600,1088355600.0,1088359200.0,,Serra Dourada,,Match Finished,FT,90.0,71,Serie A,Brazil,https://media.api-sports.io/football/leagues/71.png,https://media.api-sports.io/flags/br.svg,2004,Regular Season - 11,151,Goias,,True,539683,São Caetano,,False,3.0,2.0,,,,,,,,,,True,
82976420693,,UTC,2004-06-27T16:00:00+00:00,1088352000,1088352000.0,1088355600.0,,Alfredo Jaconi,,Match Finished,FT,90.0,71,Serie A,Brazil,https://media.api-sports.io/football/leagues/71.png,https://media.api-sports.io/flags/br.svg,2004,Regular Season - 11,152,Juventude,,True,131,Corinthians,,False,1.0,0.0,,,,,,,,,,True,
19446989837,,UTC,2004-06-27T16:00:00+00:00,1088352000,1088352000.0,1088355600.0,,Pacaembu,,Match Finished,FT,90.0,71,Serie A,Brazil,https://media.api-sports.io/football/leagues/71.png,https://media.api-sports.io/flags/br.svg,2004,Regular Season - 11,121,Palmeiras,,True,126,Sao Paulo,,False,2.0,1.0,,,,,,,,,,True,
99665207842,,UTC,2004-06-27T16:00:00+00:00,1088352000,1088352000.0,1088355600.0,,Mangueirão,,Match Finished,FT,90.0,71,Serie A,Brazil,https://media.api-sports.io/football/leagues/71.png,https://media.api-sports.io/flags/br.svg,2004,Regular Season - 11,303369,Paysandu,,True,136,Vitoria,,False,4.0,2.0,,,,,,,,,,True,
23795787202,,UTC,2004-06-27T18:00:00+00:00,1088359200,1088359200.0,1088362800.0,,Moisés Lucarelli,,Match Finished,FT,90.0,71,Serie A,Brazil,https://media.api-sports.io/football/leagues/71.png,https://media.api-sports.io/flags/br.svg,2004,Regular Season - 11,139,Ponte Preta,,True,135,Cruzeiro,,False,1.0,0.0,,,,,,,,,,True,
65222143543,,UTC,2004-06-27T16:00:00+00:00,1088352000,1088352000.0,1088355600.0,,Beira Rio,,Match Finished,FT,90.0,71,Serie A,Brazil,https://media.api-sports.io/football/leagues/71.png,https://media.api-sports.io/flags/br.svg,2004,Regular Season - 11,119,Internacional,,False,133,Vasco DA Gama,,True,1.0,3.0,,,,,,,,,,True,
56430448675,,UTC,2004-07-03T18:00:00+00:00,1088877600,1088877600.0,1088881200.0,,Brinco de Ouro,,Match Finished,FT,90.0,71,Serie A,Brazil,https://media.api-sports.io/football/leagues/71.png,https://media.api-sports.io/flags/br.svg,2004,Regular Season - 12,138,Guarani Campinas,,,1062,Atletico-MG,,,1.0,1.0,,,,,,,,,,True,
9836228661,,UTC,2004-07-03T17:00:00+00:00,1088874000,1088874000.0,1088877600.0,,Barradão,,Match Finished,FT,90.0,71,Serie A,Brazil,https://media.api-sports.io/football/leagues/71.png,https://media.api-sports.io/flags/br.svg,2004,Regular Season - 12,136,Vitoria,,,151,Goias,,,0.0,0.0,,,,,,,,,,True,
87982667324,,UTC,2004-07-03T16:00:00+00:00,1088870400,1088870400.0,1088874000.0,,Orlando Scarpelli,,Match Finished,FT,90.0,71,Serie A,Brazil,https://media.api-sports.io/football/leagues/71.png,https://media.api-sports.io/flags/br.svg,2004,Regular Season - 12,454769,Figueirense,,,133,Vasco DA Gama,,,2.0,2.0,,,,,,,,,,True,
10847179207,,UTC,2004-07-03T16:00:00+00:00,1088870400,1088870400.0,1088874000.0,,Arena da Baixada,,Match Finished,FT,90.0,71,Serie A,Brazil,https://media.api-sports.io/football/leagues/71.png,https://media.api-sports.io/flags/br.svg,2004,Regular Season - 12,134,Atletico Paranaense,,True,152,Juventude,,False,4.0,1.0,,,,,,,,,,True,
86484062630,,UTC,2004-07-03T18:00:00+00:00,1088877600,1088877600.0,1088881200.0,,Maracanã,,Match Finished,FT,90.0,71,Serie A,Brazil,https://media.api-sports.io/football/leagues/71.png,https://media.api-sports.io/flags/br.svg,2004,Regular Season - 12,124,Fluminense,,True,130,Gremio,,False,2.0,0.0,,,,,,,,,,True,
39890490962,,UTC,2004-07-03T16:00:00+00:00,1088870400,1088870400.0,1088874000.0,,Beira Rio,,Match Finished,FT,90.0,71,Serie A,Brazil,https://media.api-sports.io/football/leagues/71.png,https://media.api-sports.io/flags/br.svg,2004,Regular Season - 12,119,Internacional,,True,140,Criciuma,,False,3.0,0.0,,,,,,,,,,True,
76773627639,,UTC,2004-07-03T16:00:00+00:00,1088870400,1088870400.0,1088874000.0,,Morumbi,,Match Finished,FT,90.0,71,Serie A,Brazil,https://media.api-sports.io/football/leagues/71.png,https://media.api-sports.io/flags/br.svg,2004,Regular Season - 12,126,Sao Paulo,,True,139,Ponte Preta,,False,2.0,0.0,,,,,,,,,,True,
49931810363,,UTC,2004-07-04T16:00:00+00:00,1088956800,1088956800.0,1088960400.0,,Anacleto Campanella,,Match Finished,FT,90.0,71,Serie A,Brazil,https://media.api-sports.io/football/leagues/71.png,https://media.api-sports.io/flags/br.svg,2004,Regular Season - 12,539683,São Caetano,,False,120,Botafogo,,True,1.0,2.0,,,,,,,,,,True,
39204754567,,UTC,2004-07-04T18:00:00+00:00,1088964000,1088964000.0,1088967600.0,,Mineirão,,Match Finished,FT,90.0,71,Serie A,Brazil,https://media.api-sports.io/football/leagues/71.png,https://media.api-sports.io/flags/br.svg,2004,Regular Season - 12,135,Cruzeiro,,False,147,Coritiba,,True,0.0,3.0,,,,,,,,,,True,
5070105812,,UTC,2004-07-04T18:00:00+00:00,1088964000,1088964000.0,1088967600.0,,Raulino de Oliveira,,Match Finished,FT,90.0,71,Serie A,Brazil,https://media.api-sports.io/football/leagues/71.png,https://media.api-sports.io/flags/br.svg,2004,Regular Season - 12,127,Flamengo,,True,303369,Paysandu,,False,4.0,1.0,,,,,,,,,,True,
71647447650,,UTC,2004-07-04T16:00:00+00:00,1088956800,1088956800.0,1088960400.0,,Pinheirão,,Match Finished,FT,90.0,71,Serie A,Brazil,https://media.api-sports.io/football/leagues/71.png,https://media.api-sports.io/flags/br.svg,2004,Regular Season - 12,122,Parana,,False,121,Palmeiras,,True,1.0,2.0,,,,,,,,,,True,
51421126415,,UTC,2004-07-04T16:00:00+00:00,1088956800,1088956800.0,1088960400.0,,Pacaembu,,Match Finished,FT,90.0,71,Serie A,Brazil,https://media.api-sports.io/football/leagues/71.png,https://media.api-sports.io/flags/br.svg,2004,Regular Season - 12,131,Corinthians,,False,128,Santos,,True,2.0,3.0,,,,,,,,,,True,
64794934534,,UTC,2004-07-06T20:30:00+00:00,1089145800,1089145800.0,1089149400.0,,Olímpico Monumental,,Match Finished,FT,90.0,71,Serie A,Brazil,https://media.api-sports.io/football/leagues/71.png,https://media.api-sports.io/flags/br.svg,2004,Regular Season - 13,130,Gremio,,,454769,Figueirense,,,2.0,2.0,,,,,,,,,,True,
53543474453,,UTC,2004-07-06T20:30:00+00:00,1089145800,1089145800.0,1089149400.0,,Serra Dourada,,Match Finished,FT,90.0,71,Serie A,Brazil,https://media.api-sports.io/football/leagues/71.png,https://media.api-sports.io/flags/br.svg,2004,Regular Season - 13,151,Goias,,True,124,Fluminense,,False,4.0,0.0,,,,,,,,,,True,
32916760313,,UTC,2004-07-06T20:30:00+00:00,1089145800,1089145800.0,1089149400.0,,Morumbi,,Match Finished,FT,90.0,71,Serie A,Brazil,https://media.api-sports.io/football/leagues/71.png,https://media.api-sports.io/flags/br.svg,2004,Regular Season - 13,126,Sao Paulo,,True,1062,Atletico-MG,,False,1.0,0.0,,,,,,,,,,True,
55180927158,,UTC,2004-07-06T20:30:00+00:00,1089145800,1089145800.0,1089149400.0,,São Januário,,Match Finished,FT,90.0,71,Serie A,Brazil,https://media.api-sports.io/football/leagues/71.png,https://media.api-sports.io/flags/br.svg,2004,Regular Season - 13,133,Vasco DA Gama,,True,136,Vitoria,,False,3.0,1.0,,,,,,,,,,True,
81800533998,,UTC,2004-07-07T21:45:00+00:00,1089236700,1089236700.0,1089240300.0,,Heriberto Hulse,,Match Finished,FT,90.0,71,Serie A,Brazil,https://media.api-sports.io/football/leagues/71.png,https://media.api-sports.io/flags/br.svg,2004,Regular Season - 13,140,Criciuma,,,127,Flamengo,,,1.0,1.0,,,,,,,,,,True,
57070251818,,UTC,2004-07-07T20:30:00+00:00,1089232200,1089232200.0,1089235800.0,,Mangueirão,,Match Finished,FT,90.0,71,Serie A,Brazil,https://media.api-sports.io/football/leagues/71.png,https://media.api-sports.io/flags/br.svg,2004,Regular Season - 13,303369,Paysandu,,,539683,São Caetano,,,0.0,0.0,,,,,,,,,,True,
40601595279,,UTC,2004-07-07T20:30:00+00:00,1089232200,1089232200.0,1089235800.0,,Caio Martins,,Match Finished,FT,90.0,71,Serie A,Brazil,https://media.api-sports.io/football/leagues/71.png,https://media.api-sports.io/flags/br.svg,2004,Regular Season - 13,120,Botafogo,,True,119,Internacional,,False,5.0,1.0,,,,,,,,,,True,
68770062893,,UTC,2004-07-07T21:45:00+00:00,1089236700,1089236700.0,1089240300.0,,Couto Pereira,,Match Finished,FT,90.0,71,Serie A,Brazil,https://media.api-sports.io/football/leagues/71.png,https://media.api-sports.io/flags/br.svg,2004,Regular Season - 13,147,Coritiba,,False,131,Corinthians,,True,1.0,2.0,,,,,,,,,,True,
94146960077,,UTC,2004-07-07T20:30:00+00:00,1089232200,1089232200.0,1089235800.0,,Mineirão,,Match Finished,FT,90.0,71,Serie A,Brazil,https://media.api-sports.io/football/leagues/71.png,https://media.api-sports.io/flags/br.svg,2004,Regular Season - 13,135,Cruzeiro,,True,138,Guarani Campinas,,False,2.0,0.0,,,,,,,,,,True,
80532210633,,UTC,2004-07-07T20:30:00+00:00,1089232200,1089232200.0,1089235800.0,,Parque Antártica,,Match Finished,FT,90.0,71,Serie A,Brazil,https://media.api-sports.io/football/leagues/71.png,https://media.api-sports.io/flags/br.svg,2004,Regular Season - 13,121,Palmeiras,,True,152,Juventude,,False,4.0,1.0,,,,,,,,,,True,
12951967327,,UTC,2004-07-07T20:30:00+00:00,1089232200,1089232200.0,1089235800.0,,Pinheirão,,Match Finished,FT,90.0,71,Serie A,Brazil,https://media.api-sports.io/football/leagues/71.png,https://media.api-sports.io/flags/br.svg,2004,Regular Season - 13,122,Parana,,True,134,Atletico Paranaense,,False,1.0,0.0,,,,,,,,,,True,
98854136306,,UTC,2004-07-07T21:45:00+00:00,1089236700,1089236700.0,1089240300.0,,Moisés Lucarelli,,Match Finished,FT,90.0,71,Serie A,Brazil,https://media.api-sports.io/football/leagues/71.png,https://media.api-sports.io/flags/br.svg,2004,Regular Season - 13,139,Ponte Preta,,False,128,Santos,,True,0.0,4.0,,,,,,,,,,True,
27402719860,,UTC,2004-07-10T18:00:00+00:00,1089482400,1089482400.0,1089486000.0,,Arena da Baixada,,Match Finished,FT,90.0,71,Serie A,Brazil,https://media.api-sports.io/football/leagues/71.png,https://media.api-sports.io/flags/br.svg,2004,Regular Season - 14,134,Atletico Paranaense,,,121,Palmeiras,,,0.0,0.0,,,,,,,,,,True,
93272535050,,UTC,2004-07-10T20:30:00+00:00,1089491400,1089491400.0,1089495000.0,,Mineirão,,Match Finished,FT,90.0,71,Serie A,Brazil,https://media.api-sports.io/football/leagues/71.png,https://media.api-sports.io/flags/br.svg,2004,Regular Season - 14,1062,Atletico-MG,,True,135,Cruzeiro,,False,2.0,0.0,,,,,,,,,,True,
44394980895,,UTC,2004-07-10T18:00:00+00:00,1089482400,1089482400.0,1089486000.0,,Pacaembu,,Match Finished,FT,90.0,71,Serie A,Brazil,https://media.api-sports.io/football/leagues/71.png,https://media.api-sports.io/flags/br.svg,2004,Regular Season - 14,131,Corinthians,,True,122,Parana,,False,1.0,0.0,,,,,,,,,,True,
49001895943,,UTC,2004-07-10T20:30:00+00:00,1089491400,1089491400.0,1089495000.0,,Orlando Scarpelli,,Match Finished,FT,90.0,71,Serie A,Brazil,https://media.api-sports.io/football/leagues/71.png,https://media.api-sports.io/flags/br.svg,2004,Regular Season - 14,454769,Figueirense,,True,140,Criciuma,,False,2.0,0.0,,,,,,,,,,True,
74923225330,,UTC,2004-07-10T20:30:00+00:00,1089491400,1089491400.0,1089495000.0,,Raulino de Oliveira,,Match Finished,FT,90.0,71,Serie A,Brazil,https://media.api-sports.io/football/leagues/71.png,https://media.api-sports.io/flags/br.svg,2004,Regular Season - 14,124,Fluminense,,True,539683,São Caetano,,False,1.0,0.0,,,,,,,,,,True,
11064929409,,UTC,2004-07-10T17:00:00+00:00,1089478800,1089478800.0,1089482400.0,,Serra Dourada,,Match Finished,FT,90.0,71,Serie A,Brazil,https://media.api-sports.io/football/leagues/71.png,https://media.api-sports.io/flags/br.svg,2004,Regular Season - 14,151,Goias,,True,303369,Paysandu,,False,3.0,2.0,,,,,,,,,,True,
71967137220,,UTC,2004-07-10T16:00:00+00:00,1089475200,1089475200.0,1089478800.0,,Beira Rio,,Match Finished,FT,90.0,71,Serie A,Brazil,https://media.api-sports.io/football/leagues/71.png,https://media.api-sports.io/flags/br.svg,2004,Regular Season - 14,119,Internacional,,True,130,Gremio,,False,2.0,0.0,,,,,,,,,,True,
30547070537,,UTC,2004-07-10T16:00:00+00:00,1089475200,1089475200.0,1089478800.0,,Alfredo Jaconi,,Match Finished,FT,90.0,71,Serie A,Brazil,https://media.api-sports.io/football/leagues/71.png,https://media.api-sports.io/flags/br.svg,2004,Regular Season - 14,152,Juventude,,True,147,Coritiba,,False,1.0,0.0,,,,,,,,,,True,
63374869697,,UTC,2004-07-10T15:30:00+00:00,1089473400,1089473400.0,1089477000.0,,Moisés Lucarelli,,Match Finished,FT,90.0,71,Serie A,Brazil,https://media.api-sports.io/football/leagues/71.png,https://media.api-sports.io/flags/br.svg,2004,Regular Season - 14,139,Ponte Preta,,True,138,Guarani Campinas,,False,3.0,1.0,,,,,,,,,,True,
86537872882,,UTC,2004-07-10T16:00:00+00:00,1089475200,1089475200.0,1089478800.0,,Vila Belmiro,,Match Finished,FT,90.0,71,Serie A,Brazil,https://media.api-sports.io/football/leagues/71.png,https://media.api-sports.io/flags/br.svg,2004,Regular Season - 14,128,Santos,,True,126,Sao Paulo,,False,2.0,1.0,,,,,,,,,,True,
74702683156,,UTC,2004-07-10T16:00:00+00:00,1089475200,1089475200.0,1089478800.0,,Maracanã,,Match Finished,FT,90.0,71,Serie A,Brazil,https://media.api-sports.io/football/leagues/71.png,https://media.api-sports.io/flags/br.svg,2004,Regular Season - 14,127,Flamengo,,False,133,Vasco DA Gama,,True,0.0,1.0,,,,,,,,,,True,
1264772331,,UTC,2004-07-10T16:00:00+00:00,1089475200,1089475200.0,1089478800.0,,Barradão,,Match Finished,FT,90.0,71,Serie A,Brazil,https://media.api-sports.io/football/leagues/71.png,https://media.api-sports.io/flags/br.svg,2004,Regular Season - 14,136,Vitoria,,True,120,Botafogo,,False,1.0,0.0,,,,,,,,,,True,
44112171680,,UTC,2004-07-13T21:45:00+00:00,1089755100,1089755100.0,1089758700.0,,Caio Martins,,Match Finished,FT,90.0,71,Serie A,Brazil,https://media.api-sports.io/football/leagues/71.png,https://media.api-sports.io/flags/br.svg,2004,Regular Season - 15,120,Botafogo,,,121,Palmeiras,,,1.0,1.0,,,,,,,,,,True,
98008236933,,UTC,2004-07-13T20:30:00+00:00,1089750600,1089750600.0,1089754200.0,,Orlando Scarpelli,,Match Finished,FT,90.0,71,Serie A,Brazil,https://media.api-sports.io/football/leagues/71.png,https://media.api-sports.io/flags/br.svg,2004,Regular Season - 15,454769,Figueirense,,,122,Parana,,,0.0,0.0,,,,,,,,,,True,
33983952471,,UTC,2004-07-13T20:30:00+00:00,1089750600,1089750600.0,1089754200.0,,Anacleto Campanella,,Match Finished,FT,90.0,71,Serie A,Brazil,https://media.api-sports.io/football/leagues/71.png,https://media.api-sports.io/flags/br.svg,2004,Regular Season - 15,539683,São Caetano,,,126,Sao Paulo,,,0.0,0.0,,,,,,,,,,True,
67803036052,,UTC,2004-07-13T20:30:00+00:00,1089750600,1089750600.0,1089754200.0,,Independência,,Match Finished,FT,90.0,71,Serie A,Brazil,https://media.api-sports.io/football/leagues/71.png,https://media.api-sports.io/flags/br.svg,2004,Regular Season - 15,1062,Atletico-MG,,,136,Vitoria,,,1.0,1.0,,,,,,,,,,True,
91978415741,,UTC,2004-07-13T20:30:00+00:00,1089750600,1089750600.0,1089754200.0,,Arena da Baixada,,Match Finished,FT,90.0,71,Serie A,Brazil,https://media.api-sports.io/football/leagues/71.png,https://media.api-sports.io/flags/br.svg,2004,Regular Season - 15,134,Atletico Paranaense,,True,151,Goias,,False,6.0,0.0,,,,,,,,,,True,
21932413979,,UTC,2004-07-13T20:30:00+00:00,1089750600,1089750600.0,1089754200.0,,Pacaembu,,Match Finished,FT,90.0,71,Serie A,Brazil,https://media.api-sports.io/football/leagues/71.png,https://media.api-sports.io/flags/br.svg,2004,Regular Season - 15,131,Corinthians,,True,140,Criciuma,,False,1.0,0.0,,,,,,,,,,True,
34519870496,,UTC,2004-07-13T20:30:00+00:00,1089750600,1089750600.0,1089754200.0,,São Januário,,Match Finished,FT,90.0,71,Serie A,Brazil,https://media.api-sports.io/football/leagues/71.png,https://media.api-sports.io/flags/br.svg,2004,Regular Season - 15,133,Vasco DA Gama,,False,147,Coritiba,,True,2.0,3.0,,,,,,,,,,True,
62126446256,,UTC,2004-07-13T20:30:00+00:00,1089750600,1089750600.0,1089754200.0,,Olímpico Monumental,,Match Finished,FT,90.0,71,Serie A,Brazil,https://media.api-sports.io/football/leagues/71.png,https://media.api-sports.io/flags/br.svg,2004,Regular Season - 15,130,Gremio,,False,135,Cruzeiro,,True,2.0,3.0,,,,,,,,,,True,
46322868783,,UTC,2004-07-13T20:30:00+00:00,1089750600,1089750600.0,1089754200.0,,Brinco de Ouro,,Match Finished,FT,90.0,71,Serie A,Brazil,https://media.api-sports.io/football/leagues/71.png,https://media.api-sports.io/flags/br.svg,2004,Regular Season - 15,138,Guarani Campinas,,True,119,Internacional,,False,2.0,1.0,,,,,,,,,,True,
12561949817,,UTC,2004-07-13T20:30:00+00:00,1089750600,1089750600.0,1089754200.0,,Alfredo Jaconi,,Match Finished,FT,90.0,71,Serie A,Brazil,https://media.api-sports.io/football/leagues/71.png,https://media.api-sports.io/flags/br.svg,2004,Regular Season - 15,152,Juventude,,True,124,Fluminense,,False,2.0,1.0,,,,,,,,,,True,
65403882873,,UTC,2004-07-13T20:30:00+00:00,1089750600,1089750600.0,1089754200.0,,Mangueirão,,Match Finished,FT,90.0,71,Serie A,Brazil,https://media.api-sports.io/football/leagues/71.png,https://media.api-sports.io/flags/br.svg,2004,Regular Season - 15,303369,Paysandu,,True,139,Ponte Preta,,False,3.0,0.0,,,,,,,,,,True,
29670218658,,UTC,2004-07-13T21:45:00+00:00,1089755100,1089755100.0,1089758700.0,,Vila Belmiro,,Match Finished,FT,90.0,71,Serie A,Brazil,https://media.api-sports.io/football/leagues/71.png,https://media.api-sports.io/flags/br.svg,2004,Regular Season - 15,128,Santos,,True,127,Flamengo,,False,2.0,0.0,,,,,,,,,,True,
60375351346,,UTC,2004-07-17T16:00:00+00:00,1090080000,1090080000.0,1090083600.0,,Barradão,,Match Finished,FT,90.0,71,Serie A,Brazil,https://media.api-sports.io/football/leagues/71.png,https://media.api-sports.io/flags/br.svg,2004,Regular Season - 16,136,Vitoria,,,131,Corinthians,,,1.0,1.0,,,,,,,,,,True,
53894685516,,UTC,2004-07-17T20:30:00+00:00,1090096200,1090096200.0,1090099800.0,,Couto Pereira,,Match Finished,FT,90.0,71,Serie A,Brazil,https://media.api-sports.io/football/leagues/71.png,https://media.api-sports.io/flags/br.svg,2004,Regular Season - 16,147,Coritiba,,,303369,Paysandu,,,1.0,1.0,,,,,,,,,,True,
88612792644,,UTC,2004-07-17T20:30:00+00:00,1090096200,1090096200.0,1090099800.0,,Heriberto Hulse,,Match Finished,FT,90.0,71,Serie A,Brazil,https://media.api-sports.io/football/leagues/71.png,https://media.api-sports.io/flags/br.svg,2004,Regular Season - 16,140,Criciuma,,True,1062,Atletico-MG,,False,4.0,2.0,,,,,,,,,,True,
47469506236,,UTC,2004-07-17T16:00:00+00:00,1090080000,1090080000.0,1090083600.0,,Mineirão,,Match Finished,FT,90.0,71,Serie A,Brazil,https://media.api-sports.io/football/leagues/71.png,https://media.api-sports.io/flags/br.svg,2004,Regular Season - 16,135,Cruzeiro,,True,120,Botafogo,,False,3.0,2.0,,,,,,,,,,True,
34591527256,,UTC,2004-07-17T18:00:00+00:00,1090087200,1090087200.0,1090090800.0,,Maracanã,,Match Finished,FT,90.0,71,Serie A,Brazil,https://media.api-sports.io/football/leagues/71.png,https://media.api-sports.io/flags/br.svg,2004,Regular Season - 16,124,Fluminense,,True,128,Santos,,False,1.0,0.0,,,,,,,,,,True,
93641201747,,UTC,2004-07-17T17:00:00+00:00,1090083600,1090083600.0,1090087200.0,,Serra Dourada,,Match Finished,FT,90.0,71,Serie A,Brazil,https://media.api-sports.io/football/leagues/71.png,https://media.api-sports.io/flags/br.svg,2004,Regular Season - 16,151,Goias,,True,138,Guarani Campinas,,False,2.0,0.0,,,,,,,,,,True,
78343086230,,UTC,2004-07-17T16:00:00+00:00,1090080000,1090080000.0,1090083600.0,,Beira Rio,,Match Finished,FT,90.0,71,Serie A,Brazil,https://media.api-sports.io/football/leagues/71.png,https://media.api-sports.io/flags/br.svg,2004,Regular Season - 16,119,Internacional,,True,134,Atletico Paranaense,,False,6.0,0.0,,,,,,,,,,True,
24220098587,,UTC,2004-07-17T18:00:00+00:00,1090087200,1090087200.0,1090090800.0,,Raulino de Oliveira,,Match Finished,FT,90.0,71,Serie A,Brazil,https://media.api-sports.io/football/leagues/71.png,https://media.api-sports.io/flags/br.svg,2004,Regular Season - 16,127,Flamengo,,False,152,Juventude,,True,0.0,1.0,,,,,,,,,,True,
97179995992,,UTC,2004-07-17T16:00:00+00:00,1090080000,1090080000.0,1090083600.0,,Parque Antártica,,Match Finished,FT,90.0,71,Serie A,Brazil,https://media.api-sports.io/football/leagues/71.png,https://media.api-sports.io/flags/br.svg,2004,Regular Season - 16,121,Palmeiras,,True,130,Gremio,,False,2.0,0.0,,,,,,,,,,True,
16680340085,,UTC,2004-07-17T20:30:00+00:00,1090096200,1090096200.0,1090099800.0,,Moisés Lucarelli,,Match Finished,FT,90.0,71,Serie A,Brazil,https://media.api-sports.io/football/leagues/71.png,https://media.api-sports.io/flags/br.svg,2004,Regular Season - 16,139,Ponte Preta,,True,133,Vasco DA Gama,,False,3.0,2.0,,,,,,,,,,True,
98741512574,,UTC,2004-07-17T16:00:00+00:00,1090080000,1090080000.0,1090083600.0,,Pinheirão,,Match Finished,FT,90.0,71,Serie A,Brazil,https://media.api-sports.io/football/leagues/71.png,https://media.api-sports.io/flags/br.svg,2004,Regular Season - 16,122,Parana,,False,539683,São Caetano,,True,0.0,1.0,,,,,,,,,,True,
21043117731,,UTC,2004-07-17T20:30:00+00:00,1090096200,1090096200.0,1090099800.0,,Morumbi,,Match Finished,FT,90.0,71,Serie A,Brazil,https://media.api-sports.io/football/leagues/71.png,https://media.api-sports.io/flags/br.svg,2004,Regular Season - 16,126,Sao Paulo,,True,454769,Figueirense,,False,2.0,1.0,,,,,,,,,,True,
60744907635,,UTC,2004-07-20T20:30:00+00:00,1090355400,1090355400.0,1090359000.0,,Orlando Scarpelli,,Match Finished,FT,90.0,71,Serie A,Brazil,https://media.api-sports.io/football/leagues/71.png,https://media.api-sports.io/flags/br.svg,2004,Regular Season - 17,454769,Figueirense,,,147,Coritiba,,,1.0,1.0,,,,,,,,,,True,
66356473077,,UTC,2004-07-20T20:30:00+00:00,1090355400,1090355400.0,1090359000.0,,Pacaembu,,Match Finished,FT,90.0,71,Serie A,Brazil,https://media.api-sports.io/football/leagues/71.png,https://media.api-sports.io/flags/br.svg,2004,Regular Season - 17,131,Corinthians,,,119,Internacional,,,0.0,0.0,,,,,,,,,,True,
79871859954,,UTC,2004-07-20T21:45:00+00:00,1090359900,1090359900.0,1090363500.0,,Arena da Baixada,,Match Finished,FT,90.0,71,Serie A,Brazil,https://media.api-sports.io/football/leagues/71.png,https://media.api-sports.io/flags/br.svg,2004,Regular Season - 17,134,Atletico Paranaense,,True,124,Fluminense,,False,4.0,1.0,,,,,,,,,,True,
71667667728,,UTC,2004-07-20T21:45:00+00:00,1090359900,1090359900.0,1090363500.0,,Caio Martins,,Match Finished,FT,90.0,71,Serie A,Brazil,https://media.api-sports.io/football/leagues/71.png,https://media.api-sports.io/flags/br.svg,2004,Regular Season - 17,120,Botafogo,,True,126,Sao Paulo,,False,1.0,0.0,,,,,,,,,,True,
27825447134,,UTC,2004-07-20T20:30:00+00:00,1090355400,1090355400.0,1090359000.0,,Brinco de Ouro,,Match Finished,FT,90.0,71,Serie A,Brazil,https://media.api-sports.io/football/leagues/71.png,https://media.api-sports.io/flags/br.svg,2004,Regular Season - 17,138,Guarani Campinas,,False,127,Flamengo,,True,0.0,1.0,,,,,,,,,,True,
75975088245,,UTC,2004-07-20T20:30:00+00:00,1090355400,1090355400.0,1090359000.0,,Mineirão,,Match Finished,FT,90.0,71,Serie A,Brazil,https://media.api-sports.io/football/leagues/71.png,https://media.api-sports.io/flags/br.svg,2004,Regular Season - 17,1062,Atletico-MG,,False,151,Goias,,True,0.0,2.0,,,,,,,,,,True,
72169968242,,UTC,2004-07-20T19:00:00+00:00,1090350000,1090350000.0,1090353600.0,,Olímpico Monumental,,Match Finished,FT,90.0,71,Serie A,Brazil,https://media.api-sports.io/football/leagues/71.png,https://media.api-sports.io/flags/br.svg,2004,Regular Season - 17,130,Gremio,,True,122,Parana,,False,4.0,0.0,,,,,,,,,,True,
73811870188,,UTC,2004-07-20T20:30:00+00:00,1090355400,1090355400.0,1090359000.0,,Alfredo Jaconi,,Match Finished,FT,90.0,71,Serie A,Brazil,https://media.api-sports.io/football/leagues/71.png,https://media.api-sports.io/flags/br.svg,2004,Regular Season - 17,152,Juventude,,True,136,Vitoria,,False,3.0,2.0,,,,,,,,,,True,
40086243720,,UTC,2004-07-20T20:30:00+00:00,1090355400,1090355400.0,1090359000.0,,Mangueirão,,Match Finished,FT,90.0,71,Serie A,Brazil,https://media.api-sports.io/football/leagues/71.png,https://media.api-sports.io/flags/br.svg,2004,Regular Season - 17,303369,Paysandu,,True,121,Palmeiras,,False,1.0,0.0,,,,,,,,,,True,
29982122836,,UTC,2004-07-20T20:30:00+00:00,1090355400,1090355400.0,1090359000.0,,Anacleto Campanella,,Match Finished,FT,90.0,71,Serie A,Brazil,https://media.api-sports.io/football/leagues/71.png,https://media.api-sports.io/flags/br.svg,2004,Regular Season - 17,539683,São Caetano,,False,139,Ponte Preta,,True,0.0,1.0,,,,,,,,,,True,
8174241299,,UTC,2004-07-20T21:45:00+00:00,1090359900,1090359900.0,1090363500.0,,Vila Belmiro,,Match Finished,FT,90.0,71,Serie A,Brazil,https://media.api-sports.io/football/leagues/71.png,https://media.api-sports.io/flags/br.svg,2004,Regular Season - 17,128,Santos,,True,140,Criciuma,,False,5.0,2.0,,,,,,,,,,True,
69734061178,,UTC,2004-07-20T20:30:00+00:00,1090355400,1090355400.0,1090359000.0,,São Januário,,Match Finished,FT,90.0,71,Serie A,Brazil,https://media.api-sports.io/football/leagues/71.png,https://media.api-sports.io/flags/br.svg,2004,Regular Season - 17,133,Vasco DA Gama,,True,135,Cruzeiro,,False,3.0,2.0,,,,,,,,,,True,
66010370736,,UTC,2004-07-24T18:00:00+00:00,1090692000,1090692000.0,1090695600.0,,Raulino de Oliveira,,Match Finished,FT,90.0,71,Serie A,Brazil,https://media.api-sports.io/football/leagues/71.png,https://media.api-sports.io/flags/br.svg,2004,Regular Season - 18,127,Flamengo,,,1062,Atletico-MG,,,0.0,0.0,,,,,,,,,,True,
34566501402,,UTC,2004-07-24T20:30:00+00:00,1090701000,1090701000.0,1090704600.0,,Parque Antártica,,Match Finished,FT,90.0,71,Serie A,Brazil,https://media.api-sports.io/football/leagues/71.png,https://media.api-sports.io/flags/br.svg,2004,Regular Season - 18,121,Palmeiras,,,454769,Figueirense,,,0.0,0.0,,,,,,,,,,True,
76979026862,,UTC,2004-07-24T20:30:00+00:00,1090701000,1090701000.0,1090704600.0,,Serra Dourada,,Match Finished,FT,90.0,71,Serie A,Brazil,https://media.api-sports.io/football/leagues/71.png,https://media.api-sports.io/flags/br.svg,2004,Regular Season - 18,151,Goias,,,128,Santos,,,3.0,3.0,,,,,,,,,,True,
33242366684,,UTC,2004-07-24T16:00:00+00:00,1090684800,1090684800.0,1090688400.0,,Couto Pereira,,Match Finished,FT,90.0,71,Serie A,Brazil,https://media.api-sports.io/football/leagues/71.png,https://media.api-sports.io/flags/br.svg,2004,Regular Season - 18,147,Coritiba,,True,120,Botafogo,,False,1.0,0.0,,,,,,,,,,True,
169286902,,UTC,2004-07-24T16:00:00+00:00,1090684800,1090684800.0,1090688400.0,,Heriberto Hulse,,Match Finished,FT,90.0,71,Serie A,Brazil,https://media.api-sports.io/football/leagues/71.png,https://media.api-sports.io/flags/br.svg,2004,Regular Season - 18,140,Criciuma,,True,134,Atletico Paranaense,,False,4.0,1.0,,,,,,,,,,True,
40804078981,,UTC,2004-07-24T16:00:00+00:00,1090684800,1090684800.0,1090688400.0,,Maracanã,,Match Finished,FT,90.0,71,Serie A,Brazil,https://media.api-sports.io/football/leagues/71.png,https://media.api-sports.io/flags/br.svg,2004,Regular Season - 18,124,Fluminense,,True,131,Corinthians,,False,2.0,0.0,,,,,,,,,,True,
21643416928,,UTC,2004-07-24T16:00:00+00:00,1090684800,1090684800.0,1090688400.0,,Beira Rio,,Match Finished,FT,90.0,71,Serie A,Brazil,https://media.api-sports.io/football/leagues/71.png,https://media.api-sports.io/flags/br.svg,2004,Regular Season - 18,119,Internacional,,False,152,Juventude,,True,1.0,2.0,,,,,,,,,,True,
32892269105,,UTC,2004-07-24T20:30:00+00:00,1090701000,1090701000.0,1090704600.0,,Pinheirão,,Match Finished,FT,90.0,71,Serie A,Brazil,https://media.api-sports.io/football/leagues/71.png,https://media.api-sports.io/flags/br.svg,2004,Regular Season - 18,122,Parana,,True,303369,Paysandu,,False,2.0,0.0,,,,,,,,,,True,
3491718640,,UTC,2004-07-24T20:30:00+00:00,1090701000,1090701000.0,1090704600.0,,Moisés Lucarelli,,Match Finished,FT,90.0,71,Serie A,Brazil,https://media.api-sports.io/football/leagues/71.png,https://media.api-sports.io/flags/br.svg,2004,Regular Season - 18,139,Ponte Preta,,True,130,Gremio,,False,1.0,0.0,,,,,,,,,,True,
29965252346,,UTC,2004-07-24T18:00:00+00:00,1090692000,1090692000.0,1090695600.0,,Mineirão,,Match Finished,FT,90.0,71,Serie A,Brazil,https://media.api-sports.io/football/leagues/71.png,https://media.api-sports.io/flags/br.svg,2004,Regular Season - 18,135,Cruzeiro,,False,539683,São Caetano,,True,0.0,1.0,,,,,,,,,,True,
2698156089,,UTC,2004-07-24T16:00:00+00:00,1090684800,1090684800.0,1090688400.0,,Morumbi,,Match Finished,FT,90.0,71,Serie A,Brazil,https://media.api-sports.io/football/leagues/71.png,https://media.api-sports.io/flags/br.svg,2004,Regular Season - 18,126,Sao Paulo,,True,133,Vasco DA Gama,,False,1.0,0.0,,,,,,,,,,True,
46668191797,,UTC,2004-07-24T17:00:00+00:00,1090688400,1090688400.0,1090692000.0,,Barradão,,Match Finished,FT,90.0,71,Serie A,Brazil,https://media.api-sports.io/football/leagues/71.png,https://media.api-sports.io/flags/br.svg,2004,Regular Season - 18,136,Vitoria,,True,138,Guarani Campinas,,False,3.0,2.0,,,,,,,,,,True,
48426120159,,UTC,2004-07-28T20:30:00+00:00,1091046600,1091046600.0,1091050200.0,,Mangueirão,,Match Finished,FT,90.0,71,Serie A,Brazil,https://media.api-sports.io/football/leagues/71.png,https://media.api-sports.io/flags/br.svg,2004,Regular Season - 19,303369,Paysandu,,,140,Criciuma,,,2.0,2.0,,,,,,,,,,True,
40237299840,,UTC,2004-07-28T20:30:00+00:00,1091046600,1091046600.0,1091050200.0,,Maracanã,,Match Finished,FT,90.0,71,Serie A,Brazil,https://media.api-sports.io/football/leagues/71.png,https://media.api-sports.io/flags/br.svg,2004,Regular Season - 19,120,Botafogo,,,127,Flamengo,,,0.0,0.0,,,,,,,,,,True,
31928540296,,UTC,2004-07-28T20:30:00+00:00,1091046600,1091046600.0,1091050200.0,,Arena da Baixada,,Match Finished,FT,90.0,71,Serie A,Brazil,https://media.api-sports.io/football/leagues/71.png,https://media.api-sports.io/flags/br.svg,2004,Regular Season - 19,134,Atletico Paranaense,,True,139,Ponte Preta,,False,4.0,0.0,,,,,,,,,,True,
62136514772,,UTC,2004-07-28T20:30:00+00:00,1091046600,1091046600.0,1091050200.0,,Pacaembu,,Match Finished,FT,90.0,71,Serie A,Brazil,https://media.api-sports.io/football/leagues/71.png,https://media.api-sports.io/flags/br.svg,2004,Regular Season - 19,131,Corinthians,,True,135,Cruzeiro,,False,1.0,0.0,,,,,,,,,,True,
45489041764,,UTC,2004-07-28T21:45:00+00:00,1091051100,1091051100.0,1091054700.0,,Orlando Scarpelli,,Match Finished,FT,90.0,71,Serie A,Brazil,https://media.api-sports.io/football/leagues/71.png,https://media.api-sports.io/flags/br.svg,2004,Regular Season - 19,454769,Figueirense,,True,124,Fluminense,,False,2.0,1.0,,,,,,,,,,True,
86866456534,,UTC,2004-07-28T20:30:00+00:00,1091046600,1091046600.0,1091050200.0,,Olímpico Monumental,,Match Finished,FT,90.0,71,Serie A,Brazil,https://media.api-sports.io/football/leagues/71.png,https://media.api-sports.io/flags/br.svg,2004,Regular Season - 19,130,Gremio,,True,136,Vitoria,,False,4.0,0.0,,,,,,,,,,True,
69771289190,,UTC,2004-07-28T21:45:00+00:00,1091051100,1091051100.0,1091054700.0,,Brinco de Ouro,,Match Finished,FT,90.0,71,Serie A,Brazil,https://media.api-sports.io/football/leagues/71.png,https://media.api-sports.io/flags/br.svg,2004,Regular Season - 19,138,Guarani Campinas,,True,121,Palmeiras,,False,1.0,0.0,,,,,,,,,,True,
7873871302,,UTC,2004-07-28T21:45:00+00:00,1091051100,1091051100.0,1091054700.0,,Alfredo Jaconi,,Match Finished,FT,90.0,71,Serie A,Brazil,https://media.api-sports.io/football/leagues/71.png,https://media.api-sports.io/flags/br.svg,2004,Regular Season - 19,152,Juventude,,False,126,Sao Paulo,,True,1.0,2.0,,,,,,,,,,True,
18414357990,,UTC,2004-07-29T20:30:00+00:00,1091133000,1091133000.0,1091136600.0,,Mineirão,,Match Finished,FT,90.0,71,Serie A,Brazil,https://media.api-sports.io/football/leagues/71.png,https://media.api-sports.io/flags/br.svg,2004,Regular Season - 19,1062,Atletico-MG,,True,122,Parana,,False,4.0,1.0,,,,,,,,,,True,
3603655861,,UTC,2004-07-29T20:30:00+00:00,1091133000,1091133000.0,1091136600.0,,Vila Belmiro,,Match Finished,FT,90.0,71,Serie A,Brazil,https://media.api-sports.io/football/leagues/71.png,https://media.api-sports.io/flags/br.svg,2004,Regular Season - 19,128,Santos,,True,147,Coritiba,,False,4.0,2.0,,,,,,,,,,True,
96948584040,,UTC,2004-07-29T20:30:00+00:00,1091133000,1091133000.0,1091136600.0,,Anacleto Campanella,,Match Finished,FT,90.0,71,Serie A,Brazil,https://media.api-sports.io/football/leagues/71.png,https://media.api-sports.io/flags/br.svg,2004,Regular Season - 19,539683,São Caetano,,True,119,Internacional,,False,2.0,0.0,,,,,,,,,,True,
26915944563,,UTC,2004-07-29T20:30:00+00:00,1091133000,1091133000.0,1091136600.0,,São Januário,,Match Finished,FT,90.0,71,Serie A,Brazil,https://media.api-sports.io/football/leagues/71.png,https://media.api-sports.io/flags/br.svg,2004,Regular Season - 19,133,Vasco DA Gama,,True,151,Goias,,False,3.0,1.0,,,,,,,,,,True,
63965979073,,UTC,2004-07-31T16:00:00+00:00,1091289600,1091289600.0,1091293200.0,,Maracanã,,Match Finished,FT,90.0,71,Serie A,Brazil,https://media.api-sports.io/football/leagues/71.png,https://media.api-sports.io/flags/br.svg,2004,Regular Season - 20,124,Fluminense,,,135,Cruzeiro,,,0.0,0.0,,,,,,,,,,True,
12341726872,,UTC,2004-07-31T16:00:00+00:00,1091289600,1091289600.0,1091293200.0,,Arena da Baixada,,Match Finished,FT,90.0,71,Serie A,Brazil,https://media.api-sports.io/football/leagues/71.png,https://media.api-sports.io/flags/br.svg,2004,Regular Season - 20,134,Atletico Paranaense,,,130,Gremio,,,0.0,0.0,,,,,,,,,,True,
16372576366,,UTC,2004-08-01T17:00:00+00:00,1091379600,1091379600.0,1091383200.0,,Barradão,,Match Finished,FT,90.0,71,Serie A,Brazil,https://media.api-sports.io/football/leagues/71.png,https://media.api-sports.io/flags/br.svg,2004,Regular Season - 20,136,Vitoria,,,147,Coritiba,,,2.0,2.0,,,,,,,,,,True,
21038440682,,UTC,2004-08-01T18:00:00+00:00,1091383200,1091383200.0,1091386800.0,,Beira Rio,,Match Finished,FT,90.0,71,Serie A,Brazil,https://media.api-sports.io/football/leagues/71.png,https://media.api-sports.io/flags/br.svg,2004,Regular Season - 20,119,Internacional,,,126,Sao Paulo,,,1.0,1.0,,,,,,,,,,True,
79449341489,,UTC,2004-08-01T16:00:00+00:00,1091376000,1091376000.0,1091379600.0,,Alfredo Jaconi,,Match Finished,FT,90.0,71,Serie A,Brazil,https://media.api-sports.io/football/leagues/71.png,https://media.api-sports.io/flags/br.svg,2004,Regular Season - 20,152,Juventude,,,133,Vasco DA Gama,,,1.0,1.0,,,,,,,,,,True,
9960805147,,UTC,2004-08-01T16:00:00+00:00,1091376000,1091376000.0,1091379600.0,,Independência,,Match Finished,FT,90.0,71,Serie A,Brazil,https://media.api-sports.io/football/leagues/71.png,https://media.api-sports.io/flags/br.svg,2004,Regular Season - 20,1062,Atletico-MG,,True,454769,Figueirense,,False,3.0,1.0,,,,,,,,,,True,
14888871277,,UTC,2004-08-01T18:00:00+00:00,1091383200,1091383200.0,1091386800.0,,Brinco de Ouro,,Match Finished,FT,90.0,71,Serie A,Brazil,https://media.api-sports.io/football/leagues/71.png,https://media.api-sports.io/flags/br.svg,2004,Regular Season - 20,138,Guarani Campinas,,False,120,Botafogo,,True,0.0,2.0,,,,,,,,,,True,
65873246444,,UTC,2004-08-01T16:00:00+00:00,1091376000,1091376000.0,1091379600.0,,Pacaembu,,Match Finished,FT,90.0,71,Serie A,Brazil,https://media.api-sports.io/football/leagues/71.png,https://media.api-sports.io/flags/br.svg,2004,Regular Season - 20,131,Corinthians,,True,539683,São Caetano,,False,2.0,0.0,,,,,,,,,,True,
66054578658,,UTC,2004-08-01T16:00:00+00:00,1091376000,1091376000.0,1091379600.0,,Heriberto Hulse,,Match Finished,FT,90.0,71,Serie A,Brazil,https://media.api-sports.io/football/leagues/71.png,https://media.api-sports.io/flags/br.svg,2004,Regular Season - 20,140,Criciuma,,True,139,Ponte Preta,,False,3.0,1.0,,,,,,,,,,True,
46652553695,,UTC,2004-08-01T17:00:00+00:00,1091379600,1091379600.0,1091383200.0,,Serra Dourada,,Match Finished,FT,90.0,71,Serie A,Brazil,https://media.api-sports.io/football/leagues/71.png,https://media.api-sports.io/flags/br.svg,2004,Regular Season - 20,151,Goias,,True,122,Parana,,False,3.0,0.0,,,,,,,,,,True,
16087600042,,UTC,2004-08-01T16:00:00+00:00,1091376000,1091376000.0,1091379600.0,,Raulino de Oliveira,,Match Finished,FT,90.0,71,Serie A,Brazil,https://media.api-sports.io/football/leagues/71.png,https://media.api-sports.io/flags/br.svg,2004,Regular Season - 20,127,Flamengo,,False,121,Palmeiras,,True,0.0,1.0,,,,,,,,,,True,
21179275549,,UTC,2004-08-01T16:00:00+00:00,1091376000,1091376000.0,1091379600.0,,Vila Belmiro,,Match Finished,FT,90.0,71,Serie A,Brazil,https://media.api-sports.io/football/leagues/71.png,https://media.api-sports.io/flags/br.svg,2004,Regular Season - 20,128,Santos,,True,303369,Paysandu,,False,6.0,0.0,,,,,,,,,,True,
19386994749,,UTC,2004-08-04T20:30:00+00:00,1091651400,1091651400.0,1091655000.0,,Orlando Scarpelli,,Match Finished,FT,90.0,71,Serie A,Brazil,https://media.api-sports.io/football/leagues/71.png,https://media.api-sports.io/flags/br.svg,2004,Regular Season - 21,454769,Figueirense,,,138,Guarani Campinas,,,1.0,1.0,,,,,,,,,,True,
58372745407,,UTC,2004-08-04T20:30:00+00:00,1091651400,1091651400.0,1091655000.0,,Anacleto Campanella,,Match Finished,FT,90.0,71,Serie A,Brazil,https://media.api-sports.io/football/leagues/71.png,https://media.api-sports.io/flags/br.svg,2004,Regular Season - 21,539683,São Caetano,,False,134,Atletico Paranaense,,True,0.0,3.0,,,,,,,,,,True,
85195892899,,UTC,2004-08-04T21:45:00+00:00,1091655900,1091655900.0,1091659500.0,,São Januário,,Match Finished,FT,90.0,71,Serie A,Brazil,https://media.api-sports.io/football/leagues/71.png,https://media.api-sports.io/flags/br.svg,2004,Regular Season - 21,133,Vasco DA Gama,,False,131,Corinthians,,True,1.0,3.0,,,,,,,,,,True,
38028831511,,UTC,2004-08-04T21:45:00+00:00,1091655900,1091655900.0,1091659500.0,,Couto Pereira,,Match Finished,FT,90.0,71,Serie A,Brazil,https://media.api-sports.io/football/leagues/71.png,https://media.api-sports.io/flags/br.svg,2004,Regular Season - 21,147,Coritiba,,True,127,Flamengo,,False,1.0,0.0,,,,,,,,,,True,
99888067366,,UTC,2004-08-04T20:30:00+00:00,1091651400,1091651400.0,1091655000.0,,Pinheirão,,Match Finished,FT,90.0,71,Serie A,Brazil,https://media.api-sports.io/football/leagues/71.png,https://media.api-sports.io/flags/br.svg,2004,Regular Season - 21,122,Parana,,False,140,Criciuma,,True,0.0,3.0,,,,,,,,,,True,
7575662188,,UTC,2004-08-04T20:30:00+00:00,1091651400,1091651400.0,1091655000.0,,Parque Antártica,,Match Finished,FT,90.0,71,Serie A,Brazil,https://media.api-sports.io/football/leagues/71.png,https://media.api-sports.io/flags/br.svg,2004,Regular Season - 21,121,Palmeiras,,False,151,Goias,,True,0.0,3.0,,,,,,,,,,True,
4975693402,,UTC,2004-08-04T21:45:00+00:00,1091655900,1091655900.0,1091659500.0,,Olímpico Monumental,,Match Finished,FT,90.0,71,Serie A,Brazil,https://media.api-sports.io/football/leagues/71.png,https://media.api-sports.io/flags/br.svg,2004,Regular Season - 21,130,Gremio,,True,128,Santos,,False,3.0,1.0,,,,,,,,,,True,
95236777862,,UTC,2004-08-04T20:30:00+00:00,1091651400,1091651400.0,1091655000.0,,Mangueirão,,Match Finished,FT,90.0,71,Serie A,Brazil,https://media.api-sports.io/football/leagues/71.png,https://media.api-sports.io/flags/br.svg,2004,Regular Season - 21,303369,Paysandu,,True,1062,Atletico-MG,,False,2.0,1.0,,,,,,,,,,True,
35322907838,,UTC,2004-08-04T20:30:00+00:00,1091651400,1091651400.0,1091655000.0,,Moisés Lucarelli,,Match Finished,FT,90.0,71,Serie A,Brazil,https://media.api-sports.io/football/leagues/71.png,https://media.api-sports.io/flags/br.svg,2004,Regular Season - 21,139,Ponte Preta,,True,124,Fluminense,,False,3.0,2.0,,,,,,,,,,True,
81012625486,,UTC,2004-08-05T20:30:00+00:00,1091737800,1091737800.0,1091741400.0,,Mineirão,,Match Finished,FT,90.0,71,Serie A,Brazil,https://media.api-sports.io/football/leagues/71.png,https://media.api-sports.io/flags/br.svg,2004,Regular Season - 21,135,Cruzeiro,,True,119,Internacional,,False,2.0,0.0,,,,,,,,,,True,
27586028703,,UTC,2004-08-05T20:30:00+00:00,1091737800,1091737800.0,1091741400.0,,Caio Martins,,Match Finished,FT,90.0,71,Serie A,Brazil,https://media.api-sports.io/football/leagues/71.png,https://media.api-sports.io/flags/br.svg,2004,Regular Season - 21,120,Botafogo,,False,152,Juventude,,True,0.0,1.0,,,,,,,,,,True,
81051188334,,UTC,2004-08-05T20:30:00+00:00,1091737800,1091737800.0,1091741400.0,,Morumbi,,Match Finished,FT,90.0,71,Serie A,Brazil,https://media.api-sports.io/football/leagues/71.png,https://media.api-sports.io/flags/br.svg,2004,Regular Season - 21,126,Sao Paulo,,True,136,Vitoria,,False,2.0,1.0,,,,,,,,,,True,
45107694769,,UTC,2004-08-07T18:00:00+00:00,1091901600,1091901600.0,1091905200.0,,Independência,,Match Finished,FT,90.0,71,Serie A,Brazil,https://media.api-sports.io/football/leagues/71.png,https://media.api-sports.io/flags/br.svg,2004,Regular Season - 22,1062,Atletico-MG,,True,130,Gremio,,False,3.0,0.0,,,,,,,,,,True,
91130952223,,UTC,2004-08-07T16:00:00+00:00,1091894400,1091894400.0,1091898000.0,,Serra Dourada,,Match Finished,FT,90.0,71,Serie A,Brazil,https://media.api-sports.io/football/leagues/71.png,https://media.api-sports.io/flags/br.svg,2004,Regular Season - 22,151,Goias,,False,147,Coritiba,,True,1.0,2.0,,,,,,,,,,True,
21528988419,,UTC,2004-08-07T16:00:00+00:00,1091894400,1091894400.0,1091898000.0,,Raulino de Oliveira,,Match Finished,FT,90.0,71,Serie A,Brazil,https://media.api-sports.io/football/leagues/71.png,https://media.api-sports.io/flags/br.svg,2004,Regular Season - 22,124,Fluminense,,True,122,Parana,,False,3.0,1.0,,,,,,,,,,True,
72940556886,,UTC,2004-08-07T16:00:00+00:00,1091894400,1091894400.0,1091898000.0,,Vila Belmiro,,Match Finished,FT,90.0,71,Serie A,Brazil,https://media.api-sports.io/football/leagues/71.png,https://media.api-sports.io/flags/br.svg,2004,Regular Season - 22,128,Santos,,False,539683,São Caetano,,True,0.0,1.0,,,,,,,,,,True,
91973341592,,UTC,2004-08-08T16:00:00+00:00,1091980800,1091980800.0,1091984400.0,,Pacaembu,,Match Finished,FT,90.0,71,Serie A,Brazil,https://media.api-sports.io/football/leagues/71.png,https://media.api-sports.io/flags/br.svg,2004,Regular Season - 22,131,Corinthians,,,120,Botafogo,,,2.0,2.0,,,,,,,,,,True,
28488467075,,UTC,2004-08-08T16:00:00+00:00,1091980800,1091980800.0,1091984400.0,,Alfredo Jaconi,,Match Finished,FT,90.0,71,Serie A,Brazil,https://media.api-sports.io/football/leagues/71.png,https://media.api-sports.io/flags/br.svg,2004,Regular Season - 22,152,Juventude,,,454769,Figueirense,,,0.0,0.0,,,,,,,,,,True,
75083835289,,UTC,2004-08-08T16:00:00+00:00,1091980800,1091980800.0,1091984400.0,,Brinco de Ouro,,Match Finished,FT,90.0,71,Serie A,Brazil,https://media.api-sports.io/football/leagues/71.png,https://media.api-sports.io/flags/br.svg,2004,Regular Season - 22,138,Guarani Campinas,,,303369,Paysandu,,,0.0,0.0,,,,,,,,,,True,
58254054466,,UTC,2004-08-08T18:00:00+00:00,1091988000,1091988000.0,1091991600.0,,Arena da Baixada,,Match Finished,FT,90.0,71,Serie A,Brazil,https://media.api-sports.io/football/leagues/71.png,https://media.api-sports.io/flags/br.svg,2004,Regular Season - 22,134,Atletico Paranaense,,True,133,Vasco DA Gama,,False,2.0,0.0,,,,,,,,,,True,
60309256755,,UTC,2004-08-08T16:00:00+00:00,1091980800,1091980800.0,1091984400.0,,Raulino de Oliveira,,Match Finished,FT,90.0,71,Serie A,Brazil,https://media.api-sports.io/football/leagues/71.png,https://media.api-sports.io/flags/br.svg,2004,Regular Season - 22,127,Flamengo,,True,126,Sao Paulo,,False,1.0,0.0,,,,,,,,,,True,
16602652761,,UTC,2004-08-08T18:00:00+00:00,1091988000,1091988000.0,1091991600.0,,Heriberto Hulse,,Match Finished,FT,90.0,71,Serie A,Brazil,https://media.api-sports.io/football/leagues/71.png,https://media.api-sports.io/flags/br.svg,2004,Regular Season - 22,140,Criciuma,,False,121,Palmeiras,,True,1.0,2.0,,,,,,,,,,True,
88043824439,,UTC,2004-08-08T16:00:00+00:00,1091980800,1091980800.0,1091984400.0,,Beira Rio,,Match Finished,FT,90.0,71,Serie A,Brazil,https://media.api-sports.io/football/leagues/71.png,https://media.api-sports.io/flags/br.svg,2004,Regular Season - 22,119,Internacional,,False,139,Ponte Preta,,True,1.0,2.0,,,,,,,,,,True,
81597738268,,UTC,2004-08-08T17:00:00+00:00,1091984400,1091984400.0,1091988000.0,,Barradão,,Match Finished,FT,90.0,71,Serie A,Brazil,https://media.api-sports.io/football/leagues/71.png,https://media.api-sports.io/flags/br.svg,2004,Regular Season - 22,136,Vitoria,,True,135,Cruzeiro,,False,3.0,2.0,,,,,,,,,,True,
32503703822,,UTC,2004-08-11T20:30:00+00:00,1092256200,1092256200.0,1092259800.0,,Olímpico Monumental,,Match Finished,FT,90.0,71,Serie A,Brazil,https://media.api-sports.io/football/leagues/71.png,https://media.api-sports.io/flags/br.svg,2004,Regular Season - 23,130,Gremio,,,138,Guarani Campinas,,,1.0,1.0,,,,,,,,,,True,
27782408813,,UTC,2004-08-11T21:45:00+00:00,1092260700,1092260700.0,1092264300.0,,Orlando Scarpelli,,Match Finished,FT,90.0,71,Serie A,Brazil,https://media.api-sports.io/football/leagues/71.png,https://media.api-sports.io/flags/br.svg,2004,Regular Season - 23,454769,Figueirense,,False,131,Corinthians,,True,0.0,1.0,,,,,,,,,,True,
82105468681,,UTC,2004-08-11T21:45:00+00:00,1092260700,1092260700.0,1092264300.0,,Mineirão,,Match Finished,FT,90.0,71,Serie A,Brazil,https://media.api-sports.io/football/leagues/71.png,https://media.api-sports.io/flags/br.svg,2004,Regular Season - 23,135,Cruzeiro,,True,127,Flamengo,,False,2.0,0.0,,,,,,,,,,True,
961008099,,UTC,2004-08-11T20:30:00+00:00,1092256200,1092256200.0,1092259800.0,,Pinheirão,,Match Finished,FT,90.0,71,Serie A,Brazil,https://media.api-sports.io/football/leagues/71.png,https://media.api-sports.io/flags/br.svg,2004,Regular Season - 23,122,Parana,,False,119,Internacional,,True,1.0,2.0,,,,,,,,,,True,
84694972937,,UTC,2004-08-11T20:30:00+00:00,1092256200,1092256200.0,1092259800.0,,Mangueirão,,Match Finished,FT,90.0,71,Serie A,Brazil,https://media.api-sports.io/football/leagues/71.png,https://media.api-sports.io/flags/br.svg,2004,Regular Season - 23,303369,Paysandu,,False,152,Juventude,,True,0.0,1.0,,,,,,,,,,True,
28744302476,,UTC,2004-08-11T20:30:00+00:00,1092256200,1092256200.0,1092259800.0,,Moisés Lucarelli,,Match Finished,FT,90.0,71,Serie A,Brazil,https://media.api-sports.io/football/leagues/71.png,https://media.api-sports.io/flags/br.svg,2004,Regular Season - 23,139,Ponte Preta,,True,136,Vitoria,,False,1.0,0.0,,,,,,,,,,True,
86920121980,,UTC,2004-08-11T21:45:00+00:00,1092260700,1092260700.0,1092264300.0,,São Januário,,Match Finished,FT,90.0,71,Serie A,Brazil,https://media.api-sports.io/football/leagues/71.png,https://media.api-sports.io/flags/br.svg,2004,Regular Season - 23,133,Vasco DA Gama,,False,128,Santos,,True,2.0,3.0,,,,,,,,,,True,
83944008128,,UTC,2004-08-11T20:30:00+00:00,1092256200,1092256200.0,1092259800.0,,Morumbi,,Match Finished,FT,90.0,71,Serie A,Brazil,https://media.api-sports.io/football/leagues/71.png,https://media.api-sports.io/flags/br.svg,2004,Regular Season - 23,126,Sao Paulo,,True,151,Goias,,False,4.0,0.0,,,,,,,,,,True,
51570192929,,UTC,2004-08-12T20:30:00+00:00,1092342600,1092342600.0,1092346200.0,,Anacleto Campanella,,Match Finished,FT,90.0,71,Serie A,Brazil,https://media.api-sports.io/football/leagues/71.png,https://media.api-sports.io/flags/br.svg,2004,Regular Season - 23,539683,São Caetano,,,1062,Atletico-MG,,,1.0,1.0,,,,,,,,,,True,
38194092846,,UTC,2004-08-12T20:30:00+00:00,1092342600,1092342600.0,1092346200.0,,Caio Martins,,Match Finished,FT,90.0,71,Serie A,Brazil,https://media.api-sports.io/football/leagues/71.png,https://media.api-sports.io/flags/br.svg,2004,Regular Season - 23,120,Botafogo,,,134,Atletico Paranaense,,,1.0,1.0,,,,,,,,,,True,
13602930665,,UTC,2004-08-12T20:30:00+00:00,1092342600,1092342600.0,1092346200.0,,Couto Pereira,,Match Finished,FT,90.0,71,Serie A,Brazil,https://media.api-sports.io/football/leagues/71.png,https://media.api-sports.io/flags/br.svg,2004,Regular Season - 23,147,Coritiba,,True,140,Criciuma,,False,1.0,0.0,,,,,,,,,,True,
77878123499,,UTC,2004-08-12T20:30:00+00:00,1092342600,1092342600.0,1092346200.0,,Parque Antártica,,Match Finished,FT,90.0,71,Serie A,Brazil,https://media.api-sports.io/football/leagues/71.png,https://media.api-sports.io/flags/br.svg,2004,Regular Season - 23,121,Palmeiras,,True,124,Fluminense,,False,3.0,2.0,,,,,,,,,,True,
16196279214,,UTC,2004-08-14T18:00:00+00:00,1092506400,1092506400.0,1092510000.0,,Pacaembu,,Match Finished,FT,90.0,71,Serie A,Brazil,https://media.api-sports.io/football/leagues/71.png,https://media.api-sports.io/flags/br.svg,2004,Regular Season - 24,131,Corinthians,,True,139,Ponte Preta,,False,2.0,0.0,,,,,,,,,,True,
95058214850,,UTC,2004-08-14T18:00:00+00:00,1092506400,1092506400.0,1092510000.0,,Maracanã,,Match Finished,FT,90.0,71,Serie A,Brazil,https://media.api-sports.io/football/leagues/71.png,https://media.api-sports.io/flags/br.svg,2004,Regular Season - 24,127,Flamengo,,True,130,Gremio,,False,3.0,0.0,,,,,,,,,,True,
10404372925,,UTC,2004-08-14T16:00:00+00:00,1092499200,1092499200.0,1092502800.0,,Beira Rio,,Match Finished,FT,90.0,71,Serie A,Brazil,https://media.api-sports.io/football/leagues/71.png,https://media.api-sports.io/flags/br.svg,2004,Regular Season - 24,119,Internacional,,True,454769,Figueirense,,False,4.0,0.0,,,,,,,,,,True,
43198032249,,UTC,2004-08-14T16:00:00+00:00,1092499200,1092499200.0,1092502800.0,,Alfredo Jaconi,,Match Finished,FT,90.0,71,Serie A,Brazil,https://media.api-sports.io/football/leagues/71.png,https://media.api-sports.io/flags/br.svg,2004,Regular Season - 24,152,Juventude,,True,135,Cruzeiro,,False,1.0,0.0,,,,,,,,,,True,
65340177147,,UTC,2004-08-15T16:00:00+00:00,1092585600,1092585600.0,1092589200.0,,Brinco de Ouro,,Match Finished,FT,90.0,71,Serie A,Brazil,https://media.api-sports.io/football/leagues/71.png,https://media.api-sports.io/flags/br.svg,2004,Regular Season - 24,138,Guarani Campinas,,,147,Coritiba,,,0.0,0.0,,,,,,,,,,True,
55678845532,,UTC,2004-08-15T16:00:00+00:00,1092585600,1092585600.0,1092589200.0,,Maracanã,,Match Finished,FT,90.0,71,Serie A,Brazil,https://media.api-sports.io/football/leagues/71.png,https://media.api-sports.io/flags/br.svg,2004,Regular Season - 24,124,Fluminense,,,303369,Paysandu,,,1.0,1.0,,,,,,,,,,True,
6284703063,,UTC,2004-08-15T18:00:00+00:00,1092592800,1092592800.0,1092596400.0,,Arena da Baixada,,Match Finished,FT,90.0,71,Serie A,Brazil,https://media.api-sports.io/football/leagues/71.png,https://media.api-sports.io/flags/br.svg,2004,Regular Season - 24,134,Atletico Paranaense,,True,126,Sao Paulo,,False,1.0,0.0,,,,,,,,,,True,
48115308845,,UTC,2004-08-15T16:00:00+00:00,1092585600,1092585600.0,1092589200.0,,Heriberto Hulse,,Match Finished,FT,90.0,71,Serie A,Brazil,https://media.api-sports.io/football/leagues/71.png,https://media.api-sports.io/flags/br.svg,2004,Regular Season - 24,140,Criciuma,,True,133,Vasco DA Gama,,False,1.0,0.0,,,,,,,,,,True,
13333207447,,UTC,2004-08-15T16:00:00+00:00,1092585600,1092585600.0,1092589200.0,,Serra Dourada,,Match Finished,FT,90.0,71,Serie A,Brazil,https://media.api-sports.io/football/leagues/71.png,https://media.api-sports.io/flags/br.svg,2004,Regular Season - 24,151,Goias,,True,120,Botafogo,,False,3.0,1.0,,,,,,,,,,True,
61040016288,,UTC,2004-08-15T16:00:00+00:00,1092585600,1092585600.0,1092589200.0,,Mineirão,,Match Finished,FT,90.0,71,Serie A,Brazil,https://media.api-sports.io/football/leagues/71.png,https://media.api-sports.io/flags/br.svg,2004,Regular Season - 24,1062,Atletico-MG,,False,121,Palmeiras,,True,1.0,2.0,,,,,,,,,,True,
87291852495,,UTC,2004-08-15T18:00:00+00:00,1092592800,1092592800.0,1092596400.0,,Vila Belmiro,,Match Finished,FT,90.0,71,Serie A,Brazil,https://media.api-sports.io/football/leagues/71.png,https://media.api-sports.io/flags/br.svg,2004,Regular Season - 24,128,Santos,,True,122,Parana,,False,5.0,1.0,,,,,,,,,,True,
84459859512,,UTC,2004-08-15T17:00:00+00:00,1092589200,1092589200.0,1092592800.0,,Barradão,,Match Finished,FT,90.0,71,Serie A,Brazil,https://media.api-sports.io/football/leagues/71.png,https://media.api-sports.io/flags/br.svg,2004,Regular Season - 24,136,Vitoria,,False,539683,São Caetano,,True,1.0,2.0,,,,,,,,,,True,
38256976347,,UTC,2004-08-18T20:30:00+00:00,1092861000,1092861000.0,1092864600.0,,Orlando Scarpelli,,Match Finished,FT,90.0,71,Serie A,Brazil,https://media.api-sports.io/football/leagues/71.png,https://media.api-sports.io/flags/br.svg,2004,Regular Season - 25,454769,Figueirense,,,134,Atletico Paranaense,,,1.0,1.0,,,,,,,,,,True,
40971237337,,UTC,2004-08-18T21:50:00+00:00,1092865800,1092865800.0,1092869400.0,,Caio Martins,,Match Finished,FT,90.0,71,Serie A,Brazil,https://media.api-sports.io/football/leagues/71.png,https://media.api-sports.io/flags/br.svg,2004,Regular Season - 25,120,Botafogo,,True,128,Santos,,False,2.0,0.0,,,,,,,,,,True,
17928435867,,UTC,2004-08-18T20:30:00+00:00,1092861000,1092861000.0,1092864600.0,,Mineirão,,Match Finished,FT,90.0,71,Serie A,Brazil,https://media.api-sports.io/football/leagues/71.png,https://media.api-sports.io/flags/br.svg,2004,Regular Season - 25,135,Cruzeiro,,False,151,Goias,,True,1.0,3.0,,,,,,,,,,True,
79496947008,,UTC,2004-08-18T20:30:00+00:00,1092861000,1092861000.0,1092864600.0,,Olímpico Monumental,,Match Finished,FT,90.0,71,Serie A,Brazil,https://media.api-sports.io/football/leagues/71.png,https://media.api-sports.io/flags/br.svg,2004,Regular Season - 25,130,Gremio,,False,152,Juventude,,True,2.0,4.0,,,,,,,,,,True,
93075975424,,UTC,2004-08-18T20:30:00+00:00,1092861000,1092861000.0,1092864600.0,,Parque Antártica,,Match Finished,FT,90.0,71,Serie A,Brazil,https://media.api-sports.io/football/leagues/71.png,https://media.api-sports.io/flags/br.svg,2004,Regular Season - 25,121,Palmeiras,,True,119,Internacional,,False,3.0,1.0,,,,,,,,,,True,
51278892396,,UTC,2004-08-18T20:30:00+00:00,1092861000,1092861000.0,1092864600.0,,Pinheirão,,Match Finished,FT,90.0,71,Serie A,Brazil,https://media.api-sports.io/football/leagues/71.png,https://media.api-sports.io/flags/br.svg,2004,Regular Season - 25,122,Parana,,True,136,Vitoria,,False,4.0,1.0,,,,,,,,,,True,
15103684085,,UTC,2004-08-18T21:50:00+00:00,1092865800,1092865800.0,1092869400.0,,Mangueirão,,Match Finished,FT,90.0,71,Serie A,Brazil,https://media.api-sports.io/football/leagues/71.png,https://media.api-sports.io/flags/br.svg,2004,Regular Season - 25,303369,Paysandu,,True,131,Corinthians,,False,2.0,1.0,,,,,,,,,,True,
46593965289,,UTC,2004-08-18T21:50:00+00:00,1092865800,1092865800.0,1092869400.0,,Moisés Lucarelli,,Match Finished,FT,90.0,71,Serie A,Brazil,https://media.api-sports.io/football/leagues/71.png,https://media.api-sports.io/flags/br.svg,2004,Regular Season - 25,139,Ponte Preta,,True,127,Flamengo,,False,1.0,0.0,,,,,,,,,,True,
51314646668,,UTC,2004-08-18T20:30:00+00:00,1092861000,1092861000.0,1092864600.0,,Anacleto Campanella,,Match Finished,FT,90.0,71,Serie A,Brazil,https://media.api-sports.io/football/leagues/71.png,https://media.api-sports.io/flags/br.svg,2004,Regular Season - 25,539683,São Caetano,,True,138,Guarani Campinas,,False,3.0,0.0,,,,,,,,,,True,
71884680337,,UTC,2004-08-19T20:30:00+00:00,1092947400,1092947400.0,1092951000.0,,Couto Pereira,,Match Finished,FT,90.0,71,Serie A,Brazil,https://media.api-sports.io/football/leagues/71.png,https://media.api-sports.io/flags/br.svg,2004,Regular Season - 25,147,Coritiba,,True,124,Fluminense,,False,2.0,0.0,,,,,,,,,,True,
5801306325,,UTC,2004-08-19T20:30:00+00:00,1092947400,1092947400.0,1092951000.0,,Morumbi,,Match Finished,FT,90.0,71,Serie A,Brazil,https://media.api-sports.io/football/leagues/71.png,https://media.api-sports.io/flags/br.svg,2004,Regular Season - 25,126,Sao Paulo,,True,140,Criciuma,,False,2.0,0.0,,,,,,,,,,True,
38802472058,,UTC,2004-08-19T20:30:00+00:00,1092947400,1092947400.0,1092951000.0,,São Januário,,Match Finished,FT,90.0,71,Serie A,Brazil,https://media.api-sports.io/football/leagues/71.png,https://media.api-sports.io/flags/br.svg,2004,Regular Season - 25,133,Vasco DA Gama,,True,1062,Atletico-MG,,False,3.0,0.0,,,,,,,,,,True,
21974362955,,UTC,2004-08-21T16:00:00+00:00,1093104000,1093104000.0,1093107600.0,,Pacaembu,,Match Finished,FT,90.0,71,Serie A,Brazil,https://media.api-sports.io/football/leagues/71.png,https://media.api-sports.io/flags/br.svg,2004,Regular Season - 26,131,Corinthians,,,130,Gremio,,,1.0,1.0,,,,,,,,,,True,
29304189850,,UTC,2004-08-21T16:00:00+00:00,1093104000,1093104000.0,1093107600.0,,Raulino de Oliveira,,Match Finished,FT,90.0,71,Serie A,Brazil,https://media.api-sports.io/football/leagues/71.png,https://media.api-sports.io/flags/br.svg,2004,Regular Season - 26,127,Flamengo,,True,122,Parana,,False,2.0,1.0,,,,,,,,,,True,
51254388421,,UTC,2004-08-22T18:00:00+00:00,1093197600,1093197600.0,1093201200.0,,Mineirão,,Match Finished,FT,90.0,71,Serie A,Brazil,https://media.api-sports.io/football/leagues/71.png,https://media.api-sports.io/flags/br.svg,2004,Regular Season - 26,1062,Atletico-MG,,,120,Botafogo,,,1.0,1.0,,,,,,,,,,True,
43737508931,,UTC,2004-08-22T16:00:00+00:00,1093190400,1093190400.0,1093194000.0,,Beira Rio,,Match Finished,FT,90.0,71,Serie A,Brazil,https://media.api-sports.io/football/leagues/71.png,https://media.api-sports.io/flags/br.svg,2004,Regular Season - 26,119,Internacional,,,147,Coritiba,,,1.0,1.0,,,,,,,,,,True,
21608389456,,UTC,2004-08-22T18:00:00+00:00,1093197600,1093197600.0,1093201200.0,,Barradão,,Match Finished,FT,90.0,71,Serie A,Brazil,https://media.api-sports.io/football/leagues/71.png,https://media.api-sports.io/flags/br.svg,2004,Regular Season - 26,136,Vitoria,,,121,Palmeiras,,,2.0,2.0,,,,,,,,,,True,
45177674422,,UTC,2004-08-22T16:00:00+00:00,1093190400,1093190400.0,1093194000.0,,Alfredo Jaconi,,Match Finished,FT,90.0,71,Serie A,Brazil,https://media.api-sports.io/football/leagues/71.png,https://media.api-sports.io/flags/br.svg,2004,Regular Season - 26,152,Juventude,,,539683,São Caetano,,,2.0,2.0,,,,,,,,,,True,
203656059,,UTC,2004-08-22T16:00:00+00:00,1093190400,1093190400.0,1093194000.0,,Brinco de Ouro,,Match Finished,FT,90.0,71,Serie A,Brazil,https://media.api-sports.io/football/leagues/71.png,https://media.api-sports.io/flags/br.svg,2004,Regular Season - 26,138,Guarani Campinas,,,133,Vasco DA Gama,,,1.0,1.0,,,,,,,,,,True,
85577492332,,UTC,2004-08-22T16:00:00+00:00,1093190400,1093190400.0,1093194000.0,,Arena da Baixada,,Match Finished,FT,90.0,71,Serie A,Brazil,https://media.api-sports.io/football/leagues/71.png,https://media.api-sports.io/flags/br.svg,2004,Regular Season - 26,134,Atletico Paranaense,,True,303369,Paysandu,,False,2.0,0.0,,,,,,,,,,True,
22820582961,,UTC,2004-08-22T16:00:00+00:00,1093190400,1093190400.0,1093194000.0,,Heriberto Hulse,,Match Finished,FT,90.0,71,Serie A,Brazil,https://media.api-sports.io/football/leagues/71.png,https://media.api-sports.io/flags/br.svg,2004,Regular Season - 26,140,Criciuma,,False,135,Cruzeiro,,True,1.0,2.0,,,,,,,,,,True,
54068963535,,UTC,2004-08-22T16:00:00+00:00,1093190400,1093190400.0,1093194000.0,,Raulino de Oliveira,,Match Finished,FT,90.0,71,Serie A,Brazil,https://media.api-sports.io/football/leagues/71.png,https://media.api-sports.io/flags/br.svg,2004,Regular Season - 26,124,Fluminense,,True,126,Sao Paulo,,False,1.0,0.0,,,,,,,,,,True,
41725526500,,UTC,2004-08-22T16:00:00+00:00,1093190400,1093190400.0,1093194000.0,,Serra Dourada,,Match Finished,FT,90.0,71,Serie A,Brazil,https://media.api-sports.io/football/leagues/71.png,https://media.api-sports.io/flags/br.svg,2004,Regular Season - 26,151,Goias,,True,139,Ponte Preta,,False,5.0,0.0,,,,,,,,,,True,
80574497571,,UTC,2004-08-22T15:30:00+00:00,1093188600,1093188600.0,1093192200.0,,Wilson de Barros,,Match Finished,FT,90.0,71,Serie A,Brazil,https://media.api-sports.io/football/leagues/71.png,https://media.api-sports.io/flags/br.svg,2004,Regular Season - 26,128,Santos,,True,454769,Figueirense,,False,4.0,1.0,,,,,,,,,,True,
7926242140,,UTC,2004-08-28T16:00:00+00:00,1093708800,1093708800.0,1093712400.0,,Caio Martins,,Match Finished,FT,90.0,71,Serie A,Brazil,https://media.api-sports.io/football/leagues/71.png,https://media.api-sports.io/flags/br.svg,2004,Regular Season - 27,120,Botafogo,,,140,Criciuma,,,1.0,1.0,,,,,,,,,,True,
78377331575,,UTC,2004-08-28T18:00:00+00:00,1093716000,1093716000.0,1093719600.0,,Olímpico Monumental,,Match Finished,FT,90.0,71,Serie A,Brazil,https://media.api-sports.io/football/leagues/71.png,https://media.api-sports.io/flags/br.svg,2004,Regular Season - 27,130,Gremio,,,151,Goias,,,1.0,1.0,,,,,,,,,,True,
64151556834,,UTC,2004-08-28T16:00:00+00:00,1093708800,1093708800.0,1093712400.0,,Morumbi,,Match Finished,FT,90.0,71,Serie A,Brazil,https://media.api-sports.io/football/leagues/71.png,https://media.api-sports.io/flags/br.svg,2004,Regular Season - 27,126,Sao Paulo,,,138,Guarani Campinas,,,3.0,3.0,,,,,,,,,,True,
26156107031,,UTC,2004-08-28T16:00:00+00:00,1093708800,1093708800.0,1093712400.0,,Pinheirão,,Match Finished,FT,90.0,71,Serie A,Brazil,https://media.api-sports.io/football/leagues/71.png,https://media.api-sports.io/flags/br.svg,2004,Regular Season - 27,122,Parana,,False,152,Juventude,,True,1.0,2.0,,,,,,,,,,True,
44111171994,,UTC,2004-08-28T18:00:00+00:00,1093716000,1093716000.0,1093719600.0,,Mangueirão,,Match Finished,FT,90.0,71,Serie A,Brazil,https://media.api-sports.io/football/leagues/71.png,https://media.api-sports.io/flags/br.svg,2004,Regular Season - 27,303369,Paysandu,,True,119,Internacional,,False,2.0,1.0,,,,,,,,,,True,
95961127571,,UTC,2004-08-29T18:00:00+00:00,1093802400,1093802400.0,1093806000.0,,Moisés Lucarelli,,Match Finished,FT,90.0,71,Serie A,Brazil,https://media.api-sports.io/football/leagues/71.png,https://media.api-sports.io/flags/br.svg,2004,Regular Season - 27,139,Ponte Preta,,,1062,Atletico-MG,,,1.0,1.0,,,,,,,,,,True,
90761081945,,UTC,2004-08-29T16:00:00+00:00,1093795200,1093795200.0,1093798800.0,,Maracanã,,Match Finished,FT,90.0,71,Serie A,Brazil,https://media.api-sports.io/football/leagues/71.png,https://media.api-sports.io/flags/br.svg,2004,Regular Season - 27,133,Vasco DA Gama,,,124,Fluminense,,,1.0,1.0,,,,,,,,,,True,
90516396853,,UTC,2004-08-29T18:00:00+00:00,1093802400,1093802400.0,1093806000.0,,Mineirão,,Match Finished,FT,90.0,71,Serie A,Brazil,https://media.api-sports.io/football/leagues/71.png,https://media.api-sports.io/flags/br.svg,2004,Regular Season - 27,135,Cruzeiro,,,128,Santos,,,4.0,4.0,,,,,,,,,,True,
62147636024,,UTC,2004-08-29T16:00:00+00:00,1093795200,1093795200.0,1093798800.0,,Couto Pereira,,Match Finished,FT,90.0,71,Serie A,Brazil,https://media.api-sports.io/football/leagues/71.png,https://media.api-sports.io/flags/br.svg,2004,Regular Season - 27,147,Coritiba,,False,134,Atletico Paranaense,,True,1.0,2.0,,,,,,,,,,True,
86950785597,,UTC,2004-08-29T16:00:00+00:00,1093795200,1093795200.0,1093798800.0,,Morumbi,,Match Finished,FT,90.0,71,Serie A,Brazil,https://media.api-sports.io/football/leagues/71.png,https://media.api-sports.io/flags/br.svg,2004,Regular Season - 27,121,Palmeiras,,False,131,Corinthians,,True,0.0,1.0,,,,,,,,,,True,
55213909808,,UTC,2004-08-29T16:00:00+00:00,1093795200,1093795200.0,1093798800.0,,Orlando Scarpelli,,Match Finished,FT,90.0,71,Serie A,Brazil,https://media.api-sports.io/football/leagues/71.png,https://media.api-sports.io/flags/br.svg,2004,Regular Season - 27,454769,Figueirense,,True,136,Vitoria,,False,2.0,1.0,,,,,,,,,,True,
9535033864,,UTC,2004-08-29T16:00:00+00:00,1093795200,1093795200.0,1093798800.0,,Anacleto Campanella,,Match Finished,FT,90.0,71,Serie A,Brazil,https://media.api-sports.io/football/leagues/71.png,https://media.api-sports.io/flags/br.svg,2004,Regular Season - 27,539683,São Caetano,,False,127,Flamengo,,True,0.0,1.0,,,,,,,,,,True,
64573630642,,UTC,2004-09-01T21:50:00+00:00,1094075400,1094075400.0,1094079000.0,,Moisés Lucarelli,,Match Finished,FT,90.0,71,Serie A,Brazil,https://media.api-sports.io/football/leagues/71.png,https://media.api-sports.io/flags/br.svg,2004,Regular Season - 28,139,Ponte Preta,,,121,Palmeiras,,,0.0,0.0,,,,,,,,,,True,
232803619,,UTC,2004-09-01T21:50:00+00:00,1094075400,1094075400.0,1094079000.0,,Pacaembu,,Match Finished,FT,90.0,71,Serie A,Brazil,https://media.api-sports.io/football/leagues/71.png,https://media.api-sports.io/flags/br.svg,2004,Regular Season - 28,131,Corinthians,,True,1062,Atletico-MG,,False,1.0,0.0,,,,,,,,,,True,
100195961,,UTC,2004-09-01T20:30:00+00:00,1094070600,1094070600.0,1094074200.0,,Morumbi,,Match Finished,FT,90.0,71,Serie A,Brazil,https://media.api-sports.io/football/leagues/71.png,https://media.api-sports.io/flags/br.svg,2004,Regular Season - 28,126,Sao Paulo,,False,147,Coritiba,,True,2.0,3.0,,,,,,,,,,True,
90929915814,,UTC,2004-09-01T20:30:00+00:00,1094070600,1094070600.0,1094074200.0,,Orlando Scarpelli,,Match Finished,FT,90.0,71,Serie A,Brazil,https://media.api-sports.io/football/leagues/71.png,https://media.api-sports.io/flags/br.svg,2004,Regular Season - 28,454769,Figueirense,,True,151,Goias,,False,3.0,2.0,,,,,,,,,,True,
11214464475,,UTC,2004-09-01T20:30:00+00:00,1094070600,1094070600.0,1094074200.0,,Maracanã,,Match Finished,FT,90.0,71,Serie A,Brazil,https://media.api-sports.io/football/leagues/71.png,https://media.api-sports.io/flags/br.svg,2004,Regular Season - 28,124,Fluminense,,True,119,Internacional,,False,3.0,1.0,,,,,,,,,,True,
37215153146,,UTC,2004-09-01T20:30:00+00:00,1094070600,1094070600.0,1094074200.0,,Mineirão,,Match Finished,FT,90.0,71,Serie A,Brazil,https://media.api-sports.io/football/leagues/71.png,https://media.api-sports.io/flags/br.svg,2004,Regular Season - 28,135,Cruzeiro,,False,122,Parana,,True,1.0,4.0,,,,,,,,,,True,
30519707296,,UTC,2004-09-01T21:50:00+00:00,1094075400,1094075400.0,1094079000.0,,Alfredo Jaconi,,Match Finished,FT,90.0,71,Serie A,Brazil,https://media.api-sports.io/football/leagues/71.png,https://media.api-sports.io/flags/br.svg,2004,Regular Season - 28,152,Juventude,,False,128,Santos,,True,1.0,2.0,,,,,,,,,,True,
71740138832,,UTC,2004-09-01T20:30:00+00:00,1094070600,1094070600.0,1094074200.0,,Heriberto Hulse,,Match Finished,FT,90.0,71,Serie A,Brazil,https://media.api-sports.io/football/leagues/71.png,https://media.api-sports.io/flags/br.svg,2004,Regular Season - 28,140,Criciuma,,False,539683,São Caetano,,True,0.0,4.0,,,,,,,,,,True,
30023343492,,UTC,2004-09-02T20:30:00+00:00,1094157000,1094157000.0,1094160600.0,,Arena da Baixada,,Match Finished,FT,90.0,71,Serie A,Brazil,https://media.api-sports.io/football/leagues/71.png,https://media.api-sports.io/flags/br.svg,2004,Regular Season - 28,134,Atletico Paranaense,,True,138,Guarani Campinas,,False,2.0,0.0,,,,,,,,,,True,
10738516882,,UTC,2004-09-02T20:30:00+00:00,1094157000,1094157000.0,1094160600.0,,Raulino de Oliveira,,Match Finished,FT,90.0,71,Serie A,Brazil,https://media.api-sports.io/football/leagues/71.png,https://media.api-sports.io/flags/br.svg,2004,Regular Season - 28,127,Flamengo,,True,136,Vitoria,,False,2.0,0.0,,,,,,,,,,True,
31262862512,,UTC,2004-09-02T20:30:00+00:00,1094157000,1094157000.0,1094160600.0,,Mangueirão,,Match Finished,FT,90.0,71,Serie A,Brazil,https://media.api-sports.io/football/leagues/71.png,https://media.api-sports.io/flags/br.svg,2004,Regular Season - 28,303369,Paysandu,,True,120,Botafogo,,False,2.0,0.0,,,,,,,,,,True,
74552484942,,UTC,2004-09-02T20:30:00+00:00,1094157000,1094157000.0,1094160600.0,,Olímpico Monumental,,Match Finished,FT,90.0,71,Serie A,Brazil,https://media.api-sports.io/football/leagues/71.png,https://media.api-sports.io/flags/br.svg,2004,Regular Season - 28,130,Gremio,,False,133,Vasco DA Gama,,True,1.0,2.0,,,,,,,,,,True,
79440300862,,UTC,2004-09-07T16:00:00+00:00,1094572800,1094572800.0,1094576400.0,,Parque Antártica,,Match Finished,FT,90.0,71,Serie A,Brazil,https://media.api-sports.io/football/leagues/71.png,https://media.api-sports.io/flags/br.svg,2004,Regular Season - 29,121,Palmeiras,,False,135,Cruzeiro,,True,1.0,3.0,,,,,,,,,,True,
376616974,,UTC,2004-09-07T16:00:00+00:00,1094572800,1094572800.0,1094576400.0,,São Januário,,Match Finished,FT,90.0,71,Serie A,Brazil,https://media.api-sports.io/football/leagues/71.png,https://media.api-sports.io/flags/br.svg,2004,Regular Season - 29,133,Vasco DA Gama,,False,303369,Paysandu,,True,0.0,1.0,,,,,,,,,,True,
60951096883,,UTC,2004-09-08T21:50:00+00:00,1094680200,1094680200.0,1094683800.0,,Vila Belmiro,,Match Finished,FT,90.0,71,Serie A,Brazil,https://media.api-sports.io/football/leagues/71.png,https://media.api-sports.io/flags/br.svg,2004,Regular Season - 29,128,Santos,,,134,Atletico Paranaense,,,1.0,1.0,,,,,,,,,,True,
60326066895,,UTC,2004-09-08T21:50:00+00:00,1094680200,1094680200.0,1094683800.0,,Beira Rio,,Match Finished,FT,90.0,71,Serie A,Brazil,https://media.api-sports.io/football/leagues/71.png,https://media.api-sports.io/flags/br.svg,2004,Regular Season - 29,119,Internacional,,,127,Flamengo,,,0.0,0.0,,,,,,,,,,True,
44816472577,,UTC,2004-09-08T20:30:00+00:00,1094675400,1094675400.0,1094679000.0,,Mineirão,,Match Finished,FT,90.0,71,Serie A,Brazil,https://media.api-sports.io/football/leagues/71.png,https://media.api-sports.io/flags/br.svg,2004,Regular Season - 29,1062,Atletico-MG,,,152,Juventude,,,1.0,1.0,,,,,,,,,,True,
91872851851,,UTC,2004-09-08T21:50:00+00:00,1094680200,1094680200.0,1094683800.0,,Brinco de Ouro,,Match Finished,FT,90.0,71,Serie A,Brazil,https://media.api-sports.io/football/leagues/71.png,https://media.api-sports.io/flags/br.svg,2004,Regular Season - 29,138,Guarani Campinas,,False,131,Corinthians,,True,0.0,1.0,,,,,,,,,,True,
69404252795,,UTC,2004-09-08T20:30:00+00:00,1094675400,1094675400.0,1094679000.0,,Serra Dourada,,Match Finished,FT,90.0,71,Serie A,Brazil,https://media.api-sports.io/football/leagues/71.png,https://media.api-sports.io/flags/br.svg,2004,Regular Season - 29,151,Goias,,True,140,Criciuma,,False,2.0,1.0,,,,,,,,,,True,
81236138976,,UTC,2004-09-08T20:30:00+00:00,1094675400,1094675400.0,1094679000.0,,Anacleto Campanella,,Match Finished,FT,90.0,71,Serie A,Brazil,https://media.api-sports.io/football/leagues/71.png,https://media.api-sports.io/flags/br.svg,2004,Regular Season - 29,539683,São Caetano,,True,454769,Figueirense,,False,1.0,0.0,,,,,,,,,,True,
85923361299,,UTC,2004-09-08T20:30:00+00:00,1094675400,1094675400.0,1094679000.0,,Pinheirão,,Match Finished,FT,90.0,71,Serie A,Brazil,https://media.api-sports.io/football/leagues/71.png,https://media.api-sports.io/flags/br.svg,2004,Regular Season - 29,122,Parana,,False,126,Sao Paulo,,True,0.0,2.0,,,,,,,,,,True,
58089312859,,UTC,2004-09-09T20:30:00+00:00,1094761800,1094761800.0,1094765400.0,,Caio Martins,,Match Finished,FT,90.0,71,Serie A,Brazil,https://media.api-sports.io/football/leagues/71.png,https://media.api-sports.io/flags/br.svg,2004,Regular Season - 29,120,Botafogo,,True,130,Gremio,,False,2.0,1.0,,,,,,,,,,True,
45537852333,,UTC,2004-09-09T20:30:00+00:00,1094761800,1094761800.0,1094765400.0,,Couto Pereira,,Match Finished,FT,90.0,71,Serie A,Brazil,https://media.api-sports.io/football/leagues/71.png,https://media.api-sports.io/flags/br.svg,2004,Regular Season - 29,147,Coritiba,,True,139,Ponte Preta,,False,2.0,0.0,,,,,,,,,,True,
95649513186,,UTC,2004-09-09T20:30:00+00:00,1094761800,1094761800.0,1094765400.0,,Barradão,,Match Finished,FT,90.0,71,Serie A,Brazil,https://media.api-sports.io/football/leagues/71.png,https://media.api-sports.io/flags/br.svg,2004,Regular Season - 29,136,Vitoria,,False,124,Fluminense,,True,2.0,3.0,,,,,,,,,,True,
65164411363,,UTC,2004-09-11T16:00:00+00:00,1094918400,1094918400.0,1094922000.0,,Pacaembu,,Match Finished,FT,90.0,71,Serie A,Brazil,https://media.api-sports.io/football/leagues/71.png,https://media.api-sports.io/flags/br.svg,2004,Regular Season - 30,126,Sao Paulo,,,135,Cruzeiro,,,0.0,0.0,,,,,,,,,,True,
11598202532,,UTC,2004-09-11T18:00:00+00:00,1094925600,1094925600.0,1094929200.0,,Serra Dourada,,Match Finished,FT,90.0,71,Serie A,Brazil,https://media.api-sports.io/football/leagues/71.png,https://media.api-sports.io/flags/br.svg,2004,Regular Season - 30,151,Goias,,True,119,Internacional,,False,1.0,0.0,,,,,,,,,,True,
92253256512,,UTC,2004-09-11T16:00:00+00:00,1094918400,1094918400.0,1094922000.0,,Brinco de Ouro,,Match Finished,FT,90.0,71,Serie A,Brazil,https://media.api-sports.io/football/leagues/71.png,https://media.api-sports.io/flags/br.svg,2004,Regular Season - 30,138,Guarani Campinas,,True,152,Juventude,,False,3.0,1.0,,,,,,,,,,True,
19160379355,,UTC,2004-09-11T16:00:00+00:00,1094918400,1094918400.0,1094922000.0,,Maracanã,,Match Finished,FT,90.0,71,Serie A,Brazil,https://media.api-sports.io/football/leagues/71.png,https://media.api-sports.io/flags/br.svg,2004,Regular Season - 30,133,Vasco DA Gama,,False,539683,São Caetano,,True,1.0,2.0,,,,,,,,,,True,
76828852309,,UTC,2004-09-12T18:00:00+00:00,1095012000,1095012000.0,1095015600.0,,Olímpico Monumental,,Match Finished,FT,90.0,71,Serie A,Brazil,https://media.api-sports.io/football/leagues/71.png,https://media.api-sports.io/flags/br.svg,2004,Regular Season - 30,130,Gremio,,,303369,Paysandu,,,1.0,1.0,,,,,,,,,,True,
34924582921,,UTC,2004-09-12T18:00:00+00:00,1095012000,1095012000.0,1095015600.0,,Mineirão,,Match Finished,FT,90.0,71,Serie A,Brazil,https://media.api-sports.io/football/leagues/71.png,https://media.api-sports.io/flags/br.svg,2004,Regular Season - 30,1062,Atletico-MG,,True,147,Coritiba,,False,2.0,1.0,,,,,,,,,,True,
42068894857,,UTC,2004-09-12T16:00:00+00:00,1095004800,1095004800.0,1095008400.0,,Arena da Baixada,,Match Finished,FT,90.0,71,Serie A,Brazil,https://media.api-sports.io/football/leagues/71.png,https://media.api-sports.io/flags/br.svg,2004,Regular Season - 30,134,Atletico Paranaense,,True,131,Corinthians,,False,3.0,1.0,,,,,,,,,,True,
50556823846,,UTC,2004-09-12T16:00:00+00:00,1095004800,1095004800.0,1095008400.0,,Orlando Scarpelli,,Match Finished,FT,90.0,71,Serie A,Brazil,https://media.api-sports.io/football/leagues/71.png,https://media.api-sports.io/flags/br.svg,2004,Regular Season - 30,454769,Figueirense,,True,120,Botafogo,,False,3.0,1.0,,,,,,,,,,True,
66575438816,,UTC,2004-09-12T16:00:00+00:00,1095004800,1095004800.0,1095008400.0,,Maracanã,,Match Finished,FT,90.0,71,Serie A,Brazil,https://media.api-sports.io/football/leagues/71.png,https://media.api-sports.io/flags/br.svg,2004,Regular Season - 30,124,Fluminense,,True,127,Flamengo,,False,2.0,1.0,,,,,,,,,,True,
73453216545,,UTC,2004-09-12T16:00:00+00:00,1095004800,1095004800.0,1095008400.0,,Moisés Lucarelli,,Match Finished,FT,90.0,71,Serie A,Brazil,https://media.api-sports.io/football/leagues/71.png,https://media.api-sports.io/flags/br.svg,2004,Regular Season - 30,139,Ponte Preta,,False,122,Parana,,True,0.0,2.0,,,,,,,,,,True,
72650872515,,UTC,2004-09-12T16:00:00+00:00,1095004800,1095004800.0,1095008400.0,,Pacaembu,,Match Finished,FT,90.0,71,Serie A,Brazil,https://media.api-sports.io/football/leagues/71.png,https://media.api-sports.io/flags/br.svg,2004,Regular Season - 30,121,Palmeiras,,False,128,Santos,,True,1.0,2.0,,,,,,,,,,True,
29654646670,,UTC,2004-09-12T16:00:00+00:00,1095004800,1095004800.0,1095008400.0,,Barradão,,Match Finished,FT,90.0,71,Serie A,Brazil,https://media.api-sports.io/football/leagues/71.png,https://media.api-sports.io/flags/br.svg,2004,Regular Season - 30,136,Vitoria,,True,140,Criciuma,,False,1.0,0.0,,,,,,,,,,True,
77306345373,,UTC,2004-09-18T16:00:00+00:00,1095523200,1095523200.0,1095526800.0,,Pinheirão,,Match Finished,FT,90.0,71,Serie A,Brazil,https://media.api-sports.io/football/leagues/71.png,https://media.api-sports.io/flags/br.svg,2004,Regular Season - 31,122,Parana,,,138,Guarani Campinas,,,0.0,0.0,,,,,,,,,,True,
58141293966,,UTC,2004-09-18T18:00:00+00:00,1095530400,1095530400.0,1095534000.0,,Heriberto Hulse,,Match Finished,FT,90.0,71,Serie A,Brazil,https://media.api-sports.io/football/leagues/71.png,https://media.api-sports.io/flags/br.svg,2004,Regular Season - 31,140,Criciuma,,False,124,Fluminense,,True,0.0,2.0,,,,,,,,,,True,
54936463976,,UTC,2004-09-18T18:00:00+00:00,1095530400,1095530400.0,1095534000.0,,Vila Belmiro,,Match Finished,FT,90.0,71,Serie A,Brazil,https://media.api-sports.io/football/leagues/71.png,https://media.api-sports.io/flags/br.svg,2004,Regular Season - 31,128,Santos,,True,1062,Atletico-MG,,False,2.0,0.0,,,,,,,,,,True,
55126529467,,UTC,2004-09-18T16:00:00+00:00,1095523200,1095523200.0,1095526800.0,,Anacleto Campanella,,Match Finished,FT,90.0,71,Serie A,Brazil,https://media.api-sports.io/football/leagues/71.png,https://media.api-sports.io/flags/br.svg,2004,Regular Season - 31,539683,São Caetano,,True,130,Gremio,,False,2.0,0.0,,,,,,,,,,True,
82689195601,,UTC,2004-09-19T18:00:00+00:00,1095616800,1095616800.0,1095620400.0,,Couto Pereira,,Match Finished,FT,90.0,71,Serie A,Brazil,https://media.api-sports.io/football/leagues/71.png,https://media.api-sports.io/flags/br.svg,2004,Regular Season - 31,147,Coritiba,,,121,Palmeiras,,,0.0,0.0,,,,,,,,,,True,
10432605851,,UTC,2004-09-19T16:00:00+00:00,1095609600,1095609600.0,1095613200.0,,Morumbi,,Match Finished,FT,90.0,71,Serie A,Brazil,https://media.api-sports.io/football/leagues/71.png,https://media.api-sports.io/flags/br.svg,2004,Regular Season - 31,131,Corinthians,,,126,Sao Paulo,,,0.0,0.0,,,,,,,,,,True,
68204083251,,UTC,2004-09-19T16:00:00+00:00,1095609600,1095609600.0,1095613200.0,,Maracanã,,Match Finished,FT,90.0,71,Serie A,Brazil,https://media.api-sports.io/football/leagues/71.png,https://media.api-sports.io/flags/br.svg,2004,Regular Season - 31,120,Botafogo,,,133,Vasco DA Gama,,,2.0,2.0,,,,,,,,,,True,
14771060727,,UTC,2004-09-19T18:00:00+00:00,1095616800,1095616800.0,1095620400.0,,Mineirão,,Match Finished,FT,90.0,71,Serie A,Brazil,https://media.api-sports.io/football/leagues/71.png,https://media.api-sports.io/flags/br.svg,2004,Regular Season - 31,135,Cruzeiro,,False,134,Atletico Paranaense,,True,2.0,4.0,,,,,,,,,,True,
72807759642,,UTC,2004-09-19T16:00:00+00:00,1095609600,1095609600.0,1095613200.0,,Raulino de Oliveira,,Match Finished,FT,90.0,71,Serie A,Brazil,https://media.api-sports.io/football/leagues/71.png,https://media.api-sports.io/flags/br.svg,2004,Regular Season - 31,127,Flamengo,,True,151,Goias,,False,4.0,0.0,,,,,,,,,,True,
70147770878,,UTC,2004-09-19T16:00:00+00:00,1095609600,1095609600.0,1095613200.0,,Beira Rio,,Match Finished,FT,90.0,71,Serie A,Brazil,https://media.api-sports.io/football/leagues/71.png,https://media.api-sports.io/flags/br.svg,2004,Regular Season - 31,119,Internacional,,True,136,Vitoria,,False,2.0,1.0,,,,,,,,,,True,
46228594196,,UTC,2004-09-19T16:00:00+00:00,1095609600,1095609600.0,1095613200.0,,Mangueirão,,Match Finished,FT,90.0,71,Serie A,Brazil,https://media.api-sports.io/football/leagues/71.png,https://media.api-sports.io/flags/br.svg,2004,Regular Season - 31,303369,Paysandu,,True,454769,Figueirense,,False,3.0,1.0,,,,,,,,,,True,
58107417502,,UTC,2004-09-19T16:00:00+00:00,1095609600,1095609600.0,1095613200.0,,Alfredo Jaconi,,Match Finished,FT,90.0,71,Serie A,Brazil,https://media.api-sports.io/football/leagues/71.png,https://media.api-sports.io/flags/br.svg,2004,Regular Season - 31,152,Juventude,,False,139,Ponte Preta,,True,1.0,2.0,,,,,,,,,,True,
37769610800,,UTC,2004-09-24T20:30:00+00:00,1096057800,1096057800.0,1096061400.0,,Orlando Scarpelli,,Match Finished,FT,90.0,71,Serie A,Brazil,https://media.api-sports.io/football/leagues/71.png,https://media.api-sports.io/flags/br.svg,2004,Regular Season - 32,454769,Figueirense,,False,139,Ponte Preta,,True,0.0,1.0,,,,,,,,,,True,
78628891436,,UTC,2004-09-25T18:00:00+00:00,1096135200,1096135200.0,1096138800.0,,Brinco de Ouro,,Match Finished,FT,90.0,71,Serie A,Brazil,https://media.api-sports.io/football/leagues/71.png,https://media.api-sports.io/flags/br.svg,2004,Regular Season - 32,138,Guarani Campinas,,,124,Fluminense,,,1.0,1.0,,,,,,,,,,True,
76570831431,,UTC,2004-09-25T16:00:00+00:00,1096128000,1096128000.0,1096131600.0,,Mineirão,,Match Finished,FT,90.0,71,Serie A,Brazil,https://media.api-sports.io/football/leagues/71.png,https://media.api-sports.io/flags/br.svg,2004,Regular Season - 32,1062,Atletico-MG,,,119,Internacional,,,1.0,1.0,,,,,,,,,,True,
71748016114,,UTC,2004-09-25T18:00:00+00:00,1096135200,1096135200.0,1096138800.0,,Olímpico Monumental,,Match Finished,FT,90.0,71,Serie A,Brazil,https://media.api-sports.io/football/leagues/71.png,https://media.api-sports.io/flags/br.svg,2004,Regular Season - 32,130,Gremio,,True,126,Sao Paulo,,False,2.0,1.0,,,,,,,,,,True,
54571628306,,UTC,2004-09-25T16:00:00+00:00,1096128000,1096128000.0,1096131600.0,,Mangueirão,,Match Finished,FT,90.0,71,Serie A,Brazil,https://media.api-sports.io/football/leagues/71.png,https://media.api-sports.io/flags/br.svg,2004,Regular Season - 32,303369,Paysandu,,True,135,Cruzeiro,,False,3.0,1.0,,,,,,,,,,True,
44046031026,,UTC,2004-09-25T16:00:00+00:00,1096128000,1096128000.0,1096131600.0,,Anacleto Campanella,,Match Finished,FT,90.0,71,Serie A,Brazil,https://media.api-sports.io/football/leagues/71.png,https://media.api-sports.io/flags/br.svg,2004,Regular Season - 32,539683,São Caetano,,True,147,Coritiba,,False,1.0,0.0,,,,,,,,,,True,
61085509401,,UTC,2004-09-26T16:00:00+00:00,1096214400,1096214400.0,1096218000.0,,Arena da Baixada,,Match Finished,FT,90.0,71,Serie A,Brazil,https://media.api-sports.io/football/leagues/71.png,https://media.api-sports.io/flags/br.svg,2004,Regular Season - 32,134,Atletico Paranaense,,True,127,Flamengo,,False,2.0,1.0,,,,,,,,,,True,
1692805520,,UTC,2004-09-26T18:00:00+00:00,1096221600,1096221600.0,1096225200.0,,Caio Martins,,Match Finished,FT,90.0,71,Serie A,Brazil,https://media.api-sports.io/football/leagues/71.png,https://media.api-sports.io/flags/br.svg,2004,Regular Season - 32,120,Botafogo,,True,122,Parana,,False,4.0,3.0,,,,,,,,,,True,
20121894494,,UTC,2004-09-26T16:00:00+00:00,1096214400,1096214400.0,1096218000.0,,Pacaembu,,Match Finished,FT,90.0,71,Serie A,Brazil,https://media.api-sports.io/football/leagues/71.png,https://media.api-sports.io/flags/br.svg,2004,Regular Season - 32,131,Corinthians,,True,151,Goias,,False,1.0,0.0,,,,,,,,,,True,
13526756941,,UTC,2004-09-26T16:00:00+00:00,1096214400,1096214400.0,1096218000.0,,Alfredo Jaconi,,Match Finished,FT,90.0,71,Serie A,Brazil,https://media.api-sports.io/football/leagues/71.png,https://media.api-sports.io/flags/br.svg,2004,Regular Season - 32,152,Juventude,,True,140,Criciuma,,False,1.0,0.0,,,,,,,,,,True,
59891729632,,UTC,2004-09-26T16:00:00+00:00,1096214400,1096214400.0,1096218000.0,,São Januário,,Match Finished,FT,90.0,71,Serie A,Brazil,https://media.api-sports.io/football/leagues/71.png,https://media.api-sports.io/flags/br.svg,2004,Regular Season - 32,133,Vasco DA Gama,,False,121,Palmeiras,,True,2.0,5.0,,,,,,,,,,True,
3505261809,,UTC,2004-09-26T18:00:00+00:00,1096221600,1096221600.0,1096225200.0,,Vila Belmiro,,Match Finished,FT,90.0,71,Serie A,Brazil,https://media.api-sports.io/football/leagues/71.png,https://media.api-sports.io/flags/br.svg,2004,Regular Season - 32,128,Santos,,True,136,Vitoria,,False,4.0,1.0,,,,,,,,,,True,
89039235091,,UTC,2004-09-28T20:30:00+00:00,1096403400,1096403400.0,1096407000.0,,Maracanã,,Match Finished,FT,90.0,71,Serie A,Brazil,https://media.api-sports.io/football/leagues/71.png,https://media.api-sports.io/flags/br.svg,2004,Regular Season - 33,124,Fluminense,,,1062,Atletico-MG,,,1.0,1.0,,,,,,,,,,True,
77648900267,,UTC,2004-09-28T20:30:00+00:00,1096403400,1096403400.0,1096407000.0,,Mineirão,,Match Finished,FT,90.0,71,Serie A,Brazil,https://media.api-sports.io/football/leagues/71.png,https://media.api-sports.io/flags/br.svg,2004,Regular Season - 33,135,Cruzeiro,,,454769,Figueirense,,,3.0,3.0,,,,,,,,,,True,
83335539791,,UTC,2004-09-28T20:30:00+00:00,1096403400,1096403400.0,1096407000.0,,Couto Pereira,,Match Finished,FT,90.0,71,Serie A,Brazil,https://media.api-sports.io/football/leagues/71.png,https://media.api-sports.io/flags/br.svg,2004,Regular Season - 33,147,Coritiba,,True,130,Gremio,,False,2.0,1.0,,,,,,,,,,True,
91271608975,,UTC,2004-09-28T20:30:00+00:00,1096403400,1096403400.0,1096407000.0,,Morumbi,,Match Finished,FT,90.0,71,Serie A,Brazil,https://media.api-sports.io/football/leagues/71.png,https://media.api-sports.io/flags/br.svg,2004,Regular Season - 33,126,Sao Paulo,,True,303369,Paysandu,,False,7.0,0.0,,,,,,,,,,True,
68699232772,,UTC,2004-09-29T21:50:00+00:00,1096494600,1096494600.0,1096498200.0,,Moisés Lucarelli,,Match Finished,FT,90.0,71,Serie A,Brazil,https://media.api-sports.io/football/leagues/71.png,https://media.api-sports.io/flags/br.svg,2004,Regular Season - 33,139,Ponte Preta,,,120,Botafogo,,,1.0,1.0,,,,,,,,,,True,
36840604671,,UTC,2004-09-29T21:50:00+00:00,1096494600,1096494600.0,1096498200.0,,Maracanã,,Match Finished,FT,90.0,71,Serie A,Brazil,https://media.api-sports.io/football/leagues/71.png,https://media.api-sports.io/flags/br.svg,2004,Regular Season - 33,127,Flamengo,,,131,Corinthians,,,0.0,0.0,,,,,,,,,,True,
66884110067,,UTC,2004-09-29T20:30:00+00:00,1096489800,1096489800.0,1096493400.0,,Heriberto Hulse,,Match Finished,FT,90.0,71,Serie A,Brazil,https://media.api-sports.io/football/leagues/71.png,https://media.api-sports.io/flags/br.svg,2004,Regular Season - 33,140,Criciuma,,,138,Guarani Campinas,,,1.0,1.0,,,,,,,,,,True,
99311122023,,UTC,2004-09-29T20:30:00+00:00,1096489800,1096489800.0,1096493400.0,,Barradão,,Match Finished,FT,90.0,71,Serie A,Brazil,https://media.api-sports.io/football/leagues/71.png,https://media.api-sports.io/flags/br.svg,2004,Regular Season - 33,136,Vitoria,,False,134,Atletico Paranaense,,True,2.0,3.0,,,,,,,,,,True,
95968271812,,UTC,2004-09-29T21:50:00+00:00,1096494600,1096494600.0,1096498200.0,,Beira Rio,,Match Finished,FT,90.0,71,Serie A,Brazil,https://media.api-sports.io/football/leagues/71.png,https://media.api-sports.io/flags/br.svg,2004,Regular Season - 33,119,Internacional,,True,128,Santos,,False,2.0,1.0,,,,,,,,,,True,
66360661491,,UTC,2004-09-29T20:30:00+00:00,1096489800,1096489800.0,1096493400.0,,Serra Dourada,,Match Finished,FT,90.0,71,Serie A,Brazil,https://media.api-sports.io/football/leagues/71.png,https://media.api-sports.io/flags/br.svg,2004,Regular Season - 33,151,Goias,,False,152,Juventude,,True,1.0,2.0,,,,,,,,,,True,
62426230608,,UTC,2004-09-29T20:30:00+00:00,1096489800,1096489800.0,1096493400.0,,Parque Antártica,,Match Finished,FT,90.0,71,Serie A,Brazil,https://media.api-sports.io/football/leagues/71.png,https://media.api-sports.io/flags/br.svg,2004,Regular Season - 33,121,Palmeiras,,True,539683,São Caetano,,False,3.0,1.0,,,,,,,,,,True,
66796848229,,UTC,2004-09-29T20:30:00+00:00,1096489800,1096489800.0,1096493400.0,,Pinheirão,,Match Finished,FT,90.0,71,Serie A,Brazil,https://media.api-sports.io/football/leagues/71.png,https://media.api-sports.io/flags/br.svg,2004,Regular Season - 33,122,Parana,,True,133,Vasco DA Gama,,False,2.0,1.0,,,,,,,,,,True,
70164799786,,UTC,2004-10-02T16:00:00+00:00,1096732800,1096732800.0,1096736400.0,,Arena da Baixada,,Match Finished,FT,90.0,71,Serie A,Brazil,https://media.api-sports.io/football/leagues/71.png,https://media.api-sports.io/flags/br.svg,2004,Regular Season - 34,134,Atletico Paranaense,,True,1062,Atletico-MG,,False,5.0,0.0,,,,,,,,,,True,
26785955421,,UTC,2004-10-02T16:00:00+00:00,1096732800,1096732800.0,1096736400.0,,Maracanã,,Match Finished,FT,90.0,71,Serie A,Brazil,https://media.api-sports.io/football/leagues/71.png,https://media.api-sports.io/flags/br.svg,2004,Regular Season - 34,124,Fluminense,,False,120,Botafogo,,True,1.0,4.0,,,,,,,,,,True,
6114074301,,UTC,2004-10-02T18:00:00+00:00,1096740000,1096740000.0,1096743600.0,,Mineirão,,Match Finished,FT,90.0,71,Serie A,Brazil,https://media.api-sports.io/football/leagues/71.png,https://media.api-sports.io/flags/br.svg,2004,Regular Season - 34,135,Cruzeiro,,True,139,Ponte Preta,,False,5.0,0.0,,,,,,,,,,True,
4762441363,,UTC,2004-10-02T16:00:00+00:00,1096732800,1096732800.0,1096736400.0,,Orlando Scarpelli,,Match Finished,FT,90.0,71,Serie A,Brazil,https://media.api-sports.io/football/leagues/71.png,https://media.api-sports.io/flags/br.svg,2004,Regular Season - 34,454769,Figueirense,,True,127,Flamengo,,False,3.0,2.0,,,,,,,,,,True,
45009617604,,UTC,2004-10-02T20:30:00+00:00,1096749000,1096749000.0,1096752600.0,,Olímpico Monumental,,Match Finished,FT,90.0,71,Serie A,Brazil,https://media.api-sports.io/football/leagues/71.png,https://media.api-sports.io/flags/br.svg,2004,Regular Season - 34,130,Gremio,,True,140,Criciuma,,False,2.0,0.0,,,,,,,,,,True,
80311869178,,UTC,2004-10-02T20:30:00+00:00,1096749000,1096749000.0,1096752600.0,,Pacaembu,,Match Finished,FT,90.0,71,Serie A,Brazil,https://media.api-sports.io/football/leagues/71.png,https://media.api-sports.io/flags/br.svg,2004,Regular Season - 34,131,Corinthians,,False,152,Juventude,,True,1.0,2.0,,,,,,,,,,True,
77666213969,,UTC,2004-10-02T20:30:00+00:00,1096749000,1096749000.0,1096752600.0,,Pinheirão,,Match Finished,FT,90.0,71,Serie A,Brazil,https://media.api-sports.io/football/leagues/71.png,https://media.api-sports.io/flags/br.svg,2004,Regular Season - 34,122,Parana,,True,147,Coritiba,,False,1.0,0.0,,,,,,,,,,True,
7412207141,,UTC,2004-10-02T18:00:00+00:00,1096740000,1096740000.0,1096743600.0,,Brinco de Ouro,,Match Finished,FT,90.0,71,Serie A,Brazil,https://media.api-sports.io/football/leagues/71.png,https://media.api-sports.io/flags/br.svg,2004,Regular Season - 34,138,Guarani Campinas,,False,128,Santos,,True,0.0,1.0,,,,,,,,,,True,
88674728625,,UTC,2004-10-02T16:00:00+00:00,1096732800,1096732800.0,1096736400.0,,Anacleto Campanella,,Match Finished,FT,90.0,71,Serie A,Brazil,https://media.api-sports.io/football/leagues/71.png,https://media.api-sports.io/flags/br.svg,2004,Regular Season - 34,539683,São Caetano,,True,151,Goias,,False,2.0,0.0,,,,,,,,,,True,
89675302689,,UTC,2004-10-02T16:00:00+00:00,1096732800,1096732800.0,1096736400.0,,Morumbi,,Match Finished,FT,90.0,71,Serie A,Brazil,https://media.api-sports.io/football/leagues/71.png,https://media.api-sports.io/flags/br.svg,2004,Regular Season - 34,126,Sao Paulo,,True,121,Palmeiras,,False,2.0,1.0,,,,,,,,,,True,
48962124071,,UTC,2004-10-02T15:30:00+00:00,1096731000,1096731000.0,1096734600.0,,São Januário,,Match Finished,FT,90.0,71,Serie A,Brazil,https://media.api-sports.io/football/leagues/71.png,https://media.api-sports.io/flags/br.svg,2004,Regular Season - 34,133,Vasco DA Gama,,True,119,Internacional,,False,2.0,0.0,,,,,,,,,,True,
25217916727,,UTC,2004-10-02T17:00:00+00:00,1096736400,1096736400.0,1096740000.0,,Barradão,,Match Finished,FT,90.0,71,Serie A,Brazil,https://media.api-sports.io/football/leagues/71.png,https://media.api-sports.io/flags/br.svg,2004,Regular Season - 34,136,Vitoria,,True,303369,Paysandu,,False,4.0,1.0,,,,,,,,,,True,
5512887030,,UTC,2004-10-06T21:50:00+00:00,1097099400,1097099400.0,1097103000.0,,Vila Belmiro,,Match Finished,FT,90.0,71,Serie A,Brazil,https://media.api-sports.io/football/leagues/71.png,https://media.api-sports.io/flags/br.svg,2004,Regular Season - 35,128,Santos,,,131,Corinthians,,,1.0,1.0,,,,,,,,,,True,
96138905676,,UTC,2004-10-06T20:30:00+00:00,1097094600,1097094600.0,1097098200.0,,Couto Pereira,,Match Finished,FT,90.0,71,Serie A,Brazil,https://media.api-sports.io/football/leagues/71.png,https://media.api-sports.io/flags/br.svg,2004,Regular Season - 35,147,Coritiba,,,135,Cruzeiro,,,1.0,1.0,,,,,,,,,,True,
30793519759,,UTC,2004-10-06T20:30:00+00:00,1097094600,1097094600.0,1097098200.0,,Heriberto Hulse,,Match Finished,FT,90.0,71,Serie A,Brazil,https://media.api-sports.io/football/leagues/71.png,https://media.api-sports.io/flags/br.svg,2004,Regular Season - 35,140,Criciuma,,True,119,Internacional,,False,1.0,0.0,,,,,,,,,,True,
25977275283,,UTC,2004-10-06T21:50:00+00:00,1097099400,1097099400.0,1097103000.0,,Olímpico Monumental,,Match Finished,FT,90.0,71,Serie A,Brazil,https://media.api-sports.io/football/leagues/71.png,https://media.api-sports.io/flags/br.svg,2004,Regular Season - 35,130,Gremio,,False,124,Fluminense,,True,2.0,3.0,,,,,,,,,,True,
75647639977,,UTC,2004-10-06T20:30:00+00:00,1097094600,1097094600.0,1097098200.0,,Serra Dourada,,Match Finished,FT,90.0,71,Serie A,Brazil,https://media.api-sports.io/football/leagues/71.png,https://media.api-sports.io/flags/br.svg,2004,Regular Season - 35,151,Goias,,True,136,Vitoria,,False,4.0,0.0,,,,,,,,,,True,
95729059008,,UTC,2004-10-06T21:50:00+00:00,1097099400,1097099400.0,1097103000.0,,Moisés Lucarelli,,Match Finished,FT,90.0,71,Serie A,Brazil,https://media.api-sports.io/football/leagues/71.png,https://media.api-sports.io/flags/br.svg,2004,Regular Season - 35,139,Ponte Preta,,False,126,Sao Paulo,,True,0.0,1.0,,,,,,,,,,True,
65798038183,,UTC,2004-10-06T20:30:00+00:00,1097094600,1097094600.0,1097098200.0,,São Januário,,Match Finished,FT,90.0,71,Serie A,Brazil,https://media.api-sports.io/football/leagues/71.png,https://media.api-sports.io/flags/br.svg,2004,Regular Season - 35,133,Vasco DA Gama,,True,454769,Figueirense,,False,1.0,0.0,,,,,,,,,,True,
31825407204,,UTC,2004-10-07T20:30:00+00:00,1097181000,1097181000.0,1097184600.0,,Alfredo Jaconi,,Match Finished,FT,90.0,71,Serie A,Brazil,https://media.api-sports.io/football/leagues/71.png,https://media.api-sports.io/flags/br.svg,2004,Regular Season - 35,152,Juventude,,,134,Atletico Paranaense,,,3.0,3.0,,,,,,,,,,True,
9326360357,,UTC,2004-10-07T20:30:00+00:00,1097181000,1097181000.0,1097184600.0,,Mangueirão,,Match Finished,FT,90.0,71,Serie A,Brazil,https://media.api-sports.io/football/leagues/71.png,https://media.api-sports.io/flags/br.svg,2004,Regular Season - 35,303369,Paysandu,,,127,Flamengo,,,2.0,2.0,,,,,,,,,,True,
58798970036,,UTC,2004-10-07T20:30:00+00:00,1097181000,1097181000.0,1097184600.0,,Parque Antártica,,Match Finished,FT,90.0,71,Serie A,Brazil,https://media.api-sports.io/football/leagues/71.png,https://media.api-sports.io/flags/br.svg,2004,Regular Season - 35,121,Palmeiras,,,122,Parana,,,1.0,1.0,,,,,,,,,,True,
82885922963,,UTC,2004-10-07T20:30:00+00:00,1097181000,1097181000.0,1097184600.0,,Caio Martins,,Match Finished,FT,90.0,71,Serie A,Brazil,https://media.api-sports.io/football/leagues/71.png,https://media.api-sports.io/flags/br.svg,2004,Regular Season - 35,120,Botafogo,,,539683,São Caetano,,,1.0,1.0,,,,,,,,,,True,
35132092811,,UTC,2004-10-07T20:30:00+00:00,1097181000,1097181000.0,1097184600.0,,Independência,,Match Finished,FT,90.0,71,Serie A,Brazil,https://media.api-sports.io/football/leagues/71.png,https://media.api-sports.io/flags/br.svg,2004,Regular Season - 35,1062,Atletico-MG,,True,138,Guarani Campinas,,False,3.0,2.0,,,,,,,,,,True,
31786371105,,UTC,2004-10-16T16:00:00+00:00,1097942400,1097942400.0,1097946000.0,,Pacaembu,,Match Finished,FT,90.0,71,Serie A,Brazil,https://media.api-sports.io/football/leagues/71.png,https://media.api-sports.io/flags/br.svg,2004,Regular Season - 36,131,Corinthians,,,147,Coritiba,,,0.0,0.0,,,,,,,,,,True,
66992231013,,UTC,2004-10-16T16:00:00+00:00,1097942400,1097942400.0,1097946000.0,,Orlando Scarpelli,,Match Finished,FT,90.0,71,Serie A,Brazil,https://media.api-sports.io/football/leagues/71.png,https://media.api-sports.io/flags/br.svg,2004,Regular Season - 36,454769,Figueirense,,True,130,Gremio,,False,2.0,0.0,,,,,,,,,,True,
23880584868,,UTC,2004-10-16T18:00:00+00:00,1097949600,1097949600.0,1097953200.0,,Maracanã,,Match Finished,FT,90.0,71,Serie A,Brazil,https://media.api-sports.io/football/leagues/71.png,https://media.api-sports.io/flags/br.svg,2004,Regular Season - 36,124,Fluminense,,False,151,Goias,,True,1.0,4.0,,,,,,,,,,True,
64283874719,,UTC,2004-10-16T18:00:00+00:00,1097949600,1097949600.0,1097953200.0,,Vila Belmiro,,Match Finished,FT,90.0,71,Serie A,Brazil,https://media.api-sports.io/football/leagues/71.png,https://media.api-sports.io/flags/br.svg,2004,Regular Season - 36,128,Santos,,True,139,Ponte Preta,,False,4.0,0.0,,,,,,,,,,True,
11356927548,,UTC,2004-10-16T16:00:00+00:00,1097942400,1097942400.0,1097946000.0,,Barradão,,Match Finished,FT,90.0,71,Serie A,Brazil,https://media.api-sports.io/football/leagues/71.png,https://media.api-sports.io/flags/br.svg,2004,Regular Season - 36,136,Vitoria,,True,133,Vasco DA Gama,,False,4.0,1.0,,,,,,,,,,True,
73811069890,,UTC,2004-10-17T16:00:00+00:00,1098028800,1098028800.0,1098032400.0,,Arena da Baixada,,Match Finished,FT,90.0,71,Serie A,Brazil,https://media.api-sports.io/football/leagues/71.png,https://media.api-sports.io/flags/br.svg,2004,Regular Season - 36,134,Atletico Paranaense,,,122,Parana,,,1.0,1.0,,,,,,,,,,True,
76628940073,,UTC,2004-10-17T18:00:00+00:00,1098036000,1098036000.0,1098039600.0,,Raulino de Oliveira,,Match Finished,FT,90.0,71,Serie A,Brazil,https://media.api-sports.io/football/leagues/71.png,https://media.api-sports.io/flags/br.svg,2004,Regular Season - 36,127,Flamengo,,True,140,Criciuma,,False,3.0,1.0,,,,,,,,,,True,
91541636739,,UTC,2004-10-17T16:00:00+00:00,1098028800,1098028800.0,1098032400.0,,Brinco de Ouro,,Match Finished,FT,90.0,71,Serie A,Brazil,https://media.api-sports.io/football/leagues/71.png,https://media.api-sports.io/flags/br.svg,2004,Regular Season - 36,138,Guarani Campinas,,True,135,Cruzeiro,,False,2.0,0.0,,,,,,,,,,True,
18617539112,,UTC,2004-10-17T16:00:00+00:00,1098028800,1098028800.0,1098032400.0,,Beira Rio,,Match Finished,FT,90.0,71,Serie A,Brazil,https://media.api-sports.io/football/leagues/71.png,https://media.api-sports.io/flags/br.svg,2004,Regular Season - 36,119,Internacional,,True,120,Botafogo,,False,3.0,1.0,,,,,,,,,,True,
30247396188,,UTC,2004-10-17T18:00:00+00:00,1098036000,1098036000.0,1098039600.0,,Alfredo Jaconi,,Match Finished,FT,90.0,71,Serie A,Brazil,https://media.api-sports.io/football/leagues/71.png,https://media.api-sports.io/flags/br.svg,2004,Regular Season - 36,152,Juventude,,False,121,Palmeiras,,True,0.0,2.0,,,,,,,,,,True,
497741267,,UTC,2004-10-17T16:00:00+00:00,1098028800,1098028800.0,1098032400.0,,Anacleto Campanella,,Match Finished,FT,90.0,71,Serie A,Brazil,https://media.api-sports.io/football/leagues/71.png,https://media.api-sports.io/flags/br.svg,2004,Regular Season - 36,539683,São Caetano,,True,303369,Paysandu,,False,3.0,0.0,,,,,,,,,,True,
49480557851,,UTC,2004-10-17T16:00:00+00:00,1098028800,1098028800.0,1098032400.0,,Independência,,Match Finished,FT,90.0,71,Serie A,Brazil,https://media.api-sports.io/football/leagues/71.png,https://media.api-sports.io/flags/br.svg,2004,Regular Season - 36,1062,Atletico-MG,,False,126,Sao Paulo,,True,0.0,5.0,,,,,,,,,,True,
57655658525,,UTC,2004-10-23T18:00:00+00:00,1098554400,1098554400.0,1098558000.0,,Mário Helênio,,Match Finished,FT,90.0,71,Serie A,Brazil,https://media.api-sports.io/football/leagues/71.png,https://media.api-sports.io/flags/br.svg,2004,Regular Season - 37,120,Botafogo,,,136,Vitoria,,,1.0,1.0,,,,,,,,,,True,
55313684114,,UTC,2004-10-23T16:00:00+00:00,1098547200,1098547200.0,1098550800.0,,Mineirão,,Match Finished,FT,90.0,71,Serie A,Brazil,https://media.api-sports.io/football/leagues/71.png,https://media.api-sports.io/flags/br.svg,2004,Regular Season - 37,135,Cruzeiro,,False,1062,Atletico-MG,,True,0.0,3.0,,,,,,,,,,True,
9957141241,,UTC,2004-10-23T16:00:00+00:00,1098547200,1098547200.0,1098550800.0,,Olímpico Monumental,,Match Finished,FT,90.0,71,Serie A,Brazil,https://media.api-sports.io/football/leagues/71.png,https://media.api-sports.io/flags/br.svg,2004,Regular Season - 37,130,Gremio,,False,119,Internacional,,True,1.0,3.0,,,,,,,,,,True,
49960852019,,UTC,2004-10-23T16:00:00+00:00,1098547200,1098547200.0,1098550800.0,,Couto Pereira,,Match Finished,FT,90.0,71,Serie A,Brazil,https://media.api-sports.io/football/leagues/71.png,https://media.api-sports.io/flags/br.svg,2004,Regular Season - 37,147,Coritiba,,False,152,Juventude,,True,2.0,3.0,,,,,,,,,,True,
41814540054,,UTC,2004-10-23T18:00:00+00:00,1098554400,1098554400.0,1098558000.0,,Parque Antártica,,Match Finished,FT,90.0,71,Serie A,Brazil,https://media.api-sports.io/football/leagues/71.png,https://media.api-sports.io/flags/br.svg,2004,Regular Season - 37,121,Palmeiras,,True,134,Atletico Paranaense,,False,3.0,1.0,,,,,,,,,,True,
72814676753,,UTC,2004-10-23T16:00:00+00:00,1098547200,1098547200.0,1098550800.0,,Mangueirão,,Match Finished,FT,90.0,71,Serie A,Brazil,https://media.api-sports.io/football/leagues/71.png,https://media.api-sports.io/flags/br.svg,2004,Regular Season - 37,303369,Paysandu,,True,151,Goias,,False,4.0,2.0,,,,,,,,,,True,
89862977369,,UTC,2004-10-24T18:00:00+00:00,1098640800,1098640800.0,1098644400.0,,Brinco de Ouro,,Match Finished,FT,90.0,71,Serie A,Brazil,https://media.api-sports.io/football/leagues/71.png,https://media.api-sports.io/flags/br.svg,2004,Regular Season - 37,138,Guarani Campinas,,,139,Ponte Preta,,,0.0,0.0,,,,,,,,,,True,
80144030843,,UTC,2004-10-24T18:00:00+00:00,1098640800,1098640800.0,1098644400.0,,Pinheirão,,Match Finished,FT,90.0,71,Serie A,Brazil,https://media.api-sports.io/football/leagues/71.png,https://media.api-sports.io/flags/br.svg,2004,Regular Season - 37,122,Parana,,False,131,Corinthians,,True,1.0,2.0,,,,,,,,,,True,
95794637948,,UTC,2004-10-24T16:00:00+00:00,1098633600,1098633600.0,1098637200.0,,Heriberto Hulse,,Match Finished,FT,90.0,71,Serie A,Brazil,https://media.api-sports.io/football/leagues/71.png,https://media.api-sports.io/flags/br.svg,2004,Regular Season - 37,140,Criciuma,,True,454769,Figueirense,,False,2.0,1.0,,,,,,,,,,True,
80329680931,,UTC,2004-10-24T16:00:00+00:00,1098633600,1098633600.0,1098637200.0,,Anacleto Campanella,,Match Finished,FT,90.0,71,Serie A,Brazil,https://media.api-sports.io/football/leagues/71.png,https://media.api-sports.io/flags/br.svg,2004,Regular Season - 37,539683,São Caetano,,True,124,Fluminense,,False,2.0,0.0,,,,,,,,,,True,
52084357270,,UTC,2004-10-24T16:00:00+00:00,1098633600,1098633600.0,1098637200.0,,Morumbi,,Match Finished,FT,90.0,71,Serie A,Brazil,https://media.api-sports.io/football/leagues/71.png,https://media.api-sports.io/flags/br.svg,2004,Regular Season - 37,126,Sao Paulo,,True,128,Santos,,False,1.0,0.0,,,,,,,,,,True,
83760878835,,UTC,2004-10-24T16:00:00+00:00,1098633600,1098633600.0,1098637200.0,,Maracanã,,Match Finished,FT,90.0,71,Serie A,Brazil,https://media.api-sports.io/football/leagues/71.png,https://media.api-sports.io/flags/br.svg,2004,Regular Season - 37,133,Vasco DA Gama,,True,127,Flamengo,,False,1.0,0.0,,,,,,,,,,True,
53569618616,,UTC,2004-10-26T20:30:00+00:00,1098822600,1098822600.0,1098826200.0,,Mineirão,,Match Finished,FT,90.0,71,Serie A,Brazil,https://media.api-sports.io/football/leagues/71.png,https://media.api-sports.io/flags/br.svg,2004,Regular Season - 38,135,Cruzeiro,,True,130,Gremio,,False,2.0,0.0,,,,,,,,,,True,
64129290326,,UTC,2004-10-26T20:30:00+00:00,1098822600,1098822600.0,1098826200.0,,Serra Dourada,,Match Finished,FT,90.0,71,Serie A,Brazil,https://media.api-sports.io/football/leagues/71.png,https://media.api-sports.io/flags/br.svg,2004,Regular Season - 38,151,Goias,,True,134,Atletico Paranaense,,False,2.0,0.0,,,,,,,,,,True,
7283308138,,UTC,2004-10-26T20:30:00+00:00,1098822600,1098822600.0,1098826200.0,,Parque Antártica,,Match Finished,FT,90.0,71,Serie A,Brazil,https://media.api-sports.io/football/leagues/71.png,https://media.api-sports.io/flags/br.svg,2004,Regular Season - 38,121,Palmeiras,,True,120,Botafogo,,False,2.0,1.0,,,,,,,,,,True,
22653739043,,UTC,2004-10-26T20:30:00+00:00,1098822600,1098822600.0,1098826200.0,,Barradão,,Match Finished,FT,90.0,71,Serie A,Brazil,https://media.api-sports.io/football/leagues/71.png,https://media.api-sports.io/flags/br.svg,2004,Regular Season - 38,136,Vitoria,,True,1062,Atletico-MG,,False,2.0,1.0,,,,,,,,,,True,
87300691228,,UTC,2004-10-27T21:50:00+00:00,1098913800,1098913800.0,1098917400.0,,Heriberto Hulse,,Match Finished,FT,90.0,71,Serie A,Brazil,https://media.api-sports.io/football/leagues/71.png,https://media.api-sports.io/flags/br.svg,2004,Regular Season - 38,140,Criciuma,,,131,Corinthians,,,1.0,1.0,,,,,,,,,,True,
24629143531,,UTC,2004-10-27T21:50:00+00:00,1098913800,1098913800.0,1098917400.0,,Maracanã,,Match Finished,FT,90.0,71,Serie A,Brazil,https://media.api-sports.io/football/leagues/71.png,https://media.api-sports.io/flags/br.svg,2004,Regular Season - 38,127,Flamengo,,,128,Santos,,,1.0,1.0,,,,,,,,,,True,
17938444409,,UTC,2004-10-27T20:30:00+00:00,1098909000,1098909000.0,1098912600.0,,Raulino de Oliveira,,Match Finished,FT,90.0,71,Serie A,Brazil,https://media.api-sports.io/football/leagues/71.png,https://media.api-sports.io/flags/br.svg,2004,Regular Season - 38,124,Fluminense,,True,152,Juventude,,False,7.0,1.0,,,,,,,,,,True,
53557062364,,UTC,2004-10-27T20:30:00+00:00,1098909000,1098909000.0,1098912600.0,,Beira Rio,,Match Finished,FT,90.0,71,Serie A,Brazil,https://media.api-sports.io/football/leagues/71.png,https://media.api-sports.io/flags/br.svg,2004,Regular Season - 38,119,Internacional,,False,138,Guarani Campinas,,True,1.0,3.0,,,,,,,,,,True,
46280644930,,UTC,2004-10-27T20:30:00+00:00,1098909000,1098909000.0,1098912600.0,,Pinheirão,,Match Finished,FT,90.0,71,Serie A,Brazil,https://media.api-sports.io/football/leagues/71.png,https://media.api-sports.io/flags/br.svg,2004,Regular Season - 38,122,Parana,,True,454769,Figueirense,,False,2.0,1.0,,,,,,,,,,True,
30987305049,,UTC,2004-10-27T20:30:00+00:00,1098909000,1098909000.0,1098912600.0,,Moisés Lucarelli,,Match Finished,FT,90.0,71,Serie A,Brazil,https://media.api-sports.io/football/leagues/71.png,https://media.api-sports.io/flags/br.svg,2004,Regular Season - 38,139,Ponte Preta,,True,303369,Paysandu,,False,3.0,0.0,,,,,,,,,,True,
19114668906,,UTC,2004-10-27T21:50:00+00:00,1098913800,1098913800.0,1098917400.0,,Couto Pereira,,Match Finished,FT,90.0,71,Serie A,Brazil,https://media.api-sports.io/football/leagues/71.png,https://media.api-sports.io/flags/br.svg,2004,Regular Season - 38,147,Coritiba,,False,133,Vasco DA Gama,,True,0.0,1.0,,,,,,,,,,True,
48146665024,,UTC,2004-10-30T16:00:00+00:00,1099152000,1099152000.0,1099155600.0,,Mangueirão,,Match Finished,FT,90.0,71,Serie A,Brazil,https://media.api-sports.io/football/leagues/71.png,https://media.api-sports.io/flags/br.svg,2004,Regular Season - 39,303369,Paysandu,,,147,Coritiba,,,0.0,0.0,,,,,,,,,,True,
6911604990,,UTC,2004-10-30T20:30:00+00:00,1099168200,1099168200.0,1099171800.0,,Morumbi,,Match Finished,FT,90.0,71,Serie A,Brazil,https://media.api-sports.io/football/leagues/71.png,https://media.api-sports.io/flags/br.svg,2004,Regular Season - 39,1062,Atletico-MG,,,140,Criciuma,,,2.0,2.0,,,,,,,,,,True,
80580734809,,UTC,2004-10-30T16:00:00+00:00,1099152000,1099152000.0,1099155600.0,,Brinco de Ouro,,Match Finished,FT,90.0,71,Serie A,Brazil,https://media.api-sports.io/football/leagues/71.png,https://media.api-sports.io/flags/br.svg,2004,Regular Season - 39,138,Guarani Campinas,,,151,Goias,,,1.0,1.0,,,,,,,,,,True,
42016204659,,UTC,2004-10-30T20:30:00+00:00,1099168200,1099168200.0,1099171800.0,,Serra Dourada,,Match Finished,FT,90.0,71,Serie A,Brazil,https://media.api-sports.io/football/leagues/71.png,https://media.api-sports.io/flags/br.svg,2004,Regular Season - 39,134,Atletico Paranaense,,True,119,Internacional,,False,2.0,1.0,,,,,,,,,,True,
30579426976,,UTC,2004-10-30T16:00:00+00:00,1099152000,1099152000.0,1099155600.0,,Caio Martins,,Match Finished,FT,90.0,71,Serie A,Brazil,https://media.api-sports.io/football/leagues/71.png,https://media.api-sports.io/flags/br.svg,2004,Regular Season - 39,120,Botafogo,,True,135,Cruzeiro,,False,2.0,1.0,,,,,,,,,,True,
34818204185,,UTC,2004-10-30T20:30:00+00:00,1099168200,1099168200.0,1099171800.0,,Pacaembu,,Match Finished,FT,90.0,71,Serie A,Brazil,https://media.api-sports.io/football/leagues/71.png,https://media.api-sports.io/flags/br.svg,2004,Regular Season - 39,131,Corinthians,,True,136,Vitoria,,False,1.0,0.0,,,,,,,,,,True,
99350240644,,UTC,2004-10-30T20:30:00+00:00,1099168200,1099168200.0,1099171800.0,,Orlando Scarpelli,,Match Finished,FT,90.0,71,Serie A,Brazil,https://media.api-sports.io/football/leagues/71.png,https://media.api-sports.io/flags/br.svg,2004,Regular Season - 39,454769,Figueirense,,True,126,Sao Paulo,,False,1.0,0.0,,,,,,,,,,True,
52020284232,,UTC,2004-10-30T18:10:00+00:00,1099159800,1099159800.0,1099163400.0,,Alfredo Jaconi,,Match Finished,FT,90.0,71,Serie A,Brazil,https://media.api-sports.io/football/leagues/71.png,https://media.api-sports.io/flags/br.svg,2004,Regular Season - 39,152,Juventude,,True,127,Flamengo,,False,1.0,0.0,,,,,,,,,,True,
6061735265,,UTC,2004-10-30T18:10:00+00:00,1099159800,1099159800.0,1099163400.0,,Bento Freitas,,Match Finished,FT,90.0,71,Serie A,Brazil,https://media.api-sports.io/football/leagues/71.png,https://media.api-sports.io/flags/br.svg,2004,Regular Season - 39,130,Gremio,,False,121,Palmeiras,,True,2.0,3.0,,,,,,,,,,True,
38420499266,,UTC,2004-10-30T16:00:00+00:00,1099152000,1099152000.0,1099155600.0,,Benedito Teixeira,,Match Finished,FT,90.0,71,Serie A,Brazil,https://media.api-sports.io/football/leagues/71.png,https://media.api-sports.io/flags/br.svg,2004,Regular Season - 39,128,Santos,,True,124,Fluminense,,False,5.0,0.0,,,,,,,,,,True,
82382185507,,UTC,2004-10-31T16:00:00+00:00,1099238400,1099238400.0,1099242000.0,,São Januário,,Match Finished,FT,90.0,71,Serie A,Brazil,https://media.api-sports.io/football/leagues/71.png,https://media.api-sports.io/flags/br.svg,2004,Regular Season - 39,133,Vasco DA Gama,,,139,Ponte Preta,,,2.0,2.0,,,,,,,,,,True,
17674096986,,UTC,2004-11-03T20:30:00+00:00,1099513800,1099513800.0,1099517400.0,,Morumbi,,Match Finished,FT,90.0,71,Serie A,Brazil,https://media.api-sports.io/football/leagues/71.png,https://media.api-sports.io/flags/br.svg,2004,Regular Season - 38,126,Sao Paulo,,True,539683,São Caetano,,False,4.0,2.0,,,,,,,,,,True,
6426176535,,UTC,2004-11-06T18:00:00+00:00,1099764000,1099764000.0,1099767600.0,,Raulino de Oliveira,,Match Finished,FT,90.0,71,Serie A,Brazil,https://media.api-sports.io/football/leagues/71.png,https://media.api-sports.io/flags/br.svg,2004,Regular Season - 40,127,Flamengo,,True,138,Guarani Campinas,,False,1.0,0.0,,,,,,,,,,True,
49638640837,,UTC,2004-11-06T17:00:00+00:00,1099760400,1099760400.0,1099764000.0,,Serra Dourada,,Match Finished,FT,90.0,71,Serie A,Brazil,https://media.api-sports.io/football/leagues/71.png,https://media.api-sports.io/flags/br.svg,2004,Regular Season - 40,151,Goias,,True,1062,Atletico-MG,,False,1.0,0.0,,,,,,,,,,True,
40599134871,,UTC,2004-11-06T16:00:00+00:00,1099756800,1099756800.0,1099760400.0,,Parque Antártica,,Match Finished,FT,90.0,71,Serie A,Brazil,https://media.api-sports.io/football/leagues/71.png,https://media.api-sports.io/flags/br.svg,2004,Regular Season - 40,121,Palmeiras,,True,303369,Paysandu,,False,1.0,0.0,,,,,,,,,,True,
60047638216,,UTC,2004-11-06T18:00:00+00:00,1099764000,1099764000.0,1099767600.0,,Pinheirão,,Match Finished,FT,90.0,71,Serie A,Brazil,https://media.api-sports.io/football/leagues/71.png,https://media.api-sports.io/flags/br.svg,2004,Regular Season - 40,122,Parana,,True,130,Gremio,,False,1.0,0.0,,,,,,,,,,True,
84262598528,,UTC,2004-11-07T17:00:00+00:00,1099846800,1099846800.0,1099850400.0,,Barradão,,Match Finished,FT,90.0,71,Serie A,Brazil,https://media.api-sports.io/football/leagues/71.png,https://media.api-sports.io/flags/br.svg,2004,Regular Season - 40,136,Vitoria,,,152,Juventude,,,1.0,1.0,,,,,,,,,,True,
1873943452,,UTC,2004-11-07T16:00:00+00:00,1099843200,1099843200.0,1099846800.0,,Heriberto Hulse,,Match Finished,FT,90.0,71,Serie A,Brazil,https://media.api-sports.io/football/leagues/71.png,https://media.api-sports.io/flags/br.svg,2004,Regular Season - 40,140,Criciuma,,,128,Santos,,,1.0,1.0,,,,,,,,,,True,
89060581301,,UTC,2004-11-07T16:00:00+00:00,1099843200,1099843200.0,1099846800.0,,Maracanã,,Match Finished,FT,90.0,71,Serie A,Brazil,https://media.api-sports.io/football/leagues/71.png,https://media.api-sports.io/flags/br.svg,2004,Regular Season - 40,124,Fluminense,,False,134,Atletico Paranaense,,True,1.0,2.0,,,,,,,,,,True,
92870372183,,UTC,2004-11-07T16:00:00+00:00,1099843200,1099843200.0,1099846800.0,,Couto Pereira,,Match Finished,FT,90.0,71,Serie A,Brazil,https://media.api-sports.io/football/leagues/71.png,https://media.api-sports.io/flags/br.svg,2004,Regular Season - 40,147,Coritiba,,True,454769,Figueirense,,False,2.0,0.0,,,,,,,,,,True,
45840894573,,UTC,2004-11-07T16:00:00+00:00,1099843200,1099843200.0,1099846800.0,,Mineirão,,Match Finished,FT,90.0,71,Serie A,Brazil,https://media.api-sports.io/football/leagues/71.png,https://media.api-sports.io/flags/br.svg,2004,Regular Season - 40,135,Cruzeiro,,True,133,Vasco DA Gama,,False,3.0,2.0,,,,,,,,,,True,
88008668273,,UTC,2004-11-07T16:00:00+00:00,1099843200,1099843200.0,1099846800.0,,Beira Rio,,Match Finished,FT,90.0,71,Serie A,Brazil,https://media.api-sports.io/football/leagues/71.png,https://media.api-sports.io/flags/br.svg,2004,Regular Season - 40,119,Internacional,,True,131,Corinthians,,False,3.0,0.0,,,,,,,,,,True,
85128692296,,UTC,2004-11-07T18:00:00+00:00,1099850400,1099850400.0,1099854000.0,,Moisés Lucarelli,,Match Finished,FT,90.0,71,Serie A,Brazil,https://media.api-sports.io/football/leagues/71.png,https://media.api-sports.io/flags/br.svg,2004,Regular Season - 40,139,Ponte Preta,,False,539683,São Caetano,,True,0.0,3.0,,,,,,,,,,True,
53039671020,,UTC,2004-11-07T18:00:00+00:00,1099850400,1099850400.0,1099854000.0,,Morumbi,,Match Finished,FT,90.0,71,Serie A,Brazil,https://media.api-sports.io/football/leagues/71.png,https://media.api-sports.io/flags/br.svg,2004,Regular Season - 40,126,Sao Paulo,,True,120,Botafogo,,False,5.0,2.0,,,,,,,,,,True,
24879391041,,UTC,2004-11-10T20:30:00+00:00,1100118600,1100118600.0,1100122200.0,,Anacleto Campanella,,Match Finished,FT,90.0,71,Serie A,Brazil,https://media.api-sports.io/football/leagues/71.png,https://media.api-sports.io/flags/br.svg,2004,Regular Season - 39,539683,São Caetano,,True,122,Parana,,False,2.0,1.0,,,,,,,,,,True,
71889475538,,UTC,2004-11-13T18:10:00+00:00,1100369400,1100369400.0,1100373000.0,,Pacaembu,,Match Finished,FT,90.0,71,Serie A,Brazil,https://media.api-sports.io/football/leagues/71.png,https://media.api-sports.io/flags/br.svg,2004,Regular Season - 41,131,Corinthians,,,124,Fluminense,,,1.0,1.0,,,,,,,,,,True,
633045801,,UTC,2004-11-13T16:00:00+00:00,1100361600,1100361600.0,1100365200.0,,Caio Martins,,Match Finished,FT,90.0,71,Serie A,Brazil,https://media.api-sports.io/football/leagues/71.png,https://media.api-sports.io/flags/br.svg,2004,Regular Season - 41,120,Botafogo,,True,147,Coritiba,,False,4.0,1.0,,,,,,,,,,True,
38374242161,,UTC,2004-11-13T18:10:00+00:00,1100369400,1100369400.0,1100373000.0,,Bento Freitas,,Match Finished,FT,90.0,71,Serie A,Brazil,https://media.api-sports.io/football/leagues/71.png,https://media.api-sports.io/flags/br.svg,2004,Regular Season - 41,130,Gremio,,True,139,Ponte Preta,,False,6.0,1.0,,,,,,,,,,True,
64154045488,,UTC,2004-11-13T16:00:00+00:00,1100361600,1100361600.0,1100365200.0,,Anacleto Campanella,,Match Finished,FT,90.0,71,Serie A,Brazil,https://media.api-sports.io/football/leagues/71.png,https://media.api-sports.io/flags/br.svg,2004,Regular Season - 41,539683,São Caetano,,True,135,Cruzeiro,,False,4.0,1.0,,,,,,,,,,True,
95607186485,,UTC,2004-11-14T17:00:00+00:00,1100451600,1100451600.0,1100455200.0,,Mangueirão,,Match Finished,FT,90.0,71,Serie A,Brazil,https://media.api-sports.io/football/leagues/71.png,https://media.api-sports.io/flags/br.svg,2004,Regular Season - 41,303369,Paysandu,,,122,Parana,,,1.0,1.0,,,,,,,,,,True,
91172144511,,UTC,2004-11-14T16:00:00+00:00,1100448000,1100448000.0,1100451600.0,,São Januário,,Match Finished,FT,90.0,71,Serie A,Brazil,https://media.api-sports.io/football/leagues/71.png,https://media.api-sports.io/flags/br.svg,2004,Regular Season - 41,133,Vasco DA Gama,,,126,Sao Paulo,,,0.0,0.0,,,,,,,,,,True,
14895831175,,UTC,2004-11-14T16:00:00+00:00,1100448000,1100448000.0,1100451600.0,,Brinco de Ouro,,Match Finished,FT,90.0,71,Serie A,Brazil,https://media.api-sports.io/football/leagues/71.png,https://media.api-sports.io/flags/br.svg,2004,Regular Season - 41,138,Guarani Campinas,,,136,Vitoria,,,0.0,0.0,,,,,,,,,,True,
90010127814,,UTC,2004-11-14T16:00:00+00:00,1100448000,1100448000.0,1100451600.0,,Ipatingão,,Match Finished,FT,90.0,71,Serie A,Brazil,https://media.api-sports.io/football/leagues/71.png,https://media.api-sports.io/flags/br.svg,2004,Regular Season - 41,1062,Atletico-MG,,True,127,Flamengo,,False,6.0,1.0,,,,,,,,,,True,
71858109947,,UTC,2004-11-14T16:00:00+00:00,1100448000,1100448000.0,1100451600.0,,Arena da Baixada,,Match Finished,FT,90.0,71,Serie A,Brazil,https://media.api-sports.io/football/leagues/71.png,https://media.api-sports.io/flags/br.svg,2004,Regular Season - 41,134,Atletico Paranaense,,True,140,Criciuma,,False,6.0,1.0,,,,,,,,,,True,
7818431668,,UTC,2004-11-14T18:00:00+00:00,1100455200,1100455200.0,1100458800.0,,Colosso da Lagoa,,Match Finished,FT,90.0,71,Serie A,Brazil,https://media.api-sports.io/football/leagues/71.png,https://media.api-sports.io/flags/br.svg,2004,Regular Season - 41,152,Juventude,,False,119,Internacional,,True,2.0,3.0,,,,,,,,,,True,
29457717189,,UTC,2004-11-14T18:00:00+00:00,1100455200,1100455200.0,1100458800.0,,Orlando Scarpelli,,Match Finished,FT,90.0,71,Serie A,Brazil,https://media.api-sports.io/football/leagues/71.png,https://media.api-sports.io/flags/br.svg,2004,Regular Season - 41,454769,Figueirense,,False,121,Palmeiras,,True,0.0,1.0,,,,,,,,,,True,
36029408075,,UTC,2004-11-14T16:00:00+00:00,1100448000,1100448000.0,1100451600.0,,Prudentão,,Match Finished,FT,90.0,71,Serie A,Brazil,https://media.api-sports.io/football/leagues/71.png,https://media.api-sports.io/flags/br.svg,2004,Regular Season - 41,128,Santos,,True,151,Goias,,False,2.0,1.0,,,,,,,,,,True,
75769899987,,UTC,2004-11-20T16:00:00+00:00,1100966400,1100966400.0,1100970000.0,,Raulino de Oliveira,,Match Finished,FT,90.0,71,Serie A,Brazil,https://media.api-sports.io/football/leagues/71.png,https://media.api-sports.io/flags/br.svg,2004,Regular Season - 42,124,Fluminense,,False,454769,Figueirense,,True,0.0,2.0,,,,,,,,,,True,
81747454365,,UTC,2004-11-20T18:10:00+00:00,1100974200,1100974200.0,1100977800.0,,Parque Antártica,,Match Finished,FT,90.0,71,Serie A,Brazil,https://media.api-sports.io/football/leagues/71.png,https://media.api-sports.io/flags/br.svg,2004,Regular Season - 42,121,Palmeiras,,False,138,Guarani Campinas,,True,0.0,2.0,,,,,,,,,,True,
65198606207,,UTC,2004-11-20T16:00:00+00:00,1100966400,1100966400.0,1100970000.0,,Pinheirão,,Match Finished,FT,90.0,71,Serie A,Brazil,https://media.api-sports.io/football/leagues/71.png,https://media.api-sports.io/flags/br.svg,2004,Regular Season - 42,122,Parana,,True,1062,Atletico-MG,,False,1.0,0.0,,,,,,,,,,True,
96422338914,,UTC,2004-11-20T18:10:00+00:00,1100974200,1100974200.0,1100977800.0,,Barradão,,Match Finished,FT,90.0,71,Serie A,Brazil,https://media.api-sports.io/football/leagues/71.png,https://media.api-sports.io/flags/br.svg,2004,Regular Season - 42,136,Vitoria,,True,130,Gremio,,False,2.0,0.0,,,,,,,,,,True,
53797495724,,UTC,2004-11-21T16:00:00+00:00,1101052800,1101052800.0,1101056400.0,,Maracanã,,Match Finished,FT,90.0,71,Serie A,Brazil,https://media.api-sports.io/football/leagues/71.png,https://media.api-sports.io/flags/br.svg,2004,Regular Season - 42,127,Flamengo,,,120,Botafogo,,,0.0,0.0,,,,,,,,,,True,
690687601,,UTC,2004-11-21T16:00:00+00:00,1101052800,1101052800.0,1101056400.0,,Moisés Lucarelli,,Match Finished,FT,90.0,71,Serie A,Brazil,https://media.api-sports.io/football/leagues/71.png,https://media.api-sports.io/flags/br.svg,2004,Regular Season - 42,139,Ponte Preta,,False,134,Atletico Paranaense,,True,2.0,3.0,,,,,,,,,,True,
7085737485,,UTC,2004-11-21T16:00:00+00:00,1101052800,1101052800.0,1101056400.0,,Mineirão,,Match Finished,FT,90.0,71,Serie A,Brazil,https://media.api-sports.io/football/leagues/71.png,https://media.api-sports.io/flags/br.svg,2004,Regular Season - 42,135,Cruzeiro,,False,131,Corinthians,,True,0.0,1.0,,,,,,,,,,True,
67156067121,,UTC,2004-11-21T16:00:00+00:00,1101052800,1101052800.0,1101056400.0,,Heriberto Hulse,,Match Finished,FT,90.0,71,Serie A,Brazil,https://media.api-sports.io/football/leagues/71.png,https://media.api-sports.io/flags/br.svg,2004,Regular Season - 42,140,Criciuma,,True,303369,Paysandu,,False,1.0,0.0,,,,,,,,,,True,
48642419498,,UTC,2004-11-21T16:00:00+00:00,1101052800,1101052800.0,1101056400.0,,Serra Dourada,,Match Finished,FT,90.0,71,Serie A,Brazil,https://media.api-sports.io/football/leagues/71.png,https://media.api-sports.io/flags/br.svg,2004,Regular Season - 42,151,Goias,,True,133,Vasco DA Gama,,False,3.0,2.0,,,,,,,,,,True,
87615482172,,UTC,2004-11-21T18:00:00+00:00,1101060000,1101060000.0,1101063600.0,,Beira Rio,,Match Finished,FT,90.0,71,Serie A,Brazil,https://media.api-sports.io/football/leagues/71.png,https://media.api-sports.io/flags/br.svg,2004,Regular Season - 42,119,Internacional,,True,539683,São Caetano,,False,1.0,0.0,,,,,,,,,,True,
42721149986,,UTC,2004-11-21T16:00:00+00:00,1101052800,1101052800.0,1101056400.0,,Couto Pereira,,Match Finished,FT,90.0,71,Serie A,Brazil,https://media.api-sports.io/football/leagues/71.png,https://media.api-sports.io/flags/br.svg,2004,Regular Season - 42,147,Coritiba,,False,128,Santos,,True,0.0,1.0,,,,,,,,,,True,
63395569924,,UTC,2004-11-21T18:00:00+00:00,1101060000,1101060000.0,1101063600.0,,Morumbi,,Match Finished,FT,90.0,71,Serie A,Brazil,https://media.api-sports.io/football/leagues/71.png,https://media.api-sports.io/flags/br.svg,2004,Regular Season - 42,126,Sao Paulo,,True,152,Juventude,,False,4.0,0.0,,,,,,,,,,True,
98621332026,,UTC,2004-11-27T16:00:00+00:00,1101571200,1101571200.0,1101574800.0,,Caio Martins,,Match Finished,FT,90.0,71,Serie A,Brazil,https://media.api-sports.io/football/leagues/71.png,https://media.api-sports.io/flags/br.svg,2004,Regular Season - 43,120,Botafogo,,True,138,Guarani Campinas,,False,1.0,0.0,,,,,,,,,,True,
86664479859,,UTC,2004-11-27T16:00:00+00:00,1101571200,1101571200.0,1101574800.0,,Santa Cruz,,Match Finished,FT,90.0,71,Serie A,Brazil,https://media.api-sports.io/football/leagues/71.png,https://media.api-sports.io/flags/br.svg,2004,Regular Season - 43,454769,Figueirense,,True,1062,Atletico-MG,,False,2.0,1.0,,,,,,,,,,True,
9620208098,,UTC,2004-11-27T18:10:00+00:00,1101579000,1101579000.0,1101582600.0,,Mineirão,,Match Finished,FT,90.0,71,Serie A,Brazil,https://media.api-sports.io/football/leagues/71.png,https://media.api-sports.io/flags/br.svg,2004,Regular Season - 43,135,Cruzeiro,,False,124,Fluminense,,True,2.0,3.0,,,,,,,,,,True,
85526577238,,UTC,2004-11-27T16:00:00+00:00,1101571200,1101571200.0,1101574800.0,,Pinheirão,,Match Finished,FT,90.0,71,Serie A,Brazil,https://media.api-sports.io/football/leagues/71.png,https://media.api-sports.io/flags/br.svg,2004,Regular Season - 43,122,Parana,,True,151,Goias,,False,2.0,1.0,,,,,,,,,,True,
7507392698,,UTC,2004-11-27T18:10:00+00:00,1101579000,1101579000.0,1101582600.0,,Morumbi,,Match Finished,FT,90.0,71,Serie A,Brazil,https://media.api-sports.io/football/leagues/71.png,https://media.api-sports.io/flags/br.svg,2004,Regular Season - 43,126,Sao Paulo,,True,119,Internacional,,False,2.0,1.0,,,,,,,,,,True,
59140733778,,UTC,2004-11-28T18:00:00+00:00,1101664800,1101664800.0,1101668400.0,,Colosso da Lagoa,,Match Finished,FT,90.0,71,Serie A,Brazil,https://media.api-sports.io/football/leagues/71.png,https://media.api-sports.io/flags/br.svg,2004,Regular Season - 43,130,Gremio,,,134,Atletico Paranaense,,,3.0,3.0,,,,,,,,,,True,
14331650926,,UTC,2004-11-28T18:00:00+00:00,1101664800,1101664800.0,1101668400.0,,São Januário,,Match Finished,FT,90.0,71,Serie A,Brazil,https://media.api-sports.io/football/leagues/71.png,https://media.api-sports.io/flags/br.svg,2004,Regular Season - 43,133,Vasco DA Gama,,,152,Juventude,,,1.0,1.0,,,,,,,,,,True,
42845375087,,UTC,2004-11-28T16:00:00+00:00,1101657600,1101657600.0,1101661200.0,,Mangueirão,,Match Finished,FT,90.0,71,Serie A,Brazil,https://media.api-sports.io/football/leagues/71.png,https://media.api-sports.io/flags/br.svg,2004,Regular Season - 43,303369,Paysandu,,,128,Santos,,,1.0,1.0,,,,,,,,,,True,
96590658673,,UTC,2004-11-28T16:00:00+00:00,1101657600,1101657600.0,1101661200.0,,Couto Pereira,,Match Finished,FT,90.0,71,Serie A,Brazil,https://media.api-sports.io/football/leagues/71.png,https://media.api-sports.io/flags/br.svg,2004,Regular Season - 43,147,Coritiba,,True,136,Vitoria,,False,5.0,1.0,,,,,,,,,,True,
93203727887,,UTC,2004-11-28T16:00:00+00:00,1101657600,1101657600.0,1101661200.0,,Parque Antártica,,Match Finished,FT,90.0,71,Serie A,Brazil,https://media.api-sports.io/football/leagues/71.png,https://media.api-sports.io/flags/br.svg,2004,Regular Season - 43,121,Palmeiras,,False,127,Flamengo,,True,1.0,2.0,,,,,,,,,,True,
91053595526,,UTC,2004-11-28T16:00:00+00:00,1101657600,1101657600.0,1101661200.0,,Moisés Lucarelli,,Match Finished,FT,90.0,71,Serie A,Brazil,https://media.api-sports.io/football/leagues/71.png,https://media.api-sports.io/flags/br.svg,2004,Regular Season - 43,139,Ponte Preta,,True,140,Criciuma,,False,1.0,0.0,,,,,,,,,,True,
33941953732,,UTC,2004-11-28T16:00:00+00:00,1101657600,1101657600.0,1101661200.0,,Anacleto Campanella,,Match Finished,FT,90.0,71,Serie A,Brazil,https://media.api-sports.io/football/leagues/71.png,https://media.api-sports.io/flags/br.svg,2004,Regular Season - 43,539683,São Caetano,,True,131,Corinthians,,False,2.0,1.0,,,,,,,,,,True,
44551367688,,UTC,2004-12-04T18:10:00+00:00,1102183800,1102183800.0,1102187400.0,,Serra Dourada,,Match Finished,FT,90.0,71,Serie A,Brazil,https://media.api-sports.io/football/leagues/71.png,https://media.api-sports.io/flags/br.svg,2004,Regular Season - 44,151,Goias,,,121,Palmeiras,,,0.0,0.0,,,,,,,,,,True,
34945327107,,UTC,2004-12-04T16:00:00+00:00,1102176000,1102176000.0,1102179600.0,,Ipatingão,,Match Finished,FT,90.0,71,Serie A,Brazil,https://media.api-sports.io/football/leagues/71.png,https://media.api-sports.io/flags/br.svg,2004,Regular Season - 44,1062,Atletico-MG,,,303369,Paysandu,,,0.0,0.0,,,,,,,,,,True,
37810046777,,UTC,2004-12-04T18:10:00+00:00,1102183800,1102183800.0,1102187400.0,,Pacaembu,,Match Finished,FT,90.0,71,Serie A,Brazil,https://media.api-sports.io/football/leagues/71.png,https://media.api-sports.io/flags/br.svg,2004,Regular Season - 44,131,Corinthians,,True,133,Vasco DA Gama,,False,3.0,1.0,,,,,,,,,,True,
25869440992,,UTC,2004-12-04T16:00:00+00:00,1102176000,1102176000.0,1102179600.0,,Raulino de Oliveira,,Match Finished,FT,90.0,71,Serie A,Brazil,https://media.api-sports.io/football/leagues/71.png,https://media.api-sports.io/flags/br.svg,2004,Regular Season - 44,124,Fluminense,,True,139,Ponte Preta,,False,1.0,0.0,,,,,,,,,,True,
92712669721,,UTC,2004-12-04T16:00:00+00:00,1102176000,1102176000.0,1102179600.0,,Brinco de Ouro,,Match Finished,FT,90.0,71,Serie A,Brazil,https://media.api-sports.io/football/leagues/71.png,https://media.api-sports.io/flags/br.svg,2004,Regular Season - 44,138,Guarani Campinas,,True,454769,Figueirense,,False,2.0,1.0,,,,,,,,,,True,
55643660285,,UTC,2004-12-04T16:00:00+00:00,1102176000,1102176000.0,1102179600.0,,Heriberto Hulse,,Match Finished,FT,90.0,71,Serie A,Brazil,https://media.api-sports.io/football/leagues/71.png,https://media.api-sports.io/flags/br.svg,2004,Regular Season - 44,140,Criciuma,,False,122,Parana,,True,1.0,2.0,,,,,,,,,,True,
66787673398,,UTC,2004-12-05T18:00:00+00:00,1102269600,1102269600.0,1102273200.0,,Raulino de Oliveira,,Match Finished,FT,90.0,71,Serie A,Brazil,https://media.api-sports.io/football/leagues/71.png,https://media.api-sports.io/flags/br.svg,2004,Regular Season - 44,127,Flamengo,,,147,Coritiba,,,0.0,0.0,,,,,,,,,,True,
70384069648,,UTC,2004-12-05T16:00:00+00:00,1102262400,1102262400.0,1102266000.0,,Arena da Baixada,,Match Finished,FT,90.0,71,Serie A,Brazil,https://media.api-sports.io/football/leagues/71.png,https://media.api-sports.io/flags/br.svg,2004,Regular Season - 44,134,Atletico Paranaense,,True,539683,São Caetano,,False,5.0,2.0,,,,,,,,,,True,
43336957563,,UTC,2004-12-05T18:00:00+00:00,1102269600,1102269600.0,1102273200.0,,Beira Rio,,Match Finished,FT,90.0,71,Serie A,Brazil,https://media.api-sports.io/football/leagues/71.png,https://media.api-sports.io/flags/br.svg,2004,Regular Season - 44,119,Internacional,,True,135,Cruzeiro,,False,2.0,0.0,,,,,,,,,,True,
80246797778,,UTC,2004-12-05T16:00:00+00:00,1102262400,1102262400.0,1102266000.0,,Alfredo Jaconi,,Match Finished,FT,90.0,71,Serie A,Brazil,https://media.api-sports.io/football/leagues/71.png,https://media.api-sports.io/flags/br.svg,2004,Regular Season - 44,152,Juventude,,True,120,Botafogo,,False,1.0,0.0,,,,,,,,,,True,
32092713009,,UTC,2004-12-05T16:00:00+00:00,1102262400,1102262400.0,1102266000.0,,Benedito Teixeira,,Match Finished,FT,90.0,71,Serie A,Brazil,https://media.api-sports.io/football/leagues/71.png,https://media.api-sports.io/flags/br.svg,2004,Regular Season - 44,128,Santos,,True,130,Gremio,,False,5.0,1.0,,,,,,,,,,True,
44856438760,,UTC,2004-12-05T16:00:00+00:00,1102262400,1102262400.0,1102266000.0,,Barradão,,Match Finished,FT,90.0,71,Serie A,Brazil,https://media.api-sports.io/football/leagues/71.png,https://media.api-sports.io/flags/br.svg,2004,Regular Season - 44,136,Vitoria,,False,126,Sao Paulo,,True,1.0,4.0,,,,,,,,,,True,
6852655123,,UTC,2004-12-11T16:00:00+00:00,1102780800,1102780800.0,1102784400.0,,Colosso da Lagoa,,Match Finished,FT,90.0,71,Serie A,Brazil,https://media.api-sports.io/football/leagues/71.png,https://media.api-sports.io/flags/br.svg,2004,Regular Season - 45,130,Gremio,,False,1062,Atletico-MG,,True,0.0,1.0,,,,,,,,,,True,
15517018621,,UTC,2004-12-11T18:10:00+00:00,1102788600,1102788600.0,1102792200.0,,Pinheirão,,Match Finished,FT,90.0,71,Serie A,Brazil,https://media.api-sports.io/football/leagues/71.png,https://media.api-sports.io/flags/br.svg,2004,Regular Season - 45,122,Parana,,False,124,Fluminense,,True,0.0,1.0,,,,,,,,,,True,
52973065983,,UTC,2004-12-11T18:10:00+00:00,1102788600,1102788600.0,1102792200.0,,Parque Antártica,,Match Finished,FT,90.0,71,Serie A,Brazil,https://media.api-sports.io/football/leagues/71.png,https://media.api-sports.io/flags/br.svg,2004,Regular Season - 45,121,Palmeiras,,True,140,Criciuma,,False,3.0,2.0,,,,,,,,,,True,
7896130937,,UTC,2004-12-11T17:00:00+00:00,1102784400,1102784400.0,1102788000.0,,Mangueirão,,Match Finished,FT,90.0,71,Serie A,Brazil,https://media.api-sports.io/football/leagues/71.png,https://media.api-sports.io/flags/br.svg,2004,Regular Season - 45,303369,Paysandu,,True,138,Guarani Campinas,,False,4.0,2.0,,,,,,,,,,True,
60245964272,,UTC,2004-12-12T16:00:00+00:00,1102867200,1102867200.0,1102870800.0,,Morumbi,,Match Finished,FT,90.0,71,Serie A,Brazil,https://media.api-sports.io/football/leagues/71.png,https://media.api-sports.io/flags/br.svg,2004,Regular Season - 45,126,Sao Paulo,,,127,Flamengo,,,1.0,1.0,,,,,,,,,,True,
32770358833,,UTC,2004-12-12T16:00:00+00:00,1102867200,1102867200.0,1102870800.0,,Caio Martins,,Match Finished,FT,90.0,71,Serie A,Brazil,https://media.api-sports.io/football/leagues/71.png,https://media.api-sports.io/flags/br.svg,2004,Regular Season - 45,120,Botafogo,,False,131,Corinthians,,True,1.0,2.0,,,,,,,,,,True,
33460767034,,UTC,2004-12-12T16:00:00+00:00,1102867200,1102867200.0,1102870800.0,,Couto Pereira,,Match Finished,FT,90.0,71,Serie A,Brazil,https://media.api-sports.io/football/leagues/71.png,https://media.api-sports.io/flags/br.svg,2004,Regular Season - 45,147,Coritiba,,True,151,Goias,,False,1.0,0.0,,,,,,,,,,True,
15298258211,,UTC,2004-12-12T18:00:00+00:00,1102874400,1102874400.0,1102878000.0,,Mineirão,,Match Finished,FT,90.0,71,Serie A,Brazil,https://media.api-sports.io/football/leagues/71.png,https://media.api-sports.io/flags/br.svg,2004,Regular Season - 45,135,Cruzeiro,,True,136,Vitoria,,False,4.0,0.0,,,,,,,,,,True,
63324702810,,UTC,2004-12-12T16:00:00+00:00,1102867200,1102867200.0,1102870800.0,,Orlando Scarpelli,,Match Finished,FT,90.0,71,Serie A,Brazil,https://media.api-sports.io/football/leagues/71.png,https://media.api-sports.io/flags/br.svg,2004,Regular Season - 45,454769,Figueirense,,True,152,Juventude,,False,1.0,0.0,,,,,,,,,,True,
79775035477,,UTC,2004-12-12T18:00:00+00:00,1102874400,1102874400.0,1102878000.0,,Moisés Lucarelli,,Match Finished,FT,90.0,71,Serie A,Brazil,https://media.api-sports.io/football/leagues/71.png,https://media.api-sports.io/flags/br.svg,2004,Regular Season - 45,139,Ponte Preta,,False,119,Internacional,,True,1.0,2.0,,,,,,,,,,True,
90425204409,,UTC,2004-12-12T16:00:00+00:00,1102867200,1102867200.0,1102870800.0,,Anacleto Campanella,,Match Finished,FT,90.0,71,Serie A,Brazil,https://media.api-sports.io/football/leagues/71.png,https://media.api-sports.io/flags/br.svg,2004,Regular Season - 45,539683,São Caetano,,False,128,Santos,,True,0.0,3.0,,,,,,,,,,True,
50611820059,,UTC,2004-12-12T16:00:00+00:00,1102867200,1102867200.0,1102870800.0,,São Januário,,Match Finished,FT,90.0,71,Serie A,Brazil,https://media.api-sports.io/football/leagues/71.png,https://media.api-sports.io/flags/br.svg,2004,Regular Season - 45,133,Vasco DA Gama,,True,134,Atletico Paranaense,,False,1.0,0.0,,,,,,,,,,True,
42159068184,,UTC,2004-12-19T16:00:00+00:00,1103472000,1103472000.0,1103475600.0,,Arena da Baixada,,Match Finished,FT,90.0,71,Serie A,Brazil,https://media.api-sports.io/football/leagues/71.png,https://media.api-sports.io/flags/br.svg,2004,Regular Season - 46,134,Atletico Paranaense,,,120,Botafogo,,,1.0,1.0,,,,,,,,,,True,
19126259750,,UTC,2004-12-19T16:00:00+00:00,1103472000,1103472000.0,1103475600.0,,Heriberto Hulse,,Match Finished,FT,90.0,71,Serie A,Brazil,https://media.api-sports.io/football/leagues/71.png,https://media.api-sports.io/flags/br.svg,2004,Regular Season - 46,140,Criciuma,,,147,Coritiba,,,3.0,3.0,,,,,,,,,,True,
41187586199,,UTC,2004-12-19T16:00:00+00:00,1103472000,1103472000.0,1103475600.0,,Maracanã,,Match Finished,FT,90.0,71,Serie A,Brazil,https://media.api-sports.io/football/leagues/71.png,https://media.api-sports.io/flags/br.svg,2004,Regular Season - 46,124,Fluminense,,,121,Palmeiras,,,1.0,1.0,,,,,,,,,,True,
86446230197,,UTC,2004-12-19T16:00:00+00:00,1103472000,1103472000.0,1103475600.0,,Mineirão,,Match Finished,FT,90.0,71,Serie A,Brazil,https://media.api-sports.io/football/leagues/71.png,https://media.api-sports.io/flags/br.svg,2004,Regular Season - 46,1062,Atletico-MG,,True,539683,São Caetano,,False,3.0,0.0,,,,,,,,,,True,
89726778917,,UTC,2004-12-19T16:00:00+00:00,1103472000,1103472000.0,1103475600.0,,Pacaembu,,Match Finished,FT,90.0,71,Serie A,Brazil,https://media.api-sports.io/football/leagues/71.png,https://media.api-sports.io/flags/br.svg,2004,Regular Season - 46,131,Corinthians,,True,454769,Figueirense,,False,5.0,2.0,,,,,,,,,,True,
16293826884,,UTC,2004-12-19T16:00:00+00:00,1103472000,1103472000.0,1103475600.0,,Raulino de Oliveira,,Match Finished,FT,90.0,71,Serie A,Brazil,https://media.api-sports.io/football/leagues/71.png,https://media.api-sports.io/flags/br.svg,2004,Regular Season - 46,127,Flamengo,,True,135,Cruzeiro,,False,6.0,2.0,,,,,,,,,,True,
69132331711,,UTC,2004-12-19T16:00:00+00:00,1103472000,1103472000.0,1103475600.0,,Serra Dourada,,Match Finished,FT,90.0,71,Serie A,Brazil,https://media.api-sports.io/football/leagues/71.png,https://media.api-sports.io/flags/br.svg,2004,Regular Season - 46,151,Goias,,True,126,Sao Paulo,,False,2.0,0.0,,,,,,,,,,True,
7573752395,,UTC,2004-12-19T16:00:00+00:00,1103472000,1103472000.0,1103475600.0,,Brinco de Ouro,,Match Finished,FT,90.0,71,Serie A,Brazil,https://media.api-sports.io/football/leagues/71.png,https://media.api-sports.io/flags/br.svg,2004,Regular Season - 46,138,Guarani Campinas,,True,130,Gremio,,False,2.0,0.0,,,,,,,,,,True,
52637715447,,UTC,2004-12-19T16:00:00+00:00,1103472000,1103472000.0,1103475600.0,,Beira Rio,,Match Finished,FT,90.0,71,Serie A,Brazil,https://media.api-sports.io/football/leagues/71.png,https://media.api-sports.io/flags/br.svg,2004,Regular Season - 46,119,Internacional,,True,122,Parana,,False,2.0,1.0,,,,,,,,,,True,
29542850076,,UTC,2004-12-19T16:00:00+00:00,1103472000,1103472000.0,1103475600.0,,Alfredo Jaconi,,Match Finished,FT,90.0,71,Serie A,Brazil,https://media.api-sports.io/football/leagues/71.png,https://media.api-sports.io/flags/br.svg,2004,Regular Season - 46,152,Juventude,,False,303369,Paysandu,,True,1.0,2.0,,,,,,,,,,True,
81161198941,,UTC,2004-12-19T16:00:00+00:00,1103472000,1103472000.0,1103475600.0,,Barradão,,Match Finished,FT,90.0,71,Serie A,Brazil,https://media.api-sports.io/football/leagues/71.png,https://media.api-sports.io/flags/br.svg,2004,Regular Season - 46,136,Vitoria,,False,139,Ponte Preta,,True,1.0,2.0,,,,,,,,,,True,
94951970449,,UTC,2004-12-19T16:00:00+00:00,1103472000,1103472000.0,1103475600.0,,Teixeirão,,Match Finished,FT,90.0,71,Serie A,Brazil,https://media.api-sports.io/football/leagues/71.png,https://media.api-sports.io/flags/br.svg,2004,Regular Season - 46,128,Santos,,True,133,Vasco DA Gama,,False,2.0,1.0,,,,,,,,,,True,
