fixture_id,fixture_referee,fixture_timezone,fixture_date,fixture_timestamp,fixture_periods_first,fixture_periods_second,fixture_venue_id,fixture_venue_name,fixture_venue_city,fixture_status_long,fixture_status_short,fixture_status_elapsed,league_id,league_name,league_country,league_logo,league_flag,league_season,league_round,teams_home_id,teams_home_name,teams_home_logo,teams_home_winner,teams_away_id,teams_away_name,teams_away_logo,teams_away_winner,goals_home,goals_away,score_halftime_home,score_halftime_away,score_fulltime_home,score_fulltime_away,score_extratime_home,score_extratime_away,score_penalty_home,score_penalty_away,fixture_status_extra,league_standings,chave
82722147976,,UTC,2007-05-12T18:10:00+00:00,1178993400,1178993400.0,1178997000.0,,Maracanã,,Match Finished,FT,90.0,71,Serie A,Brazil,https://media.api-sports.io/football/leagues/71.png,https://media.api-sports.io/flags/br.svg,2007,Regular Season - 1,124,Fluminense,,,135,Cruzeiro,,,2.0,2.0,,,,,,,,,,True,
2946904029,,UTC,2007-05-12T18:10:00+00:00,1178993400,1178993400.0,1178997000.0,,Orlando Scarpelli,,Match Finished,FT,90.0,71,Serie A,Brazil,https://media.api-sports.io/football/leagues/71.png,https://media.api-sports.io/flags/br.svg,2007,Regular Season - 1,454769,Figueirense,,False,134,Atletico Paranaense,,True,3.0,6.0,,,,,,,,,,True,
2435809634,,UTC,2007-05-12T18:10:00+00:00,1178993400,1178993400.0,1178997000.0,,Morumbi,,Match Finished,FT,90.0,71,Serie A,Brazil,https://media.api-sports.io/football/leagues/71.png,https://media.api-sports.io/flags/br.svg,2007,Regular Season - 1,126,Sao Paulo,,True,151,Goias,,False,2.0,0.0,,,,,,,,,,True,
31572424543,,UTC,2007-05-13T16:00:00+00:00,1179072000,1179072000.0,1179075600.0,,Mineirão,,Match Finished,FT,90.0,71,Serie A,Brazil,https://media.api-sports.io/football/leagues/71.png,https://media.api-sports.io/flags/br.svg,2007,Regular Season - 1,1062,Atletico-MG,,True,755,Nautico Recife,,False,2.0,1.0,,,,,,,,,,True,
66329916057,,UTC,2007-05-13T16:00:00+00:00,1179072000,1179072000.0,1179075600.0,,Beira Rio,,Match Finished,FT,90.0,71,Serie A,Brazil,https://media.api-sports.io/football/leagues/71.png,https://media.api-sports.io/flags/br.svg,2007,Regular Season - 1,119,Internacional,,False,120,Botafogo,,True,2.0,3.0,,,,,,,,,,True,
4528397384,,UTC,2007-05-13T18:10:00+00:00,1179079800,1179079800.0,1179083400.0,,Morumbi,,Match Finished,FT,90.0,71,Serie A,Brazil,https://media.api-sports.io/football/leagues/71.png,https://media.api-sports.io/flags/br.svg,2007,Regular Season - 1,131,Corinthians,,True,152,Juventude,,False,1.0,0.0,,,,,,,,,,True,
63511162896,,UTC,2007-05-13T16:00:00+00:00,1179072000,1179072000.0,1179075600.0,,Maracanã,,Match Finished,FT,90.0,71,Serie A,Brazil,https://media.api-sports.io/football/leagues/71.png,https://media.api-sports.io/flags/br.svg,2007,Regular Season - 1,127,Flamengo,,False,121,Palmeiras,,True,2.0,4.0,,,,,,,,,,True,
48075182001,,UTC,2007-05-13T16:00:00+00:00,1179072000,1179072000.0,1179075600.0,,Durival de Brito,,Match Finished,FT,90.0,71,Serie A,Brazil,https://media.api-sports.io/football/leagues/71.png,https://media.api-sports.io/flags/br.svg,2007,Regular Season - 1,122,Parana,,True,130,Gremio,,False,3.0,0.0,,,,,,,,,,True,
46898349367,,UTC,2007-05-13T18:10:00+00:00,1179079800,1179079800.0,1179083400.0,,Ilha do Retiro,,Match Finished,FT,90.0,71,Serie A,Brazil,https://media.api-sports.io/football/leagues/71.png,https://media.api-sports.io/flags/br.svg,2007,Regular Season - 1,123,Sport Recife,,True,128,Santos,,False,4.0,1.0,,,,,,,,,,True,
45224292432,,UTC,2007-05-13T18:10:00+00:00,1179079800,1179079800.0,1179083400.0,,Machadão,,Match Finished,FT,90.0,71,Serie A,Brazil,https://media.api-sports.io/football/leagues/71.png,https://media.api-sports.io/flags/br.svg,2007,Regular Season - 1,797872,América-RN,,False,133,Vasco DA Gama,,True,0.0,1.0,,,,,,,,,,True,
42230696607,,UTC,2007-05-19T18:10:00+00:00,1179598200,1179598200.0,1179601800.0,,Vila Belmiro,,Match Finished,FT,90.0,71,Serie A,Brazil,https://media.api-sports.io/football/leagues/71.png,https://media.api-sports.io/flags/br.svg,2007,Regular Season - 2,128,Santos,,False,797872,América-RN,,True,2.0,3.0,,,,,,,,,,True,
43484600048,,UTC,2007-05-19T18:10:00+00:00,1179598200,1179598200.0,1179601800.0,,Kyocera Arena,,Match Finished,FT,90.0,71,Serie A,Brazil,https://media.api-sports.io/football/leagues/71.png,https://media.api-sports.io/flags/br.svg,2007,Regular Season - 2,134,Atletico Paranaense,,True,119,Internacional,,False,2.0,1.0,,,,,,,,,,True,
53237066283,,UTC,2007-05-19T18:10:00+00:00,1179598200,1179598200.0,1179601800.0,,Alfredo Jaconi,,Match Finished,FT,90.0,71,Serie A,Brazil,https://media.api-sports.io/football/leagues/71.png,https://media.api-sports.io/flags/br.svg,2007,Regular Season - 2,152,Juventude,,False,122,Parana,,True,1.0,2.0,,,,,,,,,,True,
90819377665,,UTC,2007-05-20T16:00:00+00:00,1179676800,1179676800.0,1179680400.0,,Maracanã,,Match Finished,FT,90.0,71,Serie A,Brazil,https://media.api-sports.io/football/leagues/71.png,https://media.api-sports.io/flags/br.svg,2007,Regular Season - 2,120,Botafogo,,True,1062,Atletico-MG,,False,2.0,1.0,,,,,,,,,,True,
83016190921,,UTC,2007-05-20T16:00:00+00:00,1179676800,1179676800.0,1179680400.0,,Mineirão,,Match Finished,FT,90.0,71,Serie A,Brazil,https://media.api-sports.io/football/leagues/71.png,https://media.api-sports.io/flags/br.svg,2007,Regular Season - 2,135,Cruzeiro,,False,131,Corinthians,,True,0.0,3.0,,,,,,,,,,True,
83257796551,,UTC,2007-05-20T16:00:00+00:00,1179676800,1179676800.0,1179680400.0,,Serra Dourada,,Match Finished,FT,90.0,71,Serie A,Brazil,https://media.api-sports.io/football/leagues/71.png,https://media.api-sports.io/flags/br.svg,2007,Regular Season - 2,151,Goias,,False,127,Flamengo,,True,1.0,3.0,,,,,,,,,,True,
98996431874,,UTC,2007-05-20T18:10:00+00:00,1179684600,1179684600.0,1179688200.0,,Olímpico Monumental,,Match Finished,FT,90.0,71,Serie A,Brazil,https://media.api-sports.io/football/leagues/71.png,https://media.api-sports.io/flags/br.svg,2007,Regular Season - 2,130,Gremio,,True,124,Fluminense,,False,2.0,0.0,,,,,,,,,,True,
11398320308,,UTC,2007-05-20T18:10:00+00:00,1179684600,1179684600.0,1179688200.0,,Aflitos,,Match Finished,FT,90.0,71,Serie A,Brazil,https://media.api-sports.io/football/leagues/71.png,https://media.api-sports.io/flags/br.svg,2007,Regular Season - 2,755,Nautico Recife,,True,126,Sao Paulo,,False,1.0,0.0,,,,,,,,,,True,
79097974233,,UTC,2007-05-20T16:00:00+00:00,1179676800,1179676800.0,1179680400.0,,Parque Antártica,,Match Finished,FT,90.0,71,Serie A,Brazil,https://media.api-sports.io/football/leagues/71.png,https://media.api-sports.io/flags/br.svg,2007,Regular Season - 2,121,Palmeiras,,True,454769,Figueirense,,False,2.0,1.0,,,,,,,,,,True,
20718107280,,UTC,2007-05-20T18:10:00+00:00,1179684600,1179684600.0,1179688200.0,,São Januário,,Match Finished,FT,90.0,71,Serie A,Brazil,https://media.api-sports.io/football/leagues/71.png,https://media.api-sports.io/flags/br.svg,2007,Regular Season - 2,133,Vasco DA Gama,,True,123,Sport Recife,,False,3.0,1.0,,,,,,,,,,True,
35320511612,,UTC,2007-05-26T18:10:00+00:00,1180203000,1180203000.0,1180206600.0,,Morumbi,,Match Finished,FT,90.0,71,Serie A,Brazil,https://media.api-sports.io/football/leagues/71.png,https://media.api-sports.io/flags/br.svg,2007,Regular Season - 3,131,Corinthians,,,1062,Atletico-MG,,,0.0,0.0,,,,,,,,,,True,
70228826938,,UTC,2007-05-26T18:10:00+00:00,1180203000,1180203000.0,1180206600.0,,Machadão,,Match Finished,FT,90.0,71,Serie A,Brazil,https://media.api-sports.io/football/leagues/71.png,https://media.api-sports.io/flags/br.svg,2007,Regular Season - 3,797872,América-RN,,False,454769,Figueirense,,True,0.0,1.0,,,,,,,,,,True,
64898378069,,UTC,2007-05-26T18:10:00+00:00,1180203000,1180203000.0,1180206600.0,,Maracanã,,Match Finished,FT,90.0,71,Serie A,Brazil,https://media.api-sports.io/football/leagues/71.png,https://media.api-sports.io/flags/br.svg,2007,Regular Season - 3,124,Fluminense,,True,119,Internacional,,False,3.0,0.0,,,,,,,,,,True,
67723885004,,UTC,2007-05-27T18:10:00+00:00,1180289400,1180289400.0,1180293000.0,,Maracanã,,Match Finished,FT,90.0,71,Serie A,Brazil,https://media.api-sports.io/football/leagues/71.png,https://media.api-sports.io/flags/br.svg,2007,Regular Season - 3,127,Flamengo,,,120,Botafogo,,,2.0,2.0,,,,,,,,,,True,
1937634025,,UTC,2007-05-27T16:00:00+00:00,1180281600,1180281600.0,1180285200.0,,Morumbi,,Match Finished,FT,90.0,71,Serie A,Brazil,https://media.api-sports.io/football/leagues/71.png,https://media.api-sports.io/flags/br.svg,2007,Regular Season - 3,126,Sao Paulo,,,121,Palmeiras,,,0.0,0.0,,,,,,,,,,True,
48836449130,,UTC,2007-05-27T16:00:00+00:00,1180281600,1180281600.0,1180285200.0,,Aflitos,,Match Finished,FT,90.0,71,Serie A,Brazil,https://media.api-sports.io/football/leagues/71.png,https://media.api-sports.io/flags/br.svg,2007,Regular Season - 3,755,Nautico Recife,,,133,Vasco DA Gama,,,2.0,2.0,,,,,,,,,,True,
59173665045,,UTC,2007-05-27T18:10:00+00:00,1180289400,1180289400.0,1180293000.0,,Serra Dourada,,Match Finished,FT,90.0,71,Serie A,Brazil,https://media.api-sports.io/football/leagues/71.png,https://media.api-sports.io/flags/br.svg,2007,Regular Season - 3,151,Goias,,True,152,Juventude,,False,3.0,1.0,,,,,,,,,,True,
36625681685,,UTC,2007-05-27T16:00:00+00:00,1180281600,1180281600.0,1180285200.0,,Olímpico Monumental,,Match Finished,FT,90.0,71,Serie A,Brazil,https://media.api-sports.io/football/leagues/71.png,https://media.api-sports.io/flags/br.svg,2007,Regular Season - 3,130,Gremio,,True,123,Sport Recife,,False,1.0,0.0,,,,,,,,,,True,
61823420497,,UTC,2007-05-27T18:10:00+00:00,1180289400,1180289400.0,1180293000.0,,Mineirão,,Match Finished,FT,90.0,71,Serie A,Brazil,https://media.api-sports.io/football/leagues/71.png,https://media.api-sports.io/flags/br.svg,2007,Regular Season - 3,135,Cruzeiro,,False,122,Parana,,True,3.0,4.0,,,,,,,,,,True,
92746787409,,UTC,2007-05-27T16:00:00+00:00,1180281600,1180281600.0,1180285200.0,,Kyocera Arena,,Match Finished,FT,90.0,71,Serie A,Brazil,https://media.api-sports.io/football/leagues/71.png,https://media.api-sports.io/flags/br.svg,2007,Regular Season - 3,134,Atletico Paranaense,,False,128,Santos,,True,0.0,1.0,,,,,,,,,,True,
86676229623,,UTC,2007-06-02T18:10:00+00:00,1180807800,1180807800.0,1180811400.0,,Mineirão,,Match Finished,FT,90.0,71,Serie A,Brazil,https://media.api-sports.io/football/leagues/71.png,https://media.api-sports.io/flags/br.svg,2007,Regular Season - 4,1062,Atletico-MG,,,134,Atletico Paranaense,,,1.0,1.0,,,,,,,,,,True,
38817626776,,UTC,2007-06-02T18:10:00+00:00,1180807800,1180807800.0,1180811400.0,,Maracanã,,Match Finished,FT,90.0,71,Serie A,Brazil,https://media.api-sports.io/football/leagues/71.png,https://media.api-sports.io/flags/br.svg,2007,Regular Season - 4,120,Botafogo,,True,130,Gremio,,False,3.0,0.0,,,,,,,,,,True,
59356349162,,UTC,2007-06-02T18:10:00+00:00,1180807800,1180807800.0,1180811400.0,,Orlando Scarpelli,,Match Finished,FT,90.0,71,Serie A,Brazil,https://media.api-sports.io/football/leagues/71.png,https://media.api-sports.io/flags/br.svg,2007,Regular Season - 4,454769,Figueirense,,True,151,Goias,,False,2.0,1.0,,,,,,,,,,True,
64812129592,,UTC,2007-06-03T16:00:00+00:00,1180886400,1180886400.0,1180890000.0,,Vila Belmiro,,Match Finished,FT,90.0,71,Serie A,Brazil,https://media.api-sports.io/football/leagues/71.png,https://media.api-sports.io/flags/br.svg,2007,Regular Season - 4,128,Santos,,,131,Corinthians,,,1.0,1.0,,,,,,,,,,True,
12446614719,,UTC,2007-06-03T16:00:00+00:00,1180886400,1180886400.0,1180890000.0,,Ilha do Retiro,,Match Finished,FT,90.0,71,Serie A,Brazil,https://media.api-sports.io/football/leagues/71.png,https://media.api-sports.io/flags/br.svg,2007,Regular Season - 4,123,Sport Recife,,,127,Flamengo,,,2.0,2.0,,,,,,,,,,True,
41692672417,,UTC,2007-06-03T18:10:00+00:00,1180894200,1180894200.0,1180897800.0,,Maracanã,,Match Finished,FT,90.0,71,Serie A,Brazil,https://media.api-sports.io/football/leagues/71.png,https://media.api-sports.io/flags/br.svg,2007,Regular Season - 4,133,Vasco DA Gama,,,124,Fluminense,,,1.0,1.0,,,,,,,,,,True,
24796044613,,UTC,2007-06-03T16:00:00+00:00,1180886400,1180886400.0,1180890000.0,,Parque Antártica,,Match Finished,FT,90.0,71,Serie A,Brazil,https://media.api-sports.io/football/leagues/71.png,https://media.api-sports.io/flags/br.svg,2007,Regular Season - 4,121,Palmeiras,,False,135,Cruzeiro,,True,1.0,3.0,,,,,,,,,,True,
48606110477,,UTC,2007-06-03T16:00:00+00:00,1180886400,1180886400.0,1180890000.0,,Alfredo Jaconi,,Match Finished,FT,90.0,71,Serie A,Brazil,https://media.api-sports.io/football/leagues/71.png,https://media.api-sports.io/flags/br.svg,2007,Regular Season - 4,152,Juventude,,True,797872,América-RN,,False,3.0,0.0,,,,,,,,,,True,
7317469799,,UTC,2007-06-03T18:10:00+00:00,1180894200,1180894200.0,1180897800.0,,Durival de Brito,,Match Finished,FT,90.0,71,Serie A,Brazil,https://media.api-sports.io/football/leagues/71.png,https://media.api-sports.io/flags/br.svg,2007,Regular Season - 4,122,Parana,,False,126,Sao Paulo,,True,0.0,1.0,,,,,,,,,,True,
5440307766,,UTC,2007-06-04T20:30:00+00:00,1180989000,1180989000.0,1180992600.0,,Beira Rio,,Match Finished,FT,90.0,71,Serie A,Brazil,https://media.api-sports.io/football/leagues/71.png,https://media.api-sports.io/flags/br.svg,2007,Regular Season - 4,119,Internacional,,True,755,Nautico Recife,,False,2.0,0.0,,,,,,,,,,True,
58949655569,,UTC,2007-06-09T18:10:00+00:00,1181412600,1181412600.0,1181416200.0,,Parque Antártica,,Match Finished,FT,90.0,71,Serie A,Brazil,https://media.api-sports.io/football/leagues/71.png,https://media.api-sports.io/flags/br.svg,2007,Regular Season - 5,121,Palmeiras,,,120,Botafogo,,,1.0,1.0,,,,,,,,,,True,
53061296680,,UTC,2007-06-09T18:10:00+00:00,1181412600,1181412600.0,1181416200.0,,Aflitos,,Match Finished,FT,90.0,71,Serie A,Brazil,https://media.api-sports.io/football/leagues/71.png,https://media.api-sports.io/flags/br.svg,2007,Regular Season - 5,755,Nautico Recife,,,122,Parana,,,4.0,4.0,,,,,,,,,,True,
25809263250,,UTC,2007-06-09T18:10:00+00:00,1181412600,1181412600.0,1181416200.0,,São Januário,,Match Finished,FT,90.0,71,Serie A,Brazil,https://media.api-sports.io/football/leagues/71.png,https://media.api-sports.io/flags/br.svg,2007,Regular Season - 5,133,Vasco DA Gama,,True,130,Gremio,,False,4.0,0.0,,,,,,,,,,True,
43879252889,,UTC,2007-06-10T18:10:00+00:00,1181499000,1181499000.0,1181502600.0,,Morumbi,,Match Finished,FT,90.0,71,Serie A,Brazil,https://media.api-sports.io/football/leagues/71.png,https://media.api-sports.io/flags/br.svg,2007,Regular Season - 5,126,Sao Paulo,,False,1062,Atletico-MG,,True,0.0,1.0,,,,,,,,,,True,
71051827286,,UTC,2007-06-10T16:00:00+00:00,1181491200,1181491200.0,1181494800.0,,Machadão,,Match Finished,FT,90.0,71,Serie A,Brazil,https://media.api-sports.io/football/leagues/71.png,https://media.api-sports.io/flags/br.svg,2007,Regular Season - 5,797872,América-RN,,False,131,Corinthians,,True,1.0,2.0,,,,,,,,,,True,
31341012404,,UTC,2007-06-10T16:00:00+00:00,1181491200,1181491200.0,1181494800.0,,Orlando Scarpelli,,Match Finished,FT,90.0,71,Serie A,Brazil,https://media.api-sports.io/football/leagues/71.png,https://media.api-sports.io/flags/br.svg,2007,Regular Season - 5,454769,Figueirense,,True,127,Flamengo,,False,4.0,0.0,,,,,,,,,,True,
18320226834,,UTC,2007-06-10T16:00:00+00:00,1181491200,1181491200.0,1181494800.0,,Maracanã,,Match Finished,FT,90.0,71,Serie A,Brazil,https://media.api-sports.io/football/leagues/71.png,https://media.api-sports.io/flags/br.svg,2007,Regular Season - 5,124,Fluminense,,True,123,Sport Recife,,False,3.0,0.0,,,,,,,,,,True,
79396545457,,UTC,2007-06-10T16:00:00+00:00,1181491200,1181491200.0,1181494800.0,,Kyocera Arena,,Match Finished,FT,90.0,71,Serie A,Brazil,https://media.api-sports.io/football/leagues/71.png,https://media.api-sports.io/flags/br.svg,2007,Regular Season - 5,134,Atletico Paranaense,,False,151,Goias,,True,0.0,3.0,,,,,,,,,,True,
10168932954,,UTC,2007-06-10T18:10:00+00:00,1181499000,1181499000.0,1181502600.0,,Beira Rio,,Match Finished,FT,90.0,71,Serie A,Brazil,https://media.api-sports.io/football/leagues/71.png,https://media.api-sports.io/flags/br.svg,2007,Regular Season - 5,119,Internacional,,True,128,Santos,,False,1.0,0.0,,,,,,,,,,True,
41878178562,,UTC,2007-06-10T18:10:00+00:00,1181499000,1181499000.0,1181502600.0,,Mineirão,,Match Finished,FT,90.0,71,Serie A,Brazil,https://media.api-sports.io/football/leagues/71.png,https://media.api-sports.io/flags/br.svg,2007,Regular Season - 5,135,Cruzeiro,,False,152,Juventude,,True,2.0,3.0,,,,,,,,,,True,
18360638046,,UTC,2007-06-14T20:30:00+00:00,1181853000,1181853000.0,1181856600.0,,Maracanã,,Match Finished,FT,90.0,71,Serie A,Brazil,https://media.api-sports.io/football/leagues/71.png,https://media.api-sports.io/flags/br.svg,2007,Regular Season - 12,120,Botafogo,,True,133,Vasco DA Gama,,False,4.0,0.0,,,,,,,,,,True,
91068320567,,UTC,2007-06-16T18:10:00+00:00,1182017400,1182017400.0,1182021000.0,,Maracanã,,Match Finished,FT,90.0,71,Serie A,Brazil,https://media.api-sports.io/football/leagues/71.png,https://media.api-sports.io/flags/br.svg,2007,Regular Season - 6,127,Flamengo,,,119,Internacional,,,2.0,2.0,,,,,,,,,,True,
25848397285,,UTC,2007-06-16T18:10:00+00:00,1182017400,1182017400.0,1182021000.0,,Morumbi,,Match Finished,FT,90.0,71,Serie A,Brazil,https://media.api-sports.io/football/leagues/71.png,https://media.api-sports.io/flags/br.svg,2007,Regular Season - 6,131,Corinthians,,,122,Parana,,,0.0,0.0,,,,,,,,,,True,
47580274890,,UTC,2007-06-16T18:10:00+00:00,1182017400,1182017400.0,1182021000.0,,Olímpico Monumental,,Match Finished,FT,90.0,71,Serie A,Brazil,https://media.api-sports.io/football/leagues/71.png,https://media.api-sports.io/flags/br.svg,2007,Regular Season - 6,130,Gremio,,False,135,Cruzeiro,,True,0.0,2.0,,,,,,,,,,True,
42554228056,,UTC,2007-06-17T18:10:00+00:00,1182103800,1182103800.0,1182107400.0,,Ilha do Retiro,,Match Finished,FT,90.0,71,Serie A,Brazil,https://media.api-sports.io/football/leagues/71.png,https://media.api-sports.io/flags/br.svg,2007,Regular Season - 6,123,Sport Recife,,,797872,América-RN,,,2.0,2.0,,,,,,,,,,True,
87166538682,,UTC,2007-06-17T16:00:00+00:00,1182096000,1182096000.0,1182099600.0,,Kyocera Arena,,Match Finished,FT,90.0,71,Serie A,Brazil,https://media.api-sports.io/football/leagues/71.png,https://media.api-sports.io/flags/br.svg,2007,Regular Season - 6,134,Atletico Paranaense,,,124,Fluminense,,,1.0,1.0,,,,,,,,,,True,
17269101928,,UTC,2007-06-17T16:00:00+00:00,1182096000,1182096000.0,1182099600.0,,Mineirão,,Match Finished,FT,90.0,71,Serie A,Brazil,https://media.api-sports.io/football/leagues/71.png,https://media.api-sports.io/flags/br.svg,2007,Regular Season - 6,1062,Atletico-MG,,True,454769,Figueirense,,False,4.0,1.0,,,,,,,,,,True,
70391013375,,UTC,2007-06-17T18:10:00+00:00,1182103800,1182103800.0,1182107400.0,,Maracanã,,Match Finished,FT,90.0,71,Serie A,Brazil,https://media.api-sports.io/football/leagues/71.png,https://media.api-sports.io/flags/br.svg,2007,Regular Season - 6,120,Botafogo,,True,755,Nautico Recife,,False,3.0,1.0,,,,,,,,,,True,
16227155243,,UTC,2007-06-17T16:00:00+00:00,1182096000,1182096000.0,1182099600.0,,Serra Dourada,,Match Finished,FT,90.0,71,Serie A,Brazil,https://media.api-sports.io/football/leagues/71.png,https://media.api-sports.io/flags/br.svg,2007,Regular Season - 6,151,Goias,,True,121,Palmeiras,,False,3.0,1.0,,,,,,,,,,True,
68509749851,,UTC,2007-06-17T18:10:00+00:00,1182103800,1182103800.0,1182107400.0,,Alfredo Jaconi,,Match Finished,FT,90.0,71,Serie A,Brazil,https://media.api-sports.io/football/leagues/71.png,https://media.api-sports.io/flags/br.svg,2007,Regular Season - 6,152,Juventude,,False,128,Santos,,True,0.0,2.0,,,,,,,,,,True,
81808993013,,UTC,2007-06-17T16:00:00+00:00,1182096000,1182096000.0,1182099600.0,,Morumbi,,Match Finished,FT,90.0,71,Serie A,Brazil,https://media.api-sports.io/football/leagues/71.png,https://media.api-sports.io/flags/br.svg,2007,Regular Season - 6,126,Sao Paulo,,True,133,Vasco DA Gama,,False,2.0,0.0,,,,,,,,,,True,
92715657222,,UTC,2007-06-23T18:10:00+00:00,1182622200,1182622200.0,1182625800.0,,Alfredo Jaconi,,Match Finished,FT,90.0,71,Serie A,Brazil,https://media.api-sports.io/football/leagues/71.png,https://media.api-sports.io/flags/br.svg,2007,Regular Season - 7,152,Juventude,,,454769,Figueirense,,,1.0,1.0,,,,,,,,,,True,
90627618996,,UTC,2007-06-23T18:10:00+00:00,1182622200,1182622200.0,1182625800.0,,Durival de Brito,,Match Finished,FT,90.0,71,Serie A,Brazil,https://media.api-sports.io/football/leagues/71.png,https://media.api-sports.io/flags/br.svg,2007,Regular Season - 7,122,Parana,,True,123,Sport Recife,,False,1.0,0.0,,,,,,,,,,True,
87494971032,,UTC,2007-06-24T16:00:00+00:00,1182700800,1182700800.0,1182704400.0,,Parque Antártica,,Match Finished,FT,90.0,71,Serie A,Brazil,https://media.api-sports.io/football/leagues/71.png,https://media.api-sports.io/flags/br.svg,2007,Regular Season - 7,121,Palmeiras,,False,134,Atletico Paranaense,,True,0.0,2.0,,,,,,,,,,True,
53731187428,,UTC,2007-06-24T16:00:00+00:00,1182700800,1182700800.0,1182704400.0,,Mineirão,,Match Finished,FT,90.0,71,Serie A,Brazil,https://media.api-sports.io/football/leagues/71.png,https://media.api-sports.io/flags/br.svg,2007,Regular Season - 7,135,Cruzeiro,,True,1062,Atletico-MG,,False,4.0,2.0,,,,,,,,,,True,
24658347304,,UTC,2007-06-24T16:00:00+00:00,1182700800,1182700800.0,1182704400.0,,Machadão,,Match Finished,FT,90.0,71,Serie A,Brazil,https://media.api-sports.io/football/leagues/71.png,https://media.api-sports.io/flags/br.svg,2007,Regular Season - 7,797872,América-RN,,False,124,Fluminense,,True,0.0,1.0,,,,,,,,,,True,
49166875481,,UTC,2007-06-24T18:10:00+00:00,1182708600,1182708600.0,1182712200.0,,Aflitos,,Match Finished,FT,90.0,71,Serie A,Brazil,https://media.api-sports.io/football/leagues/71.png,https://media.api-sports.io/flags/br.svg,2007,Regular Season - 7,755,Nautico Recife,,False,151,Goias,,True,0.0,2.0,,,,,,,,,,True,
49151599627,,UTC,2007-06-24T18:10:00+00:00,1182708600,1182708600.0,1182712200.0,,Beira Rio,,Match Finished,FT,90.0,71,Serie A,Brazil,https://media.api-sports.io/football/leagues/71.png,https://media.api-sports.io/flags/br.svg,2007,Regular Season - 7,119,Internacional,,False,130,Gremio,,True,0.0,2.0,,,,,,,,,,True,
31600042791,,UTC,2007-06-24T16:00:00+00:00,1182700800,1182700800.0,1182704400.0,,Vila Belmiro,,Match Finished,FT,90.0,71,Serie A,Brazil,https://media.api-sports.io/football/leagues/71.png,https://media.api-sports.io/flags/br.svg,2007,Regular Season - 7,128,Santos,,False,126,Sao Paulo,,True,0.0,2.0,,,,,,,,,,True,
36586219675,,UTC,2007-06-28T20:30:00+00:00,1183062600,1183062600.0,1183066200.0,,Orlando Scarpelli,,Match Finished,FT,90.0,71,Serie A,Brazil,https://media.api-sports.io/football/leagues/71.png,https://media.api-sports.io/flags/br.svg,2007,Regular Season - 8,454769,Figueirense,,,126,Sao Paulo,,,0.0,0.0,,,,,,,,,,True,
9545049252,,UTC,2007-06-28T20:30:00+00:00,1183062600,1183062600.0,1183066200.0,,Ilha do Retiro,,Match Finished,FT,90.0,71,Serie A,Brazil,https://media.api-sports.io/football/leagues/71.png,https://media.api-sports.io/flags/br.svg,2007,Regular Season - 8,123,Sport Recife,,True,755,Nautico Recife,,False,4.0,1.0,,,,,,,,,,True,
45187192795,,UTC,2007-06-30T18:10:00+00:00,1183227000,1183227000.0,1183230600.0,,Beira Rio,,Match Finished,FT,90.0,71,Serie A,Brazil,https://media.api-sports.io/football/leagues/71.png,https://media.api-sports.io/flags/br.svg,2007,Regular Season - 8,119,Internacional,,,1062,Atletico-MG,,,1.0,1.0,,,,,,,,,,True,
29073779213,,UTC,2007-06-30T18:10:00+00:00,1183227000,1183227000.0,1183230600.0,,Durival de Brito,,Match Finished,FT,90.0,71,Serie A,Brazil,https://media.api-sports.io/football/leagues/71.png,https://media.api-sports.io/flags/br.svg,2007,Regular Season - 8,122,Parana,,,134,Atletico Paranaense,,,2.0,2.0,,,,,,,,,,True,
90226492377,,UTC,2007-06-30T16:00:00+00:00,1183219200,1183219200.0,1183222800.0,,Vila Belmiro,,Match Finished,FT,90.0,71,Serie A,Brazil,https://media.api-sports.io/football/leagues/71.png,https://media.api-sports.io/flags/br.svg,2007,Regular Season - 8,128,Santos,,,130,Gremio,,,0.0,0.0,,,,,,,,,,True,
16222817594,,UTC,2007-06-30T18:10:00+00:00,1183227000,1183227000.0,1183230600.0,,Engenhão,,Match Finished,FT,90.0,71,Serie A,Brazil,https://media.api-sports.io/football/leagues/71.png,https://media.api-sports.io/flags/br.svg,2007,Regular Season - 8,124,Fluminense,,False,120,Botafogo,,True,1.0,2.0,,,,,,,,,,True,
59748919206,,UTC,2007-06-30T16:00:00+00:00,1183219200,1183219200.0,1183222800.0,,Mineirão,,Match Finished,FT,90.0,71,Serie A,Brazil,https://media.api-sports.io/football/leagues/71.png,https://media.api-sports.io/flags/br.svg,2007,Regular Season - 8,135,Cruzeiro,,True,133,Vasco DA Gama,,False,3.0,1.0,,,,,,,,,,True,
47880430626,,UTC,2007-06-30T16:00:00+00:00,1183219200,1183219200.0,1183222800.0,,Machadão,,Match Finished,FT,90.0,71,Serie A,Brazil,https://media.api-sports.io/football/leagues/71.png,https://media.api-sports.io/flags/br.svg,2007,Regular Season - 8,797872,América-RN,,False,151,Goias,,True,0.0,3.0,,,,,,,,,,True,
88319092812,,UTC,2007-06-30T18:10:00+00:00,1183227000,1183227000.0,1183230600.0,,Morumbi,,Match Finished,FT,90.0,71,Serie A,Brazil,https://media.api-sports.io/football/leagues/71.png,https://media.api-sports.io/flags/br.svg,2007,Regular Season - 8,131,Corinthians,,False,121,Palmeiras,,True,0.0,1.0,,,,,,,,,,True,
83422645853,,UTC,2007-07-03T21:45:00+00:00,1183499100,1183499100.0,1183502700.0,,Serra Dourada,,Match Finished,FT,90.0,71,Serie A,Brazil,https://media.api-sports.io/football/leagues/71.png,https://media.api-sports.io/flags/br.svg,2007,Regular Season - 9,151,Goias,,,120,Botafogo,,,1.0,1.0,,,,,,,,,,True,
36503285838,,UTC,2007-07-03T20:30:00+00:00,1183494600,1183494600.0,1183498200.0,,Kyocera Arena,,Match Finished,FT,90.0,71,Serie A,Brazil,https://media.api-sports.io/football/leagues/71.png,https://media.api-sports.io/flags/br.svg,2007,Regular Season - 9,134,Atletico Paranaense,,,755,Nautico Recife,,,1.0,1.0,,,,,,,,,,True,
64069037494,,UTC,2007-07-03T20:30:00+00:00,1183494600,1183494600.0,1183498200.0,,Raulino de Oliveira,,Match Finished,FT,90.0,71,Serie A,Brazil,https://media.api-sports.io/football/leagues/71.png,https://media.api-sports.io/flags/br.svg,2007,Regular Season - 9,124,Fluminense,,,122,Parana,,,0.0,0.0,,,,,,,,,,True,
2788810691,,UTC,2007-07-03T20:30:00+00:00,1183494600,1183494600.0,1183498200.0,,Orlando Scarpelli,,Match Finished,FT,90.0,71,Serie A,Brazil,https://media.api-sports.io/football/leagues/71.png,https://media.api-sports.io/flags/br.svg,2007,Regular Season - 9,454769,Figueirense,,True,135,Cruzeiro,,False,2.0,1.0,,,,,,,,,,True,
92690993578,,UTC,2007-07-03T20:30:00+00:00,1183494600,1183494600.0,1183498200.0,,Olímpico Monumental,,Match Finished,FT,90.0,71,Serie A,Brazil,https://media.api-sports.io/football/leagues/71.png,https://media.api-sports.io/flags/br.svg,2007,Regular Season - 9,130,Gremio,,True,152,Juventude,,False,3.0,1.0,,,,,,,,,,True,
50640752017,,UTC,2007-07-03T19:30:00+00:00,1183491000,1183491000.0,1183494600.0,,Parque Antártica,,Match Finished,FT,90.0,71,Serie A,Brazil,https://media.api-sports.io/football/leagues/71.png,https://media.api-sports.io/flags/br.svg,2007,Regular Season - 9,121,Palmeiras,,True,797872,América-RN,,False,2.0,0.0,,,,,,,,,,True,
39038147089,,UTC,2007-07-03T20:30:00+00:00,1183494600,1183494600.0,1183498200.0,,Morumbi,,Match Finished,FT,90.0,71,Serie A,Brazil,https://media.api-sports.io/football/leagues/71.png,https://media.api-sports.io/flags/br.svg,2007,Regular Season - 9,126,Sao Paulo,,True,119,Internacional,,False,1.0,0.0,,,,,,,,,,True,
34467405021,,UTC,2007-07-04T16:00:00+00:00,1183564800,1183564800.0,1183568400.0,,Mineirão,,Match Finished,FT,90.0,71,Serie A,Brazil,https://media.api-sports.io/football/leagues/71.png,https://media.api-sports.io/flags/br.svg,2007,Regular Season - 9,1062,Atletico-MG,,,127,Flamengo,,,1.0,1.0,,,,,,,,,,True,
71025483325,,UTC,2007-07-04T16:00:00+00:00,1183564800,1183564800.0,1183568400.0,,Ilha do Retiro,,Match Finished,FT,90.0,71,Serie A,Brazil,https://media.api-sports.io/football/leagues/71.png,https://media.api-sports.io/flags/br.svg,2007,Regular Season - 9,123,Sport Recife,,True,131,Corinthians,,False,2.0,1.0,,,,,,,,,,True,
86540675790,,UTC,2007-07-04T16:00:00+00:00,1183564800,1183564800.0,1183568400.0,,São Januário,,Match Finished,FT,90.0,71,Serie A,Brazil,https://media.api-sports.io/football/leagues/71.png,https://media.api-sports.io/flags/br.svg,2007,Regular Season - 9,133,Vasco DA Gama,,True,128,Santos,,False,4.0,0.0,,,,,,,,,,True,
15378874197,,UTC,2007-07-06T20:30:00+00:00,1183753800,1183753800.0,1183757400.0,,Durival de Brito,,Match Finished,FT,90.0,71,Serie A,Brazil,https://media.api-sports.io/football/leagues/71.png,https://media.api-sports.io/flags/br.svg,2007,Regular Season - 10,122,Parana,,False,797872,América-RN,,True,0.0,1.0,,,,,,,,,,True,
3587414636,,UTC,2007-07-07T18:10:00+00:00,1183831800,1183831800.0,1183835400.0,,Morumbi,,Match Finished,FT,90.0,71,Serie A,Brazil,https://media.api-sports.io/football/leagues/71.png,https://media.api-sports.io/flags/br.svg,2007,Regular Season - 29,126,Sao Paulo,,,127,Flamengo,,,0.0,0.0,,,,,,,,,,True,
75668740725,,UTC,2007-07-07T16:00:00+00:00,1183824000,1183824000.0,1183827600.0,,Pacaembu,,Match Finished,FT,90.0,71,Serie A,Brazil,https://media.api-sports.io/football/leagues/71.png,https://media.api-sports.io/flags/br.svg,2007,Regular Season - 10,131,Corinthians,,,124,Fluminense,,,1.0,1.0,,,,,,,,,,True,
82085991933,,UTC,2007-07-07T18:10:00+00:00,1183831800,1183831800.0,1183835400.0,,Mané Garrincha,,Match Finished,FT,90.0,71,Serie A,Brazil,https://media.api-sports.io/football/leagues/71.png,https://media.api-sports.io/flags/br.svg,2007,Regular Season - 10,120,Botafogo,,True,134,Atletico Paranaense,,False,2.0,0.0,,,,,,,,,,True,
34229891187,,UTC,2007-07-07T18:10:00+00:00,1183831800,1183831800.0,1183835400.0,,Serra Dourada,,Match Finished,FT,90.0,71,Serie A,Brazil,https://media.api-sports.io/football/leagues/71.png,https://media.api-sports.io/flags/br.svg,2007,Regular Season - 10,151,Goias,,True,123,Sport Recife,,False,3.0,2.0,,,,,,,,,,True,
69585936465,,UTC,2007-07-07T16:00:00+00:00,1183824000,1183824000.0,1183827600.0,,Mineirão,,Match Finished,FT,90.0,71,Serie A,Brazil,https://media.api-sports.io/football/leagues/71.png,https://media.api-sports.io/flags/br.svg,2007,Regular Season - 10,1062,Atletico-MG,,False,130,Gremio,,True,0.0,1.0,,,,,,,,,,True,
89893213662,,UTC,2007-07-07T18:10:00+00:00,1183831800,1183831800.0,1183835400.0,,Beira Rio,,Match Finished,FT,90.0,71,Serie A,Brazil,https://media.api-sports.io/football/leagues/71.png,https://media.api-sports.io/flags/br.svg,2007,Regular Season - 10,119,Internacional,,True,454769,Figueirense,,False,2.0,1.0,,,,,,,,,,True,
63995884775,,UTC,2007-07-07T18:10:00+00:00,1183831800,1183831800.0,1183835400.0,,Alfredo Jaconi,,Match Finished,FT,90.0,71,Serie A,Brazil,https://media.api-sports.io/football/leagues/71.png,https://media.api-sports.io/flags/br.svg,2007,Regular Season - 10,152,Juventude,,True,133,Vasco DA Gama,,False,2.0,0.0,,,,,,,,,,True,
15626905016,,UTC,2007-07-07T18:10:00+00:00,1183831800,1183831800.0,1183835400.0,,Aflitos,,Match Finished,FT,90.0,71,Serie A,Brazil,https://media.api-sports.io/football/leagues/71.png,https://media.api-sports.io/flags/br.svg,2007,Regular Season - 10,755,Nautico Recife,,False,121,Palmeiras,,True,0.0,1.0,,,,,,,,,,True,
31197934207,,UTC,2007-07-07T16:00:00+00:00,1183824000,1183824000.0,1183827600.0,,Vila Belmiro,,Match Finished,FT,90.0,71,Serie A,Brazil,https://media.api-sports.io/football/leagues/71.png,https://media.api-sports.io/flags/br.svg,2007,Regular Season - 10,128,Santos,,True,135,Cruzeiro,,False,4.0,1.0,,,,,,,,,,True,
90449021007,,UTC,2007-07-12T20:30:00+00:00,1184272200,1184272200.0,1184275800.0,,Alfredo Jaconi,,Match Finished,FT,90.0,71,Serie A,Brazil,https://media.api-sports.io/football/leagues/71.png,https://media.api-sports.io/flags/br.svg,2007,Regular Season - 11,152,Juventude,,,755,Nautico Recife,,,1.0,1.0,,,,,,,,,,True,
65048687874,,UTC,2007-07-12T20:30:00+00:00,1184272200,1184272200.0,1184275800.0,,Durival de Brito,,Match Finished,FT,90.0,71,Serie A,Brazil,https://media.api-sports.io/football/leagues/71.png,https://media.api-sports.io/flags/br.svg,2007,Regular Season - 11,122,Parana,,False,454769,Figueirense,,True,1.0,2.0,,,,,,,,,,True,
76239301264,,UTC,2007-07-12T20:30:00+00:00,1184272200,1184272200.0,1184275800.0,,São Januário,,Match Finished,FT,90.0,71,Serie A,Brazil,https://media.api-sports.io/football/leagues/71.png,https://media.api-sports.io/flags/br.svg,2007,Regular Season - 11,133,Vasco DA Gama,,True,134,Atletico Paranaense,,False,1.0,0.0,,,,,,,,,,True,
63385142483,,UTC,2007-07-14T16:00:00+00:00,1184428800,1184428800.0,1184432400.0,,Olímpico Monumental,,Match Finished,FT,90.0,71,Serie A,Brazil,https://media.api-sports.io/football/leagues/71.png,https://media.api-sports.io/flags/br.svg,2007,Regular Season - 11,130,Gremio,,,121,Palmeiras,,,1.0,1.0,,,,,,,,,,True,
81819422940,,UTC,2007-07-14T20:30:00+00:00,1184445000,1184445000.0,1184448600.0,,Morumbi,,Match Finished,FT,90.0,71,Serie A,Brazil,https://media.api-sports.io/football/leagues/71.png,https://media.api-sports.io/flags/br.svg,2007,Regular Season - 11,131,Corinthians,,,126,Sao Paulo,,,1.0,1.0,,,,,,,,,,True,
83696054023,,UTC,2007-07-14T20:00:00+00:00,1184443200,1184443200.0,1184446800.0,,Mineirão,,Match Finished,FT,90.0,71,Serie A,Brazil,https://media.api-sports.io/football/leagues/71.png,https://media.api-sports.io/flags/br.svg,2007,Regular Season - 11,135,Cruzeiro,,True,151,Goias,,False,2.0,1.0,,,,,,,,,,True,
19921842243,,UTC,2007-07-14T20:00:00+00:00,1184443200,1184443200.0,1184446800.0,,Machadão,,Match Finished,FT,90.0,71,Serie A,Brazil,https://media.api-sports.io/football/leagues/71.png,https://media.api-sports.io/flags/br.svg,2007,Regular Season - 11,797872,América-RN,,False,119,Internacional,,True,1.0,2.0,,,,,,,,,,True,
6337959599,,UTC,2007-07-14T16:00:00+00:00,1184428800,1184428800.0,1184432400.0,,Vila Belmiro,,Match Finished,FT,90.0,71,Serie A,Brazil,https://media.api-sports.io/football/leagues/71.png,https://media.api-sports.io/flags/br.svg,2007,Regular Season - 11,128,Santos,,True,120,Botafogo,,False,3.0,0.0,,,,,,,,,,True,
5026277730,,UTC,2007-07-14T16:00:00+00:00,1184428800,1184428800.0,1184432400.0,,Ilha do Retiro,,Match Finished,FT,90.0,71,Serie A,Brazil,https://media.api-sports.io/football/leagues/71.png,https://media.api-sports.io/flags/br.svg,2007,Regular Season - 11,123,Sport Recife,,True,1062,Atletico-MG,,False,2.0,0.0,,,,,,,,,,True,
19323456781,,UTC,2007-07-18T20:30:00+00:00,1184790600,1184790600.0,1184794200.0,,Mineirão,,Match Finished,FT,90.0,71,Serie A,Brazil,https://media.api-sports.io/football/leagues/71.png,https://media.api-sports.io/flags/br.svg,2007,Regular Season - 12,1062,Atletico-MG,,True,797872,América-RN,,False,4.0,1.0,,,,,,,,,,True,
25669396451,,UTC,2007-07-18T20:30:00+00:00,1184790600,1184790600.0,1184794200.0,,Kyocera Arena,,Match Finished,FT,90.0,71,Serie A,Brazil,https://media.api-sports.io/football/leagues/71.png,https://media.api-sports.io/flags/br.svg,2007,Regular Season - 12,134,Atletico Paranaense,,True,152,Juventude,,False,4.0,0.0,,,,,,,,,,True,
33604177961,,UTC,2007-07-18T21:45:00+00:00,1184795100,1184795100.0,1184798700.0,,Aflitos,,Match Finished,FT,90.0,71,Serie A,Brazil,https://media.api-sports.io/football/leagues/71.png,https://media.api-sports.io/flags/br.svg,2007,Regular Season - 12,755,Nautico Recife,,False,135,Cruzeiro,,True,1.0,4.0,,,,,,,,,,True,
19450402373,,UTC,2007-07-18T21:45:00+00:00,1184795100,1184795100.0,1184798700.0,,Morumbi,,Match Finished,FT,90.0,71,Serie A,Brazil,https://media.api-sports.io/football/leagues/71.png,https://media.api-sports.io/flags/br.svg,2007,Regular Season - 12,126,Sao Paulo,,False,124,Fluminense,,True,0.0,1.0,,,,,,,,,,True,
92290882524,,UTC,2007-07-18T21:45:00+00:00,1184795100,1184795100.0,1184798700.0,,Beira Rio,,Match Finished,FT,90.0,71,Serie A,Brazil,https://media.api-sports.io/football/leagues/71.png,https://media.api-sports.io/flags/br.svg,2007,Regular Season - 12,119,Internacional,,True,131,Corinthians,,False,3.0,0.0,,,,,,,,,,True,
74847906397,,UTC,2007-07-18T19:30:00+00:00,1184787000,1184787000.0,1184790600.0,,Orlando Scarpelli,,Match Finished,FT,90.0,71,Serie A,Brazil,https://media.api-sports.io/football/leagues/71.png,https://media.api-sports.io/flags/br.svg,2007,Regular Season - 12,454769,Figueirense,,False,123,Sport Recife,,True,0.0,1.0,,,,,,,,,,True,
91339794513,,UTC,2007-07-19T20:30:00+00:00,1184877000,1184877000.0,1184880600.0,,Serra Dourada,,Match Finished,FT,90.0,71,Serie A,Brazil,https://media.api-sports.io/football/leagues/71.png,https://media.api-sports.io/flags/br.svg,2007,Regular Season - 12,151,Goias,,,130,Gremio,,,0.0,0.0,,,,,,,,,,True,
24979500932,,UTC,2007-07-19T20:30:00+00:00,1184877000,1184877000.0,1184880600.0,,Parque Antártica,,Match Finished,FT,90.0,71,Serie A,Brazil,https://media.api-sports.io/football/leagues/71.png,https://media.api-sports.io/flags/br.svg,2007,Regular Season - 12,121,Palmeiras,,,128,Santos,,,2.0,2.0,,,,,,,,,,True,
36891583471,,UTC,2007-07-19T20:30:00+00:00,1184877000,1184877000.0,1184880600.0,,Mineirão,,Match Finished,FT,90.0,71,Serie A,Brazil,https://media.api-sports.io/football/leagues/71.png,https://media.api-sports.io/flags/br.svg,2007,Regular Season - 14,1062,Atletico-MG,,True,124,Fluminense,,False,3.0,0.0,,,,,,,,,,True,
4984879129,,UTC,2007-07-19T15:00:00+00:00,1184857200,1184857200.0,1184860800.0,,Giulite Coutinho,,Match Finished,FT,90.0,71,Serie A,Brazil,https://media.api-sports.io/football/leagues/71.png,https://media.api-sports.io/flags/br.svg,2007,Regular Season - 14,120,Botafogo,,True,152,Juventude,,False,3.0,1.0,,,,,,,,,,True,
18743532185,,UTC,2007-07-19T20:30:00+00:00,1184877000,1184877000.0,1184880600.0,,Parque do Sabiá,,Match Finished,FT,90.0,71,Serie A,Brazil,https://media.api-sports.io/football/leagues/71.png,https://media.api-sports.io/flags/br.svg,2007,Regular Season - 12,127,Flamengo,,False,122,Parana,,True,1.0,2.0,,,,,,,,,,True,
38768910217,,UTC,2007-07-19T20:30:00+00:00,1184877000,1184877000.0,1184880600.0,,Morumbi,,Match Finished,FT,90.0,71,Serie A,Brazil,https://media.api-sports.io/football/leagues/71.png,https://media.api-sports.io/flags/br.svg,2007,Regular Season - 14,126,Sao Paulo,,True,123,Sport Recife,,False,3.0,1.0,,,,,,,,,,True,
37495567081,,UTC,2007-07-21T18:10:00+00:00,1185041400,1185041400.0,1185045000.0,,Machadão,,Match Finished,FT,90.0,71,Serie A,Brazil,https://media.api-sports.io/football/leagues/71.png,https://media.api-sports.io/flags/br.svg,2007,Regular Season - 13,797872,América-RN,,True,134,Atletico Paranaense,,False,2.0,1.0,,,,,,,,,,True,
50937918448,,UTC,2007-07-21T18:10:00+00:00,1185041400,1185041400.0,1185045000.0,,Alfredo Jaconi,,Match Finished,FT,90.0,71,Serie A,Brazil,https://media.api-sports.io/football/leagues/71.png,https://media.api-sports.io/flags/br.svg,2007,Regular Season - 13,152,Juventude,,True,119,Internacional,,False,2.0,0.0,,,,,,,,,,True,
30928138065,,UTC,2007-07-21T18:10:00+00:00,1185041400,1185041400.0,1185045000.0,,São Januário,,Match Finished,FT,90.0,71,Serie A,Brazil,https://media.api-sports.io/football/leagues/71.png,https://media.api-sports.io/flags/br.svg,2007,Regular Season - 13,133,Vasco DA Gama,,True,1062,Atletico-MG,,False,4.0,0.0,,,,,,,,,,True,
65998108682,,UTC,2007-07-22T18:10:00+00:00,1185127800,1185127800.0,1185131400.0,,Ilha do Retiro,,Match Finished,FT,90.0,71,Serie A,Brazil,https://media.api-sports.io/football/leagues/71.png,https://media.api-sports.io/flags/br.svg,2007,Regular Season - 13,123,Sport Recife,,,120,Botafogo,,,3.0,3.0,,,,,,,,,,True,
63398483113,,UTC,2007-07-22T16:00:00+00:00,1185120000,1185120000.0,1185123600.0,,Engenheiro Araripe,,Match Finished,FT,90.0,71,Serie A,Brazil,https://media.api-sports.io/football/leagues/71.png,https://media.api-sports.io/flags/br.svg,2007,Regular Season - 13,124,Fluminense,,True,151,Goias,,False,3.0,0.0,,,,,,,,,,True,
35919913473,,UTC,2007-07-22T16:00:00+00:00,1185120000,1185120000.0,1185123600.0,,Olímpico Monumental,,Match Finished,FT,90.0,71,Serie A,Brazil,https://media.api-sports.io/football/leagues/71.png,https://media.api-sports.io/flags/br.svg,2007,Regular Season - 13,130,Gremio,,True,127,Flamengo,,False,1.0,0.0,,,,,,,,,,True,
69797913873,,UTC,2007-07-22T16:00:00+00:00,1185120000,1185120000.0,1185123600.0,,Morumbi,,Match Finished,FT,90.0,71,Serie A,Brazil,https://media.api-sports.io/football/leagues/71.png,https://media.api-sports.io/flags/br.svg,2007,Regular Season - 13,131,Corinthians,,False,755,Nautico Recife,,True,0.0,3.0,,,,,,,,,,True,
7228578804,,UTC,2007-07-22T18:10:00+00:00,1185127800,1185127800.0,1185131400.0,,Durival de Brito,,Match Finished,FT,90.0,71,Serie A,Brazil,https://media.api-sports.io/football/leagues/71.png,https://media.api-sports.io/flags/br.svg,2007,Regular Season - 13,122,Parana,,True,121,Palmeiras,,False,1.0,0.0,,,,,,,,,,True,
46275423448,,UTC,2007-07-22T18:10:00+00:00,1185127800,1185127800.0,1185131400.0,,Vila Belmiro,,Match Finished,FT,90.0,71,Serie A,Brazil,https://media.api-sports.io/football/leagues/71.png,https://media.api-sports.io/flags/br.svg,2007,Regular Season - 13,128,Santos,,True,454769,Figueirense,,False,3.0,1.0,,,,,,,,,,True,
4644679703,,UTC,2007-07-22T16:00:00+00:00,1185120000,1185120000.0,1185123600.0,,Mineirão,,Match Finished,FT,90.0,71,Serie A,Brazil,https://media.api-sports.io/football/leagues/71.png,https://media.api-sports.io/flags/br.svg,2007,Regular Season - 13,135,Cruzeiro,,False,126,Sao Paulo,,True,1.0,2.0,,,,,,,,,,True,
5943327004,,UTC,2007-07-25T21:45:00+00:00,1185399900,1185399900.0,1185403500.0,,Orlando Scarpelli,,Match Finished,FT,90.0,71,Serie A,Brazil,https://media.api-sports.io/football/leagues/71.png,https://media.api-sports.io/flags/br.svg,2007,Regular Season - 14,454769,Figueirense,,,131,Corinthians,,,2.0,2.0,,,,,,,,,,True,
26316272646,,UTC,2007-07-25T19:30:00+00:00,1185391800,1185391800.0,1185395400.0,,Kyocera Arena,,Match Finished,FT,90.0,71,Serie A,Brazil,https://media.api-sports.io/football/leagues/71.png,https://media.api-sports.io/flags/br.svg,2007,Regular Season - 14,134,Atletico Paranaense,,,135,Cruzeiro,,,2.0,2.0,,,,,,,,,,True,
35643104092,,UTC,2007-07-25T20:30:00+00:00,1185395400,1185395400.0,1185399000.0,,Mário Helênio,,Match Finished,FT,90.0,71,Serie A,Brazil,https://media.api-sports.io/football/leagues/71.png,https://media.api-sports.io/flags/br.svg,2007,Regular Season - 14,127,Flamengo,,True,797872,América-RN,,False,3.0,1.0,,,,,,,,,,True,
48767013377,,UTC,2007-07-25T19:30:00+00:00,1185391800,1185391800.0,1185395400.0,,Serra Dourada,,Match Finished,FT,90.0,71,Serie A,Brazil,https://media.api-sports.io/football/leagues/71.png,https://media.api-sports.io/flags/br.svg,2007,Regular Season - 14,151,Goias,,True,128,Santos,,False,1.0,0.0,,,,,,,,,,True,
5130005600,,UTC,2007-07-25T20:30:00+00:00,1185395400,1185395400.0,1185399000.0,,Aflitos,,Match Finished,FT,90.0,71,Serie A,Brazil,https://media.api-sports.io/football/leagues/71.png,https://media.api-sports.io/flags/br.svg,2007,Regular Season - 14,755,Nautico Recife,,False,130,Gremio,,True,0.0,2.0,,,,,,,,,,True,
62304575155,,UTC,2007-07-25T21:45:00+00:00,1185399900,1185399900.0,1185403500.0,,Beira Rio,,Match Finished,FT,90.0,71,Serie A,Brazil,https://media.api-sports.io/football/leagues/71.png,https://media.api-sports.io/flags/br.svg,2007,Regular Season - 14,119,Internacional,,True,122,Parana,,False,1.0,0.0,,,,,,,,,,True,
62362750845,,UTC,2007-07-25T21:45:00+00:00,1185399900,1185399900.0,1185403500.0,,Parque Antártica,,Match Finished,FT,90.0,71,Serie A,Brazil,https://media.api-sports.io/football/leagues/71.png,https://media.api-sports.io/flags/br.svg,2007,Regular Season - 14,121,Palmeiras,,True,133,Vasco DA Gama,,False,3.0,2.0,,,,,,,,,,True,
60826257210,,UTC,2007-07-28T18:10:00+00:00,1185646200,1185646200.0,1185649800.0,,Olímpico Monumental,,Match Finished,FT,90.0,71,Serie A,Brazil,https://media.api-sports.io/football/leagues/71.png,https://media.api-sports.io/flags/br.svg,2007,Regular Season - 15,130,Gremio,,,134,Atletico Paranaense,,,1.0,1.0,,,,,,,,,,True,
56650753882,,UTC,2007-07-28T18:10:00+00:00,1185646200,1185646200.0,1185649800.0,,Vila Belmiro,,Match Finished,FT,90.0,71,Serie A,Brazil,https://media.api-sports.io/football/leagues/71.png,https://media.api-sports.io/flags/br.svg,2007,Regular Season - 15,128,Santos,,False,755,Nautico Recife,,True,1.0,2.0,,,,,,,,,,True,
6321328615,,UTC,2007-07-28T18:10:00+00:00,1185646200,1185646200.0,1185649800.0,,São Januário,,Match Finished,FT,90.0,71,Serie A,Brazil,https://media.api-sports.io/football/leagues/71.png,https://media.api-sports.io/flags/br.svg,2007,Regular Season - 15,133,Vasco DA Gama,,True,151,Goias,,False,4.0,1.0,,,,,,,,,,True,
37969946247,,UTC,2007-07-29T18:10:00+00:00,1185732600,1185732600.0,1185736200.0,,Mané Garrincha,,Match Finished,FT,90.0,71,Serie A,Brazil,https://media.api-sports.io/football/leagues/71.png,https://media.api-sports.io/flags/br.svg,2007,Regular Season - 15,124,Fluminense,,,454769,Figueirense,,,1.0,1.0,,,,,,,,,,True,
67062646652,,UTC,2007-07-29T16:00:00+00:00,1185724800,1185724800.0,1185728400.0,,Morumbi,,Match Finished,FT,90.0,71,Serie A,Brazil,https://media.api-sports.io/football/leagues/71.png,https://media.api-sports.io/flags/br.svg,2007,Regular Season - 15,131,Corinthians,,,127,Flamengo,,,2.0,2.0,,,,,,,,,,True,
97625707193,,UTC,2007-07-29T16:00:00+00:00,1185724800,1185724800.0,1185728400.0,,Alfredo Jaconi,,Match Finished,FT,90.0,71,Serie A,Brazil,https://media.api-sports.io/football/leagues/71.png,https://media.api-sports.io/flags/br.svg,2007,Regular Season - 15,152,Juventude,,,121,Palmeiras,,,1.0,1.0,,,,,,,,,,True,
80226147831,,UTC,2007-07-29T16:00:00+00:00,1185724800,1185724800.0,1185728400.0,,Durival de Brito,,Match Finished,FT,90.0,71,Serie A,Brazil,https://media.api-sports.io/football/leagues/71.png,https://media.api-sports.io/flags/br.svg,2007,Regular Season - 15,122,Parana,,False,1062,Atletico-MG,,True,1.0,3.0,,,,,,,,,,True,
18496624709,,UTC,2007-07-29T18:10:00+00:00,1185732600,1185732600.0,1185736200.0,,Mineirão,,Match Finished,FT,90.0,71,Serie A,Brazil,https://media.api-sports.io/football/leagues/71.png,https://media.api-sports.io/flags/br.svg,2007,Regular Season - 15,135,Cruzeiro,,True,120,Botafogo,,False,3.0,2.0,,,,,,,,,,True,
31760834625,,UTC,2007-07-29T16:00:00+00:00,1185724800,1185724800.0,1185728400.0,,Ilha do Retiro,,Match Finished,FT,90.0,71,Serie A,Brazil,https://media.api-sports.io/football/leagues/71.png,https://media.api-sports.io/flags/br.svg,2007,Regular Season - 15,123,Sport Recife,,False,119,Internacional,,True,1.0,5.0,,,,,,,,,,True,
57277096621,,UTC,2007-07-29T18:10:00+00:00,1185732600,1185732600.0,1185736200.0,,Machadão,,Match Finished,FT,90.0,71,Serie A,Brazil,https://media.api-sports.io/football/leagues/71.png,https://media.api-sports.io/flags/br.svg,2007,Regular Season - 15,797872,América-RN,,False,126,Sao Paulo,,True,0.0,1.0,,,,,,,,,,True,
47601868321,,UTC,2007-08-01T21:45:00+00:00,1186004700,1186004700.0,1186008300.0,,Kyocera Arena,,Match Finished,FT,90.0,71,Serie A,Brazil,https://media.api-sports.io/football/leagues/71.png,https://media.api-sports.io/flags/br.svg,2007,Regular Season - 16,134,Atletico Paranaense,,,131,Corinthians,,,2.0,2.0,,,,,,,,,,True,
65454255120,,UTC,2007-08-01T19:30:00+00:00,1185996600,1185996600.0,1186000200.0,,Aflitos,,Match Finished,FT,90.0,71,Serie A,Brazil,https://media.api-sports.io/football/leagues/71.png,https://media.api-sports.io/flags/br.svg,2007,Regular Season - 16,755,Nautico Recife,,,124,Fluminense,,,0.0,0.0,,,,,,,,,,True,
96185207423,,UTC,2007-08-01T20:30:00+00:00,1186000200,1186000200.0,1186003800.0,,Engenheiro Araripe,,Match Finished,FT,90.0,71,Serie A,Brazil,https://media.api-sports.io/football/leagues/71.png,https://media.api-sports.io/flags/br.svg,2007,Regular Season - 16,120,Botafogo,,True,797872,América-RN,,False,4.0,2.0,,,,,,,,,,True,
88271508909,,UTC,2007-08-01T19:30:00+00:00,1185996600,1185996600.0,1186000200.0,,Serra Dourada,,Match Finished,FT,90.0,71,Serie A,Brazil,https://media.api-sports.io/football/leagues/71.png,https://media.api-sports.io/flags/br.svg,2007,Regular Season - 16,151,Goias,,True,122,Parana,,False,2.0,0.0,,,,,,,,,,True,
59656690093,,UTC,2007-08-01T21:45:00+00:00,1186004700,1186004700.0,1186008300.0,,Mineirão,,Match Finished,FT,90.0,71,Serie A,Brazil,https://media.api-sports.io/football/leagues/71.png,https://media.api-sports.io/flags/br.svg,2007,Regular Season - 16,1062,Atletico-MG,,False,128,Santos,,True,1.0,2.0,,,,,,,,,,True,
43776197135,,UTC,2007-08-01T20:30:00+00:00,1186000200,1186000200.0,1186003800.0,,Parque Antártica,,Match Finished,FT,90.0,71,Serie A,Brazil,https://media.api-sports.io/football/leagues/71.png,https://media.api-sports.io/flags/br.svg,2007,Regular Season - 16,121,Palmeiras,,False,123,Sport Recife,,True,1.0,2.0,,,,,,,,,,True,
13706695010,,UTC,2007-08-01T21:45:00+00:00,1186004700,1186004700.0,1186008300.0,,Beira Rio,,Match Finished,FT,90.0,71,Serie A,Brazil,https://media.api-sports.io/football/leagues/71.png,https://media.api-sports.io/flags/br.svg,2007,Regular Season - 16,119,Internacional,,False,133,Vasco DA Gama,,True,0.0,2.0,,,,,,,,,,True,
48413977353,,UTC,2007-08-02T20:30:00+00:00,1186086600,1186086600.0,1186090200.0,,Orlando Scarpelli,,Match Finished,FT,90.0,71,Serie A,Brazil,https://media.api-sports.io/football/leagues/71.png,https://media.api-sports.io/flags/br.svg,2007,Regular Season - 16,454769,Figueirense,,True,130,Gremio,,False,1.0,0.0,,,,,,,,,,True,
88701168875,,UTC,2007-08-02T20:30:00+00:00,1186086600,1186086600.0,1186090200.0,,Morumbi,,Match Finished,FT,90.0,71,Serie A,Brazil,https://media.api-sports.io/football/leagues/71.png,https://media.api-sports.io/flags/br.svg,2007,Regular Season - 16,126,Sao Paulo,,True,152,Juventude,,False,3.0,1.0,,,,,,,,,,True,
6771097755,,UTC,2007-08-04T18:10:00+00:00,1186251000,1186251000.0,1186254600.0,,Morumbi,,Match Finished,FT,90.0,71,Serie A,Brazil,https://media.api-sports.io/football/leagues/71.png,https://media.api-sports.io/flags/br.svg,2007,Regular Season - 17,131,Corinthians,,True,151,Goias,,False,1.0,0.0,,,,,,,,,,True,
69380958386,,UTC,2007-08-04T18:10:00+00:00,1186251000,1186251000.0,1186254600.0,,Machadão,,Match Finished,FT,90.0,71,Serie A,Brazil,https://media.api-sports.io/football/leagues/71.png,https://media.api-sports.io/flags/br.svg,2007,Regular Season - 17,797872,América-RN,,False,755,Nautico Recife,,True,1.0,5.0,,,,,,,,,,True,
45294586416,,UTC,2007-08-04T18:10:00+00:00,1186251000,1186251000.0,1186254600.0,,Ilha do Retiro,,Match Finished,FT,90.0,71,Serie A,Brazil,https://media.api-sports.io/football/leagues/71.png,https://media.api-sports.io/flags/br.svg,2007,Regular Season - 17,123,Sport Recife,,True,134,Atletico Paranaense,,False,3.0,2.0,,,,,,,,,,True,
30086924460,,UTC,2007-08-05T18:10:00+00:00,1186337400,1186337400.0,1186341000.0,,Durival de Brito,,Match Finished,FT,90.0,71,Serie A,Brazil,https://media.api-sports.io/football/leagues/71.png,https://media.api-sports.io/flags/br.svg,2007,Regular Season - 17,122,Parana,,,120,Botafogo,,,0.0,0.0,,,,,,,,,,True,
31518148891,,UTC,2007-08-05T18:10:00+00:00,1186337400,1186337400.0,1186341000.0,,São Januário,,Match Finished,FT,90.0,71,Serie A,Brazil,https://media.api-sports.io/football/leagues/71.png,https://media.api-sports.io/flags/br.svg,2007,Regular Season - 17,133,Vasco DA Gama,,,454769,Figueirense,,,2.0,2.0,,,,,,,,,,True,
27023030505,,UTC,2007-08-05T16:00:00+00:00,1186329600,1186329600.0,1186333200.0,,Alfredo Jaconi,,Match Finished,FT,90.0,71,Serie A,Brazil,https://media.api-sports.io/football/leagues/71.png,https://media.api-sports.io/flags/br.svg,2007,Regular Season - 17,152,Juventude,,False,1062,Atletico-MG,,True,1.0,2.0,,,,,,,,,,True,
58929686710,,UTC,2007-08-05T16:00:00+00:00,1186329600,1186329600.0,1186333200.0,,Mineirão,,Match Finished,FT,90.0,71,Serie A,Brazil,https://media.api-sports.io/football/leagues/71.png,https://media.api-sports.io/flags/br.svg,2007,Regular Season - 17,135,Cruzeiro,,True,119,Internacional,,False,3.0,2.0,,,,,,,,,,True,
59841549457,,UTC,2007-08-05T16:00:00+00:00,1186329600,1186329600.0,1186333200.0,,Maracanã,,Match Finished,FT,90.0,71,Serie A,Brazil,https://media.api-sports.io/football/leagues/71.png,https://media.api-sports.io/flags/br.svg,2007,Regular Season - 17,124,Fluminense,,False,121,Palmeiras,,True,0.0,1.0,,,,,,,,,,True,
84638856087,,UTC,2007-08-05T16:00:00+00:00,1186329600,1186329600.0,1186333200.0,,Vila Belmiro,,Match Finished,FT,90.0,71,Serie A,Brazil,https://media.api-sports.io/football/leagues/71.png,https://media.api-sports.io/flags/br.svg,2007,Regular Season - 17,128,Santos,,True,127,Flamengo,,False,3.0,0.0,,,,,,,,,,True,
29733571771,,UTC,2007-08-05T18:10:00+00:00,1186337400,1186337400.0,1186341000.0,,Olímpico Monumental,,Match Finished,FT,90.0,71,Serie A,Brazil,https://media.api-sports.io/football/leagues/71.png,https://media.api-sports.io/flags/br.svg,2007,Regular Season - 17,130,Gremio,,False,126,Sao Paulo,,True,0.0,2.0,,,,,,,,,,True,
13006297878,,UTC,2007-08-08T19:30:00+00:00,1186601400,1186601400.0,1186605000.0,,Alfredo Jaconi,,Match Finished,FT,90.0,71,Serie A,Brazil,https://media.api-sports.io/football/leagues/71.png,https://media.api-sports.io/flags/br.svg,2007,Regular Season - 18,152,Juventude,,,124,Fluminense,,,0.0,0.0,,,,,,,,,,True,
19706861820,,UTC,2007-08-08T21:45:00+00:00,1186609500,1186609500.0,1186613100.0,,Kyocera Arena,,Match Finished,FT,90.0,71,Serie A,Brazil,https://media.api-sports.io/football/leagues/71.png,https://media.api-sports.io/flags/br.svg,2007,Regular Season - 18,134,Atletico Paranaense,,True,127,Flamengo,,False,2.0,0.0,,,,,,,,,,True,
18008931299,,UTC,2007-08-08T19:30:00+00:00,1186601400,1186601400.0,1186605000.0,,Mineirão,,Match Finished,FT,90.0,71,Serie A,Brazil,https://media.api-sports.io/football/leagues/71.png,https://media.api-sports.io/flags/br.svg,2007,Regular Season - 18,135,Cruzeiro,,True,123,Sport Recife,,False,2.0,0.0,,,,,,,,,,True,
90867135667,,UTC,2007-08-08T21:45:00+00:00,1186609500,1186609500.0,1186613100.0,,Serra Dourada,,Match Finished,FT,90.0,71,Serie A,Brazil,https://media.api-sports.io/football/leagues/71.png,https://media.api-sports.io/flags/br.svg,2007,Regular Season - 18,151,Goias,,True,1062,Atletico-MG,,False,3.0,2.0,,,,,,,,,,True,
74029566872,,UTC,2007-08-08T20:30:00+00:00,1186605000,1186605000.0,1186608600.0,,Aflitos,,Match Finished,FT,90.0,71,Serie A,Brazil,https://media.api-sports.io/football/leagues/71.png,https://media.api-sports.io/flags/br.svg,2007,Regular Season - 18,755,Nautico Recife,,True,454769,Figueirense,,False,4.0,2.0,,,,,,,,,,True,
63885330219,,UTC,2007-08-08T21:45:00+00:00,1186609500,1186609500.0,1186613100.0,,Maracanã,,Match Finished,FT,90.0,71,Serie A,Brazil,https://media.api-sports.io/football/leagues/71.png,https://media.api-sports.io/flags/br.svg,2007,Regular Season - 18,120,Botafogo,,False,126,Sao Paulo,,True,0.0,2.0,,,,,,,,,,True,
16727845702,,UTC,2007-08-09T20:30:00+00:00,1186691400,1186691400.0,1186695000.0,,Parque Antártica,,Match Finished,FT,90.0,71,Serie A,Brazil,https://media.api-sports.io/football/leagues/71.png,https://media.api-sports.io/flags/br.svg,2007,Regular Season - 18,121,Palmeiras,,,119,Internacional,,,1.0,1.0,,,,,,,,,,True,
51592914622,,UTC,2007-08-09T20:30:00+00:00,1186691400,1186691400.0,1186695000.0,,Olímpico Monumental,,Match Finished,FT,90.0,71,Serie A,Brazil,https://media.api-sports.io/football/leagues/71.png,https://media.api-sports.io/flags/br.svg,2007,Regular Season - 18,130,Gremio,,True,797872,América-RN,,False,3.0,0.0,,,,,,,,,,True,
19489646093,,UTC,2007-08-09T20:30:00+00:00,1186691400,1186691400.0,1186695000.0,,Vila Belmiro,,Match Finished,FT,90.0,71,Serie A,Brazil,https://media.api-sports.io/football/leagues/71.png,https://media.api-sports.io/flags/br.svg,2007,Regular Season - 18,128,Santos,,True,122,Parana,,False,2.0,0.0,,,,,,,,,,True,
42522132007,,UTC,2007-08-09T20:30:00+00:00,1186691400,1186691400.0,1186695000.0,,São Januário,,Match Finished,FT,90.0,71,Serie A,Brazil,https://media.api-sports.io/football/leagues/71.png,https://media.api-sports.io/flags/br.svg,2007,Regular Season - 18,133,Vasco DA Gama,,True,131,Corinthians,,False,2.0,0.0,,,,,,,,,,True,
47542388987,,UTC,2007-08-11T18:10:00+00:00,1186855800,1186855800.0,1186859400.0,,Maracanã,,Match Finished,FT,90.0,71,Serie A,Brazil,https://media.api-sports.io/football/leagues/71.png,https://media.api-sports.io/flags/br.svg,2007,Regular Season - 19,127,Flamengo,,True,755,Nautico Recife,,False,2.0,1.0,,,,,,,,,,True,
48483671233,,UTC,2007-08-11T18:10:00+00:00,1186855800,1186855800.0,1186859400.0,,Morumbi,,Match Finished,FT,90.0,71,Serie A,Brazil,https://media.api-sports.io/football/leagues/71.png,https://media.api-sports.io/flags/br.svg,2007,Regular Season - 19,126,Sao Paulo,,True,134,Atletico Paranaense,,False,2.0,0.0,,,,,,,,,,True,
31105729022,,UTC,2007-08-11T18:10:00+00:00,1186855800,1186855800.0,1186859400.0,,Ilha do Retiro,,Match Finished,FT,90.0,71,Serie A,Brazil,https://media.api-sports.io/football/leagues/71.png,https://media.api-sports.io/flags/br.svg,2007,Regular Season - 19,123,Sport Recife,,True,152,Juventude,,False,3.0,0.0,,,,,,,,,,True,
15797953965,,UTC,2007-08-12T16:00:00+00:00,1186934400,1186934400.0,1186938000.0,,Orlando Scarpelli,,Match Finished,FT,90.0,71,Serie A,Brazil,https://media.api-sports.io/football/leagues/71.png,https://media.api-sports.io/flags/br.svg,2007,Regular Season - 19,454769,Figueirense,,,120,Botafogo,,,1.0,1.0,,,,,,,,,,True,
84924629527,,UTC,2007-08-12T18:10:00+00:00,1186942200,1186942200.0,1186945800.0,,Durival de Brito,,Match Finished,FT,90.0,71,Serie A,Brazil,https://media.api-sports.io/football/leagues/71.png,https://media.api-sports.io/flags/br.svg,2007,Regular Season - 19,122,Parana,,,133,Vasco DA Gama,,,0.0,0.0,,,,,,,,,,True,
29978666266,,UTC,2007-08-12T16:00:00+00:00,1186934400,1186934400.0,1186938000.0,,Pacaembu,,Match Finished,FT,90.0,71,Serie A,Brazil,https://media.api-sports.io/football/leagues/71.png,https://media.api-sports.io/flags/br.svg,2007,Regular Season - 19,131,Corinthians,,True,130,Gremio,,False,2.0,1.0,,,,,,,,,,True,
37271374821,,UTC,2007-08-12T18:10:00+00:00,1186942200,1186942200.0,1186945800.0,,Machadão,,Match Finished,FT,90.0,71,Serie A,Brazil,https://media.api-sports.io/football/leagues/71.png,https://media.api-sports.io/flags/br.svg,2007,Regular Season - 19,797872,América-RN,,False,135,Cruzeiro,,True,1.0,2.0,,,,,,,,,,True,
89480335259,,UTC,2007-08-12T18:10:00+00:00,1186942200,1186942200.0,1186945800.0,,Maracanã,,Match Finished,FT,90.0,71,Serie A,Brazil,https://media.api-sports.io/football/leagues/71.png,https://media.api-sports.io/flags/br.svg,2007,Regular Season - 19,124,Fluminense,,True,128,Santos,,False,3.0,0.0,,,,,,,,,,True,
24133423403,,UTC,2007-08-12T16:00:00+00:00,1186934400,1186934400.0,1186938000.0,,Beira Rio,,Match Finished,FT,90.0,71,Serie A,Brazil,https://media.api-sports.io/football/leagues/71.png,https://media.api-sports.io/flags/br.svg,2007,Regular Season - 19,119,Internacional,,True,151,Goias,,False,1.0,0.0,,,,,,,,,,True,
84101564760,,UTC,2007-08-12T16:00:00+00:00,1186934400,1186934400.0,1186938000.0,,Mineirão,,Match Finished,FT,90.0,71,Serie A,Brazil,https://media.api-sports.io/football/leagues/71.png,https://media.api-sports.io/flags/br.svg,2007,Regular Season - 19,1062,Atletico-MG,,False,121,Palmeiras,,True,1.0,2.0,,,,,,,,,,True,
50016687357,,UTC,2007-08-15T21:45:00+00:00,1187214300,1187214300.0,1187217900.0,,Maracanã,,Match Finished,FT,90.0,71,Serie A,Brazil,https://media.api-sports.io/football/leagues/71.png,https://media.api-sports.io/flags/br.svg,2007,Regular Season - 7,120,Botafogo,,False,131,Corinthians,,True,2.0,3.0,,,,,,,,,,True,
37878958235,,UTC,2007-08-16T20:30:00+00:00,1187296200,1187296200.0,1187299800.0,,Maracanã,,Match Finished,FT,90.0,71,Serie A,Brazil,https://media.api-sports.io/football/leagues/71.png,https://media.api-sports.io/flags/br.svg,2007,Regular Season - 11,124,Fluminense,,False,127,Flamengo,,True,0.0,1.0,,,,,,,,,,True,
25842669420,,UTC,2007-08-18T18:10:00+00:00,1187460600,1187460600.0,1187464200.0,,Kyocera Arena,,Match Finished,FT,90.0,71,Serie A,Brazil,https://media.api-sports.io/football/leagues/71.png,https://media.api-sports.io/flags/br.svg,2007,Regular Season - 20,134,Atletico Paranaense,,,454769,Figueirense,,,1.0,1.0,,,,,,,,,,True,
91474442629,,UTC,2007-08-18T18:10:00+00:00,1187460600,1187460600.0,1187464200.0,,Olímpico Monumental,,Match Finished,FT,90.0,71,Serie A,Brazil,https://media.api-sports.io/football/leagues/71.png,https://media.api-sports.io/flags/br.svg,2007,Regular Season - 20,130,Gremio,,True,122,Parana,,False,2.0,0.0,,,,,,,,,,True,
16119301745,,UTC,2007-08-18T18:10:00+00:00,1187460600,1187460600.0,1187464200.0,,Vila Belmiro,,Match Finished,FT,90.0,71,Serie A,Brazil,https://media.api-sports.io/football/leagues/71.png,https://media.api-sports.io/flags/br.svg,2007,Regular Season - 20,128,Santos,,True,123,Sport Recife,,False,2.0,0.0,,,,,,,,,,True,
33373019667,,UTC,2007-08-19T16:00:00+00:00,1187539200,1187539200.0,1187542800.0,,Alfredo Jaconi,,Match Finished,FT,90.0,71,Serie A,Brazil,https://media.api-sports.io/football/leagues/71.png,https://media.api-sports.io/flags/br.svg,2007,Regular Season - 20,152,Juventude,,,131,Corinthians,,,2.0,2.0,,,,,,,,,,True,
75298291821,,UTC,2007-08-19T18:10:00+00:00,1187547000,1187547000.0,1187550600.0,,Maracanã,,Match Finished,FT,90.0,71,Serie A,Brazil,https://media.api-sports.io/football/leagues/71.png,https://media.api-sports.io/flags/br.svg,2007,Regular Season - 20,120,Botafogo,,,119,Internacional,,,1.0,1.0,,,,,,,,,,True,
97454231191,,UTC,2007-08-19T18:10:00+00:00,1187547000,1187547000.0,1187550600.0,,Serra Dourada,,Match Finished,FT,90.0,71,Serie A,Brazil,https://media.api-sports.io/football/leagues/71.png,https://media.api-sports.io/flags/br.svg,2007,Regular Season - 20,151,Goias,,,126,Sao Paulo,,,0.0,0.0,,,,,,,,,,True,
29437545795,,UTC,2007-08-19T16:00:00+00:00,1187539200,1187539200.0,1187542800.0,,Aflitos,,Match Finished,FT,90.0,71,Serie A,Brazil,https://media.api-sports.io/football/leagues/71.png,https://media.api-sports.io/flags/br.svg,2007,Regular Season - 20,755,Nautico Recife,,False,1062,Atletico-MG,,True,0.0,1.0,,,,,,,,,,True,
33026376997,,UTC,2007-08-19T18:10:00+00:00,1187547000,1187547000.0,1187550600.0,,Mineirão,,Match Finished,FT,90.0,71,Serie A,Brazil,https://media.api-sports.io/football/leagues/71.png,https://media.api-sports.io/flags/br.svg,2007,Regular Season - 20,135,Cruzeiro,,True,124,Fluminense,,False,4.0,2.0,,,,,,,,,,True,
80469941102,,UTC,2007-08-19T16:00:00+00:00,1187539200,1187539200.0,1187542800.0,,Parque Antártica,,Match Finished,FT,90.0,71,Serie A,Brazil,https://media.api-sports.io/football/leagues/71.png,https://media.api-sports.io/flags/br.svg,2007,Regular Season - 20,121,Palmeiras,,True,127,Flamengo,,False,2.0,1.0,,,,,,,,,,True,
5127992193,,UTC,2007-08-19T16:00:00+00:00,1187539200,1187539200.0,1187542800.0,,São Januário,,Match Finished,FT,90.0,71,Serie A,Brazil,https://media.api-sports.io/football/leagues/71.png,https://media.api-sports.io/flags/br.svg,2007,Regular Season - 20,133,Vasco DA Gama,,True,797872,América-RN,,False,2.0,0.0,,,,,,,,,,True,
32105529621,,UTC,2007-08-23T20:30:00+00:00,1187901000,1187901000.0,1187904600.0,,Maracanã,,Match Finished,FT,90.0,71,Serie A,Brazil,https://media.api-sports.io/football/leagues/71.png,https://media.api-sports.io/flags/br.svg,2007,Regular Season - 8,127,Flamengo,,True,152,Juventude,,False,4.0,0.0,,,,,,,,,,True,
82278925852,,UTC,2007-08-25T18:10:00+00:00,1188065400,1188065400.0,1188069000.0,,Maracanã,,Match Finished,FT,90.0,71,Serie A,Brazil,https://media.api-sports.io/football/leagues/71.png,https://media.api-sports.io/flags/br.svg,2007,Regular Season - 21,124,Fluminense,,,130,Gremio,,,1.0,1.0,,,,,,,,,,True,
78292205452,,UTC,2007-08-25T18:10:00+00:00,1188065400,1188065400.0,1188069000.0,,Pacaembu,,Match Finished,FT,90.0,71,Serie A,Brazil,https://media.api-sports.io/football/leagues/71.png,https://media.api-sports.io/flags/br.svg,2007,Regular Season - 21,131,Corinthians,,False,135,Cruzeiro,,True,0.0,3.0,,,,,,,,,,True,
26938686517,,UTC,2007-08-25T18:10:00+00:00,1188065400,1188065400.0,1188069000.0,,Beira Rio,,Match Finished,FT,90.0,71,Serie A,Brazil,https://media.api-sports.io/football/leagues/71.png,https://media.api-sports.io/flags/br.svg,2007,Regular Season - 21,119,Internacional,,True,134,Atletico Paranaense,,False,1.0,0.0,,,,,,,,,,True,
65921378402,,UTC,2007-08-26T18:10:00+00:00,1188151800,1188151800.0,1188155400.0,,Ilha do Retiro,,Match Finished,FT,90.0,71,Serie A,Brazil,https://media.api-sports.io/football/leagues/71.png,https://media.api-sports.io/flags/br.svg,2007,Regular Season - 21,123,Sport Recife,,,133,Vasco DA Gama,,,0.0,0.0,,,,,,,,,,True,
83300224543,,UTC,2007-08-26T16:00:00+00:00,1188144000,1188144000.0,1188147600.0,,Mineirão,,Match Finished,FT,90.0,71,Serie A,Brazil,https://media.api-sports.io/football/leagues/71.png,https://media.api-sports.io/flags/br.svg,2007,Regular Season - 21,1062,Atletico-MG,,False,120,Botafogo,,True,1.0,2.0,,,,,,,,,,True,
65844148681,,UTC,2007-08-26T18:10:00+00:00,1188151800,1188151800.0,1188155400.0,,Maracanã,,Match Finished,FT,90.0,71,Serie A,Brazil,https://media.api-sports.io/football/leagues/71.png,https://media.api-sports.io/flags/br.svg,2007,Regular Season - 21,127,Flamengo,,True,151,Goias,,False,3.0,1.0,,,,,,,,,,True,
96873143454,,UTC,2007-08-26T16:00:00+00:00,1188144000,1188144000.0,1188147600.0,,Orlando Scarpelli,,Match Finished,FT,90.0,71,Serie A,Brazil,https://media.api-sports.io/football/leagues/71.png,https://media.api-sports.io/flags/br.svg,2007,Regular Season - 21,454769,Figueirense,,False,121,Palmeiras,,True,1.0,2.0,,,,,,,,,,True,
22076144763,,UTC,2007-08-26T16:00:00+00:00,1188144000,1188144000.0,1188147600.0,,Durival de Brito,,Match Finished,FT,90.0,71,Serie A,Brazil,https://media.api-sports.io/football/leagues/71.png,https://media.api-sports.io/flags/br.svg,2007,Regular Season - 21,122,Parana,,True,152,Juventude,,False,3.0,1.0,,,,,,,,,,True,
41314112145,,UTC,2007-08-26T18:10:00+00:00,1188151800,1188151800.0,1188155400.0,,Machadão,,Match Finished,FT,90.0,71,Serie A,Brazil,https://media.api-sports.io/football/leagues/71.png,https://media.api-sports.io/flags/br.svg,2007,Regular Season - 21,797872,América-RN,,False,128,Santos,,True,1.0,4.0,,,,,,,,,,True,
24194795326,,UTC,2007-08-26T16:00:00+00:00,1188144000,1188144000.0,1188147600.0,,Morumbi,,Match Finished,FT,90.0,71,Serie A,Brazil,https://media.api-sports.io/football/leagues/71.png,https://media.api-sports.io/flags/br.svg,2007,Regular Season - 21,126,Sao Paulo,,True,755,Nautico Recife,,False,5.0,0.0,,,,,,,,,,True,
37429211476,,UTC,2007-08-29T19:30:00+00:00,1188415800,1188415800.0,1188419400.0,,Durival de Brito,,Match Finished,FT,90.0,71,Serie A,Brazil,https://media.api-sports.io/football/leagues/71.png,https://media.api-sports.io/flags/br.svg,2007,Regular Season - 22,122,Parana,,,135,Cruzeiro,,,2.0,2.0,,,,,,,,,,True,
77312415094,,UTC,2007-08-29T20:30:00+00:00,1188419400,1188419400.0,1188423000.0,,Maracanã,,Match Finished,FT,90.0,71,Serie A,Brazil,https://media.api-sports.io/football/leagues/71.png,https://media.api-sports.io/flags/br.svg,2007,Regular Season - 22,120,Botafogo,,,127,Flamengo,,,1.0,1.0,,,,,,,,,,True,
46050672837,,UTC,2007-08-29T21:45:00+00:00,1188423900,1188423900.0,1188427500.0,,Mineirão,,Match Finished,FT,90.0,71,Serie A,Brazil,https://media.api-sports.io/football/leagues/71.png,https://media.api-sports.io/flags/br.svg,2007,Regular Season - 22,1062,Atletico-MG,,True,131,Corinthians,,False,5.0,2.0,,,,,,,,,,True,
56646136649,,UTC,2007-08-29T20:30:00+00:00,1188419400,1188419400.0,1188423000.0,,Orlando Scarpelli,,Match Finished,FT,90.0,71,Serie A,Brazil,https://media.api-sports.io/football/leagues/71.png,https://media.api-sports.io/flags/br.svg,2007,Regular Season - 22,454769,Figueirense,,True,797872,América-RN,,False,3.0,1.0,,,,,,,,,,True,
95989097725,,UTC,2007-08-29T21:45:00+00:00,1188423900,1188423900.0,1188427500.0,,Beira Rio,,Match Finished,FT,90.0,71,Serie A,Brazil,https://media.api-sports.io/football/leagues/71.png,https://media.api-sports.io/flags/br.svg,2007,Regular Season - 22,119,Internacional,,False,124,Fluminense,,True,1.0,4.0,,,,,,,,,,True,
97668025816,,UTC,2007-08-29T19:30:00+00:00,1188415800,1188415800.0,1188419400.0,,Alfredo Jaconi,,Match Finished,FT,90.0,71,Serie A,Brazil,https://media.api-sports.io/football/leagues/71.png,https://media.api-sports.io/flags/br.svg,2007,Regular Season - 22,152,Juventude,,True,151,Goias,,False,2.0,0.0,,,,,,,,,,True,
67454587371,,UTC,2007-08-29T21:30:00+00:00,1188423000,1188423000.0,1188426600.0,,Parque Antártica,,Match Finished,FT,90.0,71,Serie A,Brazil,https://media.api-sports.io/football/leagues/71.png,https://media.api-sports.io/flags/br.svg,2007,Regular Season - 22,121,Palmeiras,,False,126,Sao Paulo,,True,0.0,1.0,,,,,,,,,,True,
20234138597,,UTC,2007-08-29T21:45:00+00:00,1188423900,1188423900.0,1188427500.0,,Ilha do Retiro,,Match Finished,FT,90.0,71,Serie A,Brazil,https://media.api-sports.io/football/leagues/71.png,https://media.api-sports.io/flags/br.svg,2007,Regular Season - 22,123,Sport Recife,,True,130,Gremio,,False,2.0,0.0,,,,,,,,,,True,
13761186908,,UTC,2007-08-30T20:30:00+00:00,1188505800,1188505800.0,1188509400.0,,Vila Belmiro,,Match Finished,FT,90.0,71,Serie A,Brazil,https://media.api-sports.io/football/leagues/71.png,https://media.api-sports.io/flags/br.svg,2007,Regular Season - 22,128,Santos,,True,134,Atletico Paranaense,,False,3.0,1.0,,,,,,,,,,True,
37151638605,,UTC,2007-08-30T20:30:00+00:00,1188505800,1188505800.0,1188509400.0,,São Januário,,Match Finished,FT,90.0,71,Serie A,Brazil,https://media.api-sports.io/football/leagues/71.png,https://media.api-sports.io/flags/br.svg,2007,Regular Season - 22,133,Vasco DA Gama,,True,755,Nautico Recife,,False,4.0,1.0,,,,,,,,,,True,
44876548824,,UTC,2007-09-01T18:10:00+00:00,1188670200,1188670200.0,1188673800.0,,Maracanã,,Match Finished,FT,90.0,71,Serie A,Brazil,https://media.api-sports.io/football/leagues/71.png,https://media.api-sports.io/flags/br.svg,2007,Regular Season - 23,127,Flamengo,,,123,Sport Recife,,,1.0,1.0,,,,,,,,,,True,
89602139336,,UTC,2007-09-01T18:10:00+00:00,1188670200,1188670200.0,1188673800.0,,Machadão,,Match Finished,FT,90.0,71,Serie A,Brazil,https://media.api-sports.io/football/leagues/71.png,https://media.api-sports.io/flags/br.svg,2007,Regular Season - 23,797872,América-RN,,False,152,Juventude,,True,0.0,3.0,,,,,,,,,,True,
67112697246,,UTC,2007-09-01T18:10:00+00:00,1188670200,1188670200.0,1188673800.0,,Morumbi,,Match Finished,FT,90.0,71,Serie A,Brazil,https://media.api-sports.io/football/leagues/71.png,https://media.api-sports.io/flags/br.svg,2007,Regular Season - 23,126,Sao Paulo,,True,122,Parana,,False,6.0,0.0,,,,,,,,,,True,
58013426330,,UTC,2007-09-02T18:10:00+00:00,1188756600,1188756600.0,1188760200.0,,Aflitos,,Match Finished,FT,90.0,71,Serie A,Brazil,https://media.api-sports.io/football/leagues/71.png,https://media.api-sports.io/flags/br.svg,2007,Regular Season - 23,755,Nautico Recife,,,119,Internacional,,,1.0,1.0,,,,,,,,,,True,
27197084639,,UTC,2007-09-02T18:10:00+00:00,1188756600,1188756600.0,1188760200.0,,Maracanã,,Match Finished,FT,90.0,71,Serie A,Brazil,https://media.api-sports.io/football/leagues/71.png,https://media.api-sports.io/flags/br.svg,2007,Regular Season - 23,124,Fluminense,,,133,Vasco DA Gama,,,1.0,1.0,,,,,,,,,,True,
55739899793,,UTC,2007-09-02T16:00:00+00:00,1188748800,1188748800.0,1188752400.0,,Kyocera Arena,,Match Finished,FT,90.0,71,Serie A,Brazil,https://media.api-sports.io/football/leagues/71.png,https://media.api-sports.io/flags/br.svg,2007,Regular Season - 23,134,Atletico Paranaense,,True,1062,Atletico-MG,,False,1.0,0.0,,,,,,,,,,True,
25900710775,,UTC,2007-09-02T16:00:00+00:00,1188748800,1188748800.0,1188752400.0,,Pacaembu,,Match Finished,FT,90.0,71,Serie A,Brazil,https://media.api-sports.io/football/leagues/71.png,https://media.api-sports.io/flags/br.svg,2007,Regular Season - 23,131,Corinthians,,True,128,Santos,,False,2.0,0.0,,,,,,,,,,True,
51715473576,,UTC,2007-09-02T16:00:00+00:00,1188748800,1188748800.0,1188752400.0,,Mineirão,,Match Finished,FT,90.0,71,Serie A,Brazil,https://media.api-sports.io/football/leagues/71.png,https://media.api-sports.io/flags/br.svg,2007,Regular Season - 23,135,Cruzeiro,,True,121,Palmeiras,,False,5.0,0.0,,,,,,,,,,True,
77679786064,,UTC,2007-09-02T18:10:00+00:00,1188756600,1188756600.0,1188760200.0,,Serra Dourada,,Match Finished,FT,90.0,71,Serie A,Brazil,https://media.api-sports.io/football/leagues/71.png,https://media.api-sports.io/flags/br.svg,2007,Regular Season - 23,151,Goias,,True,454769,Figueirense,,False,2.0,1.0,,,,,,,,,,True,
28585515608,,UTC,2007-09-02T16:00:00+00:00,1188748800,1188748800.0,1188752400.0,,Olímpico Monumental,,Match Finished,FT,90.0,71,Serie A,Brazil,https://media.api-sports.io/football/leagues/71.png,https://media.api-sports.io/flags/br.svg,2007,Regular Season - 23,130,Gremio,,True,120,Botafogo,,False,3.0,0.0,,,,,,,,,,True,
6319306388,,UTC,2007-09-05T21:45:00+00:00,1189028700,1189028700.0,1189032300.0,,Mineirão,,Match Finished,FT,90.0,71,Serie A,Brazil,https://media.api-sports.io/football/leagues/71.png,https://media.api-sports.io/flags/br.svg,2007,Regular Season - 24,1062,Atletico-MG,,,126,Sao Paulo,,,0.0,0.0,,,,,,,,,,True,
45272893738,,UTC,2007-09-05T19:30:00+00:00,1189020600,1189020600.0,1189024200.0,,Serra Dourada,,Match Finished,FT,90.0,71,Serie A,Brazil,https://media.api-sports.io/football/leagues/71.png,https://media.api-sports.io/flags/br.svg,2007,Regular Season - 24,151,Goias,,False,134,Atletico Paranaense,,True,2.0,3.0,,,,,,,,,,True,
91823590541,,UTC,2007-09-05T19:30:00+00:00,1189020600,1189020600.0,1189024200.0,,Pacaembu,,Match Finished,FT,90.0,71,Serie A,Brazil,https://media.api-sports.io/football/leagues/71.png,https://media.api-sports.io/flags/br.svg,2007,Regular Season - 24,131,Corinthians,,True,797872,América-RN,,False,1.0,0.0,,,,,,,,,,True,
82116284882,,UTC,2007-09-05T20:30:00+00:00,1189024200,1189024200.0,1189027800.0,,Maracanã,,Match Finished,FT,90.0,71,Serie A,Brazil,https://media.api-sports.io/football/leagues/71.png,https://media.api-sports.io/flags/br.svg,2007,Regular Season - 24,127,Flamengo,,True,454769,Figueirense,,False,4.0,1.0,,,,,,,,,,True,
56815628131,,UTC,2007-09-05T21:45:00+00:00,1189028700,1189028700.0,1189032300.0,,Olímpico Monumental,,Match Finished,FT,90.0,71,Serie A,Brazil,https://media.api-sports.io/football/leagues/71.png,https://media.api-sports.io/flags/br.svg,2007,Regular Season - 24,130,Gremio,,True,133,Vasco DA Gama,,False,3.0,1.0,,,,,,,,,,True,
36328120863,,UTC,2007-09-05T20:30:00+00:00,1189024200,1189024200.0,1189027800.0,,Alfredo Jaconi,,Match Finished,FT,90.0,71,Serie A,Brazil,https://media.api-sports.io/football/leagues/71.png,https://media.api-sports.io/flags/br.svg,2007,Regular Season - 24,152,Juventude,,True,135,Cruzeiro,,False,1.0,0.0,,,,,,,,,,True,
89081438556,,UTC,2007-09-05T21:45:00+00:00,1189028700,1189028700.0,1189032300.0,,Vila Belmiro,,Match Finished,FT,90.0,71,Serie A,Brazil,https://media.api-sports.io/football/leagues/71.png,https://media.api-sports.io/flags/br.svg,2007,Regular Season - 24,128,Santos,,True,119,Internacional,,False,2.0,1.0,,,,,,,,,,True,
53308541001,,UTC,2007-09-06T20:30:00+00:00,1189110600,1189110600.0,1189114200.0,,Maracanã,,Match Finished,FT,90.0,71,Serie A,Brazil,https://media.api-sports.io/football/leagues/71.png,https://media.api-sports.io/flags/br.svg,2007,Regular Season - 24,120,Botafogo,,,121,Palmeiras,,,1.0,1.0,,,,,,,,,,True,
4787909844,,UTC,2007-09-06T20:30:00+00:00,1189110600,1189110600.0,1189114200.0,,Ilha do Retiro,,Match Finished,FT,90.0,71,Serie A,Brazil,https://media.api-sports.io/football/leagues/71.png,https://media.api-sports.io/flags/br.svg,2007,Regular Season - 24,123,Sport Recife,,False,124,Fluminense,,True,0.0,2.0,,,,,,,,,,True,
12137191995,,UTC,2007-09-06T20:30:00+00:00,1189110600,1189110600.0,1189114200.0,,Durival de Brito,,Match Finished,FT,90.0,71,Serie A,Brazil,https://media.api-sports.io/football/leagues/71.png,https://media.api-sports.io/flags/br.svg,2007,Regular Season - 24,122,Parana,,False,755,Nautico Recife,,True,2.0,4.0,,,,,,,,,,True,
30035256481,,UTC,2007-09-08T18:10:00+00:00,1189275000,1189275000.0,1189278600.0,,Mineirão,,Match Finished,FT,90.0,71,Serie A,Brazil,https://media.api-sports.io/football/leagues/71.png,https://media.api-sports.io/flags/br.svg,2007,Regular Season - 25,135,Cruzeiro,,True,130,Gremio,,False,2.0,0.0,,,,,,,,,,True,
82225358931,,UTC,2007-09-08T16:00:00+00:00,1189267200,1189267200.0,1189270800.0,,Orlando Scarpelli,,Match Finished,FT,90.0,71,Serie A,Brazil,https://media.api-sports.io/football/leagues/71.png,https://media.api-sports.io/flags/br.svg,2007,Regular Season - 25,454769,Figueirense,,True,1062,Atletico-MG,,False,2.0,1.0,,,,,,,,,,True,
9063620571,,UTC,2007-09-08T16:00:00+00:00,1189267200,1189267200.0,1189270800.0,,Beira Rio,,Match Finished,FT,90.0,71,Serie A,Brazil,https://media.api-sports.io/football/leagues/71.png,https://media.api-sports.io/flags/br.svg,2007,Regular Season - 25,119,Internacional,,True,127,Flamengo,,False,3.0,0.0,,,,,,,,,,True,
72588233558,,UTC,2007-09-08T18:10:00+00:00,1189275000,1189275000.0,1189278600.0,,Vila Belmiro,,Match Finished,FT,90.0,71,Serie A,Brazil,https://media.api-sports.io/football/leagues/71.png,https://media.api-sports.io/flags/br.svg,2007,Regular Season - 25,128,Santos,,True,152,Juventude,,False,1.0,0.0,,,,,,,,,,True,
79464900805,,UTC,2007-09-08T16:00:00+00:00,1189267200,1189267200.0,1189270800.0,,São Januário,,Match Finished,FT,90.0,71,Serie A,Brazil,https://media.api-sports.io/football/leagues/71.png,https://media.api-sports.io/flags/br.svg,2007,Regular Season - 25,133,Vasco DA Gama,,False,126,Sao Paulo,,True,0.0,2.0,,,,,,,,,,True,
59494938607,,UTC,2007-09-09T19:00:00+00:00,1189364400,1189364400.0,1189368000.0,,Machadão,,Match Finished,FT,90.0,71,Serie A,Brazil,https://media.api-sports.io/football/leagues/71.png,https://media.api-sports.io/flags/br.svg,2007,Regular Season - 25,797872,América-RN,,,123,Sport Recife,,,1.0,1.0,,,,,,,,,,True,
8566072286,,UTC,2007-09-09T19:00:00+00:00,1189364400,1189364400.0,1189368000.0,,Maracanã,,Match Finished,FT,90.0,71,Serie A,Brazil,https://media.api-sports.io/football/leagues/71.png,https://media.api-sports.io/flags/br.svg,2007,Regular Season - 25,124,Fluminense,,True,134,Atletico Paranaense,,False,2.0,0.0,,,,,,,,,,True,
95438859755,,UTC,2007-09-09T19:00:00+00:00,1189364400,1189364400.0,1189368000.0,,Aflitos,,Match Finished,FT,90.0,71,Serie A,Brazil,https://media.api-sports.io/football/leagues/71.png,https://media.api-sports.io/flags/br.svg,2007,Regular Season - 25,755,Nautico Recife,,True,120,Botafogo,,False,4.0,1.0,,,,,,,,,,True,
82721331125,,UTC,2007-09-09T19:00:00+00:00,1189364400,1189364400.0,1189368000.0,,Parque Antártica,,Match Finished,FT,90.0,71,Serie A,Brazil,https://media.api-sports.io/football/leagues/71.png,https://media.api-sports.io/flags/br.svg,2007,Regular Season - 25,121,Palmeiras,,True,151,Goias,,False,2.0,0.0,,,,,,,,,,True,
29571418552,,UTC,2007-09-09T19:00:00+00:00,1189364400,1189364400.0,1189368000.0,,Durival de Brito,,Match Finished,FT,90.0,71,Serie A,Brazil,https://media.api-sports.io/football/leagues/71.png,https://media.api-sports.io/flags/br.svg,2007,Regular Season - 25,122,Parana,,True,131,Corinthians,,False,1.0,0.0,,,,,,,,,,True,
31112942484,,UTC,2007-09-12T20:30:00+00:00,1189629000,1189629000.0,1189632600.0,,Maracanã,,Match Finished,FT,90.0,71,Serie A,Brazil,https://media.api-sports.io/football/leagues/71.png,https://media.api-sports.io/flags/br.svg,2007,Regular Season - 16,127,Flamengo,,True,135,Cruzeiro,,False,3.0,1.0,,,,,,,,,,True,
53150481106,,UTC,2007-09-15T18:10:00+00:00,1189879800,1189879800.0,1189883400.0,,Maracanã,,Match Finished,FT,90.0,71,Serie A,Brazil,https://media.api-sports.io/football/leagues/71.png,https://media.api-sports.io/flags/br.svg,2007,Regular Season - 26,124,Fluminense,,True,797872,América-RN,,False,2.0,0.0,,,,,,,,,,True,
47911951693,,UTC,2007-09-15T18:10:00+00:00,1189879800,1189879800.0,1189883400.0,,Serra Dourada,,Match Finished,FT,90.0,71,Serie A,Brazil,https://media.api-sports.io/football/leagues/71.png,https://media.api-sports.io/flags/br.svg,2007,Regular Season - 26,151,Goias,,False,755,Nautico Recife,,True,0.0,3.0,,,,,,,,,,True,
83423724612,,UTC,2007-09-15T18:10:00+00:00,1189879800,1189879800.0,1189883400.0,,Morumbi,,Match Finished,FT,90.0,71,Serie A,Brazil,https://media.api-sports.io/football/leagues/71.png,https://media.api-sports.io/flags/br.svg,2007,Regular Season - 26,126,Sao Paulo,,True,128,Santos,,False,2.0,1.0,,,,,,,,,,True,
27950380540,,UTC,2007-09-16T18:10:00+00:00,1189966200,1189966200.0,1189969800.0,,Maracanã,,Match Finished,FT,90.0,71,Serie A,Brazil,https://media.api-sports.io/football/leagues/71.png,https://media.api-sports.io/flags/br.svg,2007,Regular Season - 26,127,Flamengo,,,133,Vasco DA Gama,,,1.0,1.0,,,,,,,,,,True,
15013994606,,UTC,2007-09-16T16:00:00+00:00,1189958400,1189958400.0,1189962000.0,,Kyocera Arena,,Match Finished,FT,90.0,71,Serie A,Brazil,https://media.api-sports.io/football/leagues/71.png,https://media.api-sports.io/flags/br.svg,2007,Regular Season - 26,134,Atletico Paranaense,,True,121,Palmeiras,,False,2.0,1.0,,,,,,,,,,True,
29628713105,,UTC,2007-09-16T16:00:00+00:00,1189958400,1189958400.0,1189962000.0,,Pacaembu,,Match Finished,FT,90.0,71,Serie A,Brazil,https://media.api-sports.io/football/leagues/71.png,https://media.api-sports.io/flags/br.svg,2007,Regular Season - 26,131,Corinthians,,False,120,Botafogo,,True,0.0,1.0,,,,,,,,,,True,
62676997450,,UTC,2007-09-16T16:00:00+00:00,1189958400,1189958400.0,1189962000.0,,Mineirão,,Match Finished,FT,90.0,71,Serie A,Brazil,https://media.api-sports.io/football/leagues/71.png,https://media.api-sports.io/flags/br.svg,2007,Regular Season - 26,1062,Atletico-MG,,False,135,Cruzeiro,,True,3.0,4.0,,,,,,,,,,True,
29411460324,,UTC,2007-09-16T18:10:00+00:00,1189966200,1189966200.0,1189969800.0,,Orlando Scarpelli,,Match Finished,FT,90.0,71,Serie A,Brazil,https://media.api-sports.io/football/leagues/71.png,https://media.api-sports.io/flags/br.svg,2007,Regular Season - 26,454769,Figueirense,,True,152,Juventude,,False,4.0,1.0,,,,,,,,,,True,
45702727088,,UTC,2007-09-16T18:10:00+00:00,1189966200,1189966200.0,1189969800.0,,Olímpico Monumental,,Match Finished,FT,90.0,71,Serie A,Brazil,https://media.api-sports.io/football/leagues/71.png,https://media.api-sports.io/flags/br.svg,2007,Regular Season - 26,130,Gremio,,True,119,Internacional,,False,1.0,0.0,,,,,,,,,,True,
91297226704,,UTC,2007-09-16T16:00:00+00:00,1189958400,1189958400.0,1189962000.0,,Ilha do Retiro,,Match Finished,FT,90.0,71,Serie A,Brazil,https://media.api-sports.io/football/leagues/71.png,https://media.api-sports.io/flags/br.svg,2007,Regular Season - 26,123,Sport Recife,,True,122,Parana,,False,3.0,1.0,,,,,,,,,,True,
88735040148,,UTC,2007-09-22T18:10:00+00:00,1190484600,1190484600.0,1190488200.0,,Serra Dourada,,Match Finished,FT,90.0,71,Serie A,Brazil,https://media.api-sports.io/football/leagues/71.png,https://media.api-sports.io/flags/br.svg,2007,Regular Season - 27,151,Goias,,,797872,América-RN,,,1.0,1.0,,,,,,,,,,True,
74997970269,,UTC,2007-09-22T18:10:00+00:00,1190484600,1190484600.0,1190488200.0,,Olímpico Monumental,,Match Finished,FT,90.0,71,Serie A,Brazil,https://media.api-sports.io/football/leagues/71.png,https://media.api-sports.io/flags/br.svg,2007,Regular Season - 27,130,Gremio,,True,128,Santos,,False,1.0,0.0,,,,,,,,,,True,
41954906419,,UTC,2007-09-22T18:10:00+00:00,1190484600,1190484600.0,1190488200.0,,Morumbi,,Match Finished,FT,90.0,71,Serie A,Brazil,https://media.api-sports.io/football/leagues/71.png,https://media.api-sports.io/flags/br.svg,2007,Regular Season - 27,126,Sao Paulo,,True,454769,Figueirense,,False,2.0,0.0,,,,,,,,,,True,
82697772677,,UTC,2007-09-23T16:00:00+00:00,1190563200,1190563200.0,1190566800.0,,Alfredo Jaconi,,Match Finished,FT,90.0,71,Serie A,Brazil,https://media.api-sports.io/football/leagues/71.png,https://media.api-sports.io/flags/br.svg,2007,Regular Season - 27,152,Juventude,,,127,Flamengo,,,2.0,2.0,,,,,,,,,,True,
25041150840,,UTC,2007-09-23T16:00:00+00:00,1190563200,1190563200.0,1190566800.0,,Mineirão,,Match Finished,FT,90.0,71,Serie A,Brazil,https://media.api-sports.io/football/leagues/71.png,https://media.api-sports.io/flags/br.svg,2007,Regular Season - 27,1062,Atletico-MG,,,119,Internacional,,,2.0,2.0,,,,,,,,,,True,
57219594888,,UTC,2007-09-23T18:10:00+00:00,1190571000,1190571000.0,1190574600.0,,Kyocera Arena,,Match Finished,FT,90.0,71,Serie A,Brazil,https://media.api-sports.io/football/leagues/71.png,https://media.api-sports.io/flags/br.svg,2007,Regular Season - 27,134,Atletico Paranaense,,True,122,Parana,,False,2.0,1.0,,,,,,,,,,True,
32779326068,,UTC,2007-09-23T18:10:00+00:00,1190571000,1190571000.0,1190574600.0,,São Januário,,Match Finished,FT,90.0,71,Serie A,Brazil,https://media.api-sports.io/football/leagues/71.png,https://media.api-sports.io/flags/br.svg,2007,Regular Season - 27,133,Vasco DA Gama,,False,135,Cruzeiro,,True,0.0,2.0,,,,,,,,,,True,
6806791958,,UTC,2007-09-23T18:10:00+00:00,1190571000,1190571000.0,1190574600.0,,Maracanã,,Match Finished,FT,90.0,71,Serie A,Brazil,https://media.api-sports.io/football/leagues/71.png,https://media.api-sports.io/flags/br.svg,2007,Regular Season - 27,120,Botafogo,,False,124,Fluminense,,True,0.0,2.0,,,,,,,,,,True,
78388555013,,UTC,2007-09-23T16:00:00+00:00,1190563200,1190563200.0,1190566800.0,,Aflitos,,Match Finished,FT,90.0,71,Serie A,Brazil,https://media.api-sports.io/football/leagues/71.png,https://media.api-sports.io/flags/br.svg,2007,Regular Season - 27,755,Nautico Recife,,True,123,Sport Recife,,False,2.0,0.0,,,,,,,,,,True,
32684803669,,UTC,2007-09-23T16:00:00+00:00,1190563200,1190563200.0,1190566800.0,,Morumbi,,Match Finished,FT,90.0,71,Serie A,Brazil,https://media.api-sports.io/football/leagues/71.png,https://media.api-sports.io/flags/br.svg,2007,Regular Season - 27,121,Palmeiras,,True,131,Corinthians,,False,1.0,0.0,,,,,,,,,,True,
5394278756,,UTC,2007-09-29T18:10:00+00:00,1191089400,1191089400.0,1191093000.0,,Maracanã,,Match Finished,FT,90.0,71,Serie A,Brazil,https://media.api-sports.io/football/leagues/71.png,https://media.api-sports.io/flags/br.svg,2007,Regular Season - 28,127,Flamengo,,True,1062,Atletico-MG,,False,1.0,0.0,,,,,,,,,,True,
65830054118,,UTC,2007-09-29T18:10:00+00:00,1191089400,1191089400.0,1191093000.0,,Aflitos,,Match Finished,FT,90.0,71,Serie A,Brazil,https://media.api-sports.io/football/leagues/71.png,https://media.api-sports.io/flags/br.svg,2007,Regular Season - 28,755,Nautico Recife,,True,134,Atletico Paranaense,,False,5.0,0.0,,,,,,,,,,True,
46070649940,,UTC,2007-09-29T18:10:00+00:00,1191089400,1191089400.0,1191093000.0,,Pacaembu,,Match Finished,FT,90.0,71,Serie A,Brazil,https://media.api-sports.io/football/leagues/71.png,https://media.api-sports.io/flags/br.svg,2007,Regular Season - 28,131,Corinthians,,False,123,Sport Recife,,True,1.0,2.0,,,,,,,,,,True,
96222822077,,UTC,2007-09-30T18:10:00+00:00,1191175800,1191175800.0,1191179400.0,,Machadão,,Match Finished,FT,90.0,71,Serie A,Brazil,https://media.api-sports.io/football/leagues/71.png,https://media.api-sports.io/flags/br.svg,2007,Regular Season - 28,797872,América-RN,,,121,Palmeiras,,,0.0,0.0,,,,,,,,,,True,
9051280710,,UTC,2007-09-30T18:10:00+00:00,1191175800,1191175800.0,1191179400.0,,Mineirão,,Match Finished,FT,90.0,71,Serie A,Brazil,https://media.api-sports.io/football/leagues/71.png,https://media.api-sports.io/flags/br.svg,2007,Regular Season - 28,135,Cruzeiro,,False,454769,Figueirense,,True,1.0,2.0,,,,,,,,,,True,
70146389573,,UTC,2007-09-30T16:00:00+00:00,1191168000,1191168000.0,1191171600.0,,Maracanã,,Match Finished,FT,90.0,71,Serie A,Brazil,https://media.api-sports.io/football/leagues/71.png,https://media.api-sports.io/flags/br.svg,2007,Regular Season - 28,120,Botafogo,,False,151,Goias,,True,0.0,3.0,,,,,,,,,,True,
19665087370,,UTC,2007-09-30T16:00:00+00:00,1191168000,1191168000.0,1191171600.0,,Alfredo Jaconi,,Match Finished,FT,90.0,71,Serie A,Brazil,https://media.api-sports.io/football/leagues/71.png,https://media.api-sports.io/flags/br.svg,2007,Regular Season - 28,152,Juventude,,False,130,Gremio,,True,1.0,2.0,,,,,,,,,,True,
84226289010,,UTC,2007-09-30T18:10:00+00:00,1191175800,1191175800.0,1191179400.0,,Durival de Brito,,Match Finished,FT,90.0,71,Serie A,Brazil,https://media.api-sports.io/football/leagues/71.png,https://media.api-sports.io/flags/br.svg,2007,Regular Season - 28,122,Parana,,True,124,Fluminense,,False,3.0,1.0,,,,,,,,,,True,
31961437433,,UTC,2007-09-30T16:00:00+00:00,1191168000,1191168000.0,1191171600.0,,Vila Belmiro,,Match Finished,FT,90.0,71,Serie A,Brazil,https://media.api-sports.io/football/leagues/71.png,https://media.api-sports.io/flags/br.svg,2007,Regular Season - 28,128,Santos,,True,133,Vasco DA Gama,,False,1.0,0.0,,,,,,,,,,True,
65853494899,,UTC,2007-09-30T16:00:00+00:00,1191168000,1191168000.0,1191171600.0,,Beira Rio,,Match Finished,FT,90.0,71,Serie A,Brazil,https://media.api-sports.io/football/leagues/71.png,https://media.api-sports.io/flags/br.svg,2007,Regular Season - 28,119,Internacional,,False,126,Sao Paulo,,True,1.0,2.0,,,,,,,,,,True,
63374686857,,UTC,2007-10-03T20:30:00+00:00,1191443400,1191443400.0,1191447000.0,,Olímpico Monumental,,Match Finished,FT,90.0,71,Serie A,Brazil,https://media.api-sports.io/football/leagues/71.png,https://media.api-sports.io/flags/br.svg,2007,Regular Season - 29,130,Gremio,,,1062,Atletico-MG,,,2.0,2.0,,,,,,,,,,True,
71939323924,,UTC,2007-10-03T21:45:00+00:00,1191447900,1191447900.0,1191451500.0,,Maracanã,,Match Finished,FT,90.0,71,Serie A,Brazil,https://media.api-sports.io/football/leagues/71.png,https://media.api-sports.io/flags/br.svg,2007,Regular Season - 29,124,Fluminense,,,131,Corinthians,,,1.0,1.0,,,,,,,,,,True,
42733796617,,UTC,2007-10-03T21:45:00+00:00,1191447900,1191447900.0,1191451500.0,,Kyocera Arena,,Match Finished,FT,90.0,71,Serie A,Brazil,https://media.api-sports.io/football/leagues/71.png,https://media.api-sports.io/flags/br.svg,2007,Regular Season - 29,134,Atletico Paranaense,,True,120,Botafogo,,False,2.0,0.0,,,,,,,,,,True,
86705022602,,UTC,2007-10-03T20:30:00+00:00,1191443400,1191443400.0,1191447000.0,,São Januário,,Match Finished,FT,90.0,71,Serie A,Brazil,https://media.api-sports.io/football/leagues/71.png,https://media.api-sports.io/flags/br.svg,2007,Regular Season - 29,133,Vasco DA Gama,,False,152,Juventude,,True,0.0,1.0,,,,,,,,,,True,
95102062981,,UTC,2007-10-03T19:30:00+00:00,1191439800,1191439800.0,1191443400.0,,Parque Antártica,,Match Finished,FT,90.0,71,Serie A,Brazil,https://media.api-sports.io/football/leagues/71.png,https://media.api-sports.io/flags/br.svg,2007,Regular Season - 29,121,Palmeiras,,True,755,Nautico Recife,,False,2.0,1.0,,,,,,,,,,True,
56075879440,,UTC,2007-10-03T21:45:00+00:00,1191447900,1191447900.0,1191451500.0,,Mineirão,,Match Finished,FT,90.0,71,Serie A,Brazil,https://media.api-sports.io/football/leagues/71.png,https://media.api-sports.io/flags/br.svg,2007,Regular Season - 29,135,Cruzeiro,,False,128,Santos,,True,0.0,1.0,,,,,,,,,,True,
37051364450,,UTC,2007-10-03T19:30:00+00:00,1191439800,1191439800.0,1191443400.0,,Ilha do Retiro,,Match Finished,FT,90.0,71,Serie A,Brazil,https://media.api-sports.io/football/leagues/71.png,https://media.api-sports.io/flags/br.svg,2007,Regular Season - 29,123,Sport Recife,,True,151,Goias,,False,4.0,0.0,,,,,,,,,,True,
64450766724,,UTC,2007-10-04T20:30:00+00:00,1191529800,1191529800.0,1191533400.0,,Orlando Scarpelli,,Match Finished,FT,90.0,71,Serie A,Brazil,https://media.api-sports.io/football/leagues/71.png,https://media.api-sports.io/flags/br.svg,2007,Regular Season - 29,454769,Figueirense,,,119,Internacional,,,0.0,0.0,,,,,,,,,,True,
11813738203,,UTC,2007-10-04T20:30:00+00:00,1191529800,1191529800.0,1191533400.0,,Machadão,,Match Finished,FT,90.0,71,Serie A,Brazil,https://media.api-sports.io/football/leagues/71.png,https://media.api-sports.io/flags/br.svg,2007,Regular Season - 29,797872,América-RN,,True,122,Parana,,False,3.0,2.0,,,,,,,,,,True,
68938443130,,UTC,2007-10-04T20:30:00+00:00,1191529800,1191529800.0,1191533400.0,,Maracanã,,Match Finished,FT,90.0,71,Serie A,Brazil,https://media.api-sports.io/football/leagues/71.png,https://media.api-sports.io/flags/br.svg,2007,Regular Season - 10,127,Flamengo,,True,126,Sao Paulo,,False,1.0,0.0,,,,,,,,,,True,
32751908285,,UTC,2007-10-06T18:10:00+00:00,1191694200,1191694200.0,1191697800.0,,Aflitos,,Match Finished,FT,90.0,71,Serie A,Brazil,https://media.api-sports.io/football/leagues/71.png,https://media.api-sports.io/flags/br.svg,2007,Regular Season - 30,755,Nautico Recife,,True,152,Juventude,,False,4.0,1.0,,,,,,,,,,True,
37939472166,,UTC,2007-10-06T18:10:00+00:00,1191694200,1191694200.0,1191697800.0,,Parque Antártica,,Match Finished,FT,90.0,71,Serie A,Brazil,https://media.api-sports.io/football/leagues/71.png,https://media.api-sports.io/flags/br.svg,2007,Regular Season - 30,121,Palmeiras,,True,130,Gremio,,False,2.0,0.0,,,,,,,,,,True,
17253442421,,UTC,2007-10-06T18:10:00+00:00,1191694200,1191694200.0,1191697800.0,,Engenhão,,Match Finished,FT,90.0,71,Serie A,Brazil,https://media.api-sports.io/football/leagues/71.png,https://media.api-sports.io/flags/br.svg,2007,Regular Season - 30,120,Botafogo,,False,128,Santos,,True,1.0,2.0,,,,,,,,,,True,
53117275431,,UTC,2007-10-07T18:10:00+00:00,1191780600,1191780600.0,1191784200.0,,Serra Dourada,,Match Finished,FT,90.0,71,Serie A,Brazil,https://media.api-sports.io/football/leagues/71.png,https://media.api-sports.io/flags/br.svg,2007,Regular Season - 30,151,Goias,,,135,Cruzeiro,,,0.0,0.0,,,,,,,,,,True,
12047083936,,UTC,2007-10-07T16:00:00+00:00,1191772800,1191772800.0,1191776400.0,,Mineirão,,Match Finished,FT,90.0,71,Serie A,Brazil,https://media.api-sports.io/football/leagues/71.png,https://media.api-sports.io/flags/br.svg,2007,Regular Season - 30,1062,Atletico-MG,,True,123,Sport Recife,,False,3.0,1.0,,,,,,,,,,True,
85816388599,,UTC,2007-10-07T16:00:00+00:00,1191772800,1191772800.0,1191776400.0,,Kyocera Arena,,Match Finished,FT,90.0,71,Serie A,Brazil,https://media.api-sports.io/football/leagues/71.png,https://media.api-sports.io/flags/br.svg,2007,Regular Season - 30,134,Atletico Paranaense,,True,133,Vasco DA Gama,,False,1.0,0.0,,,,,,,,,,True,
29693204912,,UTC,2007-10-07T16:00:00+00:00,1191772800,1191772800.0,1191776400.0,,Morumbi,,Match Finished,FT,90.0,71,Serie A,Brazil,https://media.api-sports.io/football/leagues/71.png,https://media.api-sports.io/flags/br.svg,2007,Regular Season - 30,126,Sao Paulo,,False,131,Corinthians,,True,0.0,1.0,,,,,,,,,,True,
36885542592,,UTC,2007-10-07T18:10:00+00:00,1191780600,1191780600.0,1191784200.0,,Orlando Scarpelli,,Match Finished,FT,90.0,71,Serie A,Brazil,https://media.api-sports.io/football/leagues/71.png,https://media.api-sports.io/flags/br.svg,2007,Regular Season - 30,454769,Figueirense,,True,122,Parana,,False,4.0,0.0,,,,,,,,,,True,
18304782915,,UTC,2007-10-07T18:10:00+00:00,1191780600,1191780600.0,1191784200.0,,Maracanã,,Match Finished,FT,90.0,71,Serie A,Brazil,https://media.api-sports.io/football/leagues/71.png,https://media.api-sports.io/flags/br.svg,2007,Regular Season - 30,127,Flamengo,,False,124,Fluminense,,True,0.0,2.0,,,,,,,,,,True,
70245405328,,UTC,2007-10-07T16:00:00+00:00,1191772800,1191772800.0,1191776400.0,,Beira Rio,,Match Finished,FT,90.0,71,Serie A,Brazil,https://media.api-sports.io/football/leagues/71.png,https://media.api-sports.io/flags/br.svg,2007,Regular Season - 30,119,Internacional,,True,797872,América-RN,,False,2.0,0.0,,,,,,,,,,True,
70164724209,,UTC,2007-10-12T20:30:00+00:00,1192221000,1192221000.0,1192224600.0,,Alfredo Jaconi,,Match Finished,FT,90.0,71,Serie A,Brazil,https://media.api-sports.io/football/leagues/71.png,https://media.api-sports.io/flags/br.svg,2007,Regular Season - 31,152,Juventude,,,134,Atletico Paranaense,,,0.0,0.0,,,,,,,,,,True,
89565860090,,UTC,2007-10-12T20:30:00+00:00,1192221000,1192221000.0,1192224600.0,,Ilha do Retiro,,Match Finished,FT,90.0,71,Serie A,Brazil,https://media.api-sports.io/football/leagues/71.png,https://media.api-sports.io/flags/br.svg,2007,Regular Season - 31,123,Sport Recife,,,454769,Figueirense,,,0.0,0.0,,,,,,,,,,True,
76636051619,,UTC,2007-10-12T20:30:00+00:00,1192221000,1192221000.0,1192224600.0,,Mineirão,,Match Finished,FT,90.0,71,Serie A,Brazil,https://media.api-sports.io/football/leagues/71.png,https://media.api-sports.io/flags/br.svg,2007,Regular Season - 31,135,Cruzeiro,,,755,Nautico Recife,,,2.0,2.0,,,,,,,,,,True,
19808219295,,UTC,2007-10-13T16:00:00+00:00,1192291200,1192291200.0,1192294800.0,,Pacaembu,,Match Finished,FT,90.0,71,Serie A,Brazil,https://media.api-sports.io/football/leagues/71.png,https://media.api-sports.io/flags/br.svg,2007,Regular Season - 31,131,Corinthians,,,119,Internacional,,,1.0,1.0,,,,,,,,,,True,
57492450503,,UTC,2007-10-13T18:10:00+00:00,1192299000,1192299000.0,1192302600.0,,Vila Belmiro,,Match Finished,FT,90.0,71,Serie A,Brazil,https://media.api-sports.io/football/leagues/71.png,https://media.api-sports.io/flags/br.svg,2007,Regular Season - 31,128,Santos,,,121,Palmeiras,,,1.0,1.0,,,,,,,,,,True,
3428914952,,UTC,2007-10-13T16:00:00+00:00,1192291200,1192291200.0,1192294800.0,,Maracanã,,Match Finished,FT,90.0,71,Serie A,Brazil,https://media.api-sports.io/football/leagues/71.png,https://media.api-sports.io/flags/br.svg,2007,Regular Season - 31,124,Fluminense,,,126,Sao Paulo,,,1.0,1.0,,,,,,,,,,True,
22469330043,,UTC,2007-10-13T18:10:00+00:00,1192299000,1192299000.0,1192302600.0,,Machadão,,Match Finished,FT,90.0,71,Serie A,Brazil,https://media.api-sports.io/football/leagues/71.png,https://media.api-sports.io/flags/br.svg,2007,Regular Season - 31,797872,América-RN,,False,1062,Atletico-MG,,True,0.0,1.0,,,,,,,,,,True,
98580661131,,UTC,2007-10-13T16:00:00+00:00,1192291200,1192291200.0,1192294800.0,,Durival de Brito,,Match Finished,FT,90.0,71,Serie A,Brazil,https://media.api-sports.io/football/leagues/71.png,https://media.api-sports.io/flags/br.svg,2007,Regular Season - 31,122,Parana,,False,127,Flamengo,,True,0.0,1.0,,,,,,,,,,True,
65453673883,,UTC,2007-10-13T18:10:00+00:00,1192299000,1192299000.0,1192302600.0,,Olímpico Monumental,,Match Finished,FT,90.0,71,Serie A,Brazil,https://media.api-sports.io/football/leagues/71.png,https://media.api-sports.io/flags/br.svg,2007,Regular Season - 31,130,Gremio,,True,151,Goias,,False,2.0,1.0,,,,,,,,,,True,
44094982023,,UTC,2007-10-14T16:00:00+00:00,1192377600,1192377600.0,1192381200.0,,Maracanã,,Match Finished,FT,90.0,71,Serie A,Brazil,https://media.api-sports.io/football/leagues/71.png,https://media.api-sports.io/flags/br.svg,2007,Regular Season - 31,133,Vasco DA Gama,,True,120,Botafogo,,False,2.0,1.0,,,,,,,,,,True,
90361134991,,UTC,2007-10-18T21:45:00+00:00,1192743900,1192743900.0,1192747500.0,,Maracanã,,Match Finished,FT,90.0,71,Serie A,Brazil,https://media.api-sports.io/football/leagues/71.png,https://media.api-sports.io/flags/br.svg,2007,Regular Season - 7,133,Vasco DA Gama,,False,127,Flamengo,,True,1.0,2.0,,,,,,,,,,True,
5358959226,,UTC,2007-10-20T18:10:00+00:00,1192903800,1192903800.0,1192907400.0,,Engenhão,,Match Finished,FT,90.0,71,Serie A,Brazil,https://media.api-sports.io/football/leagues/71.png,https://media.api-sports.io/flags/br.svg,2007,Regular Season - 32,120,Botafogo,,True,123,Sport Recife,,False,3.0,1.0,,,,,,,,,,True,
29519861970,,UTC,2007-10-20T18:10:00+00:00,1192903800,1192903800.0,1192907400.0,,Serra Dourada,,Match Finished,FT,90.0,71,Serie A,Brazil,https://media.api-sports.io/football/leagues/71.png,https://media.api-sports.io/flags/br.svg,2007,Regular Season - 32,151,Goias,,True,124,Fluminense,,False,5.0,3.0,,,,,,,,,,True,
34944347380,,UTC,2007-10-20T18:10:00+00:00,1192903800,1192903800.0,1192907400.0,,Parque Antártica,,Match Finished,FT,90.0,71,Serie A,Brazil,https://media.api-sports.io/football/leagues/71.png,https://media.api-sports.io/flags/br.svg,2007,Regular Season - 32,121,Palmeiras,,True,122,Parana,,False,3.0,0.0,,,,,,,,,,True,
36483748297,,UTC,2007-10-21T16:00:00+00:00,1192982400,1192982400.0,1192986000.0,,Mineirão,,Match Finished,FT,90.0,71,Serie A,Brazil,https://media.api-sports.io/football/leagues/71.png,https://media.api-sports.io/flags/br.svg,2007,Regular Season - 32,1062,Atletico-MG,,True,133,Vasco DA Gama,,False,1.0,0.0,,,,,,,,,,True,
22106371096,,UTC,2007-10-21T17:00:00+00:00,1192986000,1192986000.0,1192989600.0,,Kyocera Arena,,Match Finished,FT,90.0,71,Serie A,Brazil,https://media.api-sports.io/football/leagues/71.png,https://media.api-sports.io/flags/br.svg,2007,Regular Season - 32,134,Atletico Paranaense,,True,797872,América-RN,,False,2.0,0.0,,,,,,,,,,True,
25887375796,,UTC,2007-10-21T18:10:00+00:00,1192990200,1192990200.0,1192993800.0,,Orlando Scarpelli,,Match Finished,FT,90.0,71,Serie A,Brazil,https://media.api-sports.io/football/leagues/71.png,https://media.api-sports.io/flags/br.svg,2007,Regular Season - 32,454769,Figueirense,,True,128,Santos,,False,1.0,0.0,,,,,,,,,,True,
92702721672,,UTC,2007-10-21T18:10:00+00:00,1192990200,1192990200.0,1192993800.0,,Maracanã,,Match Finished,FT,90.0,71,Serie A,Brazil,https://media.api-sports.io/football/leagues/71.png,https://media.api-sports.io/flags/br.svg,2007,Regular Season - 32,127,Flamengo,,True,130,Gremio,,False,2.0,0.0,,,,,,,,,,True,
42546874523,,UTC,2007-10-21T18:10:00+00:00,1192990200,1192990200.0,1192993800.0,,Beira Rio,,Match Finished,FT,90.0,71,Serie A,Brazil,https://media.api-sports.io/football/leagues/71.png,https://media.api-sports.io/flags/br.svg,2007,Regular Season - 32,119,Internacional,,True,152,Juventude,,False,3.0,0.0,,,,,,,,,,True,
83913286247,,UTC,2007-10-21T16:00:00+00:00,1192982400,1192982400.0,1192986000.0,,Aflitos,,Match Finished,FT,90.0,71,Serie A,Brazil,https://media.api-sports.io/football/leagues/71.png,https://media.api-sports.io/flags/br.svg,2007,Regular Season - 32,755,Nautico Recife,,True,131,Corinthians,,False,1.0,0.0,,,,,,,,,,True,
83884569699,,UTC,2007-10-21T16:00:00+00:00,1192982400,1192982400.0,1192986000.0,,Morumbi,,Match Finished,FT,90.0,71,Serie A,Brazil,https://media.api-sports.io/football/leagues/71.png,https://media.api-sports.io/flags/br.svg,2007,Regular Season - 32,126,Sao Paulo,,True,135,Cruzeiro,,False,1.0,0.0,,,,,,,,,,True,
11152994825,,UTC,2007-10-27T18:10:00+00:00,1193508600,1193508600.0,1193512200.0,,Maracanã,,Match Finished,FT,90.0,71,Serie A,Brazil,https://media.api-sports.io/football/leagues/71.png,https://media.api-sports.io/flags/br.svg,2007,Regular Season - 33,124,Fluminense,,,1062,Atletico-MG,,,1.0,1.0,,,,,,,,,,True,
76351623098,,UTC,2007-10-27T18:10:00+00:00,1193508600,1193508600.0,1193512200.0,,Mineirão,,Match Finished,FT,90.0,71,Serie A,Brazil,https://media.api-sports.io/football/leagues/71.png,https://media.api-sports.io/flags/br.svg,2007,Regular Season - 33,135,Cruzeiro,,,134,Atletico Paranaense,,,1.0,1.0,,,,,,,,,,True,
74111524712,,UTC,2007-10-27T18:10:00+00:00,1193508600,1193508600.0,1193512200.0,,Vila Belmiro,,Match Finished,FT,90.0,71,Serie A,Brazil,https://media.api-sports.io/football/leagues/71.png,https://media.api-sports.io/flags/br.svg,2007,Regular Season - 33,128,Santos,,True,151,Goias,,False,3.0,0.0,,,,,,,,,,True,
34346268831,,UTC,2007-10-28T18:10:00+00:00,1193595000,1193595000.0,1193598600.0,,Alfredo Jaconi,,Match Finished,FT,90.0,71,Serie A,Brazil,https://media.api-sports.io/football/leagues/71.png,https://media.api-sports.io/flags/br.svg,2007,Regular Season - 33,152,Juventude,,,120,Botafogo,,,1.0,1.0,,,,,,,,,,True,
97834753598,,UTC,2007-10-28T18:10:00+00:00,1193595000,1193595000.0,1193598600.0,,São Januário,,Match Finished,FT,90.0,71,Serie A,Brazil,https://media.api-sports.io/football/leagues/71.png,https://media.api-sports.io/flags/br.svg,2007,Regular Season - 33,133,Vasco DA Gama,,,121,Palmeiras,,,2.0,2.0,,,,,,,,,,True,
64741584057,,UTC,2007-10-28T17:00:00+00:00,1193590800,1193590800.0,1193594400.0,,Pacaembu,,Match Finished,FT,90.0,71,Serie A,Brazil,https://media.api-sports.io/football/leagues/71.png,https://media.api-sports.io/flags/br.svg,2007,Regular Season - 33,131,Corinthians,,True,454769,Figueirense,,False,2.0,1.0,,,,,,,,,,True,
57656260615,,UTC,2007-10-28T16:00:00+00:00,1193587200,1193587200.0,1193590800.0,,Machadão,,Match Finished,FT,90.0,71,Serie A,Brazil,https://media.api-sports.io/football/leagues/71.png,https://media.api-sports.io/flags/br.svg,2007,Regular Season - 33,797872,América-RN,,False,127,Flamengo,,True,0.0,1.0,,,,,,,,,,True,
41175426008,,UTC,2007-10-28T16:00:00+00:00,1193587200,1193587200.0,1193590800.0,,Olímpico Monumental,,Match Finished,FT,90.0,71,Serie A,Brazil,https://media.api-sports.io/football/leagues/71.png,https://media.api-sports.io/flags/br.svg,2007,Regular Season - 33,130,Gremio,,True,755,Nautico Recife,,False,4.0,3.0,,,,,,,,,,True,
4628154268,,UTC,2007-10-28T18:10:00+00:00,1193595000,1193595000.0,1193598600.0,,Durival de Brito,,Match Finished,FT,90.0,71,Serie A,Brazil,https://media.api-sports.io/football/leagues/71.png,https://media.api-sports.io/flags/br.svg,2007,Regular Season - 33,122,Parana,,True,119,Internacional,,False,1.0,0.0,,,,,,,,,,True,
68407199898,,UTC,2007-10-28T16:00:00+00:00,1193587200,1193587200.0,1193590800.0,,Ilha do Retiro,,Match Finished,FT,90.0,71,Serie A,Brazil,https://media.api-sports.io/football/leagues/71.png,https://media.api-sports.io/flags/br.svg,2007,Regular Season - 33,123,Sport Recife,,False,126,Sao Paulo,,True,1.0,2.0,,,,,,,,,,True,
53486605658,,UTC,2007-10-31T20:30:00+00:00,1193862600,1193862600.0,1193866200.0,,Mineirão,,Match Finished,FT,90.0,71,Serie A,Brazil,https://media.api-sports.io/football/leagues/71.png,https://media.api-sports.io/flags/br.svg,2007,Regular Season - 34,1062,Atletico-MG,,,122,Parana,,,0.0,0.0,,,,,,,,,,True,
11065745666,,UTC,2007-10-31T19:30:00+00:00,1193859000,1193859000.0,1193862600.0,,Kyocera Arena,,Match Finished,FT,90.0,71,Serie A,Brazil,https://media.api-sports.io/football/leagues/71.png,https://media.api-sports.io/flags/br.svg,2007,Regular Season - 34,134,Atletico Paranaense,,True,130,Gremio,,False,2.0,0.0,,,,,,,,,,True,
57278951789,,UTC,2007-10-31T21:45:00+00:00,1193867100,1193867100.0,1193870700.0,,Maracanã,,Match Finished,FT,90.0,71,Serie A,Brazil,https://media.api-sports.io/football/leagues/71.png,https://media.api-sports.io/flags/br.svg,2007,Regular Season - 34,127,Flamengo,,True,131,Corinthians,,False,2.0,1.0,,,,,,,,,,True,
34815960603,,UTC,2007-10-31T19:30:00+00:00,1193859000,1193859000.0,1193862600.0,,Orlando Scarpelli,,Match Finished,FT,90.0,71,Serie A,Brazil,https://media.api-sports.io/football/leagues/71.png,https://media.api-sports.io/flags/br.svg,2007,Regular Season - 34,454769,Figueirense,,False,124,Fluminense,,True,0.0,2.0,,,,,,,,,,True,
12298596044,,UTC,2007-10-31T21:45:00+00:00,1193867100,1193867100.0,1193870700.0,,Aflitos,,Match Finished,FT,90.0,71,Serie A,Brazil,https://media.api-sports.io/football/leagues/71.png,https://media.api-sports.io/flags/br.svg,2007,Regular Season - 34,755,Nautico Recife,,False,128,Santos,,True,1.0,2.0,,,,,,,,,,True,
27237907772,,UTC,2007-10-31T21:45:00+00:00,1193867100,1193867100.0,1193870700.0,,Morumbi,,Match Finished,FT,90.0,71,Serie A,Brazil,https://media.api-sports.io/football/leagues/71.png,https://media.api-sports.io/flags/br.svg,2007,Regular Season - 34,126,Sao Paulo,,True,797872,América-RN,,False,3.0,0.0,,,,,,,,,,True,
81206574597,,UTC,2007-10-31T21:45:00+00:00,1193867100,1193867100.0,1193870700.0,,Serra Dourada,,Match Finished,FT,90.0,71,Serie A,Brazil,https://media.api-sports.io/football/leagues/71.png,https://media.api-sports.io/flags/br.svg,2007,Regular Season - 34,151,Goias,,False,133,Vasco DA Gama,,True,2.0,3.0,,,,,,,,,,True,
45482483297,,UTC,2007-11-01T20:30:00+00:00,1193949000,1193949000.0,1193952600.0,,Beira Rio,,Match Finished,FT,90.0,71,Serie A,Brazil,https://media.api-sports.io/football/leagues/71.png,https://media.api-sports.io/flags/br.svg,2007,Regular Season - 34,119,Internacional,,,123,Sport Recife,,,0.0,0.0,,,,,,,,,,True,
10011921955,,UTC,2007-11-01T20:30:00+00:00,1193949000,1193949000.0,1193952600.0,,Engenhão,,Match Finished,FT,90.0,71,Serie A,Brazil,https://media.api-sports.io/football/leagues/71.png,https://media.api-sports.io/flags/br.svg,2007,Regular Season - 34,120,Botafogo,,True,135,Cruzeiro,,False,4.0,1.0,,,,,,,,,,True,
7045987985,,UTC,2007-11-01T20:30:00+00:00,1193949000,1193949000.0,1193952600.0,,Parque Antártica,,Match Finished,FT,90.0,71,Serie A,Brazil,https://media.api-sports.io/football/leagues/71.png,https://media.api-sports.io/flags/br.svg,2007,Regular Season - 34,121,Palmeiras,,False,152,Juventude,,True,0.0,1.0,,,,,,,,,,True,
41347328866,,UTC,2007-11-03T18:10:00+00:00,1194113400,1194113400.0,1194117000.0,,Olímpico Monumental,,Match Finished,FT,90.0,71,Serie A,Brazil,https://media.api-sports.io/football/leagues/71.png,https://media.api-sports.io/flags/br.svg,2007,Regular Season - 35,130,Gremio,,False,454769,Figueirense,,True,1.0,2.0,,,,,,,,,,True,
66858808604,,UTC,2007-11-03T18:10:00+00:00,1194113400,1194113400.0,1194117000.0,,Maracanã,,Match Finished,FT,90.0,71,Serie A,Brazil,https://media.api-sports.io/football/leagues/71.png,https://media.api-sports.io/flags/br.svg,2007,Regular Season - 35,124,Fluminense,,True,755,Nautico Recife,,False,2.0,1.0,,,,,,,,,,True,
89184461160,,UTC,2007-11-03T18:10:00+00:00,1194113400,1194113400.0,1194117000.0,,Durival de Brito,,Match Finished,FT,90.0,71,Serie A,Brazil,https://media.api-sports.io/football/leagues/71.png,https://media.api-sports.io/flags/br.svg,2007,Regular Season - 35,122,Parana,,True,151,Goias,,False,1.0,0.0,,,,,,,,,,True,
40439522594,,UTC,2007-11-04T16:00:00+00:00,1194192000,1194192000.0,1194195600.0,,Vila Belmiro,,Match Finished,FT,90.0,71,Serie A,Brazil,https://media.api-sports.io/football/leagues/71.png,https://media.api-sports.io/flags/br.svg,2007,Regular Season - 35,128,Santos,,,1062,Atletico-MG,,,2.0,2.0,,,,,,,,,,True,
62319962424,,UTC,2007-11-04T17:00:00+00:00,1194195600,1194195600.0,1194199200.0,,Pacaembu,,Match Finished,FT,90.0,71,Serie A,Brazil,https://media.api-sports.io/football/leagues/71.png,https://media.api-sports.io/flags/br.svg,2007,Regular Season - 35,131,Corinthians,,,134,Atletico Paranaense,,,2.0,2.0,,,,,,,,,,True,
60316751599,,UTC,2007-11-04T18:10:00+00:00,1194199800,1194199800.0,1194203400.0,,Machadão,,Match Finished,FT,90.0,71,Serie A,Brazil,https://media.api-sports.io/football/leagues/71.png,https://media.api-sports.io/flags/br.svg,2007,Regular Season - 35,797872,América-RN,,,120,Botafogo,,,1.0,1.0,,,,,,,,,,True,
80726268463,,UTC,2007-11-04T16:00:00+00:00,1194192000,1194192000.0,1194195600.0,,Mineirão,,Match Finished,FT,90.0,71,Serie A,Brazil,https://media.api-sports.io/football/leagues/71.png,https://media.api-sports.io/flags/br.svg,2007,Regular Season - 35,135,Cruzeiro,,True,127,Flamengo,,False,3.0,1.0,,,,,,,,,,True,
26520620973,,UTC,2007-11-04T18:10:00+00:00,1194199800,1194199800.0,1194203400.0,,São Januário,,Match Finished,FT,90.0,71,Serie A,Brazil,https://media.api-sports.io/football/leagues/71.png,https://media.api-sports.io/flags/br.svg,2007,Regular Season - 35,133,Vasco DA Gama,,False,119,Internacional,,True,1.0,2.0,,,,,,,,,,True,
71860974890,,UTC,2007-11-04T18:10:00+00:00,1194199800,1194199800.0,1194203400.0,,Ilha do Retiro,,Match Finished,FT,90.0,71,Serie A,Brazil,https://media.api-sports.io/football/leagues/71.png,https://media.api-sports.io/flags/br.svg,2007,Regular Season - 35,123,Sport Recife,,True,121,Palmeiras,,False,3.0,1.0,,,,,,,,,,True,
6010510918,,UTC,2007-11-07T21:45:00+00:00,1194471900,1194471900.0,1194475500.0,,Alfredo Jaconi,,Match Finished,FT,90.0,71,Serie A,Brazil,https://media.api-sports.io/football/leagues/71.png,https://media.api-sports.io/flags/br.svg,2007,Regular Season - 35,152,Juventude,,True,126,Sao Paulo,,False,2.0,0.0,,,,,,,,,,True,
16487398594,,UTC,2007-11-10T18:10:00+00:00,1194718200,1194718200.0,1194721800.0,,Maracanã,,Match Finished,FT,90.0,71,Serie A,Brazil,https://media.api-sports.io/football/leagues/71.png,https://media.api-sports.io/flags/br.svg,2007,Regular Season - 36,120,Botafogo,,True,122,Parana,,False,3.0,2.0,,,,,,,,,,True,
88814380286,,UTC,2007-11-10T18:10:00+00:00,1194718200,1194718200.0,1194721800.0,,Beira Rio,,Match Finished,FT,90.0,71,Serie A,Brazil,https://media.api-sports.io/football/leagues/71.png,https://media.api-sports.io/flags/br.svg,2007,Regular Season - 36,119,Internacional,,True,135,Cruzeiro,,False,1.0,0.0,,,,,,,,,,True,
15262235775,,UTC,2007-11-10T18:10:00+00:00,1194718200,1194718200.0,1194721800.0,,Aflitos,,Match Finished,FT,90.0,71,Serie A,Brazil,https://media.api-sports.io/football/leagues/71.png,https://media.api-sports.io/flags/br.svg,2007,Regular Season - 36,755,Nautico Recife,,True,797872,América-RN,,False,4.0,0.0,,,,,,,,,,True,
47849131934,,UTC,2007-11-11T16:00:00+00:00,1194796800,1194796800.0,1194800400.0,,Serra Dourada,,Match Finished,FT,90.0,71,Serie A,Brazil,https://media.api-sports.io/football/leagues/71.png,https://media.api-sports.io/flags/br.svg,2007,Regular Season - 36,151,Goias,,,131,Corinthians,,,1.0,1.0,,,,,,,,,,True,
99641523300,,UTC,2007-11-11T17:00:00+00:00,1194800400,1194800400.0,1194804000.0,,Kyocera Arena,,Match Finished,FT,90.0,71,Serie A,Brazil,https://media.api-sports.io/football/leagues/71.png,https://media.api-sports.io/flags/br.svg,2007,Regular Season - 36,134,Atletico Paranaense,,,123,Sport Recife,,,0.0,0.0,,,,,,,,,,True,
16374840866,,UTC,2007-11-11T16:00:00+00:00,1194796800,1194796800.0,1194800400.0,,Orlando Scarpelli,,Match Finished,FT,90.0,71,Serie A,Brazil,https://media.api-sports.io/football/leagues/71.png,https://media.api-sports.io/flags/br.svg,2007,Regular Season - 36,454769,Figueirense,,,133,Vasco DA Gama,,,3.0,3.0,,,,,,,,,,True,
21453578451,,UTC,2007-11-11T18:10:00+00:00,1194804600,1194804600.0,1194808200.0,,Mineirão,,Match Finished,FT,90.0,71,Serie A,Brazil,https://media.api-sports.io/football/leagues/71.png,https://media.api-sports.io/flags/br.svg,2007,Regular Season - 36,1062,Atletico-MG,,True,152,Juventude,,False,4.0,1.0,,,,,,,,,,True,
72374867204,,UTC,2007-11-11T18:10:00+00:00,1194804600,1194804600.0,1194808200.0,,Maracanã,,Match Finished,FT,90.0,71,Serie A,Brazil,https://media.api-sports.io/football/leagues/71.png,https://media.api-sports.io/flags/br.svg,2007,Regular Season - 36,127,Flamengo,,True,128,Santos,,False,1.0,0.0,,,,,,,,,,True,
34260019323,,UTC,2007-11-11T18:10:00+00:00,1194804600,1194804600.0,1194808200.0,,Morumbi,,Match Finished,FT,90.0,71,Serie A,Brazil,https://media.api-sports.io/football/leagues/71.png,https://media.api-sports.io/flags/br.svg,2007,Regular Season - 36,126,Sao Paulo,,True,130,Gremio,,False,1.0,0.0,,,,,,,,,,True,
47477527727,,UTC,2007-11-14T21:45:00+00:00,1195076700,1195076700.0,1195080300.0,,Parque Antártica,,Match Finished,FT,90.0,71,Serie A,Brazil,https://media.api-sports.io/football/leagues/71.png,https://media.api-sports.io/flags/br.svg,2007,Regular Season - 36,121,Palmeiras,,True,124,Fluminense,,False,1.0,0.0,,,,,,,,,,True,
62408241850,,UTC,2007-11-24T18:10:00+00:00,1195927800,1195927800.0,1195931400.0,,Maracanã,,Match Finished,FT,90.0,71,Serie A,Brazil,https://media.api-sports.io/football/leagues/71.png,https://media.api-sports.io/flags/br.svg,2007,Regular Season - 37,124,Fluminense,,True,152,Juventude,,False,3.0,2.0,,,,,,,,,,True,
93034853088,,UTC,2007-11-24T18:10:00+00:00,1195927800,1195927800.0,1195931400.0,,Machadão,,Match Finished,FT,90.0,71,Serie A,Brazil,https://media.api-sports.io/football/leagues/71.png,https://media.api-sports.io/flags/br.svg,2007,Regular Season - 37,797872,América-RN,,False,130,Gremio,,True,0.0,3.0,,,,,,,,,,True,
28068830769,,UTC,2007-11-25T16:00:00+00:00,1196006400,1196006400.0,1196010000.0,,Morumbi,,Match Finished,FT,90.0,71,Serie A,Brazil,https://media.api-sports.io/football/leagues/71.png,https://media.api-sports.io/flags/br.svg,2007,Regular Season - 37,126,Sao Paulo,,,120,Botafogo,,,2.0,2.0,,,,,,,,,,True,
85403629446,,UTC,2007-11-25T18:10:00+00:00,1196014200,1196014200.0,1196017800.0,,Maracanã,,Match Finished,FT,90.0,71,Serie A,Brazil,https://media.api-sports.io/football/leagues/71.png,https://media.api-sports.io/flags/br.svg,2007,Regular Season - 37,127,Flamengo,,True,134,Atletico Paranaense,,False,2.0,0.0,,,,,,,,,,True,
36709194996,,UTC,2007-11-25T16:00:00+00:00,1196006400,1196006400.0,1196010000.0,,Beira Rio,,Match Finished,FT,90.0,71,Serie A,Brazil,https://media.api-sports.io/football/leagues/71.png,https://media.api-sports.io/flags/br.svg,2007,Regular Season - 37,119,Internacional,,True,121,Palmeiras,,False,2.0,1.0,,,,,,,,,,True,
23149926753,,UTC,2007-11-25T18:10:00+00:00,1196014200,1196014200.0,1196017800.0,,Durival de Brito,,Match Finished,FT,90.0,71,Serie A,Brazil,https://media.api-sports.io/football/leagues/71.png,https://media.api-sports.io/flags/br.svg,2007,Regular Season - 37,122,Parana,,False,128,Santos,,True,2.0,3.0,,,,,,,,,,True,
73103067683,,UTC,2007-11-25T18:10:00+00:00,1196014200,1196014200.0,1196017800.0,,Ilha do Retiro,,Match Finished,FT,90.0,71,Serie A,Brazil,https://media.api-sports.io/football/leagues/71.png,https://media.api-sports.io/flags/br.svg,2007,Regular Season - 37,123,Sport Recife,,True,135,Cruzeiro,,False,1.0,0.0,,,,,,,,,,True,
11699693216,,UTC,2007-11-28T21:45:00+00:00,1196286300,1196286300.0,1196289900.0,,Mineirão,,Match Finished,FT,90.0,71,Serie A,Brazil,https://media.api-sports.io/football/leagues/71.png,https://media.api-sports.io/flags/br.svg,2007,Regular Season - 37,1062,Atletico-MG,,True,151,Goias,,False,4.0,1.0,,,,,,,,,,True,
25399466190,,UTC,2007-11-28T21:45:00+00:00,1196286300,1196286300.0,1196289900.0,,Orlando Scarpelli,,Match Finished,FT,90.0,71,Serie A,Brazil,https://media.api-sports.io/football/leagues/71.png,https://media.api-sports.io/flags/br.svg,2007,Regular Season - 37,454769,Figueirense,,True,755,Nautico Recife,,False,2.0,0.0,,,,,,,,,,True,
85825824869,,UTC,2007-11-28T21:45:00+00:00,1196286300,1196286300.0,1196289900.0,,Pacaembu,,Match Finished,FT,90.0,71,Serie A,Brazil,https://media.api-sports.io/football/leagues/71.png,https://media.api-sports.io/flags/br.svg,2007,Regular Season - 37,131,Corinthians,,False,133,Vasco DA Gama,,True,0.0,1.0,,,,,,,,,,True,
77821967144,,UTC,2007-12-02T16:00:00+00:00,1196611200,1196611200.0,1196614800.0,,Olímpico Monumental,,Match Finished,FT,90.0,71,Serie A,Brazil,https://media.api-sports.io/football/leagues/71.png,https://media.api-sports.io/flags/br.svg,2007,Regular Season - 38,130,Gremio,,,131,Corinthians,,,1.0,1.0,,,,,,,,,,True,
41300677220,,UTC,2007-12-02T16:00:00+00:00,1196611200,1196611200.0,1196614800.0,,Engenhão,,Match Finished,FT,90.0,71,Serie A,Brazil,https://media.api-sports.io/football/leagues/71.png,https://media.api-sports.io/flags/br.svg,2007,Regular Season - 38,120,Botafogo,,,454769,Figueirense,,,1.0,1.0,,,,,,,,,,True,
13649854756,,UTC,2007-12-02T16:00:00+00:00,1196611200,1196611200.0,1196614800.0,,Parque Antártica,,Match Finished,FT,90.0,71,Serie A,Brazil,https://media.api-sports.io/football/leagues/71.png,https://media.api-sports.io/flags/br.svg,2007,Regular Season - 38,121,Palmeiras,,False,1062,Atletico-MG,,True,1.0,3.0,,,,,,,,,,True,
27118435718,,UTC,2007-12-02T16:00:00+00:00,1196611200,1196611200.0,1196614800.0,,Kyocera Arena,,Match Finished,FT,90.0,71,Serie A,Brazil,https://media.api-sports.io/football/leagues/71.png,https://media.api-sports.io/flags/br.svg,2007,Regular Season - 38,134,Atletico Paranaense,,True,126,Sao Paulo,,False,2.0,1.0,,,,,,,,,,True,
71219503497,,UTC,2007-12-02T16:00:00+00:00,1196611200,1196611200.0,1196614800.0,,Mineirão,,Match Finished,FT,90.0,71,Serie A,Brazil,https://media.api-sports.io/football/leagues/71.png,https://media.api-sports.io/flags/br.svg,2007,Regular Season - 38,135,Cruzeiro,,True,797872,América-RN,,False,2.0,0.0,,,,,,,,,,True,
46033058519,,UTC,2007-12-02T16:00:00+00:00,1196611200,1196611200.0,1196614800.0,,Vila Belmiro,,Match Finished,FT,90.0,71,Serie A,Brazil,https://media.api-sports.io/football/leagues/71.png,https://media.api-sports.io/flags/br.svg,2007,Regular Season - 38,128,Santos,,False,124,Fluminense,,True,2.0,4.0,,,,,,,,,,True,
45312451694,,UTC,2007-12-02T16:00:00+00:00,1196611200,1196611200.0,1196614800.0,,Serra Dourada,,Match Finished,FT,90.0,71,Serie A,Brazil,https://media.api-sports.io/football/leagues/71.png,https://media.api-sports.io/flags/br.svg,2007,Regular Season - 38,151,Goias,,True,119,Internacional,,False,2.0,1.0,,,,,,,,,,True,
69956114238,,UTC,2007-12-02T16:00:00+00:00,1196611200,1196611200.0,1196614800.0,,Alfredo Jaconi,,Match Finished,FT,90.0,71,Serie A,Brazil,https://media.api-sports.io/football/leagues/71.png,https://media.api-sports.io/flags/br.svg,2007,Regular Season - 38,152,Juventude,,True,123,Sport Recife,,False,2.0,1.0,,,,,,,,,,True,
24563545630,,UTC,2007-12-02T16:00:00+00:00,1196611200,1196611200.0,1196614800.0,,Aflitos,,Match Finished,FT,90.0,71,Serie A,Brazil,https://media.api-sports.io/football/leagues/71.png,https://media.api-sports.io/flags/br.svg,2007,Regular Season - 38,755,Nautico Recife,,True,127,Flamengo,,False,1.0,0.0,,,,,,,,,,True,
58268652261,,UTC,2007-12-02T16:00:00+00:00,1196611200,1196611200.0,1196614800.0,,São Januário,,Match Finished,FT,90.0,71,Serie A,Brazil,https://media.api-sports.io/football/leagues/71.png,https://media.api-sports.io/flags/br.svg,2007,Regular Season - 38,133,Vasco DA Gama,,True,122,Parana,,False,3.0,0.0,,,,,,,,,,True,
