fixture_id,fixture_referee,fixture_timezone,fixture_date,fixture_timestamp,fixture_periods_first,fixture_periods_second,fixture_venue_id,fixture_venue_name,fixture_venue_city,fixture_status_long,fixture_status_short,fixture_status_elapsed,league_id,league_name,league_country,league_logo,league_flag,league_season,league_round,teams_home_id,teams_home_name,teams_home_logo,teams_home_winner,teams_away_id,teams_away_name,teams_away_logo,teams_away_winner,goals_home,goals_away,score_halftime_home,score_halftime_away,score_fulltime_home,score_fulltime_away,score_extratime_home,score_extratime_away,score_penalty_home,score_penalty_away,fixture_status_extra,league_standings,chave
66218066673,,UTC,2009-05-09T18:30:00+00:00,1241893800,1241893800.0,1241897400.0,,Ressacada,,Match Finished,FT,90.0,71,Serie A,Brazil,https://media.api-sports.io/football/leagues/71.png,https://media.api-sports.io/flags/br.svg,2009,Regular Season - 1,145,Avai,,,1062,Atletico-MG,,,2.0,2.0,,,,,,,,,,True,
24790808852,,UTC,2009-05-09T18:30:00+00:00,1241893800,1241893800.0,1241897400.0,,Ilha do Retiro,,Match Finished,FT,90.0,71,Serie A,Brazil,https://media.api-sports.io/football/leagues/71.png,https://media.api-sports.io/flags/br.svg,2009,Regular Season - 1,123,Sport Recife,,,171197,Barueri,,,1.0,1.0,,,,,,,,,,True,
9595881181,,UTC,2009-05-09T18:30:00+00:00,1241893800,1241893800.0,1241897400.0,,Palestra Itália,,Match Finished,FT,90.0,71,Serie A,Brazil,https://media.api-sports.io/football/leagues/71.png,https://media.api-sports.io/flags/br.svg,2009,Regular Season - 1,121,Palmeiras,,True,147,Coritiba,,False,2.0,1.0,,,,,,,,,,True,
36740804577,,UTC,2009-05-10T18:30:00+00:00,1241980200,1241980200.0,1241983800.0,,Bruno José Daniel,,Match Finished,FT,90.0,71,Serie A,Brazil,https://media.api-sports.io/football/leagues/71.png,https://media.api-sports.io/flags/br.svg,2009,Regular Season - 1,834175,Santo André,,,120,Botafogo,,,1.0,1.0,,,,,,,,,,True,
63489528909,,UTC,2009-05-10T18:30:00+00:00,1241980200,1241980200.0,1241983800.0,,Serra Dourada,,Match Finished,FT,90.0,71,Serie A,Brazil,https://media.api-sports.io/football/leagues/71.png,https://media.api-sports.io/flags/br.svg,2009,Regular Season - 1,151,Goias,,,755,Nautico Recife,,,3.0,3.0,,,,,,,,,,True,
43796346307,,UTC,2009-05-10T18:30:00+00:00,1241980200,1241980200.0,1241983800.0,,Olímpico Monumental,,Match Finished,FT,90.0,71,Serie A,Brazil,https://media.api-sports.io/football/leagues/71.png,https://media.api-sports.io/flags/br.svg,2009,Regular Season - 1,130,Gremio,,,128,Santos,,,1.0,1.0,,,,,,,,,,True,
11013738668,,UTC,2009-05-10T16:00:00+00:00,1241971200,1241971200.0,1241974800.0,,Mineirão,,Match Finished,FT,90.0,71,Serie A,Brazil,https://media.api-sports.io/football/leagues/71.png,https://media.api-sports.io/flags/br.svg,2009,Regular Season - 1,135,Cruzeiro,,True,127,Flamengo,,False,2.0,0.0,,,,,,,,,,True,
8550804408,,UTC,2009-05-10T16:00:00+00:00,1241971200,1241971200.0,1241974800.0,,Maracanã,,Match Finished,FT,90.0,71,Serie A,Brazil,https://media.api-sports.io/football/leagues/71.png,https://media.api-sports.io/flags/br.svg,2009,Regular Season - 1,124,Fluminense,,True,126,Sao Paulo,,False,1.0,0.0,,,,,,,,,,True,
75383077807,,UTC,2009-05-10T16:00:00+00:00,1241971200,1241971200.0,1241974800.0,,Pacaembu,,Match Finished,FT,90.0,71,Serie A,Brazil,https://media.api-sports.io/football/leagues/71.png,https://media.api-sports.io/flags/br.svg,2009,Regular Season - 1,131,Corinthians,,False,119,Internacional,,True,0.0,1.0,,,,,,,,,,True,
73574366271,,UTC,2009-05-10T16:00:00+00:00,1241971200,1241971200.0,1241974800.0,,Arena da Baixada,,Match Finished,FT,90.0,71,Serie A,Brazil,https://media.api-sports.io/football/leagues/71.png,https://media.api-sports.io/flags/br.svg,2009,Regular Season - 1,134,Atletico Paranaense,,False,136,Vitoria,,True,0.0,2.0,,,,,,,,,,True,
71685262593,,UTC,2009-05-16T18:30:00+00:00,1242498600,1242498600.0,1242502200.0,,Maracanã,,Match Finished,FT,90.0,71,Serie A,Brazil,https://media.api-sports.io/football/leagues/71.png,https://media.api-sports.io/flags/br.svg,2009,Regular Season - 2,127,Flamengo,,,145,Avai,,,0.0,0.0,,,,,,,,,,True,
362654901,,UTC,2009-05-16T18:30:00+00:00,1242498600,1242498600.0,1242502200.0,,Mineirão,,Match Finished,FT,90.0,71,Serie A,Brazil,https://media.api-sports.io/football/leagues/71.png,https://media.api-sports.io/flags/br.svg,2009,Regular Season - 2,1062,Atletico-MG,,True,130,Gremio,,False,2.0,1.0,,,,,,,,,,True,
28961549220,,UTC,2009-05-16T18:30:00+00:00,1242498600,1242498600.0,1242502200.0,,Couto Pereira,,Match Finished,FT,90.0,71,Serie A,Brazil,https://media.api-sports.io/football/leagues/71.png,https://media.api-sports.io/flags/br.svg,2009,Regular Season - 2,147,Coritiba,,False,834175,Santo André,,True,2.0,4.0,,,,,,,,,,True,
36053560563,,UTC,2009-05-17T16:00:00+00:00,1242576000,1242576000.0,1242579600.0,,Morumbi,,Match Finished,FT,90.0,71,Serie A,Brazil,https://media.api-sports.io/football/leagues/71.png,https://media.api-sports.io/flags/br.svg,2009,Regular Season - 2,126,Sao Paulo,,,134,Atletico Paranaense,,,2.0,2.0,,,,,,,,,,True,
48968450990,,UTC,2009-05-17T18:30:00+00:00,1242585000,1242585000.0,1242588600.0,,Engenhão,,Match Finished,FT,90.0,71,Serie A,Brazil,https://media.api-sports.io/football/leagues/71.png,https://media.api-sports.io/flags/br.svg,2009,Regular Season - 2,120,Botafogo,,,131,Corinthians,,,0.0,0.0,,,,,,,,,,True,
45236265849,,UTC,2009-05-17T16:00:00+00:00,1242576000,1242576000.0,1242579600.0,,Arena Barueri,,Match Finished,FT,90.0,71,Serie A,Brazil,https://media.api-sports.io/football/leagues/71.png,https://media.api-sports.io/flags/br.svg,2009,Regular Season - 2,171197,Barueri,,,124,Fluminense,,,0.0,0.0,,,,,,,,,,True,
20015659647,,UTC,2009-05-17T16:00:00+00:00,1242576000,1242576000.0,1242579600.0,,Vila Belmiro,,Match Finished,FT,90.0,71,Serie A,Brazil,https://media.api-sports.io/football/leagues/71.png,https://media.api-sports.io/flags/br.svg,2009,Regular Season - 2,128,Santos,,,151,Goias,,,3.0,3.0,,,,,,,,,,True,
79195765589,,UTC,2009-05-17T16:00:00+00:00,1242576000,1242576000.0,1242579600.0,,Beira Rio,,Match Finished,FT,90.0,71,Serie A,Brazil,https://media.api-sports.io/football/leagues/71.png,https://media.api-sports.io/flags/br.svg,2009,Regular Season - 2,119,Internacional,,True,121,Palmeiras,,False,2.0,0.0,,,,,,,,,,True,
30715820016,,UTC,2009-05-17T18:30:00+00:00,1242585000,1242585000.0,1242588600.0,,Aflitos,,Match Finished,FT,90.0,71,Serie A,Brazil,https://media.api-sports.io/football/leagues/71.png,https://media.api-sports.io/flags/br.svg,2009,Regular Season - 2,755,Nautico Recife,,True,135,Cruzeiro,,False,2.0,0.0,,,,,,,,,,True,
19697832548,,UTC,2009-05-17T18:30:00+00:00,1242585000,1242585000.0,1242588600.0,,Barradão,,Match Finished,FT,90.0,71,Serie A,Brazil,https://media.api-sports.io/football/leagues/71.png,https://media.api-sports.io/flags/br.svg,2009,Regular Season - 2,136,Vitoria,,True,123,Sport Recife,,False,1.0,0.0,,,,,,,,,,True,
18503041185,,UTC,2009-05-23T18:30:00+00:00,1243103400,1243103400.0,1243107000.0,,Pacaembu,,Match Finished,FT,90.0,71,Serie A,Brazil,https://media.api-sports.io/football/leagues/71.png,https://media.api-sports.io/flags/br.svg,2009,Regular Season - 3,131,Corinthians,,True,171197,Barueri,,False,2.0,1.0,,,,,,,,,,True,
40740092477,,UTC,2009-05-23T18:30:00+00:00,1243103400,1243103400.0,1243107000.0,,Mineirão,,Match Finished,FT,90.0,71,Serie A,Brazil,https://media.api-sports.io/football/leagues/71.png,https://media.api-sports.io/flags/br.svg,2009,Regular Season - 3,135,Cruzeiro,,True,136,Vitoria,,False,2.0,0.0,,,,,,,,,,True,
32101019265,,UTC,2009-05-23T18:30:00+00:00,1243103400,1243103400.0,1243107000.0,,Serra Dourada,,Match Finished,FT,90.0,71,Serie A,Brazil,https://media.api-sports.io/football/leagues/71.png,https://media.api-sports.io/flags/br.svg,2009,Regular Season - 3,151,Goias,,False,119,Internacional,,True,0.0,1.0,,,,,,,,,,True,
55453046249,,UTC,2009-05-24T18:30:00+00:00,1243189800,1243189800.0,1243193400.0,,Ressacada,,Match Finished,FT,90.0,71,Serie A,Brazil,https://media.api-sports.io/football/leagues/71.png,https://media.api-sports.io/flags/br.svg,2009,Regular Season - 3,145,Avai,,,147,Coritiba,,,2.0,2.0,,,,,,,,,,True,
3033983536,,UTC,2009-05-24T16:00:00+00:00,1243180800,1243180800.0,1243184400.0,,Palestra Itália,,Match Finished,FT,90.0,71,Serie A,Brazil,https://media.api-sports.io/football/leagues/71.png,https://media.api-sports.io/flags/br.svg,2009,Regular Season - 3,121,Palmeiras,,,126,Sao Paulo,,,0.0,0.0,,,,,,,,,,True,
21472431822,,UTC,2009-05-24T18:30:00+00:00,1243189800,1243189800.0,1243193400.0,,Ilha do Retiro,,Match Finished,FT,90.0,71,Serie A,Brazil,https://media.api-sports.io/football/leagues/71.png,https://media.api-sports.io/flags/br.svg,2009,Regular Season - 3,123,Sport Recife,,False,1062,Atletico-MG,,True,2.0,3.0,,,,,,,,,,True,
77621659156,,UTC,2009-05-24T18:30:00+00:00,1243189800,1243189800.0,1243193400.0,,Bruno José Daniel,,Match Finished,FT,90.0,71,Serie A,Brazil,https://media.api-sports.io/football/leagues/71.png,https://media.api-sports.io/flags/br.svg,2009,Regular Season - 3,834175,Santo André,,False,127,Flamengo,,True,1.0,2.0,,,,,,,,,,True,
45624813023,,UTC,2009-05-24T16:00:00+00:00,1243180800,1243180800.0,1243184400.0,,Olímpico Monumental,,Match Finished,FT,90.0,71,Serie A,Brazil,https://media.api-sports.io/football/leagues/71.png,https://media.api-sports.io/flags/br.svg,2009,Regular Season - 3,130,Gremio,,True,120,Botafogo,,False,2.0,0.0,,,,,,,,,,True,
3093483850,,UTC,2009-05-24T16:00:00+00:00,1243180800,1243180800.0,1243184400.0,,Arena da Baixada,,Match Finished,FT,90.0,71,Serie A,Brazil,https://media.api-sports.io/football/leagues/71.png,https://media.api-sports.io/flags/br.svg,2009,Regular Season - 3,134,Atletico Paranaense,,False,755,Nautico Recife,,True,2.0,3.0,,,,,,,,,,True,
75738263859,,UTC,2009-05-24T16:00:00+00:00,1243180800,1243180800.0,1243184400.0,,Maracanã,,Match Finished,FT,90.0,71,Serie A,Brazil,https://media.api-sports.io/football/leagues/71.png,https://media.api-sports.io/flags/br.svg,2009,Regular Season - 3,124,Fluminense,,False,128,Santos,,True,1.0,4.0,,,,,,,,,,True,
36469818385,,UTC,2009-05-30T18:30:00+00:00,1243708200,1243708200.0,1243711800.0,,Mineirão,,Match Finished,FT,90.0,71,Serie A,Brazil,https://media.api-sports.io/football/leagues/71.png,https://media.api-sports.io/flags/br.svg,2009,Regular Season - 4,1062,Atletico-MG,,,834175,Santo André,,,0.0,0.0,,,,,,,,,,True,
75938390898,,UTC,2009-05-30T18:30:00+00:00,1243708200,1243708200.0,1243711800.0,,Engenhão,,Match Finished,FT,90.0,71,Serie A,Brazil,https://media.api-sports.io/football/leagues/71.png,https://media.api-sports.io/flags/br.svg,2009,Regular Season - 4,120,Botafogo,,,123,Sport Recife,,,2.0,2.0,,,,,,,,,,True,
26224333049,,UTC,2009-05-30T18:30:00+00:00,1243708200,1243708200.0,1243711800.0,,Couto Pereira,,Match Finished,FT,90.0,71,Serie A,Brazil,https://media.api-sports.io/football/leagues/71.png,https://media.api-sports.io/flags/br.svg,2009,Regular Season - 4,147,Coritiba,,False,151,Goias,,True,1.0,3.0,,,,,,,,,,True,
23108043140,,UTC,2009-05-31T16:00:00+00:00,1243785600,1243785600.0,1243789200.0,,Serra Dourada,,Match Finished,FT,90.0,71,Serie A,Brazil,https://media.api-sports.io/football/leagues/71.png,https://media.api-sports.io/flags/br.svg,2009,Regular Season - 6,151,Goias,,,131,Corinthians,,,0.0,0.0,,,,,,,,,,True,
29559458622,,UTC,2009-05-31T16:00:00+00:00,1243785600,1243785600.0,1243789200.0,,Aflitos,,Match Finished,FT,90.0,71,Serie A,Brazil,https://media.api-sports.io/football/leagues/71.png,https://media.api-sports.io/flags/br.svg,2009,Regular Season - 4,755,Nautico Recife,,,124,Fluminense,,,1.0,1.0,,,,,,,,,,True,
21530884592,,UTC,2009-05-31T16:00:00+00:00,1243785600,1243785600.0,1243789200.0,,Maracanã,,Match Finished,FT,90.0,71,Serie A,Brazil,https://media.api-sports.io/football/leagues/71.png,https://media.api-sports.io/flags/br.svg,2009,Regular Season - 6,124,Fluminense,,,130,Gremio,,,0.0,0.0,,,,,,,,,,True,
74056116844,,UTC,2009-05-31T18:30:00+00:00,1243794600,1243794600.0,1243798200.0,,Arena Barueri,,Match Finished,FT,90.0,71,Serie A,Brazil,https://media.api-sports.io/football/leagues/71.png,https://media.api-sports.io/flags/br.svg,2009,Regular Season - 4,171197,Barueri,,,121,Palmeiras,,,2.0,2.0,,,,,,,,,,True,
34420904918,,UTC,2009-05-31T18:30:00+00:00,1243794600,1243794600.0,1243798200.0,,Beira Rio,,Match Finished,FT,90.0,71,Serie A,Brazil,https://media.api-sports.io/football/leagues/71.png,https://media.api-sports.io/flags/br.svg,2009,Regular Season - 6,119,Internacional,,,136,Vitoria,,,0.0,0.0,,,,,,,,,,True,
54722581136,,UTC,2009-05-31T16:00:00+00:00,1243785600,1243785600.0,1243789200.0,,Mineirão,,Match Finished,FT,90.0,71,Serie A,Brazil,https://media.api-sports.io/football/leagues/71.png,https://media.api-sports.io/flags/br.svg,2009,Regular Season - 6,1062,Atletico-MG,,True,755,Nautico Recife,,False,3.0,0.0,,,,,,,,,,True,
63440843687,,UTC,2009-05-31T18:30:00+00:00,1243794600,1243794600.0,1243798200.0,,Arena Barueri,,Match Finished,FT,90.0,71,Serie A,Brazil,https://media.api-sports.io/football/leagues/71.png,https://media.api-sports.io/flags/br.svg,2009,Regular Season - 6,171197,Barueri,,True,145,Avai,,False,3.0,1.0,,,,,,,,,,True,
5850178206,,UTC,2009-05-31T16:00:00+00:00,1243785600,1243785600.0,1243789200.0,,Couto Pereira,,Match Finished,FT,90.0,71,Serie A,Brazil,https://media.api-sports.io/football/leagues/71.png,https://media.api-sports.io/flags/br.svg,2009,Regular Season - 6,147,Coritiba,,True,127,Flamengo,,False,5.0,0.0,,,,,,,,,,True,
47873766492,,UTC,2009-05-31T16:00:00+00:00,1243785600,1243785600.0,1243789200.0,,Maracanã,,Match Finished,FT,90.0,71,Serie A,Brazil,https://media.api-sports.io/football/leagues/71.png,https://media.api-sports.io/flags/br.svg,2009,Regular Season - 4,127,Flamengo,,True,134,Atletico Paranaense,,False,2.0,1.0,,,,,,,,,,True,
82933603463,,UTC,2009-05-31T18:30:00+00:00,1243794600,1243794600.0,1243798200.0,,Beira Rio,,Match Finished,FT,90.0,71,Serie A,Brazil,https://media.api-sports.io/football/leagues/71.png,https://media.api-sports.io/flags/br.svg,2009,Regular Season - 4,119,Internacional,,True,145,Avai,,False,2.0,1.0,,,,,,,,,,True,
95337684134,,UTC,2009-05-31T18:30:00+00:00,1243794600,1243794600.0,1243798200.0,,Palestra Itália,,Match Finished,FT,90.0,71,Serie A,Brazil,https://media.api-sports.io/football/leagues/71.png,https://media.api-sports.io/flags/br.svg,2009,Regular Season - 6,121,Palmeiras,,True,135,Cruzeiro,,False,3.0,1.0,,,,,,,,,,True,
91140764924,,UTC,2009-05-31T16:00:00+00:00,1243785600,1243785600.0,1243789200.0,,Vila Belmiro,,Match Finished,FT,90.0,71,Serie A,Brazil,https://media.api-sports.io/football/leagues/71.png,https://media.api-sports.io/flags/br.svg,2009,Regular Season - 4,128,Santos,,True,131,Corinthians,,False,3.0,1.0,,,,,,,,,,True,
26389370161,,UTC,2009-05-31T16:00:00+00:00,1243785600,1243785600.0,1243789200.0,,Morumbi,,Match Finished,FT,90.0,71,Serie A,Brazil,https://media.api-sports.io/football/leagues/71.png,https://media.api-sports.io/flags/br.svg,2009,Regular Season - 4,126,Sao Paulo,,True,135,Cruzeiro,,False,3.0,0.0,,,,,,,,,,True,
62894133088,,UTC,2009-05-31T16:00:00+00:00,1243785600,1243785600.0,1243789200.0,,Barradão,,Match Finished,FT,90.0,71,Serie A,Brazil,https://media.api-sports.io/football/leagues/71.png,https://media.api-sports.io/flags/br.svg,2009,Regular Season - 4,136,Vitoria,,True,130,Gremio,,False,1.0,0.0,,,,,,,,,,True,
10679505424,,UTC,2009-06-04T21:00:00+00:00,1244149200,1244149200.0,1244152800.0,,Bruno José Daniel,,Match Finished,FT,90.0,71,Serie A,Brazil,https://media.api-sports.io/football/leagues/71.png,https://media.api-sports.io/flags/br.svg,2009,Regular Season - 5,834175,Santo André,,,128,Santos,,,3.0,3.0,,,,,,,,,,True,
4087661005,,UTC,2009-06-04T21:00:00+00:00,1244149200,1244149200.0,1244152800.0,,Olímpico Monumental,,Match Finished,FT,90.0,71,Serie A,Brazil,https://media.api-sports.io/football/leagues/71.png,https://media.api-sports.io/flags/br.svg,2009,Regular Season - 5,130,Gremio,,True,755,Nautico Recife,,False,3.0,0.0,,,,,,,,,,True,
76188193800,,UTC,2009-06-06T21:00:00+00:00,1244322000,1244322000.0,1244325600.0,,Pacaembu,,Match Finished,FT,90.0,71,Serie A,Brazil,https://media.api-sports.io/football/leagues/71.png,https://media.api-sports.io/flags/br.svg,2009,Regular Season - 5,131,Corinthians,,True,147,Coritiba,,False,2.0,0.0,,,,,,,,,,True,
33907924740,,UTC,2009-06-07T18:30:00+00:00,1244399400,1244399400.0,1244403000.0,,Serra Dourada,,Match Finished,FT,90.0,71,Serie A,Brazil,https://media.api-sports.io/football/leagues/71.png,https://media.api-sports.io/flags/br.svg,2009,Regular Season - 5,151,Goias,,,171197,Barueri,,,2.0,2.0,,,,,,,,,,True,
83241837593,,UTC,2009-06-07T18:30:00+00:00,1244399400,1244399400.0,1244403000.0,,Mineirão,,Match Finished,FT,90.0,71,Serie A,Brazil,https://media.api-sports.io/football/leagues/71.png,https://media.api-sports.io/flags/br.svg,2009,Regular Season - 5,135,Cruzeiro,,,119,Internacional,,,1.0,1.0,,,,,,,,,,True,
51315894259,,UTC,2009-06-07T16:00:00+00:00,1244390400,1244390400.0,1244394000.0,,Ressacada,,Match Finished,FT,90.0,71,Serie A,Brazil,https://media.api-sports.io/football/leagues/71.png,https://media.api-sports.io/flags/br.svg,2009,Regular Season - 5,145,Avai,,,126,Sao Paulo,,,0.0,0.0,,,,,,,,,,True,
8305540331,,UTC,2009-06-07T16:00:00+00:00,1244390400,1244390400.0,1244394000.0,,Arena da Baixada,,Match Finished,FT,90.0,71,Serie A,Brazil,https://media.api-sports.io/football/leagues/71.png,https://media.api-sports.io/flags/br.svg,2009,Regular Season - 5,134,Atletico Paranaense,,False,1062,Atletico-MG,,True,0.0,4.0,,,,,,,,,,True,
87698510218,,UTC,2009-06-07T18:30:00+00:00,1244399400,1244399400.0,1244403000.0,,Maracanã,,Match Finished,FT,90.0,71,Serie A,Brazil,https://media.api-sports.io/football/leagues/71.png,https://media.api-sports.io/flags/br.svg,2009,Regular Season - 5,124,Fluminense,,True,120,Botafogo,,False,1.0,0.0,,,,,,,,,,True,
79838698442,,UTC,2009-06-07T16:00:00+00:00,1244390400,1244390400.0,1244394000.0,,Palestra Itália,,Match Finished,FT,90.0,71,Serie A,Brazil,https://media.api-sports.io/football/leagues/71.png,https://media.api-sports.io/flags/br.svg,2009,Regular Season - 5,121,Palmeiras,,True,136,Vitoria,,False,2.0,1.0,,,,,,,,,,True,
92303117938,,UTC,2009-06-07T16:00:00+00:00,1244390400,1244390400.0,1244394000.0,,Ilha do Retiro,,Match Finished,FT,90.0,71,Serie A,Brazil,https://media.api-sports.io/football/leagues/71.png,https://media.api-sports.io/flags/br.svg,2009,Regular Season - 5,123,Sport Recife,,True,127,Flamengo,,False,4.0,2.0,,,,,,,,,,True,
39736576894,,UTC,2009-06-13T18:30:00+00:00,1244917800,1244917800.0,1244921400.0,,Morumbi,,Match Finished,FT,90.0,71,Serie A,Brazil,https://media.api-sports.io/football/leagues/71.png,https://media.api-sports.io/flags/br.svg,2009,Regular Season - 6,126,Sao Paulo,,,834175,Santo André,,,1.0,1.0,,,,,,,,,,True,
38669602712,,UTC,2009-06-13T18:30:00+00:00,1244917800,1244917800.0,1244921400.0,,Ilha do Retiro,,Match Finished,FT,90.0,71,Serie A,Brazil,https://media.api-sports.io/football/leagues/71.png,https://media.api-sports.io/flags/br.svg,2009,Regular Season - 6,123,Sport Recife,,False,134,Atletico Paranaense,,True,0.0,1.0,,,,,,,,,,True,
73061307379,,UTC,2009-06-13T18:30:00+00:00,1244917800,1244917800.0,1244921400.0,,Engenhão,,Match Finished,FT,90.0,71,Serie A,Brazil,https://media.api-sports.io/football/leagues/71.png,https://media.api-sports.io/flags/br.svg,2009,Regular Season - 6,120,Botafogo,,True,128,Santos,,False,2.0,0.0,,,,,,,,,,True,
6785528566,,UTC,2009-06-20T18:30:00+00:00,1245522600,1245522600.0,1245526200.0,,Olímpico Monumental,,Match Finished,FT,90.0,71,Serie A,Brazil,https://media.api-sports.io/football/leagues/71.png,https://media.api-sports.io/flags/br.svg,2009,Regular Season - 7,130,Gremio,,,151,Goias,,,2.0,2.0,,,,,,,,,,True,
98958443704,,UTC,2009-06-20T16:10:00+00:00,1245514200,1245514200.0,1245517800.0,,Arena da Baixada,,Match Finished,FT,90.0,71,Serie A,Brazil,https://media.api-sports.io/football/leagues/71.png,https://media.api-sports.io/flags/br.svg,2009,Regular Season - 7,134,Atletico Paranaense,,,121,Palmeiras,,,2.0,2.0,,,,,,,,,,True,
59081077400,,UTC,2009-06-20T18:30:00+00:00,1245522600,1245522600.0,1245526200.0,,Ressacada,,Match Finished,FT,90.0,71,Serie A,Brazil,https://media.api-sports.io/football/leagues/71.png,https://media.api-sports.io/flags/br.svg,2009,Regular Season - 7,145,Avai,,True,124,Fluminense,,False,3.0,2.0,,,,,,,,,,True,
53988655669,,UTC,2009-06-20T18:30:00+00:00,1245522600,1245522600.0,1245526200.0,,Aflitos,,Match Finished,FT,90.0,71,Serie A,Brazil,https://media.api-sports.io/football/leagues/71.png,https://media.api-sports.io/flags/br.svg,2009,Regular Season - 7,755,Nautico Recife,,False,147,Coritiba,,True,0.0,1.0,,,,,,,,,,True,
87188296863,,UTC,2009-06-20T16:10:00+00:00,1245514200,1245514200.0,1245517800.0,,Bruno José Daniel,,Match Finished,FT,90.0,71,Serie A,Brazil,https://media.api-sports.io/football/leagues/71.png,https://media.api-sports.io/flags/br.svg,2009,Regular Season - 7,834175,Santo André,,True,123,Sport Recife,,False,2.0,1.0,,,,,,,,,,True,
21769995489,,UTC,2009-06-20T16:10:00+00:00,1245514200,1245514200.0,1245517800.0,,Barradão,,Match Finished,FT,90.0,71,Serie A,Brazil,https://media.api-sports.io/football/leagues/71.png,https://media.api-sports.io/flags/br.svg,2009,Regular Season - 7,136,Vitoria,,True,120,Botafogo,,False,4.0,3.0,,,,,,,,,,True,
10710921272,,UTC,2009-06-21T18:30:00+00:00,1245609000,1245609000.0,1245612600.0,,Vila Belmiro,,Match Finished,FT,90.0,71,Serie A,Brazil,https://media.api-sports.io/football/leagues/71.png,https://media.api-sports.io/flags/br.svg,2009,Regular Season - 7,128,Santos,,False,1062,Atletico-MG,,True,2.0,3.0,,,,,,,,,,True,
80078079246,,UTC,2009-06-21T18:30:00+00:00,1245609000,1245609000.0,1245612600.0,,Mineirão,,Match Finished,FT,90.0,71,Serie A,Brazil,https://media.api-sports.io/football/leagues/71.png,https://media.api-sports.io/flags/br.svg,2009,Regular Season - 7,135,Cruzeiro,,False,171197,Barueri,,True,2.0,4.0,,,,,,,,,,True,
85746635684,,UTC,2009-06-21T18:30:00+00:00,1245609000,1245609000.0,1245612600.0,,Pacaembu,,Match Finished,FT,90.0,71,Serie A,Brazil,https://media.api-sports.io/football/leagues/71.png,https://media.api-sports.io/flags/br.svg,2009,Regular Season - 7,131,Corinthians,,True,126,Sao Paulo,,False,3.0,1.0,,,,,,,,,,True,
97706130510,,UTC,2009-06-21T18:30:00+00:00,1245609000,1245609000.0,1245612600.0,,Maracanã,,Match Finished,FT,90.0,71,Serie A,Brazil,https://media.api-sports.io/football/leagues/71.png,https://media.api-sports.io/flags/br.svg,2009,Regular Season - 7,127,Flamengo,,True,119,Internacional,,False,4.0,0.0,,,,,,,,,,True,
57796302026,,UTC,2009-06-27T16:10:00+00:00,1246119000,1246119000.0,1246122600.0,,Arena da Baixada,,Match Finished,FT,90.0,71,Serie A,Brazil,https://media.api-sports.io/football/leagues/71.png,https://media.api-sports.io/flags/br.svg,2009,Regular Season - 8,134,Atletico Paranaense,,True,131,Corinthians,,False,1.0,0.0,,,,,,,,,,True,
31822860187,,UTC,2009-06-27T16:10:00+00:00,1246119000,1246119000.0,1246122600.0,,Arena Barueri,,Match Finished,FT,90.0,71,Serie A,Brazil,https://media.api-sports.io/football/leagues/71.png,https://media.api-sports.io/flags/br.svg,2009,Regular Season - 8,171197,Barueri,,True,1062,Atletico-MG,,False,4.0,2.0,,,,,,,,,,True,
25768827570,,UTC,2009-06-27T18:30:00+00:00,1246127400,1246127400.0,1246131000.0,,Mineirão,,Match Finished,FT,90.0,71,Serie A,Brazil,https://media.api-sports.io/football/leagues/71.png,https://media.api-sports.io/flags/br.svg,2009,Regular Season - 8,135,Cruzeiro,,True,145,Avai,,False,1.0,0.0,,,,,,,,,,True,
54725080927,,UTC,2009-06-27T18:30:00+00:00,1246127400,1246127400.0,1246131000.0,,Engenhão,,Match Finished,FT,90.0,71,Serie A,Brazil,https://media.api-sports.io/football/leagues/71.png,https://media.api-sports.io/flags/br.svg,2009,Regular Season - 8,120,Botafogo,,False,151,Goias,,True,1.0,4.0,,,,,,,,,,True,
77394446855,,UTC,2009-06-27T16:10:00+00:00,1246119000,1246119000.0,1246122600.0,,Morumbi,,Match Finished,FT,90.0,71,Serie A,Brazil,https://media.api-sports.io/football/leagues/71.png,https://media.api-sports.io/flags/br.svg,2009,Regular Season - 8,126,Sao Paulo,,True,755,Nautico Recife,,False,2.0,0.0,,,,,,,,,,True,
93267805161,,UTC,2009-06-28T18:30:00+00:00,1246213800,1246213800.0,1246217400.0,,Maracanã,,Match Finished,FT,90.0,71,Serie A,Brazil,https://media.api-sports.io/football/leagues/71.png,https://media.api-sports.io/flags/br.svg,2009,Regular Season - 8,124,Fluminense,,,127,Flamengo,,,0.0,0.0,,,,,,,,,,True,
94402617905,,UTC,2009-06-28T18:30:00+00:00,1246213800,1246213800.0,1246217400.0,,Palestra Itália,,Match Finished,FT,90.0,71,Serie A,Brazil,https://media.api-sports.io/football/leagues/71.png,https://media.api-sports.io/flags/br.svg,2009,Regular Season - 8,121,Palmeiras,,,128,Santos,,,1.0,1.0,,,,,,,,,,True,
50433407760,,UTC,2009-06-28T18:30:00+00:00,1246213800,1246213800.0,1246217400.0,,Beira Rio,,Match Finished,FT,90.0,71,Serie A,Brazil,https://media.api-sports.io/football/leagues/71.png,https://media.api-sports.io/flags/br.svg,2009,Regular Season - 8,119,Internacional,,True,147,Coritiba,,False,3.0,0.0,,,,,,,,,,True,
92776774832,,UTC,2009-06-28T18:30:00+00:00,1246213800,1246213800.0,1246217400.0,,Ilha do Retiro,,Match Finished,FT,90.0,71,Serie A,Brazil,https://media.api-sports.io/football/leagues/71.png,https://media.api-sports.io/flags/br.svg,2009,Regular Season - 8,123,Sport Recife,,True,130,Gremio,,False,3.0,1.0,,,,,,,,,,True,
16102654195,,UTC,2009-06-28T18:30:00+00:00,1246213800,1246213800.0,1246217400.0,,Barradão,,Match Finished,FT,90.0,71,Serie A,Brazil,https://media.api-sports.io/football/leagues/71.png,https://media.api-sports.io/flags/br.svg,2009,Regular Season - 8,136,Vitoria,,True,834175,Santo André,,False,4.0,1.0,,,,,,,,,,True,
70301632480,,UTC,2009-07-04T18:30:00+00:00,1246732200,1246732200.0,1246735800.0,,Bruno José Daniel,,Match Finished,FT,90.0,71,Serie A,Brazil,https://media.api-sports.io/football/leagues/71.png,https://media.api-sports.io/flags/br.svg,2009,Regular Season - 9,834175,Santo André,,,171197,Barueri,,,1.0,1.0,,,,,,,,,,True,
71804923306,,UTC,2009-07-04T18:30:00+00:00,1246732200,1246732200.0,1246735800.0,,Engenhão,,Match Finished,FT,90.0,71,Serie A,Brazil,https://media.api-sports.io/football/leagues/71.png,https://media.api-sports.io/flags/br.svg,2009,Regular Season - 9,127,Flamengo,,True,136,Vitoria,,False,2.0,1.0,,,,,,,,,,True,
43067306793,,UTC,2009-07-04T18:30:00+00:00,1246732200,1246732200.0,1246735800.0,,Vila Belmiro,,Match Finished,FT,90.0,71,Serie A,Brazil,https://media.api-sports.io/football/leagues/71.png,https://media.api-sports.io/flags/br.svg,2009,Regular Season - 9,128,Santos,,True,123,Sport Recife,,False,1.0,0.0,,,,,,,,,,True,
74807050319,,UTC,2009-07-05T16:00:00+00:00,1246809600,1246809600.0,1246813200.0,,Mineirão,,Match Finished,FT,90.0,71,Serie A,Brazil,https://media.api-sports.io/football/leagues/71.png,https://media.api-sports.io/flags/br.svg,2009,Regular Season - 9,1062,Atletico-MG,,,120,Botafogo,,,1.0,1.0,,,,,,,,,,True,
3748532310,,UTC,2009-07-05T16:00:00+00:00,1246809600,1246809600.0,1246813200.0,,Couto Pereira,,Match Finished,FT,90.0,71,Serie A,Brazil,https://media.api-sports.io/football/leagues/71.png,https://media.api-sports.io/flags/br.svg,2009,Regular Season - 9,147,Coritiba,,True,126,Sao Paulo,,False,2.0,0.0,,,,,,,,,,True,
32166065967,,UTC,2009-07-05T16:00:00+00:00,1246809600,1246809600.0,1246813200.0,,Serra Dourada,,Match Finished,FT,90.0,71,Serie A,Brazil,https://media.api-sports.io/football/leagues/71.png,https://media.api-sports.io/flags/br.svg,2009,Regular Season - 9,151,Goias,,True,135,Cruzeiro,,False,1.0,0.0,,,,,,,,,,True,
68059113566,,UTC,2009-07-05T16:00:00+00:00,1246809600,1246809600.0,1246813200.0,,Olímpico Monumental,,Match Finished,FT,90.0,71,Serie A,Brazil,https://media.api-sports.io/football/leagues/71.png,https://media.api-sports.io/flags/br.svg,2009,Regular Season - 9,130,Gremio,,True,134,Atletico Paranaense,,False,4.0,1.0,,,,,,,,,,True,
71199764987,,UTC,2009-07-05T18:30:00+00:00,1246818600,1246818600.0,1246822200.0,,Aflitos,,Match Finished,FT,90.0,71,Serie A,Brazil,https://media.api-sports.io/football/leagues/71.png,https://media.api-sports.io/flags/br.svg,2009,Regular Season - 9,755,Nautico Recife,,False,119,Internacional,,True,0.0,2.0,,,,,,,,,,True,
59076867362,,UTC,2009-07-05T18:30:00+00:00,1246818600,1246818600.0,1246822200.0,,Ressacada,,Match Finished,FT,90.0,71,Serie A,Brazil,https://media.api-sports.io/football/leagues/71.png,https://media.api-sports.io/flags/br.svg,2009,Regular Season - 9,145,Avai,,False,121,Palmeiras,,True,0.0,3.0,,,,,,,,,,True,
94161779501,,UTC,2009-07-08T21:50:00+00:00,1247089800,1247089800.0,1247093400.0,,Pacaembu,,Match Finished,FT,90.0,71,Serie A,Brazil,https://media.api-sports.io/football/leagues/71.png,https://media.api-sports.io/flags/br.svg,2009,Regular Season - 9,131,Corinthians,,True,124,Fluminense,,False,4.0,2.0,,,,,,,,,,True,
30990126186,,UTC,2009-07-11T16:00:00+00:00,1247328000,1247328000.0,1247331600.0,,Arena Barueri,,Match Finished,FT,90.0,71,Serie A,Brazil,https://media.api-sports.io/football/leagues/71.png,https://media.api-sports.io/flags/br.svg,2009,Regular Season - 10,171197,Barueri,,True,147,Coritiba,,False,3.0,1.0,,,,,,,,,,True,
748728796,,UTC,2009-07-11T18:30:00+00:00,1247337000,1247337000.0,1247340600.0,,Ressacada,,Match Finished,FT,90.0,71,Serie A,Brazil,https://media.api-sports.io/football/leagues/71.png,https://media.api-sports.io/flags/br.svg,2009,Regular Season - 10,145,Avai,,False,120,Botafogo,,True,1.0,2.0,,,,,,,,,,True,
49643669194,,UTC,2009-07-11T18:30:00+00:00,1247337000,1247337000.0,1247340600.0,,Palestra Itália,,Match Finished,FT,90.0,71,Serie A,Brazil,https://media.api-sports.io/football/leagues/71.png,https://media.api-sports.io/flags/br.svg,2009,Regular Season - 10,121,Palmeiras,,True,755,Nautico Recife,,False,4.0,1.0,,,,,,,,,,True,
40482232634,,UTC,2009-07-12T16:00:00+00:00,1247414400,1247414400.0,1247418000.0,,Morumbi,,Match Finished,FT,90.0,71,Serie A,Brazil,https://media.api-sports.io/football/leagues/71.png,https://media.api-sports.io/flags/br.svg,2009,Regular Season - 10,126,Sao Paulo,,,127,Flamengo,,,2.0,2.0,,,,,,,,,,True,
24032379559,,UTC,2009-07-12T16:00:00+00:00,1247414400,1247414400.0,1247418000.0,,Mineirão,,Match Finished,FT,90.0,71,Serie A,Brazil,https://media.api-sports.io/football/leagues/71.png,https://media.api-sports.io/flags/br.svg,2009,Regular Season - 10,135,Cruzeiro,,False,1062,Atletico-MG,,True,0.0,3.0,,,,,,,,,,True,
50127333363,,UTC,2009-07-12T16:00:00+00:00,1247414400,1247414400.0,1247418000.0,,Arena da Baixada,,Match Finished,FT,90.0,71,Serie A,Brazil,https://media.api-sports.io/football/leagues/71.png,https://media.api-sports.io/flags/br.svg,2009,Regular Season - 10,134,Atletico Paranaense,,True,119,Internacional,,False,3.0,2.0,,,,,,,,,,True,
44140040496,,UTC,2009-07-12T16:00:00+00:00,1247414400,1247414400.0,1247418000.0,,Olímpico Monumental,,Match Finished,FT,90.0,71,Serie A,Brazil,https://media.api-sports.io/football/leagues/71.png,https://media.api-sports.io/flags/br.svg,2009,Regular Season - 10,130,Gremio,,True,131,Corinthians,,False,3.0,0.0,,,,,,,,,,True,
60322225332,,UTC,2009-07-12T18:30:00+00:00,1247423400,1247423400.0,1247427000.0,,Maracanã,,Match Finished,FT,90.0,71,Serie A,Brazil,https://media.api-sports.io/football/leagues/71.png,https://media.api-sports.io/flags/br.svg,2009,Regular Season - 10,124,Fluminense,,False,834175,Santo André,,True,0.0,1.0,,,,,,,,,,True,
1346327307,,UTC,2009-07-12T18:30:00+00:00,1247423400,1247423400.0,1247427000.0,,Ilha do Retiro,,Match Finished,FT,90.0,71,Serie A,Brazil,https://media.api-sports.io/football/leagues/71.png,https://media.api-sports.io/flags/br.svg,2009,Regular Season - 10,123,Sport Recife,,True,151,Goias,,False,1.0,0.0,,,,,,,,,,True,
55756402075,,UTC,2009-07-12T18:30:00+00:00,1247423400,1247423400.0,1247427000.0,,Barradão,,Match Finished,FT,90.0,71,Serie A,Brazil,https://media.api-sports.io/football/leagues/71.png,https://media.api-sports.io/flags/br.svg,2009,Regular Season - 10,136,Vitoria,,True,128,Santos,,False,6.0,2.0,,,,,,,,,,True,
99687106649,,UTC,2009-07-15T21:00:00+00:00,1247691600,1247691600.0,1247695200.0,,Vila Belmiro,,Match Finished,FT,90.0,71,Serie A,Brazil,https://media.api-sports.io/football/leagues/71.png,https://media.api-sports.io/flags/br.svg,2009,Regular Season - 11,128,Santos,,,171197,Barueri,,,3.0,3.0,,,,,,,,,,True,
18861466865,,UTC,2009-07-15T19:30:00+00:00,1247686200,1247686200.0,1247689800.0,,Serra Dourada,,Match Finished,FT,90.0,71,Serie A,Brazil,https://media.api-sports.io/football/leagues/71.png,https://media.api-sports.io/flags/br.svg,2009,Regular Season - 11,151,Goias,,False,145,Avai,,True,0.0,2.0,,,,,,,,,,True,
62774630176,,UTC,2009-07-15T19:30:00+00:00,1247686200,1247686200.0,1247689800.0,,Couto Pereira,,Match Finished,FT,90.0,71,Serie A,Brazil,https://media.api-sports.io/football/leagues/71.png,https://media.api-sports.io/flags/br.svg,2009,Regular Season - 11,147,Coritiba,,True,130,Gremio,,False,2.0,1.0,,,,,,,,,,True,
16450109203,,UTC,2009-07-15T21:50:00+00:00,1247694600,1247694600.0,1247698200.0,,Beira Rio,,Match Finished,FT,90.0,71,Serie A,Brazil,https://media.api-sports.io/football/leagues/71.png,https://media.api-sports.io/flags/br.svg,2009,Regular Season - 11,119,Internacional,,True,124,Fluminense,,False,4.0,2.0,,,,,,,,,,True,
81949902428,,UTC,2009-07-15T21:50:00+00:00,1247694600,1247694600.0,1247698200.0,,Maracanã,,Match Finished,FT,90.0,71,Serie A,Brazil,https://media.api-sports.io/football/leagues/71.png,https://media.api-sports.io/flags/br.svg,2009,Regular Season - 11,127,Flamengo,,False,121,Palmeiras,,True,1.0,2.0,,,,,,,,,,True,
29495347794,,UTC,2009-07-15T21:00:00+00:00,1247691600,1247691600.0,1247695200.0,,Bruno José Daniel,,Match Finished,FT,90.0,71,Serie A,Brazil,https://media.api-sports.io/football/leagues/71.png,https://media.api-sports.io/flags/br.svg,2009,Regular Season - 11,834175,Santo André,,True,134,Atletico Paranaense,,False,1.0,0.0,,,,,,,,,,True,
67597346904,,UTC,2009-07-16T21:00:00+00:00,1247778000,1247778000.0,1247781600.0,,Aflitos,,Match Finished,FT,90.0,71,Serie A,Brazil,https://media.api-sports.io/football/leagues/71.png,https://media.api-sports.io/flags/br.svg,2009,Regular Season - 11,755,Nautico Recife,,,136,Vitoria,,,1.0,1.0,,,,,,,,,,True,
19788025659,,UTC,2009-07-16T21:00:00+00:00,1247778000,1247778000.0,1247781600.0,,Mineirão,,Match Finished,FT,90.0,71,Serie A,Brazil,https://media.api-sports.io/football/leagues/71.png,https://media.api-sports.io/flags/br.svg,2009,Regular Season - 11,1062,Atletico-MG,,True,126,Sao Paulo,,False,2.0,0.0,,,,,,,,,,True,
65411859696,,UTC,2009-07-16T21:00:00+00:00,1247778000,1247778000.0,1247781600.0,,Pacaembu,,Match Finished,FT,90.0,71,Serie A,Brazil,https://media.api-sports.io/football/leagues/71.png,https://media.api-sports.io/flags/br.svg,2009,Regular Season - 11,131,Corinthians,,True,123,Sport Recife,,False,4.0,3.0,,,,,,,,,,True,
54112221760,,UTC,2009-07-18T18:30:00+00:00,1247941800,1247941800.0,1247945400.0,,Maracanã,,Match Finished,FT,90.0,71,Serie A,Brazil,https://media.api-sports.io/football/leagues/71.png,https://media.api-sports.io/flags/br.svg,2009,Regular Season - 12,124,Fluminense,,False,151,Goias,,True,1.0,4.0,,,,,,,,,,True,
92243234979,,UTC,2009-07-18T18:30:00+00:00,1247941800,1247941800.0,1247945400.0,,Palestra Itália,,Match Finished,FT,90.0,71,Serie A,Brazil,https://media.api-sports.io/football/leagues/71.png,https://media.api-sports.io/flags/br.svg,2009,Regular Season - 12,121,Palmeiras,,True,834175,Santo André,,False,1.0,0.0,,,,,,,,,,True,
11464421224,,UTC,2009-07-19T18:30:00+00:00,1248028200,1248028200.0,1248031800.0,,Barradão,,Match Finished,FT,90.0,71,Serie A,Brazil,https://media.api-sports.io/football/leagues/71.png,https://media.api-sports.io/flags/br.svg,2009,Regular Season - 12,136,Vitoria,,,1062,Atletico-MG,,,0.0,0.0,,,,,,,,,,True,
67987774834,,UTC,2009-07-19T16:00:00+00:00,1248019200,1248019200.0,1248022800.0,,Arena da Baixada,,Match Finished,FT,90.0,71,Serie A,Brazil,https://media.api-sports.io/football/leagues/71.png,https://media.api-sports.io/flags/br.svg,2009,Regular Season - 12,134,Atletico Paranaense,,,147,Coritiba,,,0.0,0.0,,,,,,,,,,True,
15404633251,,UTC,2009-07-19T18:30:00+00:00,1248028200,1248028200.0,1248031800.0,,Maracanã,,Match Finished,FT,90.0,71,Serie A,Brazil,https://media.api-sports.io/football/leagues/71.png,https://media.api-sports.io/flags/br.svg,2009,Regular Season - 12,120,Botafogo,,,127,Flamengo,,,2.0,2.0,,,,,,,,,,True,
58449443366,,UTC,2009-07-19T18:30:00+00:00,1248028200,1248028200.0,1248031800.0,,Ilha do Retiro,,Match Finished,FT,90.0,71,Serie A,Brazil,https://media.api-sports.io/football/leagues/71.png,https://media.api-sports.io/flags/br.svg,2009,Regular Season - 12,123,Sport Recife,,False,145,Avai,,True,1.0,3.0,,,,,,,,,,True,
9619787486,,UTC,2009-07-19T18:30:00+00:00,1248028200,1248028200.0,1248031800.0,,Arena Barueri,,Match Finished,FT,90.0,71,Serie A,Brazil,https://media.api-sports.io/football/leagues/71.png,https://media.api-sports.io/flags/br.svg,2009,Regular Season - 12,171197,Barueri,,True,755,Nautico Recife,,False,4.0,0.0,,,,,,,,,,True,
63313272584,,UTC,2009-07-19T16:00:00+00:00,1248019200,1248019200.0,1248022800.0,,Mineirão,,Match Finished,FT,90.0,71,Serie A,Brazil,https://media.api-sports.io/football/leagues/71.png,https://media.api-sports.io/flags/br.svg,2009,Regular Season - 12,135,Cruzeiro,,False,131,Corinthians,,True,1.0,2.0,,,,,,,,,,True,
17018306090,,UTC,2009-07-19T16:00:00+00:00,1248019200,1248019200.0,1248022800.0,,Olímpico Monumental,,Match Finished,FT,90.0,71,Serie A,Brazil,https://media.api-sports.io/football/leagues/71.png,https://media.api-sports.io/flags/br.svg,2009,Regular Season - 12,130,Gremio,,True,119,Internacional,,False,2.0,1.0,,,,,,,,,,True,
49084565907,,UTC,2009-07-19T16:00:00+00:00,1248019200,1248019200.0,1248022800.0,,Morumbi,,Match Finished,FT,90.0,71,Serie A,Brazil,https://media.api-sports.io/football/leagues/71.png,https://media.api-sports.io/flags/br.svg,2009,Regular Season - 12,126,Sao Paulo,,True,128,Santos,,False,2.0,1.0,,,,,,,,,,True,
42038535755,,UTC,2009-07-22T19:30:00+00:00,1248291000,1248291000.0,1248294600.0,,Maracanã,,Match Finished,FT,90.0,71,Serie A,Brazil,https://media.api-sports.io/football/leagues/71.png,https://media.api-sports.io/flags/br.svg,2009,Regular Season - 13,127,Flamengo,,,171197,Barueri,,,1.0,1.0,,,,,,,,,,True,
31333903949,,UTC,2009-07-22T21:50:00+00:00,1248299400,1248299400.0,1248303000.0,,Aflitos,,Match Finished,FT,90.0,71,Serie A,Brazil,https://media.api-sports.io/football/leagues/71.png,https://media.api-sports.io/flags/br.svg,2009,Regular Season - 13,755,Nautico Recife,,,120,Botafogo,,,2.0,2.0,,,,,,,,,,True,
32284154238,,UTC,2009-07-22T21:50:00+00:00,1248299400,1248299400.0,1248303000.0,,Beira Rio,,Match Finished,FT,90.0,71,Serie A,Brazil,https://media.api-sports.io/football/leagues/71.png,https://media.api-sports.io/flags/br.svg,2009,Regular Season - 13,119,Internacional,,,126,Sao Paulo,,,2.0,2.0,,,,,,,,,,True,
97697691588,,UTC,2009-07-22T19:30:00+00:00,1248291000,1248291000.0,1248294600.0,,Ressacada,,Match Finished,FT,90.0,71,Serie A,Brazil,https://media.api-sports.io/football/leagues/71.png,https://media.api-sports.io/flags/br.svg,2009,Regular Season - 13,145,Avai,,True,130,Gremio,,False,1.0,0.0,,,,,,,,,,True,
63100652403,,UTC,2009-07-22T19:30:00+00:00,1248291000,1248291000.0,1248294600.0,,Bruno José Daniel,,Match Finished,FT,90.0,71,Serie A,Brazil,https://media.api-sports.io/football/leagues/71.png,https://media.api-sports.io/flags/br.svg,2009,Regular Season - 13,834175,Santo André,,False,135,Cruzeiro,,True,0.0,2.0,,,,,,,,,,True,
53227252525,,UTC,2009-07-22T21:50:00+00:00,1248299400,1248299400.0,1248303000.0,,Serra Dourada,,Match Finished,FT,90.0,71,Serie A,Brazil,https://media.api-sports.io/football/leagues/71.png,https://media.api-sports.io/flags/br.svg,2009,Regular Season - 13,151,Goias,,True,121,Palmeiras,,False,2.0,1.0,,,,,,,,,,True,
40344953298,,UTC,2009-07-22T21:00:00+00:00,1248296400,1248296400.0,1248300000.0,,Vila Belmiro,,Match Finished,FT,90.0,71,Serie A,Brazil,https://media.api-sports.io/football/leagues/71.png,https://media.api-sports.io/flags/br.svg,2009,Regular Season - 13,128,Santos,,True,134,Atletico Paranaense,,False,1.0,0.0,,,,,,,,,,True,
84828704942,,UTC,2009-07-23T21:00:00+00:00,1248382800,1248382800.0,1248386400.0,,Couto Pereira,,Match Finished,FT,90.0,71,Serie A,Brazil,https://media.api-sports.io/football/leagues/71.png,https://media.api-sports.io/flags/br.svg,2009,Regular Season - 13,147,Coritiba,,,123,Sport Recife,,,1.0,1.0,,,,,,,,,,True,
89504055478,,UTC,2009-07-23T21:00:00+00:00,1248382800,1248382800.0,1248386400.0,,Mineirão,,Match Finished,FT,90.0,71,Serie A,Brazil,https://media.api-sports.io/football/leagues/71.png,https://media.api-sports.io/flags/br.svg,2009,Regular Season - 13,1062,Atletico-MG,,True,124,Fluminense,,False,2.0,1.0,,,,,,,,,,True,
30226481003,,UTC,2009-07-23T21:00:00+00:00,1248382800,1248382800.0,1248386400.0,,Pacaembu,,Match Finished,FT,90.0,71,Serie A,Brazil,https://media.api-sports.io/football/leagues/71.png,https://media.api-sports.io/flags/br.svg,2009,Regular Season - 13,131,Corinthians,,True,136,Vitoria,,False,2.0,1.0,,,,,,,,,,True,
59679695104,,UTC,2009-07-25T18:30:00+00:00,1248546600,1248546600.0,1248550200.0,,Arena da Baixada,,Match Finished,FT,90.0,71,Serie A,Brazil,https://media.api-sports.io/football/leagues/71.png,https://media.api-sports.io/flags/br.svg,2009,Regular Season - 14,134,Atletico Paranaense,,False,145,Avai,,True,1.0,3.0,,,,,,,,,,True,
99212802483,,UTC,2009-07-25T18:30:00+00:00,1248546600,1248546600.0,1248550200.0,,Engenhão,,Match Finished,FT,90.0,71,Serie A,Brazil,https://media.api-sports.io/football/leagues/71.png,https://media.api-sports.io/flags/br.svg,2009,Regular Season - 14,120,Botafogo,,True,119,Internacional,,False,3.0,2.0,,,,,,,,,,True,
79028264610,,UTC,2009-07-25T18:30:00+00:00,1248546600,1248546600.0,1248550200.0,,Olímpico Monumental,,Match Finished,FT,90.0,71,Serie A,Brazil,https://media.api-sports.io/football/leagues/71.png,https://media.api-sports.io/flags/br.svg,2009,Regular Season - 14,130,Gremio,,True,834175,Santo André,,False,3.0,2.0,,,,,,,,,,True,
7573992747,,UTC,2009-07-26T18:30:00+00:00,1248633000,1248633000.0,1248636600.0,,Maracanã,,Match Finished,FT,90.0,71,Serie A,Brazil,https://media.api-sports.io/football/leagues/71.png,https://media.api-sports.io/flags/br.svg,2009,Regular Season - 14,124,Fluminense,,,135,Cruzeiro,,,1.0,1.0,,,,,,,,,,True,
53345147937,,UTC,2009-07-26T16:00:00+00:00,1248624000,1248624000.0,1248627600.0,,Ilha do Retiro,,Match Finished,FT,90.0,71,Serie A,Brazil,https://media.api-sports.io/football/leagues/71.png,https://media.api-sports.io/flags/br.svg,2009,Regular Season - 14,123,Sport Recife,,,755,Nautico Recife,,,3.0,3.0,,,,,,,,,,True,
25234784801,,UTC,2009-07-26T16:00:00+00:00,1248624000,1248624000.0,1248627600.0,,Vila Belmiro,,Match Finished,FT,90.0,71,Serie A,Brazil,https://media.api-sports.io/football/leagues/71.png,https://media.api-sports.io/flags/br.svg,2009,Regular Season - 14,128,Santos,,False,127,Flamengo,,True,1.0,2.0,,,,,,,,,,True,
64988954360,,UTC,2009-07-26T16:00:00+00:00,1248624000,1248624000.0,1248627600.0,,Mineirão,,Match Finished,FT,90.0,71,Serie A,Brazil,https://media.api-sports.io/football/leagues/71.png,https://media.api-sports.io/flags/br.svg,2009,Regular Season - 14,1062,Atletico-MG,,False,151,Goias,,True,0.0,1.0,,,,,,,,,,True,
14618970985,,UTC,2009-07-26T16:00:00+00:00,1248624000,1248624000.0,1248627600.0,,Eduardo José Farah,,Match Finished,FT,90.0,71,Serie A,Brazil,https://media.api-sports.io/football/leagues/71.png,https://media.api-sports.io/flags/br.svg,2009,Regular Season - 14,131,Corinthians,,False,121,Palmeiras,,True,0.0,3.0,,,,,,,,,,True,
57695416919,,UTC,2009-07-26T18:30:00+00:00,1248633000,1248633000.0,1248636600.0,,Arena Barueri,,Match Finished,FT,90.0,71,Serie A,Brazil,https://media.api-sports.io/football/leagues/71.png,https://media.api-sports.io/flags/br.svg,2009,Regular Season - 14,171197,Barueri,,False,126,Sao Paulo,,True,1.0,2.0,,,,,,,,,,True,
99336395529,,UTC,2009-07-26T18:30:00+00:00,1248633000,1248633000.0,1248636600.0,,Barradão,,Match Finished,FT,90.0,71,Serie A,Brazil,https://media.api-sports.io/football/leagues/71.png,https://media.api-sports.io/flags/br.svg,2009,Regular Season - 14,136,Vitoria,,True,147,Coritiba,,False,1.0,0.0,,,,,,,,,,True,
50536785827,,UTC,2009-07-29T19:30:00+00:00,1248895800,1248895800.0,1248899400.0,,Couto Pereira,,Match Finished,FT,90.0,71,Serie A,Brazil,https://media.api-sports.io/football/leagues/71.png,https://media.api-sports.io/flags/br.svg,2009,Regular Season - 15,147,Coritiba,,,120,Botafogo,,,2.0,2.0,,,,,,,,,,True,
89982785367,,UTC,2009-07-29T21:50:00+00:00,1248904200,1248904200.0,1248907800.0,,Teixeirão,,Match Finished,FT,90.0,71,Serie A,Brazil,https://media.api-sports.io/football/leagues/71.png,https://media.api-sports.io/flags/br.svg,2009,Regular Season - 15,834175,Santo André,,,131,Corinthians,,,1.0,1.0,,,,,,,,,,True,
16906818341,,UTC,2009-07-29T21:50:00+00:00,1248904200,1248904200.0,1248907800.0,,Mineirão,,Match Finished,FT,90.0,71,Serie A,Brazil,https://media.api-sports.io/football/leagues/71.png,https://media.api-sports.io/flags/br.svg,2009,Regular Season - 15,135,Cruzeiro,,True,123,Sport Recife,,False,1.0,0.0,,,,,,,,,,True,
37552593447,,UTC,2009-07-29T21:00:00+00:00,1248901200,1248901200.0,1248904800.0,,Serra Dourada,,Match Finished,FT,90.0,71,Serie A,Brazil,https://media.api-sports.io/football/leagues/71.png,https://media.api-sports.io/flags/br.svg,2009,Regular Season - 15,151,Goias,,True,134,Atletico Paranaense,,False,3.0,0.0,,,,,,,,,,True,
61582903462,,UTC,2009-07-29T21:00:00+00:00,1248901200,1248901200.0,1248904800.0,,Beira Rio,,Match Finished,FT,90.0,71,Serie A,Brazil,https://media.api-sports.io/football/leagues/71.png,https://media.api-sports.io/flags/br.svg,2009,Regular Season - 15,119,Internacional,,True,171197,Barueri,,False,3.0,2.0,,,,,,,,,,True,
46751330357,,UTC,2009-07-29T21:50:00+00:00,1248904200,1248904200.0,1248907800.0,,Palestra Itália,,Match Finished,FT,90.0,71,Serie A,Brazil,https://media.api-sports.io/football/leagues/71.png,https://media.api-sports.io/flags/br.svg,2009,Regular Season - 15,121,Palmeiras,,True,124,Fluminense,,False,1.0,0.0,,,,,,,,,,True,
89326730934,,UTC,2009-07-29T19:30:00+00:00,1248895800,1248895800.0,1248899400.0,,Aflitos,,Match Finished,FT,90.0,71,Serie A,Brazil,https://media.api-sports.io/football/leagues/71.png,https://media.api-sports.io/flags/br.svg,2009,Regular Season - 15,755,Nautico Recife,,False,128,Santos,,True,1.0,2.0,,,,,,,,,,True,
73950330743,,UTC,2009-07-30T21:00:00+00:00,1248987600,1248987600.0,1248991200.0,,Ressacada,,Match Finished,FT,90.0,71,Serie A,Brazil,https://media.api-sports.io/football/leagues/71.png,https://media.api-sports.io/flags/br.svg,2009,Regular Season - 15,145,Avai,,True,136,Vitoria,,False,4.0,0.0,,,,,,,,,,True,
54887339721,,UTC,2009-07-30T21:00:00+00:00,1248987600,1248987600.0,1248991200.0,,Maracanã,,Match Finished,FT,90.0,71,Serie A,Brazil,https://media.api-sports.io/football/leagues/71.png,https://media.api-sports.io/flags/br.svg,2009,Regular Season - 15,127,Flamengo,,True,1062,Atletico-MG,,False,3.0,1.0,,,,,,,,,,True,
46813581643,,UTC,2009-07-30T21:00:00+00:00,1248987600,1248987600.0,1248991200.0,,Morumbi,,Match Finished,FT,90.0,71,Serie A,Brazil,https://media.api-sports.io/football/leagues/71.png,https://media.api-sports.io/flags/br.svg,2009,Regular Season - 15,126,Sao Paulo,,True,130,Gremio,,False,2.0,1.0,,,,,,,,,,True,
28481512109,,UTC,2009-08-01T18:30:00+00:00,1249151400,1249151400.0,1249155000.0,,Engenhão,,Match Finished,FT,90.0,71,Serie A,Brazil,https://media.api-sports.io/football/leagues/71.png,https://media.api-sports.io/flags/br.svg,2009,Regular Season - 16,120,Botafogo,,True,171197,Barueri,,False,2.0,1.0,,,,,,,,,,True,
65466048262,,UTC,2009-08-01T18:30:00+00:00,1249151400,1249151400.0,1249155000.0,,Ilha do Retiro,,Match Finished,FT,90.0,71,Serie A,Brazil,https://media.api-sports.io/football/leagues/71.png,https://media.api-sports.io/flags/br.svg,2009,Regular Season - 16,123,Sport Recife,,False,121,Palmeiras,,True,0.0,1.0,,,,,,,,,,True,
78725481578,,UTC,2009-08-02T16:00:00+00:00,1249228800,1249228800.0,1249232400.0,,Pacaembu,,Match Finished,FT,90.0,71,Serie A,Brazil,https://media.api-sports.io/football/leagues/71.png,https://media.api-sports.io/flags/br.svg,2009,Regular Season - 16,131,Corinthians,,,145,Avai,,,0.0,0.0,,,,,,,,,,True,
95750788546,,UTC,2009-08-02T16:00:00+00:00,1249228800,1249228800.0,1249232400.0,,Maracanã,,Match Finished,FT,90.0,71,Serie A,Brazil,https://media.api-sports.io/football/leagues/71.png,https://media.api-sports.io/flags/br.svg,2009,Regular Season - 16,127,Flamengo,,,755,Nautico Recife,,,1.0,1.0,,,,,,,,,,True,
31519957908,,UTC,2009-08-02T16:00:00+00:00,1249228800,1249228800.0,1249232400.0,,Mineirão,,Match Finished,FT,90.0,71,Serie A,Brazil,https://media.api-sports.io/football/leagues/71.png,https://media.api-sports.io/flags/br.svg,2009,Regular Season - 16,1062,Atletico-MG,,True,147,Coritiba,,False,3.0,2.0,,,,,,,,,,True,
12485751576,,UTC,2009-08-02T16:00:00+00:00,1249228800,1249228800.0,1249232400.0,,Estádio do Café,,Match Finished,FT,90.0,71,Serie A,Brazil,https://media.api-sports.io/football/leagues/71.png,https://media.api-sports.io/flags/br.svg,2009,Regular Season - 16,134,Atletico Paranaense,,True,124,Fluminense,,False,1.0,0.0,,,,,,,,,,True,
87551672376,,UTC,2009-08-02T18:30:00+00:00,1249237800,1249237800.0,1249241400.0,,Anacleto Campanella,,Match Finished,FT,90.0,71,Serie A,Brazil,https://media.api-sports.io/football/leagues/71.png,https://media.api-sports.io/flags/br.svg,2009,Regular Season - 16,834175,Santo André,,False,151,Goias,,True,1.0,2.0,,,,,,,,,,True,
40090877022,,UTC,2009-08-02T18:30:00+00:00,1249237800,1249237800.0,1249241400.0,,Olímpico Monumental,,Match Finished,FT,90.0,71,Serie A,Brazil,https://media.api-sports.io/football/leagues/71.png,https://media.api-sports.io/flags/br.svg,2009,Regular Season - 16,130,Gremio,,True,135,Cruzeiro,,False,4.0,1.0,,,,,,,,,,True,
90935210142,,UTC,2009-08-02T16:00:00+00:00,1249228800,1249228800.0,1249232400.0,,Barradão,,Match Finished,FT,90.0,71,Serie A,Brazil,https://media.api-sports.io/football/leagues/71.png,https://media.api-sports.io/flags/br.svg,2009,Regular Season - 16,136,Vitoria,,False,126,Sao Paulo,,True,0.0,1.0,,,,,,,,,,True,
16484207208,,UTC,2009-08-05T19:30:00+00:00,1249500600,1249500600.0,1249504200.0,,Mineirão,,Match Finished,FT,90.0,71,Serie A,Brazil,https://media.api-sports.io/football/leagues/71.png,https://media.api-sports.io/flags/br.svg,2009,Regular Season - 17,135,Cruzeiro,,False,134,Atletico Paranaense,,True,0.0,2.0,,,,,,,,,,True,
19207923193,,UTC,2009-08-05T21:00:00+00:00,1249506000,1249506000.0,1249509600.0,,Ressacada,,Match Finished,FT,90.0,71,Serie A,Brazil,https://media.api-sports.io/football/leagues/71.png,https://media.api-sports.io/flags/br.svg,2009,Regular Season - 17,145,Avai,,True,834175,Santo André,,False,1.0,0.0,,,,,,,,,,True,
47277783535,,UTC,2009-08-05T21:50:00+00:00,1249509000,1249509000.0,1249512600.0,,Serra Dourada,,Match Finished,FT,90.0,71,Serie A,Brazil,https://media.api-sports.io/football/leagues/71.png,https://media.api-sports.io/flags/br.svg,2009,Regular Season - 17,151,Goias,,True,127,Flamengo,,False,3.0,2.0,,,,,,,,,,True,
81599422497,,UTC,2009-08-05T21:50:00+00:00,1249509000,1249509000.0,1249512600.0,,Aflitos,,Match Finished,FT,90.0,71,Serie A,Brazil,https://media.api-sports.io/football/leagues/71.png,https://media.api-sports.io/flags/br.svg,2009,Regular Season - 17,755,Nautico Recife,,True,131,Corinthians,,False,1.0,0.0,,,,,,,,,,True,
46137444371,,UTC,2009-08-05T21:50:00+00:00,1249509000,1249509000.0,1249512600.0,,Olímpico Regional,,Match Finished,FT,90.0,71,Serie A,Brazil,https://media.api-sports.io/football/leagues/71.png,https://media.api-sports.io/flags/br.svg,2009,Regular Season - 17,147,Coritiba,,False,128,Santos,,True,0.0,1.0,,,,,,,,,,True,
53479625595,,UTC,2009-08-05T21:00:00+00:00,1249506000,1249506000.0,1249509600.0,,Morumbi,,Match Finished,FT,90.0,71,Serie A,Brazil,https://media.api-sports.io/football/leagues/71.png,https://media.api-sports.io/flags/br.svg,2009,Regular Season - 17,126,Sao Paulo,,True,120,Botafogo,,False,3.0,1.0,,,,,,,,,,True,
75365615042,,UTC,2009-08-06T21:00:00+00:00,1249592400,1249592400.0,1249596000.0,,Palestra Itália,,Match Finished,FT,90.0,71,Serie A,Brazil,https://media.api-sports.io/football/leagues/71.png,https://media.api-sports.io/flags/br.svg,2009,Regular Season - 17,121,Palmeiras,,,130,Gremio,,,1.0,1.0,,,,,,,,,,True,
64461863769,,UTC,2009-08-06T21:00:00+00:00,1249592400,1249592400.0,1249596000.0,,Arena Barueri,,Match Finished,FT,90.0,71,Serie A,Brazil,https://media.api-sports.io/football/leagues/71.png,https://media.api-sports.io/flags/br.svg,2009,Regular Season - 17,171197,Barueri,,True,136,Vitoria,,False,4.0,0.0,,,,,,,,,,True,
11545386291,,UTC,2009-08-06T21:00:00+00:00,1249592400,1249592400.0,1249596000.0,,Maracanã,,Match Finished,FT,90.0,71,Serie A,Brazil,https://media.api-sports.io/football/leagues/71.png,https://media.api-sports.io/flags/br.svg,2009,Regular Season - 17,124,Fluminense,,True,123,Sport Recife,,False,5.0,1.0,,,,,,,,,,True,
84179011850,,UTC,2009-08-08T18:30:00+00:00,1249756200,1249756200.0,1249759800.0,,Vila Belmiro,,Match Finished,FT,90.0,71,Serie A,Brazil,https://media.api-sports.io/football/leagues/71.png,https://media.api-sports.io/flags/br.svg,2009,Regular Season - 18,128,Santos,,,145,Avai,,,2.0,2.0,,,,,,,,,,True,
94232694344,,UTC,2009-08-08T18:30:00+00:00,1249756200,1249756200.0,1249759800.0,,Engenhão,,Match Finished,FT,90.0,71,Serie A,Brazil,https://media.api-sports.io/football/leagues/71.png,https://media.api-sports.io/flags/br.svg,2009,Regular Season - 18,120,Botafogo,,False,134,Atletico Paranaense,,True,0.0,1.0,,,,,,,,,,True,
90702611401,,UTC,2009-08-08T18:30:00+00:00,1249756200,1249756200.0,1249759800.0,,Luiz Lacerda,,Match Finished,FT,90.0,71,Serie A,Brazil,https://media.api-sports.io/football/leagues/71.png,https://media.api-sports.io/flags/br.svg,2009,Regular Season - 18,755,Nautico Recife,,True,834175,Santo André,,False,2.0,1.0,,,,,,,,,,True,
52549138303,,UTC,2009-08-09T16:00:00+00:00,1249833600,1249833600.0,1249837200.0,,Barradão,,Match Finished,FT,90.0,71,Serie A,Brazil,https://media.api-sports.io/football/leagues/71.png,https://media.api-sports.io/flags/br.svg,2009,Regular Season - 18,136,Vitoria,,,124,Fluminense,,,2.0,2.0,,,,,,,,,,True,
53441109552,,UTC,2009-08-09T18:30:00+00:00,1249842600,1249842600.0,1249846200.0,,Arena Barueri,,Match Finished,FT,90.0,71,Serie A,Brazil,https://media.api-sports.io/football/leagues/71.png,https://media.api-sports.io/flags/br.svg,2009,Regular Season - 18,171197,Barueri,,True,130,Gremio,,False,1.0,0.0,,,,,,,,,,True,
3020653984,,UTC,2009-08-09T18:30:00+00:00,1249842600,1249842600.0,1249846200.0,,Couto Pereira,,Match Finished,FT,90.0,71,Serie A,Brazil,https://media.api-sports.io/football/leagues/71.png,https://media.api-sports.io/flags/br.svg,2009,Regular Season - 18,147,Coritiba,,False,135,Cruzeiro,,True,1.0,3.0,,,,,,,,,,True,
45700318902,,UTC,2009-08-09T16:00:00+00:00,1249833600,1249833600.0,1249837200.0,,Maracanã,,Match Finished,FT,90.0,71,Serie A,Brazil,https://media.api-sports.io/football/leagues/71.png,https://media.api-sports.io/flags/br.svg,2009,Regular Season - 18,127,Flamengo,,True,131,Corinthians,,False,1.0,0.0,,,,,,,,,,True,
31600049910,,UTC,2009-08-09T18:30:00+00:00,1249842600,1249842600.0,1249846200.0,,Morumbi,,Match Finished,FT,90.0,71,Serie A,Brazil,https://media.api-sports.io/football/leagues/71.png,https://media.api-sports.io/flags/br.svg,2009,Regular Season - 18,126,Sao Paulo,,True,151,Goias,,False,3.0,1.0,,,,,,,,,,True,
16545745336,,UTC,2009-08-10T21:00:00+00:00,1249938000,1249938000.0,1249941600.0,,Beira Rio,,Match Finished,FT,90.0,71,Serie A,Brazil,https://media.api-sports.io/football/leagues/71.png,https://media.api-sports.io/flags/br.svg,2009,Regular Season - 18,119,Internacional,,True,123,Sport Recife,,False,3.0,0.0,,,,,,,,,,True,
99538982320,,UTC,2009-08-12T21:50:00+00:00,1250113800,1250113800.0,1250117400.0,,Mineirão,,Match Finished,FT,90.0,71,Serie A,Brazil,https://media.api-sports.io/football/leagues/71.png,https://media.api-sports.io/flags/br.svg,2009,Regular Season - 18,1062,Atletico-MG,,,121,Palmeiras,,,1.0,1.0,,,,,,,,,,True,
80864009466,,UTC,2009-08-15T18:30:00+00:00,1250361000,1250361000.0,1250364600.0,,Palestra Itália,,Match Finished,FT,90.0,71,Serie A,Brazil,https://media.api-sports.io/football/leagues/71.png,https://media.api-sports.io/flags/br.svg,2009,Regular Season - 19,121,Palmeiras,,,120,Botafogo,,,1.0,1.0,,,,,,,,,,True,
84235392437,,UTC,2009-08-15T18:30:00+00:00,1250361000,1250361000.0,1250364600.0,,Ressacada,,Match Finished,FT,90.0,71,Serie A,Brazil,https://media.api-sports.io/football/leagues/71.png,https://media.api-sports.io/flags/br.svg,2009,Regular Season - 19,145,Avai,,True,755,Nautico Recife,,False,2.0,1.0,,,,,,,,,,True,
28333126127,,UTC,2009-08-15T18:30:00+00:00,1250361000,1250361000.0,1250364600.0,,Bruno José Daniel,,Match Finished,FT,90.0,71,Serie A,Brazil,https://media.api-sports.io/football/leagues/71.png,https://media.api-sports.io/flags/br.svg,2009,Regular Season - 19,834175,Santo André,,False,119,Internacional,,True,0.0,2.0,,,,,,,,,,True,
96535486605,,UTC,2009-08-16T18:30:00+00:00,1250447400,1250447400.0,1250451000.0,,Mineirão,,Match Finished,FT,90.0,71,Serie A,Brazil,https://media.api-sports.io/football/leagues/71.png,https://media.api-sports.io/flags/br.svg,2009,Regular Season - 19,135,Cruzeiro,,,128,Santos,,,0.0,0.0,,,,,,,,,,True,
43195222936,,UTC,2009-08-16T18:30:00+00:00,1250447400,1250447400.0,1250451000.0,,Arena da Baixada,,Match Finished,FT,90.0,71,Serie A,Brazil,https://media.api-sports.io/football/leagues/71.png,https://media.api-sports.io/flags/br.svg,2009,Regular Season - 19,134,Atletico Paranaense,,True,171197,Barueri,,False,3.0,0.0,,,,,,,,,,True,
20938091847,,UTC,2009-08-16T16:00:00+00:00,1250438400,1250438400.0,1250442000.0,,Pacaembu,,Match Finished,FT,90.0,71,Serie A,Brazil,https://media.api-sports.io/football/leagues/71.png,https://media.api-sports.io/flags/br.svg,2009,Regular Season - 19,131,Corinthians,,True,1062,Atletico-MG,,False,2.0,0.0,,,,,,,,,,True,
68159406862,,UTC,2009-08-16T16:00:00+00:00,1250438400,1250438400.0,1250442000.0,,Maracanã,,Match Finished,FT,90.0,71,Serie A,Brazil,https://media.api-sports.io/football/leagues/71.png,https://media.api-sports.io/flags/br.svg,2009,Regular Season - 19,124,Fluminense,,False,147,Coritiba,,True,1.0,3.0,,,,,,,,,,True,
47018384778,,UTC,2009-08-16T16:00:00+00:00,1250438400,1250438400.0,1250442000.0,,Serra Dourada,,Match Finished,FT,90.0,71,Serie A,Brazil,https://media.api-sports.io/football/leagues/71.png,https://media.api-sports.io/flags/br.svg,2009,Regular Season - 19,151,Goias,,True,136,Vitoria,,False,3.0,2.0,,,,,,,,,,True,
27388240206,,UTC,2009-08-16T16:00:00+00:00,1250438400,1250438400.0,1250442000.0,,Olímpico Monumental,,Match Finished,FT,90.0,71,Serie A,Brazil,https://media.api-sports.io/football/leagues/71.png,https://media.api-sports.io/flags/br.svg,2009,Regular Season - 19,130,Gremio,,True,127,Flamengo,,False,4.0,1.0,,,,,,,,,,True,
93005666251,,UTC,2009-08-16T16:00:00+00:00,1250438400,1250438400.0,1250442000.0,,Ilha do Retiro,,Match Finished,FT,90.0,71,Serie A,Brazil,https://media.api-sports.io/football/leagues/71.png,https://media.api-sports.io/flags/br.svg,2009,Regular Season - 19,123,Sport Recife,,False,126,Sao Paulo,,True,1.0,2.0,,,,,,,,,,True,
49342539141,,UTC,2009-08-19T21:00:00+00:00,1250715600,1250715600.0,1250719200.0,,Arena Barueri,,Match Finished,FT,90.0,71,Serie A,Brazil,https://media.api-sports.io/football/leagues/71.png,https://media.api-sports.io/flags/br.svg,2009,Regular Season - 20,171197,Barueri,,True,123,Sport Recife,,False,2.0,1.0,,,,,,,,,,True,
36225809740,,UTC,2009-08-19T21:50:00+00:00,1250718600,1250718600.0,1250722200.0,,Beira Rio,,Match Finished,FT,90.0,71,Serie A,Brazil,https://media.api-sports.io/football/leagues/71.png,https://media.api-sports.io/flags/br.svg,2009,Regular Season - 20,119,Internacional,,False,131,Corinthians,,True,1.0,2.0,,,,,,,,,,True,
43342556712,,UTC,2009-08-19T21:50:00+00:00,1250718600,1250718600.0,1250722200.0,,Couto Pereira,,Match Finished,FT,90.0,71,Serie A,Brazil,https://media.api-sports.io/football/leagues/71.png,https://media.api-sports.io/flags/br.svg,2009,Regular Season - 20,147,Coritiba,,True,121,Palmeiras,,False,1.0,0.0,,,,,,,,,,True,
32026116104,,UTC,2009-08-19T19:30:00+00:00,1250710200,1250710200.0,1250713800.0,,Engenhão,,Match Finished,FT,90.0,71,Serie A,Brazil,https://media.api-sports.io/football/leagues/71.png,https://media.api-sports.io/flags/br.svg,2009,Regular Season - 20,120,Botafogo,,False,834175,Santo André,,True,1.0,2.0,,,,,,,,,,True,
91177664925,,UTC,2009-08-19T19:30:00+00:00,1250710200,1250710200.0,1250713800.0,,Vila Belmiro,,Match Finished,FT,90.0,71,Serie A,Brazil,https://media.api-sports.io/football/leagues/71.png,https://media.api-sports.io/flags/br.svg,2009,Regular Season - 20,128,Santos,,True,130,Gremio,,False,1.0,0.0,,,,,,,,,,True,
21373758756,,UTC,2009-08-19T21:50:00+00:00,1250718600,1250718600.0,1250722200.0,,Morumbi,,Match Finished,FT,90.0,71,Serie A,Brazil,https://media.api-sports.io/football/leagues/71.png,https://media.api-sports.io/flags/br.svg,2009,Regular Season - 20,126,Sao Paulo,,True,124,Fluminense,,False,1.0,0.0,,,,,,,,,,True,
13153136087,,UTC,2009-08-19T19:30:00+00:00,1250710200,1250710200.0,1250713800.0,,Barradão,,Match Finished,FT,90.0,71,Serie A,Brazil,https://media.api-sports.io/football/leagues/71.png,https://media.api-sports.io/flags/br.svg,2009,Regular Season - 20,136,Vitoria,,True,134,Atletico Paranaense,,False,2.0,1.0,,,,,,,,,,True,
47656223973,,UTC,2009-08-20T21:00:00+00:00,1250802000,1250802000.0,1250805600.0,,Mineirão,,Match Finished,FT,90.0,71,Serie A,Brazil,https://media.api-sports.io/football/leagues/71.png,https://media.api-sports.io/flags/br.svg,2009,Regular Season - 20,1062,Atletico-MG,,,145,Avai,,,2.0,2.0,,,,,,,,,,True,
66855152497,,UTC,2009-08-20T21:00:00+00:00,1250802000,1250802000.0,1250805600.0,,Maracanã,,Match Finished,FT,90.0,71,Serie A,Brazil,https://media.api-sports.io/football/leagues/71.png,https://media.api-sports.io/flags/br.svg,2009,Regular Season - 20,127,Flamengo,,False,135,Cruzeiro,,True,1.0,2.0,,,,,,,,,,True,
51973563333,,UTC,2009-08-20T21:00:00+00:00,1250802000,1250802000.0,1250805600.0,,Aflitos,,Match Finished,FT,90.0,71,Serie A,Brazil,https://media.api-sports.io/football/leagues/71.png,https://media.api-sports.io/flags/br.svg,2009,Regular Season - 20,755,Nautico Recife,,True,151,Goias,,False,2.0,0.0,,,,,,,,,,True,
85960408885,,UTC,2009-08-22T18:30:00+00:00,1250965800,1250965800.0,1250969400.0,,Palestra Itália,,Match Finished,FT,90.0,71,Serie A,Brazil,https://media.api-sports.io/football/leagues/71.png,https://media.api-sports.io/flags/br.svg,2009,Regular Season - 21,121,Palmeiras,,True,119,Internacional,,False,2.0,1.0,,,,,,,,,,True,
21620352476,,UTC,2009-08-22T18:30:00+00:00,1250965800,1250965800.0,1250969400.0,,Bruno José Daniel,,Match Finished,FT,90.0,71,Serie A,Brazil,https://media.api-sports.io/football/leagues/71.png,https://media.api-sports.io/flags/br.svg,2009,Regular Season - 21,834175,Santo André,,True,147,Coritiba,,False,1.0,0.0,,,,,,,,,,True,
78993314404,,UTC,2009-08-22T18:30:00+00:00,1250965800,1250965800.0,1250969400.0,,Ilha do Retiro,,Match Finished,FT,90.0,71,Serie A,Brazil,https://media.api-sports.io/football/leagues/71.png,https://media.api-sports.io/flags/br.svg,2009,Regular Season - 21,123,Sport Recife,,True,136,Vitoria,,False,2.0,0.0,,,,,,,,,,True,
83295234071,,UTC,2009-08-23T16:00:00+00:00,1251043200,1251043200.0,1251046800.0,,Maracanã,,Match Finished,FT,90.0,71,Serie A,Brazil,https://media.api-sports.io/football/leagues/71.png,https://media.api-sports.io/flags/br.svg,2009,Regular Season - 21,124,Fluminense,,,171197,Barueri,,,0.0,0.0,,,,,,,,,,True,
86483379229,,UTC,2009-08-23T16:00:00+00:00,1251043200,1251043200.0,1251046800.0,,Pacaembu,,Match Finished,FT,90.0,71,Serie A,Brazil,https://media.api-sports.io/football/leagues/71.png,https://media.api-sports.io/flags/br.svg,2009,Regular Season - 21,131,Corinthians,,,120,Botafogo,,,3.0,3.0,,,,,,,,,,True,
67195469839,,UTC,2009-08-23T16:00:00+00:00,1251043200,1251043200.0,1251046800.0,,Arena da Baixada,,Match Finished,FT,90.0,71,Serie A,Brazil,https://media.api-sports.io/football/leagues/71.png,https://media.api-sports.io/flags/br.svg,2009,Regular Season - 21,134,Atletico Paranaense,,True,126,Sao Paulo,,False,1.0,0.0,,,,,,,,,,True,
56001772347,,UTC,2009-08-23T18:30:00+00:00,1251052200,1251052200.0,1251055800.0,,Ressacada,,Match Finished,FT,90.0,71,Serie A,Brazil,https://media.api-sports.io/football/leagues/71.png,https://media.api-sports.io/flags/br.svg,2009,Regular Season - 21,145,Avai,,True,127,Flamengo,,False,3.0,0.0,,,,,,,,,,True,
3463085602,,UTC,2009-08-23T18:30:00+00:00,1251052200,1251052200.0,1251055800.0,,Mineirão,,Match Finished,FT,90.0,71,Serie A,Brazil,https://media.api-sports.io/football/leagues/71.png,https://media.api-sports.io/flags/br.svg,2009,Regular Season - 21,135,Cruzeiro,,True,755,Nautico Recife,,False,4.0,2.0,,,,,,,,,,True,
93625616372,,UTC,2009-08-23T18:30:00+00:00,1251052200,1251052200.0,1251055800.0,,Serra Dourada,,Match Finished,FT,90.0,71,Serie A,Brazil,https://media.api-sports.io/football/leagues/71.png,https://media.api-sports.io/flags/br.svg,2009,Regular Season - 21,151,Goias,,True,128,Santos,,False,2.0,1.0,,,,,,,,,,True,
32920836181,,UTC,2009-08-23T16:00:00+00:00,1251043200,1251043200.0,1251046800.0,,Olímpico Monumental,,Match Finished,FT,90.0,71,Serie A,Brazil,https://media.api-sports.io/football/leagues/71.png,https://media.api-sports.io/flags/br.svg,2009,Regular Season - 21,130,Gremio,,True,1062,Atletico-MG,,False,4.0,1.0,,,,,,,,,,True,
7120292768,,UTC,2009-08-26T21:50:00+00:00,1251323400,1251323400.0,1251327000.0,,Arena Barueri,,Match Finished,FT,90.0,71,Serie A,Brazil,https://media.api-sports.io/football/leagues/71.png,https://media.api-sports.io/flags/br.svg,2009,Regular Season - 22,171197,Barueri,,,131,Corinthians,,,2.0,2.0,,,,,,,,,,True,
30705269712,,UTC,2009-08-26T21:00:00+00:00,1251320400,1251320400.0,1251324000.0,,Vila Belmiro,,Match Finished,FT,90.0,71,Serie A,Brazil,https://media.api-sports.io/football/leagues/71.png,https://media.api-sports.io/flags/br.svg,2009,Regular Season - 16,128,Santos,,,119,Internacional,,,3.0,3.0,,,,,,,,,,True,
79235301350,,UTC,2009-08-27T21:00:00+00:00,1251406800,1251406800.0,1251410400.0,,Engenhão,,Match Finished,FT,90.0,71,Serie A,Brazil,https://media.api-sports.io/football/leagues/71.png,https://media.api-sports.io/flags/br.svg,2009,Regular Season - 11,120,Botafogo,,,135,Cruzeiro,,,1.0,1.0,,,,,,,,,,True,
16868377285,,UTC,2009-08-29T18:30:00+00:00,1251570600,1251570600.0,1251574200.0,,Couto Pereira,,Match Finished,FT,90.0,71,Serie A,Brazil,https://media.api-sports.io/football/leagues/71.png,https://media.api-sports.io/flags/br.svg,2009,Regular Season - 22,147,Coritiba,,True,145,Avai,,False,2.0,0.0,,,,,,,,,,True,
21731850768,,UTC,2009-08-29T18:30:00+00:00,1251570600,1251570600.0,1251574200.0,,Maracanã,,Match Finished,FT,90.0,71,Serie A,Brazil,https://media.api-sports.io/football/leagues/71.png,https://media.api-sports.io/flags/br.svg,2009,Regular Season - 22,127,Flamengo,,True,834175,Santo André,,False,3.0,0.0,,,,,,,,,,True,
1438985265,,UTC,2009-08-29T18:30:00+00:00,1251570600,1251570600.0,1251574200.0,,Aflitos,,Match Finished,FT,90.0,71,Serie A,Brazil,https://media.api-sports.io/football/leagues/71.png,https://media.api-sports.io/flags/br.svg,2009,Regular Season - 22,755,Nautico Recife,,True,134,Atletico Paranaense,,False,3.0,0.0,,,,,,,,,,True,
23916903883,,UTC,2009-08-30T18:30:00+00:00,1251657000,1251657000.0,1251660600.0,,Barradão,,Match Finished,FT,90.0,71,Serie A,Brazil,https://media.api-sports.io/football/leagues/71.png,https://media.api-sports.io/flags/br.svg,2009,Regular Season - 22,136,Vitoria,,,135,Cruzeiro,,,3.0,3.0,,,,,,,,,,True,
23532482719,,UTC,2009-08-30T18:30:00+00:00,1251657000,1251657000.0,1251660600.0,,Engenhão,,Match Finished,FT,90.0,71,Serie A,Brazil,https://media.api-sports.io/football/leagues/71.png,https://media.api-sports.io/flags/br.svg,2009,Regular Season - 22,120,Botafogo,,,130,Gremio,,,3.0,3.0,,,,,,,,,,True,
49427608535,,UTC,2009-08-30T16:00:00+00:00,1251648000,1251648000.0,1251651600.0,,Morumbi,,Match Finished,FT,90.0,71,Serie A,Brazil,https://media.api-sports.io/football/leagues/71.png,https://media.api-sports.io/flags/br.svg,2009,Regular Season - 22,126,Sao Paulo,,,121,Palmeiras,,,0.0,0.0,,,,,,,,,,True,
62158254134,,UTC,2009-08-30T16:00:00+00:00,1251648000,1251648000.0,1251651600.0,,Mineirão,,Match Finished,FT,90.0,71,Serie A,Brazil,https://media.api-sports.io/football/leagues/71.png,https://media.api-sports.io/flags/br.svg,2009,Regular Season - 22,1062,Atletico-MG,,,123,Sport Recife,,,1.0,1.0,,,,,,,,,,True,
66733509665,,UTC,2009-08-30T18:30:00+00:00,1251657000,1251657000.0,1251660600.0,,Beira Rio,,Match Finished,FT,90.0,71,Serie A,Brazil,https://media.api-sports.io/football/leagues/71.png,https://media.api-sports.io/flags/br.svg,2009,Regular Season - 22,119,Internacional,,True,151,Goias,,False,4.0,0.0,,,,,,,,,,True,
39245599479,,UTC,2009-08-30T16:00:00+00:00,1251648000,1251648000.0,1251651600.0,,Vila Belmiro,,Match Finished,FT,90.0,71,Serie A,Brazil,https://media.api-sports.io/football/leagues/71.png,https://media.api-sports.io/flags/br.svg,2009,Regular Season - 22,128,Santos,,True,124,Fluminense,,False,2.0,0.0,,,,,,,,,,True,
51305338666,,UTC,2009-09-02T21:50:00+00:00,1251928200,1251928200.0,1251931800.0,,Pacaembu,,Match Finished,FT,90.0,71,Serie A,Brazil,https://media.api-sports.io/football/leagues/71.png,https://media.api-sports.io/flags/br.svg,2009,Regular Season - 23,131,Corinthians,,True,128,Santos,,False,2.0,1.0,,,,,,,,,,True,
98501378289,,UTC,2009-09-02T21:00:00+00:00,1251925200,1251925200.0,1251928800.0,,Beira Rio,,Match Finished,FT,90.0,71,Serie A,Brazil,https://media.api-sports.io/football/leagues/71.png,https://media.api-sports.io/flags/br.svg,2009,Regular Season - 17,119,Internacional,,True,1062,Atletico-MG,,False,3.0,0.0,,,,,,,,,,True,
38705140983,,UTC,2009-09-05T18:30:00+00:00,1252175400,1252175400.0,1252179000.0,,Olímpico Monumental,,Match Finished,FT,90.0,71,Serie A,Brazil,https://media.api-sports.io/football/leagues/71.png,https://media.api-sports.io/flags/br.svg,2009,Regular Season - 23,130,Gremio,,,136,Vitoria,,,1.0,1.0,,,,,,,,,,True,
23998640345,,UTC,2009-09-05T18:30:00+00:00,1252175400,1252175400.0,1252179000.0,,Palestra Itália,,Match Finished,FT,90.0,71,Serie A,Brazil,https://media.api-sports.io/football/leagues/71.png,https://media.api-sports.io/flags/br.svg,2009,Regular Season - 23,121,Palmeiras,,True,171197,Barueri,,False,2.0,1.0,,,,,,,,,,True,
70111788284,,UTC,2009-09-05T18:30:00+00:00,1252175400,1252175400.0,1252179000.0,,Ilha do Retiro,,Match Finished,FT,90.0,71,Serie A,Brazil,https://media.api-sports.io/football/leagues/71.png,https://media.api-sports.io/flags/br.svg,2009,Regular Season - 23,123,Sport Recife,,True,120,Botafogo,,False,2.0,1.0,,,,,,,,,,True,
83410269561,,UTC,2009-09-06T16:00:00+00:00,1252252800,1252252800.0,1252256400.0,,Serra Dourada,,Match Finished,FT,90.0,71,Serie A,Brazil,https://media.api-sports.io/football/leagues/71.png,https://media.api-sports.io/flags/br.svg,2009,Regular Season - 23,151,Goias,,,147,Coritiba,,,2.0,2.0,,,,,,,,,,True,
76199937274,,UTC,2009-09-06T16:00:00+00:00,1252252800,1252252800.0,1252256400.0,,Arena da Baixada,,Match Finished,FT,90.0,71,Serie A,Brazil,https://media.api-sports.io/football/leagues/71.png,https://media.api-sports.io/flags/br.svg,2009,Regular Season - 23,134,Atletico Paranaense,,,127,Flamengo,,,0.0,0.0,,,,,,,,,,True,
17642899647,,UTC,2009-09-06T18:30:00+00:00,1252261800,1252261800.0,1252265400.0,,Maracanã,,Match Finished,FT,90.0,71,Serie A,Brazil,https://media.api-sports.io/football/leagues/71.png,https://media.api-sports.io/flags/br.svg,2009,Regular Season - 23,124,Fluminense,,,755,Nautico Recife,,,1.0,1.0,,,,,,,,,,True,
27093374442,,UTC,2009-09-06T18:30:00+00:00,1252261800,1252261800.0,1252265400.0,,Bruno José Daniel,,Match Finished,FT,90.0,71,Serie A,Brazil,https://media.api-sports.io/football/leagues/71.png,https://media.api-sports.io/flags/br.svg,2009,Regular Season - 23,834175,Santo André,,False,1062,Atletico-MG,,True,1.0,2.0,,,,,,,,,,True,
2954087839,,UTC,2009-09-06T18:30:00+00:00,1252261800,1252261800.0,1252265400.0,,Ressacada,,Match Finished,FT,90.0,71,Serie A,Brazil,https://media.api-sports.io/football/leagues/71.png,https://media.api-sports.io/flags/br.svg,2009,Regular Season - 23,145,Avai,,False,119,Internacional,,True,0.0,2.0,,,,,,,,,,True,
9631342987,,UTC,2009-09-06T16:00:00+00:00,1252252800,1252252800.0,1252256400.0,,Mineirão,,Match Finished,FT,90.0,71,Serie A,Brazil,https://media.api-sports.io/football/leagues/71.png,https://media.api-sports.io/flags/br.svg,2009,Regular Season - 23,135,Cruzeiro,,False,126,Sao Paulo,,True,1.0,2.0,,,,,,,,,,True,
36672811663,,UTC,2009-09-12T18:30:00+00:00,1252780200,1252780200.0,1252783800.0,,Maracanã,,Match Finished,FT,90.0,71,Serie A,Brazil,https://media.api-sports.io/football/leagues/71.png,https://media.api-sports.io/flags/br.svg,2009,Regular Season - 24,127,Flamengo,,True,123,Sport Recife,,False,3.0,0.0,,,,,,,,,,True,
16798462230,,UTC,2009-09-12T18:30:00+00:00,1252780200,1252780200.0,1252783800.0,,Morumbi,,Match Finished,FT,90.0,71,Serie A,Brazil,https://media.api-sports.io/football/leagues/71.png,https://media.api-sports.io/flags/br.svg,2009,Regular Season - 24,126,Sao Paulo,,True,145,Avai,,False,2.0,0.0,,,,,,,,,,True,
23174658637,,UTC,2009-09-13T18:30:00+00:00,1252866600,1252866600.0,1252870200.0,,Engenhão,,Match Finished,FT,90.0,71,Serie A,Brazil,https://media.api-sports.io/football/leagues/71.png,https://media.api-sports.io/flags/br.svg,2009,Regular Season - 24,120,Botafogo,,,124,Fluminense,,,0.0,0.0,,,,,,,,,,True,
75315951226,,UTC,2009-09-13T16:00:00+00:00,1252857600,1252857600.0,1252861200.0,,Mineirão,,Match Finished,FT,90.0,71,Serie A,Brazil,https://media.api-sports.io/football/leagues/71.png,https://media.api-sports.io/flags/br.svg,2009,Regular Season - 24,1062,Atletico-MG,,True,134,Atletico Paranaense,,False,2.0,1.0,,,,,,,,,,True,
94136550409,,UTC,2009-09-13T18:30:00+00:00,1252866600,1252866600.0,1252870200.0,,Arena Barueri,,Match Finished,FT,90.0,71,Serie A,Brazil,https://media.api-sports.io/football/leagues/71.png,https://media.api-sports.io/flags/br.svg,2009,Regular Season - 24,171197,Barueri,,True,151,Goias,,False,3.0,1.0,,,,,,,,,,True,
37578451770,,UTC,2009-09-13T16:00:00+00:00,1252857600,1252857600.0,1252861200.0,,Beira Rio,,Match Finished,FT,90.0,71,Serie A,Brazil,https://media.api-sports.io/football/leagues/71.png,https://media.api-sports.io/flags/br.svg,2009,Regular Season - 24,119,Internacional,,False,135,Cruzeiro,,True,2.0,3.0,,,,,,,,,,True,
94221467566,,UTC,2009-09-13T18:30:00+00:00,1252866600,1252866600.0,1252870200.0,,Aflitos,,Match Finished,FT,90.0,71,Serie A,Brazil,https://media.api-sports.io/football/leagues/71.png,https://media.api-sports.io/flags/br.svg,2009,Regular Season - 24,755,Nautico Recife,,False,130,Gremio,,True,0.0,2.0,,,,,,,,,,True,
3913031900,,UTC,2009-09-13T16:00:00+00:00,1252857600,1252857600.0,1252861200.0,,Vila Belmiro,,Match Finished,FT,90.0,71,Serie A,Brazil,https://media.api-sports.io/football/leagues/71.png,https://media.api-sports.io/flags/br.svg,2009,Regular Season - 24,128,Santos,,True,834175,Santo André,,False,1.0,0.0,,,,,,,,,,True,
9694124494,,UTC,2009-09-13T16:00:00+00:00,1252857600,1252857600.0,1252861200.0,,Barradão,,Match Finished,FT,90.0,71,Serie A,Brazil,https://media.api-sports.io/football/leagues/71.png,https://media.api-sports.io/flags/br.svg,2009,Regular Season - 24,136,Vitoria,,True,121,Palmeiras,,False,3.0,2.0,,,,,,,,,,True,
65163753514,,UTC,2009-09-16T21:50:00+00:00,1253137800,1253137800.0,1253141400.0,,Couto Pereira,,Match Finished,FT,90.0,71,Serie A,Brazil,https://media.api-sports.io/football/leagues/71.png,https://media.api-sports.io/flags/br.svg,2009,Regular Season - 24,147,Coritiba,,,131,Corinthians,,,1.0,1.0,,,,,,,,,,True,
49078990422,,UTC,2009-09-19T18:30:00+00:00,1253385000,1253385000.0,1253388600.0,,Aflitos,,Match Finished,FT,90.0,71,Serie A,Brazil,https://media.api-sports.io/football/leagues/71.png,https://media.api-sports.io/flags/br.svg,2009,Regular Season - 25,755,Nautico Recife,,,1062,Atletico-MG,,,0.0,0.0,,,,,,,,,,True,
97558132413,,UTC,2009-09-19T18:30:00+00:00,1253385000,1253385000.0,1253388600.0,,Arena da Baixada,,Match Finished,FT,90.0,71,Serie A,Brazil,https://media.api-sports.io/football/leagues/71.png,https://media.api-sports.io/flags/br.svg,2009,Regular Season - 25,134,Atletico Paranaense,,True,123,Sport Recife,,False,1.0,0.0,,,,,,,,,,True,
89440277267,,UTC,2009-09-19T18:30:00+00:00,1253385000,1253385000.0,1253388600.0,,Barradão,,Match Finished,FT,90.0,71,Serie A,Brazil,https://media.api-sports.io/football/leagues/71.png,https://media.api-sports.io/flags/br.svg,2009,Regular Season - 25,136,Vitoria,,True,119,Internacional,,False,2.0,0.0,,,,,,,,,,True,
49444658023,,UTC,2009-09-20T18:30:00+00:00,1253471400,1253471400.0,1253475000.0,,Vila Belmiro,,Match Finished,FT,90.0,71,Serie A,Brazil,https://media.api-sports.io/football/leagues/71.png,https://media.api-sports.io/flags/br.svg,2009,Regular Season - 25,128,Santos,,,120,Botafogo,,,0.0,0.0,,,,,,,,,,True,
43349440199,,UTC,2009-09-20T16:00:00+00:00,1253462400,1253462400.0,1253466000.0,,Santa Cruz,,Match Finished,FT,90.0,71,Serie A,Brazil,https://media.api-sports.io/football/leagues/71.png,https://media.api-sports.io/flags/br.svg,2009,Regular Season - 25,834175,Santo André,,,126,Sao Paulo,,,1.0,1.0,,,,,,,,,,True,
19619618719,,UTC,2009-09-20T16:00:00+00:00,1253462400,1253462400.0,1253466000.0,,Ressacada,,Match Finished,FT,90.0,71,Serie A,Brazil,https://media.api-sports.io/football/leagues/71.png,https://media.api-sports.io/flags/br.svg,2009,Regular Season - 25,145,Avai,,True,171197,Barueri,,False,4.0,0.0,,,,,,,,,,True,
45832169783,,UTC,2009-09-20T18:30:00+00:00,1253471400,1253471400.0,1253475000.0,,Maracanã,,Match Finished,FT,90.0,71,Serie A,Brazil,https://media.api-sports.io/football/leagues/71.png,https://media.api-sports.io/flags/br.svg,2009,Regular Season - 25,127,Flamengo,,True,147,Coritiba,,False,3.0,0.0,,,,,,,,,,True,
90466032383,,UTC,2009-09-20T18:30:00+00:00,1253471400,1253471400.0,1253475000.0,,Pacaembu,,Match Finished,FT,90.0,71,Serie A,Brazil,https://media.api-sports.io/football/leagues/71.png,https://media.api-sports.io/flags/br.svg,2009,Regular Season - 25,131,Corinthians,,False,151,Goias,,True,1.0,4.0,,,,,,,,,,True,
99839072279,,UTC,2009-09-20T16:00:00+00:00,1253462400,1253462400.0,1253466000.0,,Olímpico Monumental,,Match Finished,FT,90.0,71,Serie A,Brazil,https://media.api-sports.io/football/leagues/71.png,https://media.api-sports.io/flags/br.svg,2009,Regular Season - 25,130,Gremio,,True,124,Fluminense,,False,5.0,1.0,,,,,,,,,,True,
85948385091,,UTC,2009-09-23T21:50:00+00:00,1253742600,1253742600.0,1253746200.0,,Mineirão,,Match Finished,FT,90.0,71,Serie A,Brazil,https://media.api-sports.io/football/leagues/71.png,https://media.api-sports.io/flags/br.svg,2009,Regular Season - 25,135,Cruzeiro,,False,121,Palmeiras,,True,1.0,2.0,,,,,,,,,,True,
96909426009,,UTC,2009-09-26T18:30:00+00:00,1253989800,1253989800.0,1253993400.0,,Arena Barueri,,Match Finished,FT,90.0,71,Serie A,Brazil,https://media.api-sports.io/football/leagues/71.png,https://media.api-sports.io/flags/br.svg,2009,Regular Season - 26,171197,Barueri,,False,135,Cruzeiro,,True,0.0,1.0,,,,,,,,,,True,
28648625940,,UTC,2009-09-26T18:30:00+00:00,1253989800,1253989800.0,1253993400.0,,Palestra Itália,,Match Finished,FT,90.0,71,Serie A,Brazil,https://media.api-sports.io/football/leagues/71.png,https://media.api-sports.io/flags/br.svg,2009,Regular Season - 26,121,Palmeiras,,True,134,Atletico Paranaense,,False,2.0,1.0,,,,,,,,,,True,
67106382538,,UTC,2009-09-27T16:00:00+00:00,1254067200,1254067200.0,1254070800.0,,Morumbi,,Match Finished,FT,90.0,71,Serie A,Brazil,https://media.api-sports.io/football/leagues/71.png,https://media.api-sports.io/flags/br.svg,2009,Regular Season - 26,126,Sao Paulo,,,131,Corinthians,,,1.0,1.0,,,,,,,,,,True,
64557370427,,UTC,2009-09-27T16:00:00+00:00,1254067200,1254067200.0,1254070800.0,,Beira Rio,,Match Finished,FT,90.0,71,Serie A,Brazil,https://media.api-sports.io/football/leagues/71.png,https://media.api-sports.io/flags/br.svg,2009,Regular Season - 26,119,Internacional,,,127,Flamengo,,,0.0,0.0,,,,,,,,,,True,
30966879809,,UTC,2009-09-27T18:30:00+00:00,1254076200,1254076200.0,1254079800.0,,Mineirão,,Match Finished,FT,90.0,71,Serie A,Brazil,https://media.api-sports.io/football/leagues/71.png,https://media.api-sports.io/flags/br.svg,2009,Regular Season - 26,1062,Atletico-MG,,True,128,Santos,,False,3.0,1.0,,,,,,,,,,True,
66378732411,,UTC,2009-09-27T16:00:00+00:00,1254067200,1254067200.0,1254070800.0,,Couto Pereira,,Match Finished,FT,90.0,71,Serie A,Brazil,https://media.api-sports.io/football/leagues/71.png,https://media.api-sports.io/flags/br.svg,2009,Regular Season - 26,147,Coritiba,,True,755,Nautico Recife,,False,2.0,0.0,,,,,,,,,,True,
74665648603,,UTC,2009-09-27T16:00:00+00:00,1254067200,1254067200.0,1254070800.0,,Maracanã,,Match Finished,FT,90.0,71,Serie A,Brazil,https://media.api-sports.io/football/leagues/71.png,https://media.api-sports.io/flags/br.svg,2009,Regular Season - 26,124,Fluminense,,True,145,Avai,,False,3.0,2.0,,,,,,,,,,True,
61858949203,,UTC,2009-09-27T16:00:00+00:00,1254067200,1254067200.0,1254070800.0,,Serra Dourada,,Match Finished,FT,90.0,71,Serie A,Brazil,https://media.api-sports.io/football/leagues/71.png,https://media.api-sports.io/flags/br.svg,2009,Regular Season - 26,151,Goias,,True,130,Gremio,,False,2.0,1.0,,,,,,,,,,True,
47937917981,,UTC,2009-09-27T18:30:00+00:00,1254076200,1254076200.0,1254079800.0,,Ilha do Retiro,,Match Finished,FT,90.0,71,Serie A,Brazil,https://media.api-sports.io/football/leagues/71.png,https://media.api-sports.io/flags/br.svg,2009,Regular Season - 26,123,Sport Recife,,True,834175,Santo André,,False,2.0,1.0,,,,,,,,,,True,
23361838508,,UTC,2009-09-27T18:30:00+00:00,1254076200,1254076200.0,1254079800.0,,Engenhão,,Match Finished,FT,90.0,71,Serie A,Brazil,https://media.api-sports.io/football/leagues/71.png,https://media.api-sports.io/flags/br.svg,2009,Regular Season - 26,120,Botafogo,,False,136,Vitoria,,True,1.0,3.0,,,,,,,,,,True,
69199516585,,UTC,2009-09-30T21:50:00+00:00,1254347400,1254347400.0,1254351000.0,,Aflitos,,Match Finished,FT,90.0,71,Serie A,Brazil,https://media.api-sports.io/football/leagues/71.png,https://media.api-sports.io/flags/br.svg,2009,Regular Season - 27,755,Nautico Recife,,False,126,Sao Paulo,,True,1.0,2.0,,,,,,,,,,True,
97904641591,,UTC,2009-10-03T18:30:00+00:00,1254594600,1254594600.0,1254598200.0,,Mineirão,,Match Finished,FT,90.0,71,Serie A,Brazil,https://media.api-sports.io/football/leagues/71.png,https://media.api-sports.io/flags/br.svg,2009,Regular Season - 27,1062,Atletico-MG,,True,171197,Barueri,,False,2.0,1.0,,,,,,,,,,True,
91969014546,,UTC,2009-10-03T18:30:00+00:00,1254594600,1254594600.0,1254598200.0,,Pacaembu,,Match Finished,FT,90.0,71,Serie A,Brazil,https://media.api-sports.io/football/leagues/71.png,https://media.api-sports.io/flags/br.svg,2009,Regular Season - 27,131,Corinthians,,False,134,Atletico Paranaense,,True,1.0,3.0,,,,,,,,,,True,
16514784752,,UTC,2009-10-03T18:30:00+00:00,1254594600,1254594600.0,1254598200.0,,Bruno José Daniel,,Match Finished,FT,90.0,71,Serie A,Brazil,https://media.api-sports.io/football/leagues/71.png,https://media.api-sports.io/flags/br.svg,2009,Regular Season - 27,834175,Santo André,,True,136,Vitoria,,False,1.0,0.0,,,,,,,,,,True,
45919351722,,UTC,2009-10-04T18:30:00+00:00,1254681000,1254681000.0,1254684600.0,,Ressacada,,Match Finished,FT,90.0,71,Serie A,Brazil,https://media.api-sports.io/football/leagues/71.png,https://media.api-sports.io/flags/br.svg,2009,Regular Season - 27,145,Avai,,,135,Cruzeiro,,,2.0,2.0,,,,,,,,,,True,
50512997873,,UTC,2009-10-04T16:00:00+00:00,1254672000,1254672000.0,1254675600.0,,Olímpico Monumental,,Match Finished,FT,90.0,71,Serie A,Brazil,https://media.api-sports.io/football/leagues/71.png,https://media.api-sports.io/flags/br.svg,2009,Regular Season - 27,130,Gremio,,,123,Sport Recife,,,3.0,3.0,,,,,,,,,,True,
71013702070,,UTC,2009-10-04T16:00:00+00:00,1254672000,1254672000.0,1254675600.0,,Serra Dourada,,Match Finished,FT,90.0,71,Serie A,Brazil,https://media.api-sports.io/football/leagues/71.png,https://media.api-sports.io/flags/br.svg,2009,Regular Season - 27,151,Goias,,False,120,Botafogo,,True,1.0,3.0,,,,,,,,,,True,
46674881209,,UTC,2009-10-04T18:30:00+00:00,1254681000,1254681000.0,1254684600.0,,Couto Pereira,,Match Finished,FT,90.0,71,Serie A,Brazil,https://media.api-sports.io/football/leagues/71.png,https://media.api-sports.io/flags/br.svg,2009,Regular Season - 27,147,Coritiba,,True,119,Internacional,,False,2.0,0.0,,,,,,,,,,True,
47122368639,,UTC,2009-10-04T18:30:00+00:00,1254681000,1254681000.0,1254684600.0,,Maracanã,,Match Finished,FT,90.0,71,Serie A,Brazil,https://media.api-sports.io/football/leagues/71.png,https://media.api-sports.io/flags/br.svg,2009,Regular Season - 27,127,Flamengo,,True,124,Fluminense,,False,2.0,0.0,,,,,,,,,,True,
78737970425,,UTC,2009-10-04T16:00:00+00:00,1254672000,1254672000.0,1254675600.0,,Vila Belmiro,,Match Finished,FT,90.0,71,Serie A,Brazil,https://media.api-sports.io/football/leagues/71.png,https://media.api-sports.io/flags/br.svg,2009,Regular Season - 27,128,Santos,,False,121,Palmeiras,,True,1.0,3.0,,,,,,,,,,True,
18746919769,,UTC,2009-10-07T21:50:00+00:00,1254952200,1254952200.0,1254955800.0,,Maracanã,,Match Finished,FT,90.0,71,Serie A,Brazil,https://media.api-sports.io/football/leagues/71.png,https://media.api-sports.io/flags/br.svg,2009,Regular Season - 28,124,Fluminense,,,131,Corinthians,,,1.0,1.0,,,,,,,,,,True,
69033345963,,UTC,2009-10-07T21:00:00+00:00,1254949200,1254949200.0,1254952800.0,,Morumbi,,Match Finished,FT,90.0,71,Serie A,Brazil,https://media.api-sports.io/football/leagues/71.png,https://media.api-sports.io/flags/br.svg,2009,Regular Season - 28,126,Sao Paulo,,,147,Coritiba,,,2.0,2.0,,,,,,,,,,True,
86029601815,,UTC,2009-10-07T21:50:00+00:00,1254952200,1254952200.0,1254955800.0,,Barradão,,Match Finished,FT,90.0,71,Serie A,Brazil,https://media.api-sports.io/football/leagues/71.png,https://media.api-sports.io/flags/br.svg,2009,Regular Season - 28,136,Vitoria,,,127,Flamengo,,,3.0,3.0,,,,,,,,,,True,
19821389531,,UTC,2009-10-07T21:00:00+00:00,1254949200,1254949200.0,1254952800.0,,Arena da Baixada,,Match Finished,FT,90.0,71,Serie A,Brazil,https://media.api-sports.io/football/leagues/71.png,https://media.api-sports.io/flags/br.svg,2009,Regular Season - 28,134,Atletico Paranaense,,,130,Gremio,,,0.0,0.0,,,,,,,,,,True,
91698224853,,UTC,2009-10-07T19:30:00+00:00,1254943800,1254943800.0,1254947400.0,,Arena Barueri,,Match Finished,FT,90.0,71,Serie A,Brazil,https://media.api-sports.io/football/leagues/71.png,https://media.api-sports.io/flags/br.svg,2009,Regular Season - 28,171197,Barueri,,,834175,Santo André,,,0.0,0.0,,,,,,,,,,True,
21954288324,,UTC,2009-10-07T21:50:00+00:00,1254952200,1254952200.0,1254955800.0,,Beira Rio,,Match Finished,FT,90.0,71,Serie A,Brazil,https://media.api-sports.io/football/leagues/71.png,https://media.api-sports.io/flags/br.svg,2009,Regular Season - 28,119,Internacional,,True,755,Nautico Recife,,False,3.0,1.0,,,,,,,,,,True,
68148992613,,UTC,2009-10-07T19:30:00+00:00,1254943800,1254943800.0,1254947400.0,,Ilha do Retiro,,Match Finished,FT,90.0,71,Serie A,Brazil,https://media.api-sports.io/football/leagues/71.png,https://media.api-sports.io/flags/br.svg,2009,Regular Season - 28,123,Sport Recife,,False,128,Santos,,True,0.0,1.0,,,,,,,,,,True,
90589678259,,UTC,2009-10-08T21:00:00+00:00,1255035600,1255035600.0,1255039200.0,,Palestra Itália,,Match Finished,FT,90.0,71,Serie A,Brazil,https://media.api-sports.io/football/leagues/71.png,https://media.api-sports.io/flags/br.svg,2009,Regular Season - 28,121,Palmeiras,,,145,Avai,,,2.0,2.0,,,,,,,,,,True,
10225173168,,UTC,2009-10-08T21:00:00+00:00,1255035600,1255035600.0,1255039200.0,,Engenhão,,Match Finished,FT,90.0,71,Serie A,Brazil,https://media.api-sports.io/football/leagues/71.png,https://media.api-sports.io/flags/br.svg,2009,Regular Season - 28,120,Botafogo,,True,1062,Atletico-MG,,False,3.0,1.0,,,,,,,,,,True,
89719426784,,UTC,2009-10-08T21:00:00+00:00,1255035600,1255035600.0,1255039200.0,,Mineirão,,Match Finished,FT,90.0,71,Serie A,Brazil,https://media.api-sports.io/football/leagues/71.png,https://media.api-sports.io/flags/br.svg,2009,Regular Season - 28,135,Cruzeiro,,True,151,Goias,,False,3.0,0.0,,,,,,,,,,True,
24693032337,,UTC,2009-10-10T18:30:00+00:00,1255199400,1255199400.0,1255203000.0,,Beira Rio,,Match Finished,FT,90.0,71,Serie A,Brazil,https://media.api-sports.io/football/leagues/71.png,https://media.api-sports.io/flags/br.svg,2009,Regular Season - 29,119,Internacional,,,134,Atletico Paranaense,,,1.0,1.0,,,,,,,,,,True,
14196253317,,UTC,2009-10-10T18:30:00+00:00,1255199400,1255199400.0,1255203000.0,,Couto Pereira,,Match Finished,FT,90.0,71,Serie A,Brazil,https://media.api-sports.io/football/leagues/71.png,https://media.api-sports.io/flags/br.svg,2009,Regular Season - 29,147,Coritiba,,False,171197,Barueri,,True,1.0,2.0,,,,,,,,,,True,
45795643429,,UTC,2009-10-10T16:10:00+00:00,1255191000,1255191000.0,1255194600.0,,Pacaembu,,Match Finished,FT,90.0,71,Serie A,Brazil,https://media.api-sports.io/football/leagues/71.png,https://media.api-sports.io/flags/br.svg,2009,Regular Season - 29,131,Corinthians,,True,130,Gremio,,False,2.0,1.0,,,,,,,,,,True,
78742603521,,UTC,2009-10-10T16:10:00+00:00,1255191000,1255191000.0,1255194600.0,,Maracanã,,Match Finished,FT,90.0,71,Serie A,Brazil,https://media.api-sports.io/football/leagues/71.png,https://media.api-sports.io/flags/br.svg,2009,Regular Season - 29,127,Flamengo,,True,126,Sao Paulo,,False,2.0,1.0,,,,,,,,,,True,
42990508182,,UTC,2009-10-10T18:10:00+00:00,1255198200,1255198200.0,1255201800.0,,Bruno José Daniel,,Match Finished,FT,90.0,71,Serie A,Brazil,https://media.api-sports.io/football/leagues/71.png,https://media.api-sports.io/flags/br.svg,2009,Regular Season - 29,834175,Santo André,,False,124,Fluminense,,True,1.0,2.0,,,,,,,,,,True,
36177559573,,UTC,2009-10-12T16:00:00+00:00,1255363200,1255363200.0,1255366800.0,,Engenhão,,Match Finished,FT,90.0,71,Serie A,Brazil,https://media.api-sports.io/football/leagues/71.png,https://media.api-sports.io/flags/br.svg,2009,Regular Season - 29,120,Botafogo,,,145,Avai,,,2.0,2.0,,,,,,,,,,True,
29020733635,,UTC,2009-10-12T16:00:00+00:00,1255363200,1255363200.0,1255366800.0,,Serra Dourada,,Match Finished,FT,90.0,71,Serie A,Brazil,https://media.api-sports.io/football/leagues/71.png,https://media.api-sports.io/flags/br.svg,2009,Regular Season - 29,151,Goias,,,123,Sport Recife,,,1.0,1.0,,,,,,,,,,True,
93927038565,,UTC,2009-10-12T16:00:00+00:00,1255363200,1255363200.0,1255366800.0,,Pacaembu,,Match Finished,FT,90.0,71,Serie A,Brazil,https://media.api-sports.io/football/leagues/71.png,https://media.api-sports.io/flags/br.svg,2009,Regular Season - 29,128,Santos,,,136,Vitoria,,,0.0,0.0,,,,,,,,,,True,
77367090862,,UTC,2009-10-12T16:00:00+00:00,1255363200,1255363200.0,1255366800.0,,Mineirão,,Match Finished,FT,90.0,71,Serie A,Brazil,https://media.api-sports.io/football/leagues/71.png,https://media.api-sports.io/flags/br.svg,2009,Regular Season - 29,1062,Atletico-MG,,False,135,Cruzeiro,,True,0.0,1.0,,,,,,,,,,True,
89981977962,,UTC,2009-10-12T16:00:00+00:00,1255363200,1255363200.0,1255366800.0,,Aflitos,,Match Finished,FT,90.0,71,Serie A,Brazil,https://media.api-sports.io/football/leagues/71.png,https://media.api-sports.io/flags/br.svg,2009,Regular Season - 29,755,Nautico Recife,,True,121,Palmeiras,,False,3.0,0.0,,,,,,,,,,True,
2977325479,,UTC,2009-10-17T18:30:00+00:00,1255804200,1255804200.0,1255807800.0,,Arena Barueri,,Match Finished,FT,90.0,71,Serie A,Brazil,https://media.api-sports.io/football/leagues/71.png,https://media.api-sports.io/flags/br.svg,2009,Regular Season - 30,171197,Barueri,,,128,Santos,,,0.0,0.0,,,,,,,,,,True,
12092272350,,UTC,2009-10-17T18:30:00+00:00,1255804200,1255804200.0,1255807800.0,,Morumbi,,Match Finished,FT,90.0,71,Serie A,Brazil,https://media.api-sports.io/football/leagues/71.png,https://media.api-sports.io/flags/br.svg,2009,Regular Season - 30,126,Sao Paulo,,False,1062,Atletico-MG,,True,0.0,1.0,,,,,,,,,,True,
50629659745,,UTC,2009-10-17T18:30:00+00:00,1255804200,1255804200.0,1255807800.0,,Ressacada,,Match Finished,FT,90.0,71,Serie A,Brazil,https://media.api-sports.io/football/leagues/71.png,https://media.api-sports.io/flags/br.svg,2009,Regular Season - 30,145,Avai,,True,151,Goias,,False,2.0,1.0,,,,,,,,,,True,
21447358947,,UTC,2009-10-18T16:00:00+00:00,1255881600,1255881600.0,1255885200.0,,Maracanã,,Match Finished,FT,90.0,71,Serie A,Brazil,https://media.api-sports.io/football/leagues/71.png,https://media.api-sports.io/flags/br.svg,2009,Regular Season - 30,124,Fluminense,,,119,Internacional,,,2.0,2.0,,,,,,,,,,True,
74582224149,,UTC,2009-10-18T18:30:00+00:00,1255890600,1255890600.0,1255894200.0,,Arena da Baixada,,Match Finished,FT,90.0,71,Serie A,Brazil,https://media.api-sports.io/football/leagues/71.png,https://media.api-sports.io/flags/br.svg,2009,Regular Season - 30,134,Atletico Paranaense,,True,834175,Santo André,,False,3.0,0.0,,,,,,,,,,True,
62776490807,,UTC,2009-10-18T18:30:00+00:00,1255890600,1255890600.0,1255894200.0,,Mineirão,,Match Finished,FT,90.0,71,Serie A,Brazil,https://media.api-sports.io/football/leagues/71.png,https://media.api-sports.io/flags/br.svg,2009,Regular Season - 30,135,Cruzeiro,,True,120,Botafogo,,False,1.0,0.0,,,,,,,,,,True,
11074411958,,UTC,2009-10-18T16:10:00+00:00,1255882200,1255882200.0,1255885800.0,,Palestra Itália,,Match Finished,FT,90.0,71,Serie A,Brazil,https://media.api-sports.io/football/leagues/71.png,https://media.api-sports.io/flags/br.svg,2009,Regular Season - 30,121,Palmeiras,,False,127,Flamengo,,True,0.0,2.0,,,,,,,,,,True,
84144285025,,UTC,2009-10-18T16:00:00+00:00,1255881600,1255881600.0,1255885200.0,,Olímpico Monumental,,Match Finished,FT,90.0,71,Serie A,Brazil,https://media.api-sports.io/football/leagues/71.png,https://media.api-sports.io/flags/br.svg,2009,Regular Season - 30,130,Gremio,,True,147,Coritiba,,False,2.0,0.0,,,,,,,,,,True,
23127323048,,UTC,2009-10-18T16:00:00+00:00,1255881600,1255881600.0,1255885200.0,,Ilha do Retiro,,Match Finished,FT,90.0,71,Serie A,Brazil,https://media.api-sports.io/football/leagues/71.png,https://media.api-sports.io/flags/br.svg,2009,Regular Season - 30,123,Sport Recife,,True,131,Corinthians,,False,2.0,0.0,,,,,,,,,,True,
43224008497,,UTC,2009-10-18T18:30:00+00:00,1255890600,1255890600.0,1255894200.0,,Barradão,,Match Finished,FT,90.0,71,Serie A,Brazil,https://media.api-sports.io/football/leagues/71.png,https://media.api-sports.io/flags/br.svg,2009,Regular Season - 30,136,Vitoria,,True,755,Nautico Recife,,False,3.0,1.0,,,,,,,,,,True,
92848940094,,UTC,2009-10-21T21:50:00+00:00,1256161800,1256161800.0,1256165400.0,,Bruno José Daniel,,Match Finished,FT,90.0,71,Serie A,Brazil,https://media.api-sports.io/football/leagues/71.png,https://media.api-sports.io/flags/br.svg,2009,Regular Season - 31,834175,Santo André,,True,121,Palmeiras,,False,2.0,0.0,,,,,,,,,,True,
73068575131,,UTC,2009-10-24T18:30:00+00:00,1256409000,1256409000.0,1256412600.0,,Mineirão,,Match Finished,FT,90.0,71,Serie A,Brazil,https://media.api-sports.io/football/leagues/71.png,https://media.api-sports.io/flags/br.svg,2009,Regular Season - 31,1062,Atletico-MG,,True,136,Vitoria,,False,1.0,0.0,,,,,,,,,,True,
9557980561,,UTC,2009-10-24T18:30:00+00:00,1256409000,1256409000.0,1256412600.0,,Aflitos,,Match Finished,FT,90.0,71,Serie A,Brazil,https://media.api-sports.io/football/leagues/71.png,https://media.api-sports.io/flags/br.svg,2009,Regular Season - 31,755,Nautico Recife,,True,171197,Barueri,,False,2.0,1.0,,,,,,,,,,True,
13996466181,,UTC,2009-10-25T16:00:00+00:00,1256486400,1256486400.0,1256490000.0,,Serra Dourada,,Match Finished,FT,90.0,71,Serie A,Brazil,https://media.api-sports.io/football/leagues/71.png,https://media.api-sports.io/flags/br.svg,2009,Regular Season - 31,151,Goias,,,124,Fluminense,,,2.0,2.0,,,,,,,,,,True,
38533639561,,UTC,2009-10-25T18:30:00+00:00,1256495400,1256495400.0,1256499000.0,,Ressacada,,Match Finished,FT,90.0,71,Serie A,Brazil,https://media.api-sports.io/football/leagues/71.png,https://media.api-sports.io/flags/br.svg,2009,Regular Season - 31,145,Avai,,,123,Sport Recife,,,2.0,2.0,,,,,,,,,,True,
72857964889,,UTC,2009-10-25T16:00:00+00:00,1256486400,1256486400.0,1256490000.0,,Couto Pereira,,Match Finished,FT,90.0,71,Serie A,Brazil,https://media.api-sports.io/football/leagues/71.png,https://media.api-sports.io/flags/br.svg,2009,Regular Season - 31,147,Coritiba,,True,134,Atletico Paranaense,,False,3.0,2.0,,,,,,,,,,True,
92674402632,,UTC,2009-10-25T18:30:00+00:00,1256495400,1256495400.0,1256499000.0,,Pacaembu,,Match Finished,FT,90.0,71,Serie A,Brazil,https://media.api-sports.io/football/leagues/71.png,https://media.api-sports.io/flags/br.svg,2009,Regular Season - 31,131,Corinthians,,False,135,Cruzeiro,,True,0.0,1.0,,,,,,,,,,True,
44400238732,,UTC,2009-10-25T18:30:00+00:00,1256495400,1256495400.0,1256499000.0,,Engenhão,,Match Finished,FT,90.0,71,Serie A,Brazil,https://media.api-sports.io/football/leagues/71.png,https://media.api-sports.io/flags/br.svg,2009,Regular Season - 31,120,Botafogo,,False,127,Flamengo,,True,0.0,1.0,,,,,,,,,,True,
81967972089,,UTC,2009-10-25T16:00:00+00:00,1256486400,1256486400.0,1256490000.0,,Beira Rio,,Match Finished,FT,90.0,71,Serie A,Brazil,https://media.api-sports.io/football/leagues/71.png,https://media.api-sports.io/flags/br.svg,2009,Regular Season - 31,119,Internacional,,True,130,Gremio,,False,1.0,0.0,,,,,,,,,,True,
58524289313,,UTC,2009-10-25T16:00:00+00:00,1256486400,1256486400.0,1256490000.0,,Vila Belmiro,,Match Finished,FT,90.0,71,Serie A,Brazil,https://media.api-sports.io/football/leagues/71.png,https://media.api-sports.io/flags/br.svg,2009,Regular Season - 31,128,Santos,,False,126,Sao Paulo,,True,3.0,4.0,,,,,,,,,,True,
99158485523,,UTC,2009-10-28T19:30:00+00:00,1256758200,1256758200.0,1256761800.0,,Arena da Baixada,,Match Finished,FT,90.0,71,Serie A,Brazil,https://media.api-sports.io/football/leagues/71.png,https://media.api-sports.io/flags/br.svg,2009,Regular Season - 32,134,Atletico Paranaense,,,128,Santos,,,1.0,1.0,,,,,,,,,,True,
2801504259,,UTC,2009-10-28T21:50:00+00:00,1256766600,1256766600.0,1256770200.0,,Arena Barueri,,Match Finished,FT,90.0,71,Serie A,Brazil,https://media.api-sports.io/football/leagues/71.png,https://media.api-sports.io/flags/br.svg,2009,Regular Season - 32,171197,Barueri,,True,127,Flamengo,,False,2.0,0.0,,,,,,,,,,True,
56632245552,,UTC,2009-10-28T19:30:00+00:00,1256758200,1256758200.0,1256761800.0,,Engenhão,,Match Finished,FT,90.0,71,Serie A,Brazil,https://media.api-sports.io/football/leagues/71.png,https://media.api-sports.io/flags/br.svg,2009,Regular Season - 32,120,Botafogo,,True,755,Nautico Recife,,False,1.0,0.0,,,,,,,,,,True,
1633921376,,UTC,2009-10-28T21:50:00+00:00,1256766600,1256766600.0,1256770200.0,,Barradão,,Match Finished,FT,90.0,71,Serie A,Brazil,https://media.api-sports.io/football/leagues/71.png,https://media.api-sports.io/flags/br.svg,2009,Regular Season - 32,136,Vitoria,,False,131,Corinthians,,True,0.0,1.0,,,,,,,,,,True,
13176278550,,UTC,2009-10-28T21:00:00+00:00,1256763600,1256763600.0,1256767200.0,,Mineirão,,Match Finished,FT,90.0,71,Serie A,Brazil,https://media.api-sports.io/football/leagues/71.png,https://media.api-sports.io/flags/br.svg,2009,Regular Season - 32,135,Cruzeiro,,True,834175,Santo André,,False,3.0,2.0,,,,,,,,,,True,
15904255754,,UTC,2009-10-28T21:00:00+00:00,1256763600,1256763600.0,1256767200.0,,Olímpico Monumental,,Match Finished,FT,90.0,71,Serie A,Brazil,https://media.api-sports.io/football/leagues/71.png,https://media.api-sports.io/flags/br.svg,2009,Regular Season - 32,130,Gremio,,True,145,Avai,,False,3.0,1.0,,,,,,,,,,True,
90305724294,,UTC,2009-10-28T21:50:00+00:00,1256766600,1256766600.0,1256770200.0,,Morumbi,,Match Finished,FT,90.0,71,Serie A,Brazil,https://media.api-sports.io/football/leagues/71.png,https://media.api-sports.io/flags/br.svg,2009,Regular Season - 32,126,Sao Paulo,,True,119,Internacional,,False,1.0,0.0,,,,,,,,,,True,
2935594334,,UTC,2009-10-29T21:00:00+00:00,1256850000,1256850000.0,1256853600.0,,Ilha do Retiro,,Match Finished,FT,90.0,71,Serie A,Brazil,https://media.api-sports.io/football/leagues/71.png,https://media.api-sports.io/flags/br.svg,2009,Regular Season - 32,123,Sport Recife,,,147,Coritiba,,,1.0,1.0,,,,,,,,,,True,
48278796770,,UTC,2009-10-29T21:00:00+00:00,1256850000,1256850000.0,1256853600.0,,Maracanã,,Match Finished,FT,90.0,71,Serie A,Brazil,https://media.api-sports.io/football/leagues/71.png,https://media.api-sports.io/flags/br.svg,2009,Regular Season - 32,124,Fluminense,,True,1062,Atletico-MG,,False,2.0,1.0,,,,,,,,,,True,
53195494261,,UTC,2009-10-29T21:00:00+00:00,1256850000,1256850000.0,1256853600.0,,Palestra Itália,,Match Finished,FT,90.0,71,Serie A,Brazil,https://media.api-sports.io/football/leagues/71.png,https://media.api-sports.io/flags/br.svg,2009,Regular Season - 32,121,Palmeiras,,True,151,Goias,,False,4.0,0.0,,,,,,,,,,True,
70257062973,,UTC,2009-10-31T18:30:00+00:00,1257013800,1257013800.0,1257017400.0,,Ressacada,,Match Finished,FT,90.0,71,Serie A,Brazil,https://media.api-sports.io/football/leagues/71.png,https://media.api-sports.io/flags/br.svg,2009,Regular Season - 33,145,Avai,,True,134,Atletico Paranaense,,False,2.0,0.0,,,,,,,,,,True,
93626165221,,UTC,2009-10-31T18:30:00+00:00,1257013800,1257013800.0,1257017400.0,,Maracanã,,Match Finished,FT,90.0,71,Serie A,Brazil,https://media.api-sports.io/football/leagues/71.png,https://media.api-sports.io/flags/br.svg,2009,Regular Season - 33,127,Flamengo,,True,128,Santos,,False,1.0,0.0,,,,,,,,,,True,
39421665711,,UTC,2009-10-31T18:30:00+00:00,1257013800,1257013800.0,1257017400.0,,Morumbi,,Match Finished,FT,90.0,71,Serie A,Brazil,https://media.api-sports.io/football/leagues/71.png,https://media.api-sports.io/flags/br.svg,2009,Regular Season - 33,126,Sao Paulo,,True,171197,Barueri,,False,1.0,0.0,,,,,,,,,,True,
28015729318,,UTC,2009-11-01T16:00:00+00:00,1257091200,1257091200.0,1257094800.0,,Eduardo José Farah,,Match Finished,FT,90.0,71,Serie A,Brazil,https://media.api-sports.io/football/leagues/71.png,https://media.api-sports.io/flags/br.svg,2009,Regular Season - 33,121,Palmeiras,,,131,Corinthians,,,2.0,2.0,,,,,,,,,,True,
14883212881,,UTC,2009-11-01T16:00:00+00:00,1257091200,1257091200.0,1257094800.0,,Serra Dourada,,Match Finished,FT,90.0,71,Serie A,Brazil,https://media.api-sports.io/football/leagues/71.png,https://media.api-sports.io/flags/br.svg,2009,Regular Season - 33,151,Goias,,False,1062,Atletico-MG,,True,2.0,3.0,,,,,,,,,,True,
21761282409,,UTC,2009-11-01T16:00:00+00:00,1257091200,1257091200.0,1257094800.0,,Beira Rio,,Match Finished,FT,90.0,71,Serie A,Brazil,https://media.api-sports.io/football/leagues/71.png,https://media.api-sports.io/flags/br.svg,2009,Regular Season - 33,119,Internacional,,False,120,Botafogo,,True,0.0,1.0,,,,,,,,,,True,
46146638909,,UTC,2009-11-01T16:00:00+00:00,1257091200,1257091200.0,1257094800.0,,Couto Pereira,,Match Finished,FT,90.0,71,Serie A,Brazil,https://media.api-sports.io/football/leagues/71.png,https://media.api-sports.io/flags/br.svg,2009,Regular Season - 33,147,Coritiba,,True,136,Vitoria,,False,1.0,0.0,,,,,,,,,,True,
45091828145,,UTC,2009-11-01T18:30:00+00:00,1257100200,1257100200.0,1257103800.0,,Mineirão,,Match Finished,FT,90.0,71,Serie A,Brazil,https://media.api-sports.io/football/leagues/71.png,https://media.api-sports.io/flags/br.svg,2009,Regular Season - 33,135,Cruzeiro,,False,124,Fluminense,,True,2.0,3.0,,,,,,,,,,True,
67498069428,,UTC,2009-11-01T18:30:00+00:00,1257100200,1257100200.0,1257103800.0,,Aflitos,,Match Finished,FT,90.0,71,Serie A,Brazil,https://media.api-sports.io/football/leagues/71.png,https://media.api-sports.io/flags/br.svg,2009,Regular Season - 33,755,Nautico Recife,,True,123,Sport Recife,,False,3.0,2.0,,,,,,,,,,True,
67759329989,,UTC,2009-11-01T18:30:00+00:00,1257100200,1257100200.0,1257103800.0,,Bruno José Daniel,,Match Finished,FT,90.0,71,Serie A,Brazil,https://media.api-sports.io/football/leagues/71.png,https://media.api-sports.io/flags/br.svg,2009,Regular Season - 33,834175,Santo André,,True,130,Gremio,,False,2.0,0.0,,,,,,,,,,True,
89315789087,,UTC,2009-11-04T21:50:00+00:00,1257371400,1257371400.0,1257375000.0,,Olímpico Monumental,,Match Finished,FT,90.0,71,Serie A,Brazil,https://media.api-sports.io/football/leagues/71.png,https://media.api-sports.io/flags/br.svg,2009,Regular Season - 34,130,Gremio,,,126,Sao Paulo,,,1.0,1.0,,,,,,,,,,True,
65873154906,,UTC,2009-11-07T18:30:00+00:00,1257618600,1257618600.0,1257622200.0,,Barradão,,Match Finished,FT,90.0,71,Serie A,Brazil,https://media.api-sports.io/football/leagues/71.png,https://media.api-sports.io/flags/br.svg,2009,Regular Season - 34,136,Vitoria,,False,145,Avai,,True,0.0,1.0,,,,,,,,,,True,
35882317168,,UTC,2009-11-07T18:30:00+00:00,1257618600,1257618600.0,1257622200.0,,Ilha do Retiro,,Match Finished,FT,90.0,71,Serie A,Brazil,https://media.api-sports.io/football/leagues/71.png,https://media.api-sports.io/flags/br.svg,2009,Regular Season - 34,123,Sport Recife,,False,135,Cruzeiro,,True,2.0,3.0,,,,,,,,,,True,
13513386736,,UTC,2009-11-07T18:30:00+00:00,1257618600,1257618600.0,1257622200.0,,Pacaembu,,Match Finished,FT,90.0,71,Serie A,Brazil,https://media.api-sports.io/football/leagues/71.png,https://media.api-sports.io/flags/br.svg,2009,Regular Season - 34,128,Santos,,True,755,Nautico Recife,,False,3.0,1.0,,,,,,,,,,True,
53261726966,,UTC,2009-11-08T18:30:00+00:00,1257705000,1257705000.0,1257708600.0,,Arena Barueri,,Match Finished,FT,90.0,71,Serie A,Brazil,https://media.api-sports.io/football/leagues/71.png,https://media.api-sports.io/flags/br.svg,2009,Regular Season - 34,171197,Barueri,,,119,Internacional,,,1.0,1.0,,,,,,,,,,True,
7640831493,,UTC,2009-11-08T18:30:00+00:00,1257705000,1257705000.0,1257708600.0,,Arena da Baixada,,Match Finished,FT,90.0,71,Serie A,Brazil,https://media.api-sports.io/football/leagues/71.png,https://media.api-sports.io/flags/br.svg,2009,Regular Season - 34,134,Atletico Paranaense,,True,151,Goias,,False,2.0,0.0,,,,,,,,,,True,
37241110021,,UTC,2009-11-08T18:30:00+00:00,1257705000,1257705000.0,1257708600.0,,Engenhão,,Match Finished,FT,90.0,71,Serie A,Brazil,https://media.api-sports.io/football/leagues/71.png,https://media.api-sports.io/flags/br.svg,2009,Regular Season - 34,120,Botafogo,,True,147,Coritiba,,False,2.0,0.0,,,,,,,,,,True,
23317412523,,UTC,2009-11-08T16:00:00+00:00,1257696000,1257696000.0,1257699600.0,,Pacaembu,,Match Finished,FT,90.0,71,Serie A,Brazil,https://media.api-sports.io/football/leagues/71.png,https://media.api-sports.io/flags/br.svg,2009,Regular Season - 34,131,Corinthians,,True,834175,Santo André,,False,2.0,0.0,,,,,,,,,,True,
72814945871,,UTC,2009-11-08T16:00:00+00:00,1257696000,1257696000.0,1257699600.0,,Mineirão,,Match Finished,FT,90.0,71,Serie A,Brazil,https://media.api-sports.io/football/leagues/71.png,https://media.api-sports.io/flags/br.svg,2009,Regular Season - 34,1062,Atletico-MG,,False,127,Flamengo,,True,1.0,3.0,,,,,,,,,,True,
40113913453,,UTC,2009-11-08T16:00:00+00:00,1257696000,1257696000.0,1257699600.0,,Maracanã,,Match Finished,FT,90.0,71,Serie A,Brazil,https://media.api-sports.io/football/leagues/71.png,https://media.api-sports.io/flags/br.svg,2009,Regular Season - 34,124,Fluminense,,True,121,Palmeiras,,False,1.0,0.0,,,,,,,,,,True,
72376294792,,UTC,2009-11-11T21:50:00+00:00,1257976200,1257976200.0,1257979800.0,,Palestra Itália,,Match Finished,FT,90.0,71,Serie A,Brazil,https://media.api-sports.io/football/leagues/71.png,https://media.api-sports.io/flags/br.svg,2009,Regular Season - 35,121,Palmeiras,,,123,Sport Recife,,,2.0,2.0,,,,,,,,,,True,
81629229359,,UTC,2009-11-14T19:30:00+00:00,1258227000,1258227000.0,1258230600.0,,Mineirão,,Match Finished,FT,90.0,71,Serie A,Brazil,https://media.api-sports.io/football/leagues/71.png,https://media.api-sports.io/flags/br.svg,2009,Regular Season - 35,135,Cruzeiro,,,130,Gremio,,,1.0,1.0,,,,,,,,,,True,
90391982629,,UTC,2009-11-14T19:30:00+00:00,1258227000,1258227000.0,1258230600.0,,Couto Pereira,,Match Finished,FT,90.0,71,Serie A,Brazil,https://media.api-sports.io/football/leagues/71.png,https://media.api-sports.io/flags/br.svg,2009,Regular Season - 35,147,Coritiba,,True,1062,Atletico-MG,,False,2.0,1.0,,,,,,,,,,True,
94155088501,,UTC,2009-11-14T19:30:00+00:00,1258227000,1258227000.0,1258230600.0,,Morumbi,,Match Finished,FT,90.0,71,Serie A,Brazil,https://media.api-sports.io/football/leagues/71.png,https://media.api-sports.io/flags/br.svg,2009,Regular Season - 35,126,Sao Paulo,,True,136,Vitoria,,False,2.0,0.0,,,,,,,,,,True,
45165154258,,UTC,2009-11-15T17:00:00+00:00,1258304400,1258304400.0,1258308000.0,,Ressacada,,Match Finished,FT,90.0,71,Serie A,Brazil,https://media.api-sports.io/football/leagues/71.png,https://media.api-sports.io/flags/br.svg,2009,Regular Season - 35,145,Avai,,True,131,Corinthians,,False,3.0,1.0,,,,,,,,,,True,
72634282454,,UTC,2009-11-15T17:00:00+00:00,1258304400,1258304400.0,1258308000.0,,Arena Barueri,,Match Finished,FT,90.0,71,Serie A,Brazil,https://media.api-sports.io/football/leagues/71.png,https://media.api-sports.io/flags/br.svg,2009,Regular Season - 35,171197,Barueri,,True,120,Botafogo,,False,3.0,0.0,,,,,,,,,,True,
12175782220,,UTC,2009-11-15T17:00:00+00:00,1258304400,1258304400.0,1258308000.0,,Aflitos,,Match Finished,FT,90.0,71,Serie A,Brazil,https://media.api-sports.io/football/leagues/71.png,https://media.api-sports.io/flags/br.svg,2009,Regular Season - 35,755,Nautico Recife,,False,127,Flamengo,,True,0.0,2.0,,,,,,,,,,True,
51182523604,,UTC,2009-11-15T19:30:00+00:00,1258313400,1258313400.0,1258317000.0,,Maracanã,,Match Finished,FT,90.0,71,Serie A,Brazil,https://media.api-sports.io/football/leagues/71.png,https://media.api-sports.io/flags/br.svg,2009,Regular Season - 35,124,Fluminense,,True,134,Atletico Paranaense,,False,2.0,1.0,,,,,,,,,,True,
63847687208,,UTC,2009-11-15T19:30:00+00:00,1258313400,1258313400.0,1258317000.0,,Serra Dourada,,Match Finished,FT,90.0,71,Serie A,Brazil,https://media.api-sports.io/football/leagues/71.png,https://media.api-sports.io/flags/br.svg,2009,Regular Season - 35,151,Goias,,True,834175,Santo André,,False,3.0,1.0,,,,,,,,,,True,
79640584784,,UTC,2009-11-15T19:30:00+00:00,1258313400,1258313400.0,1258317000.0,,Beira Rio,,Match Finished,FT,90.0,71,Serie A,Brazil,https://media.api-sports.io/football/leagues/71.png,https://media.api-sports.io/flags/br.svg,2009,Regular Season - 35,119,Internacional,,True,128,Santos,,False,3.0,1.0,,,,,,,,,,True,
14392279240,,UTC,2009-11-18T21:50:00+00:00,1258581000,1258581000.0,1258584600.0,,Olímpico Monumental,,Match Finished,FT,90.0,71,Serie A,Brazil,https://media.api-sports.io/football/leagues/71.png,https://media.api-sports.io/flags/br.svg,2009,Regular Season - 36,130,Gremio,,True,121,Palmeiras,,False,2.0,0.0,,,,,,,,,,True,
39023289701,,UTC,2009-11-21T19:30:00+00:00,1258831800,1258831800.0,1258835400.0,,Arena da Baixada,,Match Finished,FT,90.0,71,Serie A,Brazil,https://media.api-sports.io/football/leagues/71.png,https://media.api-sports.io/flags/br.svg,2009,Regular Season - 36,134,Atletico Paranaense,,,135,Cruzeiro,,,1.0,1.0,,,,,,,,,,True,
9159717403,,UTC,2009-11-21T19:30:00+00:00,1258831800,1258831800.0,1258835400.0,,Pacaembu,,Match Finished,FT,90.0,71,Serie A,Brazil,https://media.api-sports.io/football/leagues/71.png,https://media.api-sports.io/flags/br.svg,2009,Regular Season - 36,131,Corinthians,,False,755,Nautico Recife,,True,2.0,3.0,,,,,,,,,,True,
28526647203,,UTC,2009-11-22T19:30:00+00:00,1258918200,1258918200.0,1258921800.0,,Maracanã,,Match Finished,FT,90.0,71,Serie A,Brazil,https://media.api-sports.io/football/leagues/71.png,https://media.api-sports.io/flags/br.svg,2009,Regular Season - 36,127,Flamengo,,,151,Goias,,,0.0,0.0,,,,,,,,,,True,
50784896212,,UTC,2009-11-22T17:00:00+00:00,1258909200,1258909200.0,1258912800.0,,Engenhão,,Match Finished,FT,90.0,71,Serie A,Brazil,https://media.api-sports.io/football/leagues/71.png,https://media.api-sports.io/flags/br.svg,2009,Regular Season - 36,120,Botafogo,,True,126,Sao Paulo,,False,3.0,2.0,,,,,,,,,,True,
20197753315,,UTC,2009-11-22T17:00:00+00:00,1258909200,1258909200.0,1258912800.0,,Ilha do Retiro,,Match Finished,FT,90.0,71,Serie A,Brazil,https://media.api-sports.io/football/leagues/71.png,https://media.api-sports.io/flags/br.svg,2009,Regular Season - 36,123,Sport Recife,,False,124,Fluminense,,True,0.0,3.0,,,,,,,,,,True,
31009169481,,UTC,2009-11-22T19:30:00+00:00,1258918200,1258918200.0,1258921800.0,,Mineirão,,Match Finished,FT,90.0,71,Serie A,Brazil,https://media.api-sports.io/football/leagues/71.png,https://media.api-sports.io/flags/br.svg,2009,Regular Season - 36,1062,Atletico-MG,,False,119,Internacional,,True,0.0,1.0,,,,,,,,,,True,
98780585668,,UTC,2009-11-22T17:00:00+00:00,1258909200,1258909200.0,1258912800.0,,Bruno José Daniel,,Match Finished,FT,90.0,71,Serie A,Brazil,https://media.api-sports.io/football/leagues/71.png,https://media.api-sports.io/flags/br.svg,2009,Regular Season - 36,834175,Santo André,,True,145,Avai,,False,4.0,2.0,,,,,,,,,,True,
90611292305,,UTC,2009-11-22T17:00:00+00:00,1258909200,1258909200.0,1258912800.0,,Vila Belmiro,,Match Finished,FT,90.0,71,Serie A,Brazil,https://media.api-sports.io/football/leagues/71.png,https://media.api-sports.io/flags/br.svg,2009,Regular Season - 36,128,Santos,,True,147,Coritiba,,False,4.0,0.0,,,,,,,,,,True,
22003243308,,UTC,2009-11-22T19:30:00+00:00,1258918200,1258918200.0,1258921800.0,,Barradão,,Match Finished,FT,90.0,71,Serie A,Brazil,https://media.api-sports.io/football/leagues/71.png,https://media.api-sports.io/flags/br.svg,2009,Regular Season - 36,136,Vitoria,,True,171197,Barueri,,False,2.0,1.0,,,,,,,,,,True,
40178078696,,UTC,2009-11-29T17:00:00+00:00,1259514000,1259514000.0,1259517600.0,,Ressacada,,Match Finished,FT,90.0,71,Serie A,Brazil,https://media.api-sports.io/football/leagues/71.png,https://media.api-sports.io/flags/br.svg,2009,Regular Season - 37,145,Avai,,,128,Santos,,,2.0,2.0,,,,,,,,,,True,
78110057982,,UTC,2009-11-29T17:00:00+00:00,1259514000,1259514000.0,1259517600.0,,Arena da Baixada,,Match Finished,FT,90.0,71,Serie A,Brazil,https://media.api-sports.io/football/leagues/71.png,https://media.api-sports.io/flags/br.svg,2009,Regular Season - 37,134,Atletico Paranaense,,True,120,Botafogo,,False,2.0,0.0,,,,,,,,,,True,
72834361119,,UTC,2009-11-29T17:00:00+00:00,1259514000,1259514000.0,1259517600.0,,Mineirão,,Match Finished,FT,90.0,71,Serie A,Brazil,https://media.api-sports.io/football/leagues/71.png,https://media.api-sports.io/flags/br.svg,2009,Regular Season - 37,135,Cruzeiro,,True,147,Coritiba,,False,4.0,1.0,,,,,,,,,,True,
24269164085,,UTC,2009-11-29T17:00:00+00:00,1259514000,1259514000.0,1259517600.0,,Brinco de Ouro,,Match Finished,FT,90.0,71,Serie A,Brazil,https://media.api-sports.io/football/leagues/71.png,https://media.api-sports.io/flags/br.svg,2009,Regular Season - 37,131,Corinthians,,False,127,Flamengo,,True,0.0,2.0,,,,,,,,,,True,
94443034312,,UTC,2009-11-29T17:00:00+00:00,1259514000,1259514000.0,1259517600.0,,Maracanã,,Match Finished,FT,90.0,71,Serie A,Brazil,https://media.api-sports.io/football/leagues/71.png,https://media.api-sports.io/flags/br.svg,2009,Regular Season - 37,124,Fluminense,,True,136,Vitoria,,False,4.0,0.0,,,,,,,,,,True,
42168997210,,UTC,2009-11-29T17:00:00+00:00,1259514000,1259514000.0,1259517600.0,,Serra Dourada,,Match Finished,FT,90.0,71,Serie A,Brazil,https://media.api-sports.io/football/leagues/71.png,https://media.api-sports.io/flags/br.svg,2009,Regular Season - 37,151,Goias,,True,126,Sao Paulo,,False,4.0,2.0,,,,,,,,,,True,
96652126560,,UTC,2009-11-29T17:00:00+00:00,1259514000,1259514000.0,1259517600.0,,Olímpico Monumental,,Match Finished,FT,90.0,71,Serie A,Brazil,https://media.api-sports.io/football/leagues/71.png,https://media.api-sports.io/flags/br.svg,2009,Regular Season - 37,130,Gremio,,True,171197,Barueri,,False,4.0,2.0,,,,,,,,,,True,
90284649769,,UTC,2009-11-29T17:00:00+00:00,1259514000,1259514000.0,1259517600.0,,Ilha do Retiro,,Match Finished,FT,90.0,71,Serie A,Brazil,https://media.api-sports.io/football/leagues/71.png,https://media.api-sports.io/flags/br.svg,2009,Regular Season - 37,123,Sport Recife,,False,119,Internacional,,True,1.0,2.0,,,,,,,,,,True,
39541906834,,UTC,2009-11-29T17:00:00+00:00,1259514000,1259514000.0,1259517600.0,,Palestra Itália,,Match Finished,FT,90.0,71,Serie A,Brazil,https://media.api-sports.io/football/leagues/71.png,https://media.api-sports.io/flags/br.svg,2009,Regular Season - 37,121,Palmeiras,,True,1062,Atletico-MG,,False,3.0,1.0,,,,,,,,,,True,
99638614187,,UTC,2009-11-29T17:00:00+00:00,1259514000,1259514000.0,1259517600.0,,Bruno José Daniel,,Match Finished,FT,90.0,71,Serie A,Brazil,https://media.api-sports.io/football/leagues/71.png,https://media.api-sports.io/flags/br.svg,2009,Regular Season - 37,834175,Santo André,,True,755,Nautico Recife,,False,5.0,3.0,,,,,,,,,,True,
81108852889,,UTC,2009-12-05T19:30:00+00:00,1260041400,1260041400.0,1260045000.0,,Aflitos,,Match Finished,FT,90.0,71,Serie A,Brazil,https://media.api-sports.io/football/leagues/71.png,https://media.api-sports.io/flags/br.svg,2009,Regular Season - 38,755,Nautico Recife,,False,145,Avai,,True,0.0,1.0,,,,,,,,,,True,
99153783670,,UTC,2009-12-05T19:30:00+00:00,1260041400,1260041400.0,1260045000.0,,Mineirão,,Match Finished,FT,90.0,71,Serie A,Brazil,https://media.api-sports.io/football/leagues/71.png,https://media.api-sports.io/flags/br.svg,2009,Regular Season - 38,1062,Atletico-MG,,False,131,Corinthians,,True,0.0,3.0,,,,,,,,,,True,
54574878429,,UTC,2009-12-06T17:00:00+00:00,1260118800,1260118800.0,1260122400.0,,Prudentão,,Match Finished,FT,90.0,71,Serie A,Brazil,https://media.api-sports.io/football/leagues/71.png,https://media.api-sports.io/flags/br.svg,2009,Regular Season - 38,171197,Barueri,,,134,Atletico Paranaense,,,0.0,0.0,,,,,,,,,,True,
54716485807,,UTC,2009-12-06T17:00:00+00:00,1260118800,1260118800.0,1260122400.0,,Couto Pereira,,Match Finished,FT,90.0,71,Serie A,Brazil,https://media.api-sports.io/football/leagues/71.png,https://media.api-sports.io/flags/br.svg,2009,Regular Season - 38,147,Coritiba,,,124,Fluminense,,,1.0,1.0,,,,,,,,,,True,
17252328422,,UTC,2009-12-06T17:00:00+00:00,1260118800,1260118800.0,1260122400.0,,Barradão,,Match Finished,FT,90.0,71,Serie A,Brazil,https://media.api-sports.io/football/leagues/71.png,https://media.api-sports.io/flags/br.svg,2009,Regular Season - 38,136,Vitoria,,,151,Goias,,,2.0,2.0,,,,,,,,,,True,
13712279653,,UTC,2009-12-06T17:00:00+00:00,1260118800,1260118800.0,1260122400.0,,Engenhão,,Match Finished,FT,90.0,71,Serie A,Brazil,https://media.api-sports.io/football/leagues/71.png,https://media.api-sports.io/flags/br.svg,2009,Regular Season - 38,120,Botafogo,,True,121,Palmeiras,,False,2.0,1.0,,,,,,,,,,True,
68712934781,,UTC,2009-12-06T17:00:00+00:00,1260118800,1260118800.0,1260122400.0,,Vila Belmiro,,Match Finished,FT,90.0,71,Serie A,Brazil,https://media.api-sports.io/football/leagues/71.png,https://media.api-sports.io/flags/br.svg,2009,Regular Season - 38,128,Santos,,False,135,Cruzeiro,,True,1.0,2.0,,,,,,,,,,True,
4008958378,,UTC,2009-12-06T17:00:00+00:00,1260118800,1260118800.0,1260122400.0,,Maracanã,,Match Finished,FT,90.0,71,Serie A,Brazil,https://media.api-sports.io/football/leagues/71.png,https://media.api-sports.io/flags/br.svg,2009,Regular Season - 38,127,Flamengo,,True,130,Gremio,,False,2.0,1.0,,,,,,,,,,True,
5149952842,,UTC,2009-12-06T17:00:00+00:00,1260118800,1260118800.0,1260122400.0,,Beira Rio,,Match Finished,FT,90.0,71,Serie A,Brazil,https://media.api-sports.io/football/leagues/71.png,https://media.api-sports.io/flags/br.svg,2009,Regular Season - 38,119,Internacional,,True,834175,Santo André,,False,4.0,1.0,,,,,,,,,,True,
97143453021,,UTC,2009-12-06T17:00:00+00:00,1260118800,1260118800.0,1260122400.0,,Morumbi,,Match Finished,FT,90.0,71,Serie A,Brazil,https://media.api-sports.io/football/leagues/71.png,https://media.api-sports.io/flags/br.svg,2009,Regular Season - 38,126,Sao Paulo,,True,123,Sport Recife,,False,4.0,0.0,,,,,,,,,,True,
