fixture_id,fixture_referee,fixture_timezone,fixture_date,fixture_timestamp,fixture_periods_first,fixture_periods_second,fixture_venue_id,fixture_venue_name,fixture_venue_city,fixture_status_long,fixture_status_short,fixture_status_elapsed,league_id,league_name,league_country,league_logo,league_flag,league_season,league_round,teams_home_id,teams_home_name,teams_home_logo,teams_home_winner,teams_away_id,teams_away_name,teams_away_logo,teams_away_winner,goals_home,goals_away,score_halftime_home,score_halftime_away,score_fulltime_home,score_fulltime_away,score_extratime_home,score_extratime_away,score_penalty_home,score_penalty_away,fixture_status_extra,league_standings,chave
190827,,UTC,2013-05-25T21:30:00+00:00,1369517400,1369517400.0,1369521000.0,,Estádio Club de Regatas Vasco da Gama,,Match Finished,FT,90.0,71,Serie A,Brazil,https://media.api-sports.io/football/leagues/71.png,https://media.api-sports.io/flags/br.svg,2013,Regular Season - 1,133,Vasco DA Gama,https://media.api-sports.io/football/teams/133.png,True,1214,Portuguesa,https://media.api-sports.io/football/teams/1214.png,False,1.0,0.0,0.0,0.0,1.0,0.0,,,,,,,Vasco DA Gama...Portuguesa
190828,,UTC,2013-05-25T21:30:00+00:00,1369517400,1369517400.0,1369521000.0,216.0,Arena Fonte Nova,,Match Finished,FT,90.0,71,Serie A,Brazil,https://media.api-sports.io/football/leagues/71.png,https://media.api-sports.io/flags/br.svg,2013,Regular Season - 1,136,Vitoria,https://media.api-sports.io/football/teams/136.png,,119,Internacional,https://media.api-sports.io/football/teams/119.png,,2.0,2.0,2.0,1.0,2.0,2.0,,,,,,,Vitoria...Internacional
190829,,UTC,2013-05-26T00:00:00+00:00,1369526400,1369526400.0,1369530000.0,8604.0,Estádio Municipal Paulo Machado de Carvalho,,Match Finished,FT,90.0,71,Serie A,Brazil,https://media.api-sports.io/football/leagues/71.png,https://media.api-sports.io/flags/br.svg,2013,Regular Season - 1,131,Corinthians,https://media.api-sports.io/football/teams/131.png,,120,Botafogo,https://media.api-sports.io/football/teams/120.png,,1.0,1.0,0.0,1.0,1.0,1.0,,,,,,,Corinthians...Botafogo
190833,,UTC,2013-05-26T19:00:00+00:00,1369594800,1369594800.0,1369598400.0,,Estádio Nacional de Brasília,,Match Finished,FT,90.0,71,Serie A,Brazil,https://media.api-sports.io/football/leagues/71.png,https://media.api-sports.io/flags/br.svg,2013,Regular Season - 1,128,Santos,https://media.api-sports.io/football/teams/128.png,,127,Flamengo,https://media.api-sports.io/football/teams/127.png,,0.0,0.0,0.0,0.0,0.0,0.0,,,,,,,Santos...Flamengo
190830,,UTC,2013-05-26T19:00:00+00:00,1369594800,1369594800.0,1369598400.0,,Estádio Alfredo Jaconi,,Match Finished,FT,90.0,71,Serie A,Brazil,https://media.api-sports.io/football/leagues/71.png,https://media.api-sports.io/flags/br.svg,2013,Regular Season - 1,130,Gremio,https://media.api-sports.io/football/teams/130.png,True,755,Nautico Recife,https://media.api-sports.io/football/teams/755.png,False,2.0,0.0,1.0,0.0,2.0,0.0,,,,,,,Gremio...Nautico Recife
190831,,UTC,2013-05-26T19:00:00+00:00,1369594800,1369594800.0,1369598400.0,,Estádio Moisés Lucarelli,,Match Finished,FT,90.0,71,Serie A,Brazil,https://media.api-sports.io/football/leagues/71.png,https://media.api-sports.io/flags/br.svg,2013,Regular Season - 1,139,Ponte Preta,https://media.api-sports.io/football/teams/139.png,False,126,Sao Paulo,https://media.api-sports.io/football/teams/126.png,True,0.0,2.0,0.0,2.0,0.0,2.0,,,,,,,Ponte Preta...Sao Paulo
190832,,UTC,2013-05-26T19:00:00+00:00,1369594800,1369594800.0,1369598400.0,233.0,Estádio Heriberto Hülse,,Match Finished,FT,90.0,71,Serie A,Brazil,https://media.api-sports.io/football/leagues/71.png,https://media.api-sports.io/flags/br.svg,2013,Regular Season - 1,140,Criciuma,https://media.api-sports.io/football/teams/140.png,True,118,Bahia,https://media.api-sports.io/football/teams/118.png,False,3.0,1.0,1.0,0.0,3.0,1.0,,,,,,,Criciuma...Bahia
190834,,UTC,2013-05-26T21:30:00+00:00,1369603800,1369603800.0,1369607400.0,5651.0,Estádio Claúdio Moacir de Azevedo,,Match Finished,FT,90.0,71,Serie A,Brazil,https://media.api-sports.io/football/leagues/71.png,https://media.api-sports.io/flags/br.svg,2013,Regular Season - 1,124,Fluminense,https://media.api-sports.io/football/teams/124.png,True,134,Atletico Paranaense,https://media.api-sports.io/football/teams/134.png,False,2.0,1.0,1.0,1.0,2.0,1.0,,,,,,,Fluminense...Atletico Paranaense
190835,,UTC,2013-05-26T21:30:00+00:00,1369603800,1369603800.0,1369607400.0,206.0,Estádio Raimundo Sampaio,,Match Finished,FT,90.0,71,Serie A,Brazil,https://media.api-sports.io/football/leagues/71.png,https://media.api-sports.io/flags/br.svg,2013,Regular Season - 1,135,Cruzeiro,https://media.api-sports.io/football/teams/135.png,True,151,Goias,https://media.api-sports.io/football/teams/151.png,False,5.0,0.0,4.0,0.0,5.0,0.0,,,,,,,Cruzeiro...Goias
190836,,UTC,2013-05-26T21:30:00+00:00,1369603800,1369603800.0,1369607400.0,,Estádio Major Antônio Couto Pereira,,Match Finished,FT,90.0,71,Serie A,Brazil,https://media.api-sports.io/football/leagues/71.png,https://media.api-sports.io/flags/br.svg,2013,Regular Season - 1,147,Coritiba,https://media.api-sports.io/football/teams/147.png,True,1062,Atletico-MG,https://media.api-sports.io/football/teams/1062.png,False,2.0,1.0,0.0,0.0,2.0,1.0,,,,,,,Coritiba...Atletico-MG
190837,,UTC,2013-05-29T18:00:00+00:00,1369850400,1369850400.0,1369854000.0,,Estádio Érton Coelho de Queiroz,,Match Finished,FT,90.0,71,Serie A,Brazil,https://media.api-sports.io/football/leagues/71.png,https://media.api-sports.io/flags/br.svg,2013,Regular Season - 2,134,Atletico Paranaense,https://media.api-sports.io/football/teams/134.png,,135,Cruzeiro,https://media.api-sports.io/football/teams/135.png,,2.0,2.0,2.0,1.0,2.0,2.0,,,,,,,Atletico Paranaense...Cruzeiro
190838,,UTC,2013-05-29T22:30:00+00:00,1369866600,1369866600.0,1369870200.0,,Estádio General Sílvio Raulino de Oliveira,,Match Finished,FT,90.0,71,Serie A,Brazil,https://media.api-sports.io/football/leagues/71.png,https://media.api-sports.io/flags/br.svg,2013,Regular Season - 2,120,Botafogo,https://media.api-sports.io/football/teams/120.png,True,128,Santos,https://media.api-sports.io/football/teams/128.png,False,2.0,1.0,2.0,0.0,2.0,1.0,,,,,,,Botafogo...Santos
190839,,UTC,2013-05-29T22:30:00+00:00,1369866600,1369866600.0,1369870200.0,,Estádio Cícero Pompeu de Toledo,,Match Finished,FT,90.0,71,Serie A,Brazil,https://media.api-sports.io/football/leagues/71.png,https://media.api-sports.io/flags/br.svg,2013,Regular Season - 2,126,Sao Paulo,https://media.api-sports.io/football/teams/126.png,True,133,Vasco DA Gama,https://media.api-sports.io/football/teams/133.png,False,5.0,1.0,0.0,0.0,5.0,1.0,,,,,,,Sao Paulo...Vasco DA Gama
190841,,UTC,2013-05-30T00:00:00+00:00,1369872000,1369872000.0,1369875600.0,,Estádio Governador Roberto Santos,,Match Finished,FT,90.0,71,Serie A,Brazil,https://media.api-sports.io/football/leagues/71.png,https://media.api-sports.io/flags/br.svg,2013,Regular Season - 2,118,Bahia,https://media.api-sports.io/football/teams/118.png,,147,Coritiba,https://media.api-sports.io/football/teams/147.png,,0.0,0.0,0.0,0.0,0.0,0.0,,,,,,,Bahia...Coritiba
190840,,UTC,2013-05-30T00:00:00+00:00,1369872000,1369872000.0,1369875600.0,,Estádio Municipal Radialista Mário Helênio,,Match Finished,FT,90.0,71,Serie A,Brazil,https://media.api-sports.io/football/leagues/71.png,https://media.api-sports.io/flags/br.svg,2013,Regular Season - 2,127,Flamengo,https://media.api-sports.io/football/teams/127.png,False,139,Ponte Preta,https://media.api-sports.io/football/teams/139.png,True,0.0,2.0,0.0,1.0,0.0,2.0,,,,,,,Flamengo...Ponte Preta
190842,,UTC,2013-05-30T00:00:00+00:00,1369872000,1369872000.0,1369875600.0,,Estádio Eládio de Barros Carvalho,,Match Finished,FT,90.0,71,Serie A,Brazil,https://media.api-sports.io/football/leagues/71.png,https://media.api-sports.io/flags/br.svg,2013,Regular Season - 2,755,Nautico Recife,https://media.api-sports.io/football/teams/755.png,False,136,Vitoria,https://media.api-sports.io/football/teams/136.png,True,0.0,3.0,0.0,2.0,0.0,3.0,,,,,,,Nautico Recife...Vitoria
190843,,UTC,2013-05-30T01:00:00+00:00,1369875600,1369875600.0,1369879200.0,,Estádio do Governo do Estado de Goiás,,Match Finished,FT,90.0,71,Serie A,Brazil,https://media.api-sports.io/football/leagues/71.png,https://media.api-sports.io/flags/br.svg,2013,Regular Season - 2,151,Goias,https://media.api-sports.io/football/teams/151.png,,131,Corinthians,https://media.api-sports.io/football/teams/131.png,,1.0,1.0,1.0,0.0,1.0,1.0,,,,,,,Goias...Corinthians
190844,,UTC,2013-05-30T22:30:00+00:00,1369953000,1369953000.0,1369956600.0,5625.0,Estádio Francisco Stédile,,Match Finished,FT,90.0,71,Serie A,Brazil,https://media.api-sports.io/football/leagues/71.png,https://media.api-sports.io/flags/br.svg,2013,Regular Season - 2,119,Internacional,https://media.api-sports.io/football/teams/119.png,True,140,Criciuma,https://media.api-sports.io/football/teams/140.png,False,2.0,0.0,2.0,0.0,2.0,0.0,,,,,,,Internacional...Criciuma
190847,,UTC,2013-06-01T19:20:00+00:00,1370114400,1370114400.0,1370118000.0,,Estádio General Sílvio Raulino de Oliveira,,Match Finished,FT,90.0,71,Serie A,Brazil,https://media.api-sports.io/football/leagues/71.png,https://media.api-sports.io/flags/br.svg,2013,Regular Season - 3,120,Botafogo,https://media.api-sports.io/football/teams/120.png,True,135,Cruzeiro,https://media.api-sports.io/football/teams/135.png,False,2.0,1.0,1.0,1.0,2.0,1.0,,,,,,,Botafogo...Cruzeiro
190849,,UTC,2013-06-01T19:20:00+00:00,1370114400,1370114400.0,1370118000.0,,Estádio Urbano Caldeira,,Match Finished,FT,90.0,71,Serie A,Brazil,https://media.api-sports.io/football/leagues/71.png,https://media.api-sports.io/flags/br.svg,2013,Regular Season - 3,128,Santos,https://media.api-sports.io/football/teams/128.png,,130,Gremio,https://media.api-sports.io/football/teams/130.png,,1.0,1.0,0.0,1.0,1.0,1.0,,,,,,,Santos...Gremio
190848,,UTC,2013-06-01T19:20:00+00:00,1370114400,1370114400.0,1370118000.0,,Arena Joinville,,Match Finished,FT,90.0,71,Serie A,Brazil,https://media.api-sports.io/football/leagues/71.png,https://media.api-sports.io/flags/br.svg,2013,Regular Season - 3,134,Atletico Paranaense,https://media.api-sports.io/football/teams/134.png,,127,Flamengo,https://media.api-sports.io/football/teams/127.png,,2.0,2.0,1.0,0.0,2.0,2.0,,,,,,,Atletico Paranaense...Flamengo
190850,,UTC,2013-06-01T21:30:00+00:00,1370122200,1370122200.0,1370125800.0,,Estádio Manoel Barradas,,Match Finished,FT,90.0,71,Serie A,Brazil,https://media.api-sports.io/football/leagues/71.png,https://media.api-sports.io/flags/br.svg,2013,Regular Season - 3,136,Vitoria,https://media.api-sports.io/football/teams/136.png,True,133,Vasco DA Gama,https://media.api-sports.io/football/teams/133.png,False,2.0,0.0,1.0,0.0,2.0,0.0,,,,,,,Vitoria...Vasco DA Gama
190851,,UTC,2013-06-01T21:30:00+00:00,1370122200,1370122200.0,1370125800.0,,Estádio do Governo do Estado de Goiás,,Match Finished,FT,90.0,71,Serie A,Brazil,https://media.api-sports.io/football/leagues/71.png,https://media.api-sports.io/flags/br.svg,2013,Regular Season - 3,151,Goias,https://media.api-sports.io/football/teams/151.png,,147,Coritiba,https://media.api-sports.io/football/teams/147.png,,1.0,1.0,0.0,1.0,1.0,1.0,,,,,,,Goias...Coritiba
190852,,UTC,2013-06-02T00:00:00+00:00,1370131200,1370131200.0,1370134800.0,,Estádio Municipal Paulo Machado de Carvalho,,Match Finished,FT,90.0,71,Serie A,Brazil,https://media.api-sports.io/football/leagues/71.png,https://media.api-sports.io/flags/br.svg,2013,Regular Season - 3,131,Corinthians,https://media.api-sports.io/football/teams/131.png,True,139,Ponte Preta,https://media.api-sports.io/football/teams/139.png,False,1.0,0.0,0.0,0.0,1.0,0.0,,,,,,,Corinthians...Ponte Preta
190854,,UTC,2013-06-02T21:30:00+00:00,1370208600,1370208600.0,1370212200.0,5625.0,Estádio Francisco Stédile,,Match Finished,FT,90.0,71,Serie A,Brazil,https://media.api-sports.io/football/leagues/71.png,https://media.api-sports.io/flags/br.svg,2013,Regular Season - 3,119,Internacional,https://media.api-sports.io/football/teams/119.png,False,118,Bahia,https://media.api-sports.io/football/teams/118.png,True,1.0,2.0,0.0,1.0,1.0,2.0,,,,,,,Internacional...Bahia
190853,,UTC,2013-06-02T21:30:00+00:00,1370208600,1370208600.0,1370212200.0,5651.0,Estádio Claúdio Moacir de Azevedo,,Match Finished,FT,90.0,71,Serie A,Brazil,https://media.api-sports.io/football/leagues/71.png,https://media.api-sports.io/flags/br.svg,2013,Regular Season - 3,124,Fluminense,https://media.api-sports.io/football/teams/124.png,True,140,Criciuma,https://media.api-sports.io/football/teams/140.png,False,3.0,0.0,2.0,0.0,3.0,0.0,,,,,,,Fluminense...Criciuma
190855,,UTC,2013-06-02T21:30:00+00:00,1370208600,1370208600.0,1370212200.0,,Estádio Eládio de Barros Carvalho,,Match Finished,FT,90.0,71,Serie A,Brazil,https://media.api-sports.io/football/leagues/71.png,https://media.api-sports.io/flags/br.svg,2013,Regular Season - 3,755,Nautico Recife,https://media.api-sports.io/football/teams/755.png,,1214,Portuguesa,https://media.api-sports.io/football/teams/1214.png,,2.0,2.0,1.0,1.0,2.0,2.0,,,,,,,Nautico Recife...Portuguesa
190856,,UTC,2013-06-02T21:30:00+00:00,1370208600,1370208600.0,1370212200.0,206.0,Estádio Raimundo Sampaio,,Match Finished,FT,90.0,71,Serie A,Brazil,https://media.api-sports.io/football/leagues/71.png,https://media.api-sports.io/flags/br.svg,2013,Regular Season - 3,1062,Atletico-MG,https://media.api-sports.io/football/teams/1062.png,,126,Sao Paulo,https://media.api-sports.io/football/teams/126.png,,0.0,0.0,0.0,0.0,0.0,0.0,,,,,,,Atletico-MG...Sao Paulo
190857,,UTC,2013-06-05T22:30:00+00:00,1370471400,1370471400.0,1370475000.0,,Estádio Cícero Pompeu de Toledo,,Match Finished,FT,90.0,71,Serie A,Brazil,https://media.api-sports.io/football/leagues/71.png,https://media.api-sports.io/flags/br.svg,2013,Regular Season - 4,126,Sao Paulo,https://media.api-sports.io/football/teams/126.png,False,151,Goias,https://media.api-sports.io/football/teams/151.png,True,0.0,1.0,0.0,1.0,0.0,1.0,,,,,,,Sao Paulo...Goias
190858,,UTC,2013-06-05T22:30:00+00:00,1370471400,1370471400.0,1370475000.0,233.0,Estádio Heriberto Hülse,,Match Finished,FT,90.0,71,Serie A,Brazil,https://media.api-sports.io/football/leagues/71.png,https://media.api-sports.io/flags/br.svg,2013,Regular Season - 4,140,Criciuma,https://media.api-sports.io/football/teams/140.png,True,128,Santos,https://media.api-sports.io/football/teams/128.png,False,3.0,1.0,1.0,0.0,3.0,1.0,,,,,,,Criciuma...Santos
190859,,UTC,2013-06-05T22:30:00+00:00,1370471400,1370471400.0,1370475000.0,,Estádio Dr. Oswaldo Teixeira Duarte,,Match Finished,FT,90.0,71,Serie A,Brazil,https://media.api-sports.io/football/leagues/71.png,https://media.api-sports.io/flags/br.svg,2013,Regular Season - 4,1214,Portuguesa,https://media.api-sports.io/football/teams/1214.png,,119,Internacional,https://media.api-sports.io/football/teams/119.png,,1.0,1.0,0.0,1.0,1.0,1.0,,,,,,,Portuguesa...Internacional
190860,,UTC,2013-06-06T00:00:00+00:00,1370476800,1370476800.0,1370480400.0,241.0,Arena do Grêmio,,Match Finished,FT,90.0,71,Serie A,Brazil,https://media.api-sports.io/football/leagues/71.png,https://media.api-sports.io/flags/br.svg,2013,Regular Season - 4,130,Gremio,https://media.api-sports.io/football/teams/130.png,True,136,Vitoria,https://media.api-sports.io/football/teams/136.png,False,1.0,0.0,0.0,0.0,1.0,0.0,,,,,,,Gremio...Vitoria
190861,,UTC,2013-06-06T00:00:00+00:00,1370476800,1370476800.0,1370480400.0,,Estádio Moisés Lucarelli,,Match Finished,FT,90.0,71,Serie A,Brazil,https://media.api-sports.io/football/leagues/71.png,https://media.api-sports.io/flags/br.svg,2013,Regular Season - 4,139,Ponte Preta,https://media.api-sports.io/football/teams/139.png,False,134,Atletico Paranaense,https://media.api-sports.io/football/teams/134.png,True,3.0,4.0,1.0,1.0,3.0,4.0,,,,,,,Ponte Preta...Atletico Paranaense
190863,,UTC,2013-06-06T01:00:00+00:00,1370480400,1370480400.0,1370484000.0,,Estádio Estadual Lourival Baptista,,Match Finished,FT,90.0,71,Serie A,Brazil,https://media.api-sports.io/football/leagues/71.png,https://media.api-sports.io/flags/br.svg,2013,Regular Season - 4,118,Bahia,https://media.api-sports.io/football/teams/118.png,True,120,Botafogo,https://media.api-sports.io/football/teams/120.png,False,2.0,1.0,1.0,1.0,2.0,1.0,,,,,,,Bahia...Botafogo
190862,,UTC,2013-06-06T01:00:00+00:00,1370480400,1370480400.0,1370484000.0,,Estádio Orlando Scarpelli,,Match Finished,FT,90.0,71,Serie A,Brazil,https://media.api-sports.io/football/leagues/71.png,https://media.api-sports.io/flags/br.svg,2013,Regular Season - 4,127,Flamengo,https://media.api-sports.io/football/teams/127.png,False,755,Nautico Recife,https://media.api-sports.io/football/teams/755.png,True,0.0,1.0,0.0,0.0,0.0,1.0,,,,,,,Flamengo...Nautico Recife
190864,,UTC,2013-06-06T01:00:00+00:00,1370480400,1370480400.0,1370484000.0,,Estádio Joaquim Henrique Nogueira,,Match Finished,FT,90.0,71,Serie A,Brazil,https://media.api-sports.io/football/leagues/71.png,https://media.api-sports.io/flags/br.svg,2013,Regular Season - 4,135,Cruzeiro,https://media.api-sports.io/football/teams/135.png,True,131,Corinthians,https://media.api-sports.io/football/teams/131.png,False,1.0,0.0,0.0,0.0,1.0,0.0,,,,,,,Cruzeiro...Corinthians
190865,,UTC,2013-06-07T00:00:00+00:00,1370563200,1370563200.0,1370566800.0,,Estádio Major Antônio Couto Pereira,,Match Finished,FT,90.0,71,Serie A,Brazil,https://media.api-sports.io/football/leagues/71.png,https://media.api-sports.io/flags/br.svg,2013,Regular Season - 4,147,Coritiba,https://media.api-sports.io/football/teams/147.png,True,124,Fluminense,https://media.api-sports.io/football/teams/124.png,False,2.0,1.0,1.0,1.0,2.0,1.0,,,,,,,Coritiba...Fluminense
190867,,UTC,2013-06-08T19:20:00+00:00,1370719200,1370719200.0,1370722800.0,,Estádio Joaquim Henrique Nogueira,,Match Finished,FT,90.0,71,Serie A,Brazil,https://media.api-sports.io/football/leagues/71.png,https://media.api-sports.io/flags/br.svg,2013,Regular Season - 5,135,Cruzeiro,https://media.api-sports.io/football/teams/135.png,,119,Internacional,https://media.api-sports.io/football/teams/119.png,,2.0,2.0,1.0,1.0,2.0,2.0,,,,,,,Cruzeiro...Internacional
190866,,UTC,2013-06-08T19:20:00+00:00,1370719200,1370719200.0,1370722800.0,233.0,Estádio Heriberto Hülse,,Match Finished,FT,90.0,71,Serie A,Brazil,https://media.api-sports.io/football/leagues/71.png,https://media.api-sports.io/flags/br.svg,2013,Regular Season - 5,140,Criciuma,https://media.api-sports.io/football/teams/140.png,False,127,Flamengo,https://media.api-sports.io/football/teams/127.png,True,0.0,3.0,0.0,1.0,0.0,3.0,,,,,,,Criciuma...Flamengo
190869,,UTC,2013-06-08T21:30:00+00:00,1370727000,1370727000.0,1370730600.0,,Estádio Municipal Paulo Machado de Carvalho,,Match Finished,FT,90.0,71,Serie A,Brazil,https://media.api-sports.io/football/leagues/71.png,https://media.api-sports.io/flags/br.svg,2013,Regular Season - 5,131,Corinthians,https://media.api-sports.io/football/teams/131.png,,1214,Portuguesa,https://media.api-sports.io/football/teams/1214.png,,0.0,0.0,0.0,0.0,0.0,0.0,,,,,,,Corinthians...Portuguesa
190868,,UTC,2013-06-08T21:30:00+00:00,1370727000,1370727000.0,1370730600.0,,Estádio General Sílvio Raulino de Oliveira,,Match Finished,FT,90.0,71,Serie A,Brazil,https://media.api-sports.io/football/leagues/71.png,https://media.api-sports.io/flags/br.svg,2013,Regular Season - 5,133,Vasco DA Gama,https://media.api-sports.io/football/teams/133.png,,118,Bahia,https://media.api-sports.io/football/teams/118.png,,1.0,1.0,1.0,1.0,1.0,1.0,,,,,,,Vasco DA Gama...Bahia
190870,,UTC,2013-06-09T00:00:00+00:00,1370736000,1370736000.0,1370739600.0,,Estádio Moisés Lucarelli,,Match Finished,FT,90.0,71,Serie A,Brazil,https://media.api-sports.io/football/leagues/71.png,https://media.api-sports.io/flags/br.svg,2013,Regular Season - 5,139,Ponte Preta,https://media.api-sports.io/football/teams/139.png,False,120,Botafogo,https://media.api-sports.io/football/teams/120.png,True,0.0,2.0,0.0,2.0,0.0,2.0,,,,,,,Ponte Preta...Botafogo
190872,,UTC,2013-06-09T21:30:00+00:00,1370813400,1370813400.0,1370817000.0,238.0,Estádio Alberto Oliveira,,Match Finished,FT,90.0,71,Serie A,Brazil,https://media.api-sports.io/football/leagues/71.png,https://media.api-sports.io/flags/br.svg,2013,Regular Season - 5,136,Vitoria,https://media.api-sports.io/football/teams/136.png,True,134,Atletico Paranaense,https://media.api-sports.io/football/teams/134.png,False,3.0,2.0,2.0,1.0,3.0,2.0,,,,,,,Vitoria...Atletico Paranaense
190873,,UTC,2013-06-09T21:30:00+00:00,1370813400,1370813400.0,1370817000.0,,Estádio Major Antônio Couto Pereira,,Match Finished,FT,90.0,71,Serie A,Brazil,https://media.api-sports.io/football/leagues/71.png,https://media.api-sports.io/flags/br.svg,2013,Regular Season - 5,147,Coritiba,https://media.api-sports.io/football/teams/147.png,True,755,Nautico Recife,https://media.api-sports.io/football/teams/755.png,False,1.0,0.0,1.0,0.0,1.0,0.0,,,,,,,Coritiba...Nautico Recife
190845,,UTC,2013-06-09T21:30:00+00:00,1370813400,1370813400.0,1370817000.0,,Estádio Joaquim Henrique Nogueira,,Match Finished,FT,90.0,71,Serie A,Brazil,https://media.api-sports.io/football/leagues/71.png,https://media.api-sports.io/flags/br.svg,2013,Regular Season - 2,1062,Atletico-MG,https://media.api-sports.io/football/teams/1062.png,True,130,Gremio,https://media.api-sports.io/football/teams/130.png,False,2.0,0.0,0.0,0.0,2.0,0.0,,,,,,,Atletico-MG...Gremio
190874,,UTC,2013-06-12T22:30:00+00:00,1371076200,1371076200.0,1371079800.0,,Estádio Urbano Caldeira,,Match Finished,FT,90.0,71,Serie A,Brazil,https://media.api-sports.io/football/leagues/71.png,https://media.api-sports.io/flags/br.svg,2013,Regular Season - 5,128,Santos,https://media.api-sports.io/football/teams/128.png,True,1062,Atletico-MG,https://media.api-sports.io/football/teams/1062.png,False,1.0,0.0,1.0,0.0,1.0,0.0,,,,,,,Santos...Atletico-MG
190875,,UTC,2013-06-13T01:00:00+00:00,1371085200,1371085200.0,1371088800.0,241.0,Arena do Grêmio,,Match Finished,FT,90.0,71,Serie A,Brazil,https://media.api-sports.io/football/leagues/71.png,https://media.api-sports.io/flags/br.svg,2013,Regular Season - 5,130,Gremio,https://media.api-sports.io/football/teams/130.png,,126,Sao Paulo,https://media.api-sports.io/football/teams/126.png,,1.0,1.0,0.0,1.0,1.0,1.0,,,,,,,Gremio...Sao Paulo
190846,,UTC,2013-06-13T01:00:00+00:00,1371085200,1371085200.0,1371088800.0,,Estádio Dr. Oswaldo Teixeira Duarte,,Match Finished,FT,90.0,71,Serie A,Brazil,https://media.api-sports.io/football/leagues/71.png,https://media.api-sports.io/flags/br.svg,2013,Regular Season - 2,1214,Portuguesa,https://media.api-sports.io/football/teams/1214.png,True,124,Fluminense,https://media.api-sports.io/football/teams/124.png,False,2.0,1.0,1.0,1.0,2.0,1.0,,,,,,,Portuguesa...Fluminense
190876,,UTC,2013-07-06T21:30:00+00:00,1373146200,1373146200.0,1373149800.0,,Estádio Nacional de Brasília,,Match Finished,FT,90.0,71,Serie A,Brazil,https://media.api-sports.io/football/leagues/71.png,https://media.api-sports.io/flags/br.svg,2013,Regular Season - 6,127,Flamengo,https://media.api-sports.io/football/teams/127.png,,147,Coritiba,https://media.api-sports.io/football/teams/147.png,,2.0,2.0,1.0,0.0,2.0,2.0,,,,,,,Flamengo...Coritiba
190878,,UTC,2013-07-06T21:30:00+00:00,1373146200,1373146200.0,1373149800.0,,Estádio Durival de Brito e Silva,,Match Finished,FT,90.0,71,Serie A,Brazil,https://media.api-sports.io/football/leagues/71.png,https://media.api-sports.io/flags/br.svg,2013,Regular Season - 6,134,Atletico Paranaense,https://media.api-sports.io/football/teams/134.png,,130,Gremio,https://media.api-sports.io/football/teams/130.png,,1.0,1.0,0.0,0.0,1.0,1.0,,,,,,,Atletico Paranaense...Gremio
190877,,UTC,2013-07-06T21:30:00+00:00,1373146200,1373146200.0,1373149800.0,253.0,Itaipava Arena Pernambuco,,Match Finished,FT,90.0,71,Serie A,Brazil,https://media.api-sports.io/football/leagues/71.png,https://media.api-sports.io/flags/br.svg,2013,Regular Season - 6,755,Nautico Recife,https://media.api-sports.io/football/teams/755.png,False,139,Ponte Preta,https://media.api-sports.io/football/teams/139.png,True,1.0,3.0,0.0,2.0,1.0,3.0,,,,,,,Nautico Recife...Ponte Preta
190879,,UTC,2013-07-07T00:00:00+00:00,1373155200,1373155200.0,1373158800.0,,Estádio Dr. Oswaldo Teixeira Duarte,,Match Finished,FT,90.0,71,Serie A,Brazil,https://media.api-sports.io/football/leagues/71.png,https://media.api-sports.io/flags/br.svg,2013,Regular Season - 6,1214,Portuguesa,https://media.api-sports.io/football/teams/1214.png,,135,Cruzeiro,https://media.api-sports.io/football/teams/135.png,,1.0,1.0,1.0,1.0,1.0,1.0,,,,,,,Portuguesa...Cruzeiro
190881,,UTC,2013-07-07T19:00:00+00:00,1373223600,1373223600.0,1373227200.0,,Itaipava Arena Fonte Nova,,Match Finished,FT,90.0,71,Serie A,Brazil,https://media.api-sports.io/football/leagues/71.png,https://media.api-sports.io/flags/br.svg,2013,Regular Season - 6,118,Bahia,https://media.api-sports.io/football/teams/118.png,False,131,Corinthians,https://media.api-sports.io/football/teams/131.png,True,0.0,2.0,0.0,2.0,0.0,2.0,,,,,,,Bahia...Corinthians
190882,,UTC,2013-07-07T19:00:00+00:00,1373223600,1373223600.0,1373227200.0,5625.0,Estádio Francisco Stédile,,Match Finished,FT,90.0,71,Serie A,Brazil,https://media.api-sports.io/football/leagues/71.png,https://media.api-sports.io/flags/br.svg,2013,Regular Season - 6,119,Internacional,https://media.api-sports.io/football/teams/119.png,True,133,Vasco DA Gama,https://media.api-sports.io/football/teams/133.png,False,5.0,3.0,2.0,1.0,5.0,3.0,,,,,,,Internacional...Vasco DA Gama
190880,,UTC,2013-07-07T19:00:00+00:00,1373223600,1373223600.0,1373227200.0,,Estádio Cícero Pompeu de Toledo,,Match Finished,FT,90.0,71,Serie A,Brazil,https://media.api-sports.io/football/leagues/71.png,https://media.api-sports.io/flags/br.svg,2013,Regular Season - 6,126,Sao Paulo,https://media.api-sports.io/football/teams/126.png,False,128,Santos,https://media.api-sports.io/football/teams/128.png,True,0.0,2.0,0.0,0.0,0.0,2.0,,,,,,,Sao Paulo...Santos
190883,,UTC,2013-07-07T19:00:00+00:00,1373223600,1373223600.0,1373227200.0,,Estádio do Governo do Estado de Goiás,,Match Finished,FT,90.0,71,Serie A,Brazil,https://media.api-sports.io/football/leagues/71.png,https://media.api-sports.io/flags/br.svg,2013,Regular Season - 6,151,Goias,https://media.api-sports.io/football/teams/151.png,True,136,Vitoria,https://media.api-sports.io/football/teams/136.png,False,1.0,0.0,0.0,0.0,1.0,0.0,,,,,,,Goias...Vitoria
190884,,UTC,2013-07-07T21:30:00+00:00,1373232600,1373232600.0,1373236200.0,253.0,Itaipava Arena Pernambuco,,Match Finished,FT,90.0,71,Serie A,Brazil,https://media.api-sports.io/football/leagues/71.png,https://media.api-sports.io/flags/br.svg,2013,Regular Season - 6,120,Botafogo,https://media.api-sports.io/football/teams/120.png,True,124,Fluminense,https://media.api-sports.io/football/teams/124.png,False,1.0,0.0,0.0,0.0,1.0,0.0,,,,,,,Botafogo...Fluminense
190885,,UTC,2013-07-07T21:30:00+00:00,1373232600,1373232600.0,1373236200.0,206.0,Estádio Raimundo Sampaio,,Match Finished,FT,90.0,71,Serie A,Brazil,https://media.api-sports.io/football/leagues/71.png,https://media.api-sports.io/flags/br.svg,2013,Regular Season - 6,1062,Atletico-MG,https://media.api-sports.io/football/teams/1062.png,True,140,Criciuma,https://media.api-sports.io/football/teams/140.png,False,3.0,2.0,1.0,1.0,3.0,2.0,,,,,,,Atletico-MG...Criciuma
190915,,UTC,2013-07-11T00:00:00+00:00,1373500800,1373500800.0,1373504400.0,,Estádio Cícero Pompeu de Toledo,,Match Finished,FT,90.0,71,Serie A,Brazil,https://media.api-sports.io/football/leagues/71.png,https://media.api-sports.io/flags/br.svg,2013,Regular Season - 11,126,Sao Paulo,https://media.api-sports.io/football/teams/126.png,False,118,Bahia,https://media.api-sports.io/football/teams/118.png,True,1.0,2.0,1.0,0.0,1.0,2.0,,,,,,,Sao Paulo...Bahia
190886,,UTC,2013-07-13T21:30:00+00:00,1373751000,1373751000.0,1373754600.0,5651.0,Estádio Claúdio Moacir de Azevedo,,Match Finished,FT,90.0,71,Serie A,Brazil,https://media.api-sports.io/football/leagues/71.png,https://media.api-sports.io/flags/br.svg,2013,Regular Season - 7,124,Fluminense,https://media.api-sports.io/football/teams/124.png,False,119,Internacional,https://media.api-sports.io/football/teams/119.png,True,2.0,3.0,1.0,3.0,2.0,3.0,,,,,,,Fluminense...Internacional
190887,,UTC,2013-07-13T21:30:00+00:00,1373751000,1373751000.0,1373754600.0,,Estádio Urbano Caldeira,,Match Finished,FT,90.0,71,Serie A,Brazil,https://media.api-sports.io/football/leagues/71.png,https://media.api-sports.io/flags/br.svg,2013,Regular Season - 7,128,Santos,https://media.api-sports.io/football/teams/128.png,True,1214,Portuguesa,https://media.api-sports.io/football/teams/1214.png,False,4.0,1.0,2.0,0.0,4.0,1.0,,,,,,,Santos...Portuguesa
190888,,UTC,2013-07-14T00:00:00+00:00,1373760000,1373760000.0,1373763600.0,,Estádio Moisés Lucarelli,,Match Finished,FT,90.0,71,Serie A,Brazil,https://media.api-sports.io/football/leagues/71.png,https://media.api-sports.io/flags/br.svg,2013,Regular Season - 7,139,Ponte Preta,https://media.api-sports.io/football/teams/139.png,,118,Bahia,https://media.api-sports.io/football/teams/118.png,,0.0,0.0,0.0,0.0,0.0,0.0,,,,,,,Ponte Preta...Bahia
190891,,UTC,2013-07-14T19:00:00+00:00,1373828400,1373828400.0,1373832000.0,241.0,Arena do Grêmio,,Match Finished,FT,90.0,71,Serie A,Brazil,https://media.api-sports.io/football/leagues/71.png,https://media.api-sports.io/flags/br.svg,2013,Regular Season - 7,130,Gremio,https://media.api-sports.io/football/teams/130.png,True,120,Botafogo,https://media.api-sports.io/football/teams/120.png,False,2.0,1.0,2.0,1.0,2.0,1.0,,,,,,,Gremio...Botafogo
190889,,UTC,2013-07-14T19:00:00+00:00,1373828400,1373828400.0,1373832000.0,,Estádio Municipal Paulo Machado de Carvalho,,Match Finished,FT,90.0,71,Serie A,Brazil,https://media.api-sports.io/football/leagues/71.png,https://media.api-sports.io/flags/br.svg,2013,Regular Season - 7,131,Corinthians,https://media.api-sports.io/football/teams/131.png,False,1062,Atletico-MG,https://media.api-sports.io/football/teams/1062.png,True,0.0,1.0,0.0,1.0,0.0,1.0,,,,,,,Corinthians...Atletico-MG
190890,,UTC,2013-07-14T19:00:00+00:00,1373828400,1373828400.0,1373832000.0,,Estádio Manoel Barradas,,Match Finished,FT,90.0,71,Serie A,Brazil,https://media.api-sports.io/football/leagues/71.png,https://media.api-sports.io/flags/br.svg,2013,Regular Season - 7,136,Vitoria,https://media.api-sports.io/football/teams/136.png,True,126,Sao Paulo,https://media.api-sports.io/football/teams/126.png,False,3.0,2.0,2.0,2.0,3.0,2.0,,,,,,,Vitoria...Sao Paulo
190892,,UTC,2013-07-14T19:00:00+00:00,1373828400,1373828400.0,1373832000.0,,Estádio Major Antônio Couto Pereira,,Match Finished,FT,90.0,71,Serie A,Brazil,https://media.api-sports.io/football/leagues/71.png,https://media.api-sports.io/flags/br.svg,2013,Regular Season - 7,147,Coritiba,https://media.api-sports.io/football/teams/147.png,True,134,Atletico Paranaense,https://media.api-sports.io/football/teams/134.png,False,1.0,0.0,0.0,0.0,1.0,0.0,,,,,,,Coritiba...Atletico Paranaense
190893,,UTC,2013-07-14T21:30:00+00:00,1373837400,1373837400.0,1373841000.0,,Estádio Nacional de Brasília,,Match Finished,FT,90.0,71,Serie A,Brazil,https://media.api-sports.io/football/leagues/71.png,https://media.api-sports.io/flags/br.svg,2013,Regular Season - 7,133,Vasco DA Gama,https://media.api-sports.io/football/teams/133.png,False,127,Flamengo,https://media.api-sports.io/football/teams/127.png,True,0.0,1.0,0.0,1.0,0.0,1.0,,,,,,,Vasco DA Gama...Flamengo
190895,,UTC,2013-07-14T21:30:00+00:00,1373837400,1373837400.0,1373841000.0,,Estádio Governador Magalhães Pinto,,Match Finished,FT,90.0,71,Serie A,Brazil,https://media.api-sports.io/football/leagues/71.png,https://media.api-sports.io/flags/br.svg,2013,Regular Season - 7,135,Cruzeiro,https://media.api-sports.io/football/teams/135.png,True,755,Nautico Recife,https://media.api-sports.io/football/teams/755.png,False,3.0,0.0,1.0,0.0,3.0,0.0,,,,,,,Cruzeiro...Nautico Recife
190894,,UTC,2013-07-14T21:30:00+00:00,1373837400,1373837400.0,1373841000.0,233.0,Estádio Heriberto Hülse,,Match Finished,FT,90.0,71,Serie A,Brazil,https://media.api-sports.io/football/leagues/71.png,https://media.api-sports.io/flags/br.svg,2013,Regular Season - 7,140,Criciuma,https://media.api-sports.io/football/teams/140.png,,151,Goias,https://media.api-sports.io/football/teams/151.png,,0.0,0.0,0.0,0.0,0.0,0.0,,,,,,,Criciuma...Goias
190896,,UTC,2013-07-20T21:30:00+00:00,1374355800,1374355800.0,1374359400.0,,Estádio Club de Regatas Vasco da Gama,,Match Finished,FT,90.0,71,Serie A,Brazil,https://media.api-sports.io/football/leagues/71.png,https://media.api-sports.io/flags/br.svg,2013,Regular Season - 8,120,Botafogo,https://media.api-sports.io/football/teams/120.png,True,755,Nautico Recife,https://media.api-sports.io/football/teams/755.png,False,2.0,0.0,0.0,0.0,2.0,0.0,,,,,,,Botafogo...Nautico Recife
190897,,UTC,2013-07-20T21:30:00+00:00,1374355800,1374355800.0,1374359400.0,,Estádio Cícero Pompeu de Toledo,,Match Finished,FT,90.0,71,Serie A,Brazil,https://media.api-sports.io/football/leagues/71.png,https://media.api-sports.io/flags/br.svg,2013,Regular Season - 8,126,Sao Paulo,https://media.api-sports.io/football/teams/126.png,False,135,Cruzeiro,https://media.api-sports.io/football/teams/135.png,True,0.0,3.0,0.0,0.0,0.0,3.0,,,,,,,Sao Paulo...Cruzeiro
190898,,UTC,2013-07-20T21:30:00+00:00,1374355800,1374355800.0,1374359400.0,233.0,Estádio Heriberto Hülse,,Match Finished,FT,90.0,71,Serie A,Brazil,https://media.api-sports.io/football/leagues/71.png,https://media.api-sports.io/flags/br.svg,2013,Regular Season - 8,140,Criciuma,https://media.api-sports.io/football/teams/140.png,True,130,Gremio,https://media.api-sports.io/football/teams/130.png,False,2.0,1.0,1.0,1.0,2.0,1.0,,,,,,,Criciuma...Gremio
190900,,UTC,2013-07-21T19:00:00+00:00,1374433200,1374433200.0,1374436800.0,5625.0,Estádio Francisco Stédile,,Match Finished,FT,90.0,71,Serie A,Brazil,https://media.api-sports.io/football/leagues/71.png,https://media.api-sports.io/flags/br.svg,2013,Regular Season - 8,119,Internacional,https://media.api-sports.io/football/teams/119.png,True,127,Flamengo,https://media.api-sports.io/football/teams/127.png,False,1.0,0.0,0.0,0.0,1.0,0.0,,,,,,,Internacional...Flamengo
190899,,UTC,2013-07-21T19:00:00+00:00,1374433200,1374433200.0,1374436800.0,,Itaipava Arena Fonte Nova,,Match Finished,FT,90.0,71,Serie A,Brazil,https://media.api-sports.io/football/leagues/71.png,https://media.api-sports.io/flags/br.svg,2013,Regular Season - 8,136,Vitoria,https://media.api-sports.io/football/teams/136.png,,118,Bahia,https://media.api-sports.io/football/teams/118.png,,0.0,0.0,0.0,0.0,0.0,0.0,,,,,,,Vitoria...Bahia
190901,,UTC,2013-07-21T21:30:00+00:00,1374442200,1374442200.0,1374445800.0,,Estádio do Governo do Estado de Goiás,,Match Finished,FT,90.0,71,Serie A,Brazil,https://media.api-sports.io/football/leagues/71.png,https://media.api-sports.io/flags/br.svg,2013,Regular Season - 8,151,Goias,https://media.api-sports.io/football/teams/151.png,True,1214,Portuguesa,https://media.api-sports.io/football/teams/1214.png,False,2.0,1.0,1.0,1.0,2.0,1.0,,,,,,,Goias...Portuguesa
190918,,UTC,2013-07-25T00:00:00+00:00,1374710400,1374710400.0,1374714000.0,,Estádio Cícero Pompeu de Toledo,,Match Finished,FT,90.0,71,Serie A,Brazil,https://media.api-sports.io/football/leagues/71.png,https://media.api-sports.io/flags/br.svg,2013,Regular Season - 12,126,Sao Paulo,https://media.api-sports.io/football/teams/126.png,False,119,Internacional,https://media.api-sports.io/football/teams/119.png,True,0.0,1.0,0.0,1.0,0.0,1.0,,,,,,,Sao Paulo...Internacional
190902,,UTC,2013-07-27T21:30:00+00:00,1374960600,1374960600.0,1374964200.0,,Estádio Club de Regatas Vasco da Gama,,Match Finished,FT,90.0,71,Serie A,Brazil,https://media.api-sports.io/football/leagues/71.png,https://media.api-sports.io/flags/br.svg,2013,Regular Season - 9,133,Vasco DA Gama,https://media.api-sports.io/football/teams/133.png,True,140,Criciuma,https://media.api-sports.io/football/teams/140.png,False,3.0,2.0,1.0,0.0,3.0,2.0,,,,,,,Vasco DA Gama...Criciuma
190903,,UTC,2013-07-28T00:00:00+00:00,1374969600,1374969600.0,1374973200.0,,Estádio Moisés Lucarelli,,Match Finished,FT,90.0,71,Serie A,Brazil,https://media.api-sports.io/football/leagues/71.png,https://media.api-sports.io/flags/br.svg,2013,Regular Season - 9,139,Ponte Preta,https://media.api-sports.io/football/teams/139.png,True,128,Santos,https://media.api-sports.io/football/teams/128.png,False,1.0,0.0,0.0,0.0,1.0,0.0,,,,,,,Ponte Preta...Santos
190904,,UTC,2013-07-28T19:00:00+00:00,1375038000,1375038000.0,1375041600.0,241.0,Arena do Grêmio,,Match Finished,FT,90.0,71,Serie A,Brazil,https://media.api-sports.io/football/leagues/71.png,https://media.api-sports.io/flags/br.svg,2013,Regular Season - 9,130,Gremio,https://media.api-sports.io/football/teams/130.png,True,124,Fluminense,https://media.api-sports.io/football/teams/124.png,False,2.0,0.0,0.0,0.0,2.0,0.0,,,,,,,Gremio...Fluminense
190906,,UTC,2013-07-28T19:00:00+00:00,1375038000,1375038000.0,1375041600.0,,Estádio Governador Magalhães Pinto,,Match Finished,FT,90.0,71,Serie A,Brazil,https://media.api-sports.io/football/leagues/71.png,https://media.api-sports.io/flags/br.svg,2013,Regular Season - 9,135,Cruzeiro,https://media.api-sports.io/football/teams/135.png,True,1062,Atletico-MG,https://media.api-sports.io/football/teams/1062.png,False,4.0,1.0,2.0,1.0,4.0,1.0,,,,,,,Cruzeiro...Atletico-MG
190905,,UTC,2013-07-28T19:00:00+00:00,1375038000,1375038000.0,1375041600.0,253.0,Itaipava Arena Pernambuco,,Match Finished,FT,90.0,71,Serie A,Brazil,https://media.api-sports.io/football/leagues/71.png,https://media.api-sports.io/flags/br.svg,2013,Regular Season - 9,755,Nautico Recife,https://media.api-sports.io/football/teams/755.png,True,119,Internacional,https://media.api-sports.io/football/teams/119.png,False,3.0,0.0,0.0,0.0,3.0,0.0,,,,,,,Nautico Recife...Internacional
190907,,UTC,2013-07-28T21:30:00+00:00,1375047000,1375047000.0,1375050600.0,,Itaipava Arena Fonte Nova,,Match Finished,FT,90.0,71,Serie A,Brazil,https://media.api-sports.io/football/leagues/71.png,https://media.api-sports.io/flags/br.svg,2013,Regular Season - 9,118,Bahia,https://media.api-sports.io/football/teams/118.png,True,151,Goias,https://media.api-sports.io/football/teams/151.png,False,2.0,1.0,2.0,1.0,2.0,1.0,,,,,,,Bahia...Goias
190908,,UTC,2013-07-28T21:30:00+00:00,1375047000,1375047000.0,1375050600.0,,Estádio Major Antônio Couto Pereira,,Match Finished,FT,90.0,71,Serie A,Brazil,https://media.api-sports.io/football/leagues/71.png,https://media.api-sports.io/flags/br.svg,2013,Regular Season - 9,147,Coritiba,https://media.api-sports.io/football/teams/147.png,,136,Vitoria,https://media.api-sports.io/football/teams/136.png,,1.0,1.0,1.0,1.0,1.0,1.0,,,,,,,Coritiba...Vitoria
190909,,UTC,2013-07-31T22:30:00+00:00,1375309800,1375309800.0,1375313400.0,206.0,Estádio Raimundo Sampaio,,Match Finished,FT,90.0,71,Serie A,Brazil,https://media.api-sports.io/football/leagues/71.png,https://media.api-sports.io/flags/br.svg,2013,Regular Season - 10,1062,Atletico-MG,https://media.api-sports.io/football/teams/1062.png,False,134,Atletico Paranaense,https://media.api-sports.io/football/teams/134.png,True,1.0,2.0,0.0,0.0,1.0,2.0,,,,,,,Atletico-MG...Atletico Paranaense
190910,,UTC,2013-07-31T22:30:00+00:00,1375309800,1375309800.0,1375313400.0,,Estádio Dr. Oswaldo Teixeira Duarte,,Match Finished,FT,90.0,71,Serie A,Brazil,https://media.api-sports.io/football/leagues/71.png,https://media.api-sports.io/flags/br.svg,2013,Regular Season - 10,1214,Portuguesa,https://media.api-sports.io/football/teams/1214.png,,140,Criciuma,https://media.api-sports.io/football/teams/140.png,,1.0,1.0,0.0,0.0,1.0,1.0,,,,,,,Portuguesa...Criciuma
190911,,UTC,2013-08-01T00:00:00+00:00,1375315200,1375315200.0,1375318800.0,,Estádio Major Antônio Couto Pereira,,Match Finished,FT,90.0,71,Serie A,Brazil,https://media.api-sports.io/football/leagues/71.png,https://media.api-sports.io/flags/br.svg,2013,Regular Season - 10,147,Coritiba,https://media.api-sports.io/football/teams/147.png,True,139,Ponte Preta,https://media.api-sports.io/football/teams/139.png,False,5.0,3.0,2.0,1.0,5.0,3.0,,,,,,,Coritiba...Ponte Preta
190912,,UTC,2013-08-01T22:30:00+00:00,1375396200,1375396200.0,1375399800.0,,Estadio Jornalista Mário Filho,,Match Finished,FT,90.0,71,Serie A,Brazil,https://media.api-sports.io/football/leagues/71.png,https://media.api-sports.io/flags/br.svg,2013,Regular Season - 10,120,Botafogo,https://media.api-sports.io/football/teams/120.png,True,136,Vitoria,https://media.api-sports.io/football/teams/136.png,False,2.0,0.0,1.0,0.0,2.0,0.0,,,,,,,Botafogo...Vitoria
190916,,UTC,2013-08-03T21:30:00+00:00,1375565400,1375565400.0,1375569000.0,,Estádio Governador Magalhães Pinto,,Match Finished,FT,90.0,71,Serie A,Brazil,https://media.api-sports.io/football/leagues/71.png,https://media.api-sports.io/flags/br.svg,2013,Regular Season - 11,135,Cruzeiro,https://media.api-sports.io/football/teams/135.png,True,147,Coritiba,https://media.api-sports.io/football/teams/147.png,False,1.0,0.0,1.0,0.0,1.0,0.0,,,,,,,Cruzeiro...Coritiba
190917,,UTC,2013-08-04T19:00:00+00:00,1375642800,1375642800.0,1375646400.0,,Estádio Nacional de Brasília,,Match Finished,FT,90.0,71,Serie A,Brazil,https://media.api-sports.io/football/leagues/71.png,https://media.api-sports.io/flags/br.svg,2013,Regular Season - 11,127,Flamengo,https://media.api-sports.io/football/teams/127.png,True,1062,Atletico-MG,https://media.api-sports.io/football/teams/1062.png,False,3.0,0.0,2.0,0.0,3.0,0.0,,,,,,,Flamengo...Atletico-MG
190919,,UTC,2013-08-07T22:30:00+00:00,1375914600,1375914600.0,1375918200.0,,Estádio Manoel Barradas,,Match Finished,FT,90.0,71,Serie A,Brazil,https://media.api-sports.io/football/leagues/71.png,https://media.api-sports.io/flags/br.svg,2013,Regular Season - 12,136,Vitoria,https://media.api-sports.io/football/teams/136.png,,124,Fluminense,https://media.api-sports.io/football/teams/124.png,,1.0,1.0,1.0,0.0,1.0,1.0,,,,,,,Vitoria...Fluminense
190920,,UTC,2013-08-07T22:30:00+00:00,1375914600,1375914600.0,1375918200.0,233.0,Estádio Heriberto Hülse,,Match Finished,FT,90.0,71,Serie A,Brazil,https://media.api-sports.io/football/leagues/71.png,https://media.api-sports.io/flags/br.svg,2013,Regular Season - 12,140,Criciuma,https://media.api-sports.io/football/teams/140.png,False,135,Cruzeiro,https://media.api-sports.io/football/teams/135.png,True,1.0,2.0,0.0,1.0,1.0,2.0,,,,,,,Criciuma...Cruzeiro
190921,,UTC,2013-08-08T00:00:00+00:00,1375920000,1375920000.0,1375923600.0,,Estádio Nacional de Brasília,,Match Finished,FT,90.0,71,Serie A,Brazil,https://media.api-sports.io/football/leagues/71.png,https://media.api-sports.io/flags/br.svg,2013,Regular Season - 12,127,Flamengo,https://media.api-sports.io/football/teams/127.png,,1214,Portuguesa,https://media.api-sports.io/football/teams/1214.png,,1.0,1.0,0.0,0.0,1.0,1.0,,,,,,,Flamengo...Portuguesa
190922,,UTC,2013-08-08T00:00:00+00:00,1375920000,1375920000.0,1375923600.0,,Estádio Durival de Brito e Silva,,Match Finished,FT,90.0,71,Serie A,Brazil,https://media.api-sports.io/football/leagues/71.png,https://media.api-sports.io/flags/br.svg,2013,Regular Season - 12,134,Atletico Paranaense,https://media.api-sports.io/football/teams/134.png,True,118,Bahia,https://media.api-sports.io/football/teams/118.png,False,1.0,0.0,0.0,0.0,1.0,0.0,,,,,,,Atletico Paranaense...Bahia
190925,,UTC,2013-08-08T00:50:00+00:00,1375923000,1375923000.0,1375926600.0,,Estádio Urbano Caldeira,,Match Finished,FT,90.0,71,Serie A,Brazil,https://media.api-sports.io/football/leagues/71.png,https://media.api-sports.io/flags/br.svg,2013,Regular Season - 12,128,Santos,https://media.api-sports.io/football/teams/128.png,,131,Corinthians,https://media.api-sports.io/football/teams/131.png,,1.0,1.0,0.0,1.0,1.0,1.0,,,,,,,Santos...Corinthians
190923,,UTC,2013-08-08T00:50:00+00:00,1375923000,1375923000.0,1375926600.0,,Estádio do Governo do Estado de Goiás,,Match Finished,FT,90.0,71,Serie A,Brazil,https://media.api-sports.io/football/leagues/71.png,https://media.api-sports.io/flags/br.svg,2013,Regular Season - 12,151,Goias,https://media.api-sports.io/football/teams/151.png,True,755,Nautico Recife,https://media.api-sports.io/football/teams/755.png,False,2.0,1.0,1.0,1.0,2.0,1.0,,,,,,,Goias...Nautico Recife
190924,,UTC,2013-08-08T00:50:00+00:00,1375923000,1375923000.0,1375926600.0,206.0,Estádio Raimundo Sampaio,,Match Finished,FT,90.0,71,Serie A,Brazil,https://media.api-sports.io/football/leagues/71.png,https://media.api-sports.io/flags/br.svg,2013,Regular Season - 12,1062,Atletico-MG,https://media.api-sports.io/football/teams/1062.png,,120,Botafogo,https://media.api-sports.io/football/teams/120.png,,2.0,2.0,1.0,1.0,2.0,2.0,,,,,,,Atletico-MG...Botafogo
190927,,UTC,2013-08-09T00:00:00+00:00,1376006400,1376006400.0,1376010000.0,241.0,Arena do Grêmio,,Match Finished,FT,90.0,71,Serie A,Brazil,https://media.api-sports.io/football/leagues/71.png,https://media.api-sports.io/flags/br.svg,2013,Regular Season - 12,130,Gremio,https://media.api-sports.io/football/teams/130.png,False,147,Coritiba,https://media.api-sports.io/football/teams/147.png,True,0.0,1.0,0.0,1.0,0.0,1.0,,,,,,,Gremio...Coritiba
190926,,UTC,2013-08-09T00:00:00+00:00,1376006400,1376006400.0,1376010000.0,,Estádio Club de Regatas Vasco da Gama,,Match Finished,FT,90.0,71,Serie A,Brazil,https://media.api-sports.io/football/leagues/71.png,https://media.api-sports.io/flags/br.svg,2013,Regular Season - 12,133,Vasco DA Gama,https://media.api-sports.io/football/teams/133.png,,139,Ponte Preta,https://media.api-sports.io/football/teams/139.png,,1.0,1.0,0.0,0.0,1.0,1.0,,,,,,,Vasco DA Gama...Ponte Preta
190928,,UTC,2013-08-10T21:30:00+00:00,1376170200,1376170200.0,1376173800.0,,Estádio Nacional de Brasília,,Match Finished,FT,90.0,71,Serie A,Brazil,https://media.api-sports.io/football/leagues/71.png,https://media.api-sports.io/flags/br.svg,2013,Regular Season - 13,120,Botafogo,https://media.api-sports.io/football/teams/120.png,,151,Goias,https://media.api-sports.io/football/teams/151.png,,1.0,1.0,0.0,0.0,1.0,1.0,,,,,,,Botafogo...Goias
190929,,UTC,2013-08-10T21:30:00+00:00,1376170200,1376170200.0,1376173800.0,253.0,Itaipava Arena Pernambuco,,Match Finished,FT,90.0,71,Serie A,Brazil,https://media.api-sports.io/football/leagues/71.png,https://media.api-sports.io/flags/br.svg,2013,Regular Season - 13,755,Nautico Recife,https://media.api-sports.io/football/teams/755.png,,1062,Atletico-MG,https://media.api-sports.io/football/teams/1062.png,,0.0,0.0,0.0,0.0,0.0,0.0,,,,,,,Nautico Recife...Atletico-MG
190930,,UTC,2013-08-11T19:00:00+00:00,1376247600,1376247600.0,1376251200.0,,Estadio Jornalista Mário Filho,,Match Finished,FT,90.0,71,Serie A,Brazil,https://media.api-sports.io/football/leagues/71.png,https://media.api-sports.io/flags/br.svg,2013,Regular Season - 13,124,Fluminense,https://media.api-sports.io/football/teams/124.png,False,127,Flamengo,https://media.api-sports.io/football/teams/127.png,True,2.0,3.0,1.0,2.0,2.0,3.0,,,,,,,Fluminense...Flamengo
190931,,UTC,2013-08-11T19:00:00+00:00,1376247600,1376247600.0,1376251200.0,,Estádio Municipal Paulo Machado de Carvalho,,Match Finished,FT,90.0,71,Serie A,Brazil,https://media.api-sports.io/football/leagues/71.png,https://media.api-sports.io/flags/br.svg,2013,Regular Season - 13,131,Corinthians,https://media.api-sports.io/football/teams/131.png,True,136,Vitoria,https://media.api-sports.io/football/teams/136.png,False,2.0,0.0,1.0,0.0,2.0,0.0,,,,,,,Corinthians...Vitoria
190932,,UTC,2013-08-11T19:00:00+00:00,1376247600,1376247600.0,1376251200.0,,Estádio Governador Magalhães Pinto,,Match Finished,FT,90.0,71,Serie A,Brazil,https://media.api-sports.io/football/leagues/71.png,https://media.api-sports.io/flags/br.svg,2013,Regular Season - 13,135,Cruzeiro,https://media.api-sports.io/football/teams/135.png,,128,Santos,https://media.api-sports.io/football/teams/128.png,,0.0,0.0,0.0,0.0,0.0,0.0,,,,,,,Cruzeiro...Santos
190933,,UTC,2013-08-11T19:00:00+00:00,1376247600,1376247600.0,1376251200.0,,Estádio Major Antônio Couto Pereira,,Match Finished,FT,90.0,71,Serie A,Brazil,https://media.api-sports.io/football/leagues/71.png,https://media.api-sports.io/flags/br.svg,2013,Regular Season - 13,147,Coritiba,https://media.api-sports.io/football/teams/147.png,False,133,Vasco DA Gama,https://media.api-sports.io/football/teams/133.png,True,0.0,1.0,0.0,1.0,0.0,1.0,,,,,,,Coritiba...Vasco DA Gama
190934,,UTC,2013-08-11T21:30:00+00:00,1376256600,1376256600.0,1376260200.0,,Itaipava Arena Fonte Nova,,Match Finished,FT,90.0,71,Serie A,Brazil,https://media.api-sports.io/football/leagues/71.png,https://media.api-sports.io/flags/br.svg,2013,Regular Season - 13,118,Bahia,https://media.api-sports.io/football/teams/118.png,False,130,Gremio,https://media.api-sports.io/football/teams/130.png,True,0.0,3.0,0.0,0.0,0.0,3.0,,,,,,,Bahia...Gremio
190935,,UTC,2013-08-11T21:30:00+00:00,1376256600,1376256600.0,1376260200.0,254.0,Estádio do Vale,,Match Finished,FT,90.0,71,Serie A,Brazil,https://media.api-sports.io/football/leagues/71.png,https://media.api-sports.io/flags/br.svg,2013,Regular Season - 13,119,Internacional,https://media.api-sports.io/football/teams/119.png,,134,Atletico Paranaense,https://media.api-sports.io/football/teams/134.png,,2.0,2.0,1.0,1.0,2.0,2.0,,,,,,,Internacional...Atletico Paranaense
190936,,UTC,2013-08-11T21:30:00+00:00,1376256600,1376256600.0,1376260200.0,,Estádio Moisés Lucarelli,,Match Finished,FT,90.0,71,Serie A,Brazil,https://media.api-sports.io/football/leagues/71.png,https://media.api-sports.io/flags/br.svg,2013,Regular Season - 13,139,Ponte Preta,https://media.api-sports.io/football/teams/139.png,True,140,Criciuma,https://media.api-sports.io/football/teams/140.png,False,3.0,1.0,2.0,0.0,3.0,1.0,,,,,,,Ponte Preta...Criciuma
190937,,UTC,2013-08-11T21:30:00+00:00,1376256600,1376256600.0,1376260200.0,,Estádio Dr. Oswaldo Teixeira Duarte,,Match Finished,FT,90.0,71,Serie A,Brazil,https://media.api-sports.io/football/leagues/71.png,https://media.api-sports.io/flags/br.svg,2013,Regular Season - 13,1214,Portuguesa,https://media.api-sports.io/football/teams/1214.png,True,126,Sao Paulo,https://media.api-sports.io/football/teams/126.png,False,2.0,1.0,1.0,0.0,2.0,1.0,,,,,,,Portuguesa...Sao Paulo
190940,,UTC,2013-08-14T22:30:00+00:00,1376519400,1376519400.0,1376523000.0,,Estádio Urbano Caldeira,,Match Finished,FT,90.0,71,Serie A,Brazil,https://media.api-sports.io/football/leagues/71.png,https://media.api-sports.io/flags/br.svg,2013,Regular Season - 14,128,Santos,https://media.api-sports.io/football/teams/128.png,,133,Vasco DA Gama,https://media.api-sports.io/football/teams/133.png,,1.0,1.0,0.0,0.0,1.0,1.0,,,,,,,Santos...Vasco DA Gama
190938,,UTC,2013-08-14T22:30:00+00:00,1376519400,1376519400.0,1376523000.0,233.0,Estádio Heriberto Hülse,,Match Finished,FT,90.0,71,Serie A,Brazil,https://media.api-sports.io/football/leagues/71.png,https://media.api-sports.io/flags/br.svg,2013,Regular Season - 14,140,Criciuma,https://media.api-sports.io/football/teams/140.png,True,755,Nautico Recife,https://media.api-sports.io/football/teams/755.png,False,3.0,0.0,3.0,0.0,3.0,0.0,,,,,,,Criciuma...Nautico Recife
190939,,UTC,2013-08-14T22:30:00+00:00,1376519400,1376519400.0,1376523000.0,206.0,Estádio Raimundo Sampaio,,Match Finished,FT,90.0,71,Serie A,Brazil,https://media.api-sports.io/football/leagues/71.png,https://media.api-sports.io/flags/br.svg,2013,Regular Season - 14,1062,Atletico-MG,https://media.api-sports.io/football/teams/1062.png,True,118,Bahia,https://media.api-sports.io/football/teams/118.png,False,2.0,0.0,1.0,0.0,2.0,0.0,,,,,,,Atletico-MG...Bahia
190941,,UTC,2013-08-15T00:00:00+00:00,1376524800,1376524800.0,1376528400.0,,Estádio Manoel Barradas,,Match Finished,FT,90.0,71,Serie A,Brazil,https://media.api-sports.io/football/leagues/71.png,https://media.api-sports.io/flags/br.svg,2013,Regular Season - 14,136,Vitoria,https://media.api-sports.io/football/teams/136.png,True,139,Ponte Preta,https://media.api-sports.io/football/teams/139.png,False,3.0,1.0,0.0,1.0,3.0,1.0,,,,,,,Vitoria...Ponte Preta
190942,,UTC,2013-08-15T00:00:00+00:00,1376524800,1376524800.0,1376528400.0,,Estádio Major Antônio Couto Pereira,,Match Finished,FT,90.0,71,Serie A,Brazil,https://media.api-sports.io/football/leagues/71.png,https://media.api-sports.io/flags/br.svg,2013,Regular Season - 14,147,Coritiba,https://media.api-sports.io/football/teams/147.png,,1214,Portuguesa,https://media.api-sports.io/football/teams/1214.png,,1.0,1.0,0.0,0.0,1.0,1.0,,,,,,,Coritiba...Portuguesa
190943,,UTC,2013-08-15T00:50:00+00:00,1376527800,1376527800.0,1376531400.0,,Estadio Jornalista Mário Filho,,Match Finished,FT,90.0,71,Serie A,Brazil,https://media.api-sports.io/football/leagues/71.png,https://media.api-sports.io/flags/br.svg,2013,Regular Season - 14,124,Fluminense,https://media.api-sports.io/football/teams/124.png,,131,Corinthians,https://media.api-sports.io/football/teams/131.png,,0.0,0.0,0.0,0.0,0.0,0.0,,,,,,,Fluminense...Corinthians
190944,,UTC,2013-08-15T00:50:00+00:00,1376527800,1376527800.0,1376531400.0,241.0,Arena do Grêmio,,Match Finished,FT,90.0,71,Serie A,Brazil,https://media.api-sports.io/football/leagues/71.png,https://media.api-sports.io/flags/br.svg,2013,Regular Season - 14,130,Gremio,https://media.api-sports.io/football/teams/130.png,True,135,Cruzeiro,https://media.api-sports.io/football/teams/135.png,False,3.0,1.0,0.0,0.0,3.0,1.0,,,,,,,Gremio...Cruzeiro
190945,,UTC,2013-08-15T00:50:00+00:00,1376527800,1376527800.0,1376531400.0,,Estádio do Governo do Estado de Goiás,,Match Finished,FT,90.0,71,Serie A,Brazil,https://media.api-sports.io/football/leagues/71.png,https://media.api-sports.io/flags/br.svg,2013,Regular Season - 14,151,Goias,https://media.api-sports.io/football/teams/151.png,,127,Flamengo,https://media.api-sports.io/football/teams/127.png,,1.0,1.0,1.0,0.0,1.0,1.0,,,,,,,Goias...Flamengo
190946,,UTC,2013-08-15T22:30:00+00:00,1376605800,1376605800.0,1376609400.0,,Estádio Cícero Pompeu de Toledo,,Match Finished,FT,90.0,71,Serie A,Brazil,https://media.api-sports.io/football/leagues/71.png,https://media.api-sports.io/flags/br.svg,2013,Regular Season - 14,126,Sao Paulo,https://media.api-sports.io/football/teams/126.png,,134,Atletico Paranaense,https://media.api-sports.io/football/teams/134.png,,1.0,1.0,1.0,1.0,1.0,1.0,,,,,,,Sao Paulo...Atletico Paranaense
190948,,UTC,2013-08-17T21:30:00+00:00,1376775000,1376775000.0,1376778600.0,,Estádio Governador Magalhães Pinto,,Match Finished,FT,90.0,71,Serie A,Brazil,https://media.api-sports.io/football/leagues/71.png,https://media.api-sports.io/flags/br.svg,2013,Regular Season - 15,135,Cruzeiro,https://media.api-sports.io/football/teams/135.png,True,136,Vitoria,https://media.api-sports.io/football/teams/136.png,False,5.0,1.0,1.0,0.0,5.0,1.0,,,,,,,Cruzeiro...Vitoria
190947,,UTC,2013-08-17T21:30:00+00:00,1376775000,1376775000.0,1376778600.0,253.0,Itaipava Arena Pernambuco,,Match Finished,FT,90.0,71,Serie A,Brazil,https://media.api-sports.io/football/leagues/71.png,https://media.api-sports.io/flags/br.svg,2013,Regular Season - 15,755,Nautico Recife,https://media.api-sports.io/football/teams/755.png,False,124,Fluminense,https://media.api-sports.io/football/teams/124.png,True,0.0,1.0,0.0,0.0,0.0,1.0,,,,,,,Nautico Recife...Fluminense
190949,,UTC,2013-08-18T00:00:00+00:00,1376784000,1376784000.0,1376787600.0,,Estádio Club de Regatas Vasco da Gama,,Match Finished,FT,90.0,71,Serie A,Brazil,https://media.api-sports.io/football/leagues/71.png,https://media.api-sports.io/flags/br.svg,2013,Regular Season - 15,133,Vasco DA Gama,https://media.api-sports.io/football/teams/133.png,False,130,Gremio,https://media.api-sports.io/football/teams/130.png,True,2.0,3.0,1.0,2.0,2.0,3.0,,,,,,,Vasco DA Gama...Gremio
190950,,UTC,2013-08-18T19:00:00+00:00,1376852400,1376852400.0,1376856000.0,,Estádio Nacional de Brasília,,Match Finished,FT,90.0,71,Serie A,Brazil,https://media.api-sports.io/football/leagues/71.png,https://media.api-sports.io/flags/br.svg,2013,Regular Season - 15,127,Flamengo,https://media.api-sports.io/football/teams/127.png,,126,Sao Paulo,https://media.api-sports.io/football/teams/126.png,,0.0,0.0,0.0,0.0,0.0,0.0,,,,,,,Flamengo...Sao Paulo
190951,,UTC,2013-08-18T19:00:00+00:00,1376852400,1376852400.0,1376856000.0,,Estádio Municipal Paulo Machado de Carvalho,,Match Finished,FT,90.0,71,Serie A,Brazil,https://media.api-sports.io/football/leagues/71.png,https://media.api-sports.io/flags/br.svg,2013,Regular Season - 15,131,Corinthians,https://media.api-sports.io/football/teams/131.png,True,147,Coritiba,https://media.api-sports.io/football/teams/147.png,False,1.0,0.0,0.0,0.0,1.0,0.0,,,,,,,Corinthians...Coritiba
190952,,UTC,2013-08-18T19:00:00+00:00,1376852400,1376852400.0,1376856000.0,,Estádio Moisés Lucarelli,,Match Finished,FT,90.0,71,Serie A,Brazil,https://media.api-sports.io/football/leagues/71.png,https://media.api-sports.io/flags/br.svg,2013,Regular Season - 15,139,Ponte Preta,https://media.api-sports.io/football/teams/139.png,False,151,Goias,https://media.api-sports.io/football/teams/151.png,True,0.0,1.0,0.0,1.0,0.0,1.0,,,,,,,Ponte Preta...Goias
190953,,UTC,2013-08-18T19:00:00+00:00,1376852400,1376852400.0,1376856000.0,,Estádio Dr. Oswaldo Teixeira Duarte,,Match Finished,FT,90.0,71,Serie A,Brazil,https://media.api-sports.io/football/leagues/71.png,https://media.api-sports.io/flags/br.svg,2013,Regular Season - 15,1214,Portuguesa,https://media.api-sports.io/football/teams/1214.png,False,120,Botafogo,https://media.api-sports.io/football/teams/120.png,True,1.0,3.0,0.0,0.0,1.0,3.0,,,,,,,Portuguesa...Botafogo
190954,,UTC,2013-08-18T21:30:00+00:00,1376861400,1376861400.0,1376865000.0,,Itaipava Arena Fonte Nova,,Match Finished,FT,90.0,71,Serie A,Brazil,https://media.api-sports.io/football/leagues/71.png,https://media.api-sports.io/flags/br.svg,2013,Regular Season - 15,118,Bahia,https://media.api-sports.io/football/teams/118.png,,128,Santos,https://media.api-sports.io/football/teams/128.png,,0.0,0.0,0.0,0.0,0.0,0.0,,,,,,,Bahia...Santos
190955,,UTC,2013-08-18T21:30:00+00:00,1376861400,1376861400.0,1376865000.0,,Estádio Durival de Brito e Silva,,Match Finished,FT,90.0,71,Serie A,Brazil,https://media.api-sports.io/football/leagues/71.png,https://media.api-sports.io/flags/br.svg,2013,Regular Season - 15,134,Atletico Paranaense,https://media.api-sports.io/football/teams/134.png,True,140,Criciuma,https://media.api-sports.io/football/teams/140.png,False,2.0,1.0,0.0,1.0,2.0,1.0,,,,,,,Atletico Paranaense...Criciuma
190956,,UTC,2013-08-24T21:30:00+00:00,1377379800,1377379800.0,1377383400.0,,Estádio Nacional de Brasília,,Match Finished,FT,90.0,71,Serie A,Brazil,https://media.api-sports.io/football/leagues/71.png,https://media.api-sports.io/flags/br.svg,2013,Regular Season - 16,127,Flamengo,https://media.api-sports.io/football/teams/127.png,False,130,Gremio,https://media.api-sports.io/football/teams/130.png,True,0.0,1.0,0.0,1.0,0.0,1.0,,,,,,,Flamengo...Gremio
190958,,UTC,2013-08-24T21:30:00+00:00,1377379800,1377379800.0,1377383400.0,,Estádio Urbano Caldeira,,Match Finished,FT,90.0,71,Serie A,Brazil,https://media.api-sports.io/football/leagues/71.png,https://media.api-sports.io/flags/br.svg,2013,Regular Season - 16,128,Santos,https://media.api-sports.io/football/teams/128.png,True,136,Vitoria,https://media.api-sports.io/football/teams/136.png,False,2.0,0.0,1.0,0.0,2.0,0.0,,,,,,,Santos...Vitoria
190957,,UTC,2013-08-24T21:30:00+00:00,1377379800,1377379800.0,1377383400.0,,Estádio Moisés Lucarelli,,Match Finished,FT,90.0,71,Serie A,Brazil,https://media.api-sports.io/football/leagues/71.png,https://media.api-sports.io/flags/br.svg,2013,Regular Season - 16,139,Ponte Preta,https://media.api-sports.io/football/teams/139.png,False,135,Cruzeiro,https://media.api-sports.io/football/teams/135.png,True,0.0,2.0,0.0,1.0,0.0,2.0,,,,,,,Ponte Preta...Cruzeiro
190959,,UTC,2013-08-25T00:00:00+00:00,1377388800,1377388800.0,1377392400.0,233.0,Estádio Heriberto Hülse,,Match Finished,FT,90.0,71,Serie A,Brazil,https://media.api-sports.io/football/leagues/71.png,https://media.api-sports.io/flags/br.svg,2013,Regular Season - 16,140,Criciuma,https://media.api-sports.io/football/teams/140.png,True,147,Coritiba,https://media.api-sports.io/football/teams/147.png,False,2.0,1.0,2.0,0.0,2.0,1.0,,,,,,,Criciuma...Coritiba
190962,,UTC,2013-08-25T19:00:00+00:00,1377457200,1377457200.0,1377460800.0,,Itaipava Arena Fonte Nova,,Match Finished,FT,90.0,71,Serie A,Brazil,https://media.api-sports.io/football/leagues/71.png,https://media.api-sports.io/flags/br.svg,2013,Regular Season - 16,118,Bahia,https://media.api-sports.io/football/teams/118.png,True,755,Nautico Recife,https://media.api-sports.io/football/teams/755.png,False,2.0,0.0,0.0,0.0,2.0,0.0,,,,,,,Bahia...Nautico Recife
190961,,UTC,2013-08-25T19:00:00+00:00,1377457200,1377457200.0,1377460800.0,,Estádio Cícero Pompeu de Toledo,,Match Finished,FT,90.0,71,Serie A,Brazil,https://media.api-sports.io/football/leagues/71.png,https://media.api-sports.io/flags/br.svg,2013,Regular Season - 16,126,Sao Paulo,https://media.api-sports.io/football/teams/126.png,True,124,Fluminense,https://media.api-sports.io/football/teams/124.png,False,2.0,1.0,2.0,0.0,2.0,1.0,,,,,,,Sao Paulo...Fluminense
190960,,UTC,2013-08-25T19:00:00+00:00,1377457200,1377457200.0,1377460800.0,,Estádio Nacional de Brasília,,Match Finished,FT,90.0,71,Serie A,Brazil,https://media.api-sports.io/football/leagues/71.png,https://media.api-sports.io/flags/br.svg,2013,Regular Season - 16,133,Vasco DA Gama,https://media.api-sports.io/football/teams/133.png,,131,Corinthians,https://media.api-sports.io/football/teams/131.png,,1.0,1.0,0.0,1.0,1.0,1.0,,,,,,,Vasco DA Gama...Corinthians
190963,,UTC,2013-08-25T19:00:00+00:00,1377457200,1377457200.0,1377460800.0,206.0,Estádio Raimundo Sampaio,,Match Finished,FT,90.0,71,Serie A,Brazil,https://media.api-sports.io/football/leagues/71.png,https://media.api-sports.io/flags/br.svg,2013,Regular Season - 16,1062,Atletico-MG,https://media.api-sports.io/football/teams/1062.png,True,1214,Portuguesa,https://media.api-sports.io/football/teams/1214.png,False,2.0,1.0,0.0,1.0,2.0,1.0,,,,,,,Atletico-MG...Portuguesa
190964,,UTC,2013-08-25T21:30:00+00:00,1377466200,1377466200.0,1377469800.0,254.0,Estádio do Vale,,Match Finished,FT,90.0,71,Serie A,Brazil,https://media.api-sports.io/football/leagues/71.png,https://media.api-sports.io/flags/br.svg,2013,Regular Season - 16,119,Internacional,https://media.api-sports.io/football/teams/119.png,,151,Goias,https://media.api-sports.io/football/teams/151.png,,3.0,3.0,1.0,1.0,3.0,3.0,,,,,,,Internacional...Goias
190965,,UTC,2013-08-25T21:30:00+00:00,1377466200,1377466200.0,1377469800.0,,Estádio Durival de Brito e Silva,,Match Finished,FT,90.0,71,Serie A,Brazil,https://media.api-sports.io/football/leagues/71.png,https://media.api-sports.io/flags/br.svg,2013,Regular Season - 16,134,Atletico Paranaense,https://media.api-sports.io/football/teams/134.png,True,120,Botafogo,https://media.api-sports.io/football/teams/120.png,False,2.0,0.0,0.0,0.0,2.0,0.0,,,,,,,Atletico Paranaense...Botafogo
190966,,UTC,2013-08-31T21:30:00+00:00,1377984600,1377984600.0,1377988200.0,241.0,Arena do Grêmio,,Match Finished,FT,90.0,71,Serie A,Brazil,https://media.api-sports.io/football/leagues/71.png,https://media.api-sports.io/flags/br.svg,2013,Regular Season - 17,130,Gremio,https://media.api-sports.io/football/teams/130.png,True,139,Ponte Preta,https://media.api-sports.io/football/teams/139.png,False,1.0,0.0,0.0,0.0,1.0,0.0,,,,,,,Gremio...Ponte Preta
190967,,UTC,2013-08-31T21:30:00+00:00,1377984600,1377984600.0,1377988200.0,,Estádio do Governo do Estado de Goiás,,Match Finished,FT,90.0,71,Serie A,Brazil,https://media.api-sports.io/football/leagues/71.png,https://media.api-sports.io/flags/br.svg,2013,Regular Season - 17,151,Goias,https://media.api-sports.io/football/teams/151.png,,1062,Atletico-MG,https://media.api-sports.io/football/teams/1062.png,,0.0,0.0,0.0,0.0,0.0,0.0,,,,,,,Goias...Atletico-MG
190968,,UTC,2013-08-31T21:30:00+00:00,1377984600,1377984600.0,1377988200.0,253.0,Itaipava Arena Pernambuco,,Match Finished,FT,90.0,71,Serie A,Brazil,https://media.api-sports.io/football/leagues/71.png,https://media.api-sports.io/flags/br.svg,2013,Regular Season - 17,755,Nautico Recife,https://media.api-sports.io/football/teams/755.png,False,134,Atletico Paranaense,https://media.api-sports.io/football/teams/134.png,True,1.0,4.0,1.0,2.0,1.0,4.0,,,,,,,Nautico Recife...Atletico Paranaense
190969,,UTC,2013-08-31T21:30:00+00:00,1377984600,1377984600.0,1377988200.0,,Estádio Dr. Oswaldo Teixeira Duarte,,Match Finished,FT,90.0,71,Serie A,Brazil,https://media.api-sports.io/football/leagues/71.png,https://media.api-sports.io/flags/br.svg,2013,Regular Season - 17,1214,Portuguesa,https://media.api-sports.io/football/teams/1214.png,True,118,Bahia,https://media.api-sports.io/football/teams/118.png,False,4.0,2.0,3.0,0.0,4.0,2.0,,,,,,,Portuguesa...Bahia
190970,,UTC,2013-09-01T00:00:00+00:00,1377993600,1377993600.0,1377997200.0,,Estadio Jornalista Mário Filho,,Match Finished,FT,90.0,71,Serie A,Brazil,https://media.api-sports.io/football/leagues/71.png,https://media.api-sports.io/flags/br.svg,2013,Regular Season - 17,124,Fluminense,https://media.api-sports.io/football/teams/124.png,False,128,Santos,https://media.api-sports.io/football/teams/128.png,True,0.0,2.0,0.0,2.0,0.0,2.0,,,,,,,Fluminense...Santos
190971,,UTC,2013-09-01T19:00:00+00:00,1378062000,1378062000.0,1378065600.0,,Estadio Jornalista Mário Filho,,Match Finished,FT,90.0,71,Serie A,Brazil,https://media.api-sports.io/football/leagues/71.png,https://media.api-sports.io/flags/br.svg,2013,Regular Season - 17,120,Botafogo,https://media.api-sports.io/football/teams/120.png,,126,Sao Paulo,https://media.api-sports.io/football/teams/126.png,,0.0,0.0,0.0,0.0,0.0,0.0,,,,,,,Botafogo...Sao Paulo
190972,,UTC,2013-09-01T19:00:00+00:00,1378062000,1378062000.0,1378065600.0,,Estádio Municipal Paulo Machado de Carvalho,,Match Finished,FT,90.0,71,Serie A,Brazil,https://media.api-sports.io/football/leagues/71.png,https://media.api-sports.io/flags/br.svg,2013,Regular Season - 17,131,Corinthians,https://media.api-sports.io/football/teams/131.png,True,127,Flamengo,https://media.api-sports.io/football/teams/127.png,False,4.0,0.0,2.0,0.0,4.0,0.0,,,,,,,Corinthians...Flamengo
190973,,UTC,2013-09-01T19:00:00+00:00,1378062000,1378062000.0,1378065600.0,,Estádio Manoel Barradas,,Match Finished,FT,90.0,71,Serie A,Brazil,https://media.api-sports.io/football/leagues/71.png,https://media.api-sports.io/flags/br.svg,2013,Regular Season - 17,136,Vitoria,https://media.api-sports.io/football/teams/136.png,False,140,Criciuma,https://media.api-sports.io/football/teams/140.png,True,0.0,1.0,0.0,1.0,0.0,1.0,,,,,,,Vitoria...Criciuma
190974,,UTC,2013-09-01T19:00:00+00:00,1378062000,1378062000.0,1378065600.0,,Estádio Major Antônio Couto Pereira,,Match Finished,FT,90.0,71,Serie A,Brazil,https://media.api-sports.io/football/leagues/71.png,https://media.api-sports.io/flags/br.svg,2013,Regular Season - 17,147,Coritiba,https://media.api-sports.io/football/teams/147.png,,119,Internacional,https://media.api-sports.io/football/teams/119.png,,0.0,0.0,0.0,0.0,0.0,0.0,,,,,,,Coritiba...Internacional
190975,,UTC,2013-09-01T21:30:00+00:00,1378071000,1378071000.0,1378074600.0,,Estádio Governador Magalhães Pinto,,Match Finished,FT,90.0,71,Serie A,Brazil,https://media.api-sports.io/football/leagues/71.png,https://media.api-sports.io/flags/br.svg,2013,Regular Season - 17,135,Cruzeiro,https://media.api-sports.io/football/teams/135.png,True,133,Vasco DA Gama,https://media.api-sports.io/football/teams/133.png,False,5.0,3.0,3.0,3.0,5.0,3.0,,,,,,,Cruzeiro...Vasco DA Gama
190976,,UTC,2013-09-03T22:30:00+00:00,1378247400,1378247400.0,1378251000.0,,Estádio do Governo do Estado de Goiás,,Match Finished,FT,90.0,71,Serie A,Brazil,https://media.api-sports.io/football/leagues/71.png,https://media.api-sports.io/flags/br.svg,2013,Regular Season - 18,151,Goias,https://media.api-sports.io/football/teams/151.png,True,130,Gremio,https://media.api-sports.io/football/teams/130.png,False,2.0,0.0,1.0,0.0,2.0,0.0,,,,,,,Goias...Gremio
190913,,UTC,2013-09-04T00:00:00+00:00,1378252800,1378252800.0,1378256400.0,253.0,Itaipava Arena Pernambuco,,Match Finished,FT,90.0,71,Serie A,Brazil,https://media.api-sports.io/football/leagues/71.png,https://media.api-sports.io/flags/br.svg,2013,Regular Season - 10,755,Nautico Recife,https://media.api-sports.io/football/teams/755.png,False,126,Sao Paulo,https://media.api-sports.io/football/teams/126.png,True,0.0,1.0,0.0,0.0,0.0,1.0,,,,,,,Nautico Recife...Sao Paulo
190977,,UTC,2013-09-04T22:30:00+00:00,1378333800,1378333800.0,1378337400.0,,Estadio Jornalista Mário Filho,,Match Finished,FT,90.0,71,Serie A,Brazil,https://media.api-sports.io/football/leagues/71.png,https://media.api-sports.io/flags/br.svg,2013,Regular Season - 18,127,Flamengo,https://media.api-sports.io/football/teams/127.png,True,136,Vitoria,https://media.api-sports.io/football/teams/136.png,False,2.0,1.0,2.0,0.0,2.0,1.0,,,,,,,Flamengo...Vitoria
190978,,UTC,2013-09-04T22:30:00+00:00,1378333800,1378333800.0,1378337400.0,,Estádio Durival de Brito e Silva,,Match Finished,FT,90.0,71,Serie A,Brazil,https://media.api-sports.io/football/leagues/71.png,https://media.api-sports.io/flags/br.svg,2013,Regular Season - 18,134,Atletico Paranaense,https://media.api-sports.io/football/teams/134.png,True,128,Santos,https://media.api-sports.io/football/teams/128.png,False,2.0,1.0,2.0,0.0,2.0,1.0,,,,,,,Atletico Paranaense...Santos
190979,,UTC,2013-09-05T00:00:00+00:00,1378339200,1378339200.0,1378342800.0,,Estádio Dr. Oswaldo Teixeira Duarte,,Match Finished,FT,90.0,71,Serie A,Brazil,https://media.api-sports.io/football/leagues/71.png,https://media.api-sports.io/flags/br.svg,2013,Regular Season - 18,1214,Portuguesa,https://media.api-sports.io/football/teams/1214.png,True,139,Ponte Preta,https://media.api-sports.io/football/teams/139.png,False,2.0,1.0,1.0,0.0,2.0,1.0,,,,,,,Portuguesa...Ponte Preta
190980,,UTC,2013-09-05T00:50:00+00:00,1378342200,1378342200.0,1378345800.0,,Itaipava Arena Fonte Nova,,Match Finished,FT,90.0,71,Serie A,Brazil,https://media.api-sports.io/football/leagues/71.png,https://media.api-sports.io/flags/br.svg,2013,Regular Season - 18,118,Bahia,https://media.api-sports.io/football/teams/118.png,False,135,Cruzeiro,https://media.api-sports.io/football/teams/135.png,True,1.0,3.0,0.0,2.0,1.0,3.0,,,,,,,Bahia...Cruzeiro
190981,,UTC,2013-09-05T00:50:00+00:00,1378342200,1378342200.0,1378345800.0,254.0,Estádio do Vale,,Match Finished,FT,90.0,71,Serie A,Brazil,https://media.api-sports.io/football/leagues/71.png,https://media.api-sports.io/flags/br.svg,2013,Regular Season - 18,119,Internacional,https://media.api-sports.io/football/teams/119.png,True,131,Corinthians,https://media.api-sports.io/football/teams/131.png,False,1.0,0.0,0.0,0.0,1.0,0.0,,,,,,,Internacional...Corinthians
190982,,UTC,2013-09-05T00:50:00+00:00,1378342200,1378342200.0,1378345800.0,206.0,Estádio Raimundo Sampaio,,Match Finished,FT,90.0,71,Serie A,Brazil,https://media.api-sports.io/football/leagues/71.png,https://media.api-sports.io/flags/br.svg,2013,Regular Season - 18,1062,Atletico-MG,https://media.api-sports.io/football/teams/1062.png,,124,Fluminense,https://media.api-sports.io/football/teams/124.png,,2.0,2.0,1.0,1.0,2.0,2.0,,,,,,,Atletico-MG...Fluminense
190983,,UTC,2013-09-05T22:30:00+00:00,1378420200,1378420200.0,1378423800.0,,Estadio Jornalista Mário Filho,,Match Finished,FT,90.0,71,Serie A,Brazil,https://media.api-sports.io/football/leagues/71.png,https://media.api-sports.io/flags/br.svg,2013,Regular Season - 18,120,Botafogo,https://media.api-sports.io/football/teams/120.png,True,147,Coritiba,https://media.api-sports.io/football/teams/147.png,False,3.0,1.0,2.0,0.0,3.0,1.0,,,,,,,Botafogo...Coritiba
190984,,UTC,2013-09-06T00:00:00+00:00,1378425600,1378425600.0,1378429200.0,,Estádio Cícero Pompeu de Toledo,,Match Finished,FT,90.0,71,Serie A,Brazil,https://media.api-sports.io/football/leagues/71.png,https://media.api-sports.io/flags/br.svg,2013,Regular Season - 18,126,Sao Paulo,https://media.api-sports.io/football/teams/126.png,False,140,Criciuma,https://media.api-sports.io/football/teams/140.png,True,1.0,2.0,0.0,2.0,1.0,2.0,,,,,,,Sao Paulo...Criciuma
190985,,UTC,2013-09-06T00:00:00+00:00,1378425600,1378425600.0,1378429200.0,253.0,Itaipava Arena Pernambuco,,Match Finished,FT,90.0,71,Serie A,Brazil,https://media.api-sports.io/football/leagues/71.png,https://media.api-sports.io/flags/br.svg,2013,Regular Season - 18,755,Nautico Recife,https://media.api-sports.io/football/teams/755.png,False,133,Vasco DA Gama,https://media.api-sports.io/football/teams/133.png,True,0.0,3.0,0.0,0.0,0.0,3.0,,,,,,,Nautico Recife...Vasco DA Gama
190986,,UTC,2013-09-07T21:30:00+00:00,1378589400,1378589400.0,1378593000.0,,Estadio Jornalista Mário Filho,,Match Finished,FT,90.0,71,Serie A,Brazil,https://media.api-sports.io/football/leagues/71.png,https://media.api-sports.io/flags/br.svg,2013,Regular Season - 19,124,Fluminense,https://media.api-sports.io/football/teams/124.png,True,118,Bahia,https://media.api-sports.io/football/teams/118.png,False,1.0,0.0,0.0,0.0,1.0,0.0,,,,,,,Fluminense...Bahia
190989,,UTC,2013-09-07T21:30:00+00:00,1378589400,1378589400.0,1378593000.0,,Estádio Urbano Caldeira,,Match Finished,FT,90.0,71,Serie A,Brazil,https://media.api-sports.io/football/leagues/71.png,https://media.api-sports.io/flags/br.svg,2013,Regular Season - 19,128,Santos,https://media.api-sports.io/football/teams/128.png,True,151,Goias,https://media.api-sports.io/football/teams/151.png,False,1.0,0.0,0.0,0.0,1.0,0.0,,,,,,,Santos...Goias
190987,,UTC,2013-09-07T21:30:00+00:00,1378589400,1378589400.0,1378593000.0,,Estádio Manoel Barradas,,Match Finished,FT,90.0,71,Serie A,Brazil,https://media.api-sports.io/football/leagues/71.png,https://media.api-sports.io/flags/br.svg,2013,Regular Season - 19,136,Vitoria,https://media.api-sports.io/football/teams/136.png,,1062,Atletico-MG,https://media.api-sports.io/football/teams/1062.png,,1.0,1.0,1.0,0.0,1.0,1.0,,,,,,,Vitoria...Atletico-MG
190988,,UTC,2013-09-07T21:30:00+00:00,1378589400,1378589400.0,1378593000.0,,Estádio Moisés Lucarelli,,Match Finished,FT,90.0,71,Serie A,Brazil,https://media.api-sports.io/football/leagues/71.png,https://media.api-sports.io/flags/br.svg,2013,Regular Season - 19,139,Ponte Preta,https://media.api-sports.io/football/teams/139.png,False,119,Internacional,https://media.api-sports.io/football/teams/119.png,True,1.0,3.0,1.0,1.0,1.0,3.0,,,,,,,Ponte Preta...Internacional
190990,,UTC,2013-09-08T00:00:00+00:00,1378598400,1378598400.0,1378602000.0,241.0,Arena do Grêmio,,Match Finished,FT,90.0,71,Serie A,Brazil,https://media.api-sports.io/football/leagues/71.png,https://media.api-sports.io/flags/br.svg,2013,Regular Season - 19,130,Gremio,https://media.api-sports.io/football/teams/130.png,True,1214,Portuguesa,https://media.api-sports.io/football/teams/1214.png,False,3.0,2.0,0.0,0.0,3.0,2.0,,,,,,,Gremio...Portuguesa
190991,,UTC,2013-09-08T19:00:00+00:00,1378666800,1378666800.0,1378670400.0,,Estádio Governador Magalhães Pinto,,Match Finished,FT,90.0,71,Serie A,Brazil,https://media.api-sports.io/football/leagues/71.png,https://media.api-sports.io/flags/br.svg,2013,Regular Season - 19,135,Cruzeiro,https://media.api-sports.io/football/teams/135.png,True,127,Flamengo,https://media.api-sports.io/football/teams/127.png,False,1.0,0.0,0.0,0.0,1.0,0.0,,,,,,,Cruzeiro...Flamengo
190992,,UTC,2013-09-08T21:30:00+00:00,1378675800,1378675800.0,1378679400.0,,Estádio Club de Regatas Vasco da Gama,,Match Finished,FT,90.0,71,Serie A,Brazil,https://media.api-sports.io/football/leagues/71.png,https://media.api-sports.io/flags/br.svg,2013,Regular Season - 19,133,Vasco DA Gama,https://media.api-sports.io/football/teams/133.png,,134,Atletico Paranaense,https://media.api-sports.io/football/teams/134.png,,0.0,0.0,0.0,0.0,0.0,0.0,,,,,,,Vasco DA Gama...Atletico Paranaense
190993,,UTC,2013-09-08T21:30:00+00:00,1378675800,1378675800.0,1378679400.0,233.0,Estádio Heriberto Hülse,,Match Finished,FT,90.0,71,Serie A,Brazil,https://media.api-sports.io/football/leagues/71.png,https://media.api-sports.io/flags/br.svg,2013,Regular Season - 19,140,Criciuma,https://media.api-sports.io/football/teams/140.png,False,120,Botafogo,https://media.api-sports.io/football/teams/120.png,True,1.0,2.0,1.0,0.0,1.0,2.0,,,,,,,Criciuma...Botafogo
190914,,UTC,2013-09-10T22:30:00+00:00,1378852200,1378852200.0,1378855800.0,254.0,Estádio do Vale,,Match Finished,FT,90.0,71,Serie A,Brazil,https://media.api-sports.io/football/leagues/71.png,https://media.api-sports.io/flags/br.svg,2013,Regular Season - 10,119,Internacional,https://media.api-sports.io/football/teams/119.png,False,128,Santos,https://media.api-sports.io/football/teams/128.png,True,1.0,2.0,0.0,1.0,1.0,2.0,,,,,,,Internacional...Santos
190994,,UTC,2013-09-11T22:30:00+00:00,1378938600,1378938600.0,1378942200.0,,Estádio Durival de Brito e Silva,,Match Finished,FT,90.0,71,Serie A,Brazil,https://media.api-sports.io/football/leagues/71.png,https://media.api-sports.io/flags/br.svg,2013,Regular Season - 20,134,Atletico Paranaense,https://media.api-sports.io/football/teams/134.png,,124,Fluminense,https://media.api-sports.io/football/teams/124.png,,1.0,1.0,1.0,1.0,1.0,1.0,,,,,,,Atletico Paranaense...Fluminense
190995,,UTC,2013-09-12T00:00:00+00:00,1378944000,1378944000.0,1378947600.0,,Itaipava Arena Fonte Nova,,Match Finished,FT,90.0,71,Serie A,Brazil,https://media.api-sports.io/football/leagues/71.png,https://media.api-sports.io/flags/br.svg,2013,Regular Season - 20,118,Bahia,https://media.api-sports.io/football/teams/118.png,,140,Criciuma,https://media.api-sports.io/football/teams/140.png,,2.0,2.0,0.0,2.0,2.0,2.0,,,,,,,Bahia...Criciuma
190996,,UTC,2013-09-12T00:00:00+00:00,1378944000,1378944000.0,1378947600.0,,Estádio do Governo do Estado de Goiás,,Match Finished,FT,90.0,71,Serie A,Brazil,https://media.api-sports.io/football/leagues/71.png,https://media.api-sports.io/flags/br.svg,2013,Regular Season - 20,151,Goias,https://media.api-sports.io/football/teams/151.png,False,135,Cruzeiro,https://media.api-sports.io/football/teams/135.png,True,1.0,2.0,1.0,1.0,1.0,2.0,,,,,,,Goias...Cruzeiro
190997,,UTC,2013-09-12T00:50:00+00:00,1378947000,1378947000.0,1378950600.0,,Estadio Jornalista Mário Filho,,Match Finished,FT,90.0,71,Serie A,Brazil,https://media.api-sports.io/football/leagues/71.png,https://media.api-sports.io/flags/br.svg,2013,Regular Season - 20,120,Botafogo,https://media.api-sports.io/football/teams/120.png,True,131,Corinthians,https://media.api-sports.io/football/teams/131.png,False,1.0,0.0,0.0,0.0,1.0,0.0,,,,,,,Botafogo...Corinthians
190998,,UTC,2013-09-12T00:50:00+00:00,1378947000,1378947000.0,1378950600.0,253.0,Itaipava Arena Pernambuco,,Match Finished,FT,90.0,71,Serie A,Brazil,https://media.api-sports.io/football/leagues/71.png,https://media.api-sports.io/flags/br.svg,2013,Regular Season - 20,755,Nautico Recife,https://media.api-sports.io/football/teams/755.png,False,130,Gremio,https://media.api-sports.io/football/teams/130.png,True,0.0,2.0,0.0,1.0,0.0,2.0,,,,,,,Nautico Recife...Gremio
190999,,UTC,2013-09-12T00:50:00+00:00,1378947000,1378947000.0,1378950600.0,,Estádio Dr. Oswaldo Teixeira Duarte,,Match Finished,FT,90.0,71,Serie A,Brazil,https://media.api-sports.io/football/leagues/71.png,https://media.api-sports.io/flags/br.svg,2013,Regular Season - 20,1214,Portuguesa,https://media.api-sports.io/football/teams/1214.png,True,133,Vasco DA Gama,https://media.api-sports.io/football/teams/133.png,False,2.0,0.0,1.0,0.0,2.0,0.0,,,,,,,Portuguesa...Vasco DA Gama
191000,,UTC,2013-09-12T22:30:00+00:00,1379025000,1379025000.0,1379028600.0,254.0,Estádio do Vale,,Match Finished,FT,90.0,71,Serie A,Brazil,https://media.api-sports.io/football/leagues/71.png,https://media.api-sports.io/flags/br.svg,2013,Regular Season - 20,119,Internacional,https://media.api-sports.io/football/teams/119.png,,136,Vitoria,https://media.api-sports.io/football/teams/136.png,,2.0,2.0,2.0,1.0,2.0,2.0,,,,,,,Internacional...Vitoria
191002,,UTC,2013-09-13T00:00:00+00:00,1379030400,1379030400.0,1379034000.0,,Estádio Cícero Pompeu de Toledo,,Match Finished,FT,90.0,71,Serie A,Brazil,https://media.api-sports.io/football/leagues/71.png,https://media.api-sports.io/flags/br.svg,2013,Regular Season - 20,126,Sao Paulo,https://media.api-sports.io/football/teams/126.png,True,139,Ponte Preta,https://media.api-sports.io/football/teams/139.png,False,1.0,0.0,0.0,0.0,1.0,0.0,,,,,,,Sao Paulo...Ponte Preta
191001,,UTC,2013-09-13T00:00:00+00:00,1379030400,1379030400.0,1379034000.0,,Estadio Jornalista Mário Filho,,Match Finished,FT,90.0,71,Serie A,Brazil,https://media.api-sports.io/football/leagues/71.png,https://media.api-sports.io/flags/br.svg,2013,Regular Season - 20,127,Flamengo,https://media.api-sports.io/football/teams/127.png,True,128,Santos,https://media.api-sports.io/football/teams/128.png,False,2.0,1.0,1.0,0.0,2.0,1.0,,,,,,,Flamengo...Santos
191003,,UTC,2013-09-13T00:00:00+00:00,1379030400,1379030400.0,1379034000.0,206.0,Estádio Raimundo Sampaio,,Match Finished,FT,90.0,71,Serie A,Brazil,https://media.api-sports.io/football/leagues/71.png,https://media.api-sports.io/flags/br.svg,2013,Regular Season - 20,1062,Atletico-MG,https://media.api-sports.io/football/teams/1062.png,True,147,Coritiba,https://media.api-sports.io/football/teams/147.png,False,3.0,0.0,3.0,0.0,3.0,0.0,,,,,,,Atletico-MG...Coritiba
191004,,UTC,2013-09-15T00:00:00+00:00,1379203200,1379203200.0,1379206800.0,,Estadio Jornalista Mário Filho,,Match Finished,FT,90.0,71,Serie A,Brazil,https://media.api-sports.io/football/leagues/71.png,https://media.api-sports.io/flags/br.svg,2013,Regular Season - 21,124,Fluminense,https://media.api-sports.io/football/teams/124.png,True,1214,Portuguesa,https://media.api-sports.io/football/teams/1214.png,False,2.0,1.0,0.0,1.0,2.0,1.0,,,,,,,Fluminense...Portuguesa
191006,,UTC,2013-09-15T19:00:00+00:00,1379271600,1379271600.0,1379275200.0,,Estádio Municipal Paulo Machado de Carvalho,,Match Finished,FT,90.0,71,Serie A,Brazil,https://media.api-sports.io/football/leagues/71.png,https://media.api-sports.io/flags/br.svg,2013,Regular Season - 21,131,Corinthians,https://media.api-sports.io/football/teams/131.png,False,151,Goias,https://media.api-sports.io/football/teams/151.png,True,1.0,2.0,0.0,0.0,1.0,2.0,,,,,,,Corinthians...Goias
191005,,UTC,2013-09-15T19:00:00+00:00,1379271600,1379271600.0,1379275200.0,,Estádio Club de Regatas Vasco da Gama,,Match Finished,FT,90.0,71,Serie A,Brazil,https://media.api-sports.io/football/leagues/71.png,https://media.api-sports.io/flags/br.svg,2013,Regular Season - 21,133,Vasco DA Gama,https://media.api-sports.io/football/teams/133.png,False,126,Sao Paulo,https://media.api-sports.io/football/teams/126.png,True,0.0,2.0,0.0,1.0,0.0,2.0,,,,,,,Vasco DA Gama...Sao Paulo
191007,,UTC,2013-09-15T19:00:00+00:00,1379271600,1379271600.0,1379275200.0,,Estádio Moisés Lucarelli,,Match Finished,FT,90.0,71,Serie A,Brazil,https://media.api-sports.io/football/leagues/71.png,https://media.api-sports.io/flags/br.svg,2013,Regular Season - 21,139,Ponte Preta,https://media.api-sports.io/football/teams/139.png,,127,Flamengo,https://media.api-sports.io/football/teams/127.png,,1.0,1.0,0.0,0.0,1.0,1.0,,,,,,,Ponte Preta...Flamengo
191008,,UTC,2013-09-15T19:00:00+00:00,1379271600,1379271600.0,1379275200.0,233.0,Estádio Heriberto Hülse,,Match Finished,FT,90.0,71,Serie A,Brazil,https://media.api-sports.io/football/leagues/71.png,https://media.api-sports.io/flags/br.svg,2013,Regular Season - 21,140,Criciuma,https://media.api-sports.io/football/teams/140.png,False,119,Internacional,https://media.api-sports.io/football/teams/119.png,True,0.0,1.0,0.0,0.0,0.0,1.0,,,,,,,Criciuma...Internacional
191009,,UTC,2013-09-15T19:00:00+00:00,1379271600,1379271600.0,1379275200.0,,Estádio Major Antônio Couto Pereira,,Match Finished,FT,90.0,71,Serie A,Brazil,https://media.api-sports.io/football/leagues/71.png,https://media.api-sports.io/flags/br.svg,2013,Regular Season - 21,147,Coritiba,https://media.api-sports.io/football/teams/147.png,,118,Bahia,https://media.api-sports.io/football/teams/118.png,,2.0,2.0,0.0,1.0,2.0,2.0,,,,,,,Coritiba...Bahia
191012,,UTC,2013-09-15T21:30:00+00:00,1379280600,1379280600.0,1379284200.0,,Estádio Urbano Caldeira,,Match Finished,FT,90.0,71,Serie A,Brazil,https://media.api-sports.io/football/leagues/71.png,https://media.api-sports.io/flags/br.svg,2013,Regular Season - 21,128,Santos,https://media.api-sports.io/football/teams/128.png,False,120,Botafogo,https://media.api-sports.io/football/teams/120.png,True,1.0,2.0,0.0,1.0,1.0,2.0,,,,,,,Santos...Botafogo
191011,,UTC,2013-09-15T21:30:00+00:00,1379280600,1379280600.0,1379284200.0,241.0,Arena do Grêmio,,Match Finished,FT,90.0,71,Serie A,Brazil,https://media.api-sports.io/football/leagues/71.png,https://media.api-sports.io/flags/br.svg,2013,Regular Season - 21,130,Gremio,https://media.api-sports.io/football/teams/130.png,False,1062,Atletico-MG,https://media.api-sports.io/football/teams/1062.png,True,0.0,1.0,0.0,0.0,0.0,1.0,,,,,,,Gremio...Atletico-MG
191010,,UTC,2013-09-15T21:30:00+00:00,1379280600,1379280600.0,1379284200.0,,Estádio Manoel Barradas,,Match Finished,FT,90.0,71,Serie A,Brazil,https://media.api-sports.io/football/leagues/71.png,https://media.api-sports.io/flags/br.svg,2013,Regular Season - 21,136,Vitoria,https://media.api-sports.io/football/teams/136.png,True,755,Nautico Recife,https://media.api-sports.io/football/teams/755.png,False,2.0,1.0,1.0,1.0,2.0,1.0,,,,,,,Vitoria...Nautico Recife
191014,,UTC,2013-09-18T22:30:00+00:00,1379543400,1379543400.0,1379547000.0,241.0,Arena do Grêmio,,Match Finished,FT,90.0,71,Serie A,Brazil,https://media.api-sports.io/football/leagues/71.png,https://media.api-sports.io/flags/br.svg,2013,Regular Season - 22,130,Gremio,https://media.api-sports.io/football/teams/130.png,,128,Santos,https://media.api-sports.io/football/teams/128.png,,1.0,1.0,0.0,0.0,1.0,1.0,,,,,,,Gremio...Santos
191013,,UTC,2013-09-18T22:30:00+00:00,1379543400,1379543400.0,1379547000.0,,Estádio Club de Regatas Vasco da Gama,,Match Finished,FT,90.0,71,Serie A,Brazil,https://media.api-sports.io/football/leagues/71.png,https://media.api-sports.io/flags/br.svg,2013,Regular Season - 22,133,Vasco DA Gama,https://media.api-sports.io/football/teams/133.png,False,136,Vitoria,https://media.api-sports.io/football/teams/136.png,True,1.0,2.0,1.0,0.0,1.0,2.0,,,,,,,Vasco DA Gama...Vitoria
191015,,UTC,2013-09-19T00:00:00+00:00,1379548800,1379548800.0,1379552400.0,233.0,Estádio Heriberto Hülse,,Match Finished,FT,90.0,71,Serie A,Brazil,https://media.api-sports.io/football/leagues/71.png,https://media.api-sports.io/flags/br.svg,2013,Regular Season - 22,140,Criciuma,https://media.api-sports.io/football/teams/140.png,False,124,Fluminense,https://media.api-sports.io/football/teams/124.png,True,1.0,2.0,1.0,1.0,1.0,2.0,,,,,,,Criciuma...Fluminense
191016,,UTC,2013-09-19T00:00:00+00:00,1379548800,1379548800.0,1379552400.0,,Estádio Major Antônio Couto Pereira,,Match Finished,FT,90.0,71,Serie A,Brazil,https://media.api-sports.io/football/leagues/71.png,https://media.api-sports.io/flags/br.svg,2013,Regular Season - 22,147,Coritiba,https://media.api-sports.io/football/teams/147.png,,151,Goias,https://media.api-sports.io/football/teams/151.png,,2.0,2.0,1.0,1.0,2.0,2.0,,,,,,,Coritiba...Goias
191017,,UTC,2013-09-19T00:50:00+00:00,1379551800,1379551800.0,1379555400.0,,Estádio Cícero Pompeu de Toledo,,Match Finished,FT,90.0,71,Serie A,Brazil,https://media.api-sports.io/football/leagues/71.png,https://media.api-sports.io/flags/br.svg,2013,Regular Season - 22,126,Sao Paulo,https://media.api-sports.io/football/teams/126.png,True,1062,Atletico-MG,https://media.api-sports.io/football/teams/1062.png,False,1.0,0.0,1.0,0.0,1.0,0.0,,,,,,,Sao Paulo...Atletico-MG
191019,,UTC,2013-09-19T00:50:00+00:00,1379551800,1379551800.0,1379555400.0,,Estádio Governador Magalhães Pinto,,Match Finished,FT,90.0,71,Serie A,Brazil,https://media.api-sports.io/football/leagues/71.png,https://media.api-sports.io/flags/br.svg,2013,Regular Season - 22,135,Cruzeiro,https://media.api-sports.io/football/teams/135.png,True,120,Botafogo,https://media.api-sports.io/football/teams/120.png,False,3.0,0.0,1.0,0.0,3.0,0.0,,,,,,,Cruzeiro...Botafogo
191018,,UTC,2013-09-19T00:50:00+00:00,1379551800,1379551800.0,1379555400.0,,Estádio Moisés Lucarelli,,Match Finished,FT,90.0,71,Serie A,Brazil,https://media.api-sports.io/football/leagues/71.png,https://media.api-sports.io/flags/br.svg,2013,Regular Season - 22,139,Ponte Preta,https://media.api-sports.io/football/teams/139.png,True,131,Corinthians,https://media.api-sports.io/football/teams/131.png,False,2.0,0.0,0.0,0.0,2.0,0.0,,,,,,,Ponte Preta...Corinthians
191020,,UTC,2013-09-19T22:30:00+00:00,1379629800,1379629800.0,1379633400.0,,Estadio Jornalista Mário Filho,,Match Finished,FT,90.0,71,Serie A,Brazil,https://media.api-sports.io/football/leagues/71.png,https://media.api-sports.io/flags/br.svg,2013,Regular Season - 22,127,Flamengo,https://media.api-sports.io/football/teams/127.png,False,134,Atletico Paranaense,https://media.api-sports.io/football/teams/134.png,True,2.0,4.0,2.0,1.0,2.0,4.0,,,,,,,Flamengo...Atletico Paranaense
191021,,UTC,2013-09-20T00:00:00+00:00,1379635200,1379635200.0,1379638800.0,,Itaipava Arena Fonte Nova,,Match Finished,FT,90.0,71,Serie A,Brazil,https://media.api-sports.io/football/leagues/71.png,https://media.api-sports.io/flags/br.svg,2013,Regular Season - 22,118,Bahia,https://media.api-sports.io/football/teams/118.png,True,119,Internacional,https://media.api-sports.io/football/teams/119.png,False,2.0,0.0,0.0,0.0,2.0,0.0,,,,,,,Bahia...Internacional
191022,,UTC,2013-09-20T00:00:00+00:00,1379635200,1379635200.0,1379638800.0,,Estádio Dr. Oswaldo Teixeira Duarte,,Match Finished,FT,90.0,71,Serie A,Brazil,https://media.api-sports.io/football/leagues/71.png,https://media.api-sports.io/flags/br.svg,2013,Regular Season - 22,1214,Portuguesa,https://media.api-sports.io/football/teams/1214.png,True,755,Nautico Recife,https://media.api-sports.io/football/teams/755.png,False,3.0,0.0,3.0,0.0,3.0,0.0,,,,,,,Portuguesa...Nautico Recife
191023,,UTC,2013-09-21T21:30:00+00:00,1379799000,1379799000.0,1379802600.0,,Estadio Jornalista Mário Filho,,Match Finished,FT,90.0,71,Serie A,Brazil,https://media.api-sports.io/football/leagues/71.png,https://media.api-sports.io/flags/br.svg,2013,Regular Season - 23,124,Fluminense,https://media.api-sports.io/football/teams/124.png,,147,Coritiba,https://media.api-sports.io/football/teams/147.png,,1.0,1.0,0.0,1.0,1.0,1.0,,,,,,,Fluminense...Coritiba
191024,,UTC,2013-09-22T00:00:00+00:00,1379808000,1379808000.0,1379811600.0,,Estádio Manoel Barradas,,Match Finished,FT,90.0,71,Serie A,Brazil,https://media.api-sports.io/football/leagues/71.png,https://media.api-sports.io/flags/br.svg,2013,Regular Season - 23,136,Vitoria,https://media.api-sports.io/football/teams/136.png,,130,Gremio,https://media.api-sports.io/football/teams/130.png,,0.0,0.0,0.0,0.0,0.0,0.0,,,,,,,Vitoria...Gremio
191027,,UTC,2013-09-22T19:00:00+00:00,1379876400,1379876400.0,1379880000.0,254.0,Estádio do Vale,,Match Finished,FT,90.0,71,Serie A,Brazil,https://media.api-sports.io/football/leagues/71.png,https://media.api-sports.io/flags/br.svg,2013,Regular Season - 23,119,Internacional,https://media.api-sports.io/football/teams/119.png,False,1214,Portuguesa,https://media.api-sports.io/football/teams/1214.png,True,0.0,1.0,0.0,0.0,0.0,1.0,,,,,,,Internacional...Portuguesa
191025,,UTC,2013-09-22T19:00:00+00:00,1379876400,1379876400.0,1379880000.0,,Estadio Jornalista Mário Filho,,Match Finished,FT,90.0,71,Serie A,Brazil,https://media.api-sports.io/football/leagues/71.png,https://media.api-sports.io/flags/br.svg,2013,Regular Season - 23,120,Botafogo,https://media.api-sports.io/football/teams/120.png,False,118,Bahia,https://media.api-sports.io/football/teams/118.png,True,1.0,2.0,1.0,0.0,1.0,2.0,,,,,,,Botafogo...Bahia
191026,,UTC,2013-09-22T19:00:00+00:00,1379876400,1379876400.0,1379880000.0,,Estádio Municipal Paulo Machado de Carvalho,,Match Finished,FT,90.0,71,Serie A,Brazil,https://media.api-sports.io/football/leagues/71.png,https://media.api-sports.io/flags/br.svg,2013,Regular Season - 23,131,Corinthians,https://media.api-sports.io/football/teams/131.png,,135,Cruzeiro,https://media.api-sports.io/football/teams/135.png,,0.0,0.0,0.0,0.0,0.0,0.0,,,,,,,Corinthians...Cruzeiro
191028,,UTC,2013-09-22T19:00:00+00:00,1379876400,1379876400.0,1379880000.0,,Estádio do Governo do Estado de Goiás,,Match Finished,FT,90.0,71,Serie A,Brazil,https://media.api-sports.io/football/leagues/71.png,https://media.api-sports.io/flags/br.svg,2013,Regular Season - 23,151,Goias,https://media.api-sports.io/football/teams/151.png,True,126,Sao Paulo,https://media.api-sports.io/football/teams/126.png,False,1.0,0.0,0.0,0.0,1.0,0.0,,,,,,,Goias...Sao Paulo
191029,,UTC,2013-09-22T19:00:00+00:00,1379876400,1379876400.0,1379880000.0,253.0,Itaipava Arena Pernambuco,,Match Finished,FT,90.0,71,Serie A,Brazil,https://media.api-sports.io/football/leagues/71.png,https://media.api-sports.io/flags/br.svg,2013,Regular Season - 23,755,Nautico Recife,https://media.api-sports.io/football/teams/755.png,,127,Flamengo,https://media.api-sports.io/football/teams/127.png,,0.0,0.0,0.0,0.0,0.0,0.0,,,,,,,Nautico Recife...Flamengo
191032,,UTC,2013-09-22T21:30:00+00:00,1379885400,1379885400.0,1379889000.0,,Estádio Urbano Caldeira,,Match Finished,FT,90.0,71,Serie A,Brazil,https://media.api-sports.io/football/leagues/71.png,https://media.api-sports.io/flags/br.svg,2013,Regular Season - 23,128,Santos,https://media.api-sports.io/football/teams/128.png,True,140,Criciuma,https://media.api-sports.io/football/teams/140.png,False,2.0,1.0,2.0,0.0,2.0,1.0,,,,,,,Santos...Criciuma
191031,,UTC,2013-09-22T21:30:00+00:00,1379885400,1379885400.0,1379889000.0,,Estádio Durival de Brito e Silva,,Match Finished,FT,90.0,71,Serie A,Brazil,https://media.api-sports.io/football/leagues/71.png,https://media.api-sports.io/flags/br.svg,2013,Regular Season - 23,134,Atletico Paranaense,https://media.api-sports.io/football/teams/134.png,True,139,Ponte Preta,https://media.api-sports.io/football/teams/139.png,False,1.0,0.0,1.0,0.0,1.0,0.0,,,,,,,Atletico Paranaense...Ponte Preta
191030,,UTC,2013-09-22T21:30:00+00:00,1379885400,1379885400.0,1379889000.0,206.0,Estádio Raimundo Sampaio,,Match Finished,FT,90.0,71,Serie A,Brazil,https://media.api-sports.io/football/leagues/71.png,https://media.api-sports.io/flags/br.svg,2013,Regular Season - 23,1062,Atletico-MG,https://media.api-sports.io/football/teams/1062.png,True,133,Vasco DA Gama,https://media.api-sports.io/football/teams/133.png,False,2.0,1.0,2.0,0.0,2.0,1.0,,,,,,,Atletico-MG...Vasco DA Gama
191033,,UTC,2013-09-28T21:30:00+00:00,1380403800,1380403800.0,1380407400.0,,Estádio do Governo do Estado de Goiás,,Match Finished,FT,90.0,71,Serie A,Brazil,https://media.api-sports.io/football/leagues/71.png,https://media.api-sports.io/flags/br.svg,2013,Regular Season - 24,151,Goias,https://media.api-sports.io/football/teams/151.png,False,124,Fluminense,https://media.api-sports.io/football/teams/124.png,True,1.0,2.0,1.0,0.0,1.0,2.0,,,,,,,Goias...Fluminense
191034,,UTC,2013-09-28T21:30:00+00:00,1380403800,1380403800.0,1380407400.0,253.0,Itaipava Arena Pernambuco,,Match Finished,FT,90.0,71,Serie A,Brazil,https://media.api-sports.io/football/leagues/71.png,https://media.api-sports.io/flags/br.svg,2013,Regular Season - 24,755,Nautico Recife,https://media.api-sports.io/football/teams/755.png,True,147,Coritiba,https://media.api-sports.io/football/teams/147.png,False,3.0,0.0,0.0,0.0,3.0,0.0,,,,,,,Nautico Recife...Coritiba
191035,,UTC,2013-09-29T00:00:00+00:00,1380412800,1380412800.0,1380416400.0,,Estadio Jornalista Mário Filho,,Match Finished,FT,90.0,71,Serie A,Brazil,https://media.api-sports.io/football/leagues/71.png,https://media.api-sports.io/flags/br.svg,2013,Regular Season - 24,120,Botafogo,https://media.api-sports.io/football/teams/120.png,False,139,Ponte Preta,https://media.api-sports.io/football/teams/139.png,True,0.0,1.0,0.0,1.0,0.0,1.0,,,,,,,Botafogo...Ponte Preta
191038,,UTC,2013-09-29T19:00:00+00:00,1380481200,1380481200.0,1380484800.0,,Itaipava Arena Fonte Nova,,Match Finished,FT,90.0,71,Serie A,Brazil,https://media.api-sports.io/football/leagues/71.png,https://media.api-sports.io/flags/br.svg,2013,Regular Season - 24,118,Bahia,https://media.api-sports.io/football/teams/118.png,,133,Vasco DA Gama,https://media.api-sports.io/football/teams/133.png,,0.0,0.0,0.0,0.0,0.0,0.0,,,,,,,Bahia...Vasco DA Gama
191037,,UTC,2013-09-29T19:00:00+00:00,1380481200,1380481200.0,1380484800.0,,Estádio Cícero Pompeu de Toledo,,Match Finished,FT,90.0,71,Serie A,Brazil,https://media.api-sports.io/football/leagues/71.png,https://media.api-sports.io/flags/br.svg,2013,Regular Season - 24,126,Sao Paulo,https://media.api-sports.io/football/teams/126.png,False,130,Gremio,https://media.api-sports.io/football/teams/130.png,True,0.0,1.0,0.0,0.0,0.0,1.0,,,,,,,Sao Paulo...Gremio
191036,,UTC,2013-09-29T19:00:00+00:00,1380481200,1380481200.0,1380484800.0,,Estadio Jornalista Mário Filho,,Match Finished,FT,90.0,71,Serie A,Brazil,https://media.api-sports.io/football/leagues/71.png,https://media.api-sports.io/flags/br.svg,2013,Regular Season - 24,127,Flamengo,https://media.api-sports.io/football/teams/127.png,True,140,Criciuma,https://media.api-sports.io/football/teams/140.png,False,4.0,1.0,3.0,1.0,4.0,1.0,,,,,,,Flamengo...Criciuma
191039,,UTC,2013-09-29T19:00:00+00:00,1380481200,1380481200.0,1380484800.0,,Estádio Universitário Pedro Pedrossian,,Match Finished,FT,90.0,71,Serie A,Brazil,https://media.api-sports.io/football/leagues/71.png,https://media.api-sports.io/flags/br.svg,2013,Regular Season - 24,1214,Portuguesa,https://media.api-sports.io/football/teams/1214.png,True,131,Corinthians,https://media.api-sports.io/football/teams/131.png,False,4.0,0.0,3.0,0.0,4.0,0.0,,,,,,,Portuguesa...Corinthians
191040,,UTC,2013-09-29T21:30:00+00:00,1380490200,1380490200.0,1380493800.0,254.0,Estádio do Vale,,Match Finished,FT,90.0,71,Serie A,Brazil,https://media.api-sports.io/football/leagues/71.png,https://media.api-sports.io/flags/br.svg,2013,Regular Season - 24,119,Internacional,https://media.api-sports.io/football/teams/119.png,False,135,Cruzeiro,https://media.api-sports.io/football/teams/135.png,True,1.0,2.0,1.0,1.0,1.0,2.0,,,,,,,Internacional...Cruzeiro
191042,,UTC,2013-09-29T21:30:00+00:00,1380490200,1380490200.0,1380493800.0,,Estádio Durival de Brito e Silva,,Match Finished,FT,90.0,71,Serie A,Brazil,https://media.api-sports.io/football/leagues/71.png,https://media.api-sports.io/flags/br.svg,2013,Regular Season - 24,134,Atletico Paranaense,https://media.api-sports.io/football/teams/134.png,False,136,Vitoria,https://media.api-sports.io/football/teams/136.png,True,3.0,5.0,0.0,3.0,3.0,5.0,,,,,,,Atletico Paranaense...Vitoria
191041,,UTC,2013-09-29T21:30:00+00:00,1380490200,1380490200.0,1380493800.0,206.0,Estádio Raimundo Sampaio,,Match Finished,FT,90.0,71,Serie A,Brazil,https://media.api-sports.io/football/leagues/71.png,https://media.api-sports.io/flags/br.svg,2013,Regular Season - 24,1062,Atletico-MG,https://media.api-sports.io/football/teams/1062.png,True,128,Santos,https://media.api-sports.io/football/teams/128.png,False,3.0,1.0,2.0,1.0,3.0,1.0,,,,,,,Atletico-MG...Santos
191043,,UTC,2013-10-01T22:30:00+00:00,1380666600,1380666600.0,1380670200.0,,Estádio Moisés Lucarelli,,Match Finished,FT,90.0,71,Serie A,Brazil,https://media.api-sports.io/football/leagues/71.png,https://media.api-sports.io/flags/br.svg,2013,Regular Season - 25,139,Ponte Preta,https://media.api-sports.io/football/teams/139.png,False,755,Nautico Recife,https://media.api-sports.io/football/teams/755.png,True,1.0,2.0,1.0,0.0,1.0,2.0,,,,,,,Ponte Preta...Nautico Recife
191044,,UTC,2013-10-02T22:30:00+00:00,1380753000,1380753000.0,1380756600.0,241.0,Arena do Grêmio,,Match Finished,FT,90.0,71,Serie A,Brazil,https://media.api-sports.io/football/leagues/71.png,https://media.api-sports.io/flags/br.svg,2013,Regular Season - 25,130,Gremio,https://media.api-sports.io/football/teams/130.png,True,134,Atletico Paranaense,https://media.api-sports.io/football/teams/134.png,False,1.0,0.0,1.0,0.0,1.0,0.0,,,,,,,Gremio...Atletico Paranaense
191045,,UTC,2013-10-02T22:30:00+00:00,1380753000,1380753000.0,1380756600.0,,Estádio Governador Magalhães Pinto,,Match Finished,FT,90.0,71,Serie A,Brazil,https://media.api-sports.io/football/leagues/71.png,https://media.api-sports.io/flags/br.svg,2013,Regular Season - 25,135,Cruzeiro,https://media.api-sports.io/football/teams/135.png,True,1214,Portuguesa,https://media.api-sports.io/football/teams/1214.png,False,4.0,0.0,4.0,0.0,4.0,0.0,,,,,,,Cruzeiro...Portuguesa
191046,,UTC,2013-10-03T00:00:00+00:00,1380758400,1380758400.0,1380762000.0,,Estadio Jornalista Mário Filho,,Match Finished,FT,90.0,71,Serie A,Brazil,https://media.api-sports.io/football/leagues/71.png,https://media.api-sports.io/flags/br.svg,2013,Regular Season - 25,124,Fluminense,https://media.api-sports.io/football/teams/124.png,,120,Botafogo,https://media.api-sports.io/football/teams/120.png,,1.0,1.0,1.0,1.0,1.0,1.0,,,,,,,Fluminense...Botafogo
191047,,UTC,2013-10-03T00:00:00+00:00,1380758400,1380758400.0,1380762000.0,,Itaipava Arena Fonte Nova,,Match Finished,FT,90.0,71,Serie A,Brazil,https://media.api-sports.io/football/leagues/71.png,https://media.api-sports.io/flags/br.svg,2013,Regular Season - 25,136,Vitoria,https://media.api-sports.io/football/teams/136.png,True,151,Goias,https://media.api-sports.io/football/teams/151.png,False,2.0,1.0,1.0,1.0,2.0,1.0,,,,,,,Vitoria...Goias
191050,,UTC,2013-10-03T00:50:00+00:00,1380761400,1380761400.0,1380765000.0,,Estádio Urbano Caldeira,,Match Finished,FT,90.0,71,Serie A,Brazil,https://media.api-sports.io/football/leagues/71.png,https://media.api-sports.io/flags/br.svg,2013,Regular Season - 25,128,Santos,https://media.api-sports.io/football/teams/128.png,True,126,Sao Paulo,https://media.api-sports.io/football/teams/126.png,False,3.0,0.0,1.0,0.0,3.0,0.0,,,,,,,Santos...Sao Paulo
191048,,UTC,2013-10-03T00:50:00+00:00,1380761400,1380761400.0,1380765000.0,,Estádio Romildo Vitor Gomes Ferreira,,Match Finished,FT,90.0,71,Serie A,Brazil,https://media.api-sports.io/football/leagues/71.png,https://media.api-sports.io/flags/br.svg,2013,Regular Season - 25,131,Corinthians,https://media.api-sports.io/football/teams/131.png,True,118,Bahia,https://media.api-sports.io/football/teams/118.png,False,2.0,0.0,2.0,0.0,2.0,0.0,,,,,,,Corinthians...Bahia
191049,,UTC,2013-10-03T00:50:00+00:00,1380761400,1380761400.0,1380765000.0,,Estádio Major Antônio Couto Pereira,,Match Finished,FT,90.0,71,Serie A,Brazil,https://media.api-sports.io/football/leagues/71.png,https://media.api-sports.io/flags/br.svg,2013,Regular Season - 25,147,Coritiba,https://media.api-sports.io/football/teams/147.png,False,127,Flamengo,https://media.api-sports.io/football/teams/127.png,True,0.0,2.0,0.0,1.0,0.0,2.0,,,,,,,Coritiba...Flamengo
191051,,UTC,2013-10-04T00:00:00+00:00,1380844800,1380844800.0,1380848400.0,5651.0,Estádio Claúdio Moacir de Azevedo,,Match Finished,FT,90.0,71,Serie A,Brazil,https://media.api-sports.io/football/leagues/71.png,https://media.api-sports.io/flags/br.svg,2013,Regular Season - 25,133,Vasco DA Gama,https://media.api-sports.io/football/teams/133.png,True,119,Internacional,https://media.api-sports.io/football/teams/119.png,False,3.0,1.0,2.0,1.0,3.0,1.0,,,,,,,Vasco DA Gama...Internacional
191052,,UTC,2013-10-05T21:30:00+00:00,1381008600,1381008600.0,1381012200.0,,Estadio Jornalista Mário Filho,,Match Finished,FT,90.0,71,Serie A,Brazil,https://media.api-sports.io/football/leagues/71.png,https://media.api-sports.io/flags/br.svg,2013,Regular Season - 26,120,Botafogo,https://media.api-sports.io/football/teams/120.png,False,130,Gremio,https://media.api-sports.io/football/teams/130.png,True,0.0,1.0,0.0,1.0,0.0,1.0,,,,,,,Botafogo...Gremio
191053,,UTC,2013-10-06T00:00:00+00:00,1381017600,1381017600.0,1381021200.0,,Estádio Cícero Pompeu de Toledo,,Match Finished,FT,90.0,71,Serie A,Brazil,https://media.api-sports.io/football/leagues/71.png,https://media.api-sports.io/flags/br.svg,2013,Regular Season - 26,126,Sao Paulo,https://media.api-sports.io/football/teams/126.png,True,136,Vitoria,https://media.api-sports.io/football/teams/136.png,False,3.0,2.0,1.0,1.0,3.0,2.0,,,,,,,Sao Paulo...Vitoria
191054,,UTC,2013-10-06T19:00:00+00:00,1381086000,1381086000.0,1381089600.0,,Estádio Nacional de Brasília,,Match Finished,FT,90.0,71,Serie A,Brazil,https://media.api-sports.io/football/leagues/71.png,https://media.api-sports.io/flags/br.svg,2013,Regular Season - 26,127,Flamengo,https://media.api-sports.io/football/teams/127.png,,133,Vasco DA Gama,https://media.api-sports.io/football/teams/133.png,,1.0,1.0,1.0,0.0,1.0,1.0,,,,,,,Flamengo...Vasco DA Gama
191055,,UTC,2013-10-06T21:30:00+00:00,1381095000,1381095000.0,1381098600.0,,Itaipava Arena Fonte Nova,,Match Finished,FT,90.0,71,Serie A,Brazil,https://media.api-sports.io/football/leagues/71.png,https://media.api-sports.io/flags/br.svg,2013,Regular Season - 26,118,Bahia,https://media.api-sports.io/football/teams/118.png,,139,Ponte Preta,https://media.api-sports.io/football/teams/139.png,,1.0,1.0,1.0,1.0,1.0,1.0,,,,,,,Bahia...Ponte Preta
191056,,UTC,2013-10-06T21:30:00+00:00,1381095000,1381095000.0,1381098600.0,,Estádio do Governo do Estado de Goiás,,Match Finished,FT,90.0,71,Serie A,Brazil,https://media.api-sports.io/football/leagues/71.png,https://media.api-sports.io/flags/br.svg,2013,Regular Season - 26,151,Goias,https://media.api-sports.io/football/teams/151.png,,140,Criciuma,https://media.api-sports.io/football/teams/140.png,,1.0,1.0,1.0,1.0,1.0,1.0,,,,,,,Goias...Criciuma
191057,,UTC,2013-10-06T21:30:00+00:00,1381095000,1381095000.0,1381098600.0,,Estádio Dr. Oswaldo Teixeira Duarte,,Match Finished,FT,90.0,71,Serie A,Brazil,https://media.api-sports.io/football/leagues/71.png,https://media.api-sports.io/flags/br.svg,2013,Regular Season - 26,1214,Portuguesa,https://media.api-sports.io/football/teams/1214.png,True,128,Santos,https://media.api-sports.io/football/teams/128.png,False,3.0,0.0,1.0,0.0,3.0,0.0,,,,,,,Portuguesa...Santos
191058,,UTC,2013-10-09T22:30:00+00:00,1381357800,1381357800.0,1381361400.0,,Estádio Major Antônio Couto Pereira,,Match Finished,FT,90.0,71,Serie A,Brazil,https://media.api-sports.io/football/leagues/71.png,https://media.api-sports.io/flags/br.svg,2013,Regular Season - 27,147,Coritiba,https://media.api-sports.io/football/teams/147.png,True,128,Santos,https://media.api-sports.io/football/teams/128.png,False,1.0,0.0,0.0,0.0,1.0,0.0,,,,,,,Coritiba...Santos
191059,,UTC,2013-10-10T00:00:00+00:00,1381363200,1381363200.0,1381366800.0,,Itaipava Arena Fonte Nova,,Match Finished,FT,90.0,71,Serie A,Brazil,https://media.api-sports.io/football/leagues/71.png,https://media.api-sports.io/flags/br.svg,2013,Regular Season - 27,118,Bahia,https://media.api-sports.io/football/teams/118.png,True,136,Vitoria,https://media.api-sports.io/football/teams/136.png,False,2.0,0.0,2.0,0.0,2.0,0.0,,,,,,,Bahia...Vitoria
191061,,UTC,2013-10-10T00:50:00+00:00,1381366200,1381366200.0,1381369800.0,,Estádio Romildo Vitor Gomes Ferreira,,Match Finished,FT,90.0,71,Serie A,Brazil,https://media.api-sports.io/football/leagues/71.png,https://media.api-sports.io/flags/br.svg,2013,Regular Season - 27,131,Corinthians,https://media.api-sports.io/football/teams/131.png,,134,Atletico Paranaense,https://media.api-sports.io/football/teams/134.png,,0.0,0.0,0.0,0.0,0.0,0.0,,,,,,,Corinthians...Atletico Paranaense
191060,,UTC,2013-10-10T00:50:00+00:00,1381366200,1381366200.0,1381369800.0,,Estádio Aderbal Ramos da Silva,,Match Finished,FT,90.0,71,Serie A,Brazil,https://media.api-sports.io/football/leagues/71.png,https://media.api-sports.io/flags/br.svg,2013,Regular Season - 27,133,Vasco DA Gama,https://media.api-sports.io/football/teams/133.png,True,124,Fluminense,https://media.api-sports.io/football/teams/124.png,False,1.0,0.0,1.0,0.0,1.0,0.0,,,,,,,Vasco DA Gama...Fluminense
191062,,UTC,2013-10-10T22:30:00+00:00,1381444200,1381444200.0,1381447800.0,,Estádio Dr. Oswaldo Teixeira Duarte,,Match Finished,FT,90.0,71,Serie A,Brazil,https://media.api-sports.io/football/leagues/71.png,https://media.api-sports.io/flags/br.svg,2013,Regular Season - 27,1214,Portuguesa,https://media.api-sports.io/football/teams/1214.png,False,151,Goias,https://media.api-sports.io/football/teams/151.png,True,1.0,2.0,0.0,1.0,1.0,2.0,,,,,,,Portuguesa...Goias
191063,,UTC,2013-10-12T21:30:00+00:00,1381613400,1381613400.0,1381617000.0,,Estadio Jornalista Mário Filho,,Match Finished,FT,90.0,71,Serie A,Brazil,https://media.api-sports.io/football/leagues/71.png,https://media.api-sports.io/flags/br.svg,2013,Regular Season - 28,124,Fluminense,https://media.api-sports.io/football/teams/124.png,,130,Gremio,https://media.api-sports.io/football/teams/130.png,,1.0,1.0,0.0,1.0,1.0,1.0,,,,,,,Fluminense...Gremio
191064,,UTC,2013-10-12T21:30:00+00:00,1381613400,1381613400.0,1381617000.0,,Estádio Manoel Barradas,,Match Finished,FT,90.0,71,Serie A,Brazil,https://media.api-sports.io/football/leagues/71.png,https://media.api-sports.io/flags/br.svg,2013,Regular Season - 28,136,Vitoria,https://media.api-sports.io/football/teams/136.png,True,147,Coritiba,https://media.api-sports.io/football/teams/147.png,False,2.0,1.0,1.0,1.0,2.0,1.0,,,,,,,Vitoria...Coritiba
191065,,UTC,2013-10-13T00:00:00+00:00,1381622400,1381622400.0,1381626000.0,,Estádio Municipal Paulo Machado de Carvalho,,Match Finished,FT,90.0,71,Serie A,Brazil,https://media.api-sports.io/football/leagues/71.png,https://media.api-sports.io/flags/br.svg,2013,Regular Season - 28,128,Santos,https://media.api-sports.io/football/teams/128.png,True,139,Ponte Preta,https://media.api-sports.io/football/teams/139.png,False,2.0,1.0,1.0,0.0,2.0,1.0,,,,,,,Santos...Ponte Preta
191066,,UTC,2013-10-13T19:00:00+00:00,1381690800,1381690800.0,1381694400.0,233.0,Estádio Heriberto Hülse,,Match Finished,FT,90.0,71,Serie A,Brazil,https://media.api-sports.io/football/leagues/71.png,https://media.api-sports.io/flags/br.svg,2013,Regular Season - 28,140,Criciuma,https://media.api-sports.io/football/teams/140.png,True,133,Vasco DA Gama,https://media.api-sports.io/football/teams/133.png,False,3.0,2.0,2.0,1.0,3.0,2.0,,,,,,,Criciuma...Vasco DA Gama
191067,,UTC,2013-10-13T19:00:00+00:00,1381690800,1381690800.0,1381694400.0,206.0,Estádio Raimundo Sampaio,,Match Finished,FT,90.0,71,Serie A,Brazil,https://media.api-sports.io/football/leagues/71.png,https://media.api-sports.io/flags/br.svg,2013,Regular Season - 28,1062,Atletico-MG,https://media.api-sports.io/football/teams/1062.png,True,135,Cruzeiro,https://media.api-sports.io/football/teams/135.png,False,1.0,0.0,0.0,0.0,1.0,0.0,,,,,,,Atletico-MG...Cruzeiro
191068,,UTC,2013-10-13T21:30:00+00:00,1381699800,1381699800.0,1381703400.0,,Estadio Jornalista Mário Filho,,Match Finished,FT,90.0,71,Serie A,Brazil,https://media.api-sports.io/football/leagues/71.png,https://media.api-sports.io/flags/br.svg,2013,Regular Season - 28,120,Botafogo,https://media.api-sports.io/football/teams/120.png,True,127,Flamengo,https://media.api-sports.io/football/teams/127.png,False,2.0,1.0,1.0,1.0,2.0,1.0,,,,,,,Botafogo...Flamengo
191070,,UTC,2013-10-13T21:30:00+00:00,1381699800,1381699800.0,1381703400.0,,Estádio Durival de Brito e Silva,,Match Finished,FT,90.0,71,Serie A,Brazil,https://media.api-sports.io/football/leagues/71.png,https://media.api-sports.io/flags/br.svg,2013,Regular Season - 28,134,Atletico Paranaense,https://media.api-sports.io/football/teams/134.png,True,1214,Portuguesa,https://media.api-sports.io/football/teams/1214.png,False,1.0,0.0,1.0,0.0,1.0,0.0,,,,,,,Atletico Paranaense...Portuguesa
191069,,UTC,2013-10-13T21:30:00+00:00,1381699800,1381699800.0,1381703400.0,,Estádio do Governo do Estado de Goiás,,Match Finished,FT,90.0,71,Serie A,Brazil,https://media.api-sports.io/football/leagues/71.png,https://media.api-sports.io/flags/br.svg,2013,Regular Season - 28,151,Goias,https://media.api-sports.io/football/teams/151.png,True,118,Bahia,https://media.api-sports.io/football/teams/118.png,False,3.0,1.0,3.0,0.0,3.0,1.0,,,,,,,Goias...Bahia
191071,,UTC,2013-10-16T22:30:00+00:00,1381962600,1381962600.0,1381966200.0,,Estádio Urbano Caldeira,,Match Finished,FT,90.0,71,Serie A,Brazil,https://media.api-sports.io/football/leagues/71.png,https://media.api-sports.io/flags/br.svg,2013,Regular Season - 29,128,Santos,https://media.api-sports.io/football/teams/128.png,,119,Internacional,https://media.api-sports.io/football/teams/119.png,,0.0,0.0,0.0,0.0,0.0,0.0,,,,,,,Santos...Internacional
191072,,UTC,2013-10-16T22:30:00+00:00,1381962600,1381962600.0,1381966200.0,,Estádio Governador Magalhães Pinto,,Match Finished,FT,90.0,71,Serie A,Brazil,https://media.api-sports.io/football/leagues/71.png,https://media.api-sports.io/flags/br.svg,2013,Regular Season - 29,135,Cruzeiro,https://media.api-sports.io/football/teams/135.png,True,124,Fluminense,https://media.api-sports.io/football/teams/124.png,False,1.0,0.0,1.0,0.0,1.0,0.0,,,,,,,Cruzeiro...Fluminense
191073,,UTC,2013-10-17T00:00:00+00:00,1381968000,1381968000.0,1381971600.0,,Estádio Cícero Pompeu de Toledo,,Match Finished,FT,90.0,71,Serie A,Brazil,https://media.api-sports.io/football/leagues/71.png,https://media.api-sports.io/flags/br.svg,2013,Regular Season - 29,126,Sao Paulo,https://media.api-sports.io/football/teams/126.png,True,755,Nautico Recife,https://media.api-sports.io/football/teams/755.png,False,3.0,0.0,1.0,0.0,3.0,0.0,,,,,,,Sao Paulo...Nautico Recife
191074,,UTC,2013-10-17T00:00:00+00:00,1381968000,1381968000.0,1381971600.0,,Estádio Moisés Lucarelli,,Match Finished,FT,90.0,71,Serie A,Brazil,https://media.api-sports.io/football/leagues/71.png,https://media.api-sports.io/flags/br.svg,2013,Regular Season - 29,139,Ponte Preta,https://media.api-sports.io/football/teams/139.png,True,147,Coritiba,https://media.api-sports.io/football/teams/147.png,False,1.0,0.0,1.0,0.0,1.0,0.0,,,,,,,Ponte Preta...Coritiba
191075,,UTC,2013-10-17T00:00:00+00:00,1381968000,1381968000.0,1381971600.0,233.0,Estádio Heriberto Hülse,,Match Finished,FT,90.0,71,Serie A,Brazil,https://media.api-sports.io/football/leagues/71.png,https://media.api-sports.io/flags/br.svg,2013,Regular Season - 29,140,Criciuma,https://media.api-sports.io/football/teams/140.png,False,1214,Portuguesa,https://media.api-sports.io/football/teams/1214.png,True,1.0,3.0,0.0,2.0,1.0,3.0,,,,,,,Criciuma...Portuguesa
191076,,UTC,2013-10-17T00:50:00+00:00,1381971000,1381971000.0,1381974600.0,,Estadio Jornalista Mário Filho,,Match Finished,FT,90.0,71,Serie A,Brazil,https://media.api-sports.io/football/leagues/71.png,https://media.api-sports.io/flags/br.svg,2013,Regular Season - 29,127,Flamengo,https://media.api-sports.io/football/teams/127.png,True,118,Bahia,https://media.api-sports.io/football/teams/118.png,False,2.0,1.0,0.0,0.0,2.0,1.0,,,,,,,Flamengo...Bahia
191077,,UTC,2013-10-17T00:50:00+00:00,1381971000,1381971000.0,1381974600.0,241.0,Arena do Grêmio,,Match Finished,FT,90.0,71,Serie A,Brazil,https://media.api-sports.io/football/leagues/71.png,https://media.api-sports.io/flags/br.svg,2013,Regular Season - 29,130,Gremio,https://media.api-sports.io/football/teams/130.png,True,131,Corinthians,https://media.api-sports.io/football/teams/131.png,False,1.0,0.0,0.0,0.0,1.0,0.0,,,,,,,Gremio...Corinthians
191078,,UTC,2013-10-17T00:50:00+00:00,1381971000,1381971000.0,1381974600.0,,Estádio Durival de Brito e Silva,,Match Finished,FT,90.0,71,Serie A,Brazil,https://media.api-sports.io/football/leagues/71.png,https://media.api-sports.io/flags/br.svg,2013,Regular Season - 29,134,Atletico Paranaense,https://media.api-sports.io/football/teams/134.png,True,1062,Atletico-MG,https://media.api-sports.io/football/teams/1062.png,False,1.0,0.0,0.0,0.0,1.0,0.0,,,,,,,Atletico Paranaense...Atletico-MG
191079,,UTC,2013-10-17T22:30:00+00:00,1382049000,1382049000.0,1382052600.0,5651.0,Estádio Claúdio Moacir de Azevedo,,Match Finished,FT,90.0,71,Serie A,Brazil,https://media.api-sports.io/football/leagues/71.png,https://media.api-sports.io/flags/br.svg,2013,Regular Season - 29,133,Vasco DA Gama,https://media.api-sports.io/football/teams/133.png,False,151,Goias,https://media.api-sports.io/football/teams/151.png,True,0.0,2.0,0.0,1.0,0.0,2.0,,,,,,,Vasco DA Gama...Goias
191080,,UTC,2013-10-18T00:00:00+00:00,1382054400,1382054400.0,1382058000.0,,Estádio Manoel Barradas,,Match Finished,FT,90.0,71,Serie A,Brazil,https://media.api-sports.io/football/leagues/71.png,https://media.api-sports.io/flags/br.svg,2013,Regular Season - 29,136,Vitoria,https://media.api-sports.io/football/teams/136.png,True,120,Botafogo,https://media.api-sports.io/football/teams/120.png,False,1.0,0.0,0.0,0.0,1.0,0.0,,,,,,,Vitoria...Botafogo
191081,,UTC,2013-10-19T19:00:00+00:00,1382209200,1382209200.0,1382212800.0,,Estadio Jornalista Mário Filho,,Match Finished,FT,90.0,71,Serie A,Brazil,https://media.api-sports.io/football/leagues/71.png,https://media.api-sports.io/flags/br.svg,2013,Regular Season - 30,124,Fluminense,https://media.api-sports.io/football/teams/124.png,,139,Ponte Preta,https://media.api-sports.io/football/teams/139.png,,1.0,1.0,0.0,0.0,1.0,1.0,,,,,,,Fluminense...Ponte Preta
191082,,UTC,2013-10-19T21:30:00+00:00,1382218200,1382218200.0,1382221800.0,253.0,Itaipava Arena Pernambuco,,Match Finished,FT,90.0,71,Serie A,Brazil,https://media.api-sports.io/football/leagues/71.png,https://media.api-sports.io/flags/br.svg,2013,Regular Season - 30,755,Nautico Recife,https://media.api-sports.io/football/teams/755.png,False,128,Santos,https://media.api-sports.io/football/teams/128.png,True,1.0,5.0,0.0,4.0,1.0,5.0,,,,,,,Nautico Recife...Santos
191083,,UTC,2013-10-20T00:00:00+00:00,1382227200,1382227200.0,1382230800.0,,Estádio Municipal Dr. Novelli Júnior,,Match Finished,FT,90.0,71,Serie A,Brazil,https://media.api-sports.io/football/leagues/71.png,https://media.api-sports.io/flags/br.svg,2013,Regular Season - 30,131,Corinthians,https://media.api-sports.io/football/teams/131.png,True,140,Criciuma,https://media.api-sports.io/football/teams/140.png,False,1.0,0.0,0.0,0.0,1.0,0.0,,,,,,,Corinthians...Criciuma
191084,,UTC,2013-10-20T18:00:00+00:00,1382292000,1382292000.0,1382295600.0,,Itaipava Arena Fonte Nova,,Match Finished,FT,90.0,71,Serie A,Brazil,https://media.api-sports.io/football/leagues/71.png,https://media.api-sports.io/flags/br.svg,2013,Regular Season - 30,118,Bahia,https://media.api-sports.io/football/teams/118.png,False,126,Sao Paulo,https://media.api-sports.io/football/teams/126.png,True,0.0,1.0,0.0,1.0,0.0,1.0,,,,,,,Bahia...Sao Paulo
191085,,UTC,2013-10-20T18:00:00+00:00,1382292000,1382292000.0,1382295600.0,5625.0,Estádio Francisco Stédile,,Match Finished,FT,90.0,71,Serie A,Brazil,https://media.api-sports.io/football/leagues/71.png,https://media.api-sports.io/flags/br.svg,2013,Regular Season - 30,119,Internacional,https://media.api-sports.io/football/teams/119.png,,130,Gremio,https://media.api-sports.io/football/teams/130.png,,2.0,2.0,1.0,1.0,2.0,2.0,,,,,,,Internacional...Gremio
191086,,UTC,2013-10-20T18:00:00+00:00,1382292000,1382292000.0,1382295600.0,,Estádio do Governo do Estado de Goiás,,Match Finished,FT,90.0,71,Serie A,Brazil,https://media.api-sports.io/football/leagues/71.png,https://media.api-sports.io/flags/br.svg,2013,Regular Season - 30,151,Goias,https://media.api-sports.io/football/teams/151.png,True,134,Atletico Paranaense,https://media.api-sports.io/football/teams/134.png,False,3.0,0.0,2.0,0.0,3.0,0.0,,,,,,,Goias...Atletico Paranaense
191087,,UTC,2013-10-20T18:00:00+00:00,1382292000,1382292000.0,1382295600.0,206.0,Estádio Raimundo Sampaio,,Match Finished,FT,90.0,71,Serie A,Brazil,https://media.api-sports.io/football/leagues/71.png,https://media.api-sports.io/flags/br.svg,2013,Regular Season - 30,1062,Atletico-MG,https://media.api-sports.io/football/teams/1062.png,True,127,Flamengo,https://media.api-sports.io/football/teams/127.png,False,1.0,0.0,0.0,0.0,1.0,0.0,,,,,,,Atletico-MG...Flamengo
191088,,UTC,2013-10-20T20:30:00+00:00,1382301000,1382301000.0,1382304600.0,,Estadio Jornalista Mário Filho,,Match Finished,FT,90.0,71,Serie A,Brazil,https://media.api-sports.io/football/leagues/71.png,https://media.api-sports.io/flags/br.svg,2013,Regular Season - 30,120,Botafogo,https://media.api-sports.io/football/teams/120.png,,133,Vasco DA Gama,https://media.api-sports.io/football/teams/133.png,,2.0,2.0,2.0,0.0,2.0,2.0,,,,,,,Botafogo...Vasco DA Gama
191089,,UTC,2013-10-20T20:30:00+00:00,1382301000,1382301000.0,1382304600.0,,Estádio Major Antônio Couto Pereira,,Match Finished,FT,90.0,71,Serie A,Brazil,https://media.api-sports.io/football/leagues/71.png,https://media.api-sports.io/flags/br.svg,2013,Regular Season - 30,147,Coritiba,https://media.api-sports.io/football/teams/147.png,True,135,Cruzeiro,https://media.api-sports.io/football/teams/135.png,False,2.0,1.0,1.0,0.0,2.0,1.0,,,,,,,Coritiba...Cruzeiro
191090,,UTC,2013-10-20T20:30:00+00:00,1382301000,1382301000.0,1382304600.0,,Estádio Dr. Oswaldo Teixeira Duarte,,Match Finished,FT,90.0,71,Serie A,Brazil,https://media.api-sports.io/football/leagues/71.png,https://media.api-sports.io/flags/br.svg,2013,Regular Season - 30,1214,Portuguesa,https://media.api-sports.io/football/teams/1214.png,,136,Vitoria,https://media.api-sports.io/football/teams/136.png,,1.0,1.0,0.0,1.0,1.0,1.0,,,,,,,Portuguesa...Vitoria
191091,,UTC,2013-10-26T20:30:00+00:00,1382819400,1382819400.0,1382823000.0,,Estadio Jornalista Mário Filho,,Match Finished,FT,90.0,71,Serie A,Brazil,https://media.api-sports.io/football/leagues/71.png,https://media.api-sports.io/flags/br.svg,2013,Regular Season - 31,120,Botafogo,https://media.api-sports.io/football/teams/120.png,True,1062,Atletico-MG,https://media.api-sports.io/football/teams/1062.png,False,1.0,0.0,0.0,0.0,1.0,0.0,,,,,,,Botafogo...Atletico-MG
191092,,UTC,2013-10-26T20:30:00+00:00,1382819400,1382819400.0,1382823000.0,,Estádio Governador Magalhães Pinto,,Match Finished,FT,90.0,71,Serie A,Brazil,https://media.api-sports.io/football/leagues/71.png,https://media.api-sports.io/flags/br.svg,2013,Regular Season - 31,135,Cruzeiro,https://media.api-sports.io/football/teams/135.png,True,140,Criciuma,https://media.api-sports.io/football/teams/140.png,False,5.0,3.0,2.0,3.0,5.0,3.0,,,,,,,Cruzeiro...Criciuma
191094,,UTC,2013-10-27T18:00:00+00:00,1382896800,1382896800.0,1382900400.0,,Itaipava Arena Fonte Nova,,Match Finished,FT,90.0,71,Serie A,Brazil,https://media.api-sports.io/football/leagues/71.png,https://media.api-sports.io/flags/br.svg,2013,Regular Season - 31,118,Bahia,https://media.api-sports.io/football/teams/118.png,,134,Atletico Paranaense,https://media.api-sports.io/football/teams/134.png,,1.0,1.0,0.0,0.0,1.0,1.0,,,,,,,Bahia...Atletico Paranaense
191095,,UTC,2013-10-27T18:00:00+00:00,1382896800,1382896800.0,1382900400.0,5625.0,Estádio Francisco Stédile,,Match Finished,FT,90.0,71,Serie A,Brazil,https://media.api-sports.io/football/leagues/71.png,https://media.api-sports.io/flags/br.svg,2013,Regular Season - 31,119,Internacional,https://media.api-sports.io/football/teams/119.png,False,126,Sao Paulo,https://media.api-sports.io/football/teams/126.png,True,2.0,3.0,1.0,2.0,2.0,3.0,,,,,,,Internacional...Sao Paulo
191093,,UTC,2013-10-27T18:00:00+00:00,1382896800,1382896800.0,1382900400.0,,Estádio Municipal Dr. Adhemar de Barros,,Match Finished,FT,90.0,71,Serie A,Brazil,https://media.api-sports.io/football/leagues/71.png,https://media.api-sports.io/flags/br.svg,2013,Regular Season - 31,131,Corinthians,https://media.api-sports.io/football/teams/131.png,,128,Santos,https://media.api-sports.io/football/teams/128.png,,1.0,1.0,1.0,0.0,1.0,1.0,,,,,,,Corinthians...Santos
191096,,UTC,2013-10-27T18:00:00+00:00,1382896800,1382896800.0,1382900400.0,,Estádio Moisés Lucarelli,,Match Finished,FT,90.0,71,Serie A,Brazil,https://media.api-sports.io/football/leagues/71.png,https://media.api-sports.io/flags/br.svg,2013,Regular Season - 31,139,Ponte Preta,https://media.api-sports.io/football/teams/139.png,True,133,Vasco DA Gama,https://media.api-sports.io/football/teams/133.png,False,2.0,1.0,0.0,1.0,2.0,1.0,,,,,,,Ponte Preta...Vasco DA Gama
191097,,UTC,2013-10-27T18:00:00+00:00,1382896800,1382896800.0,1382900400.0,,Estádio Governador Plácido Aderaldo Castelo,,Match Finished,FT,90.0,71,Serie A,Brazil,https://media.api-sports.io/football/leagues/71.png,https://media.api-sports.io/flags/br.svg,2013,Regular Season - 31,1214,Portuguesa,https://media.api-sports.io/football/teams/1214.png,,127,Flamengo,https://media.api-sports.io/football/teams/127.png,,0.0,0.0,0.0,0.0,0.0,0.0,,,,,,,Portuguesa...Flamengo
191098,,UTC,2013-10-27T20:30:00+00:00,1382905800,1382905800.0,1382909400.0,,Estadio Jornalista Mário Filho,,Match Finished,FT,90.0,71,Serie A,Brazil,https://media.api-sports.io/football/leagues/71.png,https://media.api-sports.io/flags/br.svg,2013,Regular Season - 31,124,Fluminense,https://media.api-sports.io/football/teams/124.png,False,136,Vitoria,https://media.api-sports.io/football/teams/136.png,True,2.0,3.0,1.0,1.0,2.0,3.0,,,,,,,Fluminense...Vitoria
191100,,UTC,2013-10-27T20:30:00+00:00,1382905800,1382905800.0,1382909400.0,,Estádio Major Antônio Couto Pereira,,Match Finished,FT,90.0,71,Serie A,Brazil,https://media.api-sports.io/football/leagues/71.png,https://media.api-sports.io/flags/br.svg,2013,Regular Season - 31,147,Coritiba,https://media.api-sports.io/football/teams/147.png,True,130,Gremio,https://media.api-sports.io/football/teams/130.png,False,4.0,0.0,3.0,0.0,4.0,0.0,,,,,,,Coritiba...Gremio
191099,,UTC,2013-10-27T20:30:00+00:00,1382905800,1382905800.0,1382909400.0,253.0,Itaipava Arena Pernambuco,,Match Finished,FT,90.0,71,Serie A,Brazil,https://media.api-sports.io/football/leagues/71.png,https://media.api-sports.io/flags/br.svg,2013,Regular Season - 31,755,Nautico Recife,https://media.api-sports.io/football/teams/755.png,False,151,Goias,https://media.api-sports.io/football/teams/151.png,True,0.0,2.0,0.0,2.0,0.0,2.0,,,,,,,Nautico Recife...Goias
191102,,UTC,2013-11-02T21:30:00+00:00,1383427800,1383427800.0,1383431400.0,,Estádio Cícero Pompeu de Toledo,,Match Finished,FT,90.0,71,Serie A,Brazil,https://media.api-sports.io/football/leagues/71.png,https://media.api-sports.io/flags/br.svg,2013,Regular Season - 32,126,Sao Paulo,https://media.api-sports.io/football/teams/126.png,True,1214,Portuguesa,https://media.api-sports.io/football/teams/1214.png,False,2.0,1.0,1.0,1.0,2.0,1.0,,,,,,,Sao Paulo...Portuguesa
191101,,UTC,2013-11-02T21:30:00+00:00,1383427800,1383427800.0,1383431400.0,5651.0,Estádio Claúdio Moacir de Azevedo,,Match Finished,FT,90.0,71,Serie A,Brazil,https://media.api-sports.io/football/leagues/71.png,https://media.api-sports.io/flags/br.svg,2013,Regular Season - 32,133,Vasco DA Gama,https://media.api-sports.io/football/teams/133.png,True,147,Coritiba,https://media.api-sports.io/football/teams/147.png,False,2.0,1.0,1.0,0.0,2.0,1.0,,,,,,,Vasco DA Gama...Coritiba
191103,,UTC,2013-11-02T23:00:00+00:00,1383433200,1383433200.0,1383436800.0,206.0,Estádio Raimundo Sampaio,,Match Finished,FT,90.0,71,Serie A,Brazil,https://media.api-sports.io/football/leagues/71.png,https://media.api-sports.io/flags/br.svg,2013,Regular Season - 32,1062,Atletico-MG,https://media.api-sports.io/football/teams/1062.png,True,755,Nautico Recife,https://media.api-sports.io/football/teams/755.png,False,5.0,0.0,2.0,0.0,5.0,0.0,,,,,,,Atletico-MG...Nautico Recife
191107,,UTC,2013-11-03T19:00:00+00:00,1383505200,1383505200.0,1383508800.0,,Estádio Urbano Caldeira,,Match Finished,FT,90.0,71,Serie A,Brazil,https://media.api-sports.io/football/leagues/71.png,https://media.api-sports.io/flags/br.svg,2013,Regular Season - 32,128,Santos,https://media.api-sports.io/football/teams/128.png,False,135,Cruzeiro,https://media.api-sports.io/football/teams/135.png,True,0.0,1.0,0.0,0.0,0.0,1.0,,,,,,,Santos...Cruzeiro
191105,,UTC,2013-11-03T19:00:00+00:00,1383505200,1383505200.0,1383508800.0,241.0,Arena do Grêmio,,Match Finished,FT,90.0,71,Serie A,Brazil,https://media.api-sports.io/football/leagues/71.png,https://media.api-sports.io/flags/br.svg,2013,Regular Season - 32,130,Gremio,https://media.api-sports.io/football/teams/130.png,,118,Bahia,https://media.api-sports.io/football/teams/118.png,,0.0,0.0,0.0,0.0,0.0,0.0,,,,,,,Gremio...Bahia
191104,,UTC,2013-11-03T19:00:00+00:00,1383505200,1383505200.0,1383508800.0,,Estádio Manoel Barradas,,Match Finished,FT,90.0,71,Serie A,Brazil,https://media.api-sports.io/football/leagues/71.png,https://media.api-sports.io/flags/br.svg,2013,Regular Season - 32,136,Vitoria,https://media.api-sports.io/football/teams/136.png,,131,Corinthians,https://media.api-sports.io/football/teams/131.png,,1.0,1.0,0.0,0.0,1.0,1.0,,,,,,,Vitoria...Corinthians
191106,,UTC,2013-11-03T19:00:00+00:00,1383505200,1383505200.0,1383508800.0,,Estádio do Governo do Estado de Goiás,,Match Finished,FT,90.0,71,Serie A,Brazil,https://media.api-sports.io/football/leagues/71.png,https://media.api-sports.io/flags/br.svg,2013,Regular Season - 32,151,Goias,https://media.api-sports.io/football/teams/151.png,True,120,Botafogo,https://media.api-sports.io/football/teams/120.png,False,1.0,0.0,0.0,0.0,1.0,0.0,,,,,,,Goias...Botafogo
191108,,UTC,2013-11-03T21:30:00+00:00,1383514200,1383514200.0,1383517800.0,,Estadio Jornalista Mário Filho,,Match Finished,FT,90.0,71,Serie A,Brazil,https://media.api-sports.io/football/leagues/71.png,https://media.api-sports.io/flags/br.svg,2013,Regular Season - 32,127,Flamengo,https://media.api-sports.io/football/teams/127.png,True,124,Fluminense,https://media.api-sports.io/football/teams/124.png,False,1.0,0.0,0.0,0.0,1.0,0.0,,,,,,,Flamengo...Fluminense
191110,,UTC,2013-11-03T21:30:00+00:00,1383514200,1383514200.0,1383517800.0,,Estádio Durival de Brito e Silva,,Match Finished,FT,90.0,71,Serie A,Brazil,https://media.api-sports.io/football/leagues/71.png,https://media.api-sports.io/flags/br.svg,2013,Regular Season - 32,134,Atletico Paranaense,https://media.api-sports.io/football/teams/134.png,True,119,Internacional,https://media.api-sports.io/football/teams/119.png,False,1.0,0.0,1.0,0.0,1.0,0.0,,,,,,,Atletico Paranaense...Internacional
191109,,UTC,2013-11-03T21:30:00+00:00,1383514200,1383514200.0,1383517800.0,233.0,Estádio Heriberto Hülse,,Match Finished,FT,90.0,71,Serie A,Brazil,https://media.api-sports.io/football/leagues/71.png,https://media.api-sports.io/flags/br.svg,2013,Regular Season - 32,140,Criciuma,https://media.api-sports.io/football/teams/140.png,,139,Ponte Preta,https://media.api-sports.io/football/teams/139.png,,1.0,1.0,1.0,0.0,1.0,1.0,,,,,,,Criciuma...Ponte Preta
191111,,UTC,2013-11-09T21:30:00+00:00,1384032600,1384032600.0,1384036200.0,,Estádio Dr. Oswaldo Teixeira Duarte,,Match Finished,FT,90.0,71,Serie A,Brazil,https://media.api-sports.io/football/leagues/71.png,https://media.api-sports.io/flags/br.svg,2013,Regular Season - 33,1214,Portuguesa,https://media.api-sports.io/football/teams/1214.png,,147,Coritiba,https://media.api-sports.io/football/teams/147.png,,0.0,0.0,0.0,0.0,0.0,0.0,,,,,,,Portuguesa...Coritiba
191112,,UTC,2013-11-09T23:00:00+00:00,1384038000,1384038000.0,1384041600.0,,Estadio Jornalista Mário Filho,,Match Finished,FT,90.0,71,Serie A,Brazil,https://media.api-sports.io/football/leagues/71.png,https://media.api-sports.io/flags/br.svg,2013,Regular Season - 33,127,Flamengo,https://media.api-sports.io/football/teams/127.png,,151,Goias,https://media.api-sports.io/football/teams/151.png,,1.0,1.0,0.0,0.0,1.0,1.0,,,,,,,Flamengo...Goias
191113,,UTC,2013-11-10T19:00:00+00:00,1384110000,1384110000.0,1384113600.0,5625.0,Estádio Francisco Stédile,,Match Finished,FT,90.0,71,Serie A,Brazil,https://media.api-sports.io/football/leagues/71.png,https://media.api-sports.io/flags/br.svg,2013,Regular Season - 33,119,Internacional,https://media.api-sports.io/football/teams/119.png,True,120,Botafogo,https://media.api-sports.io/football/teams/120.png,False,2.0,1.0,1.0,0.0,2.0,1.0,,,,,,,Internacional...Botafogo
191115,,UTC,2013-11-10T19:00:00+00:00,1384110000,1384110000.0,1384113600.0,,Estádio Durival de Brito e Silva,,Match Finished,FT,90.0,71,Serie A,Brazil,https://media.api-sports.io/football/leagues/71.png,https://media.api-sports.io/flags/br.svg,2013,Regular Season - 33,134,Atletico Paranaense,https://media.api-sports.io/football/teams/134.png,True,126,Sao Paulo,https://media.api-sports.io/football/teams/126.png,False,3.0,0.0,2.0,0.0,3.0,0.0,,,,,,,Atletico Paranaense...Sao Paulo
191114,,UTC,2013-11-10T19:00:00+00:00,1384110000,1384110000.0,1384113600.0,,Estádio Governador Magalhães Pinto,,Match Finished,FT,90.0,71,Serie A,Brazil,https://media.api-sports.io/football/leagues/71.png,https://media.api-sports.io/flags/br.svg,2013,Regular Season - 33,135,Cruzeiro,https://media.api-sports.io/football/teams/135.png,True,130,Gremio,https://media.api-sports.io/football/teams/130.png,False,3.0,0.0,1.0,0.0,3.0,0.0,,,,,,,Cruzeiro...Gremio
191116,,UTC,2013-11-10T21:30:00+00:00,1384119000,1384119000.0,1384122600.0,,Estádio Municipal Dr. Adhemar de Barros,,Match Finished,FT,90.0,71,Serie A,Brazil,https://media.api-sports.io/football/leagues/71.png,https://media.api-sports.io/flags/br.svg,2013,Regular Season - 33,131,Corinthians,https://media.api-sports.io/football/teams/131.png,True,124,Fluminense,https://media.api-sports.io/football/teams/124.png,False,1.0,0.0,0.0,0.0,1.0,0.0,,,,,,,Corinthians...Fluminense
191117,,UTC,2013-11-10T21:30:00+00:00,1384119000,1384119000.0,1384122600.0,253.0,Itaipava Arena Pernambuco,,Match Finished,FT,90.0,71,Serie A,Brazil,https://media.api-sports.io/football/leagues/71.png,https://media.api-sports.io/flags/br.svg,2013,Regular Season - 33,755,Nautico Recife,https://media.api-sports.io/football/teams/755.png,False,140,Criciuma,https://media.api-sports.io/football/teams/140.png,True,0.0,1.0,0.0,0.0,0.0,1.0,,,,,,,Nautico Recife...Criciuma
191118,,UTC,2013-11-13T21:30:00+00:00,1384378200,1384378200.0,1384381800.0,241.0,Arena do Grêmio,,Match Finished,FT,90.0,71,Serie A,Brazil,https://media.api-sports.io/football/leagues/71.png,https://media.api-sports.io/flags/br.svg,2013,Regular Season - 34,130,Gremio,https://media.api-sports.io/football/teams/130.png,True,133,Vasco DA Gama,https://media.api-sports.io/football/teams/133.png,False,1.0,0.0,0.0,0.0,1.0,0.0,,,,,,,Gremio...Vasco DA Gama
191119,,UTC,2013-11-13T21:30:00+00:00,1384378200,1384378200.0,1384381800.0,,Estádio do Governo do Estado de Goiás,,Match Finished,FT,90.0,71,Serie A,Brazil,https://media.api-sports.io/football/leagues/71.png,https://media.api-sports.io/flags/br.svg,2013,Regular Season - 34,151,Goias,https://media.api-sports.io/football/teams/151.png,True,139,Ponte Preta,https://media.api-sports.io/football/teams/139.png,False,2.0,0.0,2.0,0.0,2.0,0.0,,,,,,,Goias...Ponte Preta
191120,,UTC,2013-11-13T23:00:00+00:00,1384383600,1384383600.0,1384387200.0,,Estadio Jornalista Mário Filho,,Match Finished,FT,90.0,71,Serie A,Brazil,https://media.api-sports.io/football/leagues/71.png,https://media.api-sports.io/flags/br.svg,2013,Regular Season - 34,120,Botafogo,https://media.api-sports.io/football/teams/120.png,,1214,Portuguesa,https://media.api-sports.io/football/teams/1214.png,,0.0,0.0,0.0,0.0,0.0,0.0,,,,,,,Botafogo...Portuguesa
191121,,UTC,2013-11-13T23:00:00+00:00,1384383600,1384383600.0,1384387200.0,233.0,Estádio Heriberto Hülse,,Match Finished,FT,90.0,71,Serie A,Brazil,https://media.api-sports.io/football/leagues/71.png,https://media.api-sports.io/flags/br.svg,2013,Regular Season - 34,140,Criciuma,https://media.api-sports.io/football/teams/140.png,True,134,Atletico Paranaense,https://media.api-sports.io/football/teams/134.png,False,2.0,1.0,2.0,0.0,2.0,1.0,,,,,,,Criciuma...Atletico Paranaense
191122,,UTC,2013-11-13T23:50:00+00:00,1384386600,1384386600.0,1384390200.0,,Estádio Municipal Dr. Novelli Júnior,,Match Finished,FT,90.0,71,Serie A,Brazil,https://media.api-sports.io/football/leagues/71.png,https://media.api-sports.io/flags/br.svg,2013,Regular Season - 34,126,Sao Paulo,https://media.api-sports.io/football/teams/126.png,True,127,Flamengo,https://media.api-sports.io/football/teams/127.png,False,2.0,0.0,0.0,0.0,2.0,0.0,,,,,,,Sao Paulo...Flamengo
191123,,UTC,2013-11-13T23:50:00+00:00,1384386600,1384386600.0,1384390200.0,,Estádio Manoel Barradas,,Match Finished,FT,90.0,71,Serie A,Brazil,https://media.api-sports.io/football/leagues/71.png,https://media.api-sports.io/flags/br.svg,2013,Regular Season - 34,136,Vitoria,https://media.api-sports.io/football/teams/136.png,False,135,Cruzeiro,https://media.api-sports.io/football/teams/135.png,True,1.0,3.0,0.0,1.0,1.0,3.0,,,,,,,Vitoria...Cruzeiro
191124,,UTC,2013-11-13T23:50:00+00:00,1384386600,1384386600.0,1384390200.0,,Estádio Major Antônio Couto Pereira,,Match Finished,FT,90.0,71,Serie A,Brazil,https://media.api-sports.io/football/leagues/71.png,https://media.api-sports.io/flags/br.svg,2013,Regular Season - 34,147,Coritiba,https://media.api-sports.io/football/teams/147.png,False,131,Corinthians,https://media.api-sports.io/football/teams/131.png,True,0.0,1.0,0.0,0.0,0.0,1.0,,,,,,,Coritiba...Corinthians
191125,,UTC,2013-11-14T21:30:00+00:00,1384464600,1384464600.0,1384468200.0,,Estádio Municipal Paulo Machado de Carvalho,,Match Finished,FT,90.0,71,Serie A,Brazil,https://media.api-sports.io/football/leagues/71.png,https://media.api-sports.io/flags/br.svg,2013,Regular Season - 34,128,Santos,https://media.api-sports.io/football/teams/128.png,True,118,Bahia,https://media.api-sports.io/football/teams/118.png,False,3.0,0.0,1.0,0.0,3.0,0.0,,,,,,,Santos...Bahia
191126,,UTC,2013-11-14T23:00:00+00:00,1384470000,1384470000.0,1384473600.0,,Estadio Jornalista Mário Filho,,Match Finished,FT,90.0,71,Serie A,Brazil,https://media.api-sports.io/football/leagues/71.png,https://media.api-sports.io/flags/br.svg,2013,Regular Season - 34,124,Fluminense,https://media.api-sports.io/football/teams/124.png,True,755,Nautico Recife,https://media.api-sports.io/football/teams/755.png,False,2.0,0.0,1.0,0.0,2.0,0.0,,,,,,,Fluminense...Nautico Recife
191127,,UTC,2013-11-14T23:00:00+00:00,1384470000,1384470000.0,1384473600.0,206.0,Estádio Raimundo Sampaio,,Match Finished,FT,90.0,71,Serie A,Brazil,https://media.api-sports.io/football/leagues/71.png,https://media.api-sports.io/flags/br.svg,2013,Regular Season - 34,1062,Atletico-MG,https://media.api-sports.io/football/teams/1062.png,True,119,Internacional,https://media.api-sports.io/football/teams/119.png,False,2.0,1.0,1.0,0.0,2.0,1.0,,,,,,,Atletico-MG...Internacional
191128,,UTC,2013-11-16T21:30:00+00:00,1384637400,1384637400.0,1384641000.0,,Estadio Jornalista Mário Filho,,Match Finished,FT,90.0,71,Serie A,Brazil,https://media.api-sports.io/football/leagues/71.png,https://media.api-sports.io/flags/br.svg,2013,Regular Season - 35,120,Botafogo,https://media.api-sports.io/football/teams/120.png,True,134,Atletico Paranaense,https://media.api-sports.io/football/teams/134.png,False,4.0,0.0,2.0,0.0,4.0,0.0,,,,,,,Botafogo...Atletico Paranaense
191129,,UTC,2013-11-16T23:00:00+00:00,1384642800,1384642800.0,1384646400.0,,Estádio Major Antônio Couto Pereira,,Match Finished,FT,90.0,71,Serie A,Brazil,https://media.api-sports.io/football/leagues/71.png,https://media.api-sports.io/flags/br.svg,2013,Regular Season - 35,147,Coritiba,https://media.api-sports.io/football/teams/147.png,False,140,Criciuma,https://media.api-sports.io/football/teams/140.png,True,1.0,2.0,0.0,1.0,1.0,2.0,,,,,,,Coritiba...Criciuma
191130,,UTC,2013-11-17T19:00:00+00:00,1384714800,1384714800.0,1384718400.0,,Estadio Jornalista Mário Filho,,Match Finished,FT,90.0,71,Serie A,Brazil,https://media.api-sports.io/football/leagues/71.png,https://media.api-sports.io/flags/br.svg,2013,Regular Season - 35,124,Fluminense,https://media.api-sports.io/football/teams/124.png,True,126,Sao Paulo,https://media.api-sports.io/football/teams/126.png,False,2.0,1.0,1.0,1.0,2.0,1.0,,,,,,,Fluminense...Sao Paulo
191131,,UTC,2013-11-17T19:00:00+00:00,1384714800,1384714800.0,1384718400.0,,Estádio Municipal Paulo Machado de Carvalho,,Match Finished,FT,90.0,71,Serie A,Brazil,https://media.api-sports.io/football/leagues/71.png,https://media.api-sports.io/flags/br.svg,2013,Regular Season - 35,131,Corinthians,https://media.api-sports.io/football/teams/131.png,,133,Vasco DA Gama,https://media.api-sports.io/football/teams/133.png,,0.0,0.0,0.0,0.0,0.0,0.0,,,,,,,Corinthians...Vasco DA Gama
191133,,UTC,2013-11-17T19:00:00+00:00,1384714800,1384714800.0,1384718400.0,,Estádio Municipal João Havelange,,Match Finished,FT,90.0,71,Serie A,Brazil,https://media.api-sports.io/football/leagues/71.png,https://media.api-sports.io/flags/br.svg,2013,Regular Season - 35,135,Cruzeiro,https://media.api-sports.io/football/teams/135.png,,139,Ponte Preta,https://media.api-sports.io/football/teams/139.png,,2.0,2.0,0.0,1.0,2.0,2.0,,,,,,,Cruzeiro...Ponte Preta
191132,,UTC,2013-11-17T19:00:00+00:00,1384714800,1384714800.0,1384718400.0,,Estádio Manoel Barradas,,Match Finished,FT,90.0,71,Serie A,Brazil,https://media.api-sports.io/football/leagues/71.png,https://media.api-sports.io/flags/br.svg,2013,Regular Season - 35,136,Vitoria,https://media.api-sports.io/football/teams/136.png,True,128,Santos,https://media.api-sports.io/football/teams/128.png,False,2.0,0.0,1.0,0.0,2.0,0.0,,,,,,,Vitoria...Santos
191134,,UTC,2013-11-17T21:30:00+00:00,1384723800,1384723800.0,1384727400.0,241.0,Arena do Grêmio,,Match Finished,FT,90.0,71,Serie A,Brazil,https://media.api-sports.io/football/leagues/71.png,https://media.api-sports.io/flags/br.svg,2013,Regular Season - 35,130,Gremio,https://media.api-sports.io/football/teams/130.png,True,127,Flamengo,https://media.api-sports.io/football/teams/127.png,False,2.0,1.0,0.0,0.0,2.0,1.0,,,,,,,Gremio...Flamengo
191135,,UTC,2013-11-17T21:30:00+00:00,1384723800,1384723800.0,1384727400.0,,Estádio do Governo do Estado de Goiás,,Match Finished,FT,90.0,71,Serie A,Brazil,https://media.api-sports.io/football/leagues/71.png,https://media.api-sports.io/flags/br.svg,2013,Regular Season - 35,151,Goias,https://media.api-sports.io/football/teams/151.png,True,119,Internacional,https://media.api-sports.io/football/teams/119.png,False,3.0,1.0,1.0,1.0,3.0,1.0,,,,,,,Goias...Internacional
191136,,UTC,2013-11-17T21:30:00+00:00,1384723800,1384723800.0,1384727400.0,253.0,Itaipava Arena Pernambuco,,Match Finished,FT,90.0,71,Serie A,Brazil,https://media.api-sports.io/football/leagues/71.png,https://media.api-sports.io/flags/br.svg,2013,Regular Season - 35,755,Nautico Recife,https://media.api-sports.io/football/teams/755.png,False,118,Bahia,https://media.api-sports.io/football/teams/118.png,True,0.0,1.0,0.0,0.0,0.0,1.0,,,,,,,Nautico Recife...Bahia
191137,,UTC,2013-11-17T21:30:00+00:00,1384723800,1384723800.0,1384727400.0,,Estádio Dr. Oswaldo Teixeira Duarte,,Match Finished,FT,90.0,71,Serie A,Brazil,https://media.api-sports.io/football/leagues/71.png,https://media.api-sports.io/flags/br.svg,2013,Regular Season - 35,1214,Portuguesa,https://media.api-sports.io/football/teams/1214.png,True,1062,Atletico-MG,https://media.api-sports.io/football/teams/1062.png,False,2.0,0.0,1.0,0.0,2.0,0.0,,,,,,,Portuguesa...Atletico-MG
191138,,UTC,2013-11-23T21:30:00+00:00,1385242200,1385242200.0,1385245800.0,,Estadio Jornalista Mário Filho,,Match Finished,FT,90.0,71,Serie A,Brazil,https://media.api-sports.io/football/leagues/71.png,https://media.api-sports.io/flags/br.svg,2013,Regular Season - 36,133,Vasco DA Gama,https://media.api-sports.io/football/teams/133.png,True,135,Cruzeiro,https://media.api-sports.io/football/teams/135.png,False,2.0,1.0,2.0,0.0,2.0,1.0,,,,,,,Vasco DA Gama...Cruzeiro
191139,,UTC,2013-11-23T21:30:00+00:00,1385242200,1385242200.0,1385245800.0,233.0,Estádio Heriberto Hülse,,Match Finished,FT,90.0,71,Serie A,Brazil,https://media.api-sports.io/football/leagues/71.png,https://media.api-sports.io/flags/br.svg,2013,Regular Season - 36,140,Criciuma,https://media.api-sports.io/football/teams/140.png,,136,Vitoria,https://media.api-sports.io/football/teams/136.png,,1.0,1.0,1.0,0.0,1.0,1.0,,,,,,,Criciuma...Vitoria
191140,,UTC,2013-11-23T23:00:00+00:00,1385247600,1385247600.0,1385251200.0,206.0,Estádio Raimundo Sampaio,,Match Finished,FT,90.0,71,Serie A,Brazil,https://media.api-sports.io/football/leagues/71.png,https://media.api-sports.io/flags/br.svg,2013,Regular Season - 36,1062,Atletico-MG,https://media.api-sports.io/football/teams/1062.png,True,151,Goias,https://media.api-sports.io/football/teams/151.png,False,4.0,1.0,2.0,1.0,4.0,1.0,,,,,,,Atletico-MG...Goias
191141,,UTC,2013-11-24T19:00:00+00:00,1385319600,1385319600.0,1385323200.0,,Estadio Jornalista Mário Filho,,Match Finished,FT,90.0,71,Serie A,Brazil,https://media.api-sports.io/football/leagues/71.png,https://media.api-sports.io/flags/br.svg,2013,Regular Season - 36,127,Flamengo,https://media.api-sports.io/football/teams/127.png,True,131,Corinthians,https://media.api-sports.io/football/teams/131.png,False,1.0,0.0,1.0,0.0,1.0,0.0,,,,,,,Flamengo...Corinthians
191144,,UTC,2013-11-24T19:00:00+00:00,1385319600,1385319600.0,1385323200.0,,Estádio Paulo Constantino,,Match Finished,FT,90.0,71,Serie A,Brazil,https://media.api-sports.io/football/leagues/71.png,https://media.api-sports.io/flags/br.svg,2013,Regular Season - 36,128,Santos,https://media.api-sports.io/football/teams/128.png,True,124,Fluminense,https://media.api-sports.io/football/teams/124.png,False,1.0,0.0,0.0,0.0,1.0,0.0,,,,,,,Santos...Fluminense
191143,,UTC,2013-11-24T19:00:00+00:00,1385319600,1385319600.0,1385323200.0,,Arena Joinville,,Match Finished,FT,90.0,71,Serie A,Brazil,https://media.api-sports.io/football/leagues/71.png,https://media.api-sports.io/flags/br.svg,2013,Regular Season - 36,134,Atletico Paranaense,https://media.api-sports.io/football/teams/134.png,True,755,Nautico Recife,https://media.api-sports.io/football/teams/755.png,False,6.0,1.0,2.0,0.0,6.0,1.0,,,,,,,Atletico Paranaense...Nautico Recife
191142,,UTC,2013-11-24T19:00:00+00:00,1385319600,1385319600.0,1385323200.0,,Estádio Moisés Lucarelli,,Match Finished,FT,90.0,71,Serie A,Brazil,https://media.api-sports.io/football/leagues/71.png,https://media.api-sports.io/flags/br.svg,2013,Regular Season - 36,139,Ponte Preta,https://media.api-sports.io/football/teams/139.png,,130,Gremio,https://media.api-sports.io/football/teams/130.png,,1.0,1.0,1.0,0.0,1.0,1.0,,,,,,,Ponte Preta...Gremio
191146,,UTC,2013-11-24T21:30:00+00:00,1385328600,1385328600.0,1385332200.0,,Itaipava Arena Fonte Nova,,Match Finished,FT,90.0,71,Serie A,Brazil,https://media.api-sports.io/football/leagues/71.png,https://media.api-sports.io/flags/br.svg,2013,Regular Season - 36,118,Bahia,https://media.api-sports.io/football/teams/118.png,True,1214,Portuguesa,https://media.api-sports.io/football/teams/1214.png,False,1.0,0.0,1.0,0.0,1.0,0.0,,,,,,,Bahia...Portuguesa
191147,,UTC,2013-11-24T21:30:00+00:00,1385328600,1385328600.0,1385332200.0,5625.0,Estádio Francisco Stédile,,Match Finished,FT,90.0,71,Serie A,Brazil,https://media.api-sports.io/football/leagues/71.png,https://media.api-sports.io/flags/br.svg,2013,Regular Season - 36,119,Internacional,https://media.api-sports.io/football/teams/119.png,,147,Coritiba,https://media.api-sports.io/football/teams/147.png,,0.0,0.0,0.0,0.0,0.0,0.0,,,,,,,Internacional...Coritiba
191145,,UTC,2013-11-24T21:30:00+00:00,1385328600,1385328600.0,1385332200.0,,Estádio Cícero Pompeu de Toledo,,Match Finished,FT,90.0,71,Serie A,Brazil,https://media.api-sports.io/football/leagues/71.png,https://media.api-sports.io/flags/br.svg,2013,Regular Season - 36,126,Sao Paulo,https://media.api-sports.io/football/teams/126.png,,120,Botafogo,https://media.api-sports.io/football/teams/120.png,,1.0,1.0,1.0,1.0,1.0,1.0,,,,,,,Sao Paulo...Botafogo
190871,,UTC,2013-11-30T00:00:00+00:00,1385769600,1385769600.0,1385773200.0,,,,Match Finished,FT,90.0,71,Serie A,Brazil,https://media.api-sports.io/football/leagues/71.png,https://media.api-sports.io/flags/br.svg,2013,Regular Season - 5,124,Fluminense,https://media.api-sports.io/football/teams/124.png,True,151,Goias,https://media.api-sports.io/football/teams/151.png,False,2.0,1.0,0.0,0.0,2.0,1.0,,,,,,,Fluminense...Goias
191148,,UTC,2013-11-30T21:30:00+00:00,1385847000,1385847000.0,1385850600.0,,Estadio Jornalista Mário Filho,,Match Finished,FT,90.0,71,Serie A,Brazil,https://media.api-sports.io/football/leagues/71.png,https://media.api-sports.io/flags/br.svg,2013,Regular Season - 37,124,Fluminense,https://media.api-sports.io/football/teams/124.png,,1062,Atletico-MG,https://media.api-sports.io/football/teams/1062.png,,2.0,2.0,1.0,1.0,2.0,2.0,,,,,,,Fluminense...Atletico-MG
191149,,UTC,2013-11-30T23:00:00+00:00,1385852400,1385852400.0,1385856000.0,,Estádio Municipal Paulo Machado de Carvalho,,Match Finished,FT,90.0,71,Serie A,Brazil,https://media.api-sports.io/football/leagues/71.png,https://media.api-sports.io/flags/br.svg,2013,Regular Season - 37,131,Corinthians,https://media.api-sports.io/football/teams/131.png,,119,Internacional,https://media.api-sports.io/football/teams/119.png,,0.0,0.0,0.0,0.0,0.0,0.0,,,,,,,Corinthians...Internacional
191150,,UTC,2013-12-01T19:00:00+00:00,1385924400,1385924400.0,1385928000.0,,Estadio Jornalista Mário Filho,,Match Finished,FT,90.0,71,Serie A,Brazil,https://media.api-sports.io/football/leagues/71.png,https://media.api-sports.io/flags/br.svg,2013,Regular Season - 37,133,Vasco DA Gama,https://media.api-sports.io/football/teams/133.png,True,755,Nautico Recife,https://media.api-sports.io/football/teams/755.png,False,2.0,0.0,1.0,0.0,2.0,0.0,,,,,,,Vasco DA Gama...Nautico Recife
191154,,UTC,2013-12-01T19:00:00+00:00,1385924400,1385924400.0,1385928000.0,,Estádio Governador Magalhães Pinto,,Match Finished,FT,90.0,71,Serie A,Brazil,https://media.api-sports.io/football/leagues/71.png,https://media.api-sports.io/flags/br.svg,2013,Regular Season - 37,135,Cruzeiro,https://media.api-sports.io/football/teams/135.png,False,118,Bahia,https://media.api-sports.io/football/teams/118.png,True,1.0,2.0,0.0,1.0,1.0,2.0,,,,,,,Cruzeiro...Bahia
191151,,UTC,2013-12-01T19:00:00+00:00,1385924400,1385924400.0,1385928000.0,,Estádio Manoel Barradas,,Match Finished,FT,90.0,71,Serie A,Brazil,https://media.api-sports.io/football/leagues/71.png,https://media.api-sports.io/flags/br.svg,2013,Regular Season - 37,136,Vitoria,https://media.api-sports.io/football/teams/136.png,True,127,Flamengo,https://media.api-sports.io/football/teams/127.png,False,4.0,2.0,1.0,1.0,4.0,2.0,,,,,,,Vitoria...Flamengo
191152,,UTC,2013-12-01T19:00:00+00:00,1385924400,1385924400.0,1385928000.0,,Estádio Moisés Lucarelli,,Match Finished,FT,90.0,71,Serie A,Brazil,https://media.api-sports.io/football/leagues/71.png,https://media.api-sports.io/flags/br.svg,2013,Regular Season - 37,139,Ponte Preta,https://media.api-sports.io/football/teams/139.png,False,1214,Portuguesa,https://media.api-sports.io/football/teams/1214.png,True,0.0,2.0,0.0,1.0,0.0,2.0,,,,,,,Ponte Preta...Portuguesa
191153,,UTC,2013-12-01T19:00:00+00:00,1385924400,1385924400.0,1385928000.0,233.0,Estádio Heriberto Hülse,,Match Finished,FT,90.0,71,Serie A,Brazil,https://media.api-sports.io/football/leagues/71.png,https://media.api-sports.io/flags/br.svg,2013,Regular Season - 37,140,Criciuma,https://media.api-sports.io/football/teams/140.png,True,126,Sao Paulo,https://media.api-sports.io/football/teams/126.png,False,1.0,0.0,1.0,0.0,1.0,0.0,,,,,,,Criciuma...Sao Paulo
191155,,UTC,2013-12-01T19:00:00+00:00,1385924400,1385924400.0,1385928000.0,,Estádio Major Antônio Couto Pereira,,Match Finished,FT,90.0,71,Serie A,Brazil,https://media.api-sports.io/football/leagues/71.png,https://media.api-sports.io/flags/br.svg,2013,Regular Season - 37,147,Coritiba,https://media.api-sports.io/football/teams/147.png,True,120,Botafogo,https://media.api-sports.io/football/teams/120.png,False,2.0,1.0,1.0,0.0,2.0,1.0,,,,,,,Coritiba...Botafogo
191157,,UTC,2013-12-01T21:30:00+00:00,1385933400,1385933400.0,1385937000.0,,Estádio Benedito Teixeira,,Match Finished,FT,90.0,71,Serie A,Brazil,https://media.api-sports.io/football/leagues/71.png,https://media.api-sports.io/flags/br.svg,2013,Regular Season - 37,128,Santos,https://media.api-sports.io/football/teams/128.png,True,134,Atletico Paranaense,https://media.api-sports.io/football/teams/134.png,False,2.0,1.0,1.0,1.0,2.0,1.0,,,,,,,Santos...Atletico Paranaense
191156,,UTC,2013-12-01T21:30:00+00:00,1385933400,1385933400.0,1385937000.0,241.0,Arena do Grêmio,,Match Finished,FT,90.0,71,Serie A,Brazil,https://media.api-sports.io/football/leagues/71.png,https://media.api-sports.io/flags/br.svg,2013,Regular Season - 37,130,Gremio,https://media.api-sports.io/football/teams/130.png,True,151,Goias,https://media.api-sports.io/football/teams/151.png,False,1.0,0.0,1.0,0.0,1.0,0.0,,,,,,,Gremio...Goias
191158,,UTC,2013-12-07T21:00:00+00:00,1386450000,1386450000.0,1386453600.0,,Estadio Jornalista Mário Filho,,Match Finished,FT,90.0,71,Serie A,Brazil,https://media.api-sports.io/football/leagues/71.png,https://media.api-sports.io/flags/br.svg,2013,Regular Season - 38,127,Flamengo,https://media.api-sports.io/football/teams/127.png,,135,Cruzeiro,https://media.api-sports.io/football/teams/135.png,,1.0,1.0,1.0,0.0,1.0,1.0,,,,,,,Flamengo...Cruzeiro
191159,,UTC,2013-12-07T21:30:00+00:00,1386451800,1386451800.0,1386455400.0,253.0,Itaipava Arena Pernambuco,,Match Finished,FT,90.0,71,Serie A,Brazil,https://media.api-sports.io/football/leagues/71.png,https://media.api-sports.io/flags/br.svg,2013,Regular Season - 38,755,Nautico Recife,https://media.api-sports.io/football/teams/755.png,True,131,Corinthians,https://media.api-sports.io/football/teams/131.png,False,1.0,0.0,0.0,0.0,1.0,0.0,,,,,,,Nautico Recife...Corinthians
191162,,UTC,2013-12-08T19:00:00+00:00,1386529200,1386529200.0,1386532800.0,,Itaipava Arena Fonte Nova,,Match Finished,FT,90.0,71,Serie A,Brazil,https://media.api-sports.io/football/leagues/71.png,https://media.api-sports.io/flags/br.svg,2013,Regular Season - 38,118,Bahia,https://media.api-sports.io/football/teams/118.png,False,124,Fluminense,https://media.api-sports.io/football/teams/124.png,True,1.0,2.0,1.0,0.0,1.0,2.0,,,,,,,Bahia...Fluminense
191163,,UTC,2013-12-08T19:00:00+00:00,1386529200,1386529200.0,1386532800.0,5625.0,Estádio Francisco Stédile,,Match Finished,FT,90.0,71,Serie A,Brazil,https://media.api-sports.io/football/leagues/71.png,https://media.api-sports.io/flags/br.svg,2013,Regular Season - 38,119,Internacional,https://media.api-sports.io/football/teams/119.png,,139,Ponte Preta,https://media.api-sports.io/football/teams/139.png,,0.0,0.0,0.0,0.0,0.0,0.0,,,,,,,Internacional...Ponte Preta
191160,,UTC,2013-12-08T19:00:00+00:00,1386529200,1386529200.0,1386532800.0,,Estadio Jornalista Mário Filho,,Match Finished,FT,90.0,71,Serie A,Brazil,https://media.api-sports.io/football/leagues/71.png,https://media.api-sports.io/flags/br.svg,2013,Regular Season - 38,120,Botafogo,https://media.api-sports.io/football/teams/120.png,True,140,Criciuma,https://media.api-sports.io/football/teams/140.png,False,3.0,0.0,1.0,0.0,3.0,0.0,,,,,,,Botafogo...Criciuma
191161,,UTC,2013-12-08T19:00:00+00:00,1386529200,1386529200.0,1386532800.0,,Estádio Municipal Dr. Novelli Júnior,,Match Finished,FT,90.0,71,Serie A,Brazil,https://media.api-sports.io/football/leagues/71.png,https://media.api-sports.io/flags/br.svg,2013,Regular Season - 38,126,Sao Paulo,https://media.api-sports.io/football/teams/126.png,False,147,Coritiba,https://media.api-sports.io/football/teams/147.png,True,0.0,1.0,0.0,1.0,0.0,1.0,,,,,,,Sao Paulo...Coritiba
191164,,UTC,2013-12-08T19:00:00+00:00,1386529200,1386529200.0,1386532800.0,,Estádio do Governo do Estado de Goiás,,Match Finished,FT,90.0,71,Serie A,Brazil,https://media.api-sports.io/football/leagues/71.png,https://media.api-sports.io/flags/br.svg,2013,Regular Season - 38,151,Goias,https://media.api-sports.io/football/teams/151.png,False,128,Santos,https://media.api-sports.io/football/teams/128.png,True,0.0,3.0,0.0,2.0,0.0,3.0,,,,,,,Goias...Santos
191165,,UTC,2013-12-08T19:00:00+00:00,1386529200,1386529200.0,1386532800.0,206.0,Estádio Raimundo Sampaio,,Match Finished,FT,90.0,71,Serie A,Brazil,https://media.api-sports.io/football/leagues/71.png,https://media.api-sports.io/flags/br.svg,2013,Regular Season - 38,1062,Atletico-MG,https://media.api-sports.io/football/teams/1062.png,,136,Vitoria,https://media.api-sports.io/football/teams/1062.png,,2.0,2.0,1.0,2.0,2.0,2.0,,,,,,,Atletico-MG...Vitoria
191166,,UTC,2013-12-08T19:00:00+00:00,1386529200,1386529200.0,1386532800.0,,Estádio Dr. Oswaldo Teixeira Duarte,,Match Finished,FT,90.0,71,Serie A,Brazil,https://media.api-sports.io/football/leagues/71.png,https://media.api-sports.io/flags/br.svg,2013,Regular Season - 38,1214,Portuguesa,https://media.api-sports.io/football/teams/1214.png,,130,Gremio,https://media.api-sports.io/football/teams/1214.png,,0.0,0.0,0.0,0.0,0.0,0.0,,,,,,,Portuguesa...Gremio
2191166,,UTC,2013-06-05T21:00:00+00:00,1386529200,1386529200.0,1386532800.0,,,,Match Finished,FT,90.0,71,Serie A,Brazil,https://media.api-sports.io/football/leagues/71.png,https://media.api-sports.io/flags/br.svg,2013,Regular Season - 4,133,Vasco DA Gama,https://media.api-sports.io/football/teams/133.png,True,1062,Atletico-MG,https://media.api-sports.io/football/teams/1062.png,False,2.0,0.0,,,,,,,,,,,Vasco DA Gama...Atletico-MG
2191167,,UTC,2013-07-21T16:00:00+00:00,0,0.0,3600.0,,,,Match Finished,FT,90.0,71,Serie A,Brazil,https://media.api-sports.io/football/leagues/71.png,https://media.api-sports.io/flags/br.svg,2013,Regular Season - 8,134,Atletico Paranaense,https://media.api-sports.io/football/teams/134.png,,131,Corinthians,https://media.api-sports.io/football/teams/131.png,,1.0,1.0,,,,,,,,,,,Atletico Paranaense...Corinthians
2191168,,UTC,2013-07-21T16:00:00+00:00,0,0.0,3600.0,,,,Match Finished,FT,90.0,71,Serie A,Brazil,https://media.api-sports.io/football/leagues/71.png,https://media.api-sports.io/flags/br.svg,2013,Regular Season - 8,128,Santos,https://media.api-sports.io/football/teams/128.png,,147,Coritiba,https://media.api-sports.io/football/teams/147.png,,2.0,2.0,,,,,,,,,,,Santos...Coritiba
2191169,,UTC,2013-07-21T18:30:00+00:00,0,0.0,3600.0,,,,Match Finished,FT,90.0,71,Serie A,Brazil,https://media.api-sports.io/football/leagues/71.png,https://media.api-sports.io/flags/br.svg,2013,Regular Season - 8,124,Fluminense,https://media.api-sports.io/football/teams/124.png,False,133,Vasco DA Gama,https://media.api-sports.io/football/teams/133.png,True,1.0,3.0,,,,,,,,,,,Fluminense...Vasco DA Gama
2191170,,UTC,2013-07-27T18:30:00+00:00,0,0.0,3600.0,,,,Match Finished,FT,90.0,71,Serie A,Brazil,https://media.api-sports.io/football/leagues/71.png,https://media.api-sports.io/flags/br.svg,2013,Regular Season - 9,1214,Portuguesa,https://media.api-sports.io/football/teams/1214.png,False,134,Atletico Paranaense,https://media.api-sports.io/football/teams/134.png,True,2.0,3.0,,,,,,,,,,,Portuguesa...Atletico Paranaense
2191171,,UTC,2013-07-28T16:00:00+00:00,0,0.0,3600.0,,,,Match Finished,FT,90.0,71,Serie A,Brazil,https://media.api-sports.io/football/leagues/71.png,https://media.api-sports.io/flags/br.svg,2013,Regular Season - 9,131,Corinthians,https://media.api-sports.io/football/teams/131.png,,126,Sao Paulo,https://media.api-sports.io/football/teams/126.png,,0.0,0.0,,,,,,,,,,,Corinthians...Sao Paulo
2191172,,UTC,2013-07-28T18:30:00+00:00,0,0.0,3600.0,,,,Match Finished,FT,90.0,71,Serie A,Brazil,https://media.api-sports.io/football/leagues/71.png,https://media.api-sports.io/flags/br.svg,2013,Regular Season - 9,127,Flamengo,https://media.api-sports.io/football/teams/127.png,,120,Botafogo,https://media.api-sports.io/football/teams/120.png,,1.0,1.0,,,,,,,,,,,Flamengo...Botafogo
2191173,,UTC,2013-07-31T19:30:00+00:00,0,0.0,3600.0,,,,Match Finished,FT,90.0,71,Serie A,Brazil,https://media.api-sports.io/football/leagues/71.png,https://media.api-sports.io/flags/br.svg,2013,Regular Season - 10,124,Fluminense,https://media.api-sports.io/football/teams/124.png,True,135,Cruzeiro,https://media.api-sports.io/football/teams/135.png,False,1.0,0.0,,,,,,,,,,,Fluminense...Cruzeiro
2191174,,UTC,2013-07-31T21:50:00+00:00,0,0.0,3600.0,,,,Match Finished,FT,90.0,71,Serie A,Brazil,https://media.api-sports.io/football/leagues/71.png,https://media.api-sports.io/flags/br.svg,2013,Regular Season - 10,131,Corinthians,https://media.api-sports.io/football/teams/131.png,True,130,Gremio,https://media.api-sports.io/football/teams/130.png,False,2.0,0.0,,,,,,,,,,,Corinthians...Gremio
2191175,,UTC,2013-07-31T21:50:00+00:00,0,0.0,3600.0,,,,Match Finished,FT,90.0,71,Serie A,Brazil,https://media.api-sports.io/football/leagues/71.png,https://media.api-sports.io/flags/br.svg,2013,Regular Season - 10,118,Bahia,https://media.api-sports.io/football/teams/118.png,True,127,Flamengo,https://media.api-sports.io/football/teams/127.png,False,3.0,0.0,,,,,,,,,,,Bahia...Flamengo
2191176,,UTC,2013-08-01T21:00:00+00:00,0,0.0,3600.0,,,,Match Finished,FT,90.0,71,Serie A,Brazil,https://media.api-sports.io/football/leagues/71.png,https://media.api-sports.io/flags/br.svg,2013,Regular Season - 10,151,Goias,https://media.api-sports.io/football/teams/151.png,,133,Vasco DA Gama,https://media.api-sports.io/football/teams/133.png,,1.0,1.0,,,,,,,,,,,Goias...Vasco DA Gama
2191177,,UTC,2013-08-04T16:00:00+00:00,0,0.0,3600.0,,,,Match Finished,FT,90.0,71,Serie A,Brazil,https://media.api-sports.io/football/leagues/71.png,https://media.api-sports.io/flags/br.svg,2013,Regular Season - 11,139,Ponte Preta,https://media.api-sports.io/football/teams/139.png,,124,Fluminense,https://media.api-sports.io/football/teams/124.png,,1.0,1.0,,,,,,,,,,,Ponte Preta...Fluminense
2191178,,UTC,2013-08-04T16:00:00+00:00,0,0.0,3600.0,,,,Match Finished,FT,90.0,71,Serie A,Brazil,https://media.api-sports.io/football/leagues/71.png,https://media.api-sports.io/flags/br.svg,2013,Regular Season - 11,130,Gremio,https://media.api-sports.io/football/teams/130.png,,119,Internacional,https://media.api-sports.io/football/teams/119.png,,1.0,1.0,,,,,,,,,,,Gremio...Internacional
2191179,,UTC,2013-08-04T16:00:00+00:00,0,0.0,3600.0,,,,Match Finished,FT,90.0,71,Serie A,Brazil,https://media.api-sports.io/football/leagues/71.png,https://media.api-sports.io/flags/br.svg,2013,Regular Season - 11,140,Criciuma,https://media.api-sports.io/football/teams/140.png,False,131,Corinthians,https://media.api-sports.io/football/teams/131.png,True,0.0,2.0,,,,,,,,,,,Criciuma...Corinthians
2191180,,UTC,2013-08-04T16:00:00+00:00,0,0.0,3600.0,,,,Match Finished,FT,90.0,71,Serie A,Brazil,https://media.api-sports.io/football/leagues/71.png,https://media.api-sports.io/flags/br.svg,2013,Regular Season - 11,134,Atletico Paranaense,https://media.api-sports.io/football/teams/134.png,True,151,Goias,https://media.api-sports.io/football/teams/151.png,False,2.0,0.0,,,,,,,,,,,Atletico Paranaense...Goias
2191181,,UTC,2013-08-04T18:30:00+00:00,0,0.0,3600.0,,,,Match Finished,FT,90.0,71,Serie A,Brazil,https://media.api-sports.io/football/leagues/71.png,https://media.api-sports.io/flags/br.svg,2013,Regular Season - 11,136,Vitoria,https://media.api-sports.io/football/teams/136.png,True,1214,Portuguesa,https://media.api-sports.io/football/teams/1214.png,False,2.0,1.0,,,,,,,,,,,Vitoria...Portuguesa
2191182,,UTC,2013-08-04T18:30:00+00:00,0,0.0,3600.0,,,,Match Finished,FT,90.0,71,Serie A,Brazil,https://media.api-sports.io/football/leagues/71.png,https://media.api-sports.io/flags/br.svg,2013,Regular Season - 11,133,Vasco DA Gama,https://media.api-sports.io/football/teams/133.png,False,120,Botafogo,https://media.api-sports.io/football/teams/120.png,True,2.0,3.0,,,,,,,,,,,Vasco DA Gama...Botafogo
2191183,,UTC,2013-08-15T21:00:00+00:00,0,0.0,3600.0,,,,Match Finished,FT,90.0,71,Serie A,Brazil,https://media.api-sports.io/football/leagues/71.png,https://media.api-sports.io/flags/br.svg,2013,Regular Season - 14,120,Botafogo,https://media.api-sports.io/football/teams/120.png,,119,Internacional,https://media.api-sports.io/football/teams/119.png,,3.0,3.0,,,,,,,,,,,Botafogo...Internacional
2191184,,UTC,2013-08-18T18:30:00+00:00,0,0.0,3600.0,,,,Match Finished,FT,90.0,71,Serie A,Brazil,https://media.api-sports.io/football/leagues/71.png,https://media.api-sports.io/flags/br.svg,2013,Regular Season - 15,119,Internacional,https://media.api-sports.io/football/teams/119.png,,1062,Atletico-MG,https://media.api-sports.io/football/teams/1062.png,,0.0,0.0,,,,,,,,,,,Internacional...Atletico-MG
2191185,,UTC,2013-09-08T16:00:00+00:00,0,0.0,3600.0,,,,Match Finished,FT,90.0,71,Serie A,Brazil,https://media.api-sports.io/football/leagues/71.png,https://media.api-sports.io/flags/br.svg,2013,Regular Season - 19,147,Coritiba,https://media.api-sports.io/football/teams/147.png,True,126,Sao Paulo,https://media.api-sports.io/football/teams/126.png,False,2.0,0.0,,,,,,,,,,,Coritiba...Sao Paulo
2191186,,UTC,2013-09-08T16:00:00+00:00,0,0.0,3600.0,,,,Match Finished,FT,90.0,71,Serie A,Brazil,https://media.api-sports.io/football/leagues/71.png,https://media.api-sports.io/flags/br.svg,2013,Regular Season - 19,131,Corinthians,https://media.api-sports.io/football/teams/131.png,,755,Nautico Recife,https://media.api-sports.io/football/teams/755.png,,0.0,0.0,,,,,,,,,,,Corinthians...Nautico Recife
2191187,,UTC,2013-09-14T18:30:00+00:00,0,0.0,3600.0,,,,Match Finished,FT,90.0,71,Serie A,Brazil,https://media.api-sports.io/football/leagues/71.png,https://media.api-sports.io/flags/br.svg,2013,Regular Season - 21,135,Cruzeiro,https://media.api-sports.io/football/teams/135.png,True,134,Atletico Paranaense,https://media.api-sports.io/football/teams/134.png,False,1.0,0.0,,,,,,,,,,,Cruzeiro...Atletico Paranaense
2191188,,UTC,2013-09-25T19:30:00+00:00,0,0.0,3600.0,,,,Match Finished,FT,90.0,71,Serie A,Brazil,https://media.api-sports.io/football/leagues/71.png,https://media.api-sports.io/flags/br.svg,2013,Regular Season - 25,140,Criciuma,https://media.api-sports.io/football/teams/140.png,,1062,Atletico-MG,https://media.api-sports.io/football/teams/1062.png,,1.0,1.0,,,,,,,,,,,Criciuma...Atletico-MG
2191189,,UTC,2013-09-25T21:00:00+00:00,0,0.0,3600.0,,,,Match Finished,FT,90.0,71,Serie A,Brazil,https://media.api-sports.io/football/leagues/71.png,https://media.api-sports.io/flags/br.svg,2013,Regular Season - 11,128,Santos,https://media.api-sports.io/football/teams/128.png,,755,Nautico Recife,https://media.api-sports.io/football/teams/755.png,,1.0,1.0,,,,,,,,,,,Santos...Nautico Recife
2191190,,UTC,2013-10-03T19:30:00+00:00,0,0.0,3600.0,,,,Match Finished,FT,90.0,71,Serie A,Brazil,https://media.api-sports.io/football/leagues/71.png,https://media.api-sports.io/flags/br.svg,2013,Regular Season - 8,1062,Atletico-MG,https://media.api-sports.io/football/teams/1062.png,True,139,Ponte Preta,https://media.api-sports.io/football/teams/139.png,False,4.0,0.0,,,,,,,,,,,Atletico-MG...Ponte Preta
2191191,,UTC,2013-10-06T16:00:00+00:00,0,0.0,3600.0,,,,Match Finished,FT,90.0,71,Serie A,Brazil,https://media.api-sports.io/football/leagues/71.png,https://media.api-sports.io/flags/br.svg,2013,Regular Season - 26,1062,Atletico-MG,https://media.api-sports.io/football/teams/1062.png,,131,Corinthians,https://media.api-sports.io/football/teams/131.png,,0.0,0.0,,,,,,,,,,,Atletico-MG...Corinthians
2191192,,UTC,2013-10-06T16:00:00+00:00,0,0.0,3600.0,,,,Match Finished,FT,90.0,71,Serie A,Brazil,https://media.api-sports.io/football/leagues/71.png,https://media.api-sports.io/flags/br.svg,2013,Regular Season - 26,755,Nautico Recife,https://media.api-sports.io/football/teams/755.png,False,135,Cruzeiro,https://media.api-sports.io/football/teams/135.png,True,1.0,4.0,,,,,,,,,,,Nautico Recife...Cruzeiro
2191193,,UTC,2013-10-06T16:00:00+00:00,0,0.0,3600.0,,,,Match Finished,FT,90.0,71,Serie A,Brazil,https://media.api-sports.io/football/leagues/71.png,https://media.api-sports.io/flags/br.svg,2013,Regular Season - 26,134,Atletico Paranaense,https://media.api-sports.io/football/teams/134.png,True,147,Coritiba,https://media.api-sports.io/football/teams/147.png,False,2.0,1.0,,,,,,,,,,,Atletico Paranaense...Coritiba
2191194,,UTC,2013-10-06T16:00:00+00:00,0,0.0,3600.0,,,,Match Finished,FT,90.0,71,Serie A,Brazil,https://media.api-sports.io/football/leagues/71.png,https://media.api-sports.io/flags/br.svg,2013,Regular Season - 26,119,Internacional,https://media.api-sports.io/football/teams/119.png,True,124,Fluminense,https://media.api-sports.io/football/teams/124.png,False,1.0,0.0,,,,,,,,,,,Internacional...Fluminense
2191195,,UTC,2013-10-09T19:30:00+00:00,0,0.0,3600.0,,,,Match Finished,FT,90.0,71,Serie A,Brazil,https://media.api-sports.io/football/leagues/71.png,https://media.api-sports.io/flags/br.svg,2013,Regular Season - 27,130,Gremio,https://media.api-sports.io/football/teams/130.png,False,140,Criciuma,https://media.api-sports.io/football/teams/140.png,True,1.0,2.0,,,,,,,,,,,Gremio...Criciuma
2191196,,UTC,2013-10-09T21:00:00+00:00,0,0.0,3600.0,,,,Match Finished,FT,90.0,71,Serie A,Brazil,https://media.api-sports.io/football/leagues/71.png,https://media.api-sports.io/flags/br.svg,2013,Regular Season - 27,139,Ponte Preta,https://media.api-sports.io/football/teams/139.png,True,1062,Atletico-MG,https://media.api-sports.io/football/teams/1062.png,False,2.0,0.0,,,,,,,,,,,Ponte Preta...Atletico-MG
2191197,,UTC,2013-10-09T21:50:00+00:00,0,0.0,3600.0,,,,Match Finished,FT,90.0,71,Serie A,Brazil,https://media.api-sports.io/football/leagues/71.png,https://media.api-sports.io/flags/br.svg,2013,Regular Season - 27,135,Cruzeiro,https://media.api-sports.io/football/teams/135.png,False,126,Sao Paulo,https://media.api-sports.io/football/teams/126.png,True,0.0,2.0,,,,,,,,,,,Cruzeiro...Sao Paulo
2191198,,UTC,2013-10-09T21:50:00+00:00,0,0.0,3600.0,,,,Match Finished,FT,90.0,71,Serie A,Brazil,https://media.api-sports.io/football/leagues/71.png,https://media.api-sports.io/flags/br.svg,2013,Regular Season - 27,755,Nautico Recife,https://media.api-sports.io/football/teams/755.png,False,120,Botafogo,https://media.api-sports.io/football/teams/120.png,True,1.0,3.0,,,,,,,,,,,Nautico Recife...Botafogo
2191199,,UTC,2013-10-10T21:00:00+00:00,0,0.0,3600.0,,,,Match Finished,FT,90.0,71,Serie A,Brazil,https://media.api-sports.io/football/leagues/71.png,https://media.api-sports.io/flags/br.svg,2013,Regular Season - 27,127,Flamengo,https://media.api-sports.io/football/teams/127.png,True,119,Internacional,https://media.api-sports.io/football/teams/119.png,False,2.0,1.0,,,,,,,,,,,Flamengo...Internacional
2191200,,UTC,2013-10-13T16:00:00+00:00,0,0.0,3600.0,,,,Match Finished,FT,90.0,71,Serie A,Brazil,https://media.api-sports.io/football/leagues/71.png,https://media.api-sports.io/flags/br.svg,2013,Regular Season - 28,119,Internacional,https://media.api-sports.io/football/teams/119.png,True,755,Nautico Recife,https://media.api-sports.io/football/teams/755.png,False,4.0,1.0,,,,,,,,,,,Internacional...Nautico Recife
2191201,,UTC,2013-10-13T16:00:00+00:00,0,0.0,3600.0,,,,Match Finished,FT,90.0,71,Serie A,Brazil,https://media.api-sports.io/football/leagues/71.png,https://media.api-sports.io/flags/br.svg,2013,Regular Season - 28,126,Sao Paulo,https://media.api-sports.io/football/teams/126.png,,131,Corinthians,https://media.api-sports.io/football/teams/131.png,,0.0,0.0,,,,,,,,,,,Sao Paulo...Corinthians
2191202,,UTC,2013-11-09T19:30:00+00:00,0,0.0,3600.0,,,,Match Finished,FT,90.0,71,Serie A,Brazil,https://media.api-sports.io/football/leagues/71.png,https://media.api-sports.io/flags/br.svg,2013,Regular Season - 33,118,Bahia,https://media.api-sports.io/football/teams/118.png,,1062,Atletico-MG,https://media.api-sports.io/football/teams/1062.png,,0.0,0.0,,,,,,,,,,,Bahia...Atletico-MG
2191203,,UTC,2013-11-10T17:00:00+00:00,0,0.0,3600.0,,,,Match Finished,FT,90.0,71,Serie A,Brazil,https://media.api-sports.io/football/leagues/71.png,https://media.api-sports.io/flags/br.svg,2013,Regular Season - 33,139,Ponte Preta,https://media.api-sports.io/football/teams/139.png,False,136,Vitoria,https://media.api-sports.io/football/teams/136.png,True,0.0,3.0,,,,,,,,,,,Ponte Preta...Vitoria
2191204,,UTC,2013-11-10T19:30:00+00:00,0,0.0,3600.0,,,,Match Finished,FT,90.0,71,Serie A,Brazil,https://media.api-sports.io/football/leagues/71.png,https://media.api-sports.io/flags/br.svg,2013,Regular Season - 33,133,Vasco DA Gama,https://media.api-sports.io/football/teams/133.png,,128,Santos,https://media.api-sports.io/football/teams/128.png,,2.0,2.0,,,,,,,,,,,Vasco DA Gama...Santos
2191205,,UTC,2013-12-08T17:00:00+00:00,0,0.0,3600.0,,,,Match Finished,FT,90.0,71,Serie A,Brazil,https://media.api-sports.io/football/leagues/71.png,https://media.api-sports.io/flags/br.svg,2013,Regular Season - 38,134,Atletico Paranaense,https://media.api-sports.io/football/teams/134.png,True,133,Vasco DA Gama,https://media.api-sports.io/football/teams/133.png,False,5.0,1.0,,,,,,,,,,,Atletico Paranaense...Vasco DA Gama
