fixture_id,fixture_referee,fixture_timezone,fixture_date,fixture_timestamp,fixture_periods_first,fixture_periods_second,fixture_venue_id,fixture_venue_name,fixture_venue_city,fixture_status_long,fixture_status_short,fixture_status_elapsed,league_id,league_name,league_country,league_logo,league_flag,league_season,league_round,teams_home_id,teams_home_name,teams_home_logo,teams_home_winner,teams_away_id,teams_away_name,teams_away_logo,teams_away_winner,goals_home,goals_away,score_halftime_home,score_halftime_away,score_fulltime_home,score_fulltime_away,score_extratime_home,score_extratime_away,score_penalty_home,score_penalty_away,fixture_status_extra,league_standings,chave
190448,,UTC,2014-04-19T21:30:00+00:00,1397943000,1397943000.0,1397946600.0,,"Estádio José Pinheiro Borba (Beira-Rio) (Porto Alegre, Rio Grande do Sul)",,Match Finished,FT,90.0,71,Serie A,Brazil,https://media.api-sports.io/football/leagues/71.png,https://media.api-sports.io/flags/br.svg,2014,Regular Season - 1,119,Internacional,https://media.api-sports.io/football/teams/119.png,True,136,Vitoria,https://media.api-sports.io/football/teams/136.png,False,1.0,0.0,1.0,0.0,1.0,0.0,,,,,,,
190447,,UTC,2014-04-19T21:30:00+00:00,1397943000,1397943000.0,1397946600.0,,"Estadio Jornalista Mário Filho (Maracanã) (Rio de Janeiro, Rio de Janeiro)",,Match Finished,FT,90.0,71,Serie A,Brazil,https://media.api-sports.io/football/leagues/71.png,https://media.api-sports.io/flags/br.svg,2014,Regular Season - 1,124,Fluminense,https://media.api-sports.io/football/teams/124.png,True,137,Figueirense,https://media.api-sports.io/football/teams/137.png,False,3.0,0.0,2.0,0.0,3.0,0.0,,,,,,,
190449,,UTC,2014-04-20T00:00:00+00:00,1397952000,1397952000.0,1397955600.0,,"Estádio Regional Índio Condá (Chapecó, Santa Catarina)",,Match Finished,FT,90.0,71,Serie A,Brazil,https://media.api-sports.io/football/leagues/71.png,https://media.api-sports.io/flags/br.svg,2014,Regular Season - 1,132,Chapecoense-sc,https://media.api-sports.io/football/teams/132.png,,147,Coritiba,https://media.api-sports.io/football/teams/147.png,,0.0,0.0,0.0,0.0,0.0,0.0,,,,,,,
190453,,UTC,2014-04-20T19:00:00+00:00,1398020400,1398020400.0,1398024000.0,,"Itaipava Arena Fonte Nova (Salvador, Bahia)",,Match Finished,FT,90.0,71,Serie A,Brazil,https://media.api-sports.io/football/leagues/71.png,https://media.api-sports.io/flags/br.svg,2014,Regular Season - 1,118,Bahia,https://media.api-sports.io/football/teams/118.png,False,135,Cruzeiro,https://media.api-sports.io/football/teams/135.png,True,1.0,2.0,0.0,0.0,1.0,2.0,,,,,,,
190450,,UTC,2014-04-20T19:00:00+00:00,1398020400,1398020400.0,1398024000.0,,"Estádio Cícero Pompeu de Toledo (Morumbi) (São Paulo, São Paulo)",,Match Finished,FT,90.0,71,Serie A,Brazil,https://media.api-sports.io/football/leagues/71.png,https://media.api-sports.io/flags/br.svg,2014,Regular Season - 1,126,Sao Paulo,https://media.api-sports.io/football/teams/126.png,True,120,Botafogo,https://media.api-sports.io/football/teams/120.png,False,3.0,0.0,2.0,0.0,3.0,0.0,,,,,,,
190451,,UTC,2014-04-20T19:00:00+00:00,1398020400,1398020400.0,1398024000.0,,"Estádio Orlando Scarpelli (Florianópolis, Santa Catarina)",,Match Finished,FT,90.0,71,Serie A,Brazil,https://media.api-sports.io/football/leagues/71.png,https://media.api-sports.io/flags/br.svg,2014,Regular Season - 1,134,Atletico Paranaense,https://media.api-sports.io/football/teams/134.png,True,130,Gremio,https://media.api-sports.io/football/teams/130.png,False,1.0,0.0,1.0,0.0,1.0,0.0,,,,,,,
190452,,UTC,2014-04-20T19:00:00+00:00,1398020400,1398020400.0,1398024000.0,,"Estádio Municipal João Havelange (Uberlândia, Minas Gerais)",,Match Finished,FT,90.0,71,Serie A,Brazil,https://media.api-sports.io/football/leagues/71.png,https://media.api-sports.io/flags/br.svg,2014,Regular Season - 1,1062,Atletico-MG,https://media.api-sports.io/football/teams/1062.png,,131,Corinthians,https://media.api-sports.io/football/teams/131.png,,0.0,0.0,0.0,0.0,0.0,0.0,,,,,,,
190454,,UTC,2014-04-20T21:30:00+00:00,1398029400,1398029400.0,1398033000.0,,"Estádio Nacional de Brasília (Brasília, Distrito Federal)",,Match Finished,FT,90.0,71,Serie A,Brazil,https://media.api-sports.io/football/leagues/71.png,https://media.api-sports.io/flags/br.svg,2014,Regular Season - 1,127,Flamengo,https://media.api-sports.io/football/teams/127.png,,151,Goias,https://media.api-sports.io/football/teams/151.png,,0.0,0.0,0.0,0.0,0.0,0.0,,,,,,,
190455,,UTC,2014-04-20T21:30:00+00:00,1398029400,1398029400.0,1398033000.0,,"Estádio Urbano Caldeira (Santos, São Paulo)",,Match Finished,FT,90.0,71,Serie A,Brazil,https://media.api-sports.io/football/leagues/71.png,https://media.api-sports.io/flags/br.svg,2014,Regular Season - 1,128,Santos,https://media.api-sports.io/football/teams/128.png,,123,Sport Recife,https://media.api-sports.io/football/teams/123.png,,1.0,1.0,0.0,0.0,1.0,1.0,,,,,,,
190456,,UTC,2014-04-20T21:30:00+00:00,1398029400,1398029400.0,1398033000.0,,"Estádio Heriberto Hülse (Criciúma, Santa Catarina)",,Match Finished,FT,90.0,71,Serie A,Brazil,https://media.api-sports.io/football/leagues/71.png,https://media.api-sports.io/flags/br.svg,2014,Regular Season - 1,140,Criciuma,https://media.api-sports.io/football/teams/140.png,False,121,Palmeiras,https://media.api-sports.io/football/teams/121.png,True,1.0,2.0,1.0,0.0,1.0,2.0,,,,,,,
190457,,UTC,2014-04-26T21:30:00+00:00,1398547800,1398547800.0,1398551400.0,,"Estádio Major Antônio Couto Pereira (Curitiba, Paraná)",,Match Finished,FT,90.0,71,Serie A,Brazil,https://media.api-sports.io/football/leagues/71.png,https://media.api-sports.io/flags/br.svg,2014,Regular Season - 2,147,Coritiba,https://media.api-sports.io/football/teams/147.png,,128,Santos,https://media.api-sports.io/football/teams/128.png,,0.0,0.0,0.0,0.0,0.0,0.0,,,,,,,
190458,,UTC,2014-04-27T00:00:00+00:00,1398556800,1398556800.0,1398560400.0,,"Estádio Municipal Paulo Machado de Carvalho (São Paulo, São Paulo)",,Match Finished,FT,90.0,71,Serie A,Brazil,https://media.api-sports.io/football/leagues/71.png,https://media.api-sports.io/flags/br.svg,2014,Regular Season - 2,121,Palmeiras,https://media.api-sports.io/football/teams/121.png,False,124,Fluminense,https://media.api-sports.io/football/teams/124.png,True,0.0,1.0,0.0,1.0,0.0,1.0,,,,,,,
190459,,UTC,2014-04-27T19:00:00+00:00,1398625200,1398625200.0,1398628800.0,,"Estadio Jornalista Mário Filho (Maracanã) (Rio de Janeiro, Rio de Janeiro)",,Match Finished,FT,90.0,71,Serie A,Brazil,https://media.api-sports.io/football/leagues/71.png,https://media.api-sports.io/flags/br.svg,2014,Regular Season - 2,120,Botafogo,https://media.api-sports.io/football/teams/120.png,,119,Internacional,https://media.api-sports.io/football/teams/119.png,,2.0,2.0,0.0,2.0,2.0,2.0,,,,,,,
190460,,UTC,2014-04-27T19:00:00+00:00,1398625200,1398625200.0,1398628800.0,,"Estádio Municipal Paulo Machado de Carvalho (São Paulo, São Paulo)",,Match Finished,FT,90.0,71,Serie A,Brazil,https://media.api-sports.io/football/leagues/71.png,https://media.api-sports.io/flags/br.svg,2014,Regular Season - 2,131,Corinthians,https://media.api-sports.io/football/teams/131.png,True,127,Flamengo,https://media.api-sports.io/football/teams/127.png,False,2.0,0.0,1.0,0.0,2.0,0.0,,,,,,,
190461,,UTC,2014-04-27T19:00:00+00:00,1398625200,1398625200.0,1398628800.0,,"Estádio Municipal João Havelange (Uberlândia, Minas Gerais)",,Match Finished,FT,90.0,71,Serie A,Brazil,https://media.api-sports.io/football/leagues/71.png,https://media.api-sports.io/flags/br.svg,2014,Regular Season - 2,135,Cruzeiro,https://media.api-sports.io/football/teams/135.png,,126,Sao Paulo,https://media.api-sports.io/football/teams/126.png,,1.0,1.0,0.0,0.0,1.0,1.0,,,,,,,
190462,,UTC,2014-04-27T19:00:00+00:00,1398625200,1398625200.0,1398628800.0,,"Estádio Governador Roberto Santos (Salvador de Bahia, Bahia)",,Match Finished,FT,90.0,71,Serie A,Brazil,https://media.api-sports.io/football/leagues/71.png,https://media.api-sports.io/flags/br.svg,2014,Regular Season - 2,136,Vitoria,https://media.api-sports.io/football/teams/136.png,,134,Atletico Paranaense,https://media.api-sports.io/football/teams/134.png,,2.0,2.0,2.0,0.0,2.0,2.0,,,,,,,
190463,,UTC,2014-04-27T21:30:00+00:00,1398634200,1398634200.0,1398637800.0,,"Estádio Adelmar da Costa Carvalho (Recife, Pernambuco)",,Match Finished,FT,90.0,71,Serie A,Brazil,https://media.api-sports.io/football/leagues/71.png,https://media.api-sports.io/flags/br.svg,2014,Regular Season - 2,123,Sport Recife,https://media.api-sports.io/football/teams/123.png,True,132,Chapecoense-sc,https://media.api-sports.io/football/teams/132.png,False,2.0,1.0,2.0,1.0,2.0,1.0,,,,,,,
190464,,UTC,2014-04-27T21:30:00+00:00,1398634200,1398634200.0,1398637800.0,,"Arena do Grêmio (Porto Alegre, Rio Grande do Sul)",,Match Finished,FT,90.0,71,Serie A,Brazil,https://media.api-sports.io/football/leagues/71.png,https://media.api-sports.io/flags/br.svg,2014,Regular Season - 2,130,Gremio,https://media.api-sports.io/football/teams/130.png,True,1062,Atletico-MG,https://media.api-sports.io/football/teams/1062.png,False,2.0,1.0,2.0,0.0,2.0,1.0,,,,,,,
190465,,UTC,2014-04-27T21:30:00+00:00,1398634200,1398634200.0,1398637800.0,,"Arena Barueri (Barueri, São Paulo)",,Match Finished,FT,90.0,71,Serie A,Brazil,https://media.api-sports.io/football/leagues/71.png,https://media.api-sports.io/flags/br.svg,2014,Regular Season - 2,137,Figueirense,https://media.api-sports.io/football/teams/137.png,False,118,Bahia,https://media.api-sports.io/football/teams/118.png,True,0.0,2.0,0.0,1.0,0.0,2.0,,,,,,,
190466,,UTC,2014-04-27T21:30:00+00:00,1398634200,1398634200.0,1398637800.0,,"Estádio Municipal Juscelino Kubitschek de Oliveira (Itumbiara, Goiás)",,Match Finished,FT,90.0,71,Serie A,Brazil,https://media.api-sports.io/football/leagues/71.png,https://media.api-sports.io/flags/br.svg,2014,Regular Season - 2,151,Goias,https://media.api-sports.io/football/teams/151.png,True,140,Criciuma,https://media.api-sports.io/football/teams/140.png,False,1.0,0.0,0.0,0.0,1.0,0.0,,,,,,,
190467,,UTC,2014-05-03T21:30:00+00:00,1399152600,1399152600.0,1399156200.0,,"Estádio Municipal Paulo Machado de Carvalho (São Paulo, São Paulo)",,Match Finished,FT,90.0,71,Serie A,Brazil,https://media.api-sports.io/football/leagues/71.png,https://media.api-sports.io/flags/br.svg,2014,Regular Season - 3,126,Sao Paulo,https://media.api-sports.io/football/teams/126.png,,147,Coritiba,https://media.api-sports.io/football/teams/147.png,,2.0,2.0,1.0,1.0,2.0,2.0,,,,,,,
190468,,UTC,2014-05-03T21:30:00+00:00,1399152600,1399152600.0,1399156200.0,,"Estádio Urbano Caldeira (Santos, São Paulo)",,Match Finished,FT,90.0,71,Serie A,Brazil,https://media.api-sports.io/football/leagues/71.png,https://media.api-sports.io/flags/br.svg,2014,Regular Season - 3,128,Santos,https://media.api-sports.io/football/teams/128.png,,130,Gremio,https://media.api-sports.io/football/teams/130.png,,0.0,0.0,0.0,0.0,0.0,0.0,,,,,,,
190469,,UTC,2014-05-03T21:30:00+00:00,1399152600,1399152600.0,1399156200.0,,"Estádio Nacional de Brasília (Brasília, Distrito Federal)",,Match Finished,FT,90.0,71,Serie A,Brazil,https://media.api-sports.io/football/leagues/71.png,https://media.api-sports.io/flags/br.svg,2014,Regular Season - 3,134,Atletico Paranaense,https://media.api-sports.io/football/teams/134.png,False,135,Cruzeiro,https://media.api-sports.io/football/teams/135.png,True,2.0,3.0,2.0,1.0,2.0,3.0,,,,,,,
190470,,UTC,2014-05-04T00:00:00+00:00,1399161600,1399161600.0,1399165200.0,,"Estadio Jornalista Mário Filho (Maracanã) (Rio de Janeiro, Rio de Janeiro)",,Match Finished,FT,90.0,71,Serie A,Brazil,https://media.api-sports.io/football/leagues/71.png,https://media.api-sports.io/flags/br.svg,2014,Regular Season - 3,124,Fluminense,https://media.api-sports.io/football/teams/124.png,False,136,Vitoria,https://media.api-sports.io/football/teams/136.png,True,1.0,2.0,0.0,0.0,1.0,2.0,,,,,,,
190472,,UTC,2014-05-04T19:00:00+00:00,1399230000,1399230000.0,1399233600.0,,"Itaipava Arena Fonte Nova (Salvador, Bahia)",,Match Finished,FT,90.0,71,Serie A,Brazil,https://media.api-sports.io/football/leagues/71.png,https://media.api-sports.io/flags/br.svg,2014,Regular Season - 3,118,Bahia,https://media.api-sports.io/football/teams/118.png,True,120,Botafogo,https://media.api-sports.io/football/teams/120.png,False,1.0,0.0,0.0,0.0,1.0,0.0,,,,,,,
190473,,UTC,2014-05-04T19:00:00+00:00,1399230000,1399230000.0,1399233600.0,,"Estádio José Pinheiro Borba (Beira-Rio) (Porto Alegre, Rio Grande do Sul)",,Match Finished,FT,90.0,71,Serie A,Brazil,https://media.api-sports.io/football/leagues/71.png,https://media.api-sports.io/flags/br.svg,2014,Regular Season - 3,119,Internacional,https://media.api-sports.io/football/teams/119.png,True,123,Sport Recife,https://media.api-sports.io/football/teams/123.png,False,2.0,1.0,2.0,0.0,2.0,1.0,,,,,,,
190471,,UTC,2014-05-04T19:00:00+00:00,1399230000,1399230000.0,1399233600.0,,"Estadio Jornalista Mário Filho (Maracanã) (Rio de Janeiro, Rio de Janeiro)",,Match Finished,FT,90.0,71,Serie A,Brazil,https://media.api-sports.io/football/leagues/71.png,https://media.api-sports.io/flags/br.svg,2014,Regular Season - 3,127,Flamengo,https://media.api-sports.io/football/teams/127.png,True,121,Palmeiras,https://media.api-sports.io/football/teams/121.png,False,4.0,2.0,1.0,2.0,4.0,2.0,,,,,,,
190474,,UTC,2014-05-04T19:00:00+00:00,1399230000,1399230000.0,1399233600.0,,"Estádio Heriberto Hülse (Criciúma, Santa Catarina)",,Match Finished,FT,90.0,71,Serie A,Brazil,https://media.api-sports.io/football/leagues/71.png,https://media.api-sports.io/flags/br.svg,2014,Regular Season - 3,140,Criciuma,https://media.api-sports.io/football/teams/140.png,True,137,Figueirense,https://media.api-sports.io/football/teams/137.png,False,1.0,0.0,1.0,0.0,1.0,0.0,,,,,,,
190476,,UTC,2014-05-04T21:30:00+00:00,1399239000,1399239000.0,1399242600.0,,"Estádio Regional Índio Condá (Chapecó, Santa Catarina)",,Match Finished,FT,90.0,71,Serie A,Brazil,https://media.api-sports.io/football/leagues/71.png,https://media.api-sports.io/flags/br.svg,2014,Regular Season - 3,132,Chapecoense-sc,https://media.api-sports.io/football/teams/132.png,False,131,Corinthians,https://media.api-sports.io/football/teams/131.png,True,0.0,1.0,0.0,0.0,0.0,1.0,,,,,,,
190475,,UTC,2014-05-04T21:30:00+00:00,1399239000,1399239000.0,1399242600.0,,"Estádio Raimundo Sampaio (Belo Horizonte, Minas Gerais)",,Match Finished,FT,90.0,71,Serie A,Brazil,https://media.api-sports.io/football/leagues/71.png,https://media.api-sports.io/flags/br.svg,2014,Regular Season - 3,1062,Atletico-MG,https://media.api-sports.io/football/teams/1062.png,False,151,Goias,https://media.api-sports.io/football/teams/151.png,True,0.0,1.0,0.0,0.0,0.0,1.0,,,,,,,
190478,,UTC,2014-05-10T21:30:00+00:00,1399757400,1399757400.0,1399761000.0,,"Estádio José Pinheiro Borba (Beira-Rio) (Porto Alegre, Rio Grande do Sul)",,Match Finished,FT,90.0,71,Serie A,Brazil,https://media.api-sports.io/football/leagues/71.png,https://media.api-sports.io/flags/br.svg,2014,Regular Season - 4,119,Internacional,https://media.api-sports.io/football/teams/119.png,True,134,Atletico Paranaense,https://media.api-sports.io/football/teams/134.png,False,2.0,1.0,0.0,0.0,2.0,1.0,,,,,,,
190477,,UTC,2014-05-10T21:30:00+00:00,1399757400,1399757400.0,1399761000.0,,"Estádio Municipal Paulo Machado de Carvalho (São Paulo, São Paulo)",,Match Finished,FT,90.0,71,Serie A,Brazil,https://media.api-sports.io/football/leagues/71.png,https://media.api-sports.io/flags/br.svg,2014,Regular Season - 4,121,Palmeiras,https://media.api-sports.io/football/teams/121.png,True,151,Goias,https://media.api-sports.io/football/teams/151.png,False,2.0,0.0,2.0,0.0,2.0,0.0,,,,,,,
190479,,UTC,2014-05-11T00:00:00+00:00,1399766400,1399766400.0,1399770000.0,,"Estadio Jornalista Mário Filho (Maracanã) (Rio de Janeiro, Rio de Janeiro)",,Match Finished,FT,90.0,71,Serie A,Brazil,https://media.api-sports.io/football/leagues/71.png,https://media.api-sports.io/flags/br.svg,2014,Regular Season - 4,120,Botafogo,https://media.api-sports.io/football/teams/120.png,True,140,Criciuma,https://media.api-sports.io/football/teams/140.png,False,6.0,0.0,1.0,0.0,6.0,0.0,,,,,,,
190480,,UTC,2014-05-11T19:00:00+00:00,1399834800,1399834800.0,1399838400.0,,"Estadio Jornalista Mário Filho (Maracanã) (Rio de Janeiro, Rio de Janeiro)",,Match Finished,FT,90.0,71,Serie A,Brazil,https://media.api-sports.io/football/leagues/71.png,https://media.api-sports.io/flags/br.svg,2014,Regular Season - 4,124,Fluminense,https://media.api-sports.io/football/teams/124.png,True,127,Flamengo,https://media.api-sports.io/football/teams/127.png,False,2.0,0.0,1.0,0.0,2.0,0.0,,,,,,,
190481,,UTC,2014-05-11T19:00:00+00:00,1399834800,1399834800.0,1399838400.0,,"Arena Barueri (Barueri, São Paulo)",,Match Finished,FT,90.0,71,Serie A,Brazil,https://media.api-sports.io/football/leagues/71.png,https://media.api-sports.io/flags/br.svg,2014,Regular Season - 4,126,Sao Paulo,https://media.api-sports.io/football/teams/126.png,,131,Corinthians,https://media.api-sports.io/football/teams/131.png,,1.0,1.0,0.0,0.0,1.0,1.0,,,,,,,
190483,,UTC,2014-05-11T19:00:00+00:00,1399834800,1399834800.0,1399838400.0,,"Estádio Regional Índio Condá (Chapecó, Santa Catarina)",,Match Finished,FT,90.0,71,Serie A,Brazil,https://media.api-sports.io/football/leagues/71.png,https://media.api-sports.io/flags/br.svg,2014,Regular Season - 4,132,Chapecoense-sc,https://media.api-sports.io/football/teams/132.png,False,130,Gremio,https://media.api-sports.io/football/teams/130.png,True,1.0,2.0,0.0,1.0,1.0,2.0,,,,,,,
190482,,UTC,2014-05-11T19:00:00+00:00,1399834800,1399834800.0,1399838400.0,,"Estádio Raimundo Sampaio (Belo Horizonte, Minas Gerais)",,Match Finished,FT,90.0,71,Serie A,Brazil,https://media.api-sports.io/football/leagues/71.png,https://media.api-sports.io/flags/br.svg,2014,Regular Season - 4,1062,Atletico-MG,https://media.api-sports.io/football/teams/1062.png,True,135,Cruzeiro,https://media.api-sports.io/football/teams/135.png,False,2.0,1.0,0.0,1.0,2.0,1.0,,,,,,,
190485,,UTC,2014-05-11T21:30:00+00:00,1399843800,1399843800.0,1399847400.0,,"Itaipava Arena Fonte Nova (Salvador, Bahia)",,Match Finished,FT,90.0,71,Serie A,Brazil,https://media.api-sports.io/football/leagues/71.png,https://media.api-sports.io/flags/br.svg,2014,Regular Season - 4,118,Bahia,https://media.api-sports.io/football/teams/118.png,,136,Vitoria,https://media.api-sports.io/football/teams/136.png,,1.0,1.0,0.0,1.0,1.0,1.0,,,,,,,
190486,,UTC,2014-05-11T21:30:00+00:00,1399843800,1399843800.0,1399847400.0,,"Estádio Municipal Jacy Scaff (Londrina, Paraná)",,Match Finished,FT,90.0,71,Serie A,Brazil,https://media.api-sports.io/football/leagues/71.png,https://media.api-sports.io/flags/br.svg,2014,Regular Season - 4,137,Figueirense,https://media.api-sports.io/football/teams/137.png,False,128,Santos,https://media.api-sports.io/football/teams/128.png,True,0.0,2.0,0.0,1.0,0.0,2.0,,,,,,,
190484,,UTC,2014-05-11T21:30:00+00:00,1399843800,1399843800.0,1399847400.0,,"Estádio Major Antônio Couto Pereira (Curitiba, Paraná)",,Match Finished,FT,90.0,71,Serie A,Brazil,https://media.api-sports.io/football/leagues/71.png,https://media.api-sports.io/flags/br.svg,2014,Regular Season - 4,147,Coritiba,https://media.api-sports.io/football/teams/147.png,False,123,Sport Recife,https://media.api-sports.io/football/teams/123.png,True,0.0,1.0,0.0,0.0,0.0,1.0,,,,,,,
190487,,UTC,2014-05-15T01:00:00+00:00,1400115600,1400115600.0,1400119200.0,,"Estádio Municipal Radialista Mário Helênio (Juiz de Fora, Minas Gerais)",,Match Finished,FT,90.0,71,Serie A,Brazil,https://media.api-sports.io/football/leagues/71.png,https://media.api-sports.io/flags/br.svg,2014,Regular Season - 5,151,Goias,https://media.api-sports.io/football/teams/151.png,True,120,Botafogo,https://media.api-sports.io/football/teams/120.png,False,2.0,0.0,0.0,0.0,2.0,0.0,,,,,,,
190488,,UTC,2014-05-17T21:30:00+00:00,1400362200,1400362200.0,1400365800.0,,"Estádio Governador Magalhães Pinto (Belo Horizonte, Minas Gerais)",,Match Finished,FT,90.0,71,Serie A,Brazil,https://media.api-sports.io/football/leagues/71.png,https://media.api-sports.io/flags/br.svg,2014,Regular Season - 5,135,Cruzeiro,https://media.api-sports.io/football/teams/135.png,True,147,Coritiba,https://media.api-sports.io/football/teams/147.png,False,3.0,2.0,2.0,1.0,3.0,2.0,,,,,,,
190489,,UTC,2014-05-18T19:00:00+00:00,1400439600,1400439600.0,1400443200.0,,"Estadio Jornalista Mário Filho (Maracanã) (Rio de Janeiro, Rio de Janeiro)",,Match Finished,FT,90.0,71,Serie A,Brazil,https://media.api-sports.io/football/leagues/71.png,https://media.api-sports.io/flags/br.svg,2014,Regular Season - 5,127,Flamengo,https://media.api-sports.io/football/teams/127.png,False,126,Sao Paulo,https://media.api-sports.io/football/teams/126.png,True,0.0,2.0,0.0,1.0,0.0,2.0,,,,,,,
190492,,UTC,2014-05-18T19:00:00+00:00,1400439600,1400439600.0,1400443200.0,,"Arena do Grêmio (Porto Alegre, Rio Grande do Sul)",,Match Finished,FT,90.0,71,Serie A,Brazil,https://media.api-sports.io/football/leagues/71.png,https://media.api-sports.io/flags/br.svg,2014,Regular Season - 5,130,Gremio,https://media.api-sports.io/football/teams/130.png,True,124,Fluminense,https://media.api-sports.io/football/teams/124.png,False,1.0,0.0,1.0,0.0,1.0,0.0,,,,,,,
190490,,UTC,2014-05-18T19:00:00+00:00,1400439600,1400439600.0,1400443200.0,,"Arena Corinthians (São Paulo, São Paulo)",,Match Finished,FT,90.0,71,Serie A,Brazil,https://media.api-sports.io/football/leagues/71.png,https://media.api-sports.io/flags/br.svg,2014,Regular Season - 5,131,Corinthians,https://media.api-sports.io/football/teams/131.png,False,137,Figueirense,https://media.api-sports.io/football/teams/137.png,True,0.0,1.0,0.0,0.0,0.0,1.0,,,,,,,
190491,,UTC,2014-05-18T19:00:00+00:00,1400439600,1400439600.0,1400443200.0,,"Estádio Regional Willie Davids (Maringá, Paraná)",,Match Finished,FT,90.0,71,Serie A,Brazil,https://media.api-sports.io/football/leagues/71.png,https://media.api-sports.io/flags/br.svg,2014,Regular Season - 5,134,Atletico Paranaense,https://media.api-sports.io/football/teams/134.png,,132,Chapecoense-sc,https://media.api-sports.io/football/teams/132.png,,1.0,1.0,0.0,0.0,1.0,1.0,,,,,,,
190493,,UTC,2014-05-18T21:30:00+00:00,1400448600,1400448600.0,1400452200.0,,"Arena Pantanal (Cuiabá, Mato Grosso)",,Match Finished,FT,90.0,71,Serie A,Brazil,https://media.api-sports.io/football/leagues/71.png,https://media.api-sports.io/flags/br.svg,2014,Regular Season - 5,128,Santos,https://media.api-sports.io/football/teams/128.png,False,1062,Atletico-MG,https://media.api-sports.io/football/teams/1062.png,True,1.0,2.0,1.0,0.0,1.0,2.0,,,,,,,
190494,,UTC,2014-05-18T21:30:00+00:00,1400448600,1400448600.0,1400452200.0,,"Estádio Governador Roberto Santos (Salvador de Bahia, Bahia)",,Match Finished,FT,90.0,71,Serie A,Brazil,https://media.api-sports.io/football/leagues/71.png,https://media.api-sports.io/flags/br.svg,2014,Regular Season - 5,136,Vitoria,https://media.api-sports.io/football/teams/136.png,False,121,Palmeiras,https://media.api-sports.io/football/teams/121.png,True,0.0,1.0,0.0,0.0,0.0,1.0,,,,,,,
190495,,UTC,2014-05-18T21:30:00+00:00,1400448600,1400448600.0,1400452200.0,,"Estádio Heriberto Hülse (Criciúma, Santa Catarina)",,Match Finished,FT,90.0,71,Serie A,Brazil,https://media.api-sports.io/football/leagues/71.png,https://media.api-sports.io/flags/br.svg,2014,Regular Season - 5,140,Criciuma,https://media.api-sports.io/football/teams/140.png,,119,Internacional,https://media.api-sports.io/football/teams/119.png,,0.0,0.0,0.0,0.0,0.0,0.0,,,,,,,
190497,,UTC,2014-05-21T22:30:00+00:00,1400711400,1400711400.0,1400715000.0,,"Estádio Claúdio Moacir de Azevedo (Macaé, Rio de Janeiro)",,Match Finished,FT,90.0,71,Serie A,Brazil,https://media.api-sports.io/football/leagues/71.png,https://media.api-sports.io/flags/br.svg,2014,Regular Season - 6,127,Flamengo,https://media.api-sports.io/football/teams/127.png,,118,Bahia,https://media.api-sports.io/football/teams/118.png,,1.0,1.0,1.0,0.0,1.0,1.0,,,,,,,
190498,,UTC,2014-05-21T22:30:00+00:00,1400711400,1400711400.0,1400715000.0,,"Estádio Major Antônio Couto Pereira (Curitiba, Paraná)",,Match Finished,FT,90.0,71,Serie A,Brazil,https://media.api-sports.io/football/leagues/71.png,https://media.api-sports.io/flags/br.svg,2014,Regular Season - 6,147,Coritiba,https://media.api-sports.io/football/teams/147.png,,119,Internacional,https://media.api-sports.io/football/teams/119.png,,1.0,1.0,0.0,1.0,1.0,1.0,,,,,,,
190499,,UTC,2014-05-22T00:00:00+00:00,1400716800,1400716800.0,1400720400.0,,"Estádio Governador Magalhães Pinto (Belo Horizonte, Minas Gerais)",,Match Finished,FT,90.0,71,Serie A,Brazil,https://media.api-sports.io/football/leagues/71.png,https://media.api-sports.io/flags/br.svg,2014,Regular Season - 6,135,Cruzeiro,https://media.api-sports.io/football/teams/135.png,True,123,Sport Recife,https://media.api-sports.io/football/teams/123.png,False,2.0,0.0,0.0,0.0,2.0,0.0,,,,,,,
190500,,UTC,2014-05-22T00:00:00+00:00,1400716800,1400716800.0,1400720400.0,,"Estádio Heriberto Hülse (Criciúma, Santa Catarina)",,Match Finished,FT,90.0,71,Serie A,Brazil,https://media.api-sports.io/football/leagues/71.png,https://media.api-sports.io/flags/br.svg,2014,Regular Season - 6,140,Criciuma,https://media.api-sports.io/football/teams/140.png,True,132,Chapecoense-sc,https://media.api-sports.io/football/teams/132.png,False,1.0,0.0,1.0,0.0,1.0,0.0,,,,,,,
190501,,UTC,2014-05-22T01:00:00+00:00,1400720400,1400720400.0,1400724000.0,,"Estadio Jornalista Mário Filho (Maracanã) (Rio de Janeiro, Rio de Janeiro)",,Match Finished,FT,90.0,71,Serie A,Brazil,https://media.api-sports.io/football/leagues/71.png,https://media.api-sports.io/flags/br.svg,2014,Regular Season - 6,124,Fluminense,https://media.api-sports.io/football/teams/124.png,True,126,Sao Paulo,https://media.api-sports.io/football/teams/126.png,False,5.0,2.0,1.0,2.0,5.0,2.0,,,,,,,
190503,,UTC,2014-05-22T01:00:00+00:00,1400720400,1400720400.0,1400724000.0,,"Estádio Alfredo Jaconi (Caxias do Sul, Rio Grande do Sul)",,Match Finished,FT,90.0,71,Serie A,Brazil,https://media.api-sports.io/football/leagues/71.png,https://media.api-sports.io/flags/br.svg,2014,Regular Season - 6,130,Gremio,https://media.api-sports.io/football/teams/130.png,True,120,Botafogo,https://media.api-sports.io/football/teams/120.png,False,2.0,1.0,1.0,1.0,2.0,1.0,,,,,,,
190502,,UTC,2014-05-22T01:00:00+00:00,1400720400,1400720400.0,1400724000.0,,"Estádio Dr. Oswaldo Teixeira Duarte (São Paulo, São Paulo)",,Match Finished,FT,90.0,71,Serie A,Brazil,https://media.api-sports.io/football/leagues/71.png,https://media.api-sports.io/flags/br.svg,2014,Regular Season - 6,131,Corinthians,https://media.api-sports.io/football/teams/131.png,,134,Atletico Paranaense,https://media.api-sports.io/football/teams/134.png,,1.0,1.0,0.0,0.0,1.0,1.0,,,,,,,
190504,,UTC,2014-05-22T22:30:00+00:00,1400797800,1400797800.0,1400801400.0,,"Estádio Municipal Dr. Adhemar de Barros (Araraquara, São Paulo)",,Match Finished,FT,90.0,71,Serie A,Brazil,https://media.api-sports.io/football/leagues/71.png,https://media.api-sports.io/flags/br.svg,2014,Regular Season - 6,121,Palmeiras,https://media.api-sports.io/football/teams/121.png,True,137,Figueirense,https://media.api-sports.io/football/teams/137.png,False,1.0,0.0,1.0,0.0,1.0,0.0,,,,,,,
190505,,UTC,2014-05-22T22:30:00+00:00,1400797800,1400797800.0,1400801400.0,,"Estádio do Governo do Estado de Goiás (Serra Dourada) (Goiânia, Goiás)",,Match Finished,FT,90.0,71,Serie A,Brazil,https://media.api-sports.io/football/leagues/71.png,https://media.api-sports.io/flags/br.svg,2014,Regular Season - 6,151,Goias,https://media.api-sports.io/football/teams/151.png,,128,Santos,https://media.api-sports.io/football/teams/128.png,,2.0,2.0,1.0,2.0,2.0,2.0,,,,,,,
190506,,UTC,2014-05-23T00:00:00+00:00,1400803200,1400803200.0,1400806800.0,,"Estádio Alberto Oliveira (Feira de Santana, Bahia)",,Match Finished,FT,90.0,71,Serie A,Brazil,https://media.api-sports.io/football/leagues/71.png,https://media.api-sports.io/flags/br.svg,2014,Regular Season - 6,136,Vitoria,https://media.api-sports.io/football/teams/136.png,False,1062,Atletico-MG,https://media.api-sports.io/football/teams/1062.png,True,2.0,3.0,0.0,2.0,2.0,3.0,,,,,,,
190507,,UTC,2014-05-24T21:30:00+00:00,1400967000,1400967000.0,1400970600.0,,"Arena Barueri (Barueri, São Paulo)",,Match Finished,FT,90.0,71,Serie A,Brazil,https://media.api-sports.io/football/leagues/71.png,https://media.api-sports.io/flags/br.svg,2014,Regular Season - 7,118,Bahia,https://media.api-sports.io/football/teams/118.png,False,124,Fluminense,https://media.api-sports.io/football/teams/124.png,True,0.0,1.0,0.0,1.0,0.0,1.0,,,,,,,
190508,,UTC,2014-05-25T00:00:00+00:00,1400976000,1400976000.0,1400979600.0,,"Estádio Cícero Pompeu de Toledo (Morumbi) (São Paulo, São Paulo)",,Match Finished,FT,90.0,71,Serie A,Brazil,https://media.api-sports.io/football/leagues/71.png,https://media.api-sports.io/flags/br.svg,2014,Regular Season - 7,126,Sao Paulo,https://media.api-sports.io/football/teams/126.png,True,130,Gremio,https://media.api-sports.io/football/teams/130.png,False,1.0,0.0,0.0,0.0,1.0,0.0,,,,,,,
190509,,UTC,2014-05-25T19:00:00+00:00,1401044400,1401044400.0,1401048000.0,,"Estádio Adelmar da Costa Carvalho (Recife, Pernambuco)",,Match Finished,FT,90.0,71,Serie A,Brazil,https://media.api-sports.io/football/leagues/71.png,https://media.api-sports.io/flags/br.svg,2014,Regular Season - 7,123,Sport Recife,https://media.api-sports.io/football/teams/123.png,False,131,Corinthians,https://media.api-sports.io/football/teams/131.png,True,1.0,4.0,1.0,2.0,1.0,4.0,,,,,,,
190510,,UTC,2014-05-25T19:00:00+00:00,1401044400,1401044400.0,1401048000.0,,"Estádio Cícero Pompeu de Toledo (Morumbi) (São Paulo, São Paulo)",,Match Finished,FT,90.0,71,Serie A,Brazil,https://media.api-sports.io/football/leagues/71.png,https://media.api-sports.io/flags/br.svg,2014,Regular Season - 7,128,Santos,https://media.api-sports.io/football/teams/128.png,,127,Flamengo,https://media.api-sports.io/football/teams/127.png,,0.0,0.0,0.0,0.0,0.0,0.0,,,,,,,
190511,,UTC,2014-05-25T19:00:00+00:00,1401044400,1401044400.0,1401048000.0,,"Estádio Regional Willie Davids (Maringá, Paraná)",,Match Finished,FT,90.0,71,Serie A,Brazil,https://media.api-sports.io/football/leagues/71.png,https://media.api-sports.io/flags/br.svg,2014,Regular Season - 7,134,Atletico Paranaense,https://media.api-sports.io/football/teams/134.png,True,147,Coritiba,https://media.api-sports.io/football/teams/147.png,False,2.0,0.0,0.0,0.0,2.0,0.0,,,,,,,
190512,,UTC,2014-05-25T19:00:00+00:00,1401044400,1401044400.0,1401048000.0,,"Estádio Orlando Scarpelli (Florianópolis, Santa Catarina)",,Match Finished,FT,90.0,71,Serie A,Brazil,https://media.api-sports.io/football/leagues/71.png,https://media.api-sports.io/flags/br.svg,2014,Regular Season - 7,137,Figueirense,https://media.api-sports.io/football/teams/137.png,False,151,Goias,https://media.api-sports.io/football/teams/151.png,True,0.0,1.0,0.0,1.0,0.0,1.0,,,,,,,
190515,,UTC,2014-05-25T21:30:00+00:00,1401053400,1401053400.0,1401057000.0,,"Estádio Francisco Stédile (Caxias do Sul, Rio Grande do Sul)",,Match Finished,FT,90.0,71,Serie A,Brazil,https://media.api-sports.io/football/leagues/71.png,https://media.api-sports.io/flags/br.svg,2014,Regular Season - 7,119,Internacional,https://media.api-sports.io/football/teams/119.png,False,135,Cruzeiro,https://media.api-sports.io/football/teams/135.png,True,1.0,3.0,1.0,1.0,1.0,3.0,,,,,,,
190513,,UTC,2014-05-25T21:30:00+00:00,1401053400,1401053400.0,1401057000.0,,"Estádio Claúdio Moacir de Azevedo (Macaé, Rio de Janeiro)",,Match Finished,FT,90.0,71,Serie A,Brazil,https://media.api-sports.io/football/leagues/71.png,https://media.api-sports.io/flags/br.svg,2014,Regular Season - 7,120,Botafogo,https://media.api-sports.io/football/teams/120.png,,136,Vitoria,https://media.api-sports.io/football/teams/136.png,,1.0,1.0,1.0,0.0,1.0,1.0,,,,,,,
190516,,UTC,2014-05-25T21:30:00+00:00,1401053400,1401053400.0,1401057000.0,,"Estádio Regional Índio Condá (Chapecó, Santa Catarina)",,Match Finished,FT,90.0,71,Serie A,Brazil,https://media.api-sports.io/football/leagues/71.png,https://media.api-sports.io/flags/br.svg,2014,Regular Season - 7,132,Chapecoense-sc,https://media.api-sports.io/football/teams/132.png,True,121,Palmeiras,https://media.api-sports.io/football/teams/121.png,False,2.0,0.0,1.0,0.0,2.0,0.0,,,,,,,
190514,,UTC,2014-05-25T21:30:00+00:00,1401053400,1401053400.0,1401057000.0,,"Estádio João Lamego Neto (Ipatinga, Minas Gerais)",,Match Finished,FT,90.0,71,Serie A,Brazil,https://media.api-sports.io/football/leagues/71.png,https://media.api-sports.io/flags/br.svg,2014,Regular Season - 7,1062,Atletico-MG,https://media.api-sports.io/football/teams/1062.png,,140,Criciuma,https://media.api-sports.io/football/teams/140.png,,0.0,0.0,0.0,0.0,0.0,0.0,,,,,,,
190518,,UTC,2014-05-28T22:30:00+00:00,1401316200,1401316200.0,1401319800.0,,"Estádio Paulo Constantino (Presidente Prudente, São Paulo)",,Match Finished,FT,90.0,71,Serie A,Brazil,https://media.api-sports.io/football/leagues/71.png,https://media.api-sports.io/flags/br.svg,2014,Regular Season - 8,121,Palmeiras,https://media.api-sports.io/football/teams/121.png,False,120,Botafogo,https://media.api-sports.io/football/teams/120.png,True,0.0,2.0,0.0,0.0,0.0,2.0,,,,,,,
190517,,UTC,2014-05-28T22:30:00+00:00,1401316200,1401316200.0,1401319800.0,,"Estádio Adelmar da Costa Carvalho (Recife, Pernambuco)",,Match Finished,FT,90.0,71,Serie A,Brazil,https://media.api-sports.io/football/leagues/71.png,https://media.api-sports.io/flags/br.svg,2014,Regular Season - 8,123,Sport Recife,https://media.api-sports.io/football/teams/123.png,,130,Gremio,https://media.api-sports.io/football/teams/130.png,,0.0,0.0,0.0,0.0,0.0,0.0,,,,,,,
190519,,UTC,2014-05-28T22:30:00+00:00,1401316200,1401316200.0,1401319800.0,,"Estádio Heriberto Hülse (Criciúma, Santa Catarina)",,Match Finished,FT,90.0,71,Serie A,Brazil,https://media.api-sports.io/football/leagues/71.png,https://media.api-sports.io/flags/br.svg,2014,Regular Season - 8,140,Criciuma,https://media.api-sports.io/football/teams/140.png,True,147,Coritiba,https://media.api-sports.io/football/teams/147.png,False,1.0,0.0,0.0,0.0,1.0,0.0,,,,,,,
190520,,UTC,2014-05-29T00:00:00+00:00,1401321600,1401321600.0,1401325200.0,,"Estádio Francisco Stédile (Caxias do Sul, Rio Grande do Sul)",,Match Finished,FT,90.0,71,Serie A,Brazil,https://media.api-sports.io/football/leagues/71.png,https://media.api-sports.io/flags/br.svg,2014,Regular Season - 8,119,Internacional,https://media.api-sports.io/football/teams/119.png,True,132,Chapecoense-sc,https://media.api-sports.io/football/teams/132.png,False,2.0,0.0,1.0,0.0,2.0,0.0,,,,,,,
190521,,UTC,2014-05-29T00:00:00+00:00,1401321600,1401321600.0,1401325200.0,,"Estádio do Governo do Estado de Goiás (Serra Dourada) (Goiânia, Goiás)",,Match Finished,FT,90.0,71,Serie A,Brazil,https://media.api-sports.io/football/leagues/71.png,https://media.api-sports.io/flags/br.svg,2014,Regular Season - 8,151,Goias,https://media.api-sports.io/football/teams/151.png,,136,Vitoria,https://media.api-sports.io/football/teams/136.png,,0.0,0.0,0.0,0.0,0.0,0.0,,,,,,,
190522,,UTC,2014-05-29T01:00:00+00:00,1401325200,1401325200.0,1401328800.0,,"Estádio Dr. Oswaldo Teixeira Duarte (São Paulo, São Paulo)",,Match Finished,FT,90.0,71,Serie A,Brazil,https://media.api-sports.io/football/leagues/71.png,https://media.api-sports.io/flags/br.svg,2014,Regular Season - 8,131,Corinthians,https://media.api-sports.io/football/teams/131.png,True,135,Cruzeiro,https://media.api-sports.io/football/teams/135.png,False,1.0,0.0,0.0,0.0,1.0,0.0,,,,,,,
190523,,UTC,2014-05-29T01:00:00+00:00,1401325200,1401325200.0,1401328800.0,,"Estádio Municipal João Havelange (Uberlândia, Minas Gerais)",,Match Finished,FT,90.0,71,Serie A,Brazil,https://media.api-sports.io/football/leagues/71.png,https://media.api-sports.io/flags/br.svg,2014,Regular Season - 8,134,Atletico Paranaense,https://media.api-sports.io/football/teams/134.png,,126,Sao Paulo,https://media.api-sports.io/football/teams/126.png,,2.0,2.0,1.0,0.0,2.0,2.0,,,,,,,
190524,,UTC,2014-05-29T01:00:00+00:00,1401325200,1401325200.0,1401328800.0,,"Estádio João Lamego Neto (Ipatinga, Minas Gerais)",,Match Finished,FT,90.0,71,Serie A,Brazil,https://media.api-sports.io/football/leagues/71.png,https://media.api-sports.io/flags/br.svg,2014,Regular Season - 8,1062,Atletico-MG,https://media.api-sports.io/football/teams/1062.png,True,124,Fluminense,https://media.api-sports.io/football/teams/124.png,False,2.0,0.0,0.0,0.0,2.0,0.0,,,,,,,
190525,,UTC,2014-05-29T22:30:00+00:00,1401402600,1401402600.0,1401406200.0,,"Estádio Cícero Pompeu de Toledo (Morumbi) (São Paulo, São Paulo)",,Match Finished,FT,90.0,71,Serie A,Brazil,https://media.api-sports.io/football/leagues/71.png,https://media.api-sports.io/flags/br.svg,2014,Regular Season - 8,127,Flamengo,https://media.api-sports.io/football/teams/127.png,,137,Figueirense,https://media.api-sports.io/football/teams/137.png,,1.0,1.0,1.0,1.0,1.0,1.0,,,,,,,
190526,,UTC,2014-05-30T00:00:00+00:00,1401408000,1401408000.0,1401411600.0,,"Estádio Alberto Oliveira (Feira de Santana, Bahia)",,Match Finished,FT,90.0,71,Serie A,Brazil,https://media.api-sports.io/football/leagues/71.png,https://media.api-sports.io/flags/br.svg,2014,Regular Season - 8,118,Bahia,https://media.api-sports.io/football/teams/118.png,False,128,Santos,https://media.api-sports.io/football/teams/128.png,True,0.0,2.0,0.0,0.0,0.0,2.0,,,,,,,
190527,,UTC,2014-05-31T21:30:00+00:00,1401571800,1401571800.0,1401575400.0,,"Estádio Cícero Pompeu de Toledo (Morumbi) (São Paulo, São Paulo)",,Match Finished,FT,90.0,71,Serie A,Brazil,https://media.api-sports.io/football/leagues/71.png,https://media.api-sports.io/flags/br.svg,2014,Regular Season - 9,126,Sao Paulo,https://media.api-sports.io/football/teams/126.png,True,1062,Atletico-MG,https://media.api-sports.io/football/teams/1062.png,False,2.0,1.0,1.0,0.0,2.0,1.0,,,,,,,
190528,,UTC,2014-05-31T21:30:00+00:00,1401571800,1401571800.0,1401575400.0,,"Estádio Durival de Brito e Silva (Curitiba, Paraná)",,Match Finished,FT,90.0,71,Serie A,Brazil,https://media.api-sports.io/football/leagues/71.png,https://media.api-sports.io/flags/br.svg,2014,Regular Season - 9,147,Coritiba,https://media.api-sports.io/football/teams/147.png,True,151,Goias,https://media.api-sports.io/football/teams/151.png,False,3.0,0.0,3.0,0.0,3.0,0.0,,,,,,,
190529,,UTC,2014-06-01T00:00:00+00:00,1401580800,1401580800.0,1401584400.0,,"Estádio Alberto Oliveira (Feira de Santana, Bahia)",,Match Finished,FT,90.0,71,Serie A,Brazil,https://media.api-sports.io/football/leagues/71.png,https://media.api-sports.io/flags/br.svg,2014,Regular Season - 9,136,Vitoria,https://media.api-sports.io/football/teams/136.png,False,123,Sport Recife,https://media.api-sports.io/football/teams/123.png,True,0.0,1.0,0.0,0.0,0.0,1.0,,,,,,,
190531,,UTC,2014-06-01T19:00:00+00:00,1401649200,1401649200.0,1401652800.0,,"Estádio Alfredo Jaconi (Caxias do Sul, Rio Grande do Sul)",,Match Finished,FT,90.0,71,Serie A,Brazil,https://media.api-sports.io/football/leagues/71.png,https://media.api-sports.io/flags/br.svg,2014,Regular Season - 9,130,Gremio,https://media.api-sports.io/football/teams/130.png,,121,Palmeiras,https://media.api-sports.io/football/teams/121.png,,0.0,0.0,0.0,0.0,0.0,0.0,,,,,,,
190717,,UTC,2014-06-01T19:00:00+00:00,1401649200,1401649200.0,1401652800.0,,"Arena Corinthians (São Paulo, São Paulo)",,Match Finished,FT,90.0,71,Serie A,Brazil,https://media.api-sports.io/football/leagues/71.png,https://media.api-sports.io/flags/br.svg,2014,Regular Season - 28,131,Corinthians,https://media.api-sports.io/football/teams/131.png,,120,Botafogo,https://media.api-sports.io/football/teams/120.png,,1.0,1.0,1.0,0.0,1.0,1.0,,,,,,,
190532,,UTC,2014-06-01T19:00:00+00:00,1401649200,1401649200.0,1401652800.0,,"Estádio Regional Índio Condá (Chapecó, Santa Catarina)",,Match Finished,FT,90.0,71,Serie A,Brazil,https://media.api-sports.io/football/leagues/71.png,https://media.api-sports.io/flags/br.svg,2014,Regular Season - 9,132,Chapecoense-sc,https://media.api-sports.io/football/teams/132.png,True,118,Bahia,https://media.api-sports.io/football/teams/118.png,False,2.0,1.0,0.0,0.0,2.0,1.0,,,,,,,
190530,,UTC,2014-06-01T19:00:00+00:00,1401649200,1401649200.0,1401652800.0,,"Estádio Municipal João Havelange (Uberlândia, Minas Gerais)",,Match Finished,FT,90.0,71,Serie A,Brazil,https://media.api-sports.io/football/leagues/71.png,https://media.api-sports.io/flags/br.svg,2014,Regular Season - 9,135,Cruzeiro,https://media.api-sports.io/football/teams/135.png,True,127,Flamengo,https://media.api-sports.io/football/teams/127.png,False,3.0,0.0,3.0,0.0,3.0,0.0,,,,,,,
190533,,UTC,2014-06-01T21:30:00+00:00,1401658200,1401658200.0,1401661800.0,,"Estádio Claúdio Moacir de Azevedo (Macaé, Rio de Janeiro)",,Match Finished,FT,90.0,71,Serie A,Brazil,https://media.api-sports.io/football/leagues/71.png,https://media.api-sports.io/flags/br.svg,2014,Regular Season - 9,124,Fluminense,https://media.api-sports.io/football/teams/124.png,,119,Internacional,https://media.api-sports.io/football/teams/119.png,,1.0,1.0,1.0,1.0,1.0,1.0,,,,,,,
190534,,UTC,2014-06-01T21:30:00+00:00,1401658200,1401658200.0,1401661800.0,,"Estádio Primeiro de Maio (São Bernardo do Campo, São Paulo)",,Match Finished,FT,90.0,71,Serie A,Brazil,https://media.api-sports.io/football/leagues/71.png,https://media.api-sports.io/flags/br.svg,2014,Regular Season - 9,128,Santos,https://media.api-sports.io/football/teams/128.png,True,140,Criciuma,https://media.api-sports.io/football/teams/140.png,False,2.0,0.0,2.0,0.0,2.0,0.0,,,,,,,
190535,,UTC,2014-06-01T21:30:00+00:00,1401658200,1401658200.0,1401661800.0,,"Estádio Orlando Scarpelli (Florianópolis, Santa Catarina)",,Match Finished,FT,90.0,71,Serie A,Brazil,https://media.api-sports.io/football/leagues/71.png,https://media.api-sports.io/flags/br.svg,2014,Regular Season - 9,137,Figueirense,https://media.api-sports.io/football/teams/137.png,False,134,Atletico Paranaense,https://media.api-sports.io/football/teams/134.png,True,1.0,3.0,0.0,1.0,1.0,3.0,,,,,,,
190496,,UTC,2014-06-05T00:00:00+00:00,1401926400,1401926400.0,1401930000.0,,"Estádio Adelmar da Costa Carvalho (Recife, Pernambuco)",,Match Finished,FT,90.0,71,Serie A,Brazil,https://media.api-sports.io/football/leagues/71.png,https://media.api-sports.io/flags/br.svg,2014,Regular Season - 5,123,Sport Recife,https://media.api-sports.io/football/teams/123.png,True,118,Bahia,https://media.api-sports.io/football/teams/118.png,False,1.0,0.0,0.0,0.0,1.0,0.0,,,,,,,
190537,,UTC,2014-07-16T22:30:00+00:00,1405549800,1405549800.0,1405553400.0,,"Estádio Adelmar da Costa Carvalho (Recife, Pernambuco)",,Match Finished,FT,90.0,71,Serie A,Brazil,https://media.api-sports.io/football/leagues/71.png,https://media.api-sports.io/flags/br.svg,2014,Regular Season - 10,123,Sport Recife,https://media.api-sports.io/football/teams/123.png,True,120,Botafogo,https://media.api-sports.io/football/teams/120.png,False,1.0,0.0,1.0,0.0,1.0,0.0,,,,,,,
190539,,UTC,2014-07-16T22:30:00+00:00,1405549800,1405549800.0,1405553400.0,,"Arena do Grêmio (Porto Alegre, Rio Grande do Sul)",,Match Finished,FT,90.0,71,Serie A,Brazil,https://media.api-sports.io/football/leagues/71.png,https://media.api-sports.io/flags/br.svg,2014,Regular Season - 10,130,Gremio,https://media.api-sports.io/football/teams/130.png,,151,Goias,https://media.api-sports.io/football/teams/151.png,,0.0,0.0,0.0,0.0,0.0,0.0,,,,,,,
190538,,UTC,2014-07-16T22:30:00+00:00,1405549800,1405549800.0,1405553400.0,,"Estádio Major Antônio Couto Pereira (Curitiba, Paraná)",,Match Finished,FT,90.0,71,Serie A,Brazil,https://media.api-sports.io/football/leagues/71.png,https://media.api-sports.io/flags/br.svg,2014,Regular Season - 10,147,Coritiba,https://media.api-sports.io/football/teams/147.png,False,137,Figueirense,https://media.api-sports.io/football/teams/137.png,True,0.0,2.0,0.0,1.0,0.0,2.0,,,,,,,
190541,,UTC,2014-07-17T01:00:00+00:00,1405558800,1405558800.0,1405562400.0,,"Itaipava Arena Fonte Nova (Salvador, Bahia)",,Match Finished,FT,90.0,71,Serie A,Brazil,https://media.api-sports.io/football/leagues/71.png,https://media.api-sports.io/flags/br.svg,2014,Regular Season - 10,118,Bahia,https://media.api-sports.io/football/teams/118.png,False,126,Sao Paulo,https://media.api-sports.io/football/teams/126.png,True,0.0,2.0,0.0,2.0,0.0,2.0,,,,,,,
190540,,UTC,2014-07-17T01:00:00+00:00,1405558800,1405558800.0,1405562400.0,,"Estádio Claúdio Moacir de Azevedo (Macaé, Rio de Janeiro)",,Match Finished,FT,90.0,71,Serie A,Brazil,https://media.api-sports.io/football/leagues/71.png,https://media.api-sports.io/flags/br.svg,2014,Regular Season - 10,127,Flamengo,https://media.api-sports.io/football/teams/127.png,False,134,Atletico Paranaense,https://media.api-sports.io/football/teams/134.png,True,1.0,2.0,1.0,1.0,1.0,2.0,,,,,,,
190542,,UTC,2014-07-17T01:00:00+00:00,1405558800,1405558800.0,1405562400.0,,"Estádio Heriberto Hülse (Criciúma, Santa Catarina)",,Match Finished,FT,90.0,71,Serie A,Brazil,https://media.api-sports.io/football/leagues/71.png,https://media.api-sports.io/flags/br.svg,2014,Regular Season - 10,140,Criciuma,https://media.api-sports.io/football/teams/140.png,True,124,Fluminense,https://media.api-sports.io/football/teams/124.png,False,3.0,2.0,1.0,0.0,3.0,2.0,,,,,,,
190544,,UTC,2014-07-17T22:30:00+00:00,1405636200,1405636200.0,1405639800.0,,"Estádio Urbano Caldeira (Santos, São Paulo)",,Match Finished,FT,90.0,71,Serie A,Brazil,https://media.api-sports.io/football/leagues/71.png,https://media.api-sports.io/flags/br.svg,2014,Regular Season - 10,128,Santos,https://media.api-sports.io/football/teams/128.png,True,121,Palmeiras,https://media.api-sports.io/football/teams/121.png,False,2.0,0.0,1.0,0.0,2.0,0.0,,,,,,,
190543,,UTC,2014-07-17T22:30:00+00:00,1405636200,1405636200.0,1405639800.0,,"Arena Corinthians (São Paulo, São Paulo)",,Match Finished,FT,90.0,71,Serie A,Brazil,https://media.api-sports.io/football/leagues/71.png,https://media.api-sports.io/flags/br.svg,2014,Regular Season - 10,131,Corinthians,https://media.api-sports.io/football/teams/131.png,True,119,Internacional,https://media.api-sports.io/football/teams/119.png,False,2.0,1.0,2.0,0.0,2.0,1.0,,,,,,,
190545,,UTC,2014-07-18T00:00:00+00:00,1405641600,1405641600.0,1405645200.0,,"Estádio Governador Magalhães Pinto (Belo Horizonte, Minas Gerais)",,Match Finished,FT,90.0,71,Serie A,Brazil,https://media.api-sports.io/football/leagues/71.png,https://media.api-sports.io/flags/br.svg,2014,Regular Season - 10,135,Cruzeiro,https://media.api-sports.io/football/teams/135.png,True,136,Vitoria,https://media.api-sports.io/football/teams/136.png,False,3.0,1.0,0.0,0.0,3.0,1.0,,,,,,,
190547,,UTC,2014-07-19T21:30:00+00:00,1405805400,1405805400.0,1405809000.0,,"Estádio Cícero Pompeu de Toledo (Morumbi) (São Paulo, São Paulo)",,Match Finished,FT,90.0,71,Serie A,Brazil,https://media.api-sports.io/football/leagues/71.png,https://media.api-sports.io/flags/br.svg,2014,Regular Season - 11,126,Sao Paulo,https://media.api-sports.io/football/teams/126.png,False,132,Chapecoense-sc,https://media.api-sports.io/football/teams/132.png,True,0.0,1.0,0.0,0.0,0.0,1.0,,,,,,,
190549,,UTC,2014-07-19T21:30:00+00:00,1405805400,1405805400.0,1405809000.0,,"Estádio Orlando Scarpelli (Florianópolis, Santa Catarina)",,Match Finished,FT,90.0,71,Serie A,Brazil,https://media.api-sports.io/football/leagues/71.png,https://media.api-sports.io/flags/br.svg,2014,Regular Season - 11,137,Figueirense,https://media.api-sports.io/football/teams/137.png,False,130,Gremio,https://media.api-sports.io/football/teams/130.png,True,0.0,1.0,0.0,1.0,0.0,1.0,,,,,,,
190548,,UTC,2014-07-19T21:30:00+00:00,1405805400,1405805400.0,1405809000.0,,"Estádio Raimundo Sampaio (Belo Horizonte, Minas Gerais)",,Match Finished,FT,90.0,71,Serie A,Brazil,https://media.api-sports.io/football/leagues/71.png,https://media.api-sports.io/flags/br.svg,2014,Regular Season - 11,1062,Atletico-MG,https://media.api-sports.io/football/teams/1062.png,,118,Bahia,https://media.api-sports.io/football/teams/118.png,,1.0,1.0,0.0,1.0,1.0,1.0,,,,,,,
190550,,UTC,2014-07-20T00:00:00+00:00,1405814400,1405814400.0,1405818000.0,,"Estádio General Sílvio Raulino de Oliveira (Volta Redonda, Rio de Janeiro)",,Match Finished,FT,90.0,71,Serie A,Brazil,https://media.api-sports.io/football/leagues/71.png,https://media.api-sports.io/flags/br.svg,2014,Regular Season - 11,120,Botafogo,https://media.api-sports.io/football/teams/120.png,True,147,Coritiba,https://media.api-sports.io/football/teams/147.png,False,1.0,0.0,1.0,0.0,1.0,0.0,,,,,,,
190553,,UTC,2014-07-20T19:00:00+00:00,1405882800,1405882800.0,1405886400.0,,"Estádio José Pinheiro Borba (Beira-Rio) (Porto Alegre, Rio Grande do Sul)",,Match Finished,FT,90.0,71,Serie A,Brazil,https://media.api-sports.io/football/leagues/71.png,https://media.api-sports.io/flags/br.svg,2014,Regular Season - 11,119,Internacional,https://media.api-sports.io/football/teams/119.png,True,127,Flamengo,https://media.api-sports.io/football/teams/127.png,False,4.0,0.0,2.0,0.0,4.0,0.0,,,,,,,
190551,,UTC,2014-07-20T19:00:00+00:00,1405882800,1405882800.0,1405886400.0,,"Estádio Municipal Paulo Machado de Carvalho (São Paulo, São Paulo)",,Match Finished,FT,90.0,71,Serie A,Brazil,https://media.api-sports.io/football/leagues/71.png,https://media.api-sports.io/flags/br.svg,2014,Regular Season - 11,121,Palmeiras,https://media.api-sports.io/football/teams/121.png,False,135,Cruzeiro,https://media.api-sports.io/football/teams/135.png,True,1.0,2.0,0.0,2.0,1.0,2.0,,,,,,,
190552,,UTC,2014-07-20T19:00:00+00:00,1405882800,1405882800.0,1405886400.0,,"Estádio Manoel Barradas (Salvador, Bahia)",,Match Finished,FT,90.0,71,Serie A,Brazil,https://media.api-sports.io/football/leagues/71.png,https://media.api-sports.io/flags/br.svg,2014,Regular Season - 11,136,Vitoria,https://media.api-sports.io/football/teams/136.png,,131,Corinthians,https://media.api-sports.io/football/teams/131.png,,0.0,0.0,0.0,0.0,0.0,0.0,,,,,,,
190554,,UTC,2014-07-20T21:30:00+00:00,1405891800,1405891800.0,1405895400.0,,"Estádio General Sílvio Raulino de Oliveira (Volta Redonda, Rio de Janeiro)",,Match Finished,FT,90.0,71,Serie A,Brazil,https://media.api-sports.io/football/leagues/71.png,https://media.api-sports.io/flags/br.svg,2014,Regular Season - 11,124,Fluminense,https://media.api-sports.io/football/teams/124.png,True,128,Santos,https://media.api-sports.io/football/teams/128.png,False,1.0,0.0,0.0,0.0,1.0,0.0,,,,,,,
190555,,UTC,2014-07-20T21:30:00+00:00,1405891800,1405891800.0,1405895400.0,,"Estádio Joaquim Américo Guimarães (Curitiba, Paraná)",,Match Finished,FT,90.0,71,Serie A,Brazil,https://media.api-sports.io/football/leagues/71.png,https://media.api-sports.io/flags/br.svg,2014,Regular Season - 11,134,Atletico Paranaense,https://media.api-sports.io/football/teams/134.png,True,140,Criciuma,https://media.api-sports.io/football/teams/140.png,False,2.0,0.0,0.0,0.0,2.0,0.0,,,,,,,
190556,,UTC,2014-07-20T21:30:00+00:00,1405891800,1405891800.0,1405895400.0,,"Estádio do Governo do Estado de Goiás (Serra Dourada) (Goiânia, Goiás)",,Match Finished,FT,90.0,71,Serie A,Brazil,https://media.api-sports.io/football/leagues/71.png,https://media.api-sports.io/flags/br.svg,2014,Regular Season - 11,151,Goias,https://media.api-sports.io/football/teams/151.png,,123,Sport Recife,https://media.api-sports.io/football/teams/123.png,,0.0,0.0,0.0,0.0,0.0,0.0,,,,,,,
190557,,UTC,2014-07-26T21:30:00+00:00,1406410200,1406410200.0,1406413800.0,,"Estádio Urbano Caldeira (Santos, São Paulo)",,Match Finished,FT,90.0,71,Serie A,Brazil,https://media.api-sports.io/football/leagues/71.png,https://media.api-sports.io/flags/br.svg,2014,Regular Season - 12,128,Santos,https://media.api-sports.io/football/teams/128.png,True,132,Chapecoense-sc,https://media.api-sports.io/football/teams/132.png,False,3.0,0.0,1.0,0.0,3.0,0.0,,,,,,,
190558,,UTC,2014-07-26T21:30:00+00:00,1406410200,1406410200.0,1406413800.0,,"Estádio Governador Magalhães Pinto (Belo Horizonte, Minas Gerais)",,Match Finished,FT,90.0,71,Serie A,Brazil,https://media.api-sports.io/football/leagues/71.png,https://media.api-sports.io/flags/br.svg,2014,Regular Season - 12,135,Cruzeiro,https://media.api-sports.io/football/teams/135.png,True,137,Figueirense,https://media.api-sports.io/football/teams/137.png,False,5.0,0.0,1.0,0.0,5.0,0.0,,,,,,,
190559,,UTC,2014-07-26T21:30:00+00:00,1406410200,1406410200.0,1406413800.0,,"Estádio Heriberto Hülse (Criciúma, Santa Catarina)",,Match Finished,FT,90.0,71,Serie A,Brazil,https://media.api-sports.io/football/leagues/71.png,https://media.api-sports.io/flags/br.svg,2014,Regular Season - 12,140,Criciuma,https://media.api-sports.io/football/teams/140.png,False,136,Vitoria,https://media.api-sports.io/football/teams/136.png,True,1.0,3.0,0.0,1.0,1.0,3.0,,,,,,,
190560,,UTC,2014-07-27T00:00:00+00:00,1406419200,1406419200.0,1406422800.0,,"Itaipava Arena Fonte Nova (Salvador, Bahia)",,Match Finished,FT,90.0,71,Serie A,Brazil,https://media.api-sports.io/football/leagues/71.png,https://media.api-sports.io/flags/br.svg,2014,Regular Season - 12,118,Bahia,https://media.api-sports.io/football/teams/118.png,False,119,Internacional,https://media.api-sports.io/football/teams/119.png,True,0.0,1.0,0.0,0.0,0.0,1.0,,,,,,,
190561,,UTC,2014-07-27T19:00:00+00:00,1406487600,1406487600.0,1406491200.0,,"Estádio Adelmar da Costa Carvalho (Recife, Pernambuco)",,Match Finished,FT,90.0,71,Serie A,Brazil,https://media.api-sports.io/football/leagues/71.png,https://media.api-sports.io/flags/br.svg,2014,Regular Season - 12,123,Sport Recife,https://media.api-sports.io/football/teams/123.png,True,1062,Atletico-MG,https://media.api-sports.io/football/teams/1062.png,False,2.0,1.0,0.0,0.0,2.0,1.0,,,,,,,
190562,,UTC,2014-07-27T19:00:00+00:00,1406487600,1406487600.0,1406491200.0,,"Arena Corinthians (São Paulo, São Paulo)",,Match Finished,FT,90.0,71,Serie A,Brazil,https://media.api-sports.io/football/leagues/71.png,https://media.api-sports.io/flags/br.svg,2014,Regular Season - 12,131,Corinthians,https://media.api-sports.io/football/teams/131.png,True,121,Palmeiras,https://media.api-sports.io/football/teams/121.png,False,2.0,0.0,0.0,0.0,2.0,0.0,,,,,,,
190563,,UTC,2014-07-27T19:00:00+00:00,1406487600,1406487600.0,1406491200.0,,"Estádio Joaquim Américo Guimarães (Curitiba, Paraná)",,Match Finished,FT,90.0,71,Serie A,Brazil,https://media.api-sports.io/football/leagues/71.png,https://media.api-sports.io/flags/br.svg,2014,Regular Season - 12,134,Atletico Paranaense,https://media.api-sports.io/football/teams/134.png,False,124,Fluminense,https://media.api-sports.io/football/teams/124.png,True,0.0,3.0,0.0,2.0,0.0,3.0,,,,,,,
190564,,UTC,2014-07-27T19:00:00+00:00,1406487600,1406487600.0,1406491200.0,,"Estádio do Governo do Estado de Goiás (Serra Dourada) (Goiânia, Goiás)",,Match Finished,FT,90.0,71,Serie A,Brazil,https://media.api-sports.io/football/leagues/71.png,https://media.api-sports.io/flags/br.svg,2014,Regular Season - 12,151,Goias,https://media.api-sports.io/football/teams/151.png,True,126,Sao Paulo,https://media.api-sports.io/football/teams/126.png,False,2.0,1.0,1.0,0.0,2.0,1.0,,,,,,,
190565,,UTC,2014-07-27T21:30:00+00:00,1406496600,1406496600.0,1406500200.0,,"Estadio Jornalista Mário Filho (Maracanã) (Rio de Janeiro, Rio de Janeiro)",,Match Finished,FT,90.0,71,Serie A,Brazil,https://media.api-sports.io/football/leagues/71.png,https://media.api-sports.io/flags/br.svg,2014,Regular Season - 12,127,Flamengo,https://media.api-sports.io/football/teams/127.png,True,120,Botafogo,https://media.api-sports.io/football/teams/120.png,False,1.0,0.0,1.0,0.0,1.0,0.0,,,,,,,
190566,,UTC,2014-07-27T21:30:00+00:00,1406496600,1406496600.0,1406500200.0,,"Arena do Grêmio (Porto Alegre, Rio Grande do Sul)",,Match Finished,FT,90.0,71,Serie A,Brazil,https://media.api-sports.io/football/leagues/71.png,https://media.api-sports.io/flags/br.svg,2014,Regular Season - 12,130,Gremio,https://media.api-sports.io/football/teams/130.png,False,147,Coritiba,https://media.api-sports.io/football/teams/147.png,True,2.0,3.0,0.0,0.0,2.0,3.0,,,,,,,
190567,,UTC,2014-08-02T21:30:00+00:00,1407015000,1407015000.0,1407018600.0,,"Estadio Jornalista Mário Filho (Maracanã) (Rio de Janeiro, Rio de Janeiro)",,Match Finished,FT,90.0,71,Serie A,Brazil,https://media.api-sports.io/football/leagues/71.png,https://media.api-sports.io/flags/br.svg,2014,Regular Season - 13,120,Botafogo,https://media.api-sports.io/football/teams/120.png,,135,Cruzeiro,https://media.api-sports.io/football/teams/135.png,,1.0,1.0,1.0,0.0,1.0,1.0,,,,,,,
190568,,UTC,2014-08-02T21:30:00+00:00,1407015000,1407015000.0,1407018600.0,,"Estádio Cícero Pompeu de Toledo (Morumbi) (São Paulo, São Paulo)",,Match Finished,FT,90.0,71,Serie A,Brazil,https://media.api-sports.io/football/leagues/71.png,https://media.api-sports.io/flags/br.svg,2014,Regular Season - 13,126,Sao Paulo,https://media.api-sports.io/football/teams/126.png,,140,Criciuma,https://media.api-sports.io/football/teams/140.png,,1.0,1.0,0.0,0.0,1.0,1.0,,,,,,,
190569,,UTC,2014-08-03T00:00:00+00:00,1407024000,1407024000.0,1407027600.0,,"Estádio Manoel Barradas (Salvador, Bahia)",,Match Finished,FT,90.0,71,Serie A,Brazil,https://media.api-sports.io/football/leagues/71.png,https://media.api-sports.io/flags/br.svg,2014,Regular Season - 13,136,Vitoria,https://media.api-sports.io/football/teams/136.png,True,130,Gremio,https://media.api-sports.io/football/teams/130.png,False,2.0,1.0,0.0,1.0,2.0,1.0,,,,,,,
190570,,UTC,2014-08-03T19:00:00+00:00,1407092400,1407092400.0,1407096000.0,,"Estádio Municipal Paulo Machado de Carvalho (São Paulo, São Paulo)",,Match Finished,FT,90.0,71,Serie A,Brazil,https://media.api-sports.io/football/leagues/71.png,https://media.api-sports.io/flags/br.svg,2014,Regular Season - 13,121,Palmeiras,https://media.api-sports.io/football/teams/121.png,,118,Bahia,https://media.api-sports.io/football/teams/118.png,,1.0,1.0,0.0,0.0,1.0,1.0,,,,,,,
190573,,UTC,2014-08-03T19:00:00+00:00,1407092400,1407092400.0,1407096000.0,,"Arena Condá (Chapecó, Santa Catarina)",,Match Finished,FT,90.0,71,Serie A,Brazil,https://media.api-sports.io/football/leagues/71.png,https://media.api-sports.io/flags/br.svg,2014,Regular Season - 13,132,Chapecoense-sc,https://media.api-sports.io/football/teams/132.png,True,127,Flamengo,https://media.api-sports.io/football/teams/127.png,False,1.0,0.0,1.0,0.0,1.0,0.0,,,,,,,
190572,,UTC,2014-08-03T19:00:00+00:00,1407092400,1407092400.0,1407096000.0,,"Estádio Orlando Scarpelli (Florianópolis, Santa Catarina)",,Match Finished,FT,90.0,71,Serie A,Brazil,https://media.api-sports.io/football/leagues/71.png,https://media.api-sports.io/flags/br.svg,2014,Regular Season - 13,137,Figueirense,https://media.api-sports.io/football/teams/137.png,True,123,Sport Recife,https://media.api-sports.io/football/teams/123.png,False,3.0,0.0,1.0,0.0,3.0,0.0,,,,,,,
190571,,UTC,2014-08-03T19:00:00+00:00,1407092400,1407092400.0,1407096000.0,,"Estádio Major Antônio Couto Pereira (Curitiba, Paraná)",,Match Finished,FT,90.0,71,Serie A,Brazil,https://media.api-sports.io/football/leagues/71.png,https://media.api-sports.io/flags/br.svg,2014,Regular Season - 13,147,Coritiba,https://media.api-sports.io/football/teams/147.png,,131,Corinthians,https://media.api-sports.io/football/teams/131.png,,0.0,0.0,0.0,0.0,0.0,0.0,,,,,,,
190576,,UTC,2014-08-03T21:30:00+00:00,1407101400,1407101400.0,1407105000.0,,"Estádio José Pinheiro Borba (Beira-Rio) (Porto Alegre, Rio Grande do Sul)",,Match Finished,FT,90.0,71,Serie A,Brazil,https://media.api-sports.io/football/leagues/71.png,https://media.api-sports.io/flags/br.svg,2014,Regular Season - 13,119,Internacional,https://media.api-sports.io/football/teams/119.png,True,128,Santos,https://media.api-sports.io/football/teams/128.png,False,1.0,0.0,0.0,0.0,1.0,0.0,,,,,,,
190574,,UTC,2014-08-03T21:30:00+00:00,1407101400,1407101400.0,1407105000.0,,"Estadio Jornalista Mário Filho (Maracanã) (Rio de Janeiro, Rio de Janeiro)",,Match Finished,FT,90.0,71,Serie A,Brazil,https://media.api-sports.io/football/leagues/71.png,https://media.api-sports.io/flags/br.svg,2014,Regular Season - 13,124,Fluminense,https://media.api-sports.io/football/teams/124.png,True,151,Goias,https://media.api-sports.io/football/teams/151.png,False,2.0,0.0,2.0,0.0,2.0,0.0,,,,,,,
190575,,UTC,2014-08-03T21:30:00+00:00,1407101400,1407101400.0,1407105000.0,,"Estádio Raimundo Sampaio (Belo Horizonte, Minas Gerais)",,Match Finished,FT,90.0,71,Serie A,Brazil,https://media.api-sports.io/football/leagues/71.png,https://media.api-sports.io/flags/br.svg,2014,Regular Season - 13,1062,Atletico-MG,https://media.api-sports.io/football/teams/1062.png,True,134,Atletico Paranaense,https://media.api-sports.io/football/teams/134.png,False,3.0,1.0,1.0,0.0,3.0,1.0,,,,,,,
190546,,UTC,2014-08-07T00:00:00+00:00,1407369600,1407369600.0,1407373200.0,,"Arena Condá (Chapecó, Santa Catarina)",,Match Finished,FT,90.0,71,Serie A,Brazil,https://media.api-sports.io/football/leagues/71.png,https://media.api-sports.io/flags/br.svg,2014,Regular Season - 10,132,Chapecoense-sc,https://media.api-sports.io/football/teams/132.png,,1062,Atletico-MG,https://media.api-sports.io/football/teams/1062.png,,1.0,1.0,1.0,0.0,1.0,1.0,,,,,,,
190577,,UTC,2014-08-09T21:30:00+00:00,1407619800,1407619800.0,1407623400.0,,"Itaipava Arena Fonte Nova (Salvador, Bahia)",,Match Finished,FT,90.0,71,Serie A,Brazil,https://media.api-sports.io/football/leagues/71.png,https://media.api-sports.io/flags/br.svg,2014,Regular Season - 14,118,Bahia,https://media.api-sports.io/football/teams/118.png,True,151,Goias,https://media.api-sports.io/football/teams/151.png,False,1.0,0.0,1.0,0.0,1.0,0.0,,,,,,,
190578,,UTC,2014-08-09T21:30:00+00:00,1407619800,1407619800.0,1407623400.0,,"Estádio Heriberto Hülse (Criciúma, Santa Catarina)",,Match Finished,FT,90.0,71,Serie A,Brazil,https://media.api-sports.io/football/leagues/71.png,https://media.api-sports.io/flags/br.svg,2014,Regular Season - 14,140,Criciuma,https://media.api-sports.io/football/teams/140.png,,135,Cruzeiro,https://media.api-sports.io/football/teams/135.png,,0.0,0.0,0.0,0.0,0.0,0.0,,,,,,,
190579,,UTC,2014-08-10T00:00:00+00:00,1407628800,1407628800.0,1407632400.0,,"Estadio Jornalista Mário Filho (Maracanã) (Rio de Janeiro, Rio de Janeiro)",,Match Finished,FT,90.0,71,Serie A,Brazil,https://media.api-sports.io/football/leagues/71.png,https://media.api-sports.io/flags/br.svg,2014,Regular Season - 14,124,Fluminense,https://media.api-sports.io/football/teams/124.png,,147,Coritiba,https://media.api-sports.io/football/teams/147.png,,1.0,1.0,1.0,0.0,1.0,1.0,,,,,,,
190583,,UTC,2014-08-10T19:00:00+00:00,1407697200,1407697200.0,1407700800.0,,"Estádio José Pinheiro Borba (Beira-Rio) (Porto Alegre, Rio Grande do Sul)",,Match Finished,FT,90.0,71,Serie A,Brazil,https://media.api-sports.io/football/leagues/71.png,https://media.api-sports.io/flags/br.svg,2014,Regular Season - 14,119,Internacional,https://media.api-sports.io/football/teams/119.png,True,130,Gremio,https://media.api-sports.io/football/teams/130.png,False,2.0,0.0,0.0,0.0,2.0,0.0,,,,,,,
190580,,UTC,2014-08-10T19:00:00+00:00,1407697200,1407697200.0,1407700800.0,,"Estadio Jornalista Mário Filho (Maracanã) (Rio de Janeiro, Rio de Janeiro)",,Match Finished,FT,90.0,71,Serie A,Brazil,https://media.api-sports.io/football/leagues/71.png,https://media.api-sports.io/flags/br.svg,2014,Regular Season - 14,127,Flamengo,https://media.api-sports.io/football/teams/127.png,True,123,Sport Recife,https://media.api-sports.io/football/teams/123.png,False,1.0,0.0,0.0,0.0,1.0,0.0,,,,,,,
190581,,UTC,2014-08-10T19:00:00+00:00,1407697200,1407697200.0,1407700800.0,,"Estádio Urbano Caldeira (Santos, São Paulo)",,Match Finished,FT,90.0,71,Serie A,Brazil,https://media.api-sports.io/football/leagues/71.png,https://media.api-sports.io/flags/br.svg,2014,Regular Season - 14,128,Santos,https://media.api-sports.io/football/teams/128.png,False,131,Corinthians,https://media.api-sports.io/football/teams/131.png,True,0.0,1.0,0.0,0.0,0.0,1.0,,,,,,,
190582,,UTC,2014-08-10T19:00:00+00:00,1407697200,1407697200.0,1407700800.0,,"Estádio Joaquim Américo Guimarães (Curitiba, Paraná)",,Match Finished,FT,90.0,71,Serie A,Brazil,https://media.api-sports.io/football/leagues/71.png,https://media.api-sports.io/flags/br.svg,2014,Regular Season - 14,134,Atletico Paranaense,https://media.api-sports.io/football/teams/134.png,True,120,Botafogo,https://media.api-sports.io/football/teams/120.png,False,2.0,0.0,1.0,0.0,2.0,0.0,,,,,,,
190584,,UTC,2014-08-10T21:30:00+00:00,1407706200,1407706200.0,1407709800.0,,"Estádio Cícero Pompeu de Toledo (Morumbi) (São Paulo, São Paulo)",,Match Finished,FT,90.0,71,Serie A,Brazil,https://media.api-sports.io/football/leagues/71.png,https://media.api-sports.io/flags/br.svg,2014,Regular Season - 14,126,Sao Paulo,https://media.api-sports.io/football/teams/126.png,True,136,Vitoria,https://media.api-sports.io/football/teams/136.png,False,3.0,1.0,3.0,1.0,3.0,1.0,,,,,,,
190586,,UTC,2014-08-10T21:30:00+00:00,1407706200,1407706200.0,1407709800.0,,"Arena Condá (Chapecó, Santa Catarina)",,Match Finished,FT,90.0,71,Serie A,Brazil,https://media.api-sports.io/football/leagues/71.png,https://media.api-sports.io/flags/br.svg,2014,Regular Season - 14,132,Chapecoense-sc,https://media.api-sports.io/football/teams/132.png,False,137,Figueirense,https://media.api-sports.io/football/teams/137.png,True,0.0,1.0,0.0,0.0,0.0,1.0,,,,,,,
190585,,UTC,2014-08-10T21:30:00+00:00,1407706200,1407706200.0,1407709800.0,,"Estádio Raimundo Sampaio (Belo Horizonte, Minas Gerais)",,Match Finished,FT,90.0,71,Serie A,Brazil,https://media.api-sports.io/football/leagues/71.png,https://media.api-sports.io/flags/br.svg,2014,Regular Season - 14,1062,Atletico-MG,https://media.api-sports.io/football/teams/1062.png,True,121,Palmeiras,https://media.api-sports.io/football/teams/121.png,False,2.0,1.0,1.0,0.0,2.0,1.0,,,,,,,
190587,,UTC,2014-08-16T21:30:00+00:00,1408224600,1408224600.0,1408228200.0,,"Estádio do Governo do Estado de Goiás (Serra Dourada) (Goiânia, Goiás)",,Match Finished,FT,90.0,71,Serie A,Brazil,https://media.api-sports.io/football/leagues/71.png,https://media.api-sports.io/flags/br.svg,2014,Regular Season - 15,151,Goias,https://media.api-sports.io/football/teams/151.png,False,119,Internacional,https://media.api-sports.io/football/teams/119.png,True,0.0,1.0,0.0,0.0,0.0,1.0,,,,,,,
190588,,UTC,2014-08-17T00:00:00+00:00,1408233600,1408233600.0,1408237200.0,,"Arena Corinthians (São Paulo, São Paulo)",,Match Finished,FT,90.0,71,Serie A,Brazil,https://media.api-sports.io/football/leagues/71.png,https://media.api-sports.io/flags/br.svg,2014,Regular Season - 15,131,Corinthians,https://media.api-sports.io/football/teams/131.png,,118,Bahia,https://media.api-sports.io/football/teams/118.png,,1.0,1.0,1.0,1.0,1.0,1.0,,,,,,,
190589,,UTC,2014-08-17T19:00:00+00:00,1408302000,1408302000.0,1408305600.0,,"Estádio Municipal Paulo Machado de Carvalho (São Paulo, São Paulo)",,Match Finished,FT,90.0,71,Serie A,Brazil,https://media.api-sports.io/football/leagues/71.png,https://media.api-sports.io/flags/br.svg,2014,Regular Season - 15,121,Palmeiras,https://media.api-sports.io/football/teams/121.png,False,126,Sao Paulo,https://media.api-sports.io/football/teams/126.png,True,1.0,2.0,0.0,0.0,1.0,2.0,,,,,,,
190593,,UTC,2014-08-17T19:00:00+00:00,1408302000,1408302000.0,1408305600.0,,"Arena do Grêmio (Porto Alegre, Rio Grande do Sul)",,Match Finished,FT,90.0,71,Serie A,Brazil,https://media.api-sports.io/football/leagues/71.png,https://media.api-sports.io/flags/br.svg,2014,Regular Season - 15,130,Gremio,https://media.api-sports.io/football/teams/130.png,True,140,Criciuma,https://media.api-sports.io/football/teams/140.png,False,2.0,0.0,1.0,0.0,2.0,0.0,,,,,,,
190591,,UTC,2014-08-17T19:00:00+00:00,1408302000,1408302000.0,1408305600.0,,"Estádio Governador Magalhães Pinto (Belo Horizonte, Minas Gerais)",,Match Finished,FT,90.0,71,Serie A,Brazil,https://media.api-sports.io/football/leagues/71.png,https://media.api-sports.io/flags/br.svg,2014,Regular Season - 15,135,Cruzeiro,https://media.api-sports.io/football/teams/135.png,True,128,Santos,https://media.api-sports.io/football/teams/128.png,False,3.0,0.0,1.0,0.0,3.0,0.0,,,,,,,
190592,,UTC,2014-08-17T19:00:00+00:00,1408302000,1408302000.0,1408305600.0,,"Estádio Manoel Barradas (Salvador, Bahia)",,Match Finished,FT,90.0,71,Serie A,Brazil,https://media.api-sports.io/football/leagues/71.png,https://media.api-sports.io/flags/br.svg,2014,Regular Season - 15,136,Vitoria,https://media.api-sports.io/football/teams/136.png,,132,Chapecoense-sc,https://media.api-sports.io/football/teams/132.png,,0.0,0.0,0.0,0.0,0.0,0.0,,,,,,,
190590,,UTC,2014-08-17T19:00:00+00:00,1408302000,1408302000.0,1408305600.0,,"Estádio Major Antônio Couto Pereira (Curitiba, Paraná)",,Match Finished,FT,90.0,71,Serie A,Brazil,https://media.api-sports.io/football/leagues/71.png,https://media.api-sports.io/flags/br.svg,2014,Regular Season - 15,147,Coritiba,https://media.api-sports.io/football/teams/147.png,False,127,Flamengo,https://media.api-sports.io/football/teams/127.png,True,0.0,1.0,0.0,1.0,0.0,1.0,,,,,,,
190594,,UTC,2014-08-17T21:30:00+00:00,1408311000,1408311000.0,1408314600.0,,"Estádio Nacional de Brasília (Brasília, Distrito Federal)",,Match Finished,FT,90.0,71,Serie A,Brazil,https://media.api-sports.io/football/leagues/71.png,https://media.api-sports.io/flags/br.svg,2014,Regular Season - 15,120,Botafogo,https://media.api-sports.io/football/teams/120.png,True,124,Fluminense,https://media.api-sports.io/football/teams/124.png,False,2.0,0.0,0.0,0.0,2.0,0.0,,,,,,,
190595,,UTC,2014-08-17T21:30:00+00:00,1408311000,1408311000.0,1408314600.0,,"Estádio Adelmar da Costa Carvalho (Recife, Pernambuco)",,Match Finished,FT,90.0,71,Serie A,Brazil,https://media.api-sports.io/football/leagues/71.png,https://media.api-sports.io/flags/br.svg,2014,Regular Season - 15,123,Sport Recife,https://media.api-sports.io/football/teams/123.png,,134,Atletico Paranaense,https://media.api-sports.io/football/teams/134.png,,1.0,1.0,1.0,1.0,1.0,1.0,,,,,,,
190596,,UTC,2014-08-17T21:30:00+00:00,1408311000,1408311000.0,1408314600.0,,"Estádio Orlando Scarpelli (Florianópolis, Santa Catarina)",,Match Finished,FT,90.0,71,Serie A,Brazil,https://media.api-sports.io/football/leagues/71.png,https://media.api-sports.io/flags/br.svg,2014,Regular Season - 15,137,Figueirense,https://media.api-sports.io/football/teams/137.png,,1062,Atletico-MG,https://media.api-sports.io/football/teams/1062.png,,2.0,2.0,1.0,1.0,2.0,2.0,,,,,,,
190597,,UTC,2014-08-20T22:30:00+00:00,1408573800,1408573800.0,1408577400.0,,"Itaipava Arena Pernambuco (Recife, Pernambuco)",,Match Finished,FT,90.0,71,Serie A,Brazil,https://media.api-sports.io/football/leagues/71.png,https://media.api-sports.io/flags/br.svg,2014,Regular Season - 16,123,Sport Recife,https://media.api-sports.io/football/teams/123.png,True,121,Palmeiras,https://media.api-sports.io/football/teams/121.png,False,2.0,1.0,2.0,1.0,2.0,1.0,,,,,,,
190598,,UTC,2014-08-20T22:30:00+00:00,1408573800,1408573800.0,1408577400.0,,"Estádio Urbano Caldeira (Santos, São Paulo)",,Match Finished,FT,90.0,71,Serie A,Brazil,https://media.api-sports.io/football/leagues/71.png,https://media.api-sports.io/flags/br.svg,2014,Regular Season - 16,128,Santos,https://media.api-sports.io/football/teams/128.png,True,134,Atletico Paranaense,https://media.api-sports.io/football/teams/134.png,False,2.0,0.0,1.0,0.0,2.0,0.0,,,,,,,
190599,,UTC,2014-08-20T22:30:00+00:00,1408573800,1408573800.0,1408577400.0,,"Estádio Orlando Scarpelli (Florianópolis, Santa Catarina)",,Match Finished,FT,90.0,71,Serie A,Brazil,https://media.api-sports.io/football/leagues/71.png,https://media.api-sports.io/flags/br.svg,2014,Regular Season - 16,137,Figueirense,https://media.api-sports.io/football/teams/137.png,True,120,Botafogo,https://media.api-sports.io/football/teams/120.png,False,1.0,0.0,1.0,0.0,1.0,0.0,,,,,,,
190601,,UTC,2014-08-21T00:00:00+00:00,1408579200,1408579200.0,1408582800.0,,"Itaipava Arena Fonte Nova (Salvador, Bahia)",,Match Finished,FT,90.0,71,Serie A,Brazil,https://media.api-sports.io/football/leagues/71.png,https://media.api-sports.io/flags/br.svg,2014,Regular Season - 16,118,Bahia,https://media.api-sports.io/football/teams/118.png,,140,Criciuma,https://media.api-sports.io/football/teams/140.png,,0.0,0.0,0.0,0.0,0.0,0.0,,,,,,,
190600,,UTC,2014-08-21T00:00:00+00:00,1408579200,1408579200.0,1408582800.0,,"Estádio Major Antônio Couto Pereira (Curitiba, Paraná)",,Match Finished,FT,90.0,71,Serie A,Brazil,https://media.api-sports.io/football/leagues/71.png,https://media.api-sports.io/flags/br.svg,2014,Regular Season - 16,147,Coritiba,https://media.api-sports.io/football/teams/147.png,True,136,Vitoria,https://media.api-sports.io/football/teams/136.png,False,2.0,0.0,1.0,0.0,2.0,0.0,,,,,,,
190603,,UTC,2014-08-21T01:00:00+00:00,1408582800,1408582800.0,1408586400.0,,"Estádio José Pinheiro Borba (Beira-Rio) (Porto Alegre, Rio Grande do Sul)",,Match Finished,FT,90.0,71,Serie A,Brazil,https://media.api-sports.io/football/leagues/71.png,https://media.api-sports.io/flags/br.svg,2014,Regular Season - 16,119,Internacional,https://media.api-sports.io/football/teams/119.png,False,126,Sao Paulo,https://media.api-sports.io/football/teams/126.png,True,0.0,1.0,0.0,1.0,0.0,1.0,,,,,,,
190602,,UTC,2014-08-21T01:00:00+00:00,1408582800,1408582800.0,1408586400.0,,"Estadio Jornalista Mário Filho (Maracanã) (Rio de Janeiro, Rio de Janeiro)",,Match Finished,FT,90.0,71,Serie A,Brazil,https://media.api-sports.io/football/leagues/71.png,https://media.api-sports.io/flags/br.svg,2014,Regular Season - 16,127,Flamengo,https://media.api-sports.io/football/teams/127.png,True,1062,Atletico-MG,https://media.api-sports.io/football/teams/1062.png,False,2.0,1.0,0.0,1.0,2.0,1.0,,,,,,,
190604,,UTC,2014-08-21T01:00:00+00:00,1408582800,1408582800.0,1408586400.0,,"Arena Condá (Chapecó, Santa Catarina)",,Match Finished,FT,90.0,71,Serie A,Brazil,https://media.api-sports.io/football/leagues/71.png,https://media.api-sports.io/flags/br.svg,2014,Regular Season - 16,132,Chapecoense-sc,https://media.api-sports.io/football/teams/132.png,True,124,Fluminense,https://media.api-sports.io/football/teams/124.png,False,1.0,0.0,0.0,0.0,1.0,0.0,,,,,,,
190605,,UTC,2014-08-21T22:30:00+00:00,1408660200,1408660200.0,1408663800.0,,"Arena Corinthians (São Paulo, São Paulo)",,Match Finished,FT,90.0,71,Serie A,Brazil,https://media.api-sports.io/football/leagues/71.png,https://media.api-sports.io/flags/br.svg,2014,Regular Season - 16,131,Corinthians,https://media.api-sports.io/football/teams/131.png,True,151,Goias,https://media.api-sports.io/football/teams/151.png,False,5.0,2.0,1.0,1.0,5.0,2.0,,,,,,,
190606,,UTC,2014-08-21T23:30:00+00:00,1408663800,1408663800.0,1408667400.0,,"Estádio Governador Magalhães Pinto (Belo Horizonte, Minas Gerais)",,Match Finished,FT,90.0,71,Serie A,Brazil,https://media.api-sports.io/football/leagues/71.png,https://media.api-sports.io/flags/br.svg,2014,Regular Season - 16,135,Cruzeiro,https://media.api-sports.io/football/teams/135.png,True,130,Gremio,https://media.api-sports.io/football/teams/130.png,False,1.0,0.0,0.0,0.0,1.0,0.0,,,,,,,
190607,,UTC,2014-08-23T21:30:00+00:00,1408829400,1408829400.0,1408833000.0,,"Estadio Jornalista Mário Filho (Maracanã) (Rio de Janeiro, Rio de Janeiro)",,Match Finished,FT,90.0,71,Serie A,Brazil,https://media.api-sports.io/football/leagues/71.png,https://media.api-sports.io/flags/br.svg,2014,Regular Season - 17,120,Botafogo,https://media.api-sports.io/football/teams/120.png,True,132,Chapecoense-sc,https://media.api-sports.io/football/teams/132.png,False,1.0,0.0,1.0,0.0,1.0,0.0,,,,,,,
190608,,UTC,2014-08-23T21:30:00+00:00,1408829400,1408829400.0,1408833000.0,,"Estádio Raimundo Sampaio (Belo Horizonte, Minas Gerais)",,Match Finished,FT,90.0,71,Serie A,Brazil,https://media.api-sports.io/football/leagues/71.png,https://media.api-sports.io/flags/br.svg,2014,Regular Season - 17,1062,Atletico-MG,https://media.api-sports.io/football/teams/1062.png,True,119,Internacional,https://media.api-sports.io/football/teams/119.png,False,1.0,0.0,0.0,0.0,1.0,0.0,,,,,,,
190609,,UTC,2014-08-24T00:00:00+00:00,1408838400,1408838400.0,1408842000.0,,"Estádio Municipal Paulo Machado de Carvalho (São Paulo, São Paulo)",,Match Finished,FT,90.0,71,Serie A,Brazil,https://media.api-sports.io/football/leagues/71.png,https://media.api-sports.io/flags/br.svg,2014,Regular Season - 17,121,Palmeiras,https://media.api-sports.io/football/teams/121.png,True,147,Coritiba,https://media.api-sports.io/football/teams/147.png,False,1.0,0.0,1.0,0.0,1.0,0.0,,,,,,,
190610,,UTC,2014-08-24T19:00:00+00:00,1408906800,1408906800.0,1408910400.0,,"Estadio Jornalista Mário Filho (Maracanã) (Rio de Janeiro, Rio de Janeiro)",,Match Finished,FT,90.0,71,Serie A,Brazil,https://media.api-sports.io/football/leagues/71.png,https://media.api-sports.io/flags/br.svg,2014,Regular Season - 17,124,Fluminense,https://media.api-sports.io/football/teams/124.png,True,123,Sport Recife,https://media.api-sports.io/football/teams/123.png,False,4.0,0.0,2.0,0.0,4.0,0.0,,,,,,,
190611,,UTC,2014-08-24T19:00:00+00:00,1408906800,1408906800.0,1408910400.0,,"Estádio Cícero Pompeu de Toledo (Morumbi) (São Paulo, São Paulo)",,Match Finished,FT,90.0,71,Serie A,Brazil,https://media.api-sports.io/football/leagues/71.png,https://media.api-sports.io/flags/br.svg,2014,Regular Season - 17,126,Sao Paulo,https://media.api-sports.io/football/teams/126.png,True,128,Santos,https://media.api-sports.io/football/teams/128.png,False,2.0,1.0,1.0,0.0,2.0,1.0,,,,,,,
190613,,UTC,2014-08-24T19:00:00+00:00,1408906800,1408906800.0,1408910400.0,,"Arena do Grêmio (Porto Alegre, Rio Grande do Sul)",,Match Finished,FT,90.0,71,Serie A,Brazil,https://media.api-sports.io/football/leagues/71.png,https://media.api-sports.io/flags/br.svg,2014,Regular Season - 17,130,Gremio,https://media.api-sports.io/football/teams/130.png,True,131,Corinthians,https://media.api-sports.io/football/teams/131.png,False,2.0,1.0,0.0,0.0,2.0,1.0,,,,,,,
190612,,UTC,2014-08-24T19:00:00+00:00,1408906800,1408906800.0,1408910400.0,,"Estádio Manoel Barradas (Salvador, Bahia)",,Match Finished,FT,90.0,71,Serie A,Brazil,https://media.api-sports.io/football/leagues/71.png,https://media.api-sports.io/flags/br.svg,2014,Regular Season - 17,136,Vitoria,https://media.api-sports.io/football/teams/136.png,False,137,Figueirense,https://media.api-sports.io/football/teams/137.png,True,0.0,1.0,0.0,0.0,0.0,1.0,,,,,,,
190614,,UTC,2014-08-24T19:00:00+00:00,1408906800,1408906800.0,1408910400.0,,"Estádio Heriberto Hülse (Criciúma, Santa Catarina)",,Match Finished,FT,90.0,71,Serie A,Brazil,https://media.api-sports.io/football/leagues/71.png,https://media.api-sports.io/flags/br.svg,2014,Regular Season - 17,140,Criciuma,https://media.api-sports.io/football/teams/140.png,False,127,Flamengo,https://media.api-sports.io/football/teams/127.png,True,0.0,2.0,0.0,0.0,0.0,2.0,,,,,,,
190615,,UTC,2014-08-24T21:30:00+00:00,1408915800,1408915800.0,1408919400.0,,"Estádio Joaquim Américo Guimarães (Curitiba, Paraná)",,Match Finished,FT,90.0,71,Serie A,Brazil,https://media.api-sports.io/football/leagues/71.png,https://media.api-sports.io/flags/br.svg,2014,Regular Season - 17,134,Atletico Paranaense,https://media.api-sports.io/football/teams/134.png,,118,Bahia,https://media.api-sports.io/football/teams/118.png,,0.0,0.0,0.0,0.0,0.0,0.0,,,,,,,
190616,,UTC,2014-08-24T21:30:00+00:00,1408915800,1408915800.0,1408919400.0,,"Estádio do Governo do Estado de Goiás (Serra Dourada) (Goiânia, Goiás)",,Match Finished,FT,90.0,71,Serie A,Brazil,https://media.api-sports.io/football/leagues/71.png,https://media.api-sports.io/flags/br.svg,2014,Regular Season - 17,151,Goias,https://media.api-sports.io/football/teams/151.png,False,135,Cruzeiro,https://media.api-sports.io/football/teams/135.png,True,0.0,1.0,0.0,1.0,0.0,1.0,,,,,,,
190617,,UTC,2014-08-30T21:30:00+00:00,1409434200,1409434200.0,1409437800.0,,"Estádio Municipal Paulo Machado de Carvalho (São Paulo, São Paulo)",,Match Finished,FT,90.0,71,Serie A,Brazil,https://media.api-sports.io/football/leagues/71.png,https://media.api-sports.io/flags/br.svg,2014,Regular Season - 18,121,Palmeiras,https://media.api-sports.io/football/teams/121.png,False,119,Internacional,https://media.api-sports.io/football/teams/119.png,True,0.0,1.0,0.0,1.0,0.0,1.0,,,,,,,
190618,,UTC,2014-08-30T21:30:00+00:00,1409434200,1409434200.0,1409437800.0,,"Estádio Governador Magalhães Pinto (Belo Horizonte, Minas Gerais)",,Match Finished,FT,90.0,71,Serie A,Brazil,https://media.api-sports.io/football/leagues/71.png,https://media.api-sports.io/flags/br.svg,2014,Regular Season - 18,135,Cruzeiro,https://media.api-sports.io/football/teams/135.png,True,132,Chapecoense-sc,https://media.api-sports.io/football/teams/132.png,False,4.0,2.0,0.0,1.0,4.0,2.0,,,,,,,
190619,,UTC,2014-08-31T19:00:00+00:00,1409511600,1409511600.0,1409515200.0,,"Estadio Jornalista Mário Filho (Maracanã) (Rio de Janeiro, Rio de Janeiro)",,Match Finished,FT,90.0,71,Serie A,Brazil,https://media.api-sports.io/football/leagues/71.png,https://media.api-sports.io/flags/br.svg,2014,Regular Season - 18,120,Botafogo,https://media.api-sports.io/football/teams/120.png,True,128,Santos,https://media.api-sports.io/football/teams/128.png,False,1.0,0.0,0.0,0.0,1.0,0.0,,,,,,,
190620,,UTC,2014-08-31T19:00:00+00:00,1409511600,1409511600.0,1409515200.0,,"Estádio Adelmar da Costa Carvalho (Recife, Pernambuco)",,Match Finished,FT,90.0,71,Serie A,Brazil,https://media.api-sports.io/football/leagues/71.png,https://media.api-sports.io/flags/br.svg,2014,Regular Season - 18,123,Sport Recife,https://media.api-sports.io/football/teams/123.png,True,140,Criciuma,https://media.api-sports.io/football/teams/140.png,False,2.0,0.0,0.0,0.0,2.0,0.0,,,,,,,
190621,,UTC,2014-08-31T19:00:00+00:00,1409511600,1409511600.0,1409515200.0,,"Arena Corinthians (São Paulo, São Paulo)",,Match Finished,FT,90.0,71,Serie A,Brazil,https://media.api-sports.io/football/leagues/71.png,https://media.api-sports.io/flags/br.svg,2014,Regular Season - 18,131,Corinthians,https://media.api-sports.io/football/teams/131.png,,124,Fluminense,https://media.api-sports.io/football/teams/124.png,,1.0,1.0,0.0,1.0,1.0,1.0,,,,,,,
190623,,UTC,2014-08-31T19:00:00+00:00,1409511600,1409511600.0,1409515200.0,,"Estádio Orlando Scarpelli (Florianópolis, Santa Catarina)",,Match Finished,FT,90.0,71,Serie A,Brazil,https://media.api-sports.io/football/leagues/71.png,https://media.api-sports.io/flags/br.svg,2014,Regular Season - 18,137,Figueirense,https://media.api-sports.io/football/teams/137.png,,126,Sao Paulo,https://media.api-sports.io/football/teams/126.png,,1.0,1.0,0.0,0.0,1.0,1.0,,,,,,,
190622,,UTC,2014-08-31T19:00:00+00:00,1409511600,1409511600.0,1409515200.0,,"Estádio Major Antônio Couto Pereira (Curitiba, Paraná)",,Match Finished,FT,90.0,71,Serie A,Brazil,https://media.api-sports.io/football/leagues/71.png,https://media.api-sports.io/flags/br.svg,2014,Regular Season - 18,147,Coritiba,https://media.api-sports.io/football/teams/147.png,,1062,Atletico-MG,https://media.api-sports.io/football/teams/1062.png,,0.0,0.0,0.0,0.0,0.0,0.0,,,,,,,
190625,,UTC,2014-08-31T21:30:00+00:00,1409520600,1409520600.0,1409524200.0,,"Arena do Grêmio (Porto Alegre, Rio Grande do Sul)",,Match Finished,FT,90.0,71,Serie A,Brazil,https://media.api-sports.io/football/leagues/71.png,https://media.api-sports.io/flags/br.svg,2014,Regular Season - 18,130,Gremio,https://media.api-sports.io/football/teams/130.png,True,118,Bahia,https://media.api-sports.io/football/teams/118.png,False,1.0,0.0,0.0,0.0,1.0,0.0,,,,,,,
190624,,UTC,2014-08-31T21:30:00+00:00,1409520600,1409520600.0,1409524200.0,,"Estádio Manoel Barradas (Salvador, Bahia)",,Match Finished,FT,90.0,71,Serie A,Brazil,https://media.api-sports.io/football/leagues/71.png,https://media.api-sports.io/flags/br.svg,2014,Regular Season - 18,136,Vitoria,https://media.api-sports.io/football/teams/136.png,False,127,Flamengo,https://media.api-sports.io/football/teams/127.png,True,1.0,2.0,1.0,1.0,1.0,2.0,,,,,,,
190626,,UTC,2014-08-31T21:30:00+00:00,1409520600,1409520600.0,1409524200.0,,"Estádio do Governo do Estado de Goiás (Serra Dourada) (Goiânia, Goiás)",,Match Finished,FT,90.0,71,Serie A,Brazil,https://media.api-sports.io/football/leagues/71.png,https://media.api-sports.io/flags/br.svg,2014,Regular Season - 18,151,Goias,https://media.api-sports.io/football/teams/151.png,True,134,Atletico Paranaense,https://media.api-sports.io/football/teams/134.png,False,3.0,1.0,2.0,0.0,3.0,1.0,,,,,,,
190627,,UTC,2014-09-06T21:30:00+00:00,1410039000,1410039000.0,1410042600.0,,"Estadio Jornalista Mário Filho (Maracanã) (Rio de Janeiro, Rio de Janeiro)",,Match Finished,FT,90.0,71,Serie A,Brazil,https://media.api-sports.io/football/leagues/71.png,https://media.api-sports.io/flags/br.svg,2014,Regular Season - 19,127,Flamengo,https://media.api-sports.io/football/teams/127.png,False,130,Gremio,https://media.api-sports.io/football/teams/130.png,True,0.0,1.0,0.0,0.0,0.0,1.0,,,,,,,
190628,,UTC,2014-09-06T21:30:00+00:00,1410039000,1410039000.0,1410042600.0,,"Estádio Municipal Paulo Machado de Carvalho (São Paulo, São Paulo)",,Match Finished,FT,90.0,71,Serie A,Brazil,https://media.api-sports.io/football/leagues/71.png,https://media.api-sports.io/flags/br.svg,2014,Regular Season - 19,128,Santos,https://media.api-sports.io/football/teams/128.png,True,136,Vitoria,https://media.api-sports.io/football/teams/136.png,False,3.0,1.0,0.0,0.0,3.0,1.0,,,,,,,
190629,,UTC,2014-09-07T00:00:00+00:00,1410048000,1410048000.0,1410051600.0,,"Arena Condá (Chapecó, Santa Catarina)",,Match Finished,FT,90.0,71,Serie A,Brazil,https://media.api-sports.io/football/leagues/71.png,https://media.api-sports.io/flags/br.svg,2014,Regular Season - 19,132,Chapecoense-sc,https://media.api-sports.io/football/teams/132.png,,151,Goias,https://media.api-sports.io/football/teams/151.png,,0.0,0.0,0.0,0.0,0.0,0.0,,,,,,,
190630,,UTC,2014-09-07T19:00:00+00:00,1410116400,1410116400.0,1410120000.0,,"Estadio Jornalista Mário Filho (Maracanã) (Rio de Janeiro, Rio de Janeiro)",,Match Finished,FT,90.0,71,Serie A,Brazil,https://media.api-sports.io/football/leagues/71.png,https://media.api-sports.io/flags/br.svg,2014,Regular Season - 19,124,Fluminense,https://media.api-sports.io/football/teams/124.png,,135,Cruzeiro,https://media.api-sports.io/football/teams/135.png,,3.0,3.0,2.0,2.0,3.0,3.0,,,,,,,
190631,,UTC,2014-09-07T19:00:00+00:00,1410116400,1410116400.0,1410120000.0,,"Estádio Cícero Pompeu de Toledo (Morumbi) (São Paulo, São Paulo)",,Match Finished,FT,90.0,71,Serie A,Brazil,https://media.api-sports.io/football/leagues/71.png,https://media.api-sports.io/flags/br.svg,2014,Regular Season - 19,126,Sao Paulo,https://media.api-sports.io/football/teams/126.png,True,123,Sport Recife,https://media.api-sports.io/football/teams/123.png,False,2.0,0.0,2.0,0.0,2.0,0.0,,,,,,,
190633,,UTC,2014-09-07T19:00:00+00:00,1410116400,1410116400.0,1410120000.0,,"Estádio Heriberto Hülse (Criciúma, Santa Catarina)",,Match Finished,FT,90.0,71,Serie A,Brazil,https://media.api-sports.io/football/leagues/71.png,https://media.api-sports.io/flags/br.svg,2014,Regular Season - 19,140,Criciuma,https://media.api-sports.io/football/teams/140.png,,131,Corinthians,https://media.api-sports.io/football/teams/131.png,,0.0,0.0,0.0,0.0,0.0,0.0,,,,,,,
190632,,UTC,2014-09-07T19:00:00+00:00,1410116400,1410116400.0,1410120000.0,,"Estádio Raimundo Sampaio (Belo Horizonte, Minas Gerais)",,Match Finished,FT,90.0,71,Serie A,Brazil,https://media.api-sports.io/football/leagues/71.png,https://media.api-sports.io/flags/br.svg,2014,Regular Season - 19,1062,Atletico-MG,https://media.api-sports.io/football/teams/1062.png,True,120,Botafogo,https://media.api-sports.io/football/teams/120.png,False,1.0,0.0,0.0,0.0,1.0,0.0,,,,,,,
190635,,UTC,2014-09-07T21:30:00+00:00,1410125400,1410125400.0,1410129000.0,,"Itaipava Arena Fonte Nova (Salvador, Bahia)",,Match Finished,FT,90.0,71,Serie A,Brazil,https://media.api-sports.io/football/leagues/71.png,https://media.api-sports.io/flags/br.svg,2014,Regular Season - 19,118,Bahia,https://media.api-sports.io/football/teams/118.png,,147,Coritiba,https://media.api-sports.io/football/teams/147.png,,0.0,0.0,0.0,0.0,0.0,0.0,,,,,,,
190636,,UTC,2014-09-07T21:30:00+00:00,1410125400,1410125400.0,1410129000.0,,"Estádio José Pinheiro Borba (Beira-Rio) (Porto Alegre, Rio Grande do Sul)",,Match Finished,FT,90.0,71,Serie A,Brazil,https://media.api-sports.io/football/leagues/71.png,https://media.api-sports.io/flags/br.svg,2014,Regular Season - 19,119,Internacional,https://media.api-sports.io/football/teams/119.png,False,137,Figueirense,https://media.api-sports.io/football/teams/137.png,True,2.0,3.0,2.0,0.0,2.0,3.0,,,,,,,
190634,,UTC,2014-09-07T21:30:00+00:00,1410125400,1410125400.0,1410129000.0,,"Estádio Joaquim Américo Guimarães (Curitiba, Paraná)",,Match Finished,FT,90.0,71,Serie A,Brazil,https://media.api-sports.io/football/leagues/71.png,https://media.api-sports.io/flags/br.svg,2014,Regular Season - 19,134,Atletico Paranaense,https://media.api-sports.io/football/teams/134.png,,121,Palmeiras,https://media.api-sports.io/football/teams/121.png,,1.0,1.0,1.0,0.0,1.0,1.0,,,,,,,
190637,,UTC,2014-09-10T22:30:00+00:00,1410388200,1410388200.0,1410391800.0,,"Estádio Municipal Paulo Machado de Carvalho (São Paulo, São Paulo)",,Match Finished,FT,90.0,71,Serie A,Brazil,https://media.api-sports.io/football/leagues/71.png,https://media.api-sports.io/flags/br.svg,2014,Regular Season - 20,121,Palmeiras,https://media.api-sports.io/football/teams/121.png,True,140,Criciuma,https://media.api-sports.io/football/teams/140.png,False,1.0,0.0,0.0,0.0,1.0,0.0,,,,,,,
190638,,UTC,2014-09-10T22:30:00+00:00,1410388200,1410388200.0,1410391800.0,,"Arena do Grêmio (Porto Alegre, Rio Grande do Sul)",,Match Finished,FT,90.0,71,Serie A,Brazil,https://media.api-sports.io/football/leagues/71.png,https://media.api-sports.io/flags/br.svg,2014,Regular Season - 20,130,Gremio,https://media.api-sports.io/football/teams/130.png,True,134,Atletico Paranaense,https://media.api-sports.io/football/teams/134.png,False,1.0,0.0,0.0,0.0,1.0,0.0,,,,,,,
190639,,UTC,2014-09-10T22:30:00+00:00,1410388200,1410388200.0,1410391800.0,,"Estádio Orlando Scarpelli (Florianópolis, Santa Catarina)",,Match Finished,FT,90.0,71,Serie A,Brazil,https://media.api-sports.io/football/leagues/71.png,https://media.api-sports.io/flags/br.svg,2014,Regular Season - 20,137,Figueirense,https://media.api-sports.io/football/teams/137.png,,124,Fluminense,https://media.api-sports.io/football/teams/124.png,,1.0,1.0,1.0,0.0,1.0,1.0,,,,,,,
190640,,UTC,2014-09-11T00:00:00+00:00,1410393600,1410393600.0,1410397200.0,,"Itaipava Arena Pernambuco (Recife, Pernambuco)",,Match Finished,FT,90.0,71,Serie A,Brazil,https://media.api-sports.io/football/leagues/71.png,https://media.api-sports.io/flags/br.svg,2014,Regular Season - 20,123,Sport Recife,https://media.api-sports.io/football/teams/123.png,True,128,Santos,https://media.api-sports.io/football/teams/128.png,False,3.0,1.0,1.0,1.0,3.0,1.0,,,,,,,
190641,,UTC,2014-09-11T00:00:00+00:00,1410393600,1410393600.0,1410397200.0,,"Estádio Major Antônio Couto Pereira (Curitiba, Paraná)",,Match Finished,FT,90.0,71,Serie A,Brazil,https://media.api-sports.io/football/leagues/71.png,https://media.api-sports.io/flags/br.svg,2014,Regular Season - 20,147,Coritiba,https://media.api-sports.io/football/teams/147.png,True,132,Chapecoense-sc,https://media.api-sports.io/football/teams/132.png,False,3.0,0.0,2.0,0.0,3.0,0.0,,,,,,,
190642,,UTC,2014-09-11T01:00:00+00:00,1410397200,1410397200.0,1410400800.0,,"Estádio Nacional de Brasília (Brasília, Distrito Federal)",,Match Finished,FT,90.0,71,Serie A,Brazil,https://media.api-sports.io/football/leagues/71.png,https://media.api-sports.io/flags/br.svg,2014,Regular Season - 20,120,Botafogo,https://media.api-sports.io/football/teams/120.png,False,126,Sao Paulo,https://media.api-sports.io/football/teams/126.png,True,2.0,4.0,2.0,3.0,2.0,4.0,,,,,,,
190643,,UTC,2014-09-11T01:00:00+00:00,1410397200,1410397200.0,1410400800.0,,"Estádio Manoel Barradas (Salvador, Bahia)",,Match Finished,FT,90.0,71,Serie A,Brazil,https://media.api-sports.io/football/leagues/71.png,https://media.api-sports.io/flags/br.svg,2014,Regular Season - 20,136,Vitoria,https://media.api-sports.io/football/teams/136.png,True,119,Internacional,https://media.api-sports.io/football/teams/119.png,False,2.0,0.0,1.0,0.0,2.0,0.0,,,,,,,
190644,,UTC,2014-09-11T01:00:00+00:00,1410397200,1410397200.0,1410400800.0,,"Arena Pantanal (Cuiabá, Mato Grosso)",,Match Finished,FT,90.0,71,Serie A,Brazil,https://media.api-sports.io/football/leagues/71.png,https://media.api-sports.io/flags/br.svg,2014,Regular Season - 20,151,Goias,https://media.api-sports.io/football/teams/151.png,True,127,Flamengo,https://media.api-sports.io/football/teams/127.png,False,1.0,0.0,0.0,0.0,1.0,0.0,,,,,,,
190645,,UTC,2014-09-11T22:30:00+00:00,1410474600,1410474600.0,1410478200.0,,"Arena Corinthians (São Paulo, São Paulo)",,Match Finished,FT,90.0,71,Serie A,Brazil,https://media.api-sports.io/football/leagues/71.png,https://media.api-sports.io/flags/br.svg,2014,Regular Season - 20,131,Corinthians,https://media.api-sports.io/football/teams/131.png,True,1062,Atletico-MG,https://media.api-sports.io/football/teams/1062.png,False,1.0,0.0,1.0,0.0,1.0,0.0,,,,,,,
190646,,UTC,2014-09-11T23:30:00+00:00,1410478200,1410478200.0,1410481800.0,,"Estádio Governador Magalhães Pinto (Belo Horizonte, Minas Gerais)",,Match Finished,FT,90.0,71,Serie A,Brazil,https://media.api-sports.io/football/leagues/71.png,https://media.api-sports.io/flags/br.svg,2014,Regular Season - 20,135,Cruzeiro,https://media.api-sports.io/football/teams/135.png,True,118,Bahia,https://media.api-sports.io/football/teams/118.png,False,2.0,1.0,0.0,1.0,2.0,1.0,,,,,,,
190647,,UTC,2014-09-13T21:30:00+00:00,1410643800,1410643800.0,1410647400.0,,"Estadio Jornalista Mário Filho (Maracanã) (Rio de Janeiro, Rio de Janeiro)",,Match Finished,FT,90.0,71,Serie A,Brazil,https://media.api-sports.io/football/leagues/71.png,https://media.api-sports.io/flags/br.svg,2014,Regular Season - 21,124,Fluminense,https://media.api-sports.io/football/teams/124.png,True,121,Palmeiras,https://media.api-sports.io/football/teams/121.png,False,3.0,0.0,2.0,0.0,3.0,0.0,,,,,,,
190648,,UTC,2014-09-13T21:30:00+00:00,1410643800,1410643800.0,1410647400.0,,"Arena Condá (Chapecó, Santa Catarina)",,Match Finished,FT,90.0,71,Serie A,Brazil,https://media.api-sports.io/football/leagues/71.png,https://media.api-sports.io/flags/br.svg,2014,Regular Season - 21,132,Chapecoense-sc,https://media.api-sports.io/football/teams/132.png,True,123,Sport Recife,https://media.api-sports.io/football/teams/123.png,False,3.0,1.0,1.0,0.0,3.0,1.0,,,,,,,
190649,,UTC,2014-09-14T00:00:00+00:00,1410652800,1410652800.0,1410656400.0,,"Estádio Urbano Caldeira (Santos, São Paulo)",,Match Finished,FT,90.0,71,Serie A,Brazil,https://media.api-sports.io/football/leagues/71.png,https://media.api-sports.io/flags/br.svg,2014,Regular Season - 21,128,Santos,https://media.api-sports.io/football/teams/128.png,True,147,Coritiba,https://media.api-sports.io/football/teams/147.png,False,2.0,1.0,2.0,0.0,2.0,1.0,,,,,,,
190652,,UTC,2014-09-14T19:00:00+00:00,1410721200,1410721200.0,1410724800.0,,"Estádio Alberto Oliveira (Feira de Santana, Bahia)",,Match Finished,FT,90.0,71,Serie A,Brazil,https://media.api-sports.io/football/leagues/71.png,https://media.api-sports.io/flags/br.svg,2014,Regular Season - 21,118,Bahia,https://media.api-sports.io/football/teams/118.png,True,137,Figueirense,https://media.api-sports.io/football/teams/137.png,False,3.0,0.0,2.0,0.0,3.0,0.0,,,,,,,
190653,,UTC,2014-09-14T19:00:00+00:00,1410721200,1410721200.0,1410724800.0,,"Estádio José Pinheiro Borba (Beira-Rio) (Porto Alegre, Rio Grande do Sul)",,Match Finished,FT,90.0,71,Serie A,Brazil,https://media.api-sports.io/football/leagues/71.png,https://media.api-sports.io/flags/br.svg,2014,Regular Season - 21,119,Internacional,https://media.api-sports.io/football/teams/119.png,True,120,Botafogo,https://media.api-sports.io/football/teams/120.png,False,2.0,0.0,1.0,0.0,2.0,0.0,,,,,,,
190651,,UTC,2014-09-14T19:00:00+00:00,1410721200,1410721200.0,1410724800.0,,"Estádio Cícero Pompeu de Toledo (Morumbi) (São Paulo, São Paulo)",,Match Finished,FT,90.0,71,Serie A,Brazil,https://media.api-sports.io/football/leagues/71.png,https://media.api-sports.io/flags/br.svg,2014,Regular Season - 21,126,Sao Paulo,https://media.api-sports.io/football/teams/126.png,True,135,Cruzeiro,https://media.api-sports.io/football/teams/135.png,False,2.0,0.0,1.0,0.0,2.0,0.0,,,,,,,
190650,,UTC,2014-09-14T19:00:00+00:00,1410721200,1410721200.0,1410724800.0,,"Estadio Jornalista Mário Filho (Maracanã) (Rio de Janeiro, Rio de Janeiro)",,Match Finished,FT,90.0,71,Serie A,Brazil,https://media.api-sports.io/football/leagues/71.png,https://media.api-sports.io/flags/br.svg,2014,Regular Season - 21,127,Flamengo,https://media.api-sports.io/football/teams/127.png,True,131,Corinthians,https://media.api-sports.io/football/teams/131.png,False,1.0,0.0,0.0,0.0,1.0,0.0,,,,,,,
190654,,UTC,2014-09-14T21:30:00+00:00,1410730200,1410730200.0,1410733800.0,,"Estádio Joaquim Américo Guimarães (Curitiba, Paraná)",,Match Finished,FT,90.0,71,Serie A,Brazil,https://media.api-sports.io/football/leagues/71.png,https://media.api-sports.io/flags/br.svg,2014,Regular Season - 21,134,Atletico Paranaense,https://media.api-sports.io/football/teams/134.png,True,136,Vitoria,https://media.api-sports.io/football/teams/136.png,False,2.0,0.0,1.0,0.0,2.0,0.0,,,,,,,
190656,,UTC,2014-09-14T21:30:00+00:00,1410730200,1410730200.0,1410733800.0,,"Estádio Heriberto Hülse (Criciúma, Santa Catarina)",,Match Finished,FT,90.0,71,Serie A,Brazil,https://media.api-sports.io/football/leagues/71.png,https://media.api-sports.io/flags/br.svg,2014,Regular Season - 21,140,Criciuma,https://media.api-sports.io/football/teams/140.png,True,151,Goias,https://media.api-sports.io/football/teams/151.png,False,1.0,0.0,0.0,0.0,1.0,0.0,,,,,,,
190655,,UTC,2014-09-14T21:30:00+00:00,1410730200,1410730200.0,1410733800.0,,"Estádio Raimundo Sampaio (Belo Horizonte, Minas Gerais)",,Match Finished,FT,90.0,71,Serie A,Brazil,https://media.api-sports.io/football/leagues/71.png,https://media.api-sports.io/flags/br.svg,2014,Regular Season - 21,1062,Atletico-MG,https://media.api-sports.io/football/teams/1062.png,,130,Gremio,https://media.api-sports.io/football/teams/130.png,,0.0,0.0,0.0,0.0,0.0,0.0,,,,,,,
190657,,UTC,2014-09-17T22:30:00+00:00,1410993000,1410993000.0,1410996600.0,,"Estádio Governador Magalhães Pinto (Belo Horizonte, Minas Gerais)",,Match Finished,FT,90.0,71,Serie A,Brazil,https://media.api-sports.io/football/leagues/71.png,https://media.api-sports.io/flags/br.svg,2014,Regular Season - 22,135,Cruzeiro,https://media.api-sports.io/football/teams/135.png,True,134,Atletico Paranaense,https://media.api-sports.io/football/teams/134.png,False,2.0,0.0,1.0,0.0,2.0,0.0,,,,,,,
190658,,UTC,2014-09-17T22:30:00+00:00,1410993000,1410993000.0,1410996600.0,,"Estádio Manoel Barradas (Salvador, Bahia)",,Match Finished,FT,90.0,71,Serie A,Brazil,https://media.api-sports.io/football/leagues/71.png,https://media.api-sports.io/flags/br.svg,2014,Regular Season - 22,136,Vitoria,https://media.api-sports.io/football/teams/136.png,True,124,Fluminense,https://media.api-sports.io/football/teams/124.png,False,3.0,1.0,0.0,1.0,3.0,1.0,,,,,,,
190659,,UTC,2014-09-18T00:00:00+00:00,1410998400,1410998400.0,1411002000.0,,"Estádio Adelmar da Costa Carvalho (Recife, Pernambuco)",,Match Finished,FT,90.0,71,Serie A,Brazil,https://media.api-sports.io/football/leagues/71.png,https://media.api-sports.io/flags/br.svg,2014,Regular Season - 22,123,Sport Recife,https://media.api-sports.io/football/teams/123.png,,119,Internacional,https://media.api-sports.io/football/teams/119.png,,0.0,0.0,0.0,0.0,0.0,0.0,,,,,,,
190660,,UTC,2014-09-18T00:00:00+00:00,1410998400,1410998400.0,1411002000.0,,"Estádio Orlando Scarpelli (Florianópolis, Santa Catarina)",,Match Finished,FT,90.0,71,Serie A,Brazil,https://media.api-sports.io/football/leagues/71.png,https://media.api-sports.io/flags/br.svg,2014,Regular Season - 22,137,Figueirense,https://media.api-sports.io/football/teams/137.png,,140,Criciuma,https://media.api-sports.io/football/teams/140.png,,1.0,1.0,0.0,1.0,1.0,1.0,,,,,,,
190661,,UTC,2014-09-18T01:00:00+00:00,1411002000,1411002000.0,1411005600.0,,"Estadio Jornalista Mário Filho (Maracanã) (Rio de Janeiro, Rio de Janeiro)",,Match Finished,FT,90.0,71,Serie A,Brazil,https://media.api-sports.io/football/leagues/71.png,https://media.api-sports.io/flags/br.svg,2014,Regular Season - 22,120,Botafogo,https://media.api-sports.io/football/teams/120.png,False,118,Bahia,https://media.api-sports.io/football/teams/118.png,True,2.0,3.0,2.0,1.0,2.0,3.0,,,,,,,
190662,,UTC,2014-09-18T01:00:00+00:00,1411002000,1411002000.0,1411005600.0,,"Estádio Municipal Paulo Machado de Carvalho (São Paulo, São Paulo)",,Match Finished,FT,90.0,71,Serie A,Brazil,https://media.api-sports.io/football/leagues/71.png,https://media.api-sports.io/flags/br.svg,2014,Regular Season - 22,121,Palmeiras,https://media.api-sports.io/football/teams/121.png,,127,Flamengo,https://media.api-sports.io/football/teams/127.png,,2.0,2.0,0.0,2.0,2.0,2.0,,,,,,,
190663,,UTC,2014-09-18T01:00:00+00:00,1411002000,1411002000.0,1411005600.0,,"Estádio Major Antônio Couto Pereira (Curitiba, Paraná)",,Match Finished,FT,90.0,71,Serie A,Brazil,https://media.api-sports.io/football/leagues/71.png,https://media.api-sports.io/flags/br.svg,2014,Regular Season - 22,147,Coritiba,https://media.api-sports.io/football/teams/147.png,True,126,Sao Paulo,https://media.api-sports.io/football/teams/126.png,False,3.0,1.0,0.0,1.0,3.0,1.0,,,,,,,
190664,,UTC,2014-09-18T22:30:00+00:00,1411079400,1411079400.0,1411083000.0,,"Arena Corinthians (São Paulo, São Paulo)",,Match Finished,FT,90.0,71,Serie A,Brazil,https://media.api-sports.io/football/leagues/71.png,https://media.api-sports.io/flags/br.svg,2014,Regular Season - 22,131,Corinthians,https://media.api-sports.io/football/teams/131.png,,132,Chapecoense-sc,https://media.api-sports.io/football/teams/132.png,,1.0,1.0,1.0,0.0,1.0,1.0,,,,,,,
190665,,UTC,2014-09-18T22:30:00+00:00,1411079400,1411079400.0,1411083000.0,,"Estádio do Governo do Estado de Goiás (Serra Dourada) (Goiânia, Goiás)",,Match Finished,FT,90.0,71,Serie A,Brazil,https://media.api-sports.io/football/leagues/71.png,https://media.api-sports.io/flags/br.svg,2014,Regular Season - 22,151,Goias,https://media.api-sports.io/football/teams/151.png,False,1062,Atletico-MG,https://media.api-sports.io/football/teams/1062.png,True,2.0,3.0,0.0,3.0,2.0,3.0,,,,,,,
190666,,UTC,2014-09-18T23:30:00+00:00,1411083000,1411083000.0,1411086600.0,,"Arena do Grêmio (Porto Alegre, Rio Grande do Sul)",,Match Finished,FT,90.0,71,Serie A,Brazil,https://media.api-sports.io/football/leagues/71.png,https://media.api-sports.io/flags/br.svg,2014,Regular Season - 22,130,Gremio,https://media.api-sports.io/football/teams/130.png,,128,Santos,https://media.api-sports.io/football/teams/128.png,,0.0,0.0,0.0,0.0,0.0,0.0,,,,,,,
190667,,UTC,2014-09-20T21:30:00+00:00,1411248600,1411248600.0,1411252200.0,,"Estádio Joaquim Américo Guimarães (Curitiba, Paraná)",,Match Finished,FT,90.0,71,Serie A,Brazil,https://media.api-sports.io/football/leagues/71.png,https://media.api-sports.io/flags/br.svg,2014,Regular Season - 23,134,Atletico Paranaense,https://media.api-sports.io/football/teams/134.png,False,119,Internacional,https://media.api-sports.io/football/teams/119.png,True,0.0,1.0,0.0,0.0,0.0,1.0,,,,,,,
190668,,UTC,2014-09-21T00:00:00+00:00,1411257600,1411257600.0,1411261200.0,,"Estádio Heriberto Hülse (Criciúma, Santa Catarina)",,Match Finished,FT,90.0,71,Serie A,Brazil,https://media.api-sports.io/football/leagues/71.png,https://media.api-sports.io/flags/br.svg,2014,Regular Season - 23,140,Criciuma,https://media.api-sports.io/football/teams/140.png,,120,Botafogo,https://media.api-sports.io/football/teams/120.png,,1.0,1.0,0.0,1.0,1.0,1.0,,,,,,,
190670,,UTC,2014-09-21T19:00:00+00:00,1411326000,1411326000.0,1411329600.0,,"Estádio Adelmar da Costa Carvalho (Recife, Pernambuco)",,Match Finished,FT,90.0,71,Serie A,Brazil,https://media.api-sports.io/football/leagues/71.png,https://media.api-sports.io/flags/br.svg,2014,Regular Season - 23,123,Sport Recife,https://media.api-sports.io/football/teams/123.png,True,147,Coritiba,https://media.api-sports.io/football/teams/147.png,False,1.0,0.0,0.0,0.0,1.0,0.0,,,,,,,
190669,,UTC,2014-09-21T19:00:00+00:00,1411326000,1411326000.0,1411329600.0,,"Estadio Jornalista Mário Filho (Maracanã) (Rio de Janeiro, Rio de Janeiro)",,Match Finished,FT,90.0,71,Serie A,Brazil,https://media.api-sports.io/football/leagues/71.png,https://media.api-sports.io/flags/br.svg,2014,Regular Season - 23,127,Flamengo,https://media.api-sports.io/football/teams/127.png,,124,Fluminense,https://media.api-sports.io/football/teams/124.png,,1.0,1.0,1.0,1.0,1.0,1.0,,,,,,,
190671,,UTC,2014-09-21T19:00:00+00:00,1411326000,1411326000.0,1411329600.0,,"Arena Corinthians (São Paulo, São Paulo)",,Match Finished,FT,90.0,71,Serie A,Brazil,https://media.api-sports.io/football/leagues/71.png,https://media.api-sports.io/flags/br.svg,2014,Regular Season - 23,131,Corinthians,https://media.api-sports.io/football/teams/131.png,True,126,Sao Paulo,https://media.api-sports.io/football/teams/126.png,False,3.0,2.0,1.0,2.0,3.0,2.0,,,,,,,
190672,,UTC,2014-09-21T19:00:00+00:00,1411326000,1411326000.0,1411329600.0,,"Estádio Governador Magalhães Pinto (Belo Horizonte, Minas Gerais)",,Match Finished,FT,90.0,71,Serie A,Brazil,https://media.api-sports.io/football/leagues/71.png,https://media.api-sports.io/flags/br.svg,2014,Regular Season - 23,135,Cruzeiro,https://media.api-sports.io/football/teams/135.png,False,1062,Atletico-MG,https://media.api-sports.io/football/teams/1062.png,True,2.0,3.0,1.0,2.0,2.0,3.0,,,,,,,
190673,,UTC,2014-09-21T19:00:00+00:00,1411326000,1411326000.0,1411329600.0,,"Itaipava Arena Fonte Nova (Salvador, Bahia)",,Match Finished,FT,90.0,71,Serie A,Brazil,https://media.api-sports.io/football/leagues/71.png,https://media.api-sports.io/flags/br.svg,2014,Regular Season - 23,136,Vitoria,https://media.api-sports.io/football/teams/136.png,True,118,Bahia,https://media.api-sports.io/football/teams/118.png,False,2.0,1.0,1.0,1.0,2.0,1.0,,,,,,,
190674,,UTC,2014-09-21T21:30:00+00:00,1411335000,1411335000.0,1411338600.0,,"Estádio Urbano Caldeira (Santos, São Paulo)",,Match Finished,FT,90.0,71,Serie A,Brazil,https://media.api-sports.io/football/leagues/71.png,https://media.api-sports.io/flags/br.svg,2014,Regular Season - 23,128,Santos,https://media.api-sports.io/football/teams/128.png,True,137,Figueirense,https://media.api-sports.io/football/teams/137.png,False,3.0,1.0,1.0,1.0,3.0,1.0,,,,,,,
190675,,UTC,2014-09-21T21:30:00+00:00,1411335000,1411335000.0,1411338600.0,,"Arena do Grêmio (Porto Alegre, Rio Grande do Sul)",,Match Finished,FT,90.0,71,Serie A,Brazil,https://media.api-sports.io/football/leagues/71.png,https://media.api-sports.io/flags/br.svg,2014,Regular Season - 23,130,Gremio,https://media.api-sports.io/football/teams/130.png,True,132,Chapecoense-sc,https://media.api-sports.io/football/teams/132.png,False,1.0,0.0,1.0,0.0,1.0,0.0,,,,,,,
190676,,UTC,2014-09-21T21:30:00+00:00,1411335000,1411335000.0,1411338600.0,,"Estádio do Governo do Estado de Goiás (Serra Dourada) (Goiânia, Goiás)",,Match Finished,FT,90.0,71,Serie A,Brazil,https://media.api-sports.io/football/leagues/71.png,https://media.api-sports.io/flags/br.svg,2014,Regular Season - 23,151,Goias,https://media.api-sports.io/football/teams/151.png,True,121,Palmeiras,https://media.api-sports.io/football/teams/121.png,False,6.0,0.0,4.0,0.0,6.0,0.0,,,,,,,
190678,,UTC,2014-09-24T22:30:00+00:00,1411597800,1411597800.0,1411601400.0,,"Estádio José Pinheiro Borba (Beira-Rio) (Porto Alegre, Rio Grande do Sul)",,Match Finished,FT,90.0,71,Serie A,Brazil,https://media.api-sports.io/football/leagues/71.png,https://media.api-sports.io/flags/br.svg,2014,Regular Season - 24,119,Internacional,https://media.api-sports.io/football/teams/119.png,True,140,Criciuma,https://media.api-sports.io/football/teams/140.png,False,3.0,0.0,1.0,0.0,3.0,0.0,,,,,,,
190677,,UTC,2014-09-24T22:30:00+00:00,1411597800,1411597800.0,1411601400.0,,"Estádio Major Antônio Couto Pereira (Curitiba, Paraná)",,Match Finished,FT,90.0,71,Serie A,Brazil,https://media.api-sports.io/football/leagues/71.png,https://media.api-sports.io/flags/br.svg,2014,Regular Season - 24,147,Coritiba,https://media.api-sports.io/football/teams/147.png,False,135,Cruzeiro,https://media.api-sports.io/football/teams/135.png,True,1.0,2.0,0.0,2.0,1.0,2.0,,,,,,,
190679,,UTC,2014-09-25T00:00:00+00:00,1411603200,1411603200.0,1411606800.0,,"Itaipava Arena Fonte Nova (Salvador, Bahia)",,Match Finished,FT,90.0,71,Serie A,Brazil,https://media.api-sports.io/football/leagues/71.png,https://media.api-sports.io/flags/br.svg,2014,Regular Season - 24,118,Bahia,https://media.api-sports.io/football/teams/118.png,True,123,Sport Recife,https://media.api-sports.io/football/teams/123.png,False,1.0,0.0,0.0,0.0,1.0,0.0,,,,,,,
190680,,UTC,2014-09-25T00:00:00+00:00,1411603200,1411603200.0,1411606800.0,,"Arena Condá (Chapecó, Santa Catarina)",,Match Finished,FT,90.0,71,Serie A,Brazil,https://media.api-sports.io/football/leagues/71.png,https://media.api-sports.io/flags/br.svg,2014,Regular Season - 24,132,Chapecoense-sc,https://media.api-sports.io/football/teams/132.png,True,134,Atletico Paranaense,https://media.api-sports.io/football/teams/134.png,False,3.0,0.0,1.0,0.0,3.0,0.0,,,,,,,
190681,,UTC,2014-09-25T01:00:00+00:00,1411606800,1411606800.0,1411610400.0,,"Estadio Jornalista Mário Filho (Maracanã) (Rio de Janeiro, Rio de Janeiro)",,Match Finished,FT,90.0,71,Serie A,Brazil,https://media.api-sports.io/football/leagues/71.png,https://media.api-sports.io/flags/br.svg,2014,Regular Season - 24,124,Fluminense,https://media.api-sports.io/football/teams/124.png,,130,Gremio,https://media.api-sports.io/football/teams/130.png,,0.0,0.0,0.0,0.0,0.0,0.0,,,,,,,
190682,,UTC,2014-09-25T01:00:00+00:00,1411606800,1411606800.0,1411610400.0,,"Estádio Cícero Pompeu de Toledo (Morumbi) (São Paulo, São Paulo)",,Match Finished,FT,90.0,71,Serie A,Brazil,https://media.api-sports.io/football/leagues/71.png,https://media.api-sports.io/flags/br.svg,2014,Regular Season - 24,126,Sao Paulo,https://media.api-sports.io/football/teams/126.png,,127,Flamengo,https://media.api-sports.io/football/teams/127.png,,2.0,2.0,1.0,1.0,2.0,2.0,,,,,,,
190683,,UTC,2014-09-25T01:00:00+00:00,1411606800,1411606800.0,1411610400.0,,"Estádio Orlando Scarpelli (Florianópolis, Santa Catarina)",,Match Finished,FT,90.0,71,Serie A,Brazil,https://media.api-sports.io/football/leagues/71.png,https://media.api-sports.io/flags/br.svg,2014,Regular Season - 24,137,Figueirense,https://media.api-sports.io/football/teams/137.png,True,131,Corinthians,https://media.api-sports.io/football/teams/131.png,False,1.0,0.0,0.0,0.0,1.0,0.0,,,,,,,
190684,,UTC,2014-09-25T22:30:00+00:00,1411684200,1411684200.0,1411687800.0,,"Estadio Jornalista Mário Filho (Maracanã) (Rio de Janeiro, Rio de Janeiro)",,Match Finished,FT,90.0,71,Serie A,Brazil,https://media.api-sports.io/football/leagues/71.png,https://media.api-sports.io/flags/br.svg,2014,Regular Season - 24,120,Botafogo,https://media.api-sports.io/football/teams/120.png,True,151,Goias,https://media.api-sports.io/football/teams/151.png,False,1.0,0.0,0.0,0.0,1.0,0.0,,,,,,,
190685,,UTC,2014-09-25T22:30:00+00:00,1411684200,1411684200.0,1411687800.0,,"Estádio Municipal Paulo Machado de Carvalho (São Paulo, São Paulo)",,Match Finished,FT,90.0,71,Serie A,Brazil,https://media.api-sports.io/football/leagues/71.png,https://media.api-sports.io/flags/br.svg,2014,Regular Season - 24,121,Palmeiras,https://media.api-sports.io/football/teams/121.png,True,136,Vitoria,https://media.api-sports.io/football/teams/136.png,False,2.0,0.0,1.0,0.0,2.0,0.0,,,,,,,
190686,,UTC,2014-09-25T23:30:00+00:00,1411687800,1411687800.0,1411691400.0,,"Estádio Raimundo Sampaio (Belo Horizonte, Minas Gerais)",,Match Finished,FT,90.0,71,Serie A,Brazil,https://media.api-sports.io/football/leagues/71.png,https://media.api-sports.io/flags/br.svg,2014,Regular Season - 24,1062,Atletico-MG,https://media.api-sports.io/football/teams/1062.png,True,128,Santos,https://media.api-sports.io/football/teams/128.png,False,3.0,2.0,2.0,0.0,3.0,2.0,,,,,,,
190687,,UTC,2014-09-27T21:30:00+00:00,1411853400,1411853400.0,1411857000.0,,"Itaipava Arena Pernambuco (Recife, Pernambuco)",,Match Finished,FT,90.0,71,Serie A,Brazil,https://media.api-sports.io/football/leagues/71.png,https://media.api-sports.io/flags/br.svg,2014,Regular Season - 25,123,Sport Recife,https://media.api-sports.io/football/teams/123.png,,135,Cruzeiro,https://media.api-sports.io/football/teams/135.png,,0.0,0.0,0.0,0.0,0.0,0.0,,,,,,,
190688,,UTC,2014-09-27T21:30:00+00:00,1411853400,1411853400.0,1411857000.0,,"Arena Condá (Chapecó, Santa Catarina)",,Match Finished,FT,90.0,71,Serie A,Brazil,https://media.api-sports.io/football/leagues/71.png,https://media.api-sports.io/flags/br.svg,2014,Regular Season - 25,132,Chapecoense-sc,https://media.api-sports.io/football/teams/132.png,,140,Criciuma,https://media.api-sports.io/football/teams/140.png,,1.0,1.0,1.0,0.0,1.0,1.0,,,,,,,
190689,,UTC,2014-09-28T00:00:00+00:00,1411862400,1411862400.0,1411866000.0,,"Estádio Cícero Pompeu de Toledo (Morumbi) (São Paulo, São Paulo)",,Match Finished,FT,90.0,71,Serie A,Brazil,https://media.api-sports.io/football/leagues/71.png,https://media.api-sports.io/flags/br.svg,2014,Regular Season - 25,126,Sao Paulo,https://media.api-sports.io/football/teams/126.png,False,124,Fluminense,https://media.api-sports.io/football/teams/124.png,True,1.0,3.0,0.0,0.0,1.0,3.0,,,,,,,
190693,,UTC,2014-09-28T19:00:00+00:00,1411930800,1411930800.0,1411934400.0,,"Itaipava Arena Fonte Nova (Salvador, Bahia)",,Match Finished,FT,90.0,71,Serie A,Brazil,https://media.api-sports.io/football/leagues/71.png,https://media.api-sports.io/flags/br.svg,2014,Regular Season - 25,118,Bahia,https://media.api-sports.io/football/teams/118.png,True,127,Flamengo,https://media.api-sports.io/football/teams/127.png,False,2.0,1.0,1.0,0.0,2.0,1.0,,,,,,,
190690,,UTC,2014-09-28T19:00:00+00:00,1411930800,1411930800.0,1411934400.0,,"Estadio Jornalista Mário Filho (Maracanã) (Rio de Janeiro, Rio de Janeiro)",,Match Finished,FT,90.0,71,Serie A,Brazil,https://media.api-sports.io/football/leagues/71.png,https://media.api-sports.io/flags/br.svg,2014,Regular Season - 25,120,Botafogo,https://media.api-sports.io/football/teams/120.png,False,130,Gremio,https://media.api-sports.io/football/teams/130.png,True,0.0,2.0,0.0,0.0,0.0,2.0,,,,,,,
190691,,UTC,2014-09-28T19:00:00+00:00,1411930800,1411930800.0,1411934400.0,,"Estádio Joaquim Américo Guimarães (Curitiba, Paraná)",,Match Finished,FT,90.0,71,Serie A,Brazil,https://media.api-sports.io/football/leagues/71.png,https://media.api-sports.io/flags/br.svg,2014,Regular Season - 25,134,Atletico Paranaense,https://media.api-sports.io/football/teams/134.png,True,131,Corinthians,https://media.api-sports.io/football/teams/131.png,False,1.0,0.0,1.0,0.0,1.0,0.0,,,,,,,
190692,,UTC,2014-09-28T19:00:00+00:00,1411930800,1411930800.0,1411934400.0,,"Estádio Raimundo Sampaio (Belo Horizonte, Minas Gerais)",,Match Finished,FT,90.0,71,Serie A,Brazil,https://media.api-sports.io/football/leagues/71.png,https://media.api-sports.io/flags/br.svg,2014,Regular Season - 25,1062,Atletico-MG,https://media.api-sports.io/football/teams/1062.png,True,136,Vitoria,https://media.api-sports.io/football/teams/136.png,False,2.0,0.0,0.0,0.0,2.0,0.0,,,,,,,
190695,,UTC,2014-09-28T21:30:00+00:00,1411939800,1411939800.0,1411943400.0,,"Estádio José Pinheiro Borba (Beira-Rio) (Porto Alegre, Rio Grande do Sul)",,Match Finished,FT,90.0,71,Serie A,Brazil,https://media.api-sports.io/football/leagues/71.png,https://media.api-sports.io/flags/br.svg,2014,Regular Season - 25,119,Internacional,https://media.api-sports.io/football/teams/119.png,True,147,Coritiba,https://media.api-sports.io/football/teams/147.png,False,4.0,2.0,3.0,1.0,4.0,2.0,,,,,,,
190694,,UTC,2014-09-28T21:30:00+00:00,1411939800,1411939800.0,1411943400.0,,"Estádio Municipal Paulo Machado de Carvalho (São Paulo, São Paulo)",,Match Finished,FT,90.0,71,Serie A,Brazil,https://media.api-sports.io/football/leagues/71.png,https://media.api-sports.io/flags/br.svg,2014,Regular Season - 25,128,Santos,https://media.api-sports.io/football/teams/128.png,True,151,Goias,https://media.api-sports.io/football/teams/151.png,False,2.0,0.0,1.0,0.0,2.0,0.0,,,,,,,
190696,,UTC,2014-09-28T21:30:00+00:00,1411939800,1411939800.0,1411943400.0,,"Estádio Orlando Scarpelli (Florianópolis, Santa Catarina)",,Match Finished,FT,90.0,71,Serie A,Brazil,https://media.api-sports.io/football/leagues/71.png,https://media.api-sports.io/flags/br.svg,2014,Regular Season - 25,137,Figueirense,https://media.api-sports.io/football/teams/137.png,True,121,Palmeiras,https://media.api-sports.io/football/teams/121.png,False,3.0,1.0,0.0,1.0,3.0,1.0,,,,,,,
190697,,UTC,2014-10-02T22:30:00+00:00,1412289000,1412289000.0,1412292600.0,,"Estádio Municipal Paulo Machado de Carvalho (São Paulo, São Paulo)",,Match Finished,FT,90.0,71,Serie A,Brazil,https://media.api-sports.io/football/leagues/71.png,https://media.api-sports.io/flags/br.svg,2014,Regular Season - 26,121,Palmeiras,https://media.api-sports.io/football/teams/121.png,True,132,Chapecoense-sc,https://media.api-sports.io/football/teams/132.png,False,4.0,2.0,0.0,1.0,4.0,2.0,,,,,,,
190699,,UTC,2014-10-04T19:20:00+00:00,1412450400,1412450400.0,1412454000.0,,"Estádio Nacional de Brasília (Brasília, Distrito Federal)",,Match Finished,FT,90.0,71,Serie A,Brazil,https://media.api-sports.io/football/leagues/71.png,https://media.api-sports.io/flags/br.svg,2014,Regular Season - 26,124,Fluminense,https://media.api-sports.io/football/teams/124.png,,118,Bahia,https://media.api-sports.io/football/teams/118.png,,1.0,1.0,1.0,0.0,1.0,1.0,,,,,,,
190698,,UTC,2014-10-04T19:20:00+00:00,1412450400,1412450400.0,1412454000.0,,"Estadio Jornalista Mário Filho (Maracanã) (Rio de Janeiro, Rio de Janeiro)",,Match Finished,FT,90.0,71,Serie A,Brazil,https://media.api-sports.io/football/leagues/71.png,https://media.api-sports.io/flags/br.svg,2014,Regular Season - 26,127,Flamengo,https://media.api-sports.io/football/teams/127.png,False,128,Santos,https://media.api-sports.io/football/teams/128.png,True,0.0,1.0,0.0,1.0,0.0,1.0,,,,,,,
190702,,UTC,2014-10-04T19:20:00+00:00,1412450400,1412450400.0,1412454000.0,,"Arena do Grêmio (Porto Alegre, Rio Grande do Sul)",,Match Finished,FT,90.0,71,Serie A,Brazil,https://media.api-sports.io/football/leagues/71.png,https://media.api-sports.io/flags/br.svg,2014,Regular Season - 26,130,Gremio,https://media.api-sports.io/football/teams/130.png,False,126,Sao Paulo,https://media.api-sports.io/football/teams/126.png,True,0.0,1.0,0.0,0.0,0.0,1.0,,,,,,,
190701,,UTC,2014-10-04T19:20:00+00:00,1412450400,1412450400.0,1412454000.0,,"Estádio Manoel Barradas (Salvador, Bahia)",,Match Finished,FT,90.0,71,Serie A,Brazil,https://media.api-sports.io/football/leagues/71.png,https://media.api-sports.io/flags/br.svg,2014,Regular Season - 26,136,Vitoria,https://media.api-sports.io/football/teams/136.png,True,120,Botafogo,https://media.api-sports.io/football/teams/120.png,False,2.0,1.0,0.0,0.0,2.0,1.0,,,,,,,
190700,,UTC,2014-10-04T19:20:00+00:00,1412450400,1412450400.0,1412454000.0,,"Estádio Major Antônio Couto Pereira (Curitiba, Paraná)",,Match Finished,FT,90.0,71,Serie A,Brazil,https://media.api-sports.io/football/leagues/71.png,https://media.api-sports.io/flags/br.svg,2014,Regular Season - 26,147,Coritiba,https://media.api-sports.io/football/teams/147.png,True,134,Atletico Paranaense,https://media.api-sports.io/football/teams/134.png,False,1.0,0.0,0.0,0.0,1.0,0.0,,,,,,,
190703,,UTC,2014-10-04T21:30:00+00:00,1412458200,1412458200.0,1412461800.0,,"Arena Corinthians (São Paulo, São Paulo)",,Match Finished,FT,90.0,71,Serie A,Brazil,https://media.api-sports.io/football/leagues/71.png,https://media.api-sports.io/flags/br.svg,2014,Regular Season - 26,131,Corinthians,https://media.api-sports.io/football/teams/131.png,True,123,Sport Recife,https://media.api-sports.io/football/teams/123.png,False,3.0,0.0,1.0,0.0,3.0,0.0,,,,,,,
190704,,UTC,2014-10-04T21:30:00+00:00,1412458200,1412458200.0,1412461800.0,,"Estádio Governador Magalhães Pinto (Belo Horizonte, Minas Gerais)",,Match Finished,FT,90.0,71,Serie A,Brazil,https://media.api-sports.io/football/leagues/71.png,https://media.api-sports.io/flags/br.svg,2014,Regular Season - 26,135,Cruzeiro,https://media.api-sports.io/football/teams/135.png,True,119,Internacional,https://media.api-sports.io/football/teams/119.png,False,2.0,1.0,2.0,0.0,2.0,1.0,,,,,,,
190705,,UTC,2014-10-04T21:30:00+00:00,1412458200,1412458200.0,1412461800.0,,"Estádio Heriberto Hülse (Criciúma, Santa Catarina)",,Match Finished,FT,90.0,71,Serie A,Brazil,https://media.api-sports.io/football/leagues/71.png,https://media.api-sports.io/flags/br.svg,2014,Regular Season - 26,140,Criciuma,https://media.api-sports.io/football/teams/140.png,True,1062,Atletico-MG,https://media.api-sports.io/football/teams/1062.png,False,3.0,1.0,2.0,1.0,3.0,1.0,,,,,,,
190706,,UTC,2014-10-05T00:00:00+00:00,1412467200,1412467200.0,1412470800.0,,"Estádio do Governo do Estado de Goiás (Serra Dourada) (Goiânia, Goiás)",,Match Finished,FT,90.0,71,Serie A,Brazil,https://media.api-sports.io/football/leagues/71.png,https://media.api-sports.io/flags/br.svg,2014,Regular Season - 26,151,Goias,https://media.api-sports.io/football/teams/151.png,True,137,Figueirense,https://media.api-sports.io/football/teams/137.png,False,1.0,0.0,1.0,0.0,1.0,0.0,,,,,,,
190707,,UTC,2014-10-08T22:30:00+00:00,1412807400,1412807400.0,1412811000.0,,"Estadio Jornalista Mário Filho (Maracanã) (Rio de Janeiro, Rio de Janeiro)",,Match Finished,FT,90.0,71,Serie A,Brazil,https://media.api-sports.io/football/leagues/71.png,https://media.api-sports.io/flags/br.svg,2014,Regular Season - 27,120,Botafogo,https://media.api-sports.io/football/teams/120.png,False,121,Palmeiras,https://media.api-sports.io/football/teams/121.png,True,0.0,1.0,0.0,0.0,0.0,1.0,,,,,,,
190708,,UTC,2014-10-08T22:30:00+00:00,1412807400,1412807400.0,1412811000.0,,"Estádio Cícero Pompeu de Toledo (Morumbi) (São Paulo, São Paulo)",,Match Finished,FT,90.0,71,Serie A,Brazil,https://media.api-sports.io/football/leagues/71.png,https://media.api-sports.io/flags/br.svg,2014,Regular Season - 27,126,Sao Paulo,https://media.api-sports.io/football/teams/126.png,True,134,Atletico Paranaense,https://media.api-sports.io/football/teams/134.png,False,1.0,0.0,1.0,0.0,1.0,0.0,,,,,,,
190709,,UTC,2014-10-08T22:30:00+00:00,1412807400,1412807400.0,1412811000.0,,"Estádio Major Antônio Couto Pereira (Curitiba, Paraná)",,Match Finished,FT,90.0,71,Serie A,Brazil,https://media.api-sports.io/football/leagues/71.png,https://media.api-sports.io/flags/br.svg,2014,Regular Season - 27,147,Coritiba,https://media.api-sports.io/football/teams/147.png,True,140,Criciuma,https://media.api-sports.io/football/teams/140.png,False,1.0,0.0,1.0,0.0,1.0,0.0,,,,,,,
190710,,UTC,2014-10-09T00:00:00+00:00,1412812800,1412812800.0,1412816400.0,,"Estádio Manoel Barradas (Salvador, Bahia)",,Match Finished,FT,90.0,71,Serie A,Brazil,https://media.api-sports.io/football/leagues/71.png,https://media.api-sports.io/flags/br.svg,2014,Regular Season - 27,136,Vitoria,https://media.api-sports.io/football/teams/136.png,,151,Goias,https://media.api-sports.io/football/teams/151.png,,2.0,2.0,2.0,0.0,2.0,2.0,,,,,,,
190712,,UTC,2014-10-09T01:00:00+00:00,1412816400,1412816400.0,1412820000.0,,"Arena do Grêmio (Porto Alegre, Rio Grande do Sul)",,Match Finished,FT,90.0,71,Serie A,Brazil,https://media.api-sports.io/football/leagues/71.png,https://media.api-sports.io/flags/br.svg,2014,Regular Season - 27,130,Gremio,https://media.api-sports.io/football/teams/130.png,True,123,Sport Recife,https://media.api-sports.io/football/teams/123.png,False,2.0,0.0,1.0,0.0,2.0,0.0,,,,,,,
190711,,UTC,2014-10-09T01:00:00+00:00,1412816400,1412816400.0,1412820000.0,,"Estádio Governador Magalhães Pinto (Belo Horizonte, Minas Gerais)",,Match Finished,FT,90.0,71,Serie A,Brazil,https://media.api-sports.io/football/leagues/71.png,https://media.api-sports.io/flags/br.svg,2014,Regular Season - 27,135,Cruzeiro,https://media.api-sports.io/football/teams/135.png,False,131,Corinthians,https://media.api-sports.io/football/teams/131.png,True,0.0,1.0,0.0,0.0,0.0,1.0,,,,,,,
190713,,UTC,2014-10-09T01:00:00+00:00,1412816400,1412816400.0,1412820000.0,,"Estádio Orlando Scarpelli (Florianópolis, Santa Catarina)",,Match Finished,FT,90.0,71,Serie A,Brazil,https://media.api-sports.io/football/leagues/71.png,https://media.api-sports.io/flags/br.svg,2014,Regular Season - 27,137,Figueirense,https://media.api-sports.io/football/teams/137.png,False,127,Flamengo,https://media.api-sports.io/football/teams/127.png,True,1.0,2.0,0.0,1.0,1.0,2.0,,,,,,,
190714,,UTC,2014-10-09T22:30:00+00:00,1412893800,1412893800.0,1412897400.0,,"Estadio Jornalista Mário Filho (Maracanã) (Rio de Janeiro, Rio de Janeiro)",,Match Finished,FT,90.0,71,Serie A,Brazil,https://media.api-sports.io/football/leagues/71.png,https://media.api-sports.io/flags/br.svg,2014,Regular Season - 27,124,Fluminense,https://media.api-sports.io/football/teams/124.png,,1062,Atletico-MG,https://media.api-sports.io/football/teams/1062.png,,0.0,0.0,0.0,0.0,0.0,0.0,,,,,,,
190715,,UTC,2014-10-09T22:30:00+00:00,1412893800,1412893800.0,1412897400.0,,"Estádio Urbano Caldeira (Santos, São Paulo)",,Match Finished,FT,90.0,71,Serie A,Brazil,https://media.api-sports.io/football/leagues/71.png,https://media.api-sports.io/flags/br.svg,2014,Regular Season - 27,128,Santos,https://media.api-sports.io/football/teams/128.png,True,118,Bahia,https://media.api-sports.io/football/teams/118.png,False,1.0,0.0,1.0,0.0,1.0,0.0,,,,,,,
190716,,UTC,2014-10-09T23:30:00+00:00,1412897400,1412897400.0,1412901000.0,,"Arena Condá (Chapecó, Santa Catarina)",,Match Finished,FT,90.0,71,Serie A,Brazil,https://media.api-sports.io/football/leagues/71.png,https://media.api-sports.io/flags/br.svg,2014,Regular Season - 27,132,Chapecoense-sc,https://media.api-sports.io/football/teams/132.png,True,119,Internacional,https://media.api-sports.io/football/teams/119.png,False,5.0,0.0,2.0,0.0,5.0,0.0,,,,,,,
190536,,UTC,2014-10-11T21:30:00+00:00,1413063000,1413063000.0,1413066600.0,,"Arena Amazônia (Manaus, Amazonas)",,Match Finished,FT,90.0,71,Serie A,Brazil,https://media.api-sports.io/football/leagues/71.png,https://media.api-sports.io/flags/br.svg,2014,Regular Season - 9,120,Botafogo,https://media.api-sports.io/football/teams/120.png,True,131,Corinthians,https://media.api-sports.io/football/teams/131.png,False,1.0,0.0,1.0,0.0,1.0,0.0,,,,,,,
190718,,UTC,2014-10-11T21:30:00+00:00,1413063000,1413063000.0,1413066600.0,,"Estádio do Governo do Estado de Goiás (Serra Dourada) (Goiânia, Goiás)",,Match Finished,FT,90.0,71,Serie A,Brazil,https://media.api-sports.io/football/leagues/71.png,https://media.api-sports.io/flags/br.svg,2014,Regular Season - 28,151,Goias,https://media.api-sports.io/football/teams/151.png,True,147,Coritiba,https://media.api-sports.io/football/teams/147.png,False,3.0,0.0,2.0,0.0,3.0,0.0,,,,,,,
190719,,UTC,2014-10-12T00:00:00+00:00,1413072000,1413072000.0,1413075600.0,,"Estádio Municipal Paulo Machado de Carvalho (São Paulo, São Paulo)",,Match Finished,FT,90.0,71,Serie A,Brazil,https://media.api-sports.io/football/leagues/71.png,https://media.api-sports.io/flags/br.svg,2014,Regular Season - 28,121,Palmeiras,https://media.api-sports.io/football/teams/121.png,True,130,Gremio,https://media.api-sports.io/football/teams/130.png,False,2.0,1.0,0.0,0.0,2.0,1.0,,,,,,,
190722,,UTC,2014-10-12T19:00:00+00:00,1413140400,1413140400.0,1413144000.0,,"Itaipava Arena Fonte Nova (Salvador, Bahia)",,Match Finished,FT,90.0,71,Serie A,Brazil,https://media.api-sports.io/football/leagues/71.png,https://media.api-sports.io/flags/br.svg,2014,Regular Season - 28,118,Bahia,https://media.api-sports.io/football/teams/118.png,False,132,Chapecoense-sc,https://media.api-sports.io/football/teams/132.png,True,0.0,1.0,0.0,1.0,0.0,1.0,,,,,,,
190723,,UTC,2014-10-12T19:00:00+00:00,1413140400,1413140400.0,1413144000.0,,"Estádio José Pinheiro Borba (Beira-Rio) (Porto Alegre, Rio Grande do Sul)",,Match Finished,FT,90.0,71,Serie A,Brazil,https://media.api-sports.io/football/leagues/71.png,https://media.api-sports.io/flags/br.svg,2014,Regular Season - 28,119,Internacional,https://media.api-sports.io/football/teams/119.png,True,124,Fluminense,https://media.api-sports.io/football/teams/124.png,False,2.0,1.0,0.0,0.0,2.0,1.0,,,,,,,
190720,,UTC,2014-10-12T19:00:00+00:00,1413140400,1413140400.0,1413144000.0,,"Estadio Jornalista Mário Filho (Maracanã) (Rio de Janeiro, Rio de Janeiro)",,Match Finished,FT,90.0,71,Serie A,Brazil,https://media.api-sports.io/football/leagues/71.png,https://media.api-sports.io/flags/br.svg,2014,Regular Season - 28,127,Flamengo,https://media.api-sports.io/football/teams/127.png,True,135,Cruzeiro,https://media.api-sports.io/football/teams/135.png,False,3.0,0.0,1.0,0.0,3.0,0.0,,,,,,,
190721,,UTC,2014-10-12T19:00:00+00:00,1413140400,1413140400.0,1413144000.0,,"Estádio Raimundo Sampaio (Belo Horizonte, Minas Gerais)",,Match Finished,FT,90.0,71,Serie A,Brazil,https://media.api-sports.io/football/leagues/71.png,https://media.api-sports.io/flags/br.svg,2014,Regular Season - 28,1062,Atletico-MG,https://media.api-sports.io/football/teams/1062.png,True,126,Sao Paulo,https://media.api-sports.io/football/teams/126.png,False,1.0,0.0,0.0,0.0,1.0,0.0,,,,,,,
190724,,UTC,2014-10-12T21:30:00+00:00,1413149400,1413149400.0,1413153000.0,,"Estádio Adelmar da Costa Carvalho (Recife, Pernambuco)",,Match Finished,FT,90.0,71,Serie A,Brazil,https://media.api-sports.io/football/leagues/71.png,https://media.api-sports.io/flags/br.svg,2014,Regular Season - 28,123,Sport Recife,https://media.api-sports.io/football/teams/123.png,False,136,Vitoria,https://media.api-sports.io/football/teams/136.png,True,1.0,2.0,1.0,2.0,1.0,2.0,,,,,,,
190725,,UTC,2014-10-12T21:30:00+00:00,1413149400,1413149400.0,1413153000.0,,"Estádio Joaquim Américo Guimarães (Curitiba, Paraná)",,Match Finished,FT,90.0,71,Serie A,Brazil,https://media.api-sports.io/football/leagues/71.png,https://media.api-sports.io/flags/br.svg,2014,Regular Season - 28,134,Atletico Paranaense,https://media.api-sports.io/football/teams/134.png,True,137,Figueirense,https://media.api-sports.io/football/teams/137.png,False,3.0,0.0,0.0,0.0,3.0,0.0,,,,,,,
190726,,UTC,2014-10-12T21:30:00+00:00,1413149400,1413149400.0,1413153000.0,,"Estádio Heriberto Hülse (Criciúma, Santa Catarina)",,Match Finished,FT,90.0,71,Serie A,Brazil,https://media.api-sports.io/football/leagues/71.png,https://media.api-sports.io/flags/br.svg,2014,Regular Season - 28,140,Criciuma,https://media.api-sports.io/football/teams/140.png,True,128,Santos,https://media.api-sports.io/football/teams/128.png,False,3.0,0.0,2.0,0.0,3.0,0.0,,,,,,,
190727,,UTC,2014-10-18T21:30:00+00:00,1413667800,1413667800.0,1413671400.0,,"Estadio Jornalista Mário Filho (Maracanã) (Rio de Janeiro, Rio de Janeiro)",,Match Finished,FT,90.0,71,Serie A,Brazil,https://media.api-sports.io/football/leagues/71.png,https://media.api-sports.io/flags/br.svg,2014,Regular Season - 29,124,Fluminense,https://media.api-sports.io/football/teams/124.png,True,140,Criciuma,https://media.api-sports.io/football/teams/140.png,False,4.0,2.0,1.0,1.0,4.0,2.0,,,,,,,
190728,,UTC,2014-10-18T21:30:00+00:00,1413667800,1413667800.0,1413671400.0,,"Estádio Cícero Pompeu de Toledo (Morumbi) (São Paulo, São Paulo)",,Match Finished,FT,90.0,71,Serie A,Brazil,https://media.api-sports.io/football/leagues/71.png,https://media.api-sports.io/flags/br.svg,2014,Regular Season - 29,126,Sao Paulo,https://media.api-sports.io/football/teams/126.png,True,118,Bahia,https://media.api-sports.io/football/teams/118.png,False,2.0,1.0,1.0,0.0,2.0,1.0,,,,,,,
190729,,UTC,2014-10-18T21:30:00+00:00,1413667800,1413667800.0,1413671400.0,,"Estádio do Governo do Estado de Goiás (Serra Dourada) (Goiânia, Goiás)",,Match Finished,FT,90.0,71,Serie A,Brazil,https://media.api-sports.io/football/leagues/71.png,https://media.api-sports.io/flags/br.svg,2014,Regular Season - 29,151,Goias,https://media.api-sports.io/football/teams/151.png,,130,Gremio,https://media.api-sports.io/football/teams/130.png,,0.0,0.0,0.0,0.0,0.0,0.0,,,,,,,
190730,,UTC,2014-10-19T00:00:00+00:00,1413676800,1413676800.0,1413680400.0,,"Estádio Raimundo Sampaio (Belo Horizonte, Minas Gerais)",,Match Finished,FT,90.0,71,Serie A,Brazil,https://media.api-sports.io/football/leagues/71.png,https://media.api-sports.io/flags/br.svg,2014,Regular Season - 29,1062,Atletico-MG,https://media.api-sports.io/football/teams/1062.png,True,132,Chapecoense-sc,https://media.api-sports.io/football/teams/132.png,False,1.0,0.0,1.0,0.0,1.0,0.0,,,,,,,
190733,,UTC,2014-10-19T18:00:00+00:00,1413741600,1413741600.0,1413745200.0,,"Estádio José Pinheiro Borba (Beira-Rio) (Porto Alegre, Rio Grande do Sul)",,Match Finished,FT,90.0,71,Serie A,Brazil,https://media.api-sports.io/football/leagues/71.png,https://media.api-sports.io/flags/br.svg,2014,Regular Season - 29,119,Internacional,https://media.api-sports.io/football/teams/119.png,False,131,Corinthians,https://media.api-sports.io/football/teams/131.png,True,1.0,2.0,0.0,2.0,1.0,2.0,,,,,,,
190731,,UTC,2014-10-19T18:00:00+00:00,1413741600,1413741600.0,1413745200.0,,"Estádio Municipal Paulo Machado de Carvalho (São Paulo, São Paulo)",,Match Finished,FT,90.0,71,Serie A,Brazil,https://media.api-sports.io/football/leagues/71.png,https://media.api-sports.io/flags/br.svg,2014,Regular Season - 29,121,Palmeiras,https://media.api-sports.io/football/teams/121.png,False,128,Santos,https://media.api-sports.io/football/teams/128.png,True,1.0,3.0,0.0,2.0,1.0,3.0,,,,,,,
190732,,UTC,2014-10-19T18:00:00+00:00,1413741600,1413741600.0,1413745200.0,,"Estádio Joaquim Américo Guimarães (Curitiba, Paraná)",,Match Finished,FT,90.0,71,Serie A,Brazil,https://media.api-sports.io/football/leagues/71.png,https://media.api-sports.io/flags/br.svg,2014,Regular Season - 29,134,Atletico Paranaense,https://media.api-sports.io/football/teams/134.png,True,127,Flamengo,https://media.api-sports.io/football/teams/127.png,False,2.0,1.0,2.0,1.0,2.0,1.0,,,,,,,
190734,,UTC,2014-10-19T18:00:00+00:00,1413741600,1413741600.0,1413745200.0,,"Estádio Orlando Scarpelli (Florianópolis, Santa Catarina)",,Match Finished,FT,90.0,71,Serie A,Brazil,https://media.api-sports.io/football/leagues/71.png,https://media.api-sports.io/flags/br.svg,2014,Regular Season - 29,137,Figueirense,https://media.api-sports.io/football/teams/137.png,True,147,Coritiba,https://media.api-sports.io/football/teams/147.png,False,4.0,0.0,1.0,0.0,4.0,0.0,,,,,,,
190735,,UTC,2014-10-19T20:30:00+00:00,1413750600,1413750600.0,1413754200.0,,"Estádio General Sílvio Raulino de Oliveira (Volta Redonda, Rio de Janeiro)",,Match Finished,FT,90.0,71,Serie A,Brazil,https://media.api-sports.io/football/leagues/71.png,https://media.api-sports.io/flags/br.svg,2014,Regular Season - 29,120,Botafogo,https://media.api-sports.io/football/teams/120.png,,123,Sport Recife,https://media.api-sports.io/football/teams/123.png,,1.0,1.0,0.0,1.0,1.0,1.0,,,,,,,
190736,,UTC,2014-10-19T20:30:00+00:00,1413750600,1413750600.0,1413754200.0,,"Estádio Manoel Barradas (Salvador, Bahia)",,Match Finished,FT,90.0,71,Serie A,Brazil,https://media.api-sports.io/football/leagues/71.png,https://media.api-sports.io/flags/br.svg,2014,Regular Season - 29,136,Vitoria,https://media.api-sports.io/football/teams/136.png,False,135,Cruzeiro,https://media.api-sports.io/football/teams/135.png,True,0.0,1.0,0.0,0.0,0.0,1.0,,,,,,,
190737,,UTC,2014-10-21T23:50:00+00:00,1413935400,1413935400.0,1413939000.0,,"Itaipava Arena Fonte Nova (Salvador, Bahia)",,Match Finished,FT,90.0,71,Serie A,Brazil,https://media.api-sports.io/football/leagues/71.png,https://media.api-sports.io/flags/br.svg,2014,Regular Season - 30,118,Bahia,https://media.api-sports.io/football/teams/118.png,,1062,Atletico-MG,https://media.api-sports.io/football/teams/1062.png,,1.0,1.0,0.0,0.0,1.0,1.0,,,,,,,
190738,,UTC,2014-10-22T21:30:00+00:00,1414013400,1414013400.0,1414017000.0,,"Estadio Jornalista Mário Filho (Maracanã) (Rio de Janeiro, Rio de Janeiro)",,Match Finished,FT,90.0,71,Serie A,Brazil,https://media.api-sports.io/football/leagues/71.png,https://media.api-sports.io/flags/br.svg,2014,Regular Season - 30,127,Flamengo,https://media.api-sports.io/football/teams/127.png,True,119,Internacional,https://media.api-sports.io/football/teams/119.png,False,2.0,0.0,0.0,0.0,2.0,0.0,,,,,,,
190739,,UTC,2014-10-22T21:30:00+00:00,1414013400,1414013400.0,1414017000.0,,"Arena Pantanal (Cuiabá, Mato Grosso)",,Match Finished,FT,90.0,71,Serie A,Brazil,https://media.api-sports.io/football/leagues/71.png,https://media.api-sports.io/flags/br.svg,2014,Regular Season - 30,131,Corinthians,https://media.api-sports.io/football/teams/131.png,True,136,Vitoria,https://media.api-sports.io/football/teams/136.png,False,2.0,1.0,1.0,0.0,2.0,1.0,,,,,,,
190740,,UTC,2014-10-22T21:30:00+00:00,1414013400,1414013400.0,1414017000.0,,"Estádio Governador Magalhães Pinto (Belo Horizonte, Minas Gerais)",,Match Finished,FT,90.0,71,Serie A,Brazil,https://media.api-sports.io/football/leagues/71.png,https://media.api-sports.io/flags/br.svg,2014,Regular Season - 30,135,Cruzeiro,https://media.api-sports.io/football/teams/135.png,,121,Palmeiras,https://media.api-sports.io/football/teams/121.png,,1.0,1.0,0.0,0.0,1.0,1.0,,,,,,,
190741,,UTC,2014-10-22T21:30:00+00:00,1414013400,1414013400.0,1414017000.0,,"Estádio Heriberto Hülse (Criciúma, Santa Catarina)",,Match Finished,FT,90.0,71,Serie A,Brazil,https://media.api-sports.io/football/leagues/71.png,https://media.api-sports.io/flags/br.svg,2014,Regular Season - 30,140,Criciuma,https://media.api-sports.io/football/teams/140.png,False,134,Atletico Paranaense,https://media.api-sports.io/football/teams/134.png,True,0.0,1.0,0.0,0.0,0.0,1.0,,,,,,,
190743,,UTC,2014-10-22T23:00:00+00:00,1414018800,1414018800.0,1414022400.0,,"Arena do Grêmio (Porto Alegre, Rio Grande do Sul)",,Match Finished,FT,90.0,71,Serie A,Brazil,https://media.api-sports.io/football/leagues/71.png,https://media.api-sports.io/flags/br.svg,2014,Regular Season - 30,130,Gremio,https://media.api-sports.io/football/teams/130.png,True,137,Figueirense,https://media.api-sports.io/football/teams/137.png,False,1.0,0.0,1.0,0.0,1.0,0.0,,,,,,,
190742,,UTC,2014-10-22T23:00:00+00:00,1414018800,1414018800.0,1414022400.0,,"Estádio Major Antônio Couto Pereira (Curitiba, Paraná)",,Match Finished,FT,90.0,71,Serie A,Brazil,https://media.api-sports.io/football/leagues/71.png,https://media.api-sports.io/flags/br.svg,2014,Regular Season - 30,147,Coritiba,https://media.api-sports.io/football/teams/147.png,True,120,Botafogo,https://media.api-sports.io/football/teams/120.png,False,2.0,0.0,1.0,0.0,2.0,0.0,,,,,,,
190744,,UTC,2014-10-23T00:00:00+00:00,1414022400,1414022400.0,1414026000.0,,"Estádio Urbano Caldeira (Santos, São Paulo)",,Match Finished,FT,90.0,71,Serie A,Brazil,https://media.api-sports.io/football/leagues/71.png,https://media.api-sports.io/flags/br.svg,2014,Regular Season - 30,128,Santos,https://media.api-sports.io/football/teams/128.png,False,124,Fluminense,https://media.api-sports.io/football/teams/124.png,True,0.0,1.0,0.0,0.0,0.0,1.0,,,,,,,
190745,,UTC,2014-10-23T00:00:00+00:00,1414022400,1414022400.0,1414026000.0,,"Arena Condá (Chapecó, Santa Catarina)",,Match Finished,FT,90.0,71,Serie A,Brazil,https://media.api-sports.io/football/leagues/71.png,https://media.api-sports.io/flags/br.svg,2014,Regular Season - 30,132,Chapecoense-sc,https://media.api-sports.io/football/teams/132.png,,126,Sao Paulo,https://media.api-sports.io/football/teams/126.png,,0.0,0.0,0.0,0.0,0.0,0.0,,,,,,,
190746,,UTC,2014-10-23T00:30:00+00:00,1414024200,1414024200.0,1414027800.0,,"Estádio Adelmar da Costa Carvalho (Recife, Pernambuco)",,Match Finished,FT,90.0,71,Serie A,Brazil,https://media.api-sports.io/football/leagues/71.png,https://media.api-sports.io/flags/br.svg,2014,Regular Season - 30,123,Sport Recife,https://media.api-sports.io/football/teams/123.png,False,151,Goias,https://media.api-sports.io/football/teams/151.png,True,0.0,1.0,0.0,0.0,0.0,1.0,,,,,,,
190748,,UTC,2014-10-25T18:20:00+00:00,1414261200,1414261200.0,1414264800.0,,"Estádio Municipal Paulo Machado de Carvalho (São Paulo, São Paulo)",,Match Finished,FT,90.0,71,Serie A,Brazil,https://media.api-sports.io/football/leagues/71.png,https://media.api-sports.io/flags/br.svg,2014,Regular Season - 31,121,Palmeiras,https://media.api-sports.io/football/teams/121.png,,131,Corinthians,https://media.api-sports.io/football/teams/131.png,,1.0,1.0,1.0,0.0,1.0,1.0,,,,,,,
190747,,UTC,2014-10-25T18:20:00+00:00,1414261200,1414261200.0,1414264800.0,,"Estadio Jornalista Mário Filho (Maracanã) (Rio de Janeiro, Rio de Janeiro)",,Match Finished,FT,90.0,71,Serie A,Brazil,https://media.api-sports.io/football/leagues/71.png,https://media.api-sports.io/flags/br.svg,2014,Regular Season - 31,124,Fluminense,https://media.api-sports.io/football/teams/124.png,True,134,Atletico Paranaense,https://media.api-sports.io/football/teams/134.png,False,2.0,1.0,0.0,0.0,2.0,1.0,,,,,,,
190749,,UTC,2014-10-25T18:20:00+00:00,1414261200,1414261200.0,1414264800.0,,"Estádio Orlando Scarpelli (Florianópolis, Santa Catarina)",,Match Finished,FT,90.0,71,Serie A,Brazil,https://media.api-sports.io/football/leagues/71.png,https://media.api-sports.io/flags/br.svg,2014,Regular Season - 31,137,Figueirense,https://media.api-sports.io/football/teams/137.png,,135,Cruzeiro,https://media.api-sports.io/football/teams/135.png,,1.0,1.0,0.0,1.0,1.0,1.0,,,,,,,
190753,,UTC,2014-10-25T20:30:00+00:00,1414269000,1414269000.0,1414272600.0,,"Arena Condá (Chapecó, Santa Catarina)",,Match Finished,FT,90.0,71,Serie A,Brazil,https://media.api-sports.io/football/leagues/71.png,https://media.api-sports.io/flags/br.svg,2014,Regular Season - 31,132,Chapecoense-sc,https://media.api-sports.io/football/teams/132.png,,128,Santos,https://media.api-sports.io/football/teams/128.png,,1.0,1.0,0.0,1.0,1.0,1.0,,,,,,,
190752,,UTC,2014-10-25T20:30:00+00:00,1414269000,1414269000.0,1414272600.0,,"Estádio Manoel Barradas (Salvador, Bahia)",,Match Finished,FT,90.0,71,Serie A,Brazil,https://media.api-sports.io/football/leagues/71.png,https://media.api-sports.io/flags/br.svg,2014,Regular Season - 31,136,Vitoria,https://media.api-sports.io/football/teams/136.png,True,140,Criciuma,https://media.api-sports.io/football/teams/140.png,False,3.0,1.0,0.0,0.0,3.0,1.0,,,,,,,
190750,,UTC,2014-10-25T20:30:00+00:00,1414269000,1414269000.0,1414272600.0,,"Estádio Major Antônio Couto Pereira (Curitiba, Paraná)",,Match Finished,FT,90.0,71,Serie A,Brazil,https://media.api-sports.io/football/leagues/71.png,https://media.api-sports.io/flags/br.svg,2014,Regular Season - 31,147,Coritiba,https://media.api-sports.io/football/teams/147.png,,130,Gremio,https://media.api-sports.io/football/teams/130.png,,1.0,1.0,1.0,0.0,1.0,1.0,,,,,,,
190751,,UTC,2014-10-25T20:30:00+00:00,1414269000,1414269000.0,1414272600.0,,"Estádio Raimundo Sampaio (Belo Horizonte, Minas Gerais)",,Match Finished,FT,90.0,71,Serie A,Brazil,https://media.api-sports.io/football/leagues/71.png,https://media.api-sports.io/flags/br.svg,2014,Regular Season - 31,1062,Atletico-MG,https://media.api-sports.io/football/teams/1062.png,True,123,Sport Recife,https://media.api-sports.io/football/teams/123.png,False,3.0,2.0,1.0,1.0,3.0,2.0,,,,,,,
190755,,UTC,2014-10-25T23:00:00+00:00,1414278000,1414278000.0,1414281600.0,,"Estádio José Pinheiro Borba (Beira-Rio) (Porto Alegre, Rio Grande do Sul)",,Match Finished,FT,90.0,71,Serie A,Brazil,https://media.api-sports.io/football/leagues/71.png,https://media.api-sports.io/flags/br.svg,2014,Regular Season - 31,119,Internacional,https://media.api-sports.io/football/teams/119.png,True,118,Bahia,https://media.api-sports.io/football/teams/118.png,False,2.0,0.0,2.0,0.0,2.0,0.0,,,,,,,
190754,,UTC,2014-10-25T23:00:00+00:00,1414278000,1414278000.0,1414281600.0,,"Arena Amazônia (Manaus, Amazonas)",,Match Finished,FT,90.0,71,Serie A,Brazil,https://media.api-sports.io/football/leagues/71.png,https://media.api-sports.io/flags/br.svg,2014,Regular Season - 31,120,Botafogo,https://media.api-sports.io/football/teams/120.png,True,127,Flamengo,https://media.api-sports.io/football/teams/127.png,False,2.0,1.0,1.0,0.0,2.0,1.0,,,,,,,
190756,,UTC,2014-10-27T22:30:00+00:00,1414449000,1414449000.0,1414452600.0,,"Estádio Cícero Pompeu de Toledo (Morumbi) (São Paulo, São Paulo)",,Match Finished,FT,90.0,71,Serie A,Brazil,https://media.api-sports.io/football/leagues/71.png,https://media.api-sports.io/flags/br.svg,2014,Regular Season - 31,126,Sao Paulo,https://media.api-sports.io/football/teams/126.png,True,151,Goias,https://media.api-sports.io/football/teams/151.png,False,3.0,0.0,2.0,0.0,3.0,0.0,,,,,,,
190757,,UTC,2014-11-01T21:30:00+00:00,1414877400,1414877400.0,1414881000.0,,"Arena do Grêmio (Porto Alegre, Rio Grande do Sul)",,Match Finished,FT,90.0,71,Serie A,Brazil,https://media.api-sports.io/football/leagues/71.png,https://media.api-sports.io/flags/br.svg,2014,Regular Season - 32,130,Gremio,https://media.api-sports.io/football/teams/130.png,True,136,Vitoria,https://media.api-sports.io/football/teams/136.png,False,1.0,0.0,1.0,0.0,1.0,0.0,,,,,,,
190758,,UTC,2014-11-01T21:30:00+00:00,1414877400,1414877400.0,1414881000.0,,"Estádio do Governo do Estado de Goiás (Serra Dourada) (Goiânia, Goiás)",,Match Finished,FT,90.0,71,Serie A,Brazil,https://media.api-sports.io/football/leagues/71.png,https://media.api-sports.io/flags/br.svg,2014,Regular Season - 32,151,Goias,https://media.api-sports.io/football/teams/151.png,False,124,Fluminense,https://media.api-sports.io/football/teams/124.png,True,0.0,2.0,0.0,1.0,0.0,2.0,,,,,,,
190759,,UTC,2014-11-01T23:00:00+00:00,1414882800,1414882800.0,1414886400.0,,"Arena Corinthians (São Paulo, São Paulo)",,Match Finished,FT,90.0,71,Serie A,Brazil,https://media.api-sports.io/football/leagues/71.png,https://media.api-sports.io/flags/br.svg,2014,Regular Season - 32,131,Corinthians,https://media.api-sports.io/football/teams/131.png,,147,Coritiba,https://media.api-sports.io/football/teams/147.png,,2.0,2.0,0.0,2.0,2.0,2.0,,,,,,,
190760,,UTC,2014-11-02T19:00:00+00:00,1414954800,1414954800.0,1414958400.0,,"Estádio Adelmar da Costa Carvalho (Recife, Pernambuco)",,Match Finished,FT,90.0,71,Serie A,Brazil,https://media.api-sports.io/football/leagues/71.png,https://media.api-sports.io/flags/br.svg,2014,Regular Season - 32,123,Sport Recife,https://media.api-sports.io/football/teams/123.png,True,137,Figueirense,https://media.api-sports.io/football/teams/137.png,False,1.0,0.0,0.0,0.0,1.0,0.0,,,,,,,
190761,,UTC,2014-11-02T19:00:00+00:00,1414954800,1414954800.0,1414958400.0,,"Estádio Urbano Caldeira (Santos, São Paulo)",,Match Finished,FT,90.0,71,Serie A,Brazil,https://media.api-sports.io/football/leagues/71.png,https://media.api-sports.io/flags/br.svg,2014,Regular Season - 32,128,Santos,https://media.api-sports.io/football/teams/128.png,False,119,Internacional,https://media.api-sports.io/football/teams/119.png,True,1.0,2.0,0.0,1.0,1.0,2.0,,,,,,,
190762,,UTC,2014-11-02T19:00:00+00:00,1414954800,1414954800.0,1414958400.0,,"Estádio Governador Magalhães Pinto (Belo Horizonte, Minas Gerais)",,Match Finished,FT,90.0,71,Serie A,Brazil,https://media.api-sports.io/football/leagues/71.png,https://media.api-sports.io/flags/br.svg,2014,Regular Season - 32,135,Cruzeiro,https://media.api-sports.io/football/teams/135.png,True,120,Botafogo,https://media.api-sports.io/football/teams/120.png,False,2.0,1.0,2.0,0.0,2.0,1.0,,,,,,,
190763,,UTC,2014-11-02T19:00:00+00:00,1414954800,1414954800.0,1414958400.0,,"Estádio Heriberto Hülse (Criciúma, Santa Catarina)",,Match Finished,FT,90.0,71,Serie A,Brazil,https://media.api-sports.io/football/leagues/71.png,https://media.api-sports.io/flags/br.svg,2014,Regular Season - 32,140,Criciuma,https://media.api-sports.io/football/teams/140.png,False,126,Sao Paulo,https://media.api-sports.io/football/teams/126.png,True,1.0,2.0,0.0,1.0,1.0,2.0,,,,,,,
190764,,UTC,2014-11-02T21:30:00+00:00,1414963800,1414963800.0,1414967400.0,,"Estadio Jornalista Mário Filho (Maracanã) (Rio de Janeiro, Rio de Janeiro)",,Match Finished,FT,90.0,71,Serie A,Brazil,https://media.api-sports.io/football/leagues/71.png,https://media.api-sports.io/flags/br.svg,2014,Regular Season - 32,127,Flamengo,https://media.api-sports.io/football/teams/127.png,True,132,Chapecoense-sc,https://media.api-sports.io/football/teams/132.png,False,3.0,0.0,0.0,0.0,3.0,0.0,,,,,,,
190765,,UTC,2014-11-02T21:30:00+00:00,1414963800,1414963800.0,1414967400.0,,"Estádio Joaquim Américo Guimarães (Curitiba, Paraná)",,Match Finished,FT,90.0,71,Serie A,Brazil,https://media.api-sports.io/football/leagues/71.png,https://media.api-sports.io/flags/br.svg,2014,Regular Season - 32,134,Atletico Paranaense,https://media.api-sports.io/football/teams/134.png,True,1062,Atletico-MG,https://media.api-sports.io/football/teams/1062.png,False,1.0,0.0,1.0,0.0,1.0,0.0,,,,,,,
190766,,UTC,2014-11-02T22:00:00+00:00,1414965600,1414965600.0,1414969200.0,,"Itaipava Arena Fonte Nova (Salvador, Bahia)",,Match Finished,FT,90.0,71,Serie A,Brazil,https://media.api-sports.io/football/leagues/71.png,https://media.api-sports.io/flags/br.svg,2014,Regular Season - 32,118,Bahia,https://media.api-sports.io/football/teams/118.png,False,121,Palmeiras,https://media.api-sports.io/football/teams/121.png,True,0.0,1.0,0.0,1.0,0.0,1.0,,,,,,,
190767,,UTC,2014-11-08T21:30:00+00:00,1415482200,1415482200.0,1415485800.0,,"Estádio Municipal Paulo Machado de Carvalho (São Paulo, São Paulo)",,Match Finished,FT,90.0,71,Serie A,Brazil,https://media.api-sports.io/football/leagues/71.png,https://media.api-sports.io/flags/br.svg,2014,Regular Season - 33,121,Palmeiras,https://media.api-sports.io/football/teams/121.png,False,1062,Atletico-MG,https://media.api-sports.io/football/teams/1062.png,True,0.0,2.0,0.0,1.0,0.0,2.0,,,,,,,
190768,,UTC,2014-11-08T21:30:00+00:00,1415482200,1415482200.0,1415485800.0,,"Estádio Major Antônio Couto Pereira (Curitiba, Paraná)",,Match Finished,FT,90.0,71,Serie A,Brazil,https://media.api-sports.io/football/leagues/71.png,https://media.api-sports.io/flags/br.svg,2014,Regular Season - 33,147,Coritiba,https://media.api-sports.io/football/teams/147.png,True,124,Fluminense,https://media.api-sports.io/football/teams/124.png,False,1.0,0.0,1.0,0.0,1.0,0.0,,,,,,,
190769,,UTC,2014-11-08T23:00:00+00:00,1415487600,1415487600.0,1415491200.0,,"Estádio General Sílvio Raulino de Oliveira (Volta Redonda, Rio de Janeiro)",,Match Finished,FT,90.0,71,Serie A,Brazil,https://media.api-sports.io/football/leagues/71.png,https://media.api-sports.io/flags/br.svg,2014,Regular Season - 33,120,Botafogo,https://media.api-sports.io/football/teams/120.png,False,134,Atletico Paranaense,https://media.api-sports.io/football/teams/134.png,True,0.0,2.0,0.0,1.0,0.0,2.0,,,,,,,
190770,,UTC,2014-11-09T19:00:00+00:00,1415559600,1415559600.0,1415563200.0,,"Itaipava Arena Pernambuco (Recife, Pernambuco)",,Match Finished,FT,90.0,71,Serie A,Brazil,https://media.api-sports.io/football/leagues/71.png,https://media.api-sports.io/flags/br.svg,2014,Regular Season - 33,123,Sport Recife,https://media.api-sports.io/football/teams/123.png,,127,Flamengo,https://media.api-sports.io/football/teams/127.png,,2.0,2.0,0.0,2.0,2.0,2.0,,,,,,,
190772,,UTC,2014-11-09T19:00:00+00:00,1415559600,1415559600.0,1415563200.0,,"Arena do Grêmio (Porto Alegre, Rio Grande do Sul)",,Match Finished,FT,90.0,71,Serie A,Brazil,https://media.api-sports.io/football/leagues/71.png,https://media.api-sports.io/flags/br.svg,2014,Regular Season - 33,130,Gremio,https://media.api-sports.io/football/teams/130.png,True,119,Internacional,https://media.api-sports.io/football/teams/119.png,False,4.0,1.0,1.0,0.0,4.0,1.0,,,,,,,
190771,,UTC,2014-11-09T19:00:00+00:00,1415559600,1415559600.0,1415563200.0,,"Estádio Manoel Barradas (Salvador, Bahia)",,Match Finished,FT,90.0,71,Serie A,Brazil,https://media.api-sports.io/football/leagues/71.png,https://media.api-sports.io/flags/br.svg,2014,Regular Season - 33,136,Vitoria,https://media.api-sports.io/football/teams/136.png,False,126,Sao Paulo,https://media.api-sports.io/football/teams/126.png,True,1.0,2.0,0.0,1.0,1.0,2.0,,,,,,,
190773,,UTC,2014-11-09T19:00:00+00:00,1415559600,1415559600.0,1415563200.0,,"Estádio Orlando Scarpelli (Florianópolis, Santa Catarina)",,Match Finished,FT,90.0,71,Serie A,Brazil,https://media.api-sports.io/football/leagues/71.png,https://media.api-sports.io/flags/br.svg,2014,Regular Season - 33,137,Figueirense,https://media.api-sports.io/football/teams/137.png,True,132,Chapecoense-sc,https://media.api-sports.io/football/teams/132.png,False,1.0,0.0,0.0,0.0,1.0,0.0,,,,,,,
190774,,UTC,2014-11-09T21:30:00+00:00,1415568600,1415568600.0,1415572200.0,,"Arena Corinthians (São Paulo, São Paulo)",,Match Finished,FT,90.0,71,Serie A,Brazil,https://media.api-sports.io/football/leagues/71.png,https://media.api-sports.io/flags/br.svg,2014,Regular Season - 33,131,Corinthians,https://media.api-sports.io/football/teams/131.png,True,128,Santos,https://media.api-sports.io/football/teams/128.png,False,1.0,0.0,1.0,0.0,1.0,0.0,,,,,,,
190775,,UTC,2014-11-09T21:30:00+00:00,1415568600,1415568600.0,1415572200.0,,"Estádio Governador Magalhães Pinto (Belo Horizonte, Minas Gerais)",,Match Finished,FT,90.0,71,Serie A,Brazil,https://media.api-sports.io/football/leagues/71.png,https://media.api-sports.io/flags/br.svg,2014,Regular Season - 33,135,Cruzeiro,https://media.api-sports.io/football/teams/135.png,True,140,Criciuma,https://media.api-sports.io/football/teams/140.png,False,3.0,1.0,0.0,1.0,3.0,1.0,,,,,,,
190776,,UTC,2014-11-09T21:30:00+00:00,1415568600,1415568600.0,1415572200.0,,"Estádio do Governo do Estado de Goiás (Serra Dourada) (Goiânia, Goiás)",,Match Finished,FT,90.0,71,Serie A,Brazil,https://media.api-sports.io/football/leagues/71.png,https://media.api-sports.io/flags/br.svg,2014,Regular Season - 33,151,Goias,https://media.api-sports.io/football/teams/151.png,True,118,Bahia,https://media.api-sports.io/football/teams/118.png,False,3.0,0.0,0.0,0.0,3.0,0.0,,,,,,,
190787,,UTC,2014-11-13T00:00:00+00:00,1415836800,1415836800.0,1415840400.0,,"Estádio Cícero Pompeu de Toledo (Morumbi) (São Paulo, São Paulo)",,Match Finished,FT,90.0,71,Serie A,Brazil,https://media.api-sports.io/football/leagues/71.png,https://media.api-sports.io/flags/br.svg,2014,Regular Season - 35,126,Sao Paulo,https://media.api-sports.io/football/teams/126.png,,119,Internacional,https://media.api-sports.io/football/teams/119.png,,1.0,1.0,0.0,1.0,1.0,1.0,,,,,,,
190777,,UTC,2014-11-15T21:30:00+00:00,1416087000,1416087000.0,1416090600.0,,"Estadio Jornalista Mário Filho (Maracanã) (Rio de Janeiro, Rio de Janeiro)",,Match Finished,FT,90.0,71,Serie A,Brazil,https://media.api-sports.io/football/leagues/71.png,https://media.api-sports.io/flags/br.svg,2014,Regular Season - 34,124,Fluminense,https://media.api-sports.io/football/teams/124.png,True,120,Botafogo,https://media.api-sports.io/football/teams/120.png,False,1.0,0.0,0.0,0.0,1.0,0.0,,,,,,,
190778,,UTC,2014-11-15T21:30:00+00:00,1416087000,1416087000.0,1416090600.0,,"Estádio Heriberto Hülse (Criciúma, Santa Catarina)",,Match Finished,FT,90.0,71,Serie A,Brazil,https://media.api-sports.io/football/leagues/71.png,https://media.api-sports.io/flags/br.svg,2014,Regular Season - 34,140,Criciuma,https://media.api-sports.io/football/teams/140.png,False,130,Gremio,https://media.api-sports.io/football/teams/130.png,True,0.0,3.0,0.0,2.0,0.0,3.0,,,,,,,
190782,,UTC,2014-11-16T19:00:00+00:00,1416164400,1416164400.0,1416168000.0,,"Itaipava Arena Fonte Nova (Salvador, Bahia)",,Match Finished,FT,90.0,71,Serie A,Brazil,https://media.api-sports.io/football/leagues/71.png,https://media.api-sports.io/flags/br.svg,2014,Regular Season - 34,118,Bahia,https://media.api-sports.io/football/teams/118.png,False,131,Corinthians,https://media.api-sports.io/football/teams/131.png,True,1.0,2.0,0.0,1.0,1.0,2.0,,,,,,,
190783,,UTC,2014-11-16T19:00:00+00:00,1416164400,1416164400.0,1416168000.0,,"Estádio José Pinheiro Borba (Beira-Rio) (Porto Alegre, Rio Grande do Sul)",,Match Finished,FT,90.0,71,Serie A,Brazil,https://media.api-sports.io/football/leagues/71.png,https://media.api-sports.io/flags/br.svg,2014,Regular Season - 34,119,Internacional,https://media.api-sports.io/football/teams/119.png,True,151,Goias,https://media.api-sports.io/football/teams/151.png,False,1.0,0.0,0.0,0.0,1.0,0.0,,,,,,,
190779,,UTC,2014-11-16T19:00:00+00:00,1416164400,1416164400.0,1416168000.0,,"Estadio Jornalista Mário Filho (Maracanã) (Rio de Janeiro, Rio de Janeiro)",,Match Finished,FT,90.0,71,Serie A,Brazil,https://media.api-sports.io/football/leagues/71.png,https://media.api-sports.io/flags/br.svg,2014,Regular Season - 34,127,Flamengo,https://media.api-sports.io/football/teams/127.png,True,147,Coritiba,https://media.api-sports.io/football/teams/147.png,False,3.0,2.0,1.0,0.0,3.0,2.0,,,,,,,
190780,,UTC,2014-11-16T19:00:00+00:00,1416164400,1416164400.0,1416168000.0,,"Estádio Urbano Caldeira (Santos, São Paulo)",,Match Finished,FT,90.0,71,Serie A,Brazil,https://media.api-sports.io/football/leagues/71.png,https://media.api-sports.io/flags/br.svg,2014,Regular Season - 34,128,Santos,https://media.api-sports.io/football/teams/128.png,False,135,Cruzeiro,https://media.api-sports.io/football/teams/135.png,True,0.0,1.0,0.0,0.0,0.0,1.0,,,,,,,
190781,,UTC,2014-11-16T19:00:00+00:00,1416164400,1416164400.0,1416168000.0,,"Estádio Joaquim Américo Guimarães (Curitiba, Paraná)",,Match Finished,FT,90.0,71,Serie A,Brazil,https://media.api-sports.io/football/leagues/71.png,https://media.api-sports.io/flags/br.svg,2014,Regular Season - 34,134,Atletico Paranaense,https://media.api-sports.io/football/teams/134.png,False,123,Sport Recife,https://media.api-sports.io/football/teams/123.png,True,0.0,1.0,0.0,0.0,0.0,1.0,,,,,,,
190784,,UTC,2014-11-16T21:30:00+00:00,1416173400,1416173400.0,1416177000.0,,"Estádio Cícero Pompeu de Toledo (Morumbi) (São Paulo, São Paulo)",,Match Finished,FT,90.0,71,Serie A,Brazil,https://media.api-sports.io/football/leagues/71.png,https://media.api-sports.io/flags/br.svg,2014,Regular Season - 34,126,Sao Paulo,https://media.api-sports.io/football/teams/126.png,True,121,Palmeiras,https://media.api-sports.io/football/teams/121.png,False,2.0,0.0,1.0,0.0,2.0,0.0,,,,,,,
190786,,UTC,2014-11-16T21:30:00+00:00,1416173400,1416173400.0,1416177000.0,,"Arena Condá (Chapecó, Santa Catarina)",,Match Finished,FT,90.0,71,Serie A,Brazil,https://media.api-sports.io/football/leagues/71.png,https://media.api-sports.io/flags/br.svg,2014,Regular Season - 34,132,Chapecoense-sc,https://media.api-sports.io/football/teams/132.png,False,136,Vitoria,https://media.api-sports.io/football/teams/136.png,True,0.0,1.0,0.0,0.0,0.0,1.0,,,,,,,
190785,,UTC,2014-11-16T21:30:00+00:00,1416173400,1416173400.0,1416177000.0,,"Estádio Raimundo Sampaio (Belo Horizonte, Minas Gerais)",,Match Finished,FT,90.0,71,Serie A,Brazil,https://media.api-sports.io/football/leagues/71.png,https://media.api-sports.io/flags/br.svg,2014,Regular Season - 34,1062,Atletico-MG,https://media.api-sports.io/football/teams/1062.png,,137,Figueirense,https://media.api-sports.io/football/teams/137.png,,1.0,1.0,0.0,1.0,1.0,1.0,,,,,,,
190788,,UTC,2014-11-19T21:30:00+00:00,1416432600,1416432600.0,1416436200.0,,"Estádio Club de Regatas Vasco da Gama (Rio de Janeiro, Rio de Janeiro)",,Match Finished,FT,90.0,71,Serie A,Brazil,https://media.api-sports.io/football/leagues/71.png,https://media.api-sports.io/flags/br.svg,2014,Regular Season - 35,120,Botafogo,https://media.api-sports.io/football/teams/120.png,False,137,Figueirense,https://media.api-sports.io/football/teams/137.png,True,0.0,1.0,0.0,0.0,0.0,1.0,,,,,,,
190789,,UTC,2014-11-19T21:30:00+00:00,1416432600,1416432600.0,1416436200.0,,"Estádio Joaquim Américo Guimarães (Curitiba, Paraná)",,Match Finished,FT,90.0,71,Serie A,Brazil,https://media.api-sports.io/football/leagues/71.png,https://media.api-sports.io/flags/br.svg,2014,Regular Season - 35,134,Atletico Paranaense,https://media.api-sports.io/football/teams/134.png,,128,Santos,https://media.api-sports.io/football/teams/128.png,,1.0,1.0,0.0,1.0,1.0,1.0,,,,,,,
190790,,UTC,2014-11-19T23:00:00+00:00,1416438000,1416438000.0,1416441600.0,,"Estádio Manoel Barradas (Salvador, Bahia)",,Match Finished,FT,90.0,71,Serie A,Brazil,https://media.api-sports.io/football/leagues/71.png,https://media.api-sports.io/flags/br.svg,2014,Regular Season - 35,136,Vitoria,https://media.api-sports.io/football/teams/136.png,,147,Coritiba,https://media.api-sports.io/football/teams/147.png,,1.0,1.0,1.0,1.0,1.0,1.0,,,,,,,
190791,,UTC,2014-11-19T23:00:00+00:00,1416438000,1416438000.0,1416441600.0,,"Estádio Heriberto Hülse (Criciúma, Santa Catarina)",,Match Finished,FT,90.0,71,Serie A,Brazil,https://media.api-sports.io/football/leagues/71.png,https://media.api-sports.io/flags/br.svg,2014,Regular Season - 35,140,Criciuma,https://media.api-sports.io/football/teams/140.png,False,118,Bahia,https://media.api-sports.io/football/teams/118.png,True,0.0,1.0,0.0,0.0,0.0,1.0,,,,,,,
190792,,UTC,2014-11-19T23:00:00+00:00,1416438000,1416438000.0,1416441600.0,,"Estádio Estadual Jornalista Edgar Augusto Proença (Belém, Pará)",,Match Finished,FT,90.0,71,Serie A,Brazil,https://media.api-sports.io/football/leagues/71.png,https://media.api-sports.io/flags/br.svg,2014,Regular Season - 35,151,Goias,https://media.api-sports.io/football/teams/151.png,False,131,Corinthians,https://media.api-sports.io/football/teams/131.png,True,0.0,1.0,0.0,1.0,0.0,1.0,,,,,,,
190793,,UTC,2014-11-20T00:00:00+00:00,1416441600,1416441600.0,1416445200.0,,"Allianz Parque (São Paulo, São Paulo)",,Match Finished,FT,90.0,71,Serie A,Brazil,https://media.api-sports.io/football/leagues/71.png,https://media.api-sports.io/flags/br.svg,2014,Regular Season - 35,121,Palmeiras,https://media.api-sports.io/football/teams/121.png,False,123,Sport Recife,https://media.api-sports.io/football/teams/123.png,True,0.0,2.0,0.0,0.0,0.0,2.0,,,,,,,
190794,,UTC,2014-11-20T00:00:00+00:00,1416441600,1416441600.0,1416445200.0,,"Estádio Raimundo Sampaio (Belo Horizonte, Minas Gerais)",,Match Finished,FT,90.0,71,Serie A,Brazil,https://media.api-sports.io/football/leagues/71.png,https://media.api-sports.io/flags/br.svg,2014,Regular Season - 35,1062,Atletico-MG,https://media.api-sports.io/football/teams/1062.png,True,127,Flamengo,https://media.api-sports.io/football/teams/127.png,False,4.0,0.0,2.0,0.0,4.0,0.0,,,,,,,
190795,,UTC,2014-11-20T21:30:00+00:00,1416519000,1416519000.0,1416522600.0,,"Estadio Jornalista Mário Filho (Maracanã) (Rio de Janeiro, Rio de Janeiro)",,Match Finished,FT,90.0,71,Serie A,Brazil,https://media.api-sports.io/football/leagues/71.png,https://media.api-sports.io/flags/br.svg,2014,Regular Season - 35,124,Fluminense,https://media.api-sports.io/football/teams/124.png,False,132,Chapecoense-sc,https://media.api-sports.io/football/teams/132.png,True,1.0,4.0,0.0,0.0,1.0,4.0,,,,,,,
190796,,UTC,2014-11-20T23:50:00+00:00,1416527400,1416527400.0,1416531000.0,,"Arena do Grêmio (Porto Alegre, Rio Grande do Sul)",,Match Finished,FT,90.0,71,Serie A,Brazil,https://media.api-sports.io/football/leagues/71.png,https://media.api-sports.io/flags/br.svg,2014,Regular Season - 35,130,Gremio,https://media.api-sports.io/football/teams/130.png,False,135,Cruzeiro,https://media.api-sports.io/football/teams/135.png,True,1.0,2.0,1.0,0.0,1.0,2.0,,,,,,,
190797,,UTC,2014-11-22T21:30:00+00:00,1416691800,1416691800.0,1416695400.0,,"Estádio José Pinheiro Borba (Beira-Rio) (Porto Alegre, Rio Grande do Sul)",,Match Finished,FT,90.0,71,Serie A,Brazil,https://media.api-sports.io/football/leagues/71.png,https://media.api-sports.io/flags/br.svg,2014,Regular Season - 36,119,Internacional,https://media.api-sports.io/football/teams/119.png,True,1062,Atletico-MG,https://media.api-sports.io/football/teams/1062.png,False,2.0,1.0,1.0,1.0,2.0,1.0,,,,,,,
190798,,UTC,2014-11-22T23:00:00+00:00,1416697200,1416697200.0,1416700800.0,,"Itaipava Arena Fonte Nova (Salvador, Bahia)",,Match Finished,FT,90.0,71,Serie A,Brazil,https://media.api-sports.io/football/leagues/71.png,https://media.api-sports.io/flags/br.svg,2014,Regular Season - 36,118,Bahia,https://media.api-sports.io/football/teams/118.png,False,134,Atletico Paranaense,https://media.api-sports.io/football/teams/134.png,True,1.0,2.0,0.0,0.0,1.0,2.0,,,,,,,
190800,,UTC,2014-11-23T19:00:00+00:00,1416769200,1416769200.0,1416772800.0,,"Itaipava Arena Pernambuco (Recife, Pernambuco)",,Match Finished,FT,90.0,71,Serie A,Brazil,https://media.api-sports.io/football/leagues/71.png,https://media.api-sports.io/flags/br.svg,2014,Regular Season - 36,123,Sport Recife,https://media.api-sports.io/football/teams/123.png,,124,Fluminense,https://media.api-sports.io/football/teams/124.png,,2.0,2.0,2.0,1.0,2.0,2.0,,,,,,,
190799,,UTC,2014-11-23T19:00:00+00:00,1416769200,1416769200.0,1416772800.0,,"Estádio Governador João Castelo Ribeiro Gonçalves (São Luís, Maranhão)",,Match Finished,FT,90.0,71,Serie A,Brazil,https://media.api-sports.io/football/leagues/71.png,https://media.api-sports.io/flags/br.svg,2014,Regular Season - 36,127,Flamengo,https://media.api-sports.io/football/teams/127.png,,140,Criciuma,https://media.api-sports.io/football/teams/140.png,,1.0,1.0,1.0,0.0,1.0,1.0,,,,,,,
190801,,UTC,2014-11-23T19:00:00+00:00,1416769200,1416769200.0,1416772800.0,,"Arena Pantanal (Cuiabá, Mato Grosso)",,Match Finished,FT,90.0,71,Serie A,Brazil,https://media.api-sports.io/football/leagues/71.png,https://media.api-sports.io/flags/br.svg,2014,Regular Season - 36,128,Santos,https://media.api-sports.io/football/teams/128.png,False,126,Sao Paulo,https://media.api-sports.io/football/teams/126.png,True,0.0,1.0,0.0,0.0,0.0,1.0,,,,,,,
190802,,UTC,2014-11-23T19:00:00+00:00,1416769200,1416769200.0,1416772800.0,,"Estádio Governador Magalhães Pinto (Belo Horizonte, Minas Gerais)",,Match Finished,FT,90.0,71,Serie A,Brazil,https://media.api-sports.io/football/leagues/71.png,https://media.api-sports.io/flags/br.svg,2014,Regular Season - 36,135,Cruzeiro,https://media.api-sports.io/football/teams/135.png,True,151,Goias,https://media.api-sports.io/football/teams/151.png,False,2.0,1.0,1.0,1.0,2.0,1.0,,,,,,,
190803,,UTC,2014-11-23T19:00:00+00:00,1416769200,1416769200.0,1416772800.0,,"Estádio Orlando Scarpelli (Florianópolis, Santa Catarina)",,Match Finished,FT,90.0,71,Serie A,Brazil,https://media.api-sports.io/football/leagues/71.png,https://media.api-sports.io/flags/br.svg,2014,Regular Season - 36,137,Figueirense,https://media.api-sports.io/football/teams/137.png,True,136,Vitoria,https://media.api-sports.io/football/teams/136.png,False,2.0,0.0,1.0,0.0,2.0,0.0,,,,,,,
190804,,UTC,2014-11-23T21:30:00+00:00,1416778200,1416778200.0,1416781800.0,,"Arena Corinthians (São Paulo, São Paulo)",,Match Finished,FT,90.0,71,Serie A,Brazil,https://media.api-sports.io/football/leagues/71.png,https://media.api-sports.io/flags/br.svg,2014,Regular Season - 36,131,Corinthians,https://media.api-sports.io/football/teams/131.png,True,130,Gremio,https://media.api-sports.io/football/teams/130.png,False,1.0,0.0,0.0,0.0,1.0,0.0,,,,,,,
190806,,UTC,2014-11-23T21:30:00+00:00,1416778200,1416778200.0,1416781800.0,,"Arena Condá (Chapecó, Santa Catarina)",,Match Finished,FT,90.0,71,Serie A,Brazil,https://media.api-sports.io/football/leagues/71.png,https://media.api-sports.io/flags/br.svg,2014,Regular Season - 36,132,Chapecoense-sc,https://media.api-sports.io/football/teams/132.png,True,120,Botafogo,https://media.api-sports.io/football/teams/120.png,False,2.0,0.0,0.0,0.0,2.0,0.0,,,,,,,
190805,,UTC,2014-11-23T21:30:00+00:00,1416778200,1416778200.0,1416781800.0,,"Estádio Major Antônio Couto Pereira (Curitiba, Paraná)",,Match Finished,FT,90.0,71,Serie A,Brazil,https://media.api-sports.io/football/leagues/71.png,https://media.api-sports.io/flags/br.svg,2014,Regular Season - 36,147,Coritiba,https://media.api-sports.io/football/teams/147.png,True,121,Palmeiras,https://media.api-sports.io/football/teams/121.png,False,2.0,0.0,0.0,0.0,2.0,0.0,,,,,,,
190807,,UTC,2014-11-29T21:30:00+00:00,1417296600,1417296600.0,1417300200.0,,"Estádio José Pinheiro Borba (Beira-Rio) (Porto Alegre, Rio Grande do Sul)",,Match Finished,FT,90.0,71,Serie A,Brazil,https://media.api-sports.io/football/leagues/71.png,https://media.api-sports.io/flags/br.svg,2014,Regular Season - 37,119,Internacional,https://media.api-sports.io/football/teams/119.png,True,121,Palmeiras,https://media.api-sports.io/football/teams/121.png,False,3.0,1.0,1.0,1.0,3.0,1.0,,,,,,,
190808,,UTC,2014-11-29T21:30:00+00:00,1417296600,1417296600.0,1417300200.0,,"Estádio Heriberto Hülse (Criciúma, Santa Catarina)",,Match Finished,FT,90.0,71,Serie A,Brazil,https://media.api-sports.io/football/leagues/71.png,https://media.api-sports.io/flags/br.svg,2014,Regular Season - 37,140,Criciuma,https://media.api-sports.io/football/teams/140.png,,123,Sport Recife,https://media.api-sports.io/football/teams/123.png,,2.0,2.0,0.0,1.0,2.0,2.0,,,,,,,
190809,,UTC,2014-11-29T23:00:00+00:00,1417302000,1417302000.0,1417305600.0,,"Arena Amazônia (Manaus, Amazonas)",,Match Finished,FT,90.0,71,Serie A,Brazil,https://media.api-sports.io/football/leagues/71.png,https://media.api-sports.io/flags/br.svg,2014,Regular Season - 37,127,Flamengo,https://media.api-sports.io/football/teams/127.png,True,136,Vitoria,https://media.api-sports.io/football/teams/136.png,False,4.0,0.0,1.0,0.0,4.0,0.0,,,,,,,
190810,,UTC,2014-11-30T19:00:00+00:00,1417374000,1417374000.0,1417377600.0,,"Estadio Jornalista Mário Filho (Maracanã) (Rio de Janeiro, Rio de Janeiro)",,Match Finished,FT,90.0,71,Serie A,Brazil,https://media.api-sports.io/football/leagues/71.png,https://media.api-sports.io/flags/br.svg,2014,Regular Season - 37,124,Fluminense,https://media.api-sports.io/football/teams/124.png,True,131,Corinthians,https://media.api-sports.io/football/teams/131.png,False,5.0,2.0,1.0,1.0,5.0,2.0,,,,,,,
190811,,UTC,2014-11-30T19:00:00+00:00,1417374000,1417374000.0,1417377600.0,,"Estádio Cícero Pompeu de Toledo (Morumbi) (São Paulo, São Paulo)",,Match Finished,FT,90.0,71,Serie A,Brazil,https://media.api-sports.io/football/leagues/71.png,https://media.api-sports.io/flags/br.svg,2014,Regular Season - 37,126,Sao Paulo,https://media.api-sports.io/football/teams/126.png,,137,Figueirense,https://media.api-sports.io/football/teams/137.png,,1.0,1.0,0.0,0.0,1.0,1.0,,,,,,,
190812,,UTC,2014-11-30T19:00:00+00:00,1417374000,1417374000.0,1417377600.0,,"Estádio Urbano Caldeira (Santos, São Paulo)",,Match Finished,FT,90.0,71,Serie A,Brazil,https://media.api-sports.io/football/leagues/71.png,https://media.api-sports.io/flags/br.svg,2014,Regular Season - 37,128,Santos,https://media.api-sports.io/football/teams/128.png,True,120,Botafogo,https://media.api-sports.io/football/teams/120.png,False,2.0,0.0,0.0,0.0,2.0,0.0,,,,,,,
190813,,UTC,2014-11-30T19:00:00+00:00,1417374000,1417374000.0,1417377600.0,,"Arena Condá (Chapecó, Santa Catarina)",,Match Finished,FT,90.0,71,Serie A,Brazil,https://media.api-sports.io/football/leagues/71.png,https://media.api-sports.io/flags/br.svg,2014,Regular Season - 37,132,Chapecoense-sc,https://media.api-sports.io/football/teams/132.png,,135,Cruzeiro,https://media.api-sports.io/football/teams/135.png,,1.0,1.0,1.0,0.0,1.0,1.0,,,,,,,
190815,,UTC,2014-11-30T21:30:00+00:00,1417383000,1417383000.0,1417386600.0,,"Itaipava Arena Fonte Nova (Salvador, Bahia)",,Match Finished,FT,90.0,71,Serie A,Brazil,https://media.api-sports.io/football/leagues/71.png,https://media.api-sports.io/flags/br.svg,2014,Regular Season - 37,118,Bahia,https://media.api-sports.io/football/teams/118.png,True,130,Gremio,https://media.api-sports.io/football/teams/130.png,False,1.0,0.0,1.0,0.0,1.0,0.0,,,,,,,
190814,,UTC,2014-11-30T21:30:00+00:00,1417383000,1417383000.0,1417386600.0,,"Estádio Joaquim Américo Guimarães (Curitiba, Paraná)",,Match Finished,FT,90.0,71,Serie A,Brazil,https://media.api-sports.io/football/leagues/71.png,https://media.api-sports.io/flags/br.svg,2014,Regular Season - 37,134,Atletico Paranaense,https://media.api-sports.io/football/teams/134.png,True,151,Goias,https://media.api-sports.io/football/teams/151.png,False,1.0,0.0,0.0,0.0,1.0,0.0,,,,,,,
190816,,UTC,2014-11-30T21:30:00+00:00,1417383000,1417383000.0,1417386600.0,,"Estádio Raimundo Sampaio (Belo Horizonte, Minas Gerais)",,Match Finished,FT,90.0,71,Serie A,Brazil,https://media.api-sports.io/football/leagues/71.png,https://media.api-sports.io/flags/br.svg,2014,Regular Season - 37,1062,Atletico-MG,https://media.api-sports.io/football/teams/1062.png,False,147,Coritiba,https://media.api-sports.io/football/teams/147.png,True,1.0,2.0,0.0,1.0,1.0,2.0,,,,,,,
190817,,UTC,2014-12-06T18:30:00+00:00,1417890600,1417890600.0,1417894200.0,,"Arena Corinthians (São Paulo, São Paulo)",,Match Finished,FT,90.0,71,Serie A,Brazil,https://media.api-sports.io/football/leagues/71.png,https://media.api-sports.io/flags/br.svg,2014,Regular Season - 38,131,Corinthians,https://media.api-sports.io/football/teams/131.png,True,140,Criciuma,https://media.api-sports.io/football/teams/140.png,False,2.0,1.0,1.0,0.0,2.0,1.0,,,,,,,
190818,,UTC,2014-12-06T18:30:00+00:00,1417890600,1417890600.0,1417894200.0,,"Estádio Orlando Scarpelli (Florianópolis, Santa Catarina)",,Match Finished,FT,90.0,71,Serie A,Brazil,https://media.api-sports.io/football/leagues/71.png,https://media.api-sports.io/flags/br.svg,2014,Regular Season - 38,137,Figueirense,https://media.api-sports.io/football/teams/137.png,False,119,Internacional,https://media.api-sports.io/football/teams/119.png,True,1.0,2.0,0.0,0.0,1.0,2.0,,,,,,,
190819,,UTC,2014-12-07T19:00:00+00:00,1417978800,1417978800.0,1417982400.0,,"Estádio Nacional de Brasília (Brasília, Distrito Federal)",,Match Finished,FT,90.0,71,Serie A,Brazil,https://media.api-sports.io/football/leagues/71.png,https://media.api-sports.io/flags/br.svg,2014,Regular Season - 38,120,Botafogo,https://media.api-sports.io/football/teams/120.png,,1062,Atletico-MG,https://media.api-sports.io/football/teams/1062.png,,0.0,0.0,0.0,0.0,0.0,0.0,,,,,,,
190821,,UTC,2014-12-07T19:00:00+00:00,1417978800,1417978800.0,1417982400.0,,"Allianz Parque (São Paulo, São Paulo)",,Match Finished,FT,90.0,71,Serie A,Brazil,https://media.api-sports.io/football/leagues/71.png,https://media.api-sports.io/flags/br.svg,2014,Regular Season - 38,121,Palmeiras,https://media.api-sports.io/football/teams/121.png,,134,Atletico Paranaense,https://media.api-sports.io/football/teams/134.png,,1.0,1.0,1.0,1.0,1.0,1.0,,,,,,,
190820,,UTC,2014-12-07T19:00:00+00:00,1417978800,1417978800.0,1417982400.0,,"Itaipava Arena Pernambuco (Recife, Pernambuco)",,Match Finished,FT,90.0,71,Serie A,Brazil,https://media.api-sports.io/football/leagues/71.png,https://media.api-sports.io/flags/br.svg,2014,Regular Season - 38,123,Sport Recife,https://media.api-sports.io/football/teams/123.png,True,126,Sao Paulo,https://media.api-sports.io/football/teams/126.png,False,1.0,0.0,1.0,0.0,1.0,0.0,,,,,,,
190825,,UTC,2014-12-07T19:00:00+00:00,1417978800,1417978800.0,1417982400.0,,"Arena do Grêmio (Porto Alegre, Rio Grande do Sul)",,Match Finished,FT,90.0,71,Serie A,Brazil,https://media.api-sports.io/football/leagues/71.png,https://media.api-sports.io/flags/br.svg,2014,Regular Season - 38,130,Gremio,https://media.api-sports.io/football/teams/130.png,,127,Flamengo,https://media.api-sports.io/football/teams/127.png,,1.0,1.0,0.0,1.0,1.0,1.0,,,,,,,
190823,,UTC,2014-12-07T19:00:00+00:00,1417978800,1417978800.0,1417982400.0,,"Estádio Governador Magalhães Pinto (Belo Horizonte, Minas Gerais)",,Match Finished,FT,90.0,71,Serie A,Brazil,https://media.api-sports.io/football/leagues/71.png,https://media.api-sports.io/flags/br.svg,2014,Regular Season - 38,135,Cruzeiro,https://media.api-sports.io/football/teams/135.png,True,124,Fluminense,https://media.api-sports.io/football/teams/124.png,False,2.0,1.0,1.0,1.0,2.0,1.0,,,,,,,
190824,,UTC,2014-12-07T19:00:00+00:00,1417978800,1417978800.0,1417982400.0,,"Estádio Manoel Barradas (Salvador, Bahia)",,Match Finished,FT,90.0,71,Serie A,Brazil,https://media.api-sports.io/football/leagues/71.png,https://media.api-sports.io/flags/br.svg,2014,Regular Season - 38,136,Vitoria,https://media.api-sports.io/football/teams/136.png,False,128,Santos,https://media.api-sports.io/football/teams/128.png,True,0.0,1.0,0.0,0.0,0.0,1.0,,,,,,,
190822,,UTC,2014-12-07T19:00:00+00:00,1417978800,1417978800.0,1417982400.0,,"Estádio Major Antônio Couto Pereira (Curitiba, Paraná)",,Match Finished,FT,90.0,71,Serie A,Brazil,https://media.api-sports.io/football/leagues/71.png,https://media.api-sports.io/flags/br.svg,2014,Regular Season - 38,147,Coritiba,https://media.api-sports.io/football/teams/147.png,True,118,Bahia,https://media.api-sports.io/football/teams/118.png,False,3.0,2.0,1.0,2.0,3.0,2.0,,,,,,,
190826,,UTC,2014-12-07T19:00:00+00:00,1417978800,1417978800.0,1417982400.0,,"Estádio do Governo do Estado de Goiás (Serra Dourada) (Goiânia, Goiás)",,Match Finished,FT,90.0,71,Serie A,Brazil,https://media.api-sports.io/football/leagues/71.png,https://media.api-sports.io/flags/br.svg,2014,Regular Season - 38,151,Goias,https://media.api-sports.io/football/teams/151.png,True,132,Chapecoense-sc,https://media.api-sports.io/football/teams/132.png,False,4.0,2.0,2.0,1.0,4.0,2.0,,,,,,,
