fixture_id,fixture_referee,fixture_timezone,fixture_date,fixture_timestamp,fixture_periods_first,fixture_periods_second,fixture_venue_id,fixture_venue_name,fixture_venue_city,fixture_status_long,fixture_status_short,fixture_status_elapsed,league_id,league_name,league_country,league_logo,league_flag,league_season,league_round,teams_home_id,teams_home_name,teams_home_logo,teams_home_winner,teams_away_id,teams_away_name,teams_away_logo,teams_away_winner,goals_home,goals_away,score_halftime_home,score_halftime_away,score_fulltime_home,score_fulltime_away,score_extratime_home,score_extratime_away,score_penalty_home,score_penalty_away,fixture_status_extra,league_standings,chave
94480,"Caio Max Augusto Vieira, Brazil",UTC,2019-04-27T19:00:00+00:00,1556391600,1556391600.0,1556395200.0,,Morumbi,Sao Paulo,Match Finished,FT,90.0,71,Serie A,Brazil,https://media.api-sports.io/football/leagues/71.png,https://media.api-sports.io/flags/br.svg,2019,Regular Season - 1,126,Sao Paulo,https://media.api-sports.io/football/teams/126.png,True,120,Botafogo,https://media.api-sports.io/football/teams/120.png,False,2.0,0.0,1.0,0.0,2.0,0.0,,,,,,,
94475,"Raphael Claus, Brazil",UTC,2019-04-27T22:00:00+00:00,1556402400,1556402400.0,1556406000.0,,Arena Condá,Chapeco,Match Finished,FT,90.0,71,Serie A,Brazil,https://media.api-sports.io/football/leagues/71.png,https://media.api-sports.io/flags/br.svg,2019,Regular Season - 1,132,Chapecoense-SC,https://media.api-sports.io/football/teams/132.png,True,119,Internacional,https://media.api-sports.io/football/teams/119.png,False,2.0,0.0,1.0,0.0,2.0,0.0,,,,,,,
94472,"Rodolpho Toski Marques, Brazil",UTC,2019-04-27T22:00:00+00:00,1556402400,1556402400.0,1556406000.0,,Arena Independência,Belo Horizonte,Match Finished,FT,90.0,71,Serie A,Brazil,https://media.api-sports.io/football/leagues/71.png,https://media.api-sports.io/flags/br.svg,2019,Regular Season - 1,1062,Atletico-MG,https://media.api-sports.io/football/teams/1062.png,True,145,Avai,https://media.api-sports.io/football/teams/145.png,False,2.0,1.0,1.0,0.0,2.0,1.0,,,,,,,
94476,"Anderson Daronco, Brazil",UTC,2019-04-28T00:00:00+00:00,1556409600,1556409600.0,1556413200.0,,Estádio do Maracanã,Rio de Janeiro,Match Finished,FT,90.0,71,Serie A,Brazil,https://media.api-sports.io/football/leagues/71.png,https://media.api-sports.io/flags/br.svg,2019,Regular Season - 1,127,Flamengo,https://media.api-sports.io/football/teams/127.png,True,135,Cruzeiro,https://media.api-sports.io/football/teams/135.png,False,3.0,1.0,1.0,1.0,3.0,1.0,,,,,,,
94478,"Bruno Arleu de Araujo, Brazil",UTC,2019-04-28T14:00:00+00:00,1556460000,1556460000.0,1556463600.0,,Arena do Grêmio,Porto Alegre,Match Finished,FT,90.0,71,Serie A,Brazil,https://media.api-sports.io/football/leagues/71.png,https://media.api-sports.io/flags/br.svg,2019,Regular Season - 1,130,Gremio,https://media.api-sports.io/football/teams/130.png,False,128,Santos,https://media.api-sports.io/football/teams/128.png,True,1.0,2.0,0.0,2.0,1.0,2.0,,,,,,,
94473,"Wilton Pereira Sampaio, Brazil",UTC,2019-04-28T19:00:00+00:00,1556478000,1556478000.0,1556481600.0,,Arena Fonte Nova,Salvador,Match Finished,FT,90.0,71,Serie A,Brazil,https://media.api-sports.io/football/leagues/71.png,https://media.api-sports.io/flags/br.svg,2019,Regular Season - 1,118,Bahia,https://media.api-sports.io/football/teams/118.png,True,131,Corinthians,https://media.api-sports.io/football/teams/131.png,False,3.0,2.0,1.0,1.0,3.0,2.0,,,,,,,
94474,"Rafael Trombeta, Brazil",UTC,2019-04-28T19:00:00+00:00,1556478000,1556478000.0,1556481600.0,,Estadio Castelão,Fortaleza,Match Finished,FT,90.0,71,Serie A,Brazil,https://media.api-sports.io/football/leagues/71.png,https://media.api-sports.io/flags/br.svg,2019,Regular Season - 1,129,Ceara,https://media.api-sports.io/football/teams/129.png,True,150,CSA,https://media.api-sports.io/football/teams/150.png,False,4.0,0.0,2.0,0.0,4.0,0.0,,,,,,,
94471,"Luiz Flavio De Oliveira, Brazil",UTC,2019-04-28T19:00:00+00:00,1556478000,1556478000.0,1556481600.0,,Arena da Baixada,Curitiba,Match Finished,FT,90.0,71,Serie A,Brazil,https://media.api-sports.io/football/leagues/71.png,https://media.api-sports.io/flags/br.svg,2019,Regular Season - 1,134,Atletico Paranaense,https://media.api-sports.io/football/teams/134.png,True,133,Vasco DA Gama,https://media.api-sports.io/football/teams/133.png,False,4.0,1.0,2.0,0.0,4.0,1.0,,,,,,,
94479,"Braulio Da Silva Machado, Brazil",UTC,2019-04-28T22:00:00+00:00,1556488800,1556488800.0,1556492400.0,,Allianz Parque,Sao Paulo,Match Finished,FT,90.0,71,Serie A,Brazil,https://media.api-sports.io/football/leagues/71.png,https://media.api-sports.io/flags/br.svg,2019,Regular Season - 1,121,Palmeiras,https://media.api-sports.io/football/teams/121.png,True,154,Fortaleza EC,https://media.api-sports.io/football/teams/154.png,False,4.0,0.0,1.0,0.0,4.0,0.0,,,,,,,
94477,"Dewson Fernando Freitas da Silva, Brazil",UTC,2019-04-28T22:00:00+00:00,1556488800,1556488800.0,1556492400.0,,Estádio do Maracanã,Rio de Janeiro,Match Finished,FT,90.0,71,Serie A,Brazil,https://media.api-sports.io/football/leagues/71.png,https://media.api-sports.io/flags/br.svg,2019,Regular Season - 1,124,Fluminense,https://media.api-sports.io/football/teams/124.png,False,151,Goias,https://media.api-sports.io/football/teams/151.png,True,0.0,1.0,0.0,0.0,0.0,1.0,,,,,,,
94488,"Flavio Rodrigues De Souza, Brazil",UTC,2019-05-01T19:00:00+00:00,1556737200,1556737200.0,1556740800.0,,Estádio Beira Rio,Porto Alegre,Match Finished,FT,90.0,71,Serie A,Brazil,https://media.api-sports.io/football/leagues/71.png,https://media.api-sports.io/flags/br.svg,2019,Regular Season - 2,119,Internacional,https://media.api-sports.io/football/teams/119.png,True,127,Flamengo,https://media.api-sports.io/football/teams/127.png,False,2.0,1.0,1.0,0.0,2.0,1.0,,,,,,,
94483,"Ricardo Marques Ribeiro, Brazil",UTC,2019-05-01T19:00:00+00:00,1556737200,1556737200.0,1556740800.0,,Arena Corinthians,Sao Paulo,Match Finished,FT,90.0,71,Serie A,Brazil,https://media.api-sports.io/football/leagues/71.png,https://media.api-sports.io/flags/br.svg,2019,Regular Season - 2,131,Corinthians,https://media.api-sports.io/football/teams/131.png,True,132,Chapecoense-SC,https://media.api-sports.io/football/teams/132.png,False,1.0,0.0,0.0,0.0,1.0,0.0,,,,,,,
94485,"Caio Max Augusto Vieira, Brazil",UTC,2019-05-01T19:00:00+00:00,1556737200,1556737200.0,1556740800.0,,Estádio Rei Pelé,Maceio,Match Finished,FT,90.0,71,Serie A,Brazil,https://media.api-sports.io/football/leagues/71.png,https://media.api-sports.io/flags/br.svg,2019,Regular Season - 2,150,CSA,https://media.api-sports.io/football/teams/150.png,,121,Palmeiras,https://media.api-sports.io/football/teams/121.png,,1.0,1.0,0.0,1.0,1.0,1.0,,,,,,,
94484,"Reway Wagner, Brazil",UTC,2019-05-01T22:15:00+00:00,1556748900,1556748900.0,1556752500.0,,Estádio Mineirão,Belo Horizonte,Match Finished,FT,90.0,71,Serie A,Brazil,https://media.api-sports.io/football/leagues/71.png,https://media.api-sports.io/flags/br.svg,2019,Regular Season - 2,135,Cruzeiro,https://media.api-sports.io/football/teams/135.png,True,129,Ceara,https://media.api-sports.io/football/teams/129.png,False,1.0,0.0,0.0,0.0,1.0,0.0,,,,,,,
94481,"Wagner do Nascimento Magalhaes, Brazil",UTC,2019-05-01T22:15:00+00:00,1556748900,1556748900.0,1556752500.0,,Estádio da Ressacada,Florianopolis,Match Finished,FT,90.0,71,Serie A,Brazil,https://media.api-sports.io/football/leagues/71.png,https://media.api-sports.io/flags/br.svg,2019,Regular Season - 2,145,Avai,https://media.api-sports.io/football/teams/145.png,,130,Gremio,https://media.api-sports.io/football/teams/130.png,,1.0,1.0,0.0,1.0,1.0,1.0,,,,,,,
94490,"Raphael Claus, Brazil",UTC,2019-05-02T00:30:00+00:00,1556757000,1556757000.0,1556760600.0,,São Januário,Rio de Janeiro,Match Finished,FT,90.0,71,Serie A,Brazil,https://media.api-sports.io/football/leagues/71.png,https://media.api-sports.io/flags/br.svg,2019,Regular Season - 2,133,Vasco DA Gama,https://media.api-sports.io/football/teams/133.png,False,1062,Atletico-MG,https://media.api-sports.io/football/teams/1062.png,True,1.0,2.0,0.0,0.0,1.0,2.0,,,,,,,
94487,"Rafael Traci, Brazil",UTC,2019-05-02T00:30:00+00:00,1556757000,1556757000.0,1556760600.0,,Serra Dourada,Goiania,Match Finished,FT,90.0,71,Serie A,Brazil,https://media.api-sports.io/football/leagues/71.png,https://media.api-sports.io/flags/br.svg,2019,Regular Season - 2,151,Goias,https://media.api-sports.io/football/teams/151.png,False,126,Sao Paulo,https://media.api-sports.io/football/teams/126.png,True,1.0,2.0,1.0,2.0,1.0,2.0,,,,,,,
94486,"Marcelo De Lima Henrique, Brazil",UTC,2019-05-02T00:30:00+00:00,1556757000,1556757000.0,1556760600.0,,Estadio Castelão,Fortaleza,Match Finished,FT,90.0,71,Serie A,Brazil,https://media.api-sports.io/football/leagues/71.png,https://media.api-sports.io/flags/br.svg,2019,Regular Season - 2,154,Fortaleza EC,https://media.api-sports.io/football/teams/154.png,True,134,Atletico Paranaense,https://media.api-sports.io/football/teams/134.png,False,2.0,1.0,1.0,1.0,2.0,1.0,,,,,,,
94489,"Wilton Pereira Sampaio, Brazil",UTC,2019-05-02T22:15:00+00:00,1556835300,1556835300.0,1556838900.0,,Urbano Caldeira,Santos,Match Finished,FT,90.0,71,Serie A,Brazil,https://media.api-sports.io/football/leagues/71.png,https://media.api-sports.io/flags/br.svg,2019,Regular Season - 2,128,Santos,https://media.api-sports.io/football/teams/128.png,True,124,Fluminense,https://media.api-sports.io/football/teams/124.png,False,2.0,1.0,0.0,0.0,2.0,1.0,,,,,,,
94482,"Luiz Flavio De Oliveira, Brazil",UTC,2019-05-02T23:00:00+00:00,1556838000,1556838000.0,1556841600.0,,Estadio Olimpico Nilton Santos,Rio de Janeiro,Match Finished,FT,90.0,71,Serie A,Brazil,https://media.api-sports.io/football/leagues/71.png,https://media.api-sports.io/flags/br.svg,2019,Regular Season - 2,120,Botafogo,https://media.api-sports.io/football/teams/120.png,True,118,Bahia,https://media.api-sports.io/football/teams/118.png,False,3.0,2.0,3.0,1.0,3.0,2.0,,,,,,,
94498,"Wagner do Nascimento Magalhaes, Brazil",UTC,2019-05-04T22:00:00+00:00,1557007200,1557007200.0,1557010800.0,,Allianz Parque,Sao Paulo,Match Finished,FT,90.0,71,Serie A,Brazil,https://media.api-sports.io/football/leagues/71.png,https://media.api-sports.io/flags/br.svg,2019,Regular Season - 3,121,Palmeiras,https://media.api-sports.io/football/teams/121.png,True,119,Internacional,https://media.api-sports.io/football/teams/119.png,False,1.0,0.0,1.0,0.0,1.0,0.0,,,,,,,
94500,"Rodrigo D'alonso Ferreira, Brazil",UTC,2019-05-04T22:00:00+00:00,1557007200,1557007200.0,1557010800.0,,São Januário,Rio de Janeiro,Match Finished,FT,90.0,71,Serie A,Brazil,https://media.api-sports.io/football/leagues/71.png,https://media.api-sports.io/flags/br.svg,2019,Regular Season - 3,133,Vasco DA Gama,https://media.api-sports.io/football/teams/133.png,,131,Corinthians,https://media.api-sports.io/football/teams/131.png,,1.0,1.0,1.0,1.0,1.0,1.0,,,,,,,
94493,"Flavio Rodrigues De Souza, Brazil",UTC,2019-05-05T00:00:00+00:00,1557014400,1557014400.0,1557018000.0,,Estadio Castelão,Fortaleza,Match Finished,FT,90.0,71,Serie A,Brazil,https://media.api-sports.io/football/leagues/71.png,https://media.api-sports.io/flags/br.svg,2019,Regular Season - 3,129,Ceara,https://media.api-sports.io/football/teams/129.png,False,1062,Atletico-MG,https://media.api-sports.io/football/teams/1062.png,True,1.0,2.0,1.0,1.0,1.0,2.0,,,,,,,
94494,"Vinicius Goncalves Dias Araujo, Brazil",UTC,2019-05-05T14:00:00+00:00,1557064800,1557064800.0,1557068400.0,,Arena Condá,Chapeco,Match Finished,FT,90.0,71,Serie A,Brazil,https://media.api-sports.io/football/leagues/71.png,https://media.api-sports.io/flags/br.svg,2019,Regular Season - 3,132,Chapecoense-SC,https://media.api-sports.io/football/teams/132.png,,134,Atletico Paranaense,https://media.api-sports.io/football/teams/134.png,,1.0,1.0,0.0,0.0,1.0,1.0,,,,,,,
94492,"Reway Wagner, Brazil",UTC,2019-05-05T19:00:00+00:00,1557082800,1557082800.0,1557086400.0,,Estadio Olimpico Nilton Santos,Rio de Janeiro,Match Finished,FT,90.0,71,Serie A,Brazil,https://media.api-sports.io/football/leagues/71.png,https://media.api-sports.io/flags/br.svg,2019,Regular Season - 3,120,Botafogo,https://media.api-sports.io/football/teams/120.png,True,154,Fortaleza EC,https://media.api-sports.io/football/teams/154.png,False,1.0,0.0,0.0,0.0,1.0,0.0,,,,,,,
94499,"Ricardo Marques Ribeiro, Brazil",UTC,2019-05-05T19:00:00+00:00,1557082800,1557082800.0,1557086400.0,,Morumbi,Sao Paulo,Match Finished,FT,90.0,71,Serie A,Brazil,https://media.api-sports.io/football/leagues/71.png,https://media.api-sports.io/flags/br.svg,2019,Regular Season - 3,126,Sao Paulo,https://media.api-sports.io/football/teams/126.png,,127,Flamengo,https://media.api-sports.io/football/teams/127.png,,1.0,1.0,0.0,1.0,1.0,1.0,,,,,,,
94495,"Rodrigo Carvalhaes de Miranda, Brazil",UTC,2019-05-05T19:00:00+00:00,1557082800,1557082800.0,1557086400.0,,Estádio Mineirão,Belo Horizonte,Match Finished,FT,90.0,71,Serie A,Brazil,https://media.api-sports.io/football/leagues/71.png,https://media.api-sports.io/flags/br.svg,2019,Regular Season - 3,135,Cruzeiro,https://media.api-sports.io/football/teams/135.png,True,151,Goias,https://media.api-sports.io/football/teams/151.png,False,2.0,1.0,0.0,0.0,2.0,1.0,,,,,,,
94496,"Rodolpho Toski Marques, Brazil",UTC,2019-05-05T19:00:00+00:00,1557082800,1557082800.0,1557086400.0,,Estádio Rei Pelé,Maceio,Match Finished,FT,90.0,71,Serie A,Brazil,https://media.api-sports.io/football/leagues/71.png,https://media.api-sports.io/flags/br.svg,2019,Regular Season - 3,150,CSA,https://media.api-sports.io/football/teams/150.png,,128,Santos,https://media.api-sports.io/football/teams/128.png,,0.0,0.0,0.0,0.0,0.0,0.0,,,,,,,
94491,"Bruno Arleu de Araujo, Brazil",UTC,2019-05-05T22:00:00+00:00,1557093600,1557093600.0,1557097200.0,,Arena Fonte Nova,Salvador,Match Finished,FT,90.0,71,Serie A,Brazil,https://media.api-sports.io/football/leagues/71.png,https://media.api-sports.io/flags/br.svg,2019,Regular Season - 3,118,Bahia,https://media.api-sports.io/football/teams/118.png,True,145,Avai,https://media.api-sports.io/football/teams/145.png,False,1.0,0.0,1.0,0.0,1.0,0.0,,,,,,,
94497,"Raphael Claus, Brazil",UTC,2019-05-05T22:00:00+00:00,1557093600,1557093600.0,1557097200.0,,Arena do Grêmio,Porto Alegre,Match Finished,FT,90.0,71,Serie A,Brazil,https://media.api-sports.io/football/leagues/71.png,https://media.api-sports.io/flags/br.svg,2019,Regular Season - 3,130,Gremio,https://media.api-sports.io/football/teams/130.png,False,124,Fluminense,https://media.api-sports.io/football/teams/124.png,True,4.0,5.0,3.0,2.0,4.0,5.0,,,,,,,
94506,"Marcelo Aparecido Ribeiro de Souza, Brazil",UTC,2019-05-11T19:00:00+00:00,1557601200,1557601200.0,1557604800.0,,Estádio do Maracanã,Rio de Janeiro,Match Finished,FT,90.0,71,Serie A,Brazil,https://media.api-sports.io/football/leagues/71.png,https://media.api-sports.io/flags/br.svg,2019,Regular Season - 4,124,Fluminense,https://media.api-sports.io/football/teams/124.png,False,120,Botafogo,https://media.api-sports.io/football/teams/120.png,True,0.0,1.0,0.0,0.0,0.0,1.0,,,,,,,
94504,"Marcelo De Lima Henrique, Brazil",UTC,2019-05-11T22:00:00+00:00,1557612000,1557612000.0,1557615600.0,,Arena Corinthians,Sao Paulo,Match Finished,FT,90.0,71,Serie A,Brazil,https://media.api-sports.io/football/leagues/71.png,https://media.api-sports.io/flags/br.svg,2019,Regular Season - 4,131,Corinthians,https://media.api-sports.io/football/teams/131.png,,130,Gremio,https://media.api-sports.io/football/teams/130.png,,0.0,0.0,0.0,0.0,0.0,0.0,,,,,,,
94508,"Caio Max Augusto Vieira, Brazil",UTC,2019-05-12T00:00:00+00:00,1557619200,1557619200.0,1557622800.0,,Serra Dourada,Goiania,Match Finished,FT,90.0,71,Serie A,Brazil,https://media.api-sports.io/football/leagues/71.png,https://media.api-sports.io/flags/br.svg,2019,Regular Season - 4,151,Goias,https://media.api-sports.io/football/teams/151.png,True,129,Ceara,https://media.api-sports.io/football/teams/129.png,False,2.0,1.0,1.0,0.0,2.0,1.0,,,,,,,
94505,"Jean Pierre Goncalves Lima, Brazil",UTC,2019-05-12T14:00:00+00:00,1557669600,1557669600.0,1557673200.0,,Estádio do Maracanã,Rio de Janeiro,Match Finished,FT,90.0,71,Serie A,Brazil,https://media.api-sports.io/football/leagues/71.png,https://media.api-sports.io/flags/br.svg,2019,Regular Season - 4,127,Flamengo,https://media.api-sports.io/football/teams/127.png,True,132,Chapecoense-SC,https://media.api-sports.io/football/teams/132.png,False,2.0,1.0,1.0,0.0,2.0,1.0,,,,,,,
94509,"Raphael Claus, Brazil",UTC,2019-05-12T19:00:00+00:00,1557687600,1557687600.0,1557691200.0,,Estádio Beira Rio,Porto Alegre,Match Finished,FT,90.0,71,Serie A,Brazil,https://media.api-sports.io/football/leagues/71.png,https://media.api-sports.io/flags/br.svg,2019,Regular Season - 4,119,Internacional,https://media.api-sports.io/football/teams/119.png,True,135,Cruzeiro,https://media.api-sports.io/football/teams/135.png,False,3.0,1.0,1.0,1.0,3.0,1.0,,,,,,,
94510,"Paulo Roberto Alves Junior, Brazil",UTC,2019-05-12T19:00:00+00:00,1557687600,1557687600.0,1557691200.0,,Urbano Caldeira,Santos,Match Finished,FT,90.0,71,Serie A,Brazil,https://media.api-sports.io/football/leagues/71.png,https://media.api-sports.io/flags/br.svg,2019,Regular Season - 4,128,Santos,https://media.api-sports.io/football/teams/128.png,True,133,Vasco DA Gama,https://media.api-sports.io/football/teams/133.png,False,3.0,0.0,2.0,0.0,3.0,0.0,,,,,,,
94502,"Anderson Daronco, Brazil",UTC,2019-05-12T19:00:00+00:00,1557687600,1557687600.0,1557691200.0,,Arena Independência,Belo Horizonte,Match Finished,FT,90.0,71,Serie A,Brazil,https://media.api-sports.io/football/leagues/71.png,https://media.api-sports.io/flags/br.svg,2019,Regular Season - 4,1062,Atletico-MG,https://media.api-sports.io/football/teams/1062.png,False,121,Palmeiras,https://media.api-sports.io/football/teams/121.png,True,0.0,2.0,0.0,1.0,0.0,2.0,,,,,,,
94501,"Savio Pereira Sampaio, Brazil",UTC,2019-05-12T22:00:00+00:00,1557698400,1557698400.0,1557702000.0,,Arena da Baixada,Curitiba,Match Finished,FT,90.0,71,Serie A,Brazil,https://media.api-sports.io/football/leagues/71.png,https://media.api-sports.io/flags/br.svg,2019,Regular Season - 4,134,Atletico Paranaense,https://media.api-sports.io/football/teams/134.png,True,118,Bahia,https://media.api-sports.io/football/teams/118.png,False,1.0,0.0,1.0,0.0,1.0,0.0,,,,,,,
94503,"Dewson Fernando Freitas da Silva, Brazil",UTC,2019-05-12T22:00:00+00:00,1557698400,1557698400.0,1557702000.0,,Estádio da Ressacada,Florianopolis,Match Finished,FT,90.0,71,Serie A,Brazil,https://media.api-sports.io/football/leagues/71.png,https://media.api-sports.io/flags/br.svg,2019,Regular Season - 4,145,Avai,https://media.api-sports.io/football/teams/145.png,,150,CSA,https://media.api-sports.io/football/teams/150.png,,0.0,0.0,0.0,0.0,0.0,0.0,,,,,,,
94507,"Wilton Pereira Sampaio, Brazil",UTC,2019-05-12T22:00:00+00:00,1557698400,1557698400.0,1557702000.0,,Estadio Castelão,Fortaleza,Match Finished,FT,90.0,71,Serie A,Brazil,https://media.api-sports.io/football/leagues/71.png,https://media.api-sports.io/flags/br.svg,2019,Regular Season - 4,154,Fortaleza EC,https://media.api-sports.io/football/teams/154.png,False,126,Sao Paulo,https://media.api-sports.io/football/teams/126.png,True,0.0,1.0,0.0,0.0,0.0,1.0,,,,,,,
94515,"Flavio Rodrigues De Souza, Brazil",UTC,2019-05-18T21:00:00+00:00,1558213200,1558213200.0,1558216800.0,,Estádio do Maracanã,Rio de Janeiro,Match Finished,FT,90.0,71,Serie A,Brazil,https://media.api-sports.io/football/leagues/71.png,https://media.api-sports.io/flags/br.svg,2019,Regular Season - 5,124,Fluminense,https://media.api-sports.io/football/teams/124.png,True,135,Cruzeiro,https://media.api-sports.io/football/teams/135.png,False,4.0,1.0,1.0,0.0,4.0,1.0,,,,,,,
94518,"Rafael Traci, Brazil",UTC,2019-05-18T22:00:00+00:00,1558216800,1558216800.0,1558220400.0,,Allianz Parque,Sao Paulo,Match Finished,FT,90.0,71,Serie A,Brazil,https://media.api-sports.io/football/leagues/71.png,https://media.api-sports.io/flags/br.svg,2019,Regular Season - 5,121,Palmeiras,https://media.api-sports.io/football/teams/121.png,True,128,Santos,https://media.api-sports.io/football/teams/128.png,False,4.0,0.0,2.0,0.0,4.0,0.0,,,,,,,
94512,"Paulo Roberto Alves Junior, Brazil",UTC,2019-05-18T22:00:00+00:00,1558216800,1558216800.0,1558220400.0,,Arena Independência,Belo Horizonte,Match Finished,FT,90.0,71,Serie A,Brazil,https://media.api-sports.io/football/leagues/71.png,https://media.api-sports.io/flags/br.svg,2019,Regular Season - 5,1062,Atletico-MG,https://media.api-sports.io/football/teams/1062.png,True,127,Flamengo,https://media.api-sports.io/football/teams/127.png,False,2.0,1.0,1.0,1.0,2.0,1.0,,,,,,,
94519,"Daniel Nobre Bins, Brazil",UTC,2019-05-19T14:00:00+00:00,1558274400,1558274400.0,1558278000.0,,Morumbi,Sao Paulo,Match Finished,FT,90.0,71,Serie A,Brazil,https://media.api-sports.io/football/leagues/71.png,https://media.api-sports.io/flags/br.svg,2019,Regular Season - 5,126,Sao Paulo,https://media.api-sports.io/football/teams/126.png,,118,Bahia,https://media.api-sports.io/football/teams/118.png,,0.0,0.0,0.0,0.0,0.0,0.0,,,,,,,
94517,"Rodrigo Carvalhaes de Miranda, Brazil",UTC,2019-05-19T19:00:00+00:00,1558292400,1558292400.0,1558296000.0,,Estádio Beira Rio,Porto Alegre,Match Finished,FT,90.0,71,Serie A,Brazil,https://media.api-sports.io/football/leagues/71.png,https://media.api-sports.io/flags/br.svg,2019,Regular Season - 5,119,Internacional,https://media.api-sports.io/football/teams/119.png,True,150,CSA,https://media.api-sports.io/football/teams/150.png,False,2.0,0.0,1.0,0.0,2.0,0.0,,,,,,,
94514,"Thiago Duarte Peixoto, Brazil",UTC,2019-05-19T19:00:00+00:00,1558292400,1558292400.0,1558296000.0,,Arena Condá,Chapeco,Match Finished,FT,90.0,71,Serie A,Brazil,https://media.api-sports.io/football/leagues/71.png,https://media.api-sports.io/flags/br.svg,2019,Regular Season - 5,132,Chapecoense-SC,https://media.api-sports.io/football/teams/132.png,False,154,Fortaleza EC,https://media.api-sports.io/football/teams/154.png,True,1.0,3.0,1.0,1.0,1.0,3.0,,,,,,,
94511,"Wagner do Nascimento Magalhaes, Brazil",UTC,2019-05-19T19:00:00+00:00,1558292400,1558292400.0,1558296000.0,,Arena da Baixada,Curitiba,Match Finished,FT,90.0,71,Serie A,Brazil,https://media.api-sports.io/football/leagues/71.png,https://media.api-sports.io/flags/br.svg,2019,Regular Season - 5,134,Atletico Paranaense,https://media.api-sports.io/football/teams/134.png,False,131,Corinthians,https://media.api-sports.io/football/teams/131.png,True,0.0,2.0,0.0,1.0,0.0,2.0,,,,,,,
94516,"Rodolpho Toski Marques, Brazil",UTC,2019-05-19T19:00:00+00:00,1558292400,1558292400.0,1558296000.0,,Serra Dourada,Goiania,Match Finished,FT,90.0,71,Serie A,Brazil,https://media.api-sports.io/football/leagues/71.png,https://media.api-sports.io/flags/br.svg,2019,Regular Season - 5,151,Goias,https://media.api-sports.io/football/teams/151.png,True,120,Botafogo,https://media.api-sports.io/football/teams/120.png,False,1.0,0.0,0.0,0.0,1.0,0.0,,,,,,,
94513,"Igor Junio Benevenuto, Brazil",UTC,2019-05-19T22:00:00+00:00,1558303200,1558303200.0,1558306800.0,,Estadio Castelão,Fortaleza,Match Finished,FT,90.0,71,Serie A,Brazil,https://media.api-sports.io/football/leagues/71.png,https://media.api-sports.io/flags/br.svg,2019,Regular Season - 5,129,Ceara,https://media.api-sports.io/football/teams/129.png,True,130,Gremio,https://media.api-sports.io/football/teams/130.png,False,2.0,1.0,2.0,1.0,2.0,1.0,,,,,,,
94520,"Ricardo Marques Ribeiro, Brazil",UTC,2019-05-19T22:00:00+00:00,1558303200,1558303200.0,1558306800.0,,São Januário,Rio de Janeiro,Match Finished,FT,90.0,71,Serie A,Brazil,https://media.api-sports.io/football/leagues/71.png,https://media.api-sports.io/flags/br.svg,2019,Regular Season - 5,133,Vasco DA Gama,https://media.api-sports.io/football/teams/133.png,,145,Avai,https://media.api-sports.io/football/teams/145.png,,1.0,1.0,0.0,0.0,1.0,1.0,,,,,,,
94523,"Paulo Roberto Alves Junior, Brazil",UTC,2019-05-25T19:00:00+00:00,1558810800,1558810800.0,1558814400.0,,Estadio Olimpico Nilton Santos,Rio de Janeiro,Match Finished,FT,90.0,71,Serie A,Brazil,https://media.api-sports.io/football/leagues/71.png,https://media.api-sports.io/flags/br.svg,2019,Regular Season - 6,120,Botafogo,https://media.api-sports.io/football/teams/120.png,False,121,Palmeiras,https://media.api-sports.io/football/teams/121.png,True,0.0,1.0,0.0,0.0,0.0,1.0,,,,,,,
94529,"Rafael Traci, Brazil",UTC,2019-05-25T22:00:00+00:00,1558821600,1558821600.0,1558825200.0,,Arena do Grêmio,Porto Alegre,Match Finished,FT,90.0,71,Serie A,Brazil,https://media.api-sports.io/football/leagues/71.png,https://media.api-sports.io/flags/br.svg,2019,Regular Season - 6,130,Gremio,https://media.api-sports.io/football/teams/130.png,True,1062,Atletico-MG,https://media.api-sports.io/football/teams/1062.png,False,1.0,0.0,0.0,0.0,1.0,0.0,,,,,,,
94527,"Daniel Nobre Bins, Brazil",UTC,2019-05-26T19:00:00+00:00,1558897200,1558897200.0,1558900800.0,,Estádio do Maracanã,Rio de Janeiro,Match Finished,FT,90.0,71,Serie A,Brazil,https://media.api-sports.io/football/leagues/71.png,https://media.api-sports.io/flags/br.svg,2019,Regular Season - 6,127,Flamengo,https://media.api-sports.io/football/teams/127.png,True,134,Atletico Paranaense,https://media.api-sports.io/football/teams/134.png,False,3.0,2.0,1.0,0.0,3.0,2.0,,,,,,,
94530,"Rodolpho Toski Marques, Brazil",UTC,2019-05-26T19:00:00+00:00,1558897200,1558897200.0,1558900800.0,,Urbano Caldeira,Santos,Match Finished,FT,90.0,71,Serie A,Brazil,https://media.api-sports.io/football/leagues/71.png,https://media.api-sports.io/flags/br.svg,2019,Regular Season - 6,128,Santos,https://media.api-sports.io/football/teams/128.png,,119,Internacional,https://media.api-sports.io/football/teams/119.png,,0.0,0.0,0.0,0.0,0.0,0.0,,,,,,,
94522,"Igor Junio Benevenuto, Brazil",UTC,2019-05-26T22:00:00+00:00,1558908000,1558908000.0,1558911600.0,,Arena Fonte Nova,Salvador,Match Finished,FT,90.0,71,Serie A,Brazil,https://media.api-sports.io/football/leagues/71.png,https://media.api-sports.io/flags/br.svg,2019,Regular Season - 6,118,Bahia,https://media.api-sports.io/football/teams/118.png,True,124,Fluminense,https://media.api-sports.io/football/teams/124.png,False,3.0,2.0,2.0,1.0,3.0,2.0,,,,,,,
94524,"Flavio Rodrigues De Souza, Brazil",UTC,2019-05-26T22:00:00+00:00,1558908000,1558908000.0,1558911600.0,,Arena Corinthians,Sao Paulo,Match Finished,FT,90.0,71,Serie A,Brazil,https://media.api-sports.io/football/leagues/71.png,https://media.api-sports.io/flags/br.svg,2019,Regular Season - 6,131,Corinthians,https://media.api-sports.io/football/teams/131.png,True,126,Sao Paulo,https://media.api-sports.io/football/teams/126.png,False,1.0,0.0,1.0,0.0,1.0,0.0,,,,,,,
94525,"Dewson Fernando Freitas da Silva, Brazil",UTC,2019-05-26T22:00:00+00:00,1558908000,1558908000.0,1558911600.0,,Estádio Mineirão,Belo Horizonte,Match Finished,FT,90.0,71,Serie A,Brazil,https://media.api-sports.io/football/leagues/71.png,https://media.api-sports.io/flags/br.svg,2019,Regular Season - 6,135,Cruzeiro,https://media.api-sports.io/football/teams/135.png,False,132,Chapecoense-SC,https://media.api-sports.io/football/teams/132.png,True,1.0,2.0,0.0,0.0,1.0,2.0,,,,,,,
94528,"Anderson Daronco, Brazil",UTC,2019-05-26T22:00:00+00:00,1558908000,1558908000.0,1558911600.0,,Estadio Castelão,Fortaleza,Match Finished,FT,90.0,71,Serie A,Brazil,https://media.api-sports.io/football/leagues/71.png,https://media.api-sports.io/flags/br.svg,2019,Regular Season - 6,154,Fortaleza EC,https://media.api-sports.io/football/teams/154.png,,133,Vasco DA Gama,https://media.api-sports.io/football/teams/133.png,,1.0,1.0,0.0,0.0,1.0,1.0,,,,,,,
94521,"Rodrigo Carvalhaes de Miranda, Brazil",UTC,2019-05-27T23:00:00+00:00,1558998000,1558998000.0,1559001600.0,,Estádio da Ressacada,Florianopolis,Match Finished,FT,90.0,71,Serie A,Brazil,https://media.api-sports.io/football/leagues/71.png,https://media.api-sports.io/flags/br.svg,2019,Regular Season - 6,145,Avai,https://media.api-sports.io/football/teams/145.png,False,129,Ceara,https://media.api-sports.io/football/teams/129.png,True,1.0,2.0,1.0,0.0,1.0,2.0,,,,,,,
94526,"Edina Alves Batista, Brazil",UTC,2019-05-27T23:00:00+00:00,1558998000,1558998000.0,1559001600.0,,Estádio Rei Pelé,Maceio,Match Finished,FT,90.0,71,Serie A,Brazil,https://media.api-sports.io/football/leagues/71.png,https://media.api-sports.io/flags/br.svg,2019,Regular Season - 6,150,CSA,https://media.api-sports.io/football/teams/150.png,True,151,Goias,https://media.api-sports.io/football/teams/151.png,False,1.0,0.0,0.0,0.0,1.0,0.0,,,,,,,
94538,"Rodrigo D'alonso Ferreira, Brazil",UTC,2019-06-01T19:00:00+00:00,1559415600,1559415600.0,1559419200.0,,Estádio do Maracanã,Rio de Janeiro,Match Finished,FT,90.0,71,Serie A,Brazil,https://media.api-sports.io/football/leagues/71.png,https://media.api-sports.io/flags/br.svg,2019,Regular Season - 7,127,Flamengo,https://media.api-sports.io/football/teams/127.png,True,154,Fortaleza EC,https://media.api-sports.io/football/teams/154.png,False,2.0,0.0,1.0,0.0,2.0,0.0,,,,,,,
94533,"Dewson Fernando Freitas da Silva, Brazil",UTC,2019-06-01T22:00:00+00:00,1559426400,1559426400.0,1559430000.0,,Arena Fonte Nova,Salvador,Match Finished,FT,90.0,71,Serie A,Brazil,https://media.api-sports.io/football/leagues/71.png,https://media.api-sports.io/flags/br.svg,2019,Regular Season - 7,118,Bahia,https://media.api-sports.io/football/teams/118.png,True,130,Gremio,https://media.api-sports.io/football/teams/130.png,False,1.0,0.0,0.0,0.0,1.0,0.0,,,,,,,
94534,"Vinicius Goncalves Dias Araujo, Brazil",UTC,2019-06-02T14:00:00+00:00,1559484000,1559484000.0,1559487600.0,,Estadio Olimpico Nilton Santos,Rio de Janeiro,Match Finished,FT,90.0,71,Serie A,Brazil,https://media.api-sports.io/football/leagues/71.png,https://media.api-sports.io/flags/br.svg,2019,Regular Season - 7,120,Botafogo,https://media.api-sports.io/football/teams/120.png,True,133,Vasco DA Gama,https://media.api-sports.io/football/teams/133.png,False,1.0,0.0,0.0,0.0,1.0,0.0,,,,,,,
94540,"Braulio Da Silva Machado, Brazil",UTC,2019-06-02T19:00:00+00:00,1559502000,1559502000.0,1559505600.0,,Morumbi,Sao Paulo,Match Finished,FT,90.0,71,Serie A,Brazil,https://media.api-sports.io/football/leagues/71.png,https://media.api-sports.io/flags/br.svg,2019,Regular Season - 7,126,Sao Paulo,https://media.api-sports.io/football/teams/126.png,,135,Cruzeiro,https://media.api-sports.io/football/teams/135.png,,1.0,1.0,1.0,0.0,1.0,1.0,,,,,,,
94535,"Ricardo Marques Ribeiro, Brazil",UTC,2019-06-02T19:00:00+00:00,1559502000,1559502000.0,1559505600.0,,Estadio Castelão,Fortaleza,Match Finished,FT,90.0,71,Serie A,Brazil,https://media.api-sports.io/football/leagues/71.png,https://media.api-sports.io/flags/br.svg,2019,Regular Season - 7,129,Ceara,https://media.api-sports.io/football/teams/129.png,False,128,Santos,https://media.api-sports.io/football/teams/128.png,True,0.0,1.0,0.0,0.0,0.0,1.0,,,,,,,
94531,"Reway Wagner, Brazil",UTC,2019-06-02T19:00:00+00:00,1559502000,1559502000.0,1559505600.0,,Arena da Baixada,Curitiba,Match Finished,FT,90.0,71,Serie A,Brazil,https://media.api-sports.io/football/leagues/71.png,https://media.api-sports.io/flags/br.svg,2019,Regular Season - 7,134,Atletico Paranaense,https://media.api-sports.io/football/teams/134.png,True,124,Fluminense,https://media.api-sports.io/football/teams/124.png,False,3.0,0.0,2.0,0.0,3.0,0.0,,,,,,,
94539,"Rodrigo Nunes De Sa, Brazil",UTC,2019-06-02T22:00:00+00:00,1559512800,1559512800.0,1559516400.0,,Estádio Beira Rio,Porto Alegre,Match Finished,FT,90.0,71,Serie A,Brazil,https://media.api-sports.io/football/leagues/71.png,https://media.api-sports.io/flags/br.svg,2019,Regular Season - 7,119,Internacional,https://media.api-sports.io/football/teams/119.png,True,145,Avai,https://media.api-sports.io/football/teams/145.png,False,2.0,0.0,0.0,0.0,2.0,0.0,,,,,,,
94536,"Rodolpho Toski Marques, Brazil",UTC,2019-06-02T22:00:00+00:00,1559512800,1559512800.0,1559516400.0,,Arena Condá,Chapeco,Match Finished,FT,90.0,71,Serie A,Brazil,https://media.api-sports.io/football/leagues/71.png,https://media.api-sports.io/flags/br.svg,2019,Regular Season - 7,132,Chapecoense-SC,https://media.api-sports.io/football/teams/132.png,False,121,Palmeiras,https://media.api-sports.io/football/teams/121.png,True,1.0,2.0,1.0,2.0,1.0,2.0,,,,,,,
94532,"Diego Pombo Lopez, Brazil",UTC,2019-06-02T22:00:00+00:00,1559512800,1559512800.0,1559516400.0,,Arena Independência,Belo Horizonte,Match Finished,FT,90.0,71,Serie A,Brazil,https://media.api-sports.io/football/leagues/71.png,https://media.api-sports.io/flags/br.svg,2019,Regular Season - 7,1062,Atletico-MG,https://media.api-sports.io/football/teams/1062.png,True,150,CSA,https://media.api-sports.io/football/teams/150.png,False,4.0,0.0,2.0,0.0,4.0,0.0,,,,,,,
94550,"Heber Roberto Lopes, Brazil",UTC,2019-06-07T23:30:00+00:00,1559950200,1559950200.0,1559953800.0,,São Januário,Rio de Janeiro,Match Finished,FT,90.0,71,Serie A,Brazil,https://media.api-sports.io/football/leagues/71.png,https://media.api-sports.io/flags/br.svg,2019,Regular Season - 8,133,Vasco DA Gama,https://media.api-sports.io/football/teams/133.png,True,119,Internacional,https://media.api-sports.io/football/teams/119.png,False,2.0,1.0,2.0,0.0,2.0,1.0,,,,,,,
94548,"Rodrigo D'alonso Ferreira, Brazil",UTC,2019-06-08T19:30:00+00:00,1560022200,1560022200.0,1560025800.0,,Allianz Parque,Sao Paulo,Match Finished,FT,90.0,71,Serie A,Brazil,https://media.api-sports.io/football/leagues/71.png,https://media.api-sports.io/flags/br.svg,2019,Regular Season - 8,121,Palmeiras,https://media.api-sports.io/football/teams/121.png,True,134,Atletico Paranaense,https://media.api-sports.io/football/teams/134.png,False,1.0,0.0,0.0,0.0,1.0,0.0,,,,,,,
94547,"Savio Pereira Sampaio, Brazil",UTC,2019-06-08T22:00:00+00:00,1560031200,1560031200.0,1560034800.0,,Arena do Grêmio,Porto Alegre,Match Finished,FT,90.0,71,Serie A,Brazil,https://media.api-sports.io/football/leagues/71.png,https://media.api-sports.io/flags/br.svg,2019,Regular Season - 8,130,Gremio,https://media.api-sports.io/football/teams/130.png,True,154,Fortaleza EC,https://media.api-sports.io/football/teams/154.png,False,1.0,0.0,0.0,0.0,1.0,0.0,,,,,,,
94543,"Marcelo De Lima Henrique, Brazil",UTC,2019-06-08T22:00:00+00:00,1560031200,1560031200.0,1560034800.0,,Estádio Mineirão,Belo Horizonte,Match Finished,FT,90.0,71,Serie A,Brazil,https://media.api-sports.io/football/leagues/71.png,https://media.api-sports.io/flags/br.svg,2019,Regular Season - 8,135,Cruzeiro,https://media.api-sports.io/football/teams/135.png,,131,Corinthians,https://media.api-sports.io/football/teams/131.png,,0.0,0.0,0.0,0.0,0.0,0.0,,,,,,,
94542,"Thiago Duarte Peixoto, Brazil",UTC,2019-06-08T22:30:00+00:00,1560033000,1560033000.0,1560036600.0,,Estadio Castelão,Fortaleza,Match Finished,FT,90.0,71,Serie A,Brazil,https://media.api-sports.io/football/leagues/71.png,https://media.api-sports.io/flags/br.svg,2019,Regular Season - 8,129,Ceara,https://media.api-sports.io/football/teams/129.png,,118,Bahia,https://media.api-sports.io/football/teams/118.png,,0.0,0.0,0.0,0.0,0.0,0.0,,,,,,,
94541,"Caio Max Augusto Vieira, Brazil",UTC,2019-06-09T00:00:00+00:00,1560038400,1560038400.0,1560042000.0,,Estádio da Ressacada,Florianopolis,Match Finished,FT,90.0,71,Serie A,Brazil,https://media.api-sports.io/football/leagues/71.png,https://media.api-sports.io/flags/br.svg,2019,Regular Season - 8,145,Avai,https://media.api-sports.io/football/teams/145.png,,126,Sao Paulo,https://media.api-sports.io/football/teams/126.png,,0.0,0.0,0.0,0.0,0.0,0.0,,,,,,,
94545,"Wagner do Nascimento Magalhaes, Brazil",UTC,2019-06-09T22:00:00+00:00,1560117600,1560117600.0,1560121200.0,,Estádio do Maracanã,Rio de Janeiro,Match Finished,FT,90.0,71,Serie A,Brazil,https://media.api-sports.io/football/leagues/71.png,https://media.api-sports.io/flags/br.svg,2019,Regular Season - 8,124,Fluminense,https://media.api-sports.io/football/teams/124.png,,127,Flamengo,https://media.api-sports.io/football/teams/127.png,,0.0,0.0,0.0,0.0,0.0,0.0,,,,,,,
94549,"Dewson Fernando Freitas da Silva, Brazil",UTC,2019-06-09T22:00:00+00:00,1560117600,1560117600.0,1560121200.0,,Urbano Caldeira,Santos,Match Finished,FT,90.0,71,Serie A,Brazil,https://media.api-sports.io/football/leagues/71.png,https://media.api-sports.io/flags/br.svg,2019,Regular Season - 8,128,Santos,https://media.api-sports.io/football/teams/128.png,True,1062,Atletico-MG,https://media.api-sports.io/football/teams/1062.png,False,3.0,1.0,2.0,0.0,3.0,1.0,,,,,,,
94544,"Jean Pierre Goncalves Lima, Brazil",UTC,2019-06-09T22:00:00+00:00,1560117600,1560117600.0,1560121200.0,,Estádio Rei Pelé,Maceio,Match Finished,FT,90.0,71,Serie A,Brazil,https://media.api-sports.io/football/leagues/71.png,https://media.api-sports.io/flags/br.svg,2019,Regular Season - 8,150,CSA,https://media.api-sports.io/football/teams/150.png,False,120,Botafogo,https://media.api-sports.io/football/teams/120.png,True,1.0,2.0,0.0,0.0,1.0,2.0,,,,,,,
94546,"Igor Junio Benevenuto, Brazil",UTC,2019-06-10T23:00:00+00:00,1560207600,1560207600.0,1560211200.0,,Serra Dourada,Goiania,Match Finished,FT,90.0,71,Serie A,Brazil,https://media.api-sports.io/football/leagues/71.png,https://media.api-sports.io/flags/br.svg,2019,Regular Season - 8,151,Goias,https://media.api-sports.io/football/teams/151.png,True,132,Chapecoense-SC,https://media.api-sports.io/football/teams/132.png,False,3.0,1.0,1.0,1.0,3.0,1.0,,,,,,,
94552,"Marcelo Aparecido Ribeiro de Souza, Brazil",UTC,2019-06-12T22:15:00+00:00,1560377700,1560377700.0,1560381300.0,,Estadio Olimpico Nilton Santos,Rio de Janeiro,Match Finished,FT,90.0,71,Serie A,Brazil,https://media.api-sports.io/football/leagues/71.png,https://media.api-sports.io/flags/br.svg,2019,Regular Season - 9,120,Botafogo,https://media.api-sports.io/football/teams/120.png,False,130,Gremio,https://media.api-sports.io/football/teams/130.png,True,0.0,1.0,0.0,0.0,0.0,1.0,,,,,,,
94555,Heber Lopes,UTC,2019-06-13T00:00:00+00:00,1560384000,1560384000.0,1560387600.0,,"Estádio Governador Plácido Aderaldo Castelo (Fortaleza, Ceará)",,Match Finished,FT,90.0,71,Serie A,Brazil,https://media.api-sports.io/football/leagues/71.png,https://media.api-sports.io/flags/br.svg,2019,Regular Season - 9,154,Fortaleza EC,https://media.api-sports.io/football/teams/154.png,True,135,Cruzeiro,https://media.api-sports.io/football/teams/135.png,False,2.0,1.0,2.0,1.0,2.0,1.0,,,,,,,
94557,Paulo Roberto Alves Júnior,UTC,2019-06-13T00:30:00+00:00,1560385800,1560385800.0,1560389400.0,,"Estádio José Pinheiro Borda (Porto Alegre, Rio Grande do Sul)",,Match Finished,FT,90.0,71,Serie A,Brazil,https://media.api-sports.io/football/leagues/71.png,https://media.api-sports.io/flags/br.svg,2019,Regular Season - 9,119,Internacional,https://media.api-sports.io/football/teams/119.png,True,118,Bahia,https://media.api-sports.io/football/teams/118.png,False,3.0,1.0,1.0,0.0,3.0,1.0,,,,,,,
94559,Wagner do Nascimento Magalhaes,UTC,2019-06-13T00:30:00+00:00,1560385800,1560385800.0,1560389400.0,,"Estádio Urbano Caldeira (Santos, São Paulo)",,Match Finished,FT,90.0,71,Serie A,Brazil,https://media.api-sports.io/football/leagues/71.png,https://media.api-sports.io/flags/br.svg,2019,Regular Season - 9,128,Santos,https://media.api-sports.io/football/teams/128.png,True,131,Corinthians,https://media.api-sports.io/football/teams/131.png,False,1.0,0.0,0.0,0.0,1.0,0.0,,,,,,,
94554,Douglas Marques das Flores,UTC,2019-06-13T00:30:00+00:00,1560385800,1560385800.0,1560389400.0,,"Estádio Nacional de Brasília (Brasília, Distrito Federal)",,Match Finished,FT,90.0,71,Serie A,Brazil,https://media.api-sports.io/football/leagues/71.png,https://media.api-sports.io/flags/br.svg,2019,Regular Season - 9,150,CSA,https://media.api-sports.io/football/teams/150.png,False,127,Flamengo,https://media.api-sports.io/football/teams/127.png,True,0.0,2.0,0.0,0.0,0.0,2.0,,,,,,,
94560,"Flavio Rodrigues De Souza, Brazil",UTC,2019-06-13T22:15:00+00:00,1560464100,1560464100.0,1560467700.0,,São Januário,Rio de Janeiro,Match Finished,FT,90.0,71,Serie A,Brazil,https://media.api-sports.io/football/leagues/71.png,https://media.api-sports.io/flags/br.svg,2019,Regular Season - 9,133,Vasco DA Gama,https://media.api-sports.io/football/teams/133.png,True,129,Ceara,https://media.api-sports.io/football/teams/129.png,False,1.0,0.0,0.0,0.0,1.0,0.0,,,,,,,
94558,"Marcelo De Lima Henrique, Brazil",UTC,2019-06-13T23:00:00+00:00,1560466800,1560466800.0,1560470400.0,,Allianz Parque,Sao Paulo,Match Finished,FT,90.0,71,Serie A,Brazil,https://media.api-sports.io/football/leagues/71.png,https://media.api-sports.io/flags/br.svg,2019,Regular Season - 9,121,Palmeiras,https://media.api-sports.io/football/teams/121.png,True,145,Avai,https://media.api-sports.io/football/teams/145.png,False,2.0,0.0,1.0,0.0,2.0,0.0,,,,,,,
94553,"Ricardo Marques Ribeiro, Brazil",UTC,2019-06-13T23:00:00+00:00,1560466800,1560466800.0,1560470400.0,,Arena Condá,Chapeco,Match Finished,FT,90.0,71,Serie A,Brazil,https://media.api-sports.io/football/leagues/71.png,https://media.api-sports.io/flags/br.svg,2019,Regular Season - 9,132,Chapecoense-SC,https://media.api-sports.io/football/teams/132.png,,124,Fluminense,https://media.api-sports.io/football/teams/124.png,,1.0,1.0,1.0,0.0,1.0,1.0,,,,,,,
94556,"Rodrigo Carvalhaes de Miranda, Brazil",UTC,2019-06-13T23:00:00+00:00,1560466800,1560466800.0,1560470400.0,,Serra Dourada,Goiania,Match Finished,FT,90.0,71,Serie A,Brazil,https://media.api-sports.io/football/leagues/71.png,https://media.api-sports.io/flags/br.svg,2019,Regular Season - 9,151,Goias,https://media.api-sports.io/football/teams/151.png,True,134,Atletico Paranaense,https://media.api-sports.io/football/teams/134.png,False,2.0,1.0,2.0,0.0,2.0,1.0,,,,,,,
94551,"Leandro Pedro Vuaden, Brazil",UTC,2019-06-13T23:00:00+00:00,1560466800,1560466800.0,1560470400.0,,Arena Independência,Belo Horizonte,Match Finished,FT,90.0,71,Serie A,Brazil,https://media.api-sports.io/football/leagues/71.png,https://media.api-sports.io/flags/br.svg,2019,Regular Season - 9,1062,Atletico-MG,https://media.api-sports.io/football/teams/1062.png,,126,Sao Paulo,https://media.api-sports.io/football/teams/126.png,,1.0,1.0,1.0,0.0,1.0,1.0,,,,,,,
94569,"Rodolpho Toski Marques, Brazil",UTC,2019-07-13T20:00:00+00:00,1563048000,1563048000.0,1563051600.0,,Arena do Grêmio,Porto Alegre,Match Finished,FT,90.0,71,Serie A,Brazil,https://media.api-sports.io/football/leagues/71.png,https://media.api-sports.io/flags/br.svg,2019,Regular Season - 10,130,Gremio,https://media.api-sports.io/football/teams/130.png,True,133,Vasco DA Gama,https://media.api-sports.io/football/teams/133.png,False,2.0,1.0,0.0,1.0,2.0,1.0,,,,,,,
94568,"Thiago Duarte Peixoto, Brazil",UTC,2019-07-13T20:00:00+00:00,1563048000,1563048000.0,1563051600.0,,Estadio Castelão,Fortaleza,Match Finished,FT,90.0,71,Serie A,Brazil,https://media.api-sports.io/football/leagues/71.png,https://media.api-sports.io/flags/br.svg,2019,Regular Season - 10,154,Fortaleza EC,https://media.api-sports.io/football/teams/154.png,True,145,Avai,https://media.api-sports.io/football/teams/145.png,False,2.0,0.0,1.0,0.0,2.0,0.0,,,,,,,
94562,"Jean Pierre Goncalves Lima, Brazil",UTC,2019-07-13T22:00:00+00:00,1563055200,1563055200.0,1563058800.0,,Arena Fonte Nova,Salvador,Match Finished,FT,90.0,71,Serie A,Brazil,https://media.api-sports.io/football/leagues/71.png,https://media.api-sports.io/flags/br.svg,2019,Regular Season - 10,118,Bahia,https://media.api-sports.io/football/teams/118.png,False,128,Santos,https://media.api-sports.io/football/teams/128.png,True,0.0,1.0,0.0,0.0,0.0,1.0,,,,,,,
94570,"Bruno Arleu de Araujo, Brazil",UTC,2019-07-13T22:00:00+00:00,1563055200,1563055200.0,1563058800.0,,Morumbi,Sao Paulo,Match Finished,FT,90.0,71,Serie A,Brazil,https://media.api-sports.io/football/leagues/71.png,https://media.api-sports.io/flags/br.svg,2019,Regular Season - 10,126,Sao Paulo,https://media.api-sports.io/football/teams/126.png,,121,Palmeiras,https://media.api-sports.io/football/teams/121.png,,1.0,1.0,1.0,0.0,1.0,1.0,,,,,,,
94566,"Caio Max Augusto Vieira, Brazil",UTC,2019-07-14T14:00:00+00:00,1563112800,1563112800.0,1563116400.0,,Estádio do Maracanã,Rio de Janeiro,Match Finished,FT,90.0,71,Serie A,Brazil,https://media.api-sports.io/football/leagues/71.png,https://media.api-sports.io/flags/br.svg,2019,Regular Season - 10,127,Flamengo,https://media.api-sports.io/football/teams/127.png,True,151,Goias,https://media.api-sports.io/football/teams/151.png,False,6.0,1.0,4.0,1.0,6.0,1.0,,,,,,,
94564,"Reway Wagner, Brazil",UTC,2019-07-14T19:00:00+00:00,1563130800,1563130800.0,1563134400.0,,Arena Corinthians,Sao Paulo,Match Finished,FT,90.0,71,Serie A,Brazil,https://media.api-sports.io/football/leagues/71.png,https://media.api-sports.io/flags/br.svg,2019,Regular Season - 10,131,Corinthians,https://media.api-sports.io/football/teams/131.png,True,150,CSA,https://media.api-sports.io/football/teams/150.png,False,1.0,0.0,0.0,0.0,1.0,0.0,,,,,,,
94561,"Braulio Da Silva Machado, Brazil",UTC,2019-07-14T19:00:00+00:00,1563130800,1563130800.0,1563134400.0,,Arena da Baixada,Curitiba,Match Finished,FT,90.0,71,Serie A,Brazil,https://media.api-sports.io/football/leagues/71.png,https://media.api-sports.io/flags/br.svg,2019,Regular Season - 10,134,Atletico Paranaense,https://media.api-sports.io/football/teams/134.png,True,119,Internacional,https://media.api-sports.io/football/teams/119.png,False,1.0,0.0,0.0,0.0,1.0,0.0,,,,,,,
94565,"Leandro Pedro Vuaden, Brazil",UTC,2019-07-14T19:00:00+00:00,1563130800,1563130800.0,1563134400.0,,Estádio Mineirão,Belo Horizonte,Match Finished,FT,90.0,71,Serie A,Brazil,https://media.api-sports.io/football/leagues/71.png,https://media.api-sports.io/flags/br.svg,2019,Regular Season - 10,135,Cruzeiro,https://media.api-sports.io/football/teams/135.png,,120,Botafogo,https://media.api-sports.io/football/teams/120.png,,0.0,0.0,0.0,0.0,0.0,0.0,,,,,,,
94563,"Marcelo Aparecido Ribeiro de Souza, Brazil",UTC,2019-07-14T22:00:00+00:00,1563141600,1563141600.0,1563145200.0,,Arena Condá,Chapeco,Match Finished,FT,90.0,71,Serie A,Brazil,https://media.api-sports.io/football/leagues/71.png,https://media.api-sports.io/flags/br.svg,2019,Regular Season - 10,132,Chapecoense-SC,https://media.api-sports.io/football/teams/132.png,False,1062,Atletico-MG,https://media.api-sports.io/football/teams/1062.png,True,1.0,2.0,1.0,0.0,1.0,2.0,,,,,,,
94567,"Douglas Marques das Flores, Brazil",UTC,2019-07-15T23:00:00+00:00,1563231600,1563231600.0,1563235200.0,,Estádio do Maracanã,Rio de Janeiro,Match Finished,FT,90.0,71,Serie A,Brazil,https://media.api-sports.io/football/leagues/71.png,https://media.api-sports.io/flags/br.svg,2019,Regular Season - 10,124,Fluminense,https://media.api-sports.io/football/teams/124.png,,129,Ceara,https://media.api-sports.io/football/teams/129.png,,1.0,1.0,1.0,1.0,1.0,1.0,,,,,,,
94580,"Bruno Arleu de Araujo, Brazil",UTC,2019-07-20T14:00:00+00:00,1563631200,1563631200.0,1563634800.0,,São Januário,Rio de Janeiro,Match Finished,FT,90.0,71,Serie A,Brazil,https://media.api-sports.io/football/leagues/71.png,https://media.api-sports.io/flags/br.svg,2019,Regular Season - 11,133,Vasco DA Gama,https://media.api-sports.io/football/teams/133.png,True,124,Fluminense,https://media.api-sports.io/football/teams/124.png,False,2.0,1.0,0.0,1.0,2.0,1.0,,,,,,,
94573,"Luiz Flavio De Oliveira, Brazil",UTC,2019-07-20T20:00:00+00:00,1563652800,1563652800.0,1563656400.0,,Arena Fonte Nova,Salvador,Match Finished,FT,90.0,71,Serie A,Brazil,https://media.api-sports.io/football/leagues/71.png,https://media.api-sports.io/flags/br.svg,2019,Regular Season - 11,118,Bahia,https://media.api-sports.io/football/teams/118.png,,135,Cruzeiro,https://media.api-sports.io/football/teams/135.png,,0.0,0.0,0.0,0.0,0.0,0.0,,,,,,,
94578,"Anderson Daronco, Brazil",UTC,2019-07-20T22:00:00+00:00,1563660000,1563660000.0,1563663600.0,,Estádio Beira Rio,Porto Alegre,Match Finished,FT,90.0,71,Serie A,Brazil,https://media.api-sports.io/football/leagues/71.png,https://media.api-sports.io/flags/br.svg,2019,Regular Season - 11,119,Internacional,https://media.api-sports.io/football/teams/119.png,,130,Gremio,https://media.api-sports.io/football/teams/130.png,,1.0,1.0,1.0,0.0,1.0,1.0,,,,,,,
94575,"Rodrigo D'alonso Ferreira, Brazil",UTC,2019-07-20T22:00:00+00:00,1563660000,1563660000.0,1563663600.0,,Estadio Castelão,Fortaleza,Match Finished,FT,90.0,71,Serie A,Brazil,https://media.api-sports.io/football/leagues/71.png,https://media.api-sports.io/flags/br.svg,2019,Regular Season - 11,129,Ceara,https://media.api-sports.io/football/teams/129.png,True,121,Palmeiras,https://media.api-sports.io/football/teams/121.png,False,2.0,0.0,1.0,0.0,2.0,0.0,,,,,,,
94577,"Ricardo Marques Ribeiro, Brazil",UTC,2019-07-20T22:00:00+00:00,1563660000,1563660000.0,1563663600.0,,Estádio Rei Pelé,Maceio,Match Finished,FT,90.0,71,Serie A,Brazil,https://media.api-sports.io/football/leagues/71.png,https://media.api-sports.io/flags/br.svg,2019,Regular Season - 11,150,CSA,https://media.api-sports.io/football/teams/150.png,False,134,Atletico Paranaense,https://media.api-sports.io/football/teams/134.png,True,0.0,4.0,0.0,1.0,0.0,4.0,,,,,,,
94574,"Heber Roberto Lopes, Brazil",UTC,2019-07-21T14:00:00+00:00,1563717600,1563717600.0,1563721200.0,,Estadio Olimpico Nilton Santos,Rio de Janeiro,Match Finished,FT,90.0,71,Serie A,Brazil,https://media.api-sports.io/football/leagues/71.png,https://media.api-sports.io/flags/br.svg,2019,Regular Season - 11,120,Botafogo,https://media.api-sports.io/football/teams/120.png,False,128,Santos,https://media.api-sports.io/football/teams/128.png,True,0.0,1.0,0.0,0.0,0.0,1.0,,,,,,,
94576,"Leandro Pedro Vuaden, Brazil",UTC,2019-07-21T19:00:00+00:00,1563735600,1563735600.0,1563739200.0,,Arena Corinthians,Sao Paulo,Match Finished,FT,90.0,71,Serie A,Brazil,https://media.api-sports.io/football/leagues/71.png,https://media.api-sports.io/flags/br.svg,2019,Regular Season - 11,131,Corinthians,https://media.api-sports.io/football/teams/131.png,,127,Flamengo,https://media.api-sports.io/football/teams/127.png,,1.0,1.0,0.0,0.0,1.0,1.0,,,,,,,
94571,"Edina Alves Batista, Brazil",UTC,2019-07-21T19:00:00+00:00,1563735600,1563735600.0,1563739200.0,,Arena Independência,Belo Horizonte,Match Finished,FT,90.0,71,Serie A,Brazil,https://media.api-sports.io/football/leagues/71.png,https://media.api-sports.io/flags/br.svg,2019,Regular Season - 11,1062,Atletico-MG,https://media.api-sports.io/football/teams/1062.png,,154,Fortaleza EC,https://media.api-sports.io/football/teams/154.png,,2.0,2.0,2.0,0.0,2.0,2.0,,,,,,,
94572,"Rodolpho Toski Marques, Brazil",UTC,2019-07-21T22:00:00+00:00,1563746400,1563746400.0,1563750000.0,,Estádio da Ressacada,Florianopolis,Match Finished,FT,90.0,71,Serie A,Brazil,https://media.api-sports.io/football/leagues/71.png,https://media.api-sports.io/flags/br.svg,2019,Regular Season - 11,145,Avai,https://media.api-sports.io/football/teams/145.png,,151,Goias,https://media.api-sports.io/football/teams/151.png,,0.0,0.0,0.0,0.0,0.0,0.0,,,,,,,
94579,"Savio Pereira Sampaio, Brazil",UTC,2019-07-22T23:00:00+00:00,1563836400,1563836400.0,1563840000.0,,Morumbi,Sao Paulo,Match Finished,FT,90.0,71,Serie A,Brazil,https://media.api-sports.io/football/leagues/71.png,https://media.api-sports.io/flags/br.svg,2019,Regular Season - 11,126,Sao Paulo,https://media.api-sports.io/football/teams/126.png,True,132,Chapecoense-SC,https://media.api-sports.io/football/teams/132.png,False,4.0,0.0,0.0,0.0,4.0,0.0,,,,,,,
94589,"Ricardo Marques Ribeiro, Brazil",UTC,2019-07-27T20:00:00+00:00,1564257600,1564257600.0,1564261200.0,,Allianz Parque,Sao Paulo,Match Finished,FT,90.0,71,Serie A,Brazil,https://media.api-sports.io/football/leagues/71.png,https://media.api-sports.io/flags/br.svg,2019,Regular Season - 12,121,Palmeiras,https://media.api-sports.io/football/teams/121.png,,133,Vasco DA Gama,https://media.api-sports.io/football/teams/133.png,,1.0,1.0,1.0,1.0,1.0,1.0,,,,,,,
94588,"Marcelo De Lima Henrique, Brazil",UTC,2019-07-27T22:00:00+00:00,1564264800,1564264800.0,1564268400.0,,Estádio Beira Rio,Porto Alegre,Match Finished,FT,90.0,71,Serie A,Brazil,https://media.api-sports.io/football/leagues/71.png,https://media.api-sports.io/flags/br.svg,2019,Regular Season - 12,119,Internacional,https://media.api-sports.io/football/teams/119.png,True,129,Ceara,https://media.api-sports.io/football/teams/129.png,False,1.0,0.0,1.0,0.0,1.0,0.0,,,,,,,
94585,"Anderson Daronco, Brazil",UTC,2019-07-27T22:00:00+00:00,1564264800,1564264800.0,1564268400.0,,Estádio do Maracanã,Rio de Janeiro,Match Finished,FT,90.0,71,Serie A,Brazil,https://media.api-sports.io/football/leagues/71.png,https://media.api-sports.io/flags/br.svg,2019,Regular Season - 12,124,Fluminense,https://media.api-sports.io/football/teams/124.png,False,126,Sao Paulo,https://media.api-sports.io/football/teams/126.png,True,1.0,2.0,1.0,1.0,1.0,2.0,,,,,,,
94582,"Rodrigo Carvalhaes de Miranda, Brazil",UTC,2019-07-27T22:00:00+00:00,1564264800,1564264800.0,1564268400.0,,Estádio Mineirão,Belo Horizonte,Match Finished,FT,90.0,71,Serie A,Brazil,https://media.api-sports.io/football/leagues/71.png,https://media.api-sports.io/flags/br.svg,2019,Regular Season - 12,135,Cruzeiro,https://media.api-sports.io/football/teams/135.png,False,134,Atletico Paranaense,https://media.api-sports.io/football/teams/134.png,True,0.0,2.0,0.0,1.0,0.0,2.0,,,,,,,
94581,"Dewson Fernando Freitas da Silva, Brazil",UTC,2019-07-28T14:00:00+00:00,1564322400,1564322400.0,1564326000.0,,Arena Condá,Chapeco,Match Finished,FT,90.0,71,Serie A,Brazil,https://media.api-sports.io/football/leagues/71.png,https://media.api-sports.io/flags/br.svg,2019,Regular Season - 12,132,Chapecoense-SC,https://media.api-sports.io/football/teams/132.png,,118,Bahia,https://media.api-sports.io/football/teams/118.png,,0.0,0.0,0.0,0.0,0.0,0.0,,,,,,,
94584,"Raphael Claus, Brazil",UTC,2019-07-28T19:00:00+00:00,1564340400,1564340400.0,1564344000.0,,Estádio do Maracanã,Rio de Janeiro,Match Finished,FT,90.0,71,Serie A,Brazil,https://media.api-sports.io/football/leagues/71.png,https://media.api-sports.io/flags/br.svg,2019,Regular Season - 12,127,Flamengo,https://media.api-sports.io/football/teams/127.png,True,120,Botafogo,https://media.api-sports.io/football/teams/120.png,False,3.0,2.0,1.0,1.0,3.0,2.0,,,,,,,
94590,"Reway Wagner, Brazil",UTC,2019-07-28T19:00:00+00:00,1564340400,1564340400.0,1564344000.0,,Urbano Caldeira,Santos,Match Finished,FT,90.0,71,Serie A,Brazil,https://media.api-sports.io/football/leagues/71.png,https://media.api-sports.io/flags/br.svg,2019,Regular Season - 12,128,Santos,https://media.api-sports.io/football/teams/128.png,True,145,Avai,https://media.api-sports.io/football/teams/145.png,False,3.0,1.0,2.0,1.0,3.0,1.0,,,,,,,
94587,"Luiz Flavio De Oliveira, Brazil",UTC,2019-07-28T22:00:00+00:00,1564351200,1564351200.0,1564354800.0,,Serra Dourada,Goiania,Match Finished,FT,90.0,71,Serie A,Brazil,https://media.api-sports.io/football/leagues/71.png,https://media.api-sports.io/flags/br.svg,2019,Regular Season - 12,151,Goias,https://media.api-sports.io/football/teams/151.png,,1062,Atletico-MG,https://media.api-sports.io/football/teams/1062.png,,0.0,0.0,0.0,0.0,0.0,0.0,,,,,,,
94586,"Wilton Pereira Sampaio, Brazil",UTC,2019-07-28T22:00:00+00:00,1564351200,1564351200.0,1564354800.0,,Estadio Castelão,Fortaleza,Match Finished,FT,90.0,71,Serie A,Brazil,https://media.api-sports.io/football/leagues/71.png,https://media.api-sports.io/flags/br.svg,2019,Regular Season - 12,154,Fortaleza EC,https://media.api-sports.io/football/teams/154.png,False,131,Corinthians,https://media.api-sports.io/football/teams/131.png,True,1.0,3.0,1.0,0.0,1.0,3.0,,,,,,,
94583,"Caio Max Augusto Vieira, Brazil",UTC,2019-07-29T23:00:00+00:00,1564441200,1564441200.0,1564444800.0,,Estádio Rei Pelé,Maceio,Match Finished,FT,90.0,71,Serie A,Brazil,https://media.api-sports.io/football/leagues/71.png,https://media.api-sports.io/flags/br.svg,2019,Regular Season - 12,150,CSA,https://media.api-sports.io/football/teams/150.png,,130,Gremio,https://media.api-sports.io/football/teams/130.png,,0.0,0.0,0.0,0.0,0.0,0.0,,,,,,,
94597,"Rodolpho Toski Marques, Brazil",UTC,2019-08-03T22:00:00+00:00,1564869600,1564869600.0,1564873200.0,,Estádio do Maracanã,Rio de Janeiro,Match Finished,FT,90.0,71,Serie A,Brazil,https://media.api-sports.io/football/leagues/71.png,https://media.api-sports.io/flags/br.svg,2019,Regular Season - 13,124,Fluminense,https://media.api-sports.io/football/teams/124.png,True,119,Internacional,https://media.api-sports.io/football/teams/119.png,False,2.0,1.0,0.0,0.0,2.0,1.0,,,,,,,
94595,"Heber Roberto Lopes, Brazil",UTC,2019-08-03T22:00:00+00:00,1564869600,1564869600.0,1564873200.0,,Estadio Castelão,Fortaleza,Match Finished,FT,90.0,71,Serie A,Brazil,https://media.api-sports.io/football/leagues/71.png,https://media.api-sports.io/flags/br.svg,2019,Regular Season - 13,129,Ceara,https://media.api-sports.io/football/teams/129.png,True,154,Fortaleza EC,https://media.api-sports.io/football/teams/154.png,False,2.0,1.0,2.0,1.0,2.0,1.0,,,,,,,
94599,"Rafael Traci, Brazil",UTC,2019-08-04T14:00:00+00:00,1564927200,1564927200.0,1564930800.0,,Urbano Caldeira,Santos,Match Finished,FT,90.0,71,Serie A,Brazil,https://media.api-sports.io/football/leagues/71.png,https://media.api-sports.io/flags/br.svg,2019,Regular Season - 13,128,Santos,https://media.api-sports.io/football/teams/128.png,True,151,Goias,https://media.api-sports.io/football/teams/151.png,False,6.0,1.0,3.0,0.0,6.0,1.0,,,,,,,
94594,"Flavio Rodrigues De Souza, Brazil",UTC,2019-08-04T19:00:00+00:00,1564945200,1564945200.0,1564948800.0,,Arena Fonte Nova,Salvador,Match Finished,FT,90.0,71,Serie A,Brazil,https://media.api-sports.io/football/leagues/71.png,https://media.api-sports.io/flags/br.svg,2019,Regular Season - 13,118,Bahia,https://media.api-sports.io/football/teams/118.png,True,127,Flamengo,https://media.api-sports.io/football/teams/127.png,False,3.0,0.0,3.0,0.0,3.0,0.0,,,,,,,
94593,"Vinicius Furlan, Brazil",UTC,2019-08-04T19:00:00+00:00,1564945200,1564945200.0,1564948800.0,,Estádio da Ressacada,Florianopolis,Match Finished,FT,90.0,71,Serie A,Brazil,https://media.api-sports.io/football/leagues/71.png,https://media.api-sports.io/flags/br.svg,2019,Regular Season - 13,145,Avai,https://media.api-sports.io/football/teams/145.png,False,120,Botafogo,https://media.api-sports.io/football/teams/120.png,True,0.0,2.0,0.0,1.0,0.0,2.0,,,,,,,
94596,"Anderson Daronco, Brazil",UTC,2019-08-04T22:00:00+00:00,1564956000,1564956000.0,1564959600.0,,Arena Corinthians,Sao Paulo,Match Finished,FT,90.0,71,Serie A,Brazil,https://media.api-sports.io/football/leagues/71.png,https://media.api-sports.io/flags/br.svg,2019,Regular Season - 13,131,Corinthians,https://media.api-sports.io/football/teams/131.png,,121,Palmeiras,https://media.api-sports.io/football/teams/121.png,,1.0,1.0,1.0,0.0,1.0,1.0,,,,,,,
94600,"Marielson Alves Silva, Brazil",UTC,2019-08-04T22:00:00+00:00,1564956000,1564956000.0,1564959600.0,,São Januário,Rio de Janeiro,Match Finished,FT,90.0,71,Serie A,Brazil,https://media.api-sports.io/football/leagues/71.png,https://media.api-sports.io/flags/br.svg,2019,Regular Season - 13,133,Vasco DA Gama,https://media.api-sports.io/football/teams/133.png,,150,CSA,https://media.api-sports.io/football/teams/150.png,,0.0,0.0,0.0,0.0,0.0,0.0,,,,,,,
94592,"Leandro Pedro Vuaden, Brazil",UTC,2019-08-04T22:00:00+00:00,1564956000,1564956000.0,1564959600.0,,Arena Independência,Belo Horizonte,Match Finished,FT,90.0,71,Serie A,Brazil,https://media.api-sports.io/football/leagues/71.png,https://media.api-sports.io/flags/br.svg,2019,Regular Season - 13,1062,Atletico-MG,https://media.api-sports.io/football/teams/1062.png,True,135,Cruzeiro,https://media.api-sports.io/football/teams/135.png,False,2.0,0.0,1.0,0.0,2.0,0.0,,,,,,,
94598,"Felipe Fernandes de Lima, Brazil",UTC,2019-08-05T23:00:00+00:00,1565046000,1565046000.0,1565049600.0,,Arena do Grêmio,Porto Alegre,Match Finished,FT,90.0,71,Serie A,Brazil,https://media.api-sports.io/football/leagues/71.png,https://media.api-sports.io/flags/br.svg,2019,Regular Season - 13,130,Gremio,https://media.api-sports.io/football/teams/130.png,,132,Chapecoense-SC,https://media.api-sports.io/football/teams/132.png,,3.0,3.0,2.0,2.0,3.0,3.0,,,,,,,
94537,"Bruno Arleu de Araujo, Brazil",UTC,2019-08-07T22:15:00+00:00,1565216100,1565216100.0,1565219700.0,,Arena Corinthians,Sao Paulo,Match Finished,FT,90.0,71,Serie A,Brazil,https://media.api-sports.io/football/leagues/71.png,https://media.api-sports.io/flags/br.svg,2019,Regular Season - 7,131,Corinthians,https://media.api-sports.io/football/teams/131.png,True,151,Goias,https://media.api-sports.io/football/teams/151.png,False,2.0,0.0,1.0,0.0,2.0,0.0,,,,,,,
94610,"Raphael Claus, Brazil",UTC,2019-08-10T20:00:00+00:00,1565467200,1565467200.0,1565470800.0,,Morumbi,Sao Paulo,Match Finished,FT,90.0,71,Serie A,Brazil,https://media.api-sports.io/football/leagues/71.png,https://media.api-sports.io/flags/br.svg,2019,Regular Season - 14,126,Sao Paulo,https://media.api-sports.io/football/teams/126.png,True,128,Santos,https://media.api-sports.io/football/teams/128.png,False,3.0,2.0,0.0,1.0,3.0,2.0,,,,,,,
94604,"Rodrigo Carvalhaes de Miranda, Brazil",UTC,2019-08-10T20:00:00+00:00,1565467200,1565467200.0,1565470800.0,,Estadio Castelão,Fortaleza,Match Finished,FT,90.0,71,Serie A,Brazil,https://media.api-sports.io/football/leagues/71.png,https://media.api-sports.io/flags/br.svg,2019,Regular Season - 14,129,Ceara,https://media.api-sports.io/football/teams/129.png,True,132,Chapecoense-SC,https://media.api-sports.io/football/teams/132.png,False,4.0,1.0,1.0,0.0,4.0,1.0,,,,,,,
94606,"Braulio Da Silva Machado, Brazil",UTC,2019-08-10T22:00:00+00:00,1565474400,1565474400.0,1565478000.0,,Estádio do Maracanã,Rio de Janeiro,Match Finished,FT,90.0,71,Serie A,Brazil,https://media.api-sports.io/football/leagues/71.png,https://media.api-sports.io/flags/br.svg,2019,Regular Season - 14,127,Flamengo,https://media.api-sports.io/football/teams/127.png,True,130,Gremio,https://media.api-sports.io/football/teams/130.png,False,3.0,1.0,1.0,1.0,3.0,1.0,,,,,,,
94601,Wilton Pereira Sampaio,UTC,2019-08-11T00:00:00+00:00,1565481600,1565481600.0,1565485200.0,,"Estádio Raimundo Sampaio (Belo Horizonte, Minas Gerais)",,Match Finished,FT,90.0,71,Serie A,Brazil,https://media.api-sports.io/football/leagues/71.png,https://media.api-sports.io/flags/br.svg,2019,Regular Season - 14,1062,Atletico-MG,https://media.api-sports.io/football/teams/1062.png,True,124,Fluminense,https://media.api-sports.io/football/teams/124.png,False,2.0,1.0,1.0,0.0,2.0,1.0,,,,,,,
94608,"Caio Max Augusto Vieira, Brazil",UTC,2019-08-11T14:00:00+00:00,1565532000,1565532000.0,1565535600.0,,Estádio Beira Rio,Porto Alegre,Match Finished,FT,90.0,71,Serie A,Brazil,https://media.api-sports.io/football/leagues/71.png,https://media.api-sports.io/flags/br.svg,2019,Regular Season - 14,119,Internacional,https://media.api-sports.io/football/teams/119.png,,131,Corinthians,https://media.api-sports.io/football/teams/131.png,,0.0,0.0,0.0,0.0,0.0,0.0,,,,,,,
94603,"Douglas Marques das Flores, Brazil",UTC,2019-08-11T19:00:00+00:00,1565550000,1565550000.0,1565553600.0,,Estadio Olimpico Nilton Santos,Rio de Janeiro,Match Finished,FT,90.0,71,Serie A,Brazil,https://media.api-sports.io/football/leagues/71.png,https://media.api-sports.io/flags/br.svg,2019,Regular Season - 14,120,Botafogo,https://media.api-sports.io/football/teams/120.png,True,134,Atletico Paranaense,https://media.api-sports.io/football/teams/134.png,False,2.0,1.0,1.0,1.0,2.0,1.0,,,,,,,
94609,"Igor Junio Benevenuto, Brazil",UTC,2019-08-11T19:00:00+00:00,1565550000,1565550000.0,1565553600.0,,Allianz Parque,Sao Paulo,Match Finished,FT,90.0,71,Serie A,Brazil,https://media.api-sports.io/football/leagues/71.png,https://media.api-sports.io/flags/br.svg,2019,Regular Season - 14,121,Palmeiras,https://media.api-sports.io/football/teams/121.png,,118,Bahia,https://media.api-sports.io/football/teams/118.png,,2.0,2.0,1.0,0.0,2.0,2.0,,,,,,,
94602,"Marielson Alves Silva, Brazil",UTC,2019-08-11T19:00:00+00:00,1565550000,1565550000.0,1565553600.0,,Estádio da Ressacada,Florianopolis,Match Finished,FT,90.0,71,Serie A,Brazil,https://media.api-sports.io/football/leagues/71.png,https://media.api-sports.io/flags/br.svg,2019,Regular Season - 14,145,Avai,https://media.api-sports.io/football/teams/145.png,,135,Cruzeiro,https://media.api-sports.io/football/teams/135.png,,2.0,2.0,1.0,0.0,2.0,2.0,,,,,,,
94607,"Jean Pierre Goncalves Lima, Brazil",UTC,2019-08-11T22:00:00+00:00,1565560800,1565560800.0,1565564400.0,,Serra Dourada,Goiania,Match Finished,FT,90.0,71,Serie A,Brazil,https://media.api-sports.io/football/leagues/71.png,https://media.api-sports.io/flags/br.svg,2019,Regular Season - 14,151,Goias,https://media.api-sports.io/football/teams/151.png,False,133,Vasco DA Gama,https://media.api-sports.io/football/teams/133.png,True,0.0,1.0,0.0,1.0,0.0,1.0,,,,,,,
94605,"Gilberto Rodrigues Castro Junior, Brazil",UTC,2019-08-12T23:00:00+00:00,1565650800,1565650800.0,1565654400.0,,Estádio Rei Pelé,Maceio,Match Finished,FT,90.0,71,Serie A,Brazil,https://media.api-sports.io/football/leagues/71.png,https://media.api-sports.io/flags/br.svg,2019,Regular Season - 14,150,CSA,https://media.api-sports.io/football/teams/150.png,False,154,Fortaleza EC,https://media.api-sports.io/football/teams/154.png,True,0.0,2.0,0.0,2.0,0.0,2.0,,,,,,,
94614,"Rafael Traci, Brazil",UTC,2019-08-17T20:00:00+00:00,1566072000,1566072000.0,1566075600.0,,Arena Corinthians,Sao Paulo,Match Finished,FT,90.0,71,Serie A,Brazil,https://media.api-sports.io/football/leagues/71.png,https://media.api-sports.io/flags/br.svg,2019,Regular Season - 15,131,Corinthians,https://media.api-sports.io/football/teams/131.png,True,120,Botafogo,https://media.api-sports.io/football/teams/120.png,False,2.0,0.0,1.0,0.0,2.0,0.0,,,,,,,
94617,"Braulio Da Silva Machado, Brazil",UTC,2019-08-17T20:00:00+00:00,1566072000,1566072000.0,1566075600.0,,Estadio Castelão,Fortaleza,Match Finished,FT,90.0,71,Serie A,Brazil,https://media.api-sports.io/football/leagues/71.png,https://media.api-sports.io/flags/br.svg,2019,Regular Season - 15,154,Fortaleza EC,https://media.api-sports.io/football/teams/154.png,False,119,Internacional,https://media.api-sports.io/football/teams/119.png,True,0.0,1.0,0.0,0.0,0.0,1.0,,,,,,,
94620,"Leandro Pedro Vuaden, Brazil",UTC,2019-08-17T22:00:00+00:00,1566079200,1566079200.0,1566082800.0,,Estadio Nacional Mane Garrincha,Brasilia,Match Finished,FT,90.0,71,Serie A,Brazil,https://media.api-sports.io/football/leagues/71.png,https://media.api-sports.io/flags/br.svg,2019,Regular Season - 15,133,Vasco DA Gama,https://media.api-sports.io/football/teams/133.png,False,127,Flamengo,https://media.api-sports.io/football/teams/127.png,True,1.0,4.0,0.0,1.0,1.0,4.0,,,,,,,
94611,"Dewson Fernando Freitas da Silva, Brazil",UTC,2019-08-17T22:00:00+00:00,1566079200,1566079200.0,1566082800.0,,Arena da Baixada,Curitiba,Match Finished,FT,90.0,71,Serie A,Brazil,https://media.api-sports.io/football/leagues/71.png,https://media.api-sports.io/flags/br.svg,2019,Regular Season - 15,134,Atletico Paranaense,https://media.api-sports.io/football/teams/134.png,True,1062,Atletico-MG,https://media.api-sports.io/football/teams/1062.png,False,1.0,0.0,1.0,0.0,1.0,0.0,,,,,,,
94618,Wagner do Nascimento Magalhaes,UTC,2019-08-18T00:00:00+00:00,1566086400,1566086400.0,1566090000.0,,"Arena do Grêmio (Porto Alegre, Rio Grande do Sul)",,Match Finished,FT,90.0,71,Serie A,Brazil,https://media.api-sports.io/football/leagues/71.png,https://media.api-sports.io/flags/br.svg,2019,Regular Season - 15,130,Gremio,https://media.api-sports.io/football/teams/130.png,,121,Palmeiras,https://media.api-sports.io/football/teams/121.png,,1.0,1.0,0.0,1.0,1.0,1.0,,,,,,,
94612,"Raphael Claus, Brazil",UTC,2019-08-18T19:00:00+00:00,1566154800,1566154800.0,1566158400.0,,Arena Fonte Nova,Salvador,Match Finished,FT,90.0,71,Serie A,Brazil,https://media.api-sports.io/football/leagues/71.png,https://media.api-sports.io/flags/br.svg,2019,Regular Season - 15,118,Bahia,https://media.api-sports.io/football/teams/118.png,,151,Goias,https://media.api-sports.io/football/teams/151.png,,1.0,1.0,0.0,1.0,1.0,1.0,,,,,,,
94616,"Reway Wagner, Brazil",UTC,2019-08-18T19:00:00+00:00,1566154800,1566154800.0,1566158400.0,,Estádio do Maracanã,Rio de Janeiro,Match Finished,FT,90.0,71,Serie A,Brazil,https://media.api-sports.io/football/leagues/71.png,https://media.api-sports.io/flags/br.svg,2019,Regular Season - 15,124,Fluminense,https://media.api-sports.io/football/teams/124.png,False,150,CSA,https://media.api-sports.io/football/teams/150.png,True,0.0,1.0,0.0,0.0,0.0,1.0,,,,,,,
94619,"Gilberto Rodrigues Castro Junior, Brazil",UTC,2019-08-18T19:00:00+00:00,1566154800,1566154800.0,1566158400.0,,Morumbi,Sao Paulo,Match Finished,FT,90.0,71,Serie A,Brazil,https://media.api-sports.io/football/leagues/71.png,https://media.api-sports.io/flags/br.svg,2019,Regular Season - 15,126,Sao Paulo,https://media.api-sports.io/football/teams/126.png,True,129,Ceara,https://media.api-sports.io/football/teams/129.png,False,1.0,0.0,1.0,0.0,1.0,0.0,,,,,,,
94615,"Anderson Daronco, Brazil",UTC,2019-08-18T19:00:00+00:00,1566154800,1566154800.0,1566158400.0,,Estádio Mineirão,Belo Horizonte,Match Finished,FT,90.0,71,Serie A,Brazil,https://media.api-sports.io/football/leagues/71.png,https://media.api-sports.io/flags/br.svg,2019,Regular Season - 15,135,Cruzeiro,https://media.api-sports.io/football/teams/135.png,True,128,Santos,https://media.api-sports.io/football/teams/128.png,False,2.0,0.0,1.0,0.0,2.0,0.0,,,,,,,
94613,"Luiz Flavio De Oliveira, Brazil",UTC,2019-08-18T22:00:00+00:00,1566165600,1566165600.0,1566169200.0,,Arena Condá,Chapeco,Match Finished,FT,90.0,71,Serie A,Brazil,https://media.api-sports.io/football/leagues/71.png,https://media.api-sports.io/flags/br.svg,2019,Regular Season - 15,132,Chapecoense-SC,https://media.api-sports.io/football/teams/132.png,True,145,Avai,https://media.api-sports.io/football/teams/145.png,False,1.0,0.0,0.0,0.0,1.0,0.0,,,,,,,
94591,"Daniel Nobre Bins, Brazil",UTC,2019-08-21T22:15:00+00:00,1566425700,1566425700.0,1566429300.0,,Arena da Baixada,Curitiba,Match Finished,FT,90.0,71,Serie A,Brazil,https://media.api-sports.io/football/leagues/71.png,https://media.api-sports.io/flags/br.svg,2019,Regular Season - 13,134,Atletico Paranaense,https://media.api-sports.io/football/teams/134.png,False,126,Sao Paulo,https://media.api-sports.io/football/teams/126.png,True,0.0,1.0,0.0,1.0,0.0,1.0,,,,,,,
94621,"Rodolpho Toski Marques, Brazil",UTC,2019-08-24T14:00:00+00:00,1566655200,1566655200.0,1566658800.0,,Arena Independência,Belo Horizonte,Match Finished,FT,90.0,71,Serie A,Brazil,https://media.api-sports.io/football/leagues/71.png,https://media.api-sports.io/flags/br.svg,2019,Regular Season - 16,1062,Atletico-MG,https://media.api-sports.io/football/teams/1062.png,False,118,Bahia,https://media.api-sports.io/football/teams/118.png,True,0.0,1.0,0.0,1.0,0.0,1.0,,,,,,,
94627,"Bruno Arleu de Araujo, Brazil",UTC,2019-08-24T20:00:00+00:00,1566676800,1566676800.0,1566680400.0,,Arena do Grêmio,Porto Alegre,Match Finished,FT,90.0,71,Serie A,Brazil,https://media.api-sports.io/football/leagues/71.png,https://media.api-sports.io/flags/br.svg,2019,Regular Season - 16,130,Gremio,https://media.api-sports.io/football/teams/130.png,True,134,Atletico Paranaense,https://media.api-sports.io/football/teams/134.png,False,2.0,1.0,1.0,0.0,2.0,1.0,,,,,,,
94629,"Rodrigo D'alonso Ferreira, Brazil",UTC,2019-08-25T19:00:00+00:00,1566759600,1566759600.0,1566763200.0,,Urbano Caldeira,Santos,Match Finished,FT,90.0,71,Serie A,Brazil,https://media.api-sports.io/football/leagues/71.png,https://media.api-sports.io/flags/br.svg,2019,Regular Season - 16,128,Santos,https://media.api-sports.io/football/teams/128.png,,154,Fortaleza EC,https://media.api-sports.io/football/teams/154.png,,3.0,3.0,3.0,0.0,3.0,3.0,,,,,,,
94630,"Anderson Daronco, Brazil",UTC,2019-08-25T19:00:00+00:00,1566759600,1566759600.0,1566763200.0,,São Januário,Rio de Janeiro,Match Finished,FT,90.0,71,Serie A,Brazil,https://media.api-sports.io/football/leagues/71.png,https://media.api-sports.io/flags/br.svg,2019,Regular Season - 16,133,Vasco DA Gama,https://media.api-sports.io/football/teams/133.png,True,126,Sao Paulo,https://media.api-sports.io/football/teams/126.png,False,2.0,0.0,0.0,0.0,2.0,0.0,,,,,,,
94626,"Marielson Alves Silva, Brazil",UTC,2019-08-25T19:00:00+00:00,1566759600,1566759600.0,1566763200.0,,Serra Dourada,Goiania,Match Finished,FT,90.0,71,Serie A,Brazil,https://media.api-sports.io/football/leagues/71.png,https://media.api-sports.io/flags/br.svg,2019,Regular Season - 16,151,Goias,https://media.api-sports.io/football/teams/151.png,True,119,Internacional,https://media.api-sports.io/football/teams/119.png,False,2.0,1.0,0.0,1.0,2.0,1.0,,,,,,,
94624,"Wilton Pereira Sampaio, Brazil",UTC,2019-08-25T22:00:00+00:00,1566770400,1566770400.0,1566774000.0,,Estadio Castelão,Fortaleza,Match Finished,FT,90.0,71,Serie A,Brazil,https://media.api-sports.io/football/leagues/71.png,https://media.api-sports.io/flags/br.svg,2019,Regular Season - 16,129,Ceara,https://media.api-sports.io/football/teams/129.png,False,127,Flamengo,https://media.api-sports.io/football/teams/127.png,True,0.0,3.0,0.0,2.0,0.0,3.0,,,,,,,
94622,"Ricardo Marques Ribeiro, Brazil",UTC,2019-08-25T22:00:00+00:00,1566770400,1566770400.0,1566774000.0,,Estádio da Ressacada,Florianopolis,Match Finished,FT,90.0,71,Serie A,Brazil,https://media.api-sports.io/football/leagues/71.png,https://media.api-sports.io/flags/br.svg,2019,Regular Season - 16,145,Avai,https://media.api-sports.io/football/teams/145.png,,131,Corinthians,https://media.api-sports.io/football/teams/131.png,,1.0,1.0,0.0,0.0,1.0,1.0,,,,,,,
94625,"Marcelo De Lima Henrique, Brazil",UTC,2019-08-25T22:00:00+00:00,1566770400,1566770400.0,1566774000.0,,Estádio Rei Pelé,Maceio,Match Finished,FT,90.0,71,Serie A,Brazil,https://media.api-sports.io/football/leagues/71.png,https://media.api-sports.io/flags/br.svg,2019,Regular Season - 16,150,CSA,https://media.api-sports.io/football/teams/150.png,,135,Cruzeiro,https://media.api-sports.io/football/teams/135.png,,1.0,1.0,0.0,1.0,1.0,1.0,,,,,,,
94623,"Edina Alves Batista, Brazil",UTC,2019-08-26T23:00:00+00:00,1566860400,1566860400.0,1566864000.0,,Estadio Olimpico Nilton Santos,Rio de Janeiro,Match Finished,FT,90.0,71,Serie A,Brazil,https://media.api-sports.io/football/leagues/71.png,https://media.api-sports.io/flags/br.svg,2019,Regular Season - 16,120,Botafogo,https://media.api-sports.io/football/teams/120.png,,132,Chapecoense-SC,https://media.api-sports.io/football/teams/132.png,,0.0,0.0,0.0,0.0,0.0,0.0,,,,,,,
94640,"Caio Max Augusto Vieira, Brazil",UTC,2019-08-31T14:00:00+00:00,1567260000,1567260000.0,1567263600.0,,Morumbi,Sao Paulo,Match Finished,FT,90.0,71,Serie A,Brazil,https://media.api-sports.io/football/leagues/71.png,https://media.api-sports.io/flags/br.svg,2019,Regular Season - 17,126,Sao Paulo,https://media.api-sports.io/football/teams/126.png,,130,Gremio,https://media.api-sports.io/football/teams/130.png,,0.0,0.0,0.0,0.0,0.0,0.0,,,,,,,
94632,"Vinicius Gomes do Amara, Brazil",UTC,2019-08-31T20:00:00+00:00,1567281600,1567281600.0,1567285200.0,,Arena Fonte Nova,Salvador,Match Finished,FT,90.0,71,Serie A,Brazil,https://media.api-sports.io/football/leagues/71.png,https://media.api-sports.io/flags/br.svg,2019,Regular Season - 17,118,Bahia,https://media.api-sports.io/football/teams/118.png,True,150,CSA,https://media.api-sports.io/football/teams/150.png,False,1.0,0.0,0.0,0.0,1.0,0.0,,,,,,,
94633,"Bruno Arleu de Araujo, Brazil",UTC,2019-08-31T22:00:00+00:00,1567288800,1567288800.0,1567292400.0,,Arena Condá,Chapeco,Match Finished,FT,90.0,71,Serie A,Brazil,https://media.api-sports.io/football/leagues/71.png,https://media.api-sports.io/flags/br.svg,2019,Regular Season - 17,132,Chapecoense-SC,https://media.api-sports.io/football/teams/132.png,False,128,Santos,https://media.api-sports.io/football/teams/128.png,True,0.0,1.0,0.0,1.0,0.0,1.0,,,,,,,
94631,"Leandro Pedro Vuaden, Brazil",UTC,2019-08-31T22:00:00+00:00,1567288800,1567288800.0,1567292400.0,,Arena da Baixada,Curitiba,Match Finished,FT,90.0,71,Serie A,Brazil,https://media.api-sports.io/football/leagues/71.png,https://media.api-sports.io/flags/br.svg,2019,Regular Season - 17,134,Atletico Paranaense,https://media.api-sports.io/football/teams/134.png,True,129,Ceara,https://media.api-sports.io/football/teams/129.png,False,1.0,0.0,1.0,0.0,1.0,0.0,,,,,,,
94639,Dewson Fernando Freitas da Silva,UTC,2019-09-01T00:00:00+00:00,1567296000,1567296000.0,1567299600.0,,"Estádio José Pinheiro Borda (Porto Alegre, Rio Grande do Sul)",,Match Finished,FT,90.0,71,Serie A,Brazil,https://media.api-sports.io/football/leagues/71.png,https://media.api-sports.io/flags/br.svg,2019,Regular Season - 17,119,Internacional,https://media.api-sports.io/football/teams/119.png,True,120,Botafogo,https://media.api-sports.io/football/teams/120.png,False,3.0,2.0,1.0,0.0,3.0,2.0,,,,,,,
94636,"Rafael Traci, Brazil",UTC,2019-09-01T19:00:00+00:00,1567364400,1567364400.0,1567368000.0,,Estádio do Maracanã,Rio de Janeiro,Match Finished,FT,90.0,71,Serie A,Brazil,https://media.api-sports.io/football/leagues/71.png,https://media.api-sports.io/flags/br.svg,2019,Regular Season - 17,127,Flamengo,https://media.api-sports.io/football/teams/127.png,True,121,Palmeiras,https://media.api-sports.io/football/teams/121.png,False,3.0,0.0,2.0,0.0,3.0,0.0,,,,,,,
94638,"Felipe Fernandes de Lima, Brazil",UTC,2019-09-01T19:00:00+00:00,1567364400,1567364400.0,1567368000.0,,Estadio Castelão,Fortaleza,Match Finished,FT,90.0,71,Serie A,Brazil,https://media.api-sports.io/football/leagues/71.png,https://media.api-sports.io/flags/br.svg,2019,Regular Season - 17,154,Fortaleza EC,https://media.api-sports.io/football/teams/154.png,True,151,Goias,https://media.api-sports.io/football/teams/151.png,False,2.0,0.0,1.0,0.0,2.0,0.0,,,,,,,
94634,"Wilton Pereira Sampaio, Brazil",UTC,2019-09-01T22:00:00+00:00,1567375200,1567375200.0,1567378800.0,,Arena Corinthians,Sao Paulo,Match Finished,FT,90.0,71,Serie A,Brazil,https://media.api-sports.io/football/leagues/71.png,https://media.api-sports.io/flags/br.svg,2019,Regular Season - 17,131,Corinthians,https://media.api-sports.io/football/teams/131.png,True,1062,Atletico-MG,https://media.api-sports.io/football/teams/1062.png,False,1.0,0.0,0.0,0.0,1.0,0.0,,,,,,,
94635,"Heber Roberto Lopes, Brazil",UTC,2019-09-01T22:00:00+00:00,1567375200,1567375200.0,1567378800.0,,Estádio Mineirão,Belo Horizonte,Match Finished,FT,90.0,71,Serie A,Brazil,https://media.api-sports.io/football/leagues/71.png,https://media.api-sports.io/flags/br.svg,2019,Regular Season - 17,135,Cruzeiro,https://media.api-sports.io/football/teams/135.png,True,133,Vasco DA Gama,https://media.api-sports.io/football/teams/133.png,False,1.0,0.0,0.0,0.0,1.0,0.0,,,,,,,
94637,"Raphael Claus, Brazil",UTC,2019-09-02T23:00:00+00:00,1567465200,1567465200.0,1567468800.0,,Estádio do Maracanã,Rio de Janeiro,Match Finished,FT,90.0,71,Serie A,Brazil,https://media.api-sports.io/football/leagues/71.png,https://media.api-sports.io/flags/br.svg,2019,Regular Season - 17,124,Fluminense,https://media.api-sports.io/football/teams/124.png,False,145,Avai,https://media.api-sports.io/football/teams/145.png,True,0.0,1.0,0.0,0.0,0.0,1.0,,,,,,,
94643,"Paulo Roberto Alves Junior, Brazil",UTC,2019-09-07T14:00:00+00:00,1567864800,1567864800.0,1567868400.0,,Arena Corinthians,Sao Paulo,Match Finished,FT,90.0,71,Serie A,Brazil,https://media.api-sports.io/football/leagues/71.png,https://media.api-sports.io/flags/br.svg,2019,Regular Season - 18,131,Corinthians,https://media.api-sports.io/football/teams/131.png,,129,Ceara,https://media.api-sports.io/football/teams/129.png,,2.0,2.0,2.0,0.0,2.0,2.0,,,,,,,
94650,"Caio Max Augusto Vieira, Brazil",UTC,2019-09-07T14:00:00+00:00,1567864800,1567864800.0,1567868400.0,,São Januário,Rio de Janeiro,Match Finished,FT,90.0,71,Serie A,Brazil,https://media.api-sports.io/football/leagues/71.png,https://media.api-sports.io/flags/br.svg,2019,Regular Season - 18,133,Vasco DA Gama,https://media.api-sports.io/football/teams/133.png,False,118,Bahia,https://media.api-sports.io/football/teams/118.png,True,0.0,2.0,0.0,0.0,0.0,2.0,,,,,,,
94641,"Edina Alves Batista, Brazil",UTC,2019-09-07T20:00:00+00:00,1567886400,1567886400.0,1567890000.0,,Estadio Nacional Mane Garrincha,Brasilia,Match Finished,FT,90.0,71,Serie A,Brazil,https://media.api-sports.io/football/leagues/71.png,https://media.api-sports.io/flags/br.svg,2019,Regular Season - 18,145,Avai,https://media.api-sports.io/football/teams/145.png,False,127,Flamengo,https://media.api-sports.io/football/teams/127.png,True,0.0,3.0,0.0,2.0,0.0,3.0,,,,,,,
94646,"Wilton Pereira Sampaio, Brazil",UTC,2019-09-07T20:00:00+00:00,1567886400,1567886400.0,1567890000.0,,Estadio Castelão,Fortaleza,Match Finished,FT,90.0,71,Serie A,Brazil,https://media.api-sports.io/football/leagues/71.png,https://media.api-sports.io/flags/br.svg,2019,Regular Season - 18,154,Fortaleza EC,https://media.api-sports.io/football/teams/154.png,False,124,Fluminense,https://media.api-sports.io/football/teams/124.png,True,0.0,1.0,0.0,0.0,0.0,1.0,,,,,,,
94648,"Marcelo De Lima Henrique, Brazil",UTC,2019-09-07T22:00:00+00:00,1567893600,1567893600.0,1567897200.0,,Estádio Beira Rio,Porto Alegre,Match Finished,FT,90.0,71,Serie A,Brazil,https://media.api-sports.io/football/leagues/71.png,https://media.api-sports.io/flags/br.svg,2019,Regular Season - 18,119,Internacional,https://media.api-sports.io/football/teams/119.png,True,126,Sao Paulo,https://media.api-sports.io/football/teams/126.png,False,1.0,0.0,0.0,0.0,1.0,0.0,,,,,,,
94647,Wagner Reway,UTC,2019-09-08T00:00:00+00:00,1567900800,1567900800.0,1567904400.0,,"Estádio do Governo do Estado de Goiás (Serra Dourada) (Goiânia, Goiás)",,Match Finished,FT,90.0,71,Serie A,Brazil,https://media.api-sports.io/football/leagues/71.png,https://media.api-sports.io/flags/br.svg,2019,Regular Season - 18,151,Goias,https://media.api-sports.io/football/teams/151.png,False,121,Palmeiras,https://media.api-sports.io/football/teams/121.png,True,1.0,2.0,1.0,0.0,1.0,2.0,,,,,,,
94644,"Rafael Traci, Brazil",UTC,2019-09-08T14:00:00+00:00,1567951200,1567951200.0,1567954800.0,,Arena Independência,Belo Horizonte,Match Finished,FT,90.0,71,Serie A,Brazil,https://media.api-sports.io/football/leagues/71.png,https://media.api-sports.io/flags/br.svg,2019,Regular Season - 18,135,Cruzeiro,https://media.api-sports.io/football/teams/135.png,False,130,Gremio,https://media.api-sports.io/football/teams/130.png,True,1.0,4.0,1.0,2.0,1.0,4.0,,,,,,,
94642,"Braulio Da Silva Machado, Brazil",UTC,2019-09-08T19:00:00+00:00,1567969200,1567969200.0,1567972800.0,,Estadio Olimpico Nilton Santos,Rio de Janeiro,Match Finished,FT,90.0,71,Serie A,Brazil,https://media.api-sports.io/football/leagues/71.png,https://media.api-sports.io/flags/br.svg,2019,Regular Season - 18,120,Botafogo,https://media.api-sports.io/football/teams/120.png,True,1062,Atletico-MG,https://media.api-sports.io/football/teams/1062.png,False,2.0,1.0,1.0,0.0,2.0,1.0,,,,,,,
94649,"Rodrigo Carvalhaes de Miranda, Brazil",UTC,2019-09-08T19:00:00+00:00,1567969200,1567969200.0,1567972800.0,,Urbano Caldeira,Santos,Match Finished,FT,90.0,71,Serie A,Brazil,https://media.api-sports.io/football/leagues/71.png,https://media.api-sports.io/flags/br.svg,2019,Regular Season - 18,128,Santos,https://media.api-sports.io/football/teams/128.png,,134,Atletico Paranaense,https://media.api-sports.io/football/teams/134.png,,1.0,1.0,0.0,1.0,1.0,1.0,,,,,,,
94645,"Vinicius Goncalves Dias Araujo, Brazil",UTC,2019-09-08T22:00:00+00:00,1567980000,1567980000.0,1567983600.0,,Estádio Rei Pelé,Maceio,Match Finished,FT,90.0,71,Serie A,Brazil,https://media.api-sports.io/football/leagues/71.png,https://media.api-sports.io/flags/br.svg,2019,Regular Season - 18,150,CSA,https://media.api-sports.io/football/teams/150.png,True,132,Chapecoense-SC,https://media.api-sports.io/football/teams/132.png,False,2.0,0.0,1.0,0.0,2.0,0.0,,,,,,,
94628,"Anderson Daronco, Brazil",UTC,2019-09-11T00:00:00+00:00,1568160000,1568160000.0,1568163600.0,,Allianz Parque,Sao Paulo,Match Finished,FT,90.0,71,Serie A,Brazil,https://media.api-sports.io/football/leagues/71.png,https://media.api-sports.io/flags/br.svg,2019,Regular Season - 16,121,Palmeiras,https://media.api-sports.io/football/teams/121.png,True,124,Fluminense,https://media.api-sports.io/football/teams/124.png,False,3.0,0.0,1.0,0.0,3.0,0.0,,,,,,,
94656,"Braulio Da Silva Machado, Brazil",UTC,2019-09-14T20:00:00+00:00,1568491200,1568491200.0,1568494800.0,,Estádio do Maracanã,Rio de Janeiro,Match Finished,FT,90.0,71,Serie A,Brazil,https://media.api-sports.io/football/leagues/71.png,https://media.api-sports.io/flags/br.svg,2019,Regular Season - 19,127,Flamengo,https://media.api-sports.io/football/teams/127.png,True,128,Santos,https://media.api-sports.io/football/teams/128.png,False,1.0,0.0,1.0,0.0,1.0,0.0,,,,,,,
94659,"Rodolpho Toski Marques, Brazil",UTC,2019-09-14T22:00:00+00:00,1568498400,1568498400.0,1568502000.0,,Allianz Parque,Sao Paulo,Match Finished,FT,90.0,71,Serie A,Brazil,https://media.api-sports.io/football/leagues/71.png,https://media.api-sports.io/flags/br.svg,2019,Regular Season - 19,121,Palmeiras,https://media.api-sports.io/football/teams/121.png,True,135,Cruzeiro,https://media.api-sports.io/football/teams/135.png,False,1.0,0.0,1.0,0.0,1.0,0.0,,,,,,,
94655,"Flavio Rodrigues De Souza, Brazil",UTC,2019-09-14T22:00:00+00:00,1568498400,1568498400.0,1568502000.0,,Arena Condá,Chapeco,Match Finished,FT,90.0,71,Serie A,Brazil,https://media.api-sports.io/football/leagues/71.png,https://media.api-sports.io/flags/br.svg,2019,Regular Season - 19,132,Chapecoense-SC,https://media.api-sports.io/football/teams/132.png,False,133,Vasco DA Gama,https://media.api-sports.io/football/teams/133.png,True,1.0,2.0,0.0,1.0,1.0,2.0,,,,,,,
94654,Luiz Flavio De Oliveira,UTC,2019-09-15T00:00:00+00:00,1568505600,1568505600.0,1568509200.0,,"Estádio Governador Plácido Aderaldo Castelo (Fortaleza, Ceará)",,Match Finished,FT,90.0,71,Serie A,Brazil,https://media.api-sports.io/football/leagues/71.png,https://media.api-sports.io/flags/br.svg,2019,Regular Season - 19,129,Ceara,https://media.api-sports.io/football/teams/129.png,,120,Botafogo,https://media.api-sports.io/football/teams/120.png,,0.0,0.0,0.0,0.0,0.0,0.0,,,,,,,
94651,"Felipe Fernandes de Lima, Brazil",UTC,2019-09-15T14:00:00+00:00,1568556000,1568556000.0,1568559600.0,,Arena da Baixada,Curitiba,Match Finished,FT,90.0,71,Serie A,Brazil,https://media.api-sports.io/football/leagues/71.png,https://media.api-sports.io/flags/br.svg,2019,Regular Season - 19,134,Atletico Paranaense,https://media.api-sports.io/football/teams/134.png,False,145,Avai,https://media.api-sports.io/football/teams/145.png,True,0.0,1.0,0.0,1.0,0.0,1.0,,,,,,,
94652,"Bruno Arleu de Araujo, Brazil",UTC,2019-09-15T14:00:00+00:00,1568556000,1568556000.0,1568559600.0,,Arena Independência,Belo Horizonte,Match Finished,FT,90.0,71,Serie A,Brazil,https://media.api-sports.io/football/leagues/71.png,https://media.api-sports.io/flags/br.svg,2019,Regular Season - 19,1062,Atletico-MG,https://media.api-sports.io/football/teams/1062.png,False,119,Internacional,https://media.api-sports.io/football/teams/119.png,True,1.0,3.0,0.0,1.0,1.0,3.0,,,,,,,
94653,"Wagner do Nascimento Magalhaes, Brazil",UTC,2019-09-15T19:00:00+00:00,1568574000,1568574000.0,1568577600.0,,Arena Fonte Nova,Salvador,Match Finished,FT,90.0,71,Serie A,Brazil,https://media.api-sports.io/football/leagues/71.png,https://media.api-sports.io/flags/br.svg,2019,Regular Season - 19,118,Bahia,https://media.api-sports.io/football/teams/118.png,,154,Fortaleza EC,https://media.api-sports.io/football/teams/154.png,,1.0,1.0,1.0,1.0,1.0,1.0,,,,,,,
94657,"Jean Pierre Goncalves Lima, Brazil",UTC,2019-09-15T19:00:00+00:00,1568574000,1568574000.0,1568577600.0,,Estádio do Maracanã,Rio de Janeiro,Match Finished,FT,90.0,71,Serie A,Brazil,https://media.api-sports.io/football/leagues/71.png,https://media.api-sports.io/flags/br.svg,2019,Regular Season - 19,124,Fluminense,https://media.api-sports.io/football/teams/124.png,True,131,Corinthians,https://media.api-sports.io/football/teams/131.png,False,1.0,0.0,1.0,0.0,1.0,0.0,,,,,,,
94658,"Savio Pereira Sampaio, Brazil",UTC,2019-09-15T19:00:00+00:00,1568574000,1568574000.0,1568577600.0,,Arena do Grêmio,Porto Alegre,Match Finished,FT,90.0,71,Serie A,Brazil,https://media.api-sports.io/football/leagues/71.png,https://media.api-sports.io/flags/br.svg,2019,Regular Season - 19,130,Gremio,https://media.api-sports.io/football/teams/130.png,True,151,Goias,https://media.api-sports.io/football/teams/151.png,False,3.0,0.0,3.0,0.0,3.0,0.0,,,,,,,
94660,"Heber Roberto Lopes, Brazil",UTC,2019-09-15T22:00:00+00:00,1568584800,1568584800.0,1568588400.0,,Morumbi,Sao Paulo,Match Finished,FT,90.0,71,Serie A,Brazil,https://media.api-sports.io/football/leagues/71.png,https://media.api-sports.io/flags/br.svg,2019,Regular Season - 19,126,Sao Paulo,https://media.api-sports.io/football/teams/126.png,,150,CSA,https://media.api-sports.io/football/teams/150.png,,1.0,1.0,0.0,0.0,1.0,1.0,,,,,,,
94662,"Jean Pierre Goncalves Lima, Brazil",UTC,2019-09-21T14:00:00+00:00,1569074400,1569074400.0,1569078000.0,,Estadio Olimpico Nilton Santos,Rio de Janeiro,Match Finished,FT,90.0,71,Serie A,Brazil,https://media.api-sports.io/football/leagues/71.png,https://media.api-sports.io/flags/br.svg,2019,Regular Season - 20,120,Botafogo,https://media.api-sports.io/football/teams/120.png,False,126,Sao Paulo,https://media.api-sports.io/football/teams/126.png,True,1.0,2.0,1.0,1.0,1.0,2.0,,,,,,,
94664,"Raphael Claus, Brazil",UTC,2019-09-21T20:00:00+00:00,1569096000,1569096000.0,1569099600.0,,Estádio Mineirão,Belo Horizonte,Match Finished,FT,90.0,71,Serie A,Brazil,https://media.api-sports.io/football/leagues/71.png,https://media.api-sports.io/flags/br.svg,2019,Regular Season - 20,135,Cruzeiro,https://media.api-sports.io/football/teams/135.png,False,127,Flamengo,https://media.api-sports.io/football/teams/127.png,True,1.0,2.0,1.0,1.0,1.0,2.0,,,,,,,
94663,"Dewson Fernando Freitas da Silva, Brazil",UTC,2019-09-21T22:00:00+00:00,1569103200,1569103200.0,1569106800.0,,Arena Corinthians,Sao Paulo,Match Finished,FT,90.0,71,Serie A,Brazil,https://media.api-sports.io/football/leagues/71.png,https://media.api-sports.io/flags/br.svg,2019,Regular Season - 20,131,Corinthians,https://media.api-sports.io/football/teams/131.png,True,118,Bahia,https://media.api-sports.io/football/teams/118.png,False,2.0,1.0,1.0,0.0,2.0,1.0,,,,,,,
94669,Paulo Roberto Alves Júnior,UTC,2019-09-22T00:00:00+00:00,1569110400,1569110400.0,1569114000.0,,"Estádio Urbano Caldeira (Santos, São Paulo)",,Match Finished,FT,90.0,71,Serie A,Brazil,https://media.api-sports.io/football/leagues/71.png,https://media.api-sports.io/flags/br.svg,2019,Regular Season - 20,128,Santos,https://media.api-sports.io/football/teams/128.png,False,130,Gremio,https://media.api-sports.io/football/teams/130.png,True,0.0,3.0,0.0,0.0,0.0,3.0,,,,,,,
94668,"Diego Pombo Lopez, Brazil",UTC,2019-09-22T14:00:00+00:00,1569160800,1569160800.0,1569164400.0,,Estádio Beira Rio,Porto Alegre,Match Finished,FT,90.0,71,Serie A,Brazil,https://media.api-sports.io/football/leagues/71.png,https://media.api-sports.io/flags/br.svg,2019,Regular Season - 20,119,Internacional,https://media.api-sports.io/football/teams/119.png,True,132,Chapecoense-SC,https://media.api-sports.io/football/teams/132.png,False,1.0,0.0,0.0,0.0,1.0,0.0,,,,,,,
94670,"Anderson Daronco, Brazil",UTC,2019-09-22T19:00:00+00:00,1569178800,1569178800.0,1569182400.0,,São Januário,Rio de Janeiro,Match Finished,FT,90.0,71,Serie A,Brazil,https://media.api-sports.io/football/leagues/71.png,https://media.api-sports.io/flags/br.svg,2019,Regular Season - 20,133,Vasco DA Gama,https://media.api-sports.io/football/teams/133.png,,134,Atletico Paranaense,https://media.api-sports.io/football/teams/134.png,,1.0,1.0,0.0,0.0,1.0,1.0,,,,,,,
94665,"Ricardo Marques Ribeiro, Brazil",UTC,2019-09-22T19:00:00+00:00,1569178800,1569178800.0,1569182400.0,,Estádio Rei Pelé,Maceio,Match Finished,FT,90.0,71,Serie A,Brazil,https://media.api-sports.io/football/leagues/71.png,https://media.api-sports.io/flags/br.svg,2019,Regular Season - 20,150,CSA,https://media.api-sports.io/football/teams/150.png,True,129,Ceara,https://media.api-sports.io/football/teams/129.png,False,1.0,0.0,0.0,0.0,1.0,0.0,,,,,,,
94666,"Marcelo De Lima Henrique, Brazil",UTC,2019-09-22T19:00:00+00:00,1569178800,1569178800.0,1569182400.0,,Estadio Castelão,Fortaleza,Match Finished,FT,90.0,71,Serie A,Brazil,https://media.api-sports.io/football/leagues/71.png,https://media.api-sports.io/flags/br.svg,2019,Regular Season - 20,154,Fortaleza EC,https://media.api-sports.io/football/teams/154.png,False,121,Palmeiras,https://media.api-sports.io/football/teams/121.png,True,0.0,1.0,0.0,0.0,0.0,1.0,,,,,,,
94667,"Rafael Traci, Brazil",UTC,2019-09-22T22:00:00+00:00,1569189600,1569189600.0,1569193200.0,,Serra Dourada,Goiania,Match Finished,FT,90.0,71,Serie A,Brazil,https://media.api-sports.io/football/leagues/71.png,https://media.api-sports.io/flags/br.svg,2019,Regular Season - 20,151,Goias,https://media.api-sports.io/football/teams/151.png,True,124,Fluminense,https://media.api-sports.io/football/teams/124.png,False,3.0,0.0,1.0,0.0,3.0,0.0,,,,,,,
94661,"Caio Max Augusto Vieira, Brazil",UTC,2019-09-23T23:00:00+00:00,1569279600,1569279600.0,1569283200.0,,Estádio da Ressacada,Florianopolis,Match Finished,FT,90.0,71,Serie A,Brazil,https://media.api-sports.io/football/leagues/71.png,https://media.api-sports.io/flags/br.svg,2019,Regular Season - 20,145,Avai,https://media.api-sports.io/football/teams/145.png,True,1062,Atletico-MG,https://media.api-sports.io/football/teams/1062.png,False,1.0,0.0,1.0,0.0,1.0,0.0,,,,,,,
94674,"Braulio Da Silva Machado, Brazil",UTC,2019-09-25T22:30:00+00:00,1569450600,1569450600.0,1569454200.0,,Estadio Castelão,Fortaleza,Match Finished,FT,90.0,71,Serie A,Brazil,https://media.api-sports.io/football/leagues/71.png,https://media.api-sports.io/flags/br.svg,2019,Regular Season - 21,129,Ceara,https://media.api-sports.io/football/teams/129.png,,135,Cruzeiro,https://media.api-sports.io/football/teams/135.png,,0.0,0.0,0.0,0.0,0.0,0.0,,,,,,,
94673,Flavio Rodrigues De Souza,UTC,2019-09-26T00:30:00+00:00,1569457800,1569457800.0,1569461400.0,,"Arena Fonte Nova (Salvador, Bahia)",,Match Finished,FT,90.0,71,Serie A,Brazil,https://media.api-sports.io/football/leagues/71.png,https://media.api-sports.io/flags/br.svg,2019,Regular Season - 21,118,Bahia,https://media.api-sports.io/football/teams/118.png,True,120,Botafogo,https://media.api-sports.io/football/teams/120.png,False,2.0,0.0,1.0,0.0,2.0,0.0,,,,,,,
94680,Bruno Arleu de Araujo,UTC,2019-09-26T00:30:00+00:00,1569457800,1569457800.0,1569461400.0,,"Estádio Cícero Pompeu de Toledo (Morumbi) (São Paulo, São Paulo)",,Match Finished,FT,90.0,71,Serie A,Brazil,https://media.api-sports.io/football/leagues/71.png,https://media.api-sports.io/flags/br.svg,2019,Regular Season - 21,126,Sao Paulo,https://media.api-sports.io/football/teams/126.png,False,151,Goias,https://media.api-sports.io/football/teams/151.png,True,0.0,1.0,0.0,1.0,0.0,1.0,,,,,,,
94676,Luiz Flavio De Oliveira,UTC,2019-09-26T00:30:00+00:00,1569457800,1569457800.0,1569461400.0,,"Estadio Jornalista Mário Filho (Maracanã) (Rio de Janeiro, Rio de Janeiro)",,Match Finished,FT,90.0,71,Serie A,Brazil,https://media.api-sports.io/football/leagues/71.png,https://media.api-sports.io/flags/br.svg,2019,Regular Season - 21,127,Flamengo,https://media.api-sports.io/football/teams/127.png,True,119,Internacional,https://media.api-sports.io/football/teams/119.png,False,3.0,1.0,1.0,0.0,3.0,1.0,,,,,,,
94679,"Diego Pombo Lopez, Brazil",UTC,2019-09-26T22:15:00+00:00,1569536100,1569536100.0,1569539700.0,,Allianz Parque,Sao Paulo,Match Finished,FT,90.0,71,Serie A,Brazil,https://media.api-sports.io/football/leagues/71.png,https://media.api-sports.io/flags/br.svg,2019,Regular Season - 21,121,Palmeiras,https://media.api-sports.io/football/teams/121.png,True,150,CSA,https://media.api-sports.io/football/teams/150.png,False,6.0,2.0,4.0,0.0,6.0,2.0,,,,,,,
94677,"Wilton Pereira Sampaio, Brazil",UTC,2019-09-26T23:00:00+00:00,1569538800,1569538800.0,1569542400.0,,Estádio do Maracanã,Rio de Janeiro,Match Finished,FT,90.0,71,Serie A,Brazil,https://media.api-sports.io/football/leagues/71.png,https://media.api-sports.io/flags/br.svg,2019,Regular Season - 21,124,Fluminense,https://media.api-sports.io/football/teams/124.png,,128,Santos,https://media.api-sports.io/football/teams/128.png,,1.0,1.0,1.0,1.0,1.0,1.0,,,,,,,
94678,"Rodolpho Toski Marques, Brazil",UTC,2019-09-26T23:00:00+00:00,1569538800,1569538800.0,1569542400.0,,Arena do Grêmio,Porto Alegre,Match Finished,FT,90.0,71,Serie A,Brazil,https://media.api-sports.io/football/leagues/71.png,https://media.api-sports.io/flags/br.svg,2019,Regular Season - 21,130,Gremio,https://media.api-sports.io/football/teams/130.png,True,145,Avai,https://media.api-sports.io/football/teams/145.png,False,6.0,1.0,4.0,0.0,6.0,1.0,,,,,,,
94671,"Vinicius Gomes do Amara, Brazil",UTC,2019-09-27T00:30:00+00:00,1569544200,1569544200.0,1569547800.0,,Arena da Baixada,Curitiba,Match Finished,FT,90.0,71,Serie A,Brazil,https://media.api-sports.io/football/leagues/71.png,https://media.api-sports.io/flags/br.svg,2019,Regular Season - 21,134,Atletico Paranaense,https://media.api-sports.io/football/teams/134.png,True,154,Fortaleza EC,https://media.api-sports.io/football/teams/154.png,False,4.0,1.0,2.0,1.0,4.0,1.0,,,,,,,
94685,"Rafael Traci, Brazil",UTC,2019-09-28T22:00:00+00:00,1569708000,1569708000.0,1569711600.0,,Estádio do Maracanã,Rio de Janeiro,Match Finished,FT,90.0,71,Serie A,Brazil,https://media.api-sports.io/football/leagues/71.png,https://media.api-sports.io/flags/br.svg,2019,Regular Season - 22,127,Flamengo,https://media.api-sports.io/football/teams/127.png,,126,Sao Paulo,https://media.api-sports.io/football/teams/126.png,,0.0,0.0,0.0,0.0,0.0,0.0,,,,,,,
94684,"Ricardo Marques Ribeiro, Brazil",UTC,2019-09-29T14:00:00+00:00,1569765600,1569765600.0,1569769200.0,,Arena Corinthians,Sao Paulo,Match Finished,FT,90.0,71,Serie A,Brazil,https://media.api-sports.io/football/leagues/71.png,https://media.api-sports.io/flags/br.svg,2019,Regular Season - 22,131,Corinthians,https://media.api-sports.io/football/teams/131.png,True,133,Vasco DA Gama,https://media.api-sports.io/football/teams/133.png,False,1.0,0.0,0.0,0.0,1.0,0.0,,,,,,,
94689,"Braulio Da Silva Machado, Brazil",UTC,2019-09-29T19:00:00+00:00,1569783600,1569783600.0,1569787200.0,,Estádio Beira Rio,Porto Alegre,Match Finished,FT,90.0,71,Serie A,Brazil,https://media.api-sports.io/football/leagues/71.png,https://media.api-sports.io/flags/br.svg,2019,Regular Season - 22,119,Internacional,https://media.api-sports.io/football/teams/119.png,,121,Palmeiras,https://media.api-sports.io/football/teams/121.png,,1.0,1.0,1.0,0.0,1.0,1.0,,,,,,,
94686,"Caio Max Augusto Vieira, Brazil",UTC,2019-09-29T19:00:00+00:00,1569783600,1569783600.0,1569787200.0,,Estádio do Maracanã,Rio de Janeiro,Match Finished,FT,90.0,71,Serie A,Brazil,https://media.api-sports.io/football/leagues/71.png,https://media.api-sports.io/flags/br.svg,2019,Regular Season - 22,124,Fluminense,https://media.api-sports.io/football/teams/124.png,True,130,Gremio,https://media.api-sports.io/football/teams/130.png,False,2.0,1.0,1.0,0.0,2.0,1.0,,,,,,,
94690,"Wagner do Nascimento Magalhaes, Brazil",UTC,2019-09-29T19:00:00+00:00,1569783600,1569783600.0,1569787200.0,,Urbano Caldeira,Santos,Match Finished,FT,90.0,71,Serie A,Brazil,https://media.api-sports.io/football/leagues/71.png,https://media.api-sports.io/flags/br.svg,2019,Regular Season - 22,128,Santos,https://media.api-sports.io/football/teams/128.png,True,150,CSA,https://media.api-sports.io/football/teams/150.png,False,2.0,0.0,1.0,0.0,2.0,0.0,,,,,,,
94681,"Thiago Duarte Peixoto, Brazil",UTC,2019-09-29T22:00:00+00:00,1569794400,1569794400.0,1569798000.0,,Arena da Baixada,Curitiba,Match Finished,FT,90.0,71,Serie A,Brazil,https://media.api-sports.io/football/leagues/71.png,https://media.api-sports.io/flags/br.svg,2019,Regular Season - 22,134,Atletico Paranaense,https://media.api-sports.io/football/teams/134.png,,132,Chapecoense-SC,https://media.api-sports.io/football/teams/132.png,,1.0,1.0,0.0,1.0,1.0,1.0,,,,,,,
94682,"Paulo Roberto Alves Junior, Brazil",UTC,2019-09-29T22:00:00+00:00,1569794400,1569794400.0,1569798000.0,,Arena Independência,Belo Horizonte,Match Finished,FT,90.0,71,Serie A,Brazil,https://media.api-sports.io/football/leagues/71.png,https://media.api-sports.io/flags/br.svg,2019,Regular Season - 22,1062,Atletico-MG,https://media.api-sports.io/football/teams/1062.png,True,129,Ceara,https://media.api-sports.io/football/teams/129.png,False,2.0,1.0,0.0,1.0,2.0,1.0,,,,,,,
94683,"Jean Pierre Goncalves Lima, Brazil",UTC,2019-09-30T23:00:00+00:00,1569884400,1569884400.0,1569888000.0,,Estádio da Ressacada,Florianopolis,Match Finished,FT,90.0,71,Serie A,Brazil,https://media.api-sports.io/football/leagues/71.png,https://media.api-sports.io/flags/br.svg,2019,Regular Season - 22,145,Avai,https://media.api-sports.io/football/teams/145.png,False,118,Bahia,https://media.api-sports.io/football/teams/118.png,True,0.0,2.0,0.0,2.0,0.0,2.0,,,,,,,
94688,"Gilberto Rodrigues Castro Junior, Brazil",UTC,2019-09-30T23:00:00+00:00,1569884400,1569884400.0,1569888000.0,,Serra Dourada,Goiania,Match Finished,FT,90.0,71,Serie A,Brazil,https://media.api-sports.io/football/leagues/71.png,https://media.api-sports.io/flags/br.svg,2019,Regular Season - 22,151,Goias,https://media.api-sports.io/football/teams/151.png,True,135,Cruzeiro,https://media.api-sports.io/football/teams/135.png,False,1.0,0.0,0.0,0.0,1.0,0.0,,,,,,,
94687,"Andre Luiz de Freitas Castro, Brazil",UTC,2019-09-30T23:00:00+00:00,1569884400,1569884400.0,1569888000.0,,Estadio Castelão,Fortaleza,Match Finished,FT,90.0,71,Serie A,Brazil,https://media.api-sports.io/football/leagues/71.png,https://media.api-sports.io/flags/br.svg,2019,Regular Season - 22,154,Fortaleza EC,https://media.api-sports.io/football/teams/154.png,True,120,Botafogo,https://media.api-sports.io/football/teams/120.png,False,1.0,0.0,0.0,0.0,1.0,0.0,,,,,,,
94675,"Daniel Nobre Bins, Brazil",UTC,2019-10-02T22:15:00+00:00,1570054500,1570054500.0,1570058100.0,,Arena Condá,Chapeco,Match Finished,FT,90.0,71,Serie A,Brazil,https://media.api-sports.io/football/leagues/71.png,https://media.api-sports.io/flags/br.svg,2019,Regular Season - 21,132,Chapecoense-SC,https://media.api-sports.io/football/teams/132.png,False,131,Corinthians,https://media.api-sports.io/football/teams/131.png,True,0.0,1.0,0.0,0.0,0.0,1.0,,,,,,,
94672,"Heber Roberto Lopes, Brazil",UTC,2019-10-02T22:15:00+00:00,1570054500,1570054500.0,1570058100.0,,Arena Independência,Belo Horizonte,Match Finished,FT,90.0,71,Serie A,Brazil,https://media.api-sports.io/football/leagues/71.png,https://media.api-sports.io/flags/br.svg,2019,Regular Season - 21,1062,Atletico-MG,https://media.api-sports.io/football/teams/1062.png,False,133,Vasco DA Gama,https://media.api-sports.io/football/teams/133.png,True,1.0,2.0,0.0,0.0,1.0,2.0,,,,,,,
94699,"Diego Pombo Lopez, Brazil",UTC,2019-10-05T20:00:00+00:00,1570305600,1570305600.0,1570309200.0,,Morumbi,Sao Paulo,Match Finished,FT,90.0,71,Serie A,Brazil,https://media.api-sports.io/football/leagues/71.png,https://media.api-sports.io/flags/br.svg,2019,Regular Season - 23,126,Sao Paulo,https://media.api-sports.io/football/teams/126.png,True,154,Fortaleza EC,https://media.api-sports.io/football/teams/154.png,False,2.0,1.0,1.0,1.0,2.0,1.0,,,,,,,
94700,"Savio Pereira Sampaio, Brazil",UTC,2019-10-05T20:00:00+00:00,1570305600,1570305600.0,1570309200.0,,São Januário,Rio de Janeiro,Match Finished,FT,90.0,71,Serie A,Brazil,https://media.api-sports.io/football/leagues/71.png,https://media.api-sports.io/flags/br.svg,2019,Regular Season - 23,133,Vasco DA Gama,https://media.api-sports.io/football/teams/133.png,False,128,Santos,https://media.api-sports.io/football/teams/128.png,True,0.0,1.0,0.0,0.0,0.0,1.0,,,,,,,
94691,"Raphael Claus, Brazil",UTC,2019-10-05T22:00:00+00:00,1570312800,1570312800.0,1570316400.0,,Arena Fonte Nova,Salvador,Match Finished,FT,90.0,71,Serie A,Brazil,https://media.api-sports.io/football/leagues/71.png,https://media.api-sports.io/flags/br.svg,2019,Regular Season - 23,118,Bahia,https://media.api-sports.io/football/teams/118.png,False,134,Atletico Paranaense,https://media.api-sports.io/football/teams/134.png,True,1.0,2.0,0.0,0.0,1.0,2.0,,,,,,,
94697,"Bruno Arleu de Araujo, Brazil",UTC,2019-10-05T22:00:00+00:00,1570312800,1570312800.0,1570316400.0,,Arena do Grêmio,Porto Alegre,Match Finished,FT,90.0,71,Serie A,Brazil,https://media.api-sports.io/football/leagues/71.png,https://media.api-sports.io/flags/br.svg,2019,Regular Season - 23,130,Gremio,https://media.api-sports.io/football/teams/130.png,,131,Corinthians,https://media.api-sports.io/football/teams/131.png,,0.0,0.0,0.0,0.0,0.0,0.0,,,,,,,
94695,"Wagner do Nascimento Magalhaes, Brazil",UTC,2019-10-06T00:00:00+00:00,1570320000,1570320000.0,1570323600.0,,Estádio Mineirão,Belo Horizonte,Match Finished,FT,90.0,71,Serie A,Brazil,https://media.api-sports.io/football/leagues/71.png,https://media.api-sports.io/flags/br.svg,2019,Regular Season - 23,135,Cruzeiro,https://media.api-sports.io/football/teams/135.png,,119,Internacional,https://media.api-sports.io/football/teams/119.png,,1.0,1.0,0.0,1.0,1.0,1.0,,,,,,,
94694,"Vinicius Goncalves Dias Araujo, Brazil",UTC,2019-10-06T14:00:00+00:00,1570370400,1570370400.0,1570374000.0,,Arena Condá,Chapeco,Match Finished,FT,90.0,71,Serie A,Brazil,https://media.api-sports.io/football/leagues/71.png,https://media.api-sports.io/flags/br.svg,2019,Regular Season - 23,132,Chapecoense-SC,https://media.api-sports.io/football/teams/132.png,False,127,Flamengo,https://media.api-sports.io/football/teams/127.png,True,0.0,1.0,0.0,1.0,0.0,1.0,,,,,,,
94692,"Rodolpho Toski Marques, Brazil",UTC,2019-10-06T19:00:00+00:00,1570388400,1570388400.0,1570392000.0,,Estadio Olimpico Nilton Santos,Rio de Janeiro,Match Finished,FT,90.0,71,Serie A,Brazil,https://media.api-sports.io/football/leagues/71.png,https://media.api-sports.io/flags/br.svg,2019,Regular Season - 23,120,Botafogo,https://media.api-sports.io/football/teams/120.png,False,124,Fluminense,https://media.api-sports.io/football/teams/124.png,True,0.0,1.0,0.0,1.0,0.0,1.0,,,,,,,
94698,"Rafael Traci, Brazil",UTC,2019-10-06T19:00:00+00:00,1570388400,1570388400.0,1570392000.0,,Allianz Parque,Sao Paulo,Match Finished,FT,90.0,71,Serie A,Brazil,https://media.api-sports.io/football/leagues/71.png,https://media.api-sports.io/flags/br.svg,2019,Regular Season - 23,121,Palmeiras,https://media.api-sports.io/football/teams/121.png,,1062,Atletico-MG,https://media.api-sports.io/football/teams/1062.png,,1.0,1.0,0.0,1.0,1.0,1.0,,,,,,,
94693,"Jose Mendonca da Silva Junior, Brazil",UTC,2019-10-06T19:00:00+00:00,1570388400,1570388400.0,1570392000.0,,Estadio Castelão,Fortaleza,Match Finished,FT,90.0,71,Serie A,Brazil,https://media.api-sports.io/football/leagues/71.png,https://media.api-sports.io/flags/br.svg,2019,Regular Season - 23,129,Ceara,https://media.api-sports.io/football/teams/129.png,False,151,Goias,https://media.api-sports.io/football/teams/151.png,True,0.0,1.0,0.0,1.0,0.0,1.0,,,,,,,
94696,"Anderson Daronco, Brazil",UTC,2019-10-06T22:00:00+00:00,1570399200,1570399200.0,1570402800.0,,Estádio Rei Pelé,Maceio,Match Finished,FT,90.0,71,Serie A,Brazil,https://media.api-sports.io/football/leagues/71.png,https://media.api-sports.io/flags/br.svg,2019,Regular Season - 23,150,CSA,https://media.api-sports.io/football/teams/150.png,True,145,Avai,https://media.api-sports.io/football/teams/145.png,False,3.0,1.0,1.0,0.0,3.0,1.0,,,,,,,
94703,"Rodrigo D'alonso Ferreira, Brazil",UTC,2019-10-09T22:15:00+00:00,1570659300,1570659300.0,1570662900.0,,Estadio Olimpico Nilton Santos,Rio de Janeiro,Match Finished,FT,90.0,71,Serie A,Brazil,https://media.api-sports.io/football/leagues/71.png,https://media.api-sports.io/flags/br.svg,2019,Regular Season - 24,120,Botafogo,https://media.api-sports.io/football/teams/120.png,True,151,Goias,https://media.api-sports.io/football/teams/151.png,False,3.0,1.0,1.0,0.0,3.0,1.0,,,,,,,
94706,"Vinicius Furlan, Brazil",UTC,2019-10-09T22:15:00+00:00,1570659300,1570659300.0,1570662900.0,,Estádio Rei Pelé,Maceio,Match Finished,FT,90.0,71,Serie A,Brazil,https://media.api-sports.io/football/leagues/71.png,https://media.api-sports.io/flags/br.svg,2019,Regular Season - 24,150,CSA,https://media.api-sports.io/football/teams/150.png,True,119,Internacional,https://media.api-sports.io/football/teams/119.png,False,1.0,0.0,0.0,0.0,1.0,0.0,,,,,,,
94708,"Rodrigo Carvalhaes de Miranda, Brazil",UTC,2019-10-09T23:30:00+00:00,1570663800,1570663800.0,1570667400.0,,Estadio Castelão,Fortaleza,Match Finished,FT,90.0,71,Serie A,Brazil,https://media.api-sports.io/football/leagues/71.png,https://media.api-sports.io/flags/br.svg,2019,Regular Season - 24,154,Fortaleza EC,https://media.api-sports.io/football/teams/154.png,True,132,Chapecoense-SC,https://media.api-sports.io/football/teams/132.png,False,2.0,0.0,0.0,0.0,2.0,0.0,,,,,,,
94702,"Braulio Da Silva Machado, Brazil",UTC,2019-10-10T00:00:00+00:00,1570665600,1570665600.0,1570669200.0,,Arena Fonte Nova,Salvador,Match Finished,FT,90.0,71,Serie A,Brazil,https://media.api-sports.io/football/leagues/71.png,https://media.api-sports.io/flags/br.svg,2019,Regular Season - 24,118,Bahia,https://media.api-sports.io/football/teams/118.png,,126,Sao Paulo,https://media.api-sports.io/football/teams/126.png,,0.0,0.0,0.0,0.0,0.0,0.0,,,,,,,
94709,"Edina Alves Batista, Brazil",UTC,2019-10-10T00:00:00+00:00,1570665600,1570665600.0,1570669200.0,,Arena do Grêmio,Porto Alegre,Match Finished,FT,90.0,71,Serie A,Brazil,https://media.api-sports.io/football/leagues/71.png,https://media.api-sports.io/flags/br.svg,2019,Regular Season - 24,130,Gremio,https://media.api-sports.io/football/teams/130.png,True,129,Ceara,https://media.api-sports.io/football/teams/129.png,False,2.0,1.0,2.0,1.0,2.0,1.0,,,,,,,
94710,"Flavio Rodrigues De Souza, Brazil",UTC,2019-10-10T00:30:00+00:00,1570667400,1570667400.0,1570671000.0,,Urbano Caldeira,Santos,Match Finished,FT,90.0,71,Serie A,Brazil,https://media.api-sports.io/football/leagues/71.png,https://media.api-sports.io/flags/br.svg,2019,Regular Season - 24,128,Santos,https://media.api-sports.io/football/teams/128.png,True,121,Palmeiras,https://media.api-sports.io/football/teams/121.png,False,2.0,0.0,2.0,0.0,2.0,0.0,,,,,,,
94705,"Jean Pierre Goncalves Lima, Brazil",UTC,2019-10-10T00:30:00+00:00,1570667400,1570667400.0,1570671000.0,,Estádio Mineirão,Belo Horizonte,Match Finished,FT,90.0,71,Serie A,Brazil,https://media.api-sports.io/football/leagues/71.png,https://media.api-sports.io/flags/br.svg,2019,Regular Season - 24,135,Cruzeiro,https://media.api-sports.io/football/teams/135.png,,124,Fluminense,https://media.api-sports.io/football/teams/124.png,,0.0,0.0,0.0,0.0,0.0,0.0,,,,,,,
94704,"Andre Luiz de Freitas Castro, Brazil",UTC,2019-10-10T22:15:00+00:00,1570745700,1570745700.0,1570749300.0,,Arena Corinthians,Sao Paulo,Match Finished,FT,90.0,71,Serie A,Brazil,https://media.api-sports.io/football/leagues/71.png,https://media.api-sports.io/flags/br.svg,2019,Regular Season - 24,131,Corinthians,https://media.api-sports.io/football/teams/131.png,,134,Atletico Paranaense,https://media.api-sports.io/football/teams/134.png,,2.0,2.0,2.0,2.0,2.0,2.0,,,,,,,
94701,"Paulo Roberto Alves Junior, Brazil",UTC,2019-10-10T22:15:00+00:00,1570745700,1570745700.0,1570749300.0,,Estádio da Ressacada,Florianopolis,Match Finished,FT,90.0,71,Serie A,Brazil,https://media.api-sports.io/football/leagues/71.png,https://media.api-sports.io/flags/br.svg,2019,Regular Season - 24,145,Avai,https://media.api-sports.io/football/teams/145.png,,133,Vasco DA Gama,https://media.api-sports.io/football/teams/133.png,,0.0,0.0,0.0,0.0,0.0,0.0,,,,,,,
94707,"Wilton Pereira Sampaio, Brazil",UTC,2019-10-10T23:00:00+00:00,1570748400,1570748400.0,1570752000.0,,Estádio do Maracanã,Rio de Janeiro,Match Finished,FT,90.0,71,Serie A,Brazil,https://media.api-sports.io/football/leagues/71.png,https://media.api-sports.io/flags/br.svg,2019,Regular Season - 24,127,Flamengo,https://media.api-sports.io/football/teams/127.png,True,1062,Atletico-MG,https://media.api-sports.io/football/teams/1062.png,False,3.0,1.0,1.0,0.0,3.0,1.0,,,,,,,
94716,"Felipe Fernandes de Lima, Brazil",UTC,2019-10-12T20:00:00+00:00,1570910400,1570910400.0,1570914000.0,,Serra Dourada,Goiania,Match Finished,FT,90.0,71,Serie A,Brazil,https://media.api-sports.io/football/leagues/71.png,https://media.api-sports.io/flags/br.svg,2019,Regular Season - 25,151,Goias,https://media.api-sports.io/football/teams/151.png,True,150,CSA,https://media.api-sports.io/football/teams/150.png,False,1.0,0.0,1.0,0.0,1.0,0.0,,,,,,,
94715,"Heber Roberto Lopes, Brazil",UTC,2019-10-12T22:00:00+00:00,1570917600,1570917600.0,1570921200.0,,Estádio do Maracanã,Rio de Janeiro,Match Finished,FT,90.0,71,Serie A,Brazil,https://media.api-sports.io/football/leagues/71.png,https://media.api-sports.io/flags/br.svg,2019,Regular Season - 25,124,Fluminense,https://media.api-sports.io/football/teams/124.png,True,118,Bahia,https://media.api-sports.io/football/teams/118.png,False,2.0,0.0,2.0,0.0,2.0,0.0,,,,,,,
94718,"Anderson Daronco, Brazil",UTC,2019-10-13T00:00:00+00:00,1570924800,1570924800.0,1570928400.0,,Pacaembú,Sao Paulo,Match Finished,FT,90.0,71,Serie A,Brazil,https://media.api-sports.io/football/leagues/71.png,https://media.api-sports.io/flags/br.svg,2019,Regular Season - 25,121,Palmeiras,https://media.api-sports.io/football/teams/121.png,True,120,Botafogo,https://media.api-sports.io/football/teams/120.png,False,1.0,0.0,1.0,0.0,1.0,0.0,,,,,,,
94717,"Bruno Arleu de Araujo, Brazil",UTC,2019-10-13T19:00:00+00:00,1570993200,1570993200.0,1570996800.0,,Estádio Beira Rio,Porto Alegre,Match Finished,FT,90.0,71,Serie A,Brazil,https://media.api-sports.io/football/leagues/71.png,https://media.api-sports.io/flags/br.svg,2019,Regular Season - 25,119,Internacional,https://media.api-sports.io/football/teams/119.png,,128,Santos,https://media.api-sports.io/football/teams/128.png,,0.0,0.0,0.0,0.0,0.0,0.0,,,,,,,
94713,"Marcelo De Lima Henrique, Brazil",UTC,2019-10-13T19:00:00+00:00,1570993200,1570993200.0,1570996800.0,,Estadio Castelão,Fortaleza,Match Finished,FT,90.0,71,Serie A,Brazil,https://media.api-sports.io/football/leagues/71.png,https://media.api-sports.io/flags/br.svg,2019,Regular Season - 25,129,Ceara,https://media.api-sports.io/football/teams/129.png,True,145,Avai,https://media.api-sports.io/football/teams/145.png,False,1.0,0.0,0.0,0.0,1.0,0.0,,,,,,,
94720,"Daniel Nobre Bins, Brazil",UTC,2019-10-13T19:00:00+00:00,1570993200,1570993200.0,1570996800.0,,São Januário,Rio de Janeiro,Match Finished,FT,90.0,71,Serie A,Brazil,https://media.api-sports.io/football/leagues/71.png,https://media.api-sports.io/flags/br.svg,2019,Regular Season - 25,133,Vasco DA Gama,https://media.api-sports.io/football/teams/133.png,True,154,Fortaleza EC,https://media.api-sports.io/football/teams/154.png,False,1.0,0.0,0.0,0.0,1.0,0.0,,,,,,,
94711,"Braulio Da Silva Machado, Brazil",UTC,2019-10-13T19:00:00+00:00,1570993200,1570993200.0,1570996800.0,,Arena da Baixada,Curitiba,Match Finished,FT,90.0,71,Serie A,Brazil,https://media.api-sports.io/football/leagues/71.png,https://media.api-sports.io/flags/br.svg,2019,Regular Season - 25,134,Atletico Paranaense,https://media.api-sports.io/football/teams/134.png,False,127,Flamengo,https://media.api-sports.io/football/teams/127.png,True,0.0,2.0,0.0,1.0,0.0,2.0,,,,,,,
94719,"Raphael Claus, Brazil",UTC,2019-10-13T21:00:00+00:00,1571000400,1571000400.0,1571004000.0,,Morumbi,Sao Paulo,Match Finished,FT,90.0,71,Serie A,Brazil,https://media.api-sports.io/football/leagues/71.png,https://media.api-sports.io/flags/br.svg,2019,Regular Season - 25,126,Sao Paulo,https://media.api-sports.io/football/teams/126.png,True,131,Corinthians,https://media.api-sports.io/football/teams/131.png,False,1.0,0.0,0.0,0.0,1.0,0.0,,,,,,,
94714,"Caio Max Augusto Vieira, Brazil",UTC,2019-10-13T22:00:00+00:00,1571004000,1571004000.0,1571007600.0,,Arena Condá,Chapeco,Match Finished,FT,90.0,71,Serie A,Brazil,https://media.api-sports.io/football/leagues/71.png,https://media.api-sports.io/flags/br.svg,2019,Regular Season - 25,132,Chapecoense-SC,https://media.api-sports.io/football/teams/132.png,,135,Cruzeiro,https://media.api-sports.io/football/teams/135.png,,1.0,1.0,0.0,1.0,1.0,1.0,,,,,,,
94712,"Luiz Flavio De Oliveira, Brazil",UTC,2019-10-13T22:00:00+00:00,1571004000,1571004000.0,1571007600.0,,Arena Independência,Belo Horizonte,Match Finished,FT,90.0,71,Serie A,Brazil,https://media.api-sports.io/football/leagues/71.png,https://media.api-sports.io/flags/br.svg,2019,Regular Season - 25,1062,Atletico-MG,https://media.api-sports.io/football/teams/1062.png,False,130,Gremio,https://media.api-sports.io/football/teams/130.png,True,1.0,4.0,1.0,2.0,1.0,4.0,,,,,,,
94727,"Rodolpho Toski Marques, Brazil",UTC,2019-10-16T22:15:00+00:00,1571264100,1571264100.0,1571267700.0,,Arena do Grêmio,Porto Alegre,Match Finished,FT,90.0,71,Serie A,Brazil,https://media.api-sports.io/football/leagues/71.png,https://media.api-sports.io/flags/br.svg,2019,Regular Season - 26,130,Gremio,https://media.api-sports.io/football/teams/130.png,False,118,Bahia,https://media.api-sports.io/football/teams/118.png,True,0.0,1.0,0.0,0.0,0.0,1.0,,,,,,,
94723,"Savio Pereira Sampaio, Brazil",UTC,2019-10-16T22:15:00+00:00,1571264100,1571264100.0,1571267700.0,,Estádio Rei Pelé,Maceio,Match Finished,FT,90.0,71,Serie A,Brazil,https://media.api-sports.io/football/leagues/71.png,https://media.api-sports.io/flags/br.svg,2019,Regular Season - 26,150,CSA,https://media.api-sports.io/football/teams/150.png,,1062,Atletico-MG,https://media.api-sports.io/football/teams/1062.png,,2.0,2.0,1.0,0.0,2.0,2.0,,,,,,,
94725,"Paulo Roberto Alves Junior, Brazil",UTC,2019-10-16T23:00:00+00:00,1571266800,1571266800.0,1571270400.0,,Estadio Castelão,Fortaleza,Match Finished,FT,90.0,71,Serie A,Brazil,https://media.api-sports.io/football/leagues/71.png,https://media.api-sports.io/flags/br.svg,2019,Regular Season - 26,154,Fortaleza EC,https://media.api-sports.io/football/teams/154.png,False,127,Flamengo,https://media.api-sports.io/football/teams/127.png,True,1.0,2.0,0.0,0.0,1.0,2.0,,,,,,,
94728,Vinicius Gomes,UTC,2019-10-17T00:00:00+00:00,1571270400,1571270400.0,1571274000.0,,"Allianz Parque (São Paulo, São Paulo)",,Match Finished,FT,90.0,71,Serie A,Brazil,https://media.api-sports.io/football/leagues/71.png,https://media.api-sports.io/flags/br.svg,2019,Regular Season - 26,121,Palmeiras,https://media.api-sports.io/football/teams/121.png,True,132,Chapecoense-SC,https://media.api-sports.io/football/teams/132.png,False,1.0,0.0,0.0,0.0,1.0,0.0,,,,,,,
94722,Wilton Pereira Sampaio,UTC,2019-10-17T00:00:00+00:00,1571270400,1571270400.0,1571274000.0,,"Estádio Governador Magalhães Pinto (Belo Horizonte, Minas Gerais)",,Match Finished,FT,90.0,71,Serie A,Brazil,https://media.api-sports.io/football/leagues/71.png,https://media.api-sports.io/flags/br.svg,2019,Regular Season - 26,135,Cruzeiro,https://media.api-sports.io/football/teams/135.png,True,126,Sao Paulo,https://media.api-sports.io/football/teams/126.png,False,1.0,0.0,0.0,0.0,1.0,0.0,,,,,,,
94730,Flavio Rodrigues De Souza,UTC,2019-10-17T00:30:00+00:00,1571272200,1571272200.0,1571275800.0,,"Estádio Club de Regatas Vasco da Gama (Rio de Janeiro, Rio de Janeiro)",,Match Finished,FT,90.0,71,Serie A,Brazil,https://media.api-sports.io/football/leagues/71.png,https://media.api-sports.io/flags/br.svg,2019,Regular Season - 26,133,Vasco DA Gama,https://media.api-sports.io/football/teams/133.png,True,120,Botafogo,https://media.api-sports.io/football/teams/120.png,False,2.0,1.0,2.0,1.0,2.0,1.0,,,,,,,
94726,Wagner do Nascimento Magalhaes,UTC,2019-10-17T00:30:00+00:00,1571272200,1571272200.0,1571275800.0,,"Estádio do Governo do Estado de Goiás (Serra Dourada) (Goiânia, Goiás)",,Match Finished,FT,90.0,71,Serie A,Brazil,https://media.api-sports.io/football/leagues/71.png,https://media.api-sports.io/flags/br.svg,2019,Regular Season - 26,151,Goias,https://media.api-sports.io/football/teams/151.png,,131,Corinthians,https://media.api-sports.io/football/teams/131.png,,2.0,2.0,1.0,1.0,2.0,2.0,,,,,,,
94729,"Rafael Traci, Brazil",UTC,2019-10-17T22:15:00+00:00,1571350500,1571350500.0,1571354100.0,,Urbano Caldeira,Santos,Match Finished,FT,90.0,71,Serie A,Brazil,https://media.api-sports.io/football/leagues/71.png,https://media.api-sports.io/flags/br.svg,2019,Regular Season - 26,128,Santos,https://media.api-sports.io/football/teams/128.png,True,129,Ceara,https://media.api-sports.io/football/teams/129.png,False,2.0,1.0,0.0,1.0,2.0,1.0,,,,,,,
94721,"Thiago Duarte Peixoto, Brazil",UTC,2019-10-17T22:15:00+00:00,1571350500,1571350500.0,1571354100.0,,Estádio da Ressacada,Florianopolis,Match Finished,FT,90.0,71,Serie A,Brazil,https://media.api-sports.io/football/leagues/71.png,https://media.api-sports.io/flags/br.svg,2019,Regular Season - 26,145,Avai,https://media.api-sports.io/football/teams/145.png,False,119,Internacional,https://media.api-sports.io/football/teams/119.png,True,0.0,2.0,0.0,1.0,0.0,2.0,,,,,,,
94724,"Rodrigo D'alonso Ferreira, Brazil",UTC,2019-10-18T00:00:00+00:00,1571356800,1571356800.0,1571360400.0,,Estádio do Maracanã,Rio de Janeiro,Match Finished,FT,90.0,71,Serie A,Brazil,https://media.api-sports.io/football/leagues/71.png,https://media.api-sports.io/flags/br.svg,2019,Regular Season - 26,124,Fluminense,https://media.api-sports.io/football/teams/124.png,False,134,Atletico Paranaense,https://media.api-sports.io/football/teams/134.png,True,1.0,2.0,1.0,1.0,1.0,2.0,,,,,,,
94738,"Andre Luiz de Freitas Castro, Brazil",UTC,2019-10-19T20:00:00+00:00,1571515200,1571515200.0,1571518800.0,,Estadio Castelão,Fortaleza,Match Finished,FT,90.0,71,Serie A,Brazil,https://media.api-sports.io/football/leagues/71.png,https://media.api-sports.io/flags/br.svg,2019,Regular Season - 27,154,Fortaleza EC,https://media.api-sports.io/football/teams/154.png,True,130,Gremio,https://media.api-sports.io/football/teams/130.png,False,2.0,1.0,2.0,1.0,2.0,1.0,,,,,,,
94736,"Bruno Arleu de Araujo, Brazil",UTC,2019-10-19T22:00:00+00:00,1571522400,1571522400.0,1571526000.0,,Arena Corinthians,Sao Paulo,Match Finished,FT,90.0,71,Serie A,Brazil,https://media.api-sports.io/football/leagues/71.png,https://media.api-sports.io/flags/br.svg,2019,Regular Season - 27,131,Corinthians,https://media.api-sports.io/football/teams/131.png,False,135,Cruzeiro,https://media.api-sports.io/football/teams/135.png,True,1.0,2.0,1.0,1.0,1.0,2.0,,,,,,,
94739,"Vinicius Goncalves Dias Araujo, Brazil",UTC,2019-10-20T19:00:00+00:00,1571598000,1571598000.0,1571601600.0,,Estádio Beira Rio,Porto Alegre,Match Finished,FT,90.0,71,Serie A,Brazil,https://media.api-sports.io/football/leagues/71.png,https://media.api-sports.io/flags/br.svg,2019,Regular Season - 27,119,Internacional,https://media.api-sports.io/football/teams/119.png,False,133,Vasco DA Gama,https://media.api-sports.io/football/teams/133.png,True,0.0,1.0,0.0,0.0,0.0,1.0,,,,,,,
94740,"Dewson Fernando Freitas da Silva, Brazil",UTC,2019-10-20T19:00:00+00:00,1571598000,1571598000.0,1571601600.0,,Morumbi,Sao Paulo,Match Finished,FT,90.0,71,Serie A,Brazil,https://media.api-sports.io/football/leagues/71.png,https://media.api-sports.io/flags/br.svg,2019,Regular Season - 27,126,Sao Paulo,https://media.api-sports.io/football/teams/126.png,True,145,Avai,https://media.api-sports.io/football/teams/145.png,False,1.0,0.0,0.0,0.0,1.0,0.0,,,,,,,
94732,"Caio Max Augusto Vieira, Brazil",UTC,2019-10-20T19:00:00+00:00,1571598000,1571598000.0,1571601600.0,,Arena Independência,Belo Horizonte,Match Finished,FT,90.0,71,Serie A,Brazil,https://media.api-sports.io/football/leagues/71.png,https://media.api-sports.io/flags/br.svg,2019,Regular Season - 27,1062,Atletico-MG,https://media.api-sports.io/football/teams/1062.png,True,128,Santos,https://media.api-sports.io/football/teams/128.png,False,2.0,0.0,2.0,0.0,2.0,0.0,,,,,,,
94737,"Anderson Daronco, Brazil",UTC,2019-10-20T21:00:00+00:00,1571605200,1571605200.0,1571608800.0,,Estádio do Maracanã,Rio de Janeiro,Match Finished,FT,90.0,71,Serie A,Brazil,https://media.api-sports.io/football/leagues/71.png,https://media.api-sports.io/flags/br.svg,2019,Regular Season - 27,127,Flamengo,https://media.api-sports.io/football/teams/127.png,True,124,Fluminense,https://media.api-sports.io/football/teams/124.png,False,2.0,0.0,1.0,0.0,2.0,0.0,,,,,,,
94735,"Gilberto Rodrigues Castro Junior, Brazil",UTC,2019-10-20T22:00:00+00:00,1571608800,1571608800.0,1571612400.0,,Arena Condá,Chapeco,Match Finished,FT,90.0,71,Serie A,Brazil,https://media.api-sports.io/football/leagues/71.png,https://media.api-sports.io/flags/br.svg,2019,Regular Season - 27,132,Chapecoense-SC,https://media.api-sports.io/football/teams/132.png,,151,Goias,https://media.api-sports.io/football/teams/151.png,,2.0,2.0,2.0,0.0,2.0,2.0,,,,,,,
94731,"Ricardo Marques Ribeiro, Brazil",UTC,2019-10-20T22:00:00+00:00,1571608800,1571608800.0,1571612400.0,,Arena da Baixada,Curitiba,Match Finished,FT,90.0,71,Serie A,Brazil,https://media.api-sports.io/football/leagues/71.png,https://media.api-sports.io/flags/br.svg,2019,Regular Season - 27,134,Atletico Paranaense,https://media.api-sports.io/football/teams/134.png,,121,Palmeiras,https://media.api-sports.io/football/teams/121.png,,1.0,1.0,1.0,1.0,1.0,1.0,,,,,,,
94733,"Luiz Flavio De Oliveira, Brazil",UTC,2019-10-21T22:30:00+00:00,1571697000,1571697000.0,1571700600.0,,Arena Fonte Nova,Salvador,Match Finished,FT,90.0,71,Serie A,Brazil,https://media.api-sports.io/football/leagues/71.png,https://media.api-sports.io/flags/br.svg,2019,Regular Season - 27,118,Bahia,https://media.api-sports.io/football/teams/118.png,False,129,Ceara,https://media.api-sports.io/football/teams/129.png,True,1.0,2.0,0.0,0.0,1.0,2.0,,,,,,,
94734,"Leandro Pedro Vuaden, Brazil",UTC,2019-10-21T23:00:00+00:00,1571698800,1571698800.0,1571702400.0,,Estadio Olimpico Nilton Santos,Rio de Janeiro,Match Finished,FT,90.0,71,Serie A,Brazil,https://media.api-sports.io/football/leagues/71.png,https://media.api-sports.io/flags/br.svg,2019,Regular Season - 27,120,Botafogo,https://media.api-sports.io/football/teams/120.png,True,150,CSA,https://media.api-sports.io/football/teams/150.png,False,2.0,1.0,1.0,0.0,2.0,1.0,,,,,,,
94744,"Jean Pierre Goncalves Lima, Brazil",UTC,2019-10-26T20:00:00+00:00,1572120000,1572120000.0,1572123600.0,,Estadio Castelão,Fortaleza,Match Finished,FT,90.0,71,Serie A,Brazil,https://media.api-sports.io/football/leagues/71.png,https://media.api-sports.io/flags/br.svg,2019,Regular Season - 28,129,Ceara,https://media.api-sports.io/football/teams/129.png,,133,Vasco DA Gama,https://media.api-sports.io/football/teams/133.png,,1.0,1.0,0.0,1.0,1.0,1.0,,,,,,,
94745,"Luiz Flavio De Oliveira, Brazil",UTC,2019-10-26T20:00:00+00:00,1572120000,1572120000.0,1572123600.0,,Arena Corinthians,Sao Paulo,Match Finished,FT,90.0,71,Serie A,Brazil,https://media.api-sports.io/football/leagues/71.png,https://media.api-sports.io/flags/br.svg,2019,Regular Season - 28,131,Corinthians,https://media.api-sports.io/football/teams/131.png,,128,Santos,https://media.api-sports.io/football/teams/128.png,,0.0,0.0,0.0,0.0,0.0,0.0,,,,,,,
94743,"Marcelo De Lima Henrique, Brazil",UTC,2019-10-26T22:00:00+00:00,1572127200,1572127200.0,1572130800.0,,Arena Fonte Nova,Salvador,Match Finished,FT,90.0,71,Serie A,Brazil,https://media.api-sports.io/football/leagues/71.png,https://media.api-sports.io/flags/br.svg,2019,Regular Season - 28,118,Bahia,https://media.api-sports.io/football/teams/118.png,False,119,Internacional,https://media.api-sports.io/football/teams/119.png,True,2.0,3.0,0.0,0.0,2.0,3.0,,,,,,,
94748,"Savio Pereira Sampaio, Brazil",UTC,2019-10-26T22:30:00+00:00,1572129000,1572129000.0,1572132600.0,,Estádio do Maracanã,Rio de Janeiro,Match Finished,FT,90.0,71,Serie A,Brazil,https://media.api-sports.io/football/leagues/71.png,https://media.api-sports.io/flags/br.svg,2019,Regular Season - 28,124,Fluminense,https://media.api-sports.io/football/teams/124.png,,132,Chapecoense-SC,https://media.api-sports.io/football/teams/132.png,,1.0,1.0,0.0,1.0,1.0,1.0,,,,,,,
94746,"Raphael Claus, Brazil",UTC,2019-10-27T00:00:00+00:00,1572134400,1572134400.0,1572138000.0,,Estádio Mineirão,Belo Horizonte,Match Finished,FT,90.0,71,Serie A,Brazil,https://media.api-sports.io/football/leagues/71.png,https://media.api-sports.io/flags/br.svg,2019,Regular Season - 28,135,Cruzeiro,https://media.api-sports.io/football/teams/135.png,,154,Fortaleza EC,https://media.api-sports.io/football/teams/154.png,,1.0,1.0,0.0,0.0,1.0,1.0,,,,,,,
94750,"Bruno Arleu de Araujo, Brazil",UTC,2019-10-27T18:00:00+00:00,1572199200,1572199200.0,1572202800.0,,Morumbi,Sao Paulo,Match Finished,FT,90.0,71,Serie A,Brazil,https://media.api-sports.io/football/leagues/71.png,https://media.api-sports.io/flags/br.svg,2019,Regular Season - 28,126,Sao Paulo,https://media.api-sports.io/football/teams/126.png,True,1062,Atletico-MG,https://media.api-sports.io/football/teams/1062.png,False,2.0,0.0,0.0,0.0,2.0,0.0,,,,,,,
94749,"Rafael Traci, Brazil",UTC,2019-10-27T18:00:00+00:00,1572199200,1572199200.0,1572202800.0,,Arena do Grêmio,Porto Alegre,Match Finished,FT,90.0,71,Serie A,Brazil,https://media.api-sports.io/football/leagues/71.png,https://media.api-sports.io/flags/br.svg,2019,Regular Season - 28,130,Gremio,https://media.api-sports.io/football/teams/130.png,True,120,Botafogo,https://media.api-sports.io/football/teams/120.png,False,3.0,0.0,1.0,0.0,3.0,0.0,,,,,,,
94741,"Flavio Rodrigues De Souza, Brazil",UTC,2019-10-27T18:00:00+00:00,1572199200,1572199200.0,1572202800.0,,Arena da Baixada,Curitiba,Match Finished,FT,90.0,71,Serie A,Brazil,https://media.api-sports.io/football/leagues/71.png,https://media.api-sports.io/flags/br.svg,2019,Regular Season - 28,134,Atletico Paranaense,https://media.api-sports.io/football/teams/134.png,True,151,Goias,https://media.api-sports.io/football/teams/151.png,False,4.0,1.0,0.0,1.0,4.0,1.0,,,,,,,
94742,"Wilton Pereira Sampaio, Brazil",UTC,2019-10-27T20:00:00+00:00,1572206400,1572206400.0,1572210000.0,,Estádio da Ressacada,Florianopolis,Match Finished,FT,90.0,71,Serie A,Brazil,https://media.api-sports.io/football/leagues/71.png,https://media.api-sports.io/flags/br.svg,2019,Regular Season - 28,145,Avai,https://media.api-sports.io/football/teams/145.png,False,121,Palmeiras,https://media.api-sports.io/football/teams/121.png,True,1.0,2.0,0.0,0.0,1.0,2.0,,,,,,,
94747,"Rodolpho Toski Marques, Brazil",UTC,2019-10-27T21:00:00+00:00,1572210000,1572210000.0,1572213600.0,,Estádio do Maracanã,Rio de Janeiro,Match Finished,FT,90.0,71,Serie A,Brazil,https://media.api-sports.io/football/leagues/71.png,https://media.api-sports.io/flags/br.svg,2019,Regular Season - 28,127,Flamengo,https://media.api-sports.io/football/teams/127.png,True,150,CSA,https://media.api-sports.io/football/teams/150.png,False,1.0,0.0,1.0,0.0,1.0,0.0,,,,,,,
94758,"Raphael Claus, Brazil",UTC,2019-10-30T22:30:00+00:00,1572474600,1572474600.0,1572478200.0,,Allianz Parque,Sao Paulo,Match Finished,FT,90.0,71,Serie A,Brazil,https://media.api-sports.io/football/leagues/71.png,https://media.api-sports.io/flags/br.svg,2019,Regular Season - 29,121,Palmeiras,https://media.api-sports.io/football/teams/121.png,True,126,Sao Paulo,https://media.api-sports.io/football/teams/126.png,False,3.0,0.0,2.0,0.0,3.0,0.0,,,,,,,
94752,"Marcelo Aparecido Ribeiro de Souza, Brazil",UTC,2019-10-30T22:30:00+00:00,1572474600,1572474600.0,1572478200.0,,Estádio da Ressacada,Florianopolis,Match Finished,FT,90.0,71,Serie A,Brazil,https://media.api-sports.io/football/leagues/71.png,https://media.api-sports.io/flags/br.svg,2019,Regular Season - 29,145,Avai,https://media.api-sports.io/football/teams/145.png,False,154,Fortaleza EC,https://media.api-sports.io/football/teams/154.png,True,1.0,3.0,0.0,1.0,1.0,3.0,,,,,,,
94751,"Diego Pombo Lopez, Brazil",UTC,2019-10-30T22:30:00+00:00,1572474600,1572474600.0,1572478200.0,,Arena Independência,Belo Horizonte,Match Finished,FT,90.0,71,Serie A,Brazil,https://media.api-sports.io/football/leagues/71.png,https://media.api-sports.io/flags/br.svg,2019,Regular Season - 29,1062,Atletico-MG,https://media.api-sports.io/football/teams/1062.png,False,132,Chapecoense-SC,https://media.api-sports.io/football/teams/132.png,True,0.0,2.0,0.0,1.0,0.0,2.0,,,,,,,
94754,"Leandro Pedro Vuaden, Brazil",UTC,2019-10-31T00:30:00+00:00,1572481800,1572481800.0,1572485400.0,,Estadio Castelão,Fortaleza,Match Finished,FT,90.0,71,Serie A,Brazil,https://media.api-sports.io/football/leagues/71.png,https://media.api-sports.io/flags/br.svg,2019,Regular Season - 29,129,Ceara,https://media.api-sports.io/football/teams/129.png,True,124,Fluminense,https://media.api-sports.io/football/teams/124.png,False,2.0,0.0,1.0,0.0,2.0,0.0,,,,,,,
94760,"Wilton Pereira Sampaio, Brazil",UTC,2019-10-31T00:30:00+00:00,1572481800,1572481800.0,1572485400.0,,São Januário,Rio de Janeiro,Match Finished,FT,90.0,71,Serie A,Brazil,https://media.api-sports.io/football/leagues/71.png,https://media.api-sports.io/flags/br.svg,2019,Regular Season - 29,133,Vasco DA Gama,https://media.api-sports.io/football/teams/133.png,False,130,Gremio,https://media.api-sports.io/football/teams/130.png,True,1.0,3.0,1.0,1.0,1.0,3.0,,,,,,,
94755,"Rafael Traci, Brazil",UTC,2019-10-31T00:30:00+00:00,1572481800,1572481800.0,1572485400.0,,Estádio Rei Pelé,Maceio,Match Finished,FT,90.0,71,Serie A,Brazil,https://media.api-sports.io/football/leagues/71.png,https://media.api-sports.io/flags/br.svg,2019,Regular Season - 29,150,CSA,https://media.api-sports.io/football/teams/150.png,True,131,Corinthians,https://media.api-sports.io/football/teams/131.png,False,2.0,1.0,1.0,1.0,2.0,1.0,,,,,,,
94759,"Wagner do Nascimento Magalhaes, Brazil",UTC,2019-10-31T22:15:00+00:00,1572560100,1572560100.0,1572563700.0,,Urbano Caldeira,Santos,Match Finished,FT,90.0,71,Serie A,Brazil,https://media.api-sports.io/football/leagues/71.png,https://media.api-sports.io/flags/br.svg,2019,Regular Season - 29,128,Santos,https://media.api-sports.io/football/teams/128.png,True,118,Bahia,https://media.api-sports.io/football/teams/118.png,False,1.0,0.0,0.0,0.0,1.0,0.0,,,,,,,
94756,"Ricardo Marques Ribeiro, Brazil",UTC,2019-10-31T23:00:00+00:00,1572562800,1572562800.0,1572566400.0,,Serra Dourada,Goiania,Match Finished,FT,90.0,71,Serie A,Brazil,https://media.api-sports.io/football/leagues/71.png,https://media.api-sports.io/flags/br.svg,2019,Regular Season - 29,151,Goias,https://media.api-sports.io/football/teams/151.png,,127,Flamengo,https://media.api-sports.io/football/teams/127.png,,2.0,2.0,0.0,0.0,2.0,2.0,,,,,,,
94757,"Andre Luiz de Freitas Castro, Brazil",UTC,2019-11-01T00:30:00+00:00,1572568200,1572568200.0,1572571800.0,,Estádio Beira Rio,Porto Alegre,Match Finished,FT,90.0,71,Serie A,Brazil,https://media.api-sports.io/football/leagues/71.png,https://media.api-sports.io/flags/br.svg,2019,Regular Season - 29,119,Internacional,https://media.api-sports.io/football/teams/119.png,,134,Atletico Paranaense,https://media.api-sports.io/football/teams/134.png,,1.0,1.0,1.0,1.0,1.0,1.0,,,,,,,
94753,"Caio Max Augusto Vieira, Brazil",UTC,2019-11-01T00:30:00+00:00,1572568200,1572568200.0,1572571800.0,,Estadio Olimpico Nilton Santos,Rio de Janeiro,Match Finished,FT,90.0,71,Serie A,Brazil,https://media.api-sports.io/football/leagues/71.png,https://media.api-sports.io/flags/br.svg,2019,Regular Season - 29,120,Botafogo,https://media.api-sports.io/football/teams/120.png,False,135,Cruzeiro,https://media.api-sports.io/football/teams/135.png,True,0.0,2.0,0.0,1.0,0.0,2.0,,,,,,,
94766,"Rodolpho Toski Marques, Brazil",UTC,2019-11-02T20:00:00+00:00,1572724800,1572724800.0,1572728400.0,,Estadio Castelão,Fortaleza,Match Finished,FT,90.0,71,Serie A,Brazil,https://media.api-sports.io/football/leagues/71.png,https://media.api-sports.io/flags/br.svg,2019,Regular Season - 30,154,Fortaleza EC,https://media.api-sports.io/football/teams/154.png,,1062,Atletico-MG,https://media.api-sports.io/football/teams/1062.png,,2.0,2.0,2.0,1.0,2.0,2.0,,,,,,,
94769,"Felipe Fernandes de Lima, Brazil",UTC,2019-11-02T22:00:00+00:00,1572732000,1572732000.0,1572735600.0,,Allianz Parque,Sao Paulo,Match Finished,FT,90.0,71,Serie A,Brazil,https://media.api-sports.io/football/leagues/71.png,https://media.api-sports.io/flags/br.svg,2019,Regular Season - 30,121,Palmeiras,https://media.api-sports.io/football/teams/121.png,True,129,Ceara,https://media.api-sports.io/football/teams/129.png,False,1.0,0.0,1.0,0.0,1.0,0.0,,,,,,,
94765,"Raphael Claus, Brazil",UTC,2019-11-02T22:00:00+00:00,1572732000,1572732000.0,1572735600.0,,Estádio do Maracanã,Rio de Janeiro,Match Finished,FT,90.0,71,Serie A,Brazil,https://media.api-sports.io/football/leagues/71.png,https://media.api-sports.io/flags/br.svg,2019,Regular Season - 30,124,Fluminense,https://media.api-sports.io/football/teams/124.png,,133,Vasco DA Gama,https://media.api-sports.io/football/teams/133.png,,0.0,0.0,0.0,0.0,0.0,0.0,,,,,,,
94762,"Anderson Daronco, Brazil",UTC,2019-11-03T00:00:00+00:00,1572739200,1572739200.0,1572742800.0,,Arena Condá,Chapeco,Match Finished,FT,90.0,71,Serie A,Brazil,https://media.api-sports.io/football/leagues/71.png,https://media.api-sports.io/flags/br.svg,2019,Regular Season - 30,132,Chapecoense-SC,https://media.api-sports.io/football/teams/132.png,False,126,Sao Paulo,https://media.api-sports.io/football/teams/126.png,True,0.0,3.0,0.0,2.0,0.0,3.0,,,,,,,
94764,"Jean Pierre Goncalves Lima, Brazil",UTC,2019-11-03T19:00:00+00:00,1572807600,1572807600.0,1572811200.0,,Estádio do Maracanã,Rio de Janeiro,Match Finished,FT,90.0,71,Serie A,Brazil,https://media.api-sports.io/football/leagues/71.png,https://media.api-sports.io/flags/br.svg,2019,Regular Season - 30,127,Flamengo,https://media.api-sports.io/football/teams/127.png,True,131,Corinthians,https://media.api-sports.io/football/teams/131.png,False,4.0,1.0,2.0,0.0,4.0,1.0,,,,,,,
94768,"Flavio Rodrigues De Souza, Brazil",UTC,2019-11-03T21:00:00+00:00,1572814800,1572814800.0,1572818400.0,,Arena do Grêmio,Porto Alegre,Match Finished,FT,90.0,71,Serie A,Brazil,https://media.api-sports.io/football/leagues/71.png,https://media.api-sports.io/flags/br.svg,2019,Regular Season - 30,130,Gremio,https://media.api-sports.io/football/teams/130.png,True,119,Internacional,https://media.api-sports.io/football/teams/119.png,False,2.0,0.0,1.0,0.0,2.0,0.0,,,,,,,
94761,"Savio Pereira Sampaio, Brazil",UTC,2019-11-03T21:00:00+00:00,1572814800,1572814800.0,1572818400.0,,Arena da Baixada,Curitiba,Match Finished,FT,90.0,71,Serie A,Brazil,https://media.api-sports.io/football/leagues/71.png,https://media.api-sports.io/flags/br.svg,2019,Regular Season - 30,134,Atletico Paranaense,https://media.api-sports.io/football/teams/134.png,True,150,CSA,https://media.api-sports.io/football/teams/150.png,False,1.0,0.0,0.0,0.0,1.0,0.0,,,,,,,
94770,"Rodrigo D'alonso Ferreira, Brazil",UTC,2019-11-03T22:00:00+00:00,1572818400,1572818400.0,1572822000.0,,Urbano Caldeira,Santos,Match Finished,FT,90.0,71,Serie A,Brazil,https://media.api-sports.io/football/leagues/71.png,https://media.api-sports.io/flags/br.svg,2019,Regular Season - 30,128,Santos,https://media.api-sports.io/football/teams/128.png,True,120,Botafogo,https://media.api-sports.io/football/teams/120.png,False,4.0,1.0,2.0,1.0,4.0,1.0,,,,,,,
94763,"Reway Wagner, Brazil",UTC,2019-11-03T22:00:00+00:00,1572818400,1572818400.0,1572822000.0,,Estádio Mineirão,Belo Horizonte,Match Finished,FT,90.0,71,Serie A,Brazil,https://media.api-sports.io/football/leagues/71.png,https://media.api-sports.io/flags/br.svg,2019,Regular Season - 30,135,Cruzeiro,https://media.api-sports.io/football/teams/135.png,,118,Bahia,https://media.api-sports.io/football/teams/118.png,,1.0,1.0,0.0,0.0,1.0,1.0,,,,,,,
94767,"Vinicius Goncalves Dias Araujo, Brazil",UTC,2019-11-03T22:30:00+00:00,1572820200,1572820200.0,1572823800.0,,Serra Dourada,Goiania,Match Finished,FT,90.0,71,Serie A,Brazil,https://media.api-sports.io/football/leagues/71.png,https://media.api-sports.io/flags/br.svg,2019,Regular Season - 30,151,Goias,https://media.api-sports.io/football/teams/151.png,True,145,Avai,https://media.api-sports.io/football/teams/145.png,False,2.0,0.0,0.0,0.0,2.0,0.0,,,,,,,
94777,"Caio Max Augusto Vieira, Brazil",UTC,2019-11-06T22:30:00+00:00,1573079400,1573079400.0,1573083000.0,,Arena Corinthians,Sao Paulo,Match Finished,FT,90.0,71,Serie A,Brazil,https://media.api-sports.io/football/leagues/71.png,https://media.api-sports.io/flags/br.svg,2019,Regular Season - 31,131,Corinthians,https://media.api-sports.io/football/teams/131.png,True,154,Fortaleza EC,https://media.api-sports.io/football/teams/154.png,False,3.0,2.0,1.0,1.0,3.0,2.0,,,,,,,
94772,"Thiago Duarte Peixoto, Brazil",UTC,2019-11-06T23:00:00+00:00,1573081200,1573081200.0,1573084800.0,,Arena Independência,Belo Horizonte,Match Finished,FT,90.0,71,Serie A,Brazil,https://media.api-sports.io/football/leagues/71.png,https://media.api-sports.io/flags/br.svg,2019,Regular Season - 31,1062,Atletico-MG,https://media.api-sports.io/football/teams/1062.png,True,151,Goias,https://media.api-sports.io/football/teams/151.png,False,2.0,0.0,0.0,0.0,2.0,0.0,,,,,,,
94773,"Marcelo De Lima Henrique, Brazil",UTC,2019-11-07T00:00:00+00:00,1573084800,1573084800.0,1573088400.0,,Estádio da Ressacada,Florianopolis,Match Finished,FT,90.0,71,Serie A,Brazil,https://media.api-sports.io/football/leagues/71.png,https://media.api-sports.io/flags/br.svg,2019,Regular Season - 31,145,Avai,https://media.api-sports.io/football/teams/145.png,False,128,Santos,https://media.api-sports.io/football/teams/128.png,True,1.0,2.0,1.0,2.0,1.0,2.0,,,,,,,
94774,"Vinicius Furlan, Brazil",UTC,2019-11-07T00:30:00+00:00,1573086600,1573086600.0,1573090200.0,,Arena Fonte Nova,Salvador,Match Finished,FT,90.0,71,Serie A,Brazil,https://media.api-sports.io/football/leagues/71.png,https://media.api-sports.io/flags/br.svg,2019,Regular Season - 31,118,Bahia,https://media.api-sports.io/football/teams/118.png,,132,Chapecoense-SC,https://media.api-sports.io/football/teams/132.png,,1.0,1.0,0.0,1.0,1.0,1.0,,,,,,,
94780,"Rafael Traci, Brazil",UTC,2019-11-07T00:30:00+00:00,1573086600,1573086600.0,1573090200.0,,São Januário,Rio de Janeiro,Match Finished,FT,90.0,71,Serie A,Brazil,https://media.api-sports.io/football/leagues/71.png,https://media.api-sports.io/flags/br.svg,2019,Regular Season - 31,133,Vasco DA Gama,https://media.api-sports.io/football/teams/133.png,False,121,Palmeiras,https://media.api-sports.io/football/teams/121.png,True,1.0,2.0,1.0,1.0,1.0,2.0,,,,,,,
94771,"Luiz Flavio De Oliveira, Brazil",UTC,2019-11-07T00:30:00+00:00,1573086600,1573086600.0,1573090200.0,,Arena da Baixada,Curitiba,Match Finished,FT,90.0,71,Serie A,Brazil,https://media.api-sports.io/football/leagues/71.png,https://media.api-sports.io/flags/br.svg,2019,Regular Season - 31,134,Atletico Paranaense,https://media.api-sports.io/football/teams/134.png,,135,Cruzeiro,https://media.api-sports.io/football/teams/135.png,,0.0,0.0,0.0,0.0,0.0,0.0,,,,,,,
94779,"Daniel Nobre Bins, Brazil",UTC,2019-11-07T22:30:00+00:00,1573165800,1573165800.0,1573169400.0,,Morumbi,Sao Paulo,Match Finished,FT,90.0,71,Serie A,Brazil,https://media.api-sports.io/football/leagues/71.png,https://media.api-sports.io/flags/br.svg,2019,Regular Season - 31,126,Sao Paulo,https://media.api-sports.io/football/teams/126.png,False,124,Fluminense,https://media.api-sports.io/football/teams/124.png,True,0.0,2.0,0.0,2.0,0.0,2.0,,,,,,,
94776,"Wilton Pereira Sampaio, Brazil",UTC,2019-11-07T22:30:00+00:00,1573165800,1573165800.0,1573169400.0,,Estadio Castelão,Fortaleza,Match Finished,FT,90.0,71,Serie A,Brazil,https://media.api-sports.io/football/leagues/71.png,https://media.api-sports.io/flags/br.svg,2019,Regular Season - 31,129,Ceara,https://media.api-sports.io/football/teams/129.png,True,119,Internacional,https://media.api-sports.io/football/teams/119.png,False,2.0,0.0,1.0,0.0,2.0,0.0,,,,,,,
94775,"Leandro Pedro Vuaden, Brazil",UTC,2019-11-07T23:00:00+00:00,1573167600,1573167600.0,1573171200.0,,Estadio Olimpico Nilton Santos,Rio de Janeiro,Match Finished,FT,90.0,71,Serie A,Brazil,https://media.api-sports.io/football/leagues/71.png,https://media.api-sports.io/flags/br.svg,2019,Regular Season - 31,120,Botafogo,https://media.api-sports.io/football/teams/120.png,False,127,Flamengo,https://media.api-sports.io/football/teams/127.png,True,0.0,1.0,0.0,0.0,0.0,1.0,,,,,,,
94778,"Jose Mendonca da Silva Junior, Brazil",UTC,2019-11-08T00:00:00+00:00,1573171200,1573171200.0,1573174800.0,,Arena do Grêmio,Porto Alegre,Match Finished,FT,90.0,71,Serie A,Brazil,https://media.api-sports.io/football/leagues/71.png,https://media.api-sports.io/flags/br.svg,2019,Regular Season - 31,130,Gremio,https://media.api-sports.io/football/teams/130.png,True,150,CSA,https://media.api-sports.io/football/teams/150.png,False,2.0,1.0,1.0,0.0,2.0,1.0,,,,,,,
94787,"Bruno Arleu de Araujo, Brazil",UTC,2019-11-09T20:00:00+00:00,1573329600,1573329600.0,1573333200.0,,Serra Dourada,Goiania,Match Finished,FT,90.0,71,Serie A,Brazil,https://media.api-sports.io/football/leagues/71.png,https://media.api-sports.io/flags/br.svg,2019,Regular Season - 32,151,Goias,https://media.api-sports.io/football/teams/151.png,False,128,Santos,https://media.api-sports.io/football/teams/128.png,True,0.0,3.0,0.0,1.0,0.0,3.0,,,,,,,
94789,"Vinicius Goncalves Dias Araujo, Brazil",UTC,2019-11-09T22:00:00+00:00,1573336800,1573336800.0,1573340400.0,,Allianz Parque,Sao Paulo,Match Finished,FT,90.0,71,Serie A,Brazil,https://media.api-sports.io/football/leagues/71.png,https://media.api-sports.io/flags/br.svg,2019,Regular Season - 32,121,Palmeiras,https://media.api-sports.io/football/teams/121.png,,131,Corinthians,https://media.api-sports.io/football/teams/131.png,,1.0,1.0,0.0,0.0,1.0,1.0,,,,,,,
94788,"Rodolpho Toski Marques, Brazil",UTC,2019-11-10T19:00:00+00:00,1573412400,1573412400.0,1573416000.0,,Estádio Beira Rio,Porto Alegre,Match Finished,FT,90.0,71,Serie A,Brazil,https://media.api-sports.io/football/leagues/71.png,https://media.api-sports.io/flags/br.svg,2019,Regular Season - 32,119,Internacional,https://media.api-sports.io/football/teams/119.png,True,124,Fluminense,https://media.api-sports.io/football/teams/124.png,False,2.0,1.0,2.0,0.0,2.0,1.0,,,,,,,
94790,"Wagner do Nascimento Magalhaes, Brazil",UTC,2019-11-10T19:00:00+00:00,1573412400,1573412400.0,1573416000.0,,Morumbi,Sao Paulo,Match Finished,FT,90.0,71,Serie A,Brazil,https://media.api-sports.io/football/leagues/71.png,https://media.api-sports.io/flags/br.svg,2019,Regular Season - 32,126,Sao Paulo,https://media.api-sports.io/football/teams/126.png,False,134,Atletico Paranaense,https://media.api-sports.io/football/teams/134.png,True,0.0,1.0,0.0,0.0,0.0,1.0,,,,,,,
94783,"Jean Pierre Goncalves Lima, Brazil",UTC,2019-11-10T19:00:00+00:00,1573412400,1573412400.0,1573416000.0,,Estádio Mineirão,Belo Horizonte,Match Finished,FT,90.0,71,Serie A,Brazil,https://media.api-sports.io/football/leagues/71.png,https://media.api-sports.io/flags/br.svg,2019,Regular Season - 32,135,Cruzeiro,https://media.api-sports.io/football/teams/135.png,,1062,Atletico-MG,https://media.api-sports.io/football/teams/1062.png,,0.0,0.0,0.0,0.0,0.0,0.0,,,,,,,
94785,"Caio Max Augusto Vieira, Brazil",UTC,2019-11-10T21:00:00+00:00,1573419600,1573419600.0,1573423200.0,,Estádio do Maracanã,Rio de Janeiro,Match Finished,FT,90.0,71,Serie A,Brazil,https://media.api-sports.io/football/leagues/71.png,https://media.api-sports.io/flags/br.svg,2019,Regular Season - 32,127,Flamengo,https://media.api-sports.io/football/teams/127.png,True,118,Bahia,https://media.api-sports.io/football/teams/118.png,False,3.0,1.0,0.0,1.0,3.0,1.0,,,,,,,
94782,"Marcelo De Lima Henrique, Brazil",UTC,2019-11-10T22:00:00+00:00,1573423200,1573423200.0,1573426800.0,,Arena Condá,Chapeco,Match Finished,FT,90.0,71,Serie A,Brazil,https://media.api-sports.io/football/leagues/71.png,https://media.api-sports.io/flags/br.svg,2019,Regular Season - 32,132,Chapecoense-SC,https://media.api-sports.io/football/teams/132.png,False,130,Gremio,https://media.api-sports.io/football/teams/130.png,True,0.0,1.0,0.0,1.0,0.0,1.0,,,,,,,
94784,"Rodrigo D'alonso Ferreira, Brazil",UTC,2019-11-10T22:00:00+00:00,1573423200,1573423200.0,1573426800.0,,Estádio Rei Pelé,Maceio,Match Finished,FT,90.0,71,Serie A,Brazil,https://media.api-sports.io/football/leagues/71.png,https://media.api-sports.io/flags/br.svg,2019,Regular Season - 32,150,CSA,https://media.api-sports.io/football/teams/150.png,False,133,Vasco DA Gama,https://media.api-sports.io/football/teams/133.png,True,0.0,3.0,0.0,1.0,0.0,3.0,,,,,,,
94786,"Flavio Rodrigues De Souza, Brazil",UTC,2019-11-10T22:00:00+00:00,1573423200,1573423200.0,1573426800.0,,Estadio Castelão,Fortaleza,Match Finished,FT,90.0,71,Serie A,Brazil,https://media.api-sports.io/football/leagues/71.png,https://media.api-sports.io/flags/br.svg,2019,Regular Season - 32,154,Fortaleza EC,https://media.api-sports.io/football/teams/154.png,True,129,Ceara,https://media.api-sports.io/football/teams/129.png,False,1.0,0.0,1.0,0.0,1.0,0.0,,,,,,,
94781,"Savio Pereira Sampaio, Brazil",UTC,2019-11-11T23:00:00+00:00,1573513200,1573513200.0,1573516800.0,,Estadio Olimpico Nilton Santos,Rio de Janeiro,Match Finished,FT,90.0,71,Serie A,Brazil,https://media.api-sports.io/football/leagues/71.png,https://media.api-sports.io/flags/br.svg,2019,Regular Season - 32,120,Botafogo,https://media.api-sports.io/football/teams/120.png,True,145,Avai,https://media.api-sports.io/football/teams/145.png,False,2.0,0.0,1.0,0.0,2.0,0.0,,,,,,,
94806,"Wilton Pereira Sampaio, Brazil",UTC,2019-11-14T00:30:00+00:00,1573691400,1573691400.0,1573695000.0,,Estádio do Maracanã,Rio de Janeiro,Match Finished,FT,90.0,71,Serie A,Brazil,https://media.api-sports.io/football/leagues/71.png,https://media.api-sports.io/flags/br.svg,2019,Regular Season - 34,127,Flamengo,https://media.api-sports.io/football/teams/127.png,,133,Vasco DA Gama,https://media.api-sports.io/football/teams/133.png,,4.0,4.0,2.0,2.0,4.0,4.0,,,,,,,
94799,"Flavio Rodrigues De Souza, Brazil",UTC,2019-11-16T20:00:00+00:00,1573934400,1573934400.0,1573938000.0,,Urbano Caldeira,Santos,Match Finished,FT,90.0,71,Serie A,Brazil,https://media.api-sports.io/football/leagues/71.png,https://media.api-sports.io/flags/br.svg,2019,Regular Season - 33,128,Santos,https://media.api-sports.io/football/teams/128.png,,126,Sao Paulo,https://media.api-sports.io/football/teams/126.png,,1.0,1.0,1.0,0.0,1.0,1.0,,,,,,,
94796,"Leandro Pedro Vuaden, Brazil",UTC,2019-11-16T22:00:00+00:00,1573941600,1573941600.0,1573945200.0,,Estádio do Maracanã,Rio de Janeiro,Match Finished,FT,90.0,71,Serie A,Brazil,https://media.api-sports.io/football/leagues/71.png,https://media.api-sports.io/flags/br.svg,2019,Regular Season - 33,124,Fluminense,https://media.api-sports.io/football/teams/124.png,,1062,Atletico-MG,https://media.api-sports.io/football/teams/1062.png,,1.0,1.0,1.0,0.0,1.0,1.0,,,,,,,
94792,"Bruno Arleu de Araujo, Brazil",UTC,2019-11-17T19:00:00+00:00,1574017200,1574017200.0,1574020800.0,,Arena Fonte Nova,Salvador,Match Finished,FT,90.0,71,Serie A,Brazil,https://media.api-sports.io/football/leagues/71.png,https://media.api-sports.io/flags/br.svg,2019,Regular Season - 33,118,Bahia,https://media.api-sports.io/football/teams/118.png,,121,Palmeiras,https://media.api-sports.io/football/teams/121.png,,1.0,1.0,1.0,0.0,1.0,1.0,,,,,,,
94798,"Raphael Claus, Brazil",UTC,2019-11-17T19:00:00+00:00,1574017200,1574017200.0,1574020800.0,,Arena do Grêmio,Porto Alegre,Match Finished,FT,90.0,71,Serie A,Brazil,https://media.api-sports.io/football/leagues/71.png,https://media.api-sports.io/flags/br.svg,2019,Regular Season - 33,130,Gremio,https://media.api-sports.io/football/teams/130.png,False,127,Flamengo,https://media.api-sports.io/football/teams/127.png,True,0.0,1.0,0.0,1.0,0.0,1.0,,,,,,,
94794,"Marcelo De Lima Henrique, Brazil",UTC,2019-11-17T21:00:00+00:00,1574024400,1574024400.0,1574028000.0,,Arena Corinthians,Sao Paulo,Match Finished,FT,90.0,71,Serie A,Brazil,https://media.api-sports.io/football/leagues/71.png,https://media.api-sports.io/flags/br.svg,2019,Regular Season - 33,131,Corinthians,https://media.api-sports.io/football/teams/131.png,,119,Internacional,https://media.api-sports.io/football/teams/119.png,,0.0,0.0,0.0,0.0,0.0,0.0,,,,,,,
94793,"Rodolpho Toski Marques, Brazil",UTC,2019-11-17T21:00:00+00:00,1574024400,1574024400.0,1574028000.0,,Arena Condá,Chapeco,Match Finished,FT,90.0,71,Serie A,Brazil,https://media.api-sports.io/football/leagues/71.png,https://media.api-sports.io/flags/br.svg,2019,Regular Season - 33,132,Chapecoense-SC,https://media.api-sports.io/football/teams/132.png,True,129,Ceara,https://media.api-sports.io/football/teams/129.png,False,1.0,0.0,0.0,0.0,1.0,0.0,,,,,,,
94791,"Braulio Da Silva Machado, Brazil",UTC,2019-11-17T21:00:00+00:00,1574024400,1574024400.0,1574028000.0,,Arena da Baixada,Curitiba,Match Finished,FT,90.0,71,Serie A,Brazil,https://media.api-sports.io/football/leagues/71.png,https://media.api-sports.io/flags/br.svg,2019,Regular Season - 33,134,Atletico Paranaense,https://media.api-sports.io/football/teams/134.png,True,120,Botafogo,https://media.api-sports.io/football/teams/120.png,False,1.0,0.0,0.0,0.0,1.0,0.0,,,,,,,
94797,"Anderson Daronco, Brazil",UTC,2019-11-17T22:00:00+00:00,1574028000,1574028000.0,1574031600.0,,Estadio Castelão,Fortaleza,Match Finished,FT,90.0,71,Serie A,Brazil,https://media.api-sports.io/football/leagues/71.png,https://media.api-sports.io/flags/br.svg,2019,Regular Season - 33,154,Fortaleza EC,https://media.api-sports.io/football/teams/154.png,True,150,CSA,https://media.api-sports.io/football/teams/150.png,False,3.0,0.0,1.0,0.0,3.0,0.0,,,,,,,
94800,"Paulo Roberto Alves Junior, Brazil",UTC,2019-11-18T22:30:00+00:00,1574116200,1574116200.0,1574119800.0,,São Januário,Rio de Janeiro,Match Finished,FT,90.0,71,Serie A,Brazil,https://media.api-sports.io/football/leagues/71.png,https://media.api-sports.io/flags/br.svg,2019,Regular Season - 33,133,Vasco DA Gama,https://media.api-sports.io/football/teams/133.png,,151,Goias,https://media.api-sports.io/football/teams/151.png,,1.0,1.0,1.0,0.0,1.0,1.0,,,,,,,
94795,"Diego Pombo Lopez, Brazil",UTC,2019-11-18T23:00:00+00:00,1574118000,1574118000.0,1574121600.0,,Estádio Mineirão,Belo Horizonte,Match Finished,FT,90.0,71,Serie A,Brazil,https://media.api-sports.io/football/leagues/71.png,https://media.api-sports.io/flags/br.svg,2019,Regular Season - 33,135,Cruzeiro,https://media.api-sports.io/football/teams/135.png,,145,Avai,https://media.api-sports.io/football/teams/145.png,,0.0,0.0,0.0,0.0,0.0,0.0,,,,,,,
94810,"Leandro Pedro Vuaden, Brazil",UTC,2019-11-24T00:00:00+00:00,1574553600,1574553600.0,1574557200.0,,Urbano Caldeira,Santos,Match Finished,FT,90.0,71,Serie A,Brazil,https://media.api-sports.io/football/leagues/71.png,https://media.api-sports.io/flags/br.svg,2019,Regular Season - 34,128,Santos,https://media.api-sports.io/football/teams/128.png,True,135,Cruzeiro,https://media.api-sports.io/football/teams/135.png,False,4.0,1.0,1.0,1.0,4.0,1.0,,,,,,,
94809,"Wilton Pereira Sampaio, Brazil",UTC,2019-11-24T19:00:00+00:00,1574622000,1574622000.0,1574625600.0,,Allianz Parque,Sao Paulo,Match Finished,FT,90.0,71,Serie A,Brazil,https://media.api-sports.io/football/leagues/71.png,https://media.api-sports.io/flags/br.svg,2019,Regular Season - 34,121,Palmeiras,https://media.api-sports.io/football/teams/121.png,False,130,Gremio,https://media.api-sports.io/football/teams/130.png,True,1.0,2.0,0.0,0.0,1.0,2.0,,,,,,,
94807,"Ricardo Marques Ribeiro, Brazil",UTC,2019-11-24T19:00:00+00:00,1574622000,1574622000.0,1574625600.0,,Serra Dourada,Goiania,Match Finished,FT,90.0,71,Serie A,Brazil,https://media.api-sports.io/football/leagues/71.png,https://media.api-sports.io/flags/br.svg,2019,Regular Season - 34,151,Goias,https://media.api-sports.io/football/teams/151.png,True,118,Bahia,https://media.api-sports.io/football/teams/118.png,False,4.0,3.0,2.0,0.0,4.0,3.0,,,,,,,
94801,"Edina Alves Batista, Brazil",UTC,2019-11-24T19:00:00+00:00,1574622000,1574622000.0,1574625600.0,,Arena Independência,Belo Horizonte,Match Finished,FT,90.0,71,Serie A,Brazil,https://media.api-sports.io/football/leagues/71.png,https://media.api-sports.io/flags/br.svg,2019,Regular Season - 34,1062,Atletico-MG,https://media.api-sports.io/football/teams/1062.png,False,134,Atletico Paranaense,https://media.api-sports.io/football/teams/134.png,True,0.0,1.0,0.0,0.0,0.0,1.0,,,,,,,
94803,"Andre Luiz de Freitas Castro, Brazil",UTC,2019-11-24T21:00:00+00:00,1574629200,1574629200.0,1574632800.0,,Estadio Olimpico Nilton Santos,Rio de Janeiro,Match Finished,FT,90.0,71,Serie A,Brazil,https://media.api-sports.io/football/leagues/71.png,https://media.api-sports.io/flags/br.svg,2019,Regular Season - 34,120,Botafogo,https://media.api-sports.io/football/teams/120.png,True,131,Corinthians,https://media.api-sports.io/football/teams/131.png,False,1.0,0.0,1.0,0.0,1.0,0.0,,,,,,,
94808,"Jose Mendonca da Silva Junior, Brazil",UTC,2019-11-24T22:00:00+00:00,1574632800,1574632800.0,1574636400.0,,Estádio Beira Rio,Porto Alegre,Match Finished,FT,90.0,71,Serie A,Brazil,https://media.api-sports.io/football/leagues/71.png,https://media.api-sports.io/flags/br.svg,2019,Regular Season - 34,119,Internacional,https://media.api-sports.io/football/teams/119.png,,154,Fortaleza EC,https://media.api-sports.io/football/teams/154.png,,2.0,2.0,1.0,1.0,2.0,2.0,,,,,,,
94804,"Rafael Traci, Brazil",UTC,2019-11-24T22:00:00+00:00,1574632800,1574632800.0,1574636400.0,,Estadio Castelão,Fortaleza,Match Finished,FT,90.0,71,Serie A,Brazil,https://media.api-sports.io/football/leagues/71.png,https://media.api-sports.io/flags/br.svg,2019,Regular Season - 34,129,Ceara,https://media.api-sports.io/football/teams/129.png,,126,Sao Paulo,https://media.api-sports.io/football/teams/126.png,,1.0,1.0,0.0,1.0,1.0,1.0,,,,,,,
94802,"Raphael Claus, Brazil",UTC,2019-11-24T22:00:00+00:00,1574632800,1574632800.0,1574636400.0,,Estádio da Ressacada,Florianopolis,Match Finished,FT,90.0,71,Serie A,Brazil,https://media.api-sports.io/football/leagues/71.png,https://media.api-sports.io/flags/br.svg,2019,Regular Season - 34,145,Avai,https://media.api-sports.io/football/teams/145.png,False,132,Chapecoense-SC,https://media.api-sports.io/football/teams/132.png,True,0.0,1.0,0.0,0.0,0.0,1.0,,,,,,,
94805,"Luiz Flavio De Oliveira, Brazil",UTC,2019-11-25T23:00:00+00:00,1574722800,1574722800.0,1574726400.0,,Estádio Rei Pelé,Maceio,Match Finished,FT,90.0,71,Serie A,Brazil,https://media.api-sports.io/football/leagues/71.png,https://media.api-sports.io/flags/br.svg,2019,Regular Season - 34,150,CSA,https://media.api-sports.io/football/teams/150.png,False,124,Fluminense,https://media.api-sports.io/football/teams/124.png,True,0.0,1.0,0.0,0.0,0.0,1.0,,,,,,,
94819,"Caio Max Augusto Vieira, Brazil",UTC,2019-11-27T22:30:00+00:00,1574893800,1574893800.0,1574897400.0,,Estádio Beira Rio,Porto Alegre,Match Finished,FT,90.0,71,Serie A,Brazil,https://media.api-sports.io/football/leagues/71.png,https://media.api-sports.io/flags/br.svg,2019,Regular Season - 35,119,Internacional,https://media.api-sports.io/football/teams/119.png,False,151,Goias,https://media.api-sports.io/football/teams/151.png,True,1.0,2.0,0.0,1.0,1.0,2.0,,,,,,,
94813,"Anderson Daronco, Brazil",UTC,2019-11-27T22:30:00+00:00,1574893800,1574893800.0,1574897400.0,,Arena Condá,Chapeco,Match Finished,FT,90.0,71,Serie A,Brazil,https://media.api-sports.io/football/leagues/71.png,https://media.api-sports.io/flags/br.svg,2019,Regular Season - 35,132,Chapecoense-SC,https://media.api-sports.io/football/teams/132.png,False,120,Botafogo,https://media.api-sports.io/football/teams/120.png,True,0.0,1.0,0.0,0.0,0.0,1.0,,,,,,,
94812,Thiago Duarte Peixoto,UTC,2019-11-28T00:00:00+00:00,1574899200,1574899200.0,1574902800.0,,"Arena Fonte Nova (Salvador, Bahia)",,Match Finished,FT,90.0,71,Serie A,Brazil,https://media.api-sports.io/football/leagues/71.png,https://media.api-sports.io/flags/br.svg,2019,Regular Season - 35,118,Bahia,https://media.api-sports.io/football/teams/118.png,,1062,Atletico-MG,https://media.api-sports.io/football/teams/1062.png,,1.0,1.0,0.0,0.0,1.0,1.0,,,,,,,
94816,Paulo Roberto Alves Júnior,UTC,2019-11-28T00:30:00+00:00,1574901000,1574901000.0,1574904600.0,,"Estadio Jornalista Mário Filho (Maracanã) (Rio de Janeiro, Rio de Janeiro)",,Match Finished,FT,90.0,71,Serie A,Brazil,https://media.api-sports.io/football/leagues/71.png,https://media.api-sports.io/flags/br.svg,2019,Regular Season - 35,127,Flamengo,https://media.api-sports.io/football/teams/127.png,True,129,Ceara,https://media.api-sports.io/football/teams/129.png,False,4.0,1.0,0.0,1.0,4.0,1.0,,,,,,,
94814,Wagner do Nascimento Magalhaes,UTC,2019-11-28T00:30:00+00:00,1574901000,1574901000.0,1574904600.0,,"Arena Corinthians (São Paulo, São Paulo)",,Match Finished,FT,90.0,71,Serie A,Brazil,https://media.api-sports.io/football/leagues/71.png,https://media.api-sports.io/flags/br.svg,2019,Regular Season - 35,131,Corinthians,https://media.api-sports.io/football/teams/131.png,True,145,Avai,https://media.api-sports.io/football/teams/145.png,False,3.0,0.0,1.0,0.0,3.0,0.0,,,,,,,
94811,Bruno Arleu de Araujo,UTC,2019-11-28T00:30:00+00:00,1574901000,1574901000.0,1574904600.0,,"Estádio Joaquim Américo Guimarães (Curitiba, Paraná)",,Match Finished,FT,90.0,71,Serie A,Brazil,https://media.api-sports.io/football/leagues/71.png,https://media.api-sports.io/flags/br.svg,2019,Regular Season - 35,134,Atletico Paranaense,https://media.api-sports.io/football/teams/134.png,True,130,Gremio,https://media.api-sports.io/football/teams/130.png,False,2.0,0.0,1.0,0.0,2.0,0.0,,,,,,,
94817,"Leandro Pedro Vuaden, Brazil",UTC,2019-11-28T22:30:00+00:00,1574980200,1574980200.0,1574983800.0,,Estádio do Maracanã,Rio de Janeiro,Match Finished,FT,90.0,71,Serie A,Brazil,https://media.api-sports.io/football/leagues/71.png,https://media.api-sports.io/flags/br.svg,2019,Regular Season - 35,124,Fluminense,https://media.api-sports.io/football/teams/124.png,True,121,Palmeiras,https://media.api-sports.io/football/teams/121.png,False,1.0,0.0,1.0,0.0,1.0,0.0,,,,,,,
94818,"Diego Pombo Lopez, Brazil",UTC,2019-11-28T23:00:00+00:00,1574982000,1574982000.0,1574985600.0,,Estadio Castelão,Fortaleza,Match Finished,FT,90.0,71,Serie A,Brazil,https://media.api-sports.io/football/leagues/71.png,https://media.api-sports.io/flags/br.svg,2019,Regular Season - 35,154,Fortaleza EC,https://media.api-sports.io/football/teams/154.png,True,128,Santos,https://media.api-sports.io/football/teams/128.png,False,2.0,1.0,0.0,0.0,2.0,1.0,,,,,,,
94820,"Savio Pereira Sampaio, Brazil",UTC,2019-11-28T23:30:00+00:00,1574983800,1574983800.0,1574987400.0,,Morumbi,Sao Paulo,Match Finished,FT,90.0,71,Serie A,Brazil,https://media.api-sports.io/football/leagues/71.png,https://media.api-sports.io/flags/br.svg,2019,Regular Season - 35,126,Sao Paulo,https://media.api-sports.io/football/teams/126.png,True,133,Vasco DA Gama,https://media.api-sports.io/football/teams/133.png,False,1.0,0.0,1.0,0.0,1.0,0.0,,,,,,,
94815,"Vinicius Goncalves Dias Araujo, Brazil",UTC,2019-11-29T00:30:00+00:00,1574987400,1574987400.0,1574991000.0,,Estádio Mineirão,Belo Horizonte,Match Finished,FT,90.0,71,Serie A,Brazil,https://media.api-sports.io/football/leagues/71.png,https://media.api-sports.io/flags/br.svg,2019,Regular Season - 35,135,Cruzeiro,https://media.api-sports.io/football/teams/135.png,False,150,CSA,https://media.api-sports.io/football/teams/150.png,True,0.0,1.0,0.0,1.0,0.0,1.0,,,,,,,
94823,"Rodolpho Toski Marques, Brazil",UTC,2019-11-30T22:00:00+00:00,1575151200,1575151200.0,1575154800.0,,Estadio Olimpico Nilton Santos,Rio de Janeiro,Match Finished,FT,90.0,71,Serie A,Brazil,https://media.api-sports.io/football/leagues/71.png,https://media.api-sports.io/flags/br.svg,2019,Regular Season - 36,120,Botafogo,https://media.api-sports.io/football/teams/120.png,False,119,Internacional,https://media.api-sports.io/football/teams/119.png,True,0.0,1.0,0.0,0.0,0.0,1.0,,,,,,,
94824,"Marcelo Aparecido Ribeiro de Souza, Brazil",UTC,2019-11-30T22:00:00+00:00,1575151200,1575151200.0,1575154800.0,,Estadio Castelão,Fortaleza,Match Finished,FT,90.0,71,Serie A,Brazil,https://media.api-sports.io/football/leagues/71.png,https://media.api-sports.io/flags/br.svg,2019,Regular Season - 36,129,Ceara,https://media.api-sports.io/football/teams/129.png,,134,Atletico Paranaense,https://media.api-sports.io/football/teams/134.png,,1.0,1.0,0.0,0.0,1.0,1.0,,,,,,,
94828,"Ricardo Marques Ribeiro, Brazil",UTC,2019-12-01T19:00:00+00:00,1575226800,1575226800.0,1575230400.0,,Allianz Parque,Sao Paulo,Match Finished,FT,90.0,71,Serie A,Brazil,https://media.api-sports.io/football/leagues/71.png,https://media.api-sports.io/flags/br.svg,2019,Regular Season - 36,121,Palmeiras,https://media.api-sports.io/football/teams/121.png,False,127,Flamengo,https://media.api-sports.io/football/teams/127.png,True,1.0,3.0,0.0,2.0,1.0,3.0,,,,,,,
94822,"Daniel Nobre Bins, Brazil",UTC,2019-12-01T19:00:00+00:00,1575226800,1575226800.0,1575230400.0,,Estádio da Ressacada,Florianopolis,Match Finished,FT,90.0,71,Serie A,Brazil,https://media.api-sports.io/football/leagues/71.png,https://media.api-sports.io/flags/br.svg,2019,Regular Season - 36,145,Avai,https://media.api-sports.io/football/teams/145.png,,124,Fluminense,https://media.api-sports.io/football/teams/124.png,,1.0,1.0,0.0,1.0,1.0,1.0,,,,,,,
94826,"Dewson Fernando Freitas da Silva, Brazil",UTC,2019-12-01T19:00:00+00:00,1575226800,1575226800.0,1575230400.0,,Serra Dourada,Goiania,Match Finished,FT,90.0,71,Serie A,Brazil,https://media.api-sports.io/football/leagues/71.png,https://media.api-sports.io/flags/br.svg,2019,Regular Season - 36,151,Goias,https://media.api-sports.io/football/teams/151.png,False,154,Fortaleza EC,https://media.api-sports.io/football/teams/154.png,True,1.0,2.0,1.0,2.0,1.0,2.0,,,,,,,
94825,"Vinicius Furlan, Brazil",UTC,2019-12-01T21:00:00+00:00,1575234000,1575234000.0,1575237600.0,,Estádio Rei Pelé,Maceio,Match Finished,FT,90.0,71,Serie A,Brazil,https://media.api-sports.io/football/leagues/71.png,https://media.api-sports.io/flags/br.svg,2019,Regular Season - 36,150,CSA,https://media.api-sports.io/football/teams/150.png,False,118,Bahia,https://media.api-sports.io/football/teams/118.png,True,1.0,2.0,0.0,1.0,1.0,2.0,,,,,,,
94821,"Paulo Roberto Alves Junior, Brazil",UTC,2019-12-01T21:00:00+00:00,1575234000,1575234000.0,1575237600.0,,Arena Independência,Belo Horizonte,Match Finished,FT,90.0,71,Serie A,Brazil,https://media.api-sports.io/football/leagues/71.png,https://media.api-sports.io/flags/br.svg,2019,Regular Season - 36,1062,Atletico-MG,https://media.api-sports.io/football/teams/1062.png,True,131,Corinthians,https://media.api-sports.io/football/teams/131.png,False,2.0,1.0,1.0,1.0,2.0,1.0,,,,,,,
94829,"Marielson Alves Silva, Brazil",UTC,2019-12-01T22:00:00+00:00,1575237600,1575237600.0,1575241200.0,,Urbano Caldeira,Santos,Match Finished,FT,90.0,71,Serie A,Brazil,https://media.api-sports.io/football/leagues/71.png,https://media.api-sports.io/flags/br.svg,2019,Regular Season - 36,128,Santos,https://media.api-sports.io/football/teams/128.png,True,132,Chapecoense-SC,https://media.api-sports.io/football/teams/132.png,False,2.0,0.0,1.0,0.0,2.0,0.0,,,,,,,
94827,"Marcelo De Lima Henrique, Brazil",UTC,2019-12-01T22:00:00+00:00,1575237600,1575237600.0,1575241200.0,,Arena do Grêmio,Porto Alegre,Match Finished,FT,90.0,71,Serie A,Brazil,https://media.api-sports.io/football/leagues/71.png,https://media.api-sports.io/flags/br.svg,2019,Regular Season - 36,130,Gremio,https://media.api-sports.io/football/teams/130.png,True,126,Sao Paulo,https://media.api-sports.io/football/teams/126.png,False,3.0,0.0,0.0,0.0,3.0,0.0,,,,,,,
94830,"Wilton Pereira Sampaio, Brazil",UTC,2019-12-02T23:00:00+00:00,1575327600,1575327600.0,1575331200.0,,São Januário,Rio de Janeiro,Match Finished,FT,90.0,71,Serie A,Brazil,https://media.api-sports.io/football/leagues/71.png,https://media.api-sports.io/flags/br.svg,2019,Regular Season - 36,133,Vasco DA Gama,https://media.api-sports.io/football/teams/133.png,True,135,Cruzeiro,https://media.api-sports.io/football/teams/135.png,False,1.0,0.0,1.0,0.0,1.0,0.0,,,,,,,
94831,"Anderson Daronco, Brazil",UTC,2019-12-04T22:00:00+00:00,1575496800,1575496800.0,1575500400.0,,Arena da Baixada,Curitiba,Match Finished,FT,90.0,71,Serie A,Brazil,https://media.api-sports.io/football/leagues/71.png,https://media.api-sports.io/flags/br.svg,2019,Regular Season - 37,134,Atletico Paranaense,https://media.api-sports.io/football/teams/134.png,True,128,Santos,https://media.api-sports.io/football/teams/128.png,False,1.0,0.0,0.0,0.0,1.0,0.0,,,,,,,
94834,"Rafael Traci, Brazil",UTC,2019-12-04T22:30:00+00:00,1575498600,1575498600.0,1575502200.0,,Estadio Castelão,Fortaleza,Match Finished,FT,90.0,71,Serie A,Brazil,https://media.api-sports.io/football/leagues/71.png,https://media.api-sports.io/flags/br.svg,2019,Regular Season - 37,129,Ceara,https://media.api-sports.io/football/teams/129.png,False,131,Corinthians,https://media.api-sports.io/football/teams/131.png,True,0.0,1.0,0.0,0.0,0.0,1.0,,,,,,,
94832,"Leandro Pedro Vuaden, Brazil",UTC,2019-12-04T22:30:00+00:00,1575498600,1575498600.0,1575502200.0,,Arena Independência,Belo Horizonte,Match Finished,FT,90.0,71,Serie A,Brazil,https://media.api-sports.io/football/leagues/71.png,https://media.api-sports.io/flags/br.svg,2019,Regular Season - 37,1062,Atletico-MG,https://media.api-sports.io/football/teams/1062.png,True,120,Botafogo,https://media.api-sports.io/football/teams/120.png,False,2.0,0.0,1.0,0.0,2.0,0.0,,,,,,,
94835,"Alexandre Vargas Tavares de Jesus, Brazil",UTC,2019-12-05T00:00:00+00:00,1575504000,1575504000.0,1575507600.0,,Arena Condá,Chapeco,Match Finished,FT,90.0,71,Serie A,Brazil,https://media.api-sports.io/football/leagues/71.png,https://media.api-sports.io/flags/br.svg,2019,Regular Season - 37,132,Chapecoense-SC,https://media.api-sports.io/football/teams/132.png,True,150,CSA,https://media.api-sports.io/football/teams/150.png,False,3.0,0.0,1.0,0.0,3.0,0.0,,,,,,,
94837,"Raphael Claus, Brazil",UTC,2019-12-05T00:30:00+00:00,1575505800,1575505800.0,1575509400.0,,Estádio do Maracanã,Rio de Janeiro,Match Finished,FT,90.0,71,Serie A,Brazil,https://media.api-sports.io/football/leagues/71.png,https://media.api-sports.io/flags/br.svg,2019,Regular Season - 37,124,Fluminense,https://media.api-sports.io/football/teams/124.png,,154,Fortaleza EC,https://media.api-sports.io/football/teams/154.png,,0.0,0.0,0.0,0.0,0.0,0.0,,,,,,,
94840,"Braulio Da Silva Machado, Brazil",UTC,2019-12-05T00:30:00+00:00,1575505800,1575505800.0,1575509400.0,,Morumbi,Sao Paulo,Match Finished,FT,90.0,71,Serie A,Brazil,https://media.api-sports.io/football/leagues/71.png,https://media.api-sports.io/flags/br.svg,2019,Regular Season - 37,126,Sao Paulo,https://media.api-sports.io/football/teams/126.png,True,119,Internacional,https://media.api-sports.io/football/teams/119.png,False,2.0,1.0,1.0,0.0,2.0,1.0,,,,,,,
94833,"Felipe Fernandes de Lima, Brazil",UTC,2019-12-05T22:15:00+00:00,1575584100,1575584100.0,1575587700.0,,Arena Fonte Nova,Salvador,Match Finished,FT,90.0,71,Serie A,Brazil,https://media.api-sports.io/football/leagues/71.png,https://media.api-sports.io/flags/br.svg,2019,Regular Season - 37,118,Bahia,https://media.api-sports.io/football/teams/118.png,,133,Vasco DA Gama,https://media.api-sports.io/football/teams/133.png,,1.0,1.0,1.0,0.0,1.0,1.0,,,,,,,
94839,"Bruno Arleu de Araujo, Brazil",UTC,2019-12-05T22:15:00+00:00,1575584100,1575584100.0,1575587700.0,,Allianz Parque,Sao Paulo,Match Finished,FT,90.0,71,Serie A,Brazil,https://media.api-sports.io/football/leagues/71.png,https://media.api-sports.io/flags/br.svg,2019,Regular Season - 37,121,Palmeiras,https://media.api-sports.io/football/teams/121.png,True,151,Goias,https://media.api-sports.io/football/teams/151.png,False,5.0,1.0,2.0,1.0,5.0,1.0,,,,,,,
94838,"Andre Luiz de Freitas Castro, Brazil",UTC,2019-12-05T22:15:00+00:00,1575584100,1575584100.0,1575587700.0,,Arena do Grêmio,Porto Alegre,Match Finished,FT,90.0,71,Serie A,Brazil,https://media.api-sports.io/football/leagues/71.png,https://media.api-sports.io/flags/br.svg,2019,Regular Season - 37,130,Gremio,https://media.api-sports.io/football/teams/130.png,True,135,Cruzeiro,https://media.api-sports.io/football/teams/135.png,False,2.0,0.0,0.0,0.0,2.0,0.0,,,,,,,
94836,"Jefferson Ferreira de Moraes, Brazil",UTC,2019-12-05T23:00:00+00:00,1575586800,1575586800.0,1575590400.0,,Estádio do Maracanã,Rio de Janeiro,Match Finished,FT,90.0,71,Serie A,Brazil,https://media.api-sports.io/football/leagues/71.png,https://media.api-sports.io/flags/br.svg,2019,Regular Season - 37,127,Flamengo,https://media.api-sports.io/football/teams/127.png,True,145,Avai,https://media.api-sports.io/football/teams/145.png,False,6.0,1.0,3.0,1.0,6.0,1.0,,,,,,,
94848,"Savio Pereira Sampaio, Brazil",UTC,2019-12-08T19:00:00+00:00,1575831600,1575831600.0,1575835200.0,,Estádio Beira Rio,Porto Alegre,Match Finished,FT,90.0,71,Serie A,Brazil,https://media.api-sports.io/football/leagues/71.png,https://media.api-sports.io/flags/br.svg,2019,Regular Season - 38,119,Internacional,https://media.api-sports.io/football/teams/119.png,True,1062,Atletico-MG,https://media.api-sports.io/football/teams/1062.png,False,2.0,1.0,0.0,1.0,2.0,1.0,,,,,,,
94842,"Luiz Flavio De Oliveira, Brazil",UTC,2019-12-08T19:00:00+00:00,1575831600,1575831600.0,1575835200.0,,Estadio Olimpico Nilton Santos,Rio de Janeiro,Match Finished,FT,90.0,71,Serie A,Brazil,https://media.api-sports.io/football/leagues/71.png,https://media.api-sports.io/flags/br.svg,2019,Regular Season - 38,120,Botafogo,https://media.api-sports.io/football/teams/120.png,,129,Ceara,https://media.api-sports.io/football/teams/129.png,,1.0,1.0,1.0,0.0,1.0,1.0,,,,,,,
94849,"Paulo Roberto Alves Junior, Brazil",UTC,2019-12-08T19:00:00+00:00,1575831600,1575831600.0,1575835200.0,,Urbano Caldeira,Santos,Match Finished,FT,90.0,71,Serie A,Brazil,https://media.api-sports.io/football/leagues/71.png,https://media.api-sports.io/flags/br.svg,2019,Regular Season - 38,128,Santos,https://media.api-sports.io/football/teams/128.png,True,127,Flamengo,https://media.api-sports.io/football/teams/127.png,False,4.0,0.0,2.0,0.0,4.0,0.0,,,,,,,
94843,"Rodrigo D'alonso Ferreira, Brazil",UTC,2019-12-08T19:00:00+00:00,1575831600,1575831600.0,1575835200.0,,Arena Corinthians,Sao Paulo,Match Finished,FT,90.0,71,Serie A,Brazil,https://media.api-sports.io/football/leagues/71.png,https://media.api-sports.io/flags/br.svg,2019,Regular Season - 38,131,Corinthians,https://media.api-sports.io/football/teams/131.png,False,124,Fluminense,https://media.api-sports.io/football/teams/124.png,True,1.0,2.0,0.0,2.0,1.0,2.0,,,,,,,
94850,"Pablo Ramon Goncalves Pinheiro, Brazil",UTC,2019-12-08T19:00:00+00:00,1575831600,1575831600.0,1575835200.0,,São Januário,Rio de Janeiro,Match Finished,FT,90.0,71,Serie A,Brazil,https://media.api-sports.io/football/leagues/71.png,https://media.api-sports.io/flags/br.svg,2019,Regular Season - 38,133,Vasco DA Gama,https://media.api-sports.io/football/teams/133.png,,132,Chapecoense-SC,https://media.api-sports.io/football/teams/132.png,,1.0,1.0,0.0,0.0,1.0,1.0,,,,,,,
94844,"Marcelo De Lima Henrique, Brazil",UTC,2019-12-08T19:00:00+00:00,1575831600,1575831600.0,1575835200.0,,Estádio Mineirão,Belo Horizonte,Match Finished,FT,90.0,71,Serie A,Brazil,https://media.api-sports.io/football/leagues/71.png,https://media.api-sports.io/flags/br.svg,2019,Regular Season - 38,135,Cruzeiro,https://media.api-sports.io/football/teams/135.png,False,121,Palmeiras,https://media.api-sports.io/football/teams/121.png,True,0.0,2.0,0.0,0.0,0.0,2.0,,,,,,,
94841,"Dyorgines Jose Padovani de Andrade, Brazil",UTC,2019-12-08T19:00:00+00:00,1575831600,1575831600.0,1575835200.0,,Estádio da Ressacada,Florianopolis,Match Finished,FT,90.0,71,Serie A,Brazil,https://media.api-sports.io/football/leagues/71.png,https://media.api-sports.io/flags/br.svg,2019,Regular Season - 38,145,Avai,https://media.api-sports.io/football/teams/145.png,,134,Atletico Paranaense,https://media.api-sports.io/football/teams/134.png,,0.0,0.0,0.0,0.0,0.0,0.0,,,,,,,
94845,"Alisson Sidnei Furtado, Brazil",UTC,2019-12-08T19:00:00+00:00,1575831600,1575831600.0,1575835200.0,,Estádio Rei Pelé,Maceio,Match Finished,FT,90.0,71,Serie A,Brazil,https://media.api-sports.io/football/leagues/71.png,https://media.api-sports.io/flags/br.svg,2019,Regular Season - 38,150,CSA,https://media.api-sports.io/football/teams/150.png,False,126,Sao Paulo,https://media.api-sports.io/football/teams/126.png,True,1.0,2.0,1.0,2.0,1.0,2.0,,,,,,,
94847,"Ricardo Marques Ribeiro, Brazil",UTC,2019-12-08T19:00:00+00:00,1575831600,1575831600.0,1575835200.0,,Serra Dourada,Goiania,Match Finished,FT,90.0,71,Serie A,Brazil,https://media.api-sports.io/football/leagues/71.png,https://media.api-sports.io/flags/br.svg,2019,Regular Season - 38,151,Goias,https://media.api-sports.io/football/teams/151.png,True,130,Gremio,https://media.api-sports.io/football/teams/130.png,False,3.0,2.0,2.0,2.0,3.0,2.0,,,,,,,
94846,"Wagner do Nascimento Magalhaes, Brazil",UTC,2019-12-08T19:00:00+00:00,1575831600,1575831600.0,1575835200.0,,Estadio Castelão,Fortaleza,Match Finished,FT,90.0,71,Serie A,Brazil,https://media.api-sports.io/football/leagues/71.png,https://media.api-sports.io/flags/br.svg,2019,Regular Season - 38,154,Fortaleza EC,https://media.api-sports.io/football/teams/154.png,True,118,Bahia,https://media.api-sports.io/football/teams/118.png,False,2.0,1.0,1.0,1.0,2.0,1.0,,,,,,,
